solid OpenSCAD_Model
  facet normal 0.0435533 -0.999051 0
    outer loop
      vertex 34.5 -27.5 0
      vertex 34.7615 -27.4886 38
      vertex 34.5 -27.5 38
    endloop
  endfacet
  facet normal 0.0435533 -0.999051 0
    outer loop
      vertex 34.7615 -27.4886 38
      vertex 34.5 -27.5 0
      vertex 34.7615 -27.4886 0
    endloop
  endfacet
  facet normal 0.382824 0.923821 -0
    outer loop
      vertex 35.7679 27.2189 0
      vertex 35.5261 27.3191 38
      vertex 35.7679 27.2189 38
    endloop
  endfacet
  facet normal 0.382824 0.923821 0
    outer loop
      vertex 35.5261 27.3191 38
      vertex 35.7679 27.2189 0
      vertex 35.5261 27.3191 0
    endloop
  endfacet
  facet normal 0 -1 0
    outer loop
      vertex -34.5 -27.5 0
      vertex 34.5 -27.5 38
      vertex -34.5 -27.5 38
    endloop
  endfacet
  facet normal 0 -1 -0
    outer loop
      vertex 34.5 -27.5 38
      vertex -34.5 -27.5 0
      vertex 34.5 -27.5 0
    endloop
  endfacet
  facet normal -0.843394 -0.537296 0
    outer loop
      vertex -36.9575 -26.2207 0
      vertex -37.0981 -26 38
      vertex -37.0981 -26 0
    endloop
  endfacet
  facet normal -0.843394 -0.537296 0
    outer loop
      vertex -37.0981 -26 38
      vertex -36.9575 -26.2207 0
      vertex -36.9575 -26.2207 38
    endloop
  endfacet
  facet normal -0.130662 -0.991427 0
    outer loop
      vertex -35.021 -27.4544 0
      vertex -34.7615 -27.4886 38
      vertex -35.021 -27.4544 38
    endloop
  endfacet
  facet normal -0.130662 -0.991427 -0
    outer loop
      vertex -34.7615 -27.4886 38
      vertex -35.021 -27.4544 0
      vertex -34.7615 -27.4886 0
    endloop
  endfacet
  facet normal -0.130662 0.991427 0
    outer loop
      vertex -34.7615 27.4886 0
      vertex -35.021 27.4544 38
      vertex -34.7615 27.4886 38
    endloop
  endfacet
  facet normal -0.130662 0.991427 0
    outer loop
      vertex -35.021 27.4544 38
      vertex -34.7615 27.4886 0
      vertex -35.021 27.4544 0
    endloop
  endfacet
  facet normal -0.537296 0.843394 0
    outer loop
      vertex -36 27.0981 0
      vertex -36.2207 26.9575 38
      vertex -36 27.0981 38
    endloop
  endfacet
  facet normal -0.537296 0.843394 0
    outer loop
      vertex -36.2207 26.9575 38
      vertex -36 27.0981 0
      vertex -36.2207 26.9575 0
    endloop
  endfacet
  facet normal 0.608824 0.793305 -0
    outer loop
      vertex 36.4284 26.7981 0
      vertex 36.2207 26.9575 38
      vertex 36.4284 26.7981 38
    endloop
  endfacet
  facet normal 0.608824 0.793305 0
    outer loop
      vertex 36.2207 26.9575 38
      vertex 36.4284 26.7981 0
      vertex 36.2207 26.9575 0
    endloop
  endfacet
  facet normal -0.999051 0.0435533 0
    outer loop
      vertex -37.5 24.5 0
      vertex -37.4886 24.7615 38
      vertex -37.4886 24.7615 0
    endloop
  endfacet
  facet normal -0.999051 0.0435533 0
    outer loop
      vertex -37.4886 24.7615 38
      vertex -37.5 24.5 0
      vertex -37.5 24.5 38
    endloop
  endfacet
  facet normal 0.300711 -0.953715 0
    outer loop
      vertex 35.2765 -27.3978 0
      vertex 35.5261 -27.3191 38
      vertex 35.2765 -27.3978 38
    endloop
  endfacet
  facet normal 0.300711 -0.953715 0
    outer loop
      vertex 35.5261 -27.3191 38
      vertex 35.2765 -27.3978 0
      vertex 35.5261 -27.3191 0
    endloop
  endfacet
  facet normal 0 1 0
    outer loop
      vertex 34.5 27.5 38
      vertex 0 27.5 22.1
      vertex -34.5 27.5 38
    endloop
  endfacet
  facet normal 0 1 0
    outer loop
      vertex 34.5 27.5 38
      vertex 0.270183 27.5 22.0882
      vertex 0 27.5 22.1
    endloop
  endfacet
  facet normal 0 1 0
    outer loop
      vertex 34.5 27.5 38
      vertex 0.538309 27.5 22.0529
      vertex 0.270183 27.5 22.0882
    endloop
  endfacet
  facet normal 0 1 0
    outer loop
      vertex 34.5 27.5 38
      vertex 0.802339 27.5 21.9944
      vertex 0.538309 27.5 22.0529
    endloop
  endfacet
  facet normal 0 1 0
    outer loop
      vertex 34.5 27.5 38
      vertex 1.06026 27.5 21.913
      vertex 0.802339 27.5 21.9944
    endloop
  endfacet
  facet normal 0 1 0
    outer loop
      vertex 34.5 27.5 38
      vertex 1.31012 27.5 21.8096
      vertex 1.06026 27.5 21.913
    endloop
  endfacet
  facet normal 0 1 0
    outer loop
      vertex 34.5 27.5 38
      vertex 1.55 27.5 21.6847
      vertex 1.31012 27.5 21.8096
    endloop
  endfacet
  facet normal 0 1 0
    outer loop
      vertex 34.5 27.5 38
      vertex 1.77809 27.5 21.5394
      vertex 1.55 27.5 21.6847
    endloop
  endfacet
  facet normal 0 1 0
    outer loop
      vertex 34.5 27.5 38
      vertex 1.99264 27.5 21.3747
      vertex 1.77809 27.5 21.5394
    endloop
  endfacet
  facet normal 0 1 0
    outer loop
      vertex 34.5 27.5 38
      vertex 2.19203 27.5 21.192
      vertex 1.99264 27.5 21.3747
    endloop
  endfacet
  facet normal 0 1 0
    outer loop
      vertex 34.5 27.5 38
      vertex 2.37474 27.5 20.9926
      vertex 2.19203 27.5 21.192
    endloop
  endfacet
  facet normal 0 1 0
    outer loop
      vertex 34.5 27.5 38
      vertex 2.53937 27.5 20.7781
      vertex 2.37474 27.5 20.9926
    endloop
  endfacet
  facet normal 0 1 0
    outer loop
      vertex 34.5 27.5 38
      vertex 2.68468 27.5 20.55
      vertex 2.53937 27.5 20.7781
    endloop
  endfacet
  facet normal 0 1 0
    outer loop
      vertex 34.5 27.5 38
      vertex 2.80955 27.5 20.3101
      vertex 2.68468 27.5 20.55
    endloop
  endfacet
  facet normal 0 1 0
    outer loop
      vertex 34.5 27.5 38
      vertex 2.91305 27.5 20.0603
      vertex 2.80955 27.5 20.3101
    endloop
  endfacet
  facet normal 0 1 0
    outer loop
      vertex 34.5 27.5 38
      vertex 2.99437 27.5 19.8023
      vertex 2.91305 27.5 20.0603
    endloop
  endfacet
  facet normal 0 1 0
    outer loop
      vertex 34.5 27.5 38
      vertex 3.0529 27.5 19.5383
      vertex 2.99437 27.5 19.8023
    endloop
  endfacet
  facet normal 0 1 0
    outer loop
      vertex 34.5 27.5 38
      vertex 3.0882 27.5 19.2702
      vertex 3.0529 27.5 19.5383
    endloop
  endfacet
  facet normal 0 1 0
    outer loop
      vertex 34.5 27.5 38
      vertex 3.1 27.5 19
      vertex 3.0882 27.5 19.2702
    endloop
  endfacet
  facet normal 0 1 -0
    outer loop
      vertex 34.5 27.5 0
      vertex 3.1 27.5 19
      vertex 34.5 27.5 38
    endloop
  endfacet
  facet normal 0 1 0
    outer loop
      vertex 3.1 27.5 19
      vertex 34.5 27.5 0
      vertex 3.0882 27.5 18.7298
    endloop
  endfacet
  facet normal 0 1 0
    outer loop
      vertex 3.0882 27.5 18.7298
      vertex 34.5 27.5 0
      vertex 3.0529 27.5 18.4617
    endloop
  endfacet
  facet normal 0 1 0
    outer loop
      vertex 3.0529 27.5 18.4617
      vertex 34.5 27.5 0
      vertex 2.99437 27.5 18.1977
    endloop
  endfacet
  facet normal 0 1 0
    outer loop
      vertex 2.99437 27.5 18.1977
      vertex 34.5 27.5 0
      vertex 2.91305 27.5 17.9397
    endloop
  endfacet
  facet normal 0 1 0
    outer loop
      vertex 2.91305 27.5 17.9397
      vertex 34.5 27.5 0
      vertex 2.80955 27.5 17.6899
    endloop
  endfacet
  facet normal 0 1 0
    outer loop
      vertex 2.80955 27.5 17.6899
      vertex 34.5 27.5 0
      vertex 2.68468 27.5 17.45
    endloop
  endfacet
  facet normal 0 1 0
    outer loop
      vertex 2.68468 27.5 17.45
      vertex 34.5 27.5 0
      vertex 2.53937 27.5 17.2219
    endloop
  endfacet
  facet normal 0 1 0
    outer loop
      vertex 2.53937 27.5 17.2219
      vertex 34.5 27.5 0
      vertex 2.37474 27.5 17.0074
    endloop
  endfacet
  facet normal 0 1 0
    outer loop
      vertex 2.37474 27.5 17.0074
      vertex 34.5 27.5 0
      vertex 2.19203 27.5 16.808
    endloop
  endfacet
  facet normal 0 1 0
    outer loop
      vertex 2.19203 27.5 16.808
      vertex 34.5 27.5 0
      vertex 1.99264 27.5 16.6253
    endloop
  endfacet
  facet normal 0 1 0
    outer loop
      vertex 0.270183 27.5 15.9118
      vertex 34.5 27.5 0
      vertex 0 27.5 15.9
    endloop
  endfacet
  facet normal 0 1 0
    outer loop
      vertex 0.538309 27.5 15.9471
      vertex 34.5 27.5 0
      vertex 0.270183 27.5 15.9118
    endloop
  endfacet
  facet normal 0 1 0
    outer loop
      vertex 0.802339 27.5 16.0056
      vertex 34.5 27.5 0
      vertex 0.538309 27.5 15.9471
    endloop
  endfacet
  facet normal 0 1 0
    outer loop
      vertex 1.06026 27.5 16.087
      vertex 34.5 27.5 0
      vertex 0.802339 27.5 16.0056
    endloop
  endfacet
  facet normal 0 1 0
    outer loop
      vertex 1.31012 27.5 16.1904
      vertex 34.5 27.5 0
      vertex 1.06026 27.5 16.087
    endloop
  endfacet
  facet normal 0 1 0
    outer loop
      vertex 1.55 27.5 16.3153
      vertex 34.5 27.5 0
      vertex 1.31012 27.5 16.1904
    endloop
  endfacet
  facet normal 0 1 0
    outer loop
      vertex 1.77809 27.5 16.4606
      vertex 34.5 27.5 0
      vertex 1.55 27.5 16.3153
    endloop
  endfacet
  facet normal 0 1 0
    outer loop
      vertex 1.99264 27.5 16.6253
      vertex 34.5 27.5 0
      vertex 1.77809 27.5 16.4606
    endloop
  endfacet
  facet normal 0 1 -0
    outer loop
      vertex -0.270183 27.5 22.0882
      vertex -34.5 27.5 38
      vertex 0 27.5 22.1
    endloop
  endfacet
  facet normal 0 1 -0
    outer loop
      vertex -0.538309 27.5 22.0529
      vertex -34.5 27.5 38
      vertex -0.270183 27.5 22.0882
    endloop
  endfacet
  facet normal 0 1 -0
    outer loop
      vertex -0.802339 27.5 21.9944
      vertex -34.5 27.5 38
      vertex -0.538309 27.5 22.0529
    endloop
  endfacet
  facet normal 0 1 -0
    outer loop
      vertex -1.06026 27.5 21.913
      vertex -34.5 27.5 38
      vertex -0.802339 27.5 21.9944
    endloop
  endfacet
  facet normal 0 1 -0
    outer loop
      vertex -1.31012 27.5 21.8096
      vertex -34.5 27.5 38
      vertex -1.06026 27.5 21.913
    endloop
  endfacet
  facet normal 0 1 -0
    outer loop
      vertex -1.55 27.5 21.6847
      vertex -34.5 27.5 38
      vertex -1.31012 27.5 21.8096
    endloop
  endfacet
  facet normal 0 1 -0
    outer loop
      vertex -1.77809 27.5 21.5394
      vertex -34.5 27.5 38
      vertex -1.55 27.5 21.6847
    endloop
  endfacet
  facet normal 0 1 -0
    outer loop
      vertex -1.99264 27.5 21.3747
      vertex -34.5 27.5 38
      vertex -1.77809 27.5 21.5394
    endloop
  endfacet
  facet normal 0 1 -0
    outer loop
      vertex -2.19203 27.5 21.192
      vertex -34.5 27.5 38
      vertex -1.99264 27.5 21.3747
    endloop
  endfacet
  facet normal 0 1 -0
    outer loop
      vertex -2.37474 27.5 20.9926
      vertex -34.5 27.5 38
      vertex -2.19203 27.5 21.192
    endloop
  endfacet
  facet normal 0 1 -0
    outer loop
      vertex -2.53937 27.5 20.7781
      vertex -34.5 27.5 38
      vertex -2.37474 27.5 20.9926
    endloop
  endfacet
  facet normal 0 1 -0
    outer loop
      vertex -2.68468 27.5 20.55
      vertex -34.5 27.5 38
      vertex -2.53937 27.5 20.7781
    endloop
  endfacet
  facet normal 0 1 -0
    outer loop
      vertex -2.80955 27.5 20.3101
      vertex -34.5 27.5 38
      vertex -2.68468 27.5 20.55
    endloop
  endfacet
  facet normal 0 1 -0
    outer loop
      vertex -2.91305 27.5 20.0603
      vertex -34.5 27.5 38
      vertex -2.80955 27.5 20.3101
    endloop
  endfacet
  facet normal 0 1 -0
    outer loop
      vertex -2.99437 27.5 19.8023
      vertex -34.5 27.5 38
      vertex -2.91305 27.5 20.0603
    endloop
  endfacet
  facet normal 0 1 -0
    outer loop
      vertex -3.0529 27.5 19.5383
      vertex -34.5 27.5 38
      vertex -2.99437 27.5 19.8023
    endloop
  endfacet
  facet normal 0 1 -0
    outer loop
      vertex -3.0882 27.5 19.2702
      vertex -34.5 27.5 38
      vertex -3.0529 27.5 19.5383
    endloop
  endfacet
  facet normal 0 1 -0
    outer loop
      vertex -3.1 27.5 19
      vertex -34.5 27.5 38
      vertex -3.0882 27.5 19.2702
    endloop
  endfacet
  facet normal 0 1 0
    outer loop
      vertex -34.5 27.5 0
      vertex -3.1 27.5 19
      vertex -3.0882 27.5 18.7298
    endloop
  endfacet
  facet normal 0 1 0
    outer loop
      vertex -34.5 27.5 0
      vertex -3.0882 27.5 18.7298
      vertex -3.0529 27.5 18.4617
    endloop
  endfacet
  facet normal 0 1 0
    outer loop
      vertex -34.5 27.5 0
      vertex -3.0529 27.5 18.4617
      vertex -2.99437 27.5 18.1977
    endloop
  endfacet
  facet normal 0 1 0
    outer loop
      vertex -34.5 27.5 0
      vertex -2.99437 27.5 18.1977
      vertex -2.91305 27.5 17.9397
    endloop
  endfacet
  facet normal 0 1 0
    outer loop
      vertex -34.5 27.5 0
      vertex -2.91305 27.5 17.9397
      vertex -2.80955 27.5 17.6899
    endloop
  endfacet
  facet normal 0 1 0
    outer loop
      vertex -34.5 27.5 0
      vertex -2.80955 27.5 17.6899
      vertex -2.68468 27.5 17.45
    endloop
  endfacet
  facet normal 0 1 0
    outer loop
      vertex -34.5 27.5 0
      vertex -2.68468 27.5 17.45
      vertex -2.53937 27.5 17.2219
    endloop
  endfacet
  facet normal 0 1 0
    outer loop
      vertex -34.5 27.5 0
      vertex -2.53937 27.5 17.2219
      vertex -2.37474 27.5 17.0074
    endloop
  endfacet
  facet normal 0 1 0
    outer loop
      vertex -34.5 27.5 0
      vertex -2.37474 27.5 17.0074
      vertex -2.19203 27.5 16.808
    endloop
  endfacet
  facet normal 0 1 0
    outer loop
      vertex -34.5 27.5 0
      vertex -2.19203 27.5 16.808
      vertex -1.99264 27.5 16.6253
    endloop
  endfacet
  facet normal 0 1 0
    outer loop
      vertex -34.5 27.5 0
      vertex -1.99264 27.5 16.6253
      vertex -1.77809 27.5 16.4606
    endloop
  endfacet
  facet normal 0 1 0
    outer loop
      vertex -34.5 27.5 0
      vertex 0 27.5 15.9
      vertex 34.5 27.5 0
    endloop
  endfacet
  facet normal 0 1 0
    outer loop
      vertex 0 27.5 15.9
      vertex -34.5 27.5 0
      vertex -0.270183 27.5 15.9118
    endloop
  endfacet
  facet normal 0 1 0
    outer loop
      vertex -0.270183 27.5 15.9118
      vertex -34.5 27.5 0
      vertex -0.538309 27.5 15.9471
    endloop
  endfacet
  facet normal 0 1 0
    outer loop
      vertex -0.538309 27.5 15.9471
      vertex -34.5 27.5 0
      vertex -0.802339 27.5 16.0056
    endloop
  endfacet
  facet normal 0 1 0
    outer loop
      vertex -0.802339 27.5 16.0056
      vertex -34.5 27.5 0
      vertex -1.06026 27.5 16.087
    endloop
  endfacet
  facet normal 0 1 0
    outer loop
      vertex -3.1 27.5 19
      vertex -34.5 27.5 0
      vertex -34.5 27.5 38
    endloop
  endfacet
  facet normal 0 1 0
    outer loop
      vertex -1.55 27.5 16.3153
      vertex -34.5 27.5 0
      vertex -1.77809 27.5 16.4606
    endloop
  endfacet
  facet normal 0 1 0
    outer loop
      vertex -1.31012 27.5 16.1904
      vertex -34.5 27.5 0
      vertex -1.55 27.5 16.3153
    endloop
  endfacet
  facet normal 0 1 0
    outer loop
      vertex -1.06026 27.5 16.087
      vertex -34.5 27.5 0
      vertex -1.31012 27.5 16.1904
    endloop
  endfacet
  facet normal 0.991427 -0.130662 0
    outer loop
      vertex 37.4544 -25.021 38
      vertex 37.4886 -24.7615 0
      vertex 37.4886 -24.7615 38
    endloop
  endfacet
  facet normal 0.991427 -0.130662 0
    outer loop
      vertex 37.4886 -24.7615 0
      vertex 37.4544 -25.021 38
      vertex 37.4544 -25.021 0
    endloop
  endfacet
  facet normal -0.0435533 0.999051 0
    outer loop
      vertex -34.5 27.5 0
      vertex -34.7615 27.4886 38
      vertex -34.5 27.5 38
    endloop
  endfacet
  facet normal -0.0435533 0.999051 0
    outer loop
      vertex -34.7615 27.4886 38
      vertex -34.5 27.5 0
      vertex -34.7615 27.4886 0
    endloop
  endfacet
  facet normal -0.608824 -0.793305 0
    outer loop
      vertex -36.4284 -26.7981 0
      vertex -36.2207 -26.9575 38
      vertex -36.4284 -26.7981 38
    endloop
  endfacet
  facet normal -0.608824 -0.793305 -0
    outer loop
      vertex -36.2207 -26.9575 38
      vertex -36.4284 -26.7981 0
      vertex -36.2207 -26.9575 0
    endloop
  endfacet
  facet normal 0.537296 0.843394 -0
    outer loop
      vertex 36.2207 26.9575 0
      vertex 36 27.0981 38
      vertex 36.2207 26.9575 38
    endloop
  endfacet
  facet normal 0.537296 0.843394 0
    outer loop
      vertex 36 27.0981 38
      vertex 36.2207 26.9575 0
      vertex 36 27.0981 0
    endloop
  endfacet
  facet normal -1 0 0
    outer loop
      vertex -37.5 -4.05 26.0148
      vertex -37.5 -7.50628 28.0062
      vertex -37.5 -7.5 28.15
    endloop
  endfacet
  facet normal -1 0 0
    outer loop
      vertex -37.5 -7.0148 23.05
      vertex -37.5 -7.52507 27.8635
      vertex -37.5 -7.50628 28.0062
    endloop
  endfacet
  facet normal -1 0 0
    outer loop
      vertex -37.5 -7.0148 23.05
      vertex -37.5 -7.55622 27.7229
      vertex -37.5 -7.52507 27.8635
    endloop
  endfacet
  facet normal -1 0 0
    outer loop
      vertex -37.5 -7.0148 23.05
      vertex -37.5 -7.59951 27.5857
      vertex -37.5 -7.55622 27.7229
    endloop
  endfacet
  facet normal -1 0 0
    outer loop
      vertex -37.5 -9.57705 26.5562
      vertex -37.5 -7.34109 22.4232
      vertex -37.5 -7.61151 21.7704
    endloop
  endfacet
  facet normal -1 0 0
    outer loop
      vertex -37.5 -7.0148 23.05
      vertex -37.5 -7.65459 27.4527
      vertex -37.5 -7.59951 27.5857
    endloop
  endfacet
  facet normal -1 0 0
    outer loop
      vertex -37.5 -7.0148 23.05
      vertex -37.5 -7.72106 27.325
      vertex -37.5 -7.65459 27.4527
    endloop
  endfacet
  facet normal -1 0 0
    outer loop
      vertex -37.5 -7.0148 23.05
      vertex -37.5 -7.7984 27.2036
      vertex -37.5 -7.72106 27.325
    endloop
  endfacet
  facet normal -1 0 0
    outer loop
      vertex -37.5 -9.84732 26.6546
      vertex -37.5 -7.61151 21.7704
      vertex -37.5 -7.824 21.0964
    endloop
  endfacet
  facet normal -1 0 0
    outer loop
      vertex -37.5 -7.0148 23.05
      vertex -37.5 -7.88603 27.0894
      vertex -37.5 -7.7984 27.2036
    endloop
  endfacet
  facet normal -1 0 0
    outer loop
      vertex -37.5 -10.0964 26.7984
      vertex -37.5 -7.824 21.0964
      vertex -37.5 -7.97694 20.4065
    endloop
  endfacet
  facet normal -1 0 0
    outer loop
      vertex -37.5 -7.0148 23.05
      vertex -37.5 -7.98327 26.9833
      vertex -37.5 -7.88603 27.0894
    endloop
  endfacet
  facet normal -1 0 0
    outer loop
      vertex -37.5 -10.3167 26.9833
      vertex -37.5 -7.97694 20.4065
      vertex -37.5 -8.06918 19.706
    endloop
  endfacet
  facet normal -1 0 0
    outer loop
      vertex -37.5 -7.0148 23.05
      vertex -37.5 -8.0894 26.886
      vertex -37.5 -7.98327 26.9833
    endloop
  endfacet
  facet normal -1 0 0
    outer loop
      vertex -37.5 -10.5016 27.2036
      vertex -37.5 -8.06918 19.706
      vertex -37.5 -8.1 19
    endloop
  endfacet
  facet normal -1 0 0
    outer loop
      vertex -37.5 -9.15 11.5
      vertex -37.5 -7.0148 14.95
      vertex -37.5 -9.00619 11.4937
    endloop
  endfacet
  facet normal -1 0 0
    outer loop
      vertex -37.5 -7.0148 23.05
      vertex -37.5 -8.2036 26.7984
      vertex -37.5 -8.0894 26.886
    endloop
  endfacet
  facet normal -1 0 0
    outer loop
      vertex -37.5 -9.29381 11.4937
      vertex -37.5 -7.0148 14.95
      vertex -37.5 -9.15 11.5
    endloop
  endfacet
  facet normal -1 0 0
    outer loop
      vertex -37.5 -7.0148 23.05
      vertex -37.5 -8.325 26.7211
      vertex -37.5 -8.2036 26.7984
    endloop
  endfacet
  facet normal -1 -0 0
    outer loop
      vertex -37.5 -7.0148 14.95
      vertex -37.5 -9.29381 11.4937
      vertex -37.5 -7.34109 15.5768
    endloop
  endfacet
  facet normal -1 0 0
    outer loop
      vertex -37.5 -7.0148 23.05
      vertex -37.5 -8.45268 26.6546
      vertex -37.5 -8.325 26.7211
    endloop
  endfacet
  facet normal -1 0 0
    outer loop
      vertex -37.5 -9.43652 11.4749
      vertex -37.5 -7.34109 15.5768
      vertex -37.5 -9.29381 11.4937
    endloop
  endfacet
  facet normal -1 0 0
    outer loop
      vertex -37.5 -7.0148 23.05
      vertex -37.5 -8.58567 26.5995
      vertex -37.5 -8.45268 26.6546
    endloop
  endfacet
  facet normal -1 0 0
    outer loop
      vertex -37.5 -9.57705 11.4438
      vertex -37.5 -7.34109 15.5768
      vertex -37.5 -9.43652 11.4749
    endloop
  endfacet
  facet normal -1 0 0
    outer loop
      vertex -37.5 -7.0148 23.05
      vertex -37.5 -8.72295 26.5562
      vertex -37.5 -8.58567 26.5995
    endloop
  endfacet
  facet normal -1 -0 0
    outer loop
      vertex -37.5 -7.34109 15.5768
      vertex -37.5 -9.57705 11.4438
      vertex -37.5 -7.61151 16.2296
    endloop
  endfacet
  facet normal -1 0 0
    outer loop
      vertex -37.5 -7.0148 23.05
      vertex -37.5 -8.86348 26.5251
      vertex -37.5 -8.72295 26.5562
    endloop
  endfacet
  facet normal -1 0 0
    outer loop
      vertex -37.5 -9.71433 11.4005
      vertex -37.5 -7.61151 16.2296
      vertex -37.5 -9.57705 11.4438
    endloop
  endfacet
  facet normal -1 0 0
    outer loop
      vertex -37.5 -7.0148 23.05
      vertex -37.5 -9.00619 26.5063
      vertex -37.5 -8.86348 26.5251
    endloop
  endfacet
  facet normal -1 0 0
    outer loop
      vertex -37.5 -9.84732 11.3454
      vertex -37.5 -7.61151 16.2296
      vertex -37.5 -9.71433 11.4005
    endloop
  endfacet
  facet normal -1 0 0
    outer loop
      vertex -37.5 -7.0148 23.05
      vertex -37.5 -9.15 26.5
      vertex -37.5 -9.00619 26.5063
    endloop
  endfacet
  facet normal -1 -0 0
    outer loop
      vertex -37.5 -7.61151 16.2296
      vertex -37.5 -9.84732 11.3454
      vertex -37.5 -7.824 16.9036
    endloop
  endfacet
  facet normal -1 0 0
    outer loop
      vertex -37.5 -7.0148 23.05
      vertex -37.5 -9.29381 26.5063
      vertex -37.5 -9.15 26.5
    endloop
  endfacet
  facet normal -1 0 0
    outer loop
      vertex -37.5 -9.975 11.2789
      vertex -37.5 -7.824 16.9036
      vertex -37.5 -9.84732 11.3454
    endloop
  endfacet
  facet normal -1 0 0
    outer loop
      vertex -37.5 -7.34109 22.4232
      vertex -37.5 -9.43652 26.5251
      vertex -37.5 -9.29381 26.5063
    endloop
  endfacet
  facet normal -1 0 0
    outer loop
      vertex -37.5 -10.0964 11.2016
      vertex -37.5 -7.824 16.9036
      vertex -37.5 -9.975 11.2789
    endloop
  endfacet
  facet normal -1 0 0
    outer loop
      vertex -37.5 -7.34109 22.4232
      vertex -37.5 -9.57705 26.5562
      vertex -37.5 -9.43652 26.5251
    endloop
  endfacet
  facet normal -1 -0 0
    outer loop
      vertex -37.5 -7.824 16.9036
      vertex -37.5 -10.0964 11.2016
      vertex -37.5 -7.97694 17.5935
    endloop
  endfacet
  facet normal -1 0 0
    outer loop
      vertex -37.5 -7.61151 21.7704
      vertex -37.5 -9.71433 26.5995
      vertex -37.5 -9.57705 26.5562
    endloop
  endfacet
  facet normal -1 0 0
    outer loop
      vertex -37.5 -10.2106 11.114
      vertex -37.5 -7.97694 17.5935
      vertex -37.5 -10.0964 11.2016
    endloop
  endfacet
  facet normal -1 0 0
    outer loop
      vertex -37.5 -7.61151 21.7704
      vertex -37.5 -9.84732 26.6546
      vertex -37.5 -9.71433 26.5995
    endloop
  endfacet
  facet normal -1 0 0
    outer loop
      vertex -37.5 -10.3167 11.0167
      vertex -37.5 -7.97694 17.5935
      vertex -37.5 -10.2106 11.114
    endloop
  endfacet
  facet normal -1 0 0
    outer loop
      vertex -37.5 -7.824 21.0964
      vertex -37.5 -9.975 26.7211
      vertex -37.5 -9.84732 26.6546
    endloop
  endfacet
  facet normal -1 -0 0
    outer loop
      vertex -37.5 -7.97694 17.5935
      vertex -37.5 -10.3167 11.0167
      vertex -37.5 -8.06918 18.294
    endloop
  endfacet
  facet normal -1 0 0
    outer loop
      vertex -37.5 -7.824 21.0964
      vertex -37.5 -10.0964 26.7984
      vertex -37.5 -9.975 26.7211
    endloop
  endfacet
  facet normal -1 0 0
    outer loop
      vertex -37.5 -10.414 10.9106
      vertex -37.5 -8.06918 18.294
      vertex -37.5 -10.3167 11.0167
    endloop
  endfacet
  facet normal -1 0 0
    outer loop
      vertex -37.5 -7.97694 20.4065
      vertex -37.5 -10.2106 26.886
      vertex -37.5 -10.0964 26.7984
    endloop
  endfacet
  facet normal -1 0 0
    outer loop
      vertex -37.5 -10.5016 10.7964
      vertex -37.5 -8.06918 18.294
      vertex -37.5 -10.414 10.9106
    endloop
  endfacet
  facet normal -1 0 0
    outer loop
      vertex -37.5 -7.97694 20.4065
      vertex -37.5 -10.3167 26.9833
      vertex -37.5 -10.2106 26.886
    endloop
  endfacet
  facet normal -1 -0 0
    outer loop
      vertex -37.5 -8.06918 18.294
      vertex -37.5 -10.5016 10.7964
      vertex -37.5 -8.1 19
    endloop
  endfacet
  facet normal -1 0 0
    outer loop
      vertex -37.5 -8.06918 19.706
      vertex -37.5 -10.414 27.0894
      vertex -37.5 -10.3167 26.9833
    endloop
  endfacet
  facet normal -1 0 0
    outer loop
      vertex -37.5 -10.5016 27.2036
      vertex -37.5 -8.1 19
      vertex -37.5 -10.5016 10.7964
    endloop
  endfacet
  facet normal -1 0 0
    outer loop
      vertex -37.5 -8.06918 19.706
      vertex -37.5 -10.5016 27.2036
      vertex -37.5 -10.414 27.0894
    endloop
  endfacet
  facet normal -1 0 0
    outer loop
      vertex -37.5 -10.5789 10.675
      vertex -37.5 -10.5016 27.2036
      vertex -37.5 -10.5016 10.7964
    endloop
  endfacet
  facet normal -1 0 0
    outer loop
      vertex -37.5 -10.5789 10.675
      vertex -37.5 -10.5789 27.325
      vertex -37.5 -10.5016 27.2036
    endloop
  endfacet
  facet normal -1 0 0
    outer loop
      vertex -37.5 -10.6454 10.5473
      vertex -37.5 -10.5789 27.325
      vertex -37.5 -10.5789 10.675
    endloop
  endfacet
  facet normal -1 0 0
    outer loop
      vertex -37.5 -10.6454 10.5473
      vertex -37.5 -10.6454 27.4527
      vertex -37.5 -10.5789 27.325
    endloop
  endfacet
  facet normal -1 0 0
    outer loop
      vertex -37.5 -24.5 0
      vertex -37.5 -10.6454 10.5473
      vertex -37.5 -10.7005 10.4143
    endloop
  endfacet
  facet normal -1 -0 0
    outer loop
      vertex -37.5 -10.6454 10.5473
      vertex -37.5 -24.5 0
      vertex -37.5 -10.6454 27.4527
    endloop
  endfacet
  facet normal -1 0 0
    outer loop
      vertex -37.5 -24.5 0
      vertex -37.5 -10.7005 10.4143
      vertex -37.5 -10.7438 10.2771
    endloop
  endfacet
  facet normal -1 0 0
    outer loop
      vertex -37.5 -24.5 38
      vertex -37.5 -10.6454 27.4527
      vertex -37.5 -24.5 0
    endloop
  endfacet
  facet normal -1 0 0
    outer loop
      vertex -37.5 -24.5 0
      vertex -37.5 -10.7438 10.2771
      vertex -37.5 -10.7749 10.1365
    endloop
  endfacet
  facet normal -1 0 0
    outer loop
      vertex -37.5 -10.6454 27.4527
      vertex -37.5 -24.5 38
      vertex -37.5 -10.7005 27.5857
    endloop
  endfacet
  facet normal -1 0 0
    outer loop
      vertex -37.5 -24.5 0
      vertex -37.5 -10.7749 10.1365
      vertex -37.5 -10.7937 9.99381
    endloop
  endfacet
  facet normal -1 0 0
    outer loop
      vertex -37.5 -10.7005 27.5857
      vertex -37.5 -24.5 38
      vertex -37.5 -10.7438 27.7229
    endloop
  endfacet
  facet normal -1 0 0
    outer loop
      vertex -37.5 -24.5 0
      vertex -37.5 -10.7937 9.99381
      vertex -37.5 -10.8 9.85
    endloop
  endfacet
  facet normal -1 0 0
    outer loop
      vertex -37.5 -10.7438 27.7229
      vertex -37.5 -24.5 38
      vertex -37.5 -10.7749 27.8635
    endloop
  endfacet
  facet normal -1 0 0
    outer loop
      vertex -37.5 -7.72106 10.675
      vertex -37.5 -5.20658 12.795
      vertex -37.5 -7.65459 10.5473
    endloop
  endfacet
  facet normal -1 0 0
    outer loop
      vertex -37.5 -7.7984 10.7964
      vertex -37.5 -5.20658 12.795
      vertex -37.5 -7.72106 10.675
    endloop
  endfacet
  facet normal -1 -0 0
    outer loop
      vertex -37.5 -5.20658 12.795
      vertex -37.5 -7.7984 10.7964
      vertex -37.5 -5.72756 13.2724
    endloop
  endfacet
  facet normal -1 0 0
    outer loop
      vertex -37.5 -7.88603 10.9106
      vertex -37.5 -5.72756 13.2724
      vertex -37.5 -7.7984 10.7964
    endloop
  endfacet
  facet normal -1 0 0
    outer loop
      vertex -37.5 -7.98327 11.0167
      vertex -37.5 -5.72756 13.2724
      vertex -37.5 -7.88603 10.9106
    endloop
  endfacet
  facet normal -1 0 0
    outer loop
      vertex -37.5 -8.0894 11.114
      vertex -37.5 -5.72756 13.2724
      vertex -37.5 -7.98327 11.0167
    endloop
  endfacet
  facet normal -1 -0 0
    outer loop
      vertex -37.5 -5.72756 13.2724
      vertex -37.5 -8.0894 11.114
      vertex -37.5 -6.20496 13.7934
    endloop
  endfacet
  facet normal -1 0 0
    outer loop
      vertex -37.5 -8.2036 11.2016
      vertex -37.5 -6.20496 13.7934
      vertex -37.5 -8.0894 11.114
    endloop
  endfacet
  facet normal -1 0 0
    outer loop
      vertex -37.5 -8.325 11.2789
      vertex -37.5 -6.20496 13.7934
      vertex -37.5 -8.2036 11.2016
    endloop
  endfacet
  facet normal -1 0 0
    outer loop
      vertex -37.5 -8.45268 11.3454
      vertex -37.5 -6.20496 13.7934
      vertex -37.5 -8.325 11.2789
    endloop
  endfacet
  facet normal -1 -0 0
    outer loop
      vertex -37.5 -6.20496 13.7934
      vertex -37.5 -8.45268 11.3454
      vertex -37.5 -6.63513 14.354
    endloop
  endfacet
  facet normal -1 0 0
    outer loop
      vertex -37.5 -8.58567 11.4005
      vertex -37.5 -6.63513 14.354
      vertex -37.5 -8.45268 11.3454
    endloop
  endfacet
  facet normal -1 0 0
    outer loop
      vertex -37.5 -8.72295 11.4438
      vertex -37.5 -6.63513 14.354
      vertex -37.5 -8.58567 11.4005
    endloop
  endfacet
  facet normal -1 0 0
    outer loop
      vertex -37.5 -8.86348 11.4749
      vertex -37.5 -6.63513 14.354
      vertex -37.5 -8.72295 11.4438
    endloop
  endfacet
  facet normal -1 -0 0
    outer loop
      vertex -37.5 -6.63513 14.354
      vertex -37.5 -8.86348 11.4749
      vertex -37.5 -7.0148 14.95
    endloop
  endfacet
  facet normal -1 0 0
    outer loop
      vertex -37.5 -9.00619 11.4937
      vertex -37.5 -7.0148 14.95
      vertex -37.5 -8.86348 11.4749
    endloop
  endfacet
  facet normal -1 0 0
    outer loop
      vertex -37.5 10.7438 10.2771
      vertex -37.5 24.5 0
      vertex -37.5 10.7749 10.1365
    endloop
  endfacet
  facet normal -1 0 0
    outer loop
      vertex -37.5 24.5 38
      vertex -37.5 10.7937 28.0062
      vertex -37.5 10.8 28.15
    endloop
  endfacet
  facet normal -1 0 0
    outer loop
      vertex -37.5 10.7005 10.4143
      vertex -37.5 24.5 0
      vertex -37.5 10.7438 10.2771
    endloop
  endfacet
  facet normal -1 0 0
    outer loop
      vertex -37.5 24.5 38
      vertex -37.5 10.7749 27.8635
      vertex -37.5 10.7937 28.0062
    endloop
  endfacet
  facet normal -1 0 0
    outer loop
      vertex -37.5 10.6454 10.5473
      vertex -37.5 24.5 0
      vertex -37.5 10.7005 10.4143
    endloop
  endfacet
  facet normal -1 0 0
    outer loop
      vertex -37.5 24.5 38
      vertex -37.5 10.7438 27.7229
      vertex -37.5 10.7749 27.8635
    endloop
  endfacet
  facet normal -1 0 0
    outer loop
      vertex -37.5 24.5 0
      vertex -37.5 10.6454 10.5473
      vertex -37.5 24.5 38
    endloop
  endfacet
  facet normal -1 0 0
    outer loop
      vertex -37.5 24.5 38
      vertex -37.5 10.7005 27.5857
      vertex -37.5 10.7438 27.7229
    endloop
  endfacet
  facet normal -1 0 0
    outer loop
      vertex -37.5 10.6454 27.4527
      vertex -37.5 24.5 38
      vertex -37.5 10.6454 10.5473
    endloop
  endfacet
  facet normal -1 0 0
    outer loop
      vertex -37.5 24.5 38
      vertex -37.5 10.6454 27.4527
      vertex -37.5 10.7005 27.5857
    endloop
  endfacet
  facet normal -1 0 0
    outer loop
      vertex -37.5 10.5789 10.675
      vertex -37.5 10.6454 27.4527
      vertex -37.5 10.6454 10.5473
    endloop
  endfacet
  facet normal -1 0 0
    outer loop
      vertex -37.5 10.5789 10.675
      vertex -37.5 10.5789 27.325
      vertex -37.5 10.6454 27.4527
    endloop
  endfacet
  facet normal -1 0 0
    outer loop
      vertex -37.5 10.5016 10.7964
      vertex -37.5 10.5789 27.325
      vertex -37.5 10.5789 10.675
    endloop
  endfacet
  facet normal -1 0 0
    outer loop
      vertex -37.5 10.5016 10.7964
      vertex -37.5 10.5016 27.2036
      vertex -37.5 10.5789 27.325
    endloop
  endfacet
  facet normal -1 0 0
    outer loop
      vertex -37.5 8.06918 18.294
      vertex -37.5 10.5016 10.7964
      vertex -37.5 10.414 10.9106
    endloop
  endfacet
  facet normal -1 0 0
    outer loop
      vertex -37.5 10.5016 10.7964
      vertex -37.5 8.1 19
      vertex -37.5 10.5016 27.2036
    endloop
  endfacet
  facet normal -1 0 0
    outer loop
      vertex -37.5 8.06918 18.294
      vertex -37.5 10.414 10.9106
      vertex -37.5 10.3167 11.0167
    endloop
  endfacet
  facet normal -1 0 0
    outer loop
      vertex -37.5 8.06918 19.706
      vertex -37.5 10.5016 27.2036
      vertex -37.5 8.1 19
    endloop
  endfacet
  facet normal -1 0 0
    outer loop
      vertex -37.5 7.97694 17.5935
      vertex -37.5 10.3167 11.0167
      vertex -37.5 10.2106 11.114
    endloop
  endfacet
  facet normal -1 0 0
    outer loop
      vertex -37.5 10.5016 27.2036
      vertex -37.5 8.06918 19.706
      vertex -37.5 10.414 27.0894
    endloop
  endfacet
  facet normal -1 0 0
    outer loop
      vertex -37.5 7.97694 17.5935
      vertex -37.5 10.2106 11.114
      vertex -37.5 10.0964 11.2016
    endloop
  endfacet
  facet normal -1 0 0
    outer loop
      vertex -37.5 10.414 27.0894
      vertex -37.5 8.06918 19.706
      vertex -37.5 10.3167 26.9833
    endloop
  endfacet
  facet normal -1 0 0
    outer loop
      vertex -37.5 7.824 16.9036
      vertex -37.5 10.0964 11.2016
      vertex -37.5 9.975 11.2789
    endloop
  endfacet
  facet normal -1 0 0
    outer loop
      vertex -37.5 7.97694 20.4065
      vertex -37.5 10.3167 26.9833
      vertex -37.5 8.06918 19.706
    endloop
  endfacet
  facet normal -1 0 0
    outer loop
      vertex -37.5 7.824 16.9036
      vertex -37.5 9.975 11.2789
      vertex -37.5 9.84732 11.3454
    endloop
  endfacet
  facet normal -1 0 0
    outer loop
      vertex -37.5 10.3167 26.9833
      vertex -37.5 7.97694 20.4065
      vertex -37.5 10.2106 26.886
    endloop
  endfacet
  facet normal -1 0 0
    outer loop
      vertex -37.5 7.61151 16.2296
      vertex -37.5 9.84732 11.3454
      vertex -37.5 9.71433 11.4005
    endloop
  endfacet
  facet normal -1 0 0
    outer loop
      vertex -37.5 10.2106 26.886
      vertex -37.5 7.97694 20.4065
      vertex -37.5 10.0964 26.7984
    endloop
  endfacet
  facet normal -1 0 0
    outer loop
      vertex -37.5 7.61151 16.2296
      vertex -37.5 9.71433 11.4005
      vertex -37.5 9.57705 11.4438
    endloop
  endfacet
  facet normal -1 0 0
    outer loop
      vertex -37.5 7.824 21.0964
      vertex -37.5 10.0964 26.7984
      vertex -37.5 7.97694 20.4065
    endloop
  endfacet
  facet normal -1 0 0
    outer loop
      vertex -37.5 7.34109 15.5768
      vertex -37.5 9.57705 11.4438
      vertex -37.5 9.43652 11.4749
    endloop
  endfacet
  facet normal -1 0 0
    outer loop
      vertex -37.5 10.0964 26.7984
      vertex -37.5 7.824 21.0964
      vertex -37.5 9.975 26.7211
    endloop
  endfacet
  facet normal -1 0 0
    outer loop
      vertex -37.5 7.34109 15.5768
      vertex -37.5 9.43652 11.4749
      vertex -37.5 9.29381 11.4937
    endloop
  endfacet
  facet normal -1 0 0
    outer loop
      vertex -37.5 9.975 26.7211
      vertex -37.5 7.824 21.0964
      vertex -37.5 9.84732 26.6546
    endloop
  endfacet
  facet normal -1 0 0
    outer loop
      vertex -37.5 7.0148 14.95
      vertex -37.5 9.29381 11.4937
      vertex -37.5 9.15 11.5
    endloop
  endfacet
  facet normal -1 0 0
    outer loop
      vertex -37.5 7.61151 21.7704
      vertex -37.5 9.84732 26.6546
      vertex -37.5 7.824 21.0964
    endloop
  endfacet
  facet normal -1 0 0
    outer loop
      vertex -37.5 7.0148 14.95
      vertex -37.5 9.15 11.5
      vertex -37.5 9.00619 11.4937
    endloop
  endfacet
  facet normal -1 0 0
    outer loop
      vertex -37.5 9.84732 26.6546
      vertex -37.5 7.61151 21.7704
      vertex -37.5 9.71433 26.5995
    endloop
  endfacet
  facet normal -1 0 0
    outer loop
      vertex -37.5 7.0148 14.95
      vertex -37.5 9.00619 11.4937
      vertex -37.5 8.86348 11.4749
    endloop
  endfacet
  facet normal -1 0 0
    outer loop
      vertex -37.5 9.71433 26.5995
      vertex -37.5 7.61151 21.7704
      vertex -37.5 9.57705 26.5562
    endloop
  endfacet
  facet normal -1 0 0
    outer loop
      vertex -37.5 6.63513 14.354
      vertex -37.5 8.86348 11.4749
      vertex -37.5 8.72295 11.4438
    endloop
  endfacet
  facet normal -1 0 0
    outer loop
      vertex -37.5 7.34109 22.4232
      vertex -37.5 9.57705 26.5562
      vertex -37.5 7.61151 21.7704
    endloop
  endfacet
  facet normal -1 0 0
    outer loop
      vertex -37.5 6.63513 14.354
      vertex -37.5 8.72295 11.4438
      vertex -37.5 8.58567 11.4005
    endloop
  endfacet
  facet normal -1 0 0
    outer loop
      vertex -37.5 9.57705 26.5562
      vertex -37.5 7.34109 22.4232
      vertex -37.5 9.43652 26.5251
    endloop
  endfacet
  facet normal -1 0 0
    outer loop
      vertex -37.5 6.63513 14.354
      vertex -37.5 8.58567 11.4005
      vertex -37.5 8.45268 11.3454
    endloop
  endfacet
  facet normal -1 0 0
    outer loop
      vertex -37.5 9.43652 26.5251
      vertex -37.5 7.34109 22.4232
      vertex -37.5 9.29381 26.5063
    endloop
  endfacet
  facet normal -1 0 0
    outer loop
      vertex -37.5 6.20496 13.7934
      vertex -37.5 8.45268 11.3454
      vertex -37.5 8.325 11.2789
    endloop
  endfacet
  facet normal -1 0 0
    outer loop
      vertex -37.5 7.0148 23.05
      vertex -37.5 9.29381 26.5063
      vertex -37.5 7.34109 22.4232
    endloop
  endfacet
  facet normal -1 0 0
    outer loop
      vertex -37.5 6.20496 13.7934
      vertex -37.5 8.325 11.2789
      vertex -37.5 8.2036 11.2016
    endloop
  endfacet
  facet normal -1 0 0
    outer loop
      vertex -37.5 9.29381 26.5063
      vertex -37.5 7.0148 23.05
      vertex -37.5 9.15 26.5
    endloop
  endfacet
  facet normal -1 -0 0
    outer loop
      vertex -37.5 9.15 26.5
      vertex -37.5 7.0148 23.05
      vertex -37.5 9.00619 26.5063
    endloop
  endfacet
  facet normal -1 0 0
    outer loop
      vertex -37.5 6.20496 13.7934
      vertex -37.5 8.2036 11.2016
      vertex -37.5 8.0894 11.114
    endloop
  endfacet
  facet normal -1 0 0
    outer loop
      vertex -37.5 10.5016 10.7964
      vertex -37.5 8.06918 18.294
      vertex -37.5 8.1 19
    endloop
  endfacet
  facet normal -1 0 0
    outer loop
      vertex -37.5 5.72756 13.2724
      vertex -37.5 8.0894 11.114
      vertex -37.5 7.98327 11.0167
    endloop
  endfacet
  facet normal -1 0 0
    outer loop
      vertex -37.5 10.3167 11.0167
      vertex -37.5 7.97694 17.5935
      vertex -37.5 8.06918 18.294
    endloop
  endfacet
  facet normal -1 0 0
    outer loop
      vertex -37.5 5.72756 13.2724
      vertex -37.5 7.98327 11.0167
      vertex -37.5 7.88603 10.9106
    endloop
  endfacet
  facet normal -1 0 0
    outer loop
      vertex -37.5 10.0964 11.2016
      vertex -37.5 7.824 16.9036
      vertex -37.5 7.97694 17.5935
    endloop
  endfacet
  facet normal -1 0 0
    outer loop
      vertex -37.5 5.72756 13.2724
      vertex -37.5 7.88603 10.9106
      vertex -37.5 7.7984 10.7964
    endloop
  endfacet
  facet normal -1 0 0
    outer loop
      vertex -37.5 5.20658 12.795
      vertex -37.5 7.7984 10.7964
      vertex -37.5 7.72106 10.675
    endloop
  endfacet
  facet normal -1 0 0
    outer loop
      vertex -37.5 5.20658 12.795
      vertex -37.5 7.72106 10.675
      vertex -37.5 7.65459 10.5473
    endloop
  endfacet
  facet normal -1 0 0
    outer loop
      vertex -37.5 9.84732 11.3454
      vertex -37.5 7.61151 16.2296
      vertex -37.5 7.824 16.9036
    endloop
  endfacet
  facet normal -1 0 0
    outer loop
      vertex -37.5 4.64597 12.3649
      vertex -37.5 7.65459 10.5473
      vertex -37.5 7.59951 10.4143
    endloop
  endfacet
  facet normal -1 0 0
    outer loop
      vertex -37.5 4.64597 12.3649
      vertex -37.5 7.59951 10.4143
      vertex -37.5 7.55622 10.2771
    endloop
  endfacet
  facet normal -1 0 0
    outer loop
      vertex -37.5 4.64597 12.3649
      vertex -37.5 7.55622 10.2771
      vertex -37.5 7.52507 10.1365
    endloop
  endfacet
  facet normal -1 0 0
    outer loop
      vertex -37.5 4.05 11.9852
      vertex -37.5 7.52507 10.1365
      vertex -37.5 7.50628 9.99381
    endloop
  endfacet
  facet normal -1 0 0
    outer loop
      vertex -37.5 4.05 11.9852
      vertex -37.5 7.50628 9.99381
      vertex -37.5 7.5 9.85
    endloop
  endfacet
  facet normal -1 0 0
    outer loop
      vertex -37.5 9.57705 11.4438
      vertex -37.5 7.34109 15.5768
      vertex -37.5 7.61151 16.2296
    endloop
  endfacet
  facet normal -1 0 0
    outer loop
      vertex -37.5 10.7937 9.99381
      vertex -37.5 24.5 0
      vertex -37.5 10.8 9.85
    endloop
  endfacet
  facet normal -1 0 0
    outer loop
      vertex -37.5 24.5 0
      vertex -37.5 10.7937 9.70619
      vertex -37.5 10.8 9.85
    endloop
  endfacet
  facet normal -1 0 0
    outer loop
      vertex -37.5 24.5 0
      vertex -37.5 10.7749 9.56348
      vertex -37.5 10.7937 9.70619
    endloop
  endfacet
  facet normal -1 0 0
    outer loop
      vertex -37.5 24.5 0
      vertex -37.5 10.7438 9.42295
      vertex -37.5 10.7749 9.56348
    endloop
  endfacet
  facet normal -1 0 0
    outer loop
      vertex -37.5 24.5 0
      vertex -37.5 10.7005 9.28567
      vertex -37.5 10.7438 9.42295
    endloop
  endfacet
  facet normal -1 0 0
    outer loop
      vertex -37.5 24.5 0
      vertex -37.5 10.6454 9.15268
      vertex -37.5 10.7005 9.28567
    endloop
  endfacet
  facet normal -1 0 0
    outer loop
      vertex -37.5 24.5 0
      vertex -37.5 10.5789 9.025
      vertex -37.5 10.6454 9.15268
    endloop
  endfacet
  facet normal -1 0 0
    outer loop
      vertex -37.5 24.5 0
      vertex -37.5 10.5016 8.9036
      vertex -37.5 10.5789 9.025
    endloop
  endfacet
  facet normal -1 0 0
    outer loop
      vertex -37.5 24.5 0
      vertex -37.5 10.414 8.7894
      vertex -37.5 10.5016 8.9036
    endloop
  endfacet
  facet normal -1 0 0
    outer loop
      vertex -37.5 24.5 0
      vertex -37.5 10.3167 8.68327
      vertex -37.5 10.414 8.7894
    endloop
  endfacet
  facet normal -1 0 0
    outer loop
      vertex -37.5 24.5 0
      vertex -37.5 10.2106 8.58603
      vertex -37.5 10.3167 8.68327
    endloop
  endfacet
  facet normal -1 0 0
    outer loop
      vertex -37.5 24.5 0
      vertex -37.5 10.0964 8.4984
      vertex -37.5 10.2106 8.58603
    endloop
  endfacet
  facet normal -1 0 0
    outer loop
      vertex -37.5 24.5 0
      vertex -37.5 9.975 8.42106
      vertex -37.5 10.0964 8.4984
    endloop
  endfacet
  facet normal -1 0 0
    outer loop
      vertex -37.5 24.5 0
      vertex -37.5 9.84732 8.35459
      vertex -37.5 9.975 8.42106
    endloop
  endfacet
  facet normal -1 0 0
    outer loop
      vertex -37.5 24.5 0
      vertex -37.5 9.71433 8.29951
      vertex -37.5 9.84732 8.35459
    endloop
  endfacet
  facet normal -1 0 0
    outer loop
      vertex -37.5 24.5 0
      vertex -37.5 9.57705 8.25622
      vertex -37.5 9.71433 8.29951
    endloop
  endfacet
  facet normal -1 0 0
    outer loop
      vertex -37.5 24.5 0
      vertex -37.5 9.43652 8.22507
      vertex -37.5 9.57705 8.25622
    endloop
  endfacet
  facet normal -1 0 0
    outer loop
      vertex -37.5 24.5 0
      vertex -37.5 9.29381 8.20628
      vertex -37.5 9.43652 8.22507
    endloop
  endfacet
  facet normal -1 0 0
    outer loop
      vertex -37.5 24.5 0
      vertex -37.5 9.15 8.2
      vertex -37.5 9.29381 8.20628
    endloop
  endfacet
  facet normal -1 0 0
    outer loop
      vertex -37.5 24.5 0
      vertex -37.5 9.00619 8.20628
      vertex -37.5 9.15 8.2
    endloop
  endfacet
  facet normal -1 0 0
    outer loop
      vertex -37.5 24.5 0
      vertex -37.5 8.86348 8.22507
      vertex -37.5 9.00619 8.20628
    endloop
  endfacet
  facet normal -1 0 0
    outer loop
      vertex -37.5 24.5 0
      vertex -37.5 8.72295 8.25622
      vertex -37.5 8.86348 8.22507
    endloop
  endfacet
  facet normal -1 0 0
    outer loop
      vertex -37.5 -8.72295 8.25622
      vertex -37.5 8.72295 8.25622
      vertex -37.5 24.5 0
    endloop
  endfacet
  facet normal -1 0 0
    outer loop
      vertex -37.5 8.72295 8.25622
      vertex -37.5 -8.72295 8.25622
      vertex -37.5 8.58567 8.29951
    endloop
  endfacet
  facet normal -1 0 -0
    outer loop
      vertex -37.5 -8.58567 8.29951
      vertex -37.5 8.58567 8.29951
      vertex -37.5 -8.72295 8.25622
    endloop
  endfacet
  facet normal -1 0 0
    outer loop
      vertex -37.5 9.29381 11.4937
      vertex -37.5 7.0148 14.95
      vertex -37.5 7.34109 15.5768
    endloop
  endfacet
  facet normal -1 0 0
    outer loop
      vertex -37.5 4.05 11.9852
      vertex -37.5 7.5 9.85
      vertex -37.5 7.50628 9.70619
    endloop
  endfacet
  facet normal -1 0 0
    outer loop
      vertex -37.5 8.86348 11.4749
      vertex -37.5 6.63513 14.354
      vertex -37.5 7.0148 14.95
    endloop
  endfacet
  facet normal -1 0 0
    outer loop
      vertex -37.5 3.42321 11.6589
      vertex -37.5 7.50628 9.70619
      vertex -37.5 7.52507 9.56348
    endloop
  endfacet
  facet normal -1 0 0
    outer loop
      vertex -37.5 8.45268 11.3454
      vertex -37.5 6.20496 13.7934
      vertex -37.5 6.63513 14.354
    endloop
  endfacet
  facet normal -1 0 0
    outer loop
      vertex -37.5 3.42321 11.6589
      vertex -37.5 7.52507 9.56348
      vertex -37.5 7.55622 9.42295
    endloop
  endfacet
  facet normal -1 0 0
    outer loop
      vertex -37.5 8.0894 11.114
      vertex -37.5 5.72756 13.2724
      vertex -37.5 6.20496 13.7934
    endloop
  endfacet
  facet normal -1 0 0
    outer loop
      vertex -37.5 2.77036 11.3885
      vertex -37.5 7.55622 9.42295
      vertex -37.5 7.59951 9.28567
    endloop
  endfacet
  facet normal -1 0 0
    outer loop
      vertex -37.5 2.77036 11.3885
      vertex -37.5 7.59951 9.28567
      vertex -37.5 7.65459 9.15268
    endloop
  endfacet
  facet normal -1 0 0
    outer loop
      vertex -37.5 7.7984 10.7964
      vertex -37.5 5.20658 12.795
      vertex -37.5 5.72756 13.2724
    endloop
  endfacet
  facet normal -1 0 0
    outer loop
      vertex -37.5 2.77036 11.3885
      vertex -37.5 7.65459 9.15268
      vertex -37.5 7.72106 9.025
    endloop
  endfacet
  facet normal -1 0 0
    outer loop
      vertex -37.5 2.09643 11.176
      vertex -37.5 7.72106 9.025
      vertex -37.5 7.7984 8.9036
    endloop
  endfacet
  facet normal -1 0 0
    outer loop
      vertex -37.5 7.65459 10.5473
      vertex -37.5 4.64597 12.3649
      vertex -37.5 5.20658 12.795
    endloop
  endfacet
  facet normal -1 0 0
    outer loop
      vertex -37.5 1.40655 11.0231
      vertex -37.5 7.7984 8.9036
      vertex -37.5 7.88603 8.7894
    endloop
  endfacet
  facet normal -1 0 0
    outer loop
      vertex -37.5 7.52507 10.1365
      vertex -37.5 4.05 11.9852
      vertex -37.5 4.64597 12.3649
    endloop
  endfacet
  facet normal -1 0 0
    outer loop
      vertex -37.5 1.40655 11.0231
      vertex -37.5 7.88603 8.7894
      vertex -37.5 7.98327 8.68327
    endloop
  endfacet
  facet normal -1 0 0
    outer loop
      vertex -37.5 0.705961 10.9308
      vertex -37.5 7.98327 8.68327
      vertex -37.5 8.0894 8.58603
    endloop
  endfacet
  facet normal -1 0 0
    outer loop
      vertex -37.5 7.50628 9.70619
      vertex -37.5 3.42321 11.6589
      vertex -37.5 4.05 11.9852
    endloop
  endfacet
  facet normal -1 0 0
    outer loop
      vertex -37.5 0.705961 10.9308
      vertex -37.5 8.0894 8.58603
      vertex -37.5 8.2036 8.4984
    endloop
  endfacet
  facet normal -1 0 0
    outer loop
      vertex -37.5 7.55622 9.42295
      vertex -37.5 2.77036 11.3885
      vertex -37.5 3.42321 11.6589
    endloop
  endfacet
  facet normal -1 0 0
    outer loop
      vertex -37.5 0 10.9
      vertex -37.5 8.2036 8.4984
      vertex -37.5 8.325 8.42106
    endloop
  endfacet
  facet normal -1 0 0
    outer loop
      vertex -37.5 7.72106 9.025
      vertex -37.5 2.09643 11.176
      vertex -37.5 2.77036 11.3885
    endloop
  endfacet
  facet normal -1 0 0
    outer loop
      vertex -37.5 8.58567 8.29951
      vertex -37.5 -8.58567 8.29951
      vertex -37.5 8.45268 8.35459
    endloop
  endfacet
  facet normal -1 0 0
    outer loop
      vertex -37.5 7.7984 8.9036
      vertex -37.5 1.40655 11.0231
      vertex -37.5 2.09643 11.176
    endloop
  endfacet
  facet normal -1 0 0
    outer loop
      vertex -37.5 7.98327 8.68327
      vertex -37.5 0.705961 10.9308
      vertex -37.5 1.40655 11.0231
    endloop
  endfacet
  facet normal -1 0 -0
    outer loop
      vertex -37.5 -8.325 8.42106
      vertex -37.5 8.325 8.42106
      vertex -37.5 -8.45268 8.35459
    endloop
  endfacet
  facet normal -1 0 -0
    outer loop
      vertex -37.5 0 10.9
      vertex -37.5 8.325 8.42106
      vertex -37.5 -8.325 8.42106
    endloop
  endfacet
  facet normal -1 0 -0
    outer loop
      vertex -37.5 -8.2036 8.4984
      vertex -37.5 0 10.9
      vertex -37.5 -8.325 8.42106
    endloop
  endfacet
  facet normal -1 -0 0
    outer loop
      vertex -37.5 0 10.9
      vertex -37.5 -8.2036 8.4984
      vertex -37.5 -0.705961 10.9308
    endloop
  endfacet
  facet normal -1 0 -0
    outer loop
      vertex -37.5 -7.98327 8.68327
      vertex -37.5 -0.705961 10.9308
      vertex -37.5 -8.0894 8.58603
    endloop
  endfacet
  facet normal -1 -0 0
    outer loop
      vertex -37.5 -0.705961 10.9308
      vertex -37.5 -7.98327 8.68327
      vertex -37.5 -1.40655 11.0231
    endloop
  endfacet
  facet normal -1 -0 0
    outer loop
      vertex -37.5 -4.64597 12.3649
      vertex -37.5 -7.65459 10.5473
      vertex -37.5 -5.20658 12.795
    endloop
  endfacet
  facet normal -1 0 0
    outer loop
      vertex -37.5 -7.65459 10.5473
      vertex -37.5 -4.64597 12.3649
      vertex -37.5 -7.59951 10.4143
    endloop
  endfacet
  facet normal -1 0 0
    outer loop
      vertex -37.5 -7.59951 10.4143
      vertex -37.5 -4.64597 12.3649
      vertex -37.5 -7.55622 10.2771
    endloop
  endfacet
  facet normal -1 0 0
    outer loop
      vertex -37.5 -7.55622 10.2771
      vertex -37.5 -4.64597 12.3649
      vertex -37.5 -7.52507 10.1365
    endloop
  endfacet
  facet normal -1 -0 0
    outer loop
      vertex -37.5 -4.05 11.9852
      vertex -37.5 -7.52507 10.1365
      vertex -37.5 -4.64597 12.3649
    endloop
  endfacet
  facet normal -1 0 0
    outer loop
      vertex -37.5 -7.52507 10.1365
      vertex -37.5 -4.05 11.9852
      vertex -37.5 -7.50628 9.99381
    endloop
  endfacet
  facet normal -1 0 0
    outer loop
      vertex -37.5 -7.50628 9.99381
      vertex -37.5 -4.05 11.9852
      vertex -37.5 -7.5 9.85
    endloop
  endfacet
  facet normal -1 0 0
    outer loop
      vertex -37.5 -7.50628 9.70619
      vertex -37.5 -4.05 11.9852
      vertex -37.5 -3.42321 11.6589
    endloop
  endfacet
  facet normal -1 0 -0
    outer loop
      vertex -37.5 -7.7984 8.9036
      vertex -37.5 -1.40655 11.0231
      vertex -37.5 -7.88603 8.7894
    endloop
  endfacet
  facet normal -1 0 0
    outer loop
      vertex -37.5 -4.05 11.9852
      vertex -37.5 -7.50628 9.70619
      vertex -37.5 -7.5 9.85
    endloop
  endfacet
  facet normal -1 0 0
    outer loop
      vertex -37.5 -3.42321 11.6589
      vertex -37.5 -7.52507 9.56348
      vertex -37.5 -7.50628 9.70619
    endloop
  endfacet
  facet normal -1 0 0
    outer loop
      vertex -37.5 -3.42321 11.6589
      vertex -37.5 -7.55622 9.42295
      vertex -37.5 -7.52507 9.56348
    endloop
  endfacet
  facet normal -1 -0 0
    outer loop
      vertex -37.5 -2.77036 11.3885
      vertex -37.5 -7.55622 9.42295
      vertex -37.5 -3.42321 11.6589
    endloop
  endfacet
  facet normal -1 0 -0
    outer loop
      vertex -37.5 -7.55622 9.42295
      vertex -37.5 -2.77036 11.3885
      vertex -37.5 -7.59951 9.28567
    endloop
  endfacet
  facet normal -1 0 -0
    outer loop
      vertex -37.5 -7.59951 9.28567
      vertex -37.5 -2.77036 11.3885
      vertex -37.5 -7.65459 9.15268
    endloop
  endfacet
  facet normal -1 0 -0
    outer loop
      vertex -37.5 -7.65459 9.15268
      vertex -37.5 -2.77036 11.3885
      vertex -37.5 -7.72106 9.025
    endloop
  endfacet
  facet normal -1 -0 0
    outer loop
      vertex -37.5 -2.09643 11.176
      vertex -37.5 -7.72106 9.025
      vertex -37.5 -2.77036 11.3885
    endloop
  endfacet
  facet normal -1 0 -0
    outer loop
      vertex -37.5 -7.72106 9.025
      vertex -37.5 -2.09643 11.176
      vertex -37.5 -7.7984 8.9036
    endloop
  endfacet
  facet normal -1 -0 0
    outer loop
      vertex -37.5 -1.40655 11.0231
      vertex -37.5 -7.7984 8.9036
      vertex -37.5 -2.09643 11.176
    endloop
  endfacet
  facet normal -1 0 -0
    outer loop
      vertex -37.5 -7.88603 8.7894
      vertex -37.5 -1.40655 11.0231
      vertex -37.5 -7.98327 8.68327
    endloop
  endfacet
  facet normal -1 0 -0
    outer loop
      vertex -37.5 -8.0894 8.58603
      vertex -37.5 -0.705961 10.9308
      vertex -37.5 -8.2036 8.4984
    endloop
  endfacet
  facet normal -1 0 0
    outer loop
      vertex -37.5 8.2036 8.4984
      vertex -37.5 0 10.9
      vertex -37.5 0.705961 10.9308
    endloop
  endfacet
  facet normal -1 0 0
    outer loop
      vertex -37.5 8.45268 8.35459
      vertex -37.5 -8.45268 8.35459
      vertex -37.5 8.325 8.42106
    endloop
  endfacet
  facet normal -1 0 -0
    outer loop
      vertex -37.5 -8.45268 8.35459
      vertex -37.5 8.45268 8.35459
      vertex -37.5 -8.58567 8.29951
    endloop
  endfacet
  facet normal -1 0 0
    outer loop
      vertex -37.5 -24.5 0
      vertex -37.5 -8.72295 8.25622
      vertex -37.5 24.5 0
    endloop
  endfacet
  facet normal -1 0 0
    outer loop
      vertex -37.5 -8.72295 8.25622
      vertex -37.5 -24.5 0
      vertex -37.5 -8.86348 8.22507
    endloop
  endfacet
  facet normal -1 0 0
    outer loop
      vertex -37.5 -8.86348 8.22507
      vertex -37.5 -24.5 0
      vertex -37.5 -9.00619 8.20628
    endloop
  endfacet
  facet normal -1 0 0
    outer loop
      vertex -37.5 -9.00619 8.20628
      vertex -37.5 -24.5 0
      vertex -37.5 -9.15 8.2
    endloop
  endfacet
  facet normal -1 -0 0
    outer loop
      vertex -37.5 -9.15 8.2
      vertex -37.5 -24.5 0
      vertex -37.5 -9.29381 8.20628
    endloop
  endfacet
  facet normal -1 -0 0
    outer loop
      vertex -37.5 -9.29381 8.20628
      vertex -37.5 -24.5 0
      vertex -37.5 -9.43652 8.22507
    endloop
  endfacet
  facet normal -1 0 0
    outer loop
      vertex -37.5 -10.7749 27.8635
      vertex -37.5 -24.5 38
      vertex -37.5 -10.7937 28.0062
    endloop
  endfacet
  facet normal -1 -0 0
    outer loop
      vertex -37.5 -10.7937 9.70619
      vertex -37.5 -24.5 0
      vertex -37.5 -10.8 9.85
    endloop
  endfacet
  facet normal -1 -0 0
    outer loop
      vertex -37.5 -10.7749 9.56348
      vertex -37.5 -24.5 0
      vertex -37.5 -10.7937 9.70619
    endloop
  endfacet
  facet normal -1 -0 0
    outer loop
      vertex -37.5 -10.7438 9.42295
      vertex -37.5 -24.5 0
      vertex -37.5 -10.7749 9.56348
    endloop
  endfacet
  facet normal -1 -0 0
    outer loop
      vertex -37.5 -10.7005 9.28567
      vertex -37.5 -24.5 0
      vertex -37.5 -10.7438 9.42295
    endloop
  endfacet
  facet normal -1 -0 0
    outer loop
      vertex -37.5 -10.6454 9.15268
      vertex -37.5 -24.5 0
      vertex -37.5 -10.7005 9.28567
    endloop
  endfacet
  facet normal -1 -0 0
    outer loop
      vertex -37.5 -10.5789 9.025
      vertex -37.5 -24.5 0
      vertex -37.5 -10.6454 9.15268
    endloop
  endfacet
  facet normal -1 -0 0
    outer loop
      vertex -37.5 -10.5016 8.9036
      vertex -37.5 -24.5 0
      vertex -37.5 -10.5789 9.025
    endloop
  endfacet
  facet normal -1 -0 0
    outer loop
      vertex -37.5 -10.414 8.7894
      vertex -37.5 -24.5 0
      vertex -37.5 -10.5016 8.9036
    endloop
  endfacet
  facet normal -1 -0 0
    outer loop
      vertex -37.5 -10.3167 8.68327
      vertex -37.5 -24.5 0
      vertex -37.5 -10.414 8.7894
    endloop
  endfacet
  facet normal -1 -0 0
    outer loop
      vertex -37.5 -10.2106 8.58603
      vertex -37.5 -24.5 0
      vertex -37.5 -10.3167 8.68327
    endloop
  endfacet
  facet normal -1 -0 0
    outer loop
      vertex -37.5 -10.0964 8.4984
      vertex -37.5 -24.5 0
      vertex -37.5 -10.2106 8.58603
    endloop
  endfacet
  facet normal -1 -0 0
    outer loop
      vertex -37.5 -9.975 8.42106
      vertex -37.5 -24.5 0
      vertex -37.5 -10.0964 8.4984
    endloop
  endfacet
  facet normal -1 -0 0
    outer loop
      vertex -37.5 -9.84732 8.35459
      vertex -37.5 -24.5 0
      vertex -37.5 -9.975 8.42106
    endloop
  endfacet
  facet normal -1 -0 0
    outer loop
      vertex -37.5 -9.71433 8.29951
      vertex -37.5 -24.5 0
      vertex -37.5 -9.84732 8.35459
    endloop
  endfacet
  facet normal -1 -0 0
    outer loop
      vertex -37.5 -9.57705 8.25622
      vertex -37.5 -24.5 0
      vertex -37.5 -9.71433 8.29951
    endloop
  endfacet
  facet normal -1 -0 0
    outer loop
      vertex -37.5 -9.43652 8.22507
      vertex -37.5 -24.5 0
      vertex -37.5 -9.57705 8.25622
    endloop
  endfacet
  facet normal -1 0 0
    outer loop
      vertex -37.5 10.7749 10.1365
      vertex -37.5 24.5 0
      vertex -37.5 10.7937 9.99381
    endloop
  endfacet
  facet normal -1 0 0
    outer loop
      vertex -37.5 10.7937 28.2938
      vertex -37.5 24.5 38
      vertex -37.5 10.8 28.15
    endloop
  endfacet
  facet normal -1 0 0
    outer loop
      vertex -37.5 10.7749 28.4365
      vertex -37.5 24.5 38
      vertex -37.5 10.7937 28.2938
    endloop
  endfacet
  facet normal -1 0 0
    outer loop
      vertex -37.5 10.7438 28.5771
      vertex -37.5 24.5 38
      vertex -37.5 10.7749 28.4365
    endloop
  endfacet
  facet normal -1 0 0
    outer loop
      vertex -37.5 10.7005 28.7143
      vertex -37.5 24.5 38
      vertex -37.5 10.7438 28.5771
    endloop
  endfacet
  facet normal -1 0 0
    outer loop
      vertex -37.5 10.6454 28.8473
      vertex -37.5 24.5 38
      vertex -37.5 10.7005 28.7143
    endloop
  endfacet
  facet normal -1 0 0
    outer loop
      vertex -37.5 10.5789 28.975
      vertex -37.5 24.5 38
      vertex -37.5 10.6454 28.8473
    endloop
  endfacet
  facet normal -1 0 0
    outer loop
      vertex -37.5 10.5016 29.0964
      vertex -37.5 24.5 38
      vertex -37.5 10.5789 28.975
    endloop
  endfacet
  facet normal -1 0 0
    outer loop
      vertex -37.5 10.414 29.2106
      vertex -37.5 24.5 38
      vertex -37.5 10.5016 29.0964
    endloop
  endfacet
  facet normal -1 0 0
    outer loop
      vertex -37.5 10.3167 29.3167
      vertex -37.5 24.5 38
      vertex -37.5 10.414 29.2106
    endloop
  endfacet
  facet normal -1 0 0
    outer loop
      vertex -37.5 10.2106 29.414
      vertex -37.5 24.5 38
      vertex -37.5 10.3167 29.3167
    endloop
  endfacet
  facet normal -1 0 0
    outer loop
      vertex -37.5 10.0964 29.5016
      vertex -37.5 24.5 38
      vertex -37.5 10.2106 29.414
    endloop
  endfacet
  facet normal -1 0 0
    outer loop
      vertex -37.5 9.975 29.5789
      vertex -37.5 24.5 38
      vertex -37.5 10.0964 29.5016
    endloop
  endfacet
  facet normal -1 0 0
    outer loop
      vertex -37.5 9.84732 29.6454
      vertex -37.5 24.5 38
      vertex -37.5 9.975 29.5789
    endloop
  endfacet
  facet normal -1 0 0
    outer loop
      vertex -37.5 9.71433 29.7005
      vertex -37.5 24.5 38
      vertex -37.5 9.84732 29.6454
    endloop
  endfacet
  facet normal -1 0 0
    outer loop
      vertex -37.5 9.57705 29.7438
      vertex -37.5 24.5 38
      vertex -37.5 9.71433 29.7005
    endloop
  endfacet
  facet normal -1 0 0
    outer loop
      vertex -37.5 9.43652 29.7749
      vertex -37.5 24.5 38
      vertex -37.5 9.57705 29.7438
    endloop
  endfacet
  facet normal -1 0 0
    outer loop
      vertex -37.5 9.29381 29.7937
      vertex -37.5 24.5 38
      vertex -37.5 9.43652 29.7749
    endloop
  endfacet
  facet normal -1 0 0
    outer loop
      vertex -37.5 9.15 29.8
      vertex -37.5 24.5 38
      vertex -37.5 9.29381 29.7937
    endloop
  endfacet
  facet normal -1 0 0
    outer loop
      vertex -37.5 9.00619 29.7937
      vertex -37.5 24.5 38
      vertex -37.5 9.15 29.8
    endloop
  endfacet
  facet normal -1 0 0
    outer loop
      vertex -37.5 8.86348 29.7749
      vertex -37.5 24.5 38
      vertex -37.5 9.00619 29.7937
    endloop
  endfacet
  facet normal -1 0 0
    outer loop
      vertex -37.5 8.72295 29.7438
      vertex -37.5 24.5 38
      vertex -37.5 8.86348 29.7749
    endloop
  endfacet
  facet normal -1 0 0
    outer loop
      vertex -37.5 -8.72295 29.7438
      vertex -37.5 8.72295 29.7438
      vertex -37.5 8.58567 29.7005
    endloop
  endfacet
  facet normal -1 0 0
    outer loop
      vertex -37.5 -8.58567 29.7005
      vertex -37.5 8.58567 29.7005
      vertex -37.5 8.45268 29.6454
    endloop
  endfacet
  facet normal -1 0 0
    outer loop
      vertex -37.5 -8.45268 29.6454
      vertex -37.5 8.45268 29.6454
      vertex -37.5 8.325 29.5789
    endloop
  endfacet
  facet normal -1 0 0
    outer loop
      vertex -37.5 4.64597 25.6351
      vertex -37.5 7.65459 27.4527
      vertex -37.5 5.20658 25.205
    endloop
  endfacet
  facet normal -1 -0 0
    outer loop
      vertex -37.5 7.65459 27.4527
      vertex -37.5 4.64597 25.6351
      vertex -37.5 7.59951 27.5857
    endloop
  endfacet
  facet normal -1 -0 0
    outer loop
      vertex -37.5 7.59951 27.5857
      vertex -37.5 4.64597 25.6351
      vertex -37.5 7.55622 27.7229
    endloop
  endfacet
  facet normal -1 -0 0
    outer loop
      vertex -37.5 7.55622 27.7229
      vertex -37.5 4.64597 25.6351
      vertex -37.5 7.52507 27.8635
    endloop
  endfacet
  facet normal -1 0 0
    outer loop
      vertex -37.5 4.05 26.0148
      vertex -37.5 7.52507 27.8635
      vertex -37.5 4.64597 25.6351
    endloop
  endfacet
  facet normal -1 -0 0
    outer loop
      vertex -37.5 7.52507 27.8635
      vertex -37.5 4.05 26.0148
      vertex -37.5 7.50628 28.0062
    endloop
  endfacet
  facet normal -1 -0 0
    outer loop
      vertex -37.5 7.50628 28.0062
      vertex -37.5 4.05 26.0148
      vertex -37.5 7.5 28.15
    endloop
  endfacet
  facet normal -1 -0 0
    outer loop
      vertex -37.5 7.5 28.15
      vertex -37.5 4.05 26.0148
      vertex -37.5 7.50628 28.2938
    endloop
  endfacet
  facet normal -1 0 0
    outer loop
      vertex -37.5 3.42321 26.3411
      vertex -37.5 7.50628 28.2938
      vertex -37.5 4.05 26.0148
    endloop
  endfacet
  facet normal -1 -0 0
    outer loop
      vertex -37.5 7.50628 28.2938
      vertex -37.5 3.42321 26.3411
      vertex -37.5 7.52507 28.4365
    endloop
  endfacet
  facet normal -1 -0 0
    outer loop
      vertex -37.5 7.52507 28.4365
      vertex -37.5 3.42321 26.3411
      vertex -37.5 7.55622 28.5771
    endloop
  endfacet
  facet normal -1 0 0
    outer loop
      vertex -37.5 2.77036 26.6115
      vertex -37.5 7.55622 28.5771
      vertex -37.5 3.42321 26.3411
    endloop
  endfacet
  facet normal -1 -0 0
    outer loop
      vertex -37.5 7.55622 28.5771
      vertex -37.5 2.77036 26.6115
      vertex -37.5 7.59951 28.7143
    endloop
  endfacet
  facet normal -1 -0 0
    outer loop
      vertex -37.5 7.59951 28.7143
      vertex -37.5 2.77036 26.6115
      vertex -37.5 7.65459 28.8473
    endloop
  endfacet
  facet normal -1 -0 0
    outer loop
      vertex -37.5 7.65459 28.8473
      vertex -37.5 2.77036 26.6115
      vertex -37.5 7.72106 28.975
    endloop
  endfacet
  facet normal -1 0 0
    outer loop
      vertex -37.5 2.09643 26.824
      vertex -37.5 7.72106 28.975
      vertex -37.5 2.77036 26.6115
    endloop
  endfacet
  facet normal -1 -0 0
    outer loop
      vertex -37.5 7.72106 28.975
      vertex -37.5 2.09643 26.824
      vertex -37.5 7.7984 29.0964
    endloop
  endfacet
  facet normal -1 0 0
    outer loop
      vertex -37.5 1.40655 26.9769
      vertex -37.5 7.7984 29.0964
      vertex -37.5 2.09643 26.824
    endloop
  endfacet
  facet normal -1 -0 0
    outer loop
      vertex -37.5 7.7984 29.0964
      vertex -37.5 1.40655 26.9769
      vertex -37.5 7.88603 29.2106
    endloop
  endfacet
  facet normal -1 -0 0
    outer loop
      vertex -37.5 7.88603 29.2106
      vertex -37.5 1.40655 26.9769
      vertex -37.5 7.98327 29.3167
    endloop
  endfacet
  facet normal -1 0 0
    outer loop
      vertex -37.5 0.705961 27.0692
      vertex -37.5 7.98327 29.3167
      vertex -37.5 1.40655 26.9769
    endloop
  endfacet
  facet normal -1 -0 0
    outer loop
      vertex -37.5 7.98327 29.3167
      vertex -37.5 0.705961 27.0692
      vertex -37.5 8.0894 29.414
    endloop
  endfacet
  facet normal -1 -0 0
    outer loop
      vertex -37.5 8.0894 29.414
      vertex -37.5 0.705961 27.0692
      vertex -37.5 8.2036 29.5016
    endloop
  endfacet
  facet normal -1 0 0
    outer loop
      vertex -37.5 0 27.1
      vertex -37.5 8.2036 29.5016
      vertex -37.5 0.705961 27.0692
    endloop
  endfacet
  facet normal -1 -0 0
    outer loop
      vertex -37.5 8.2036 29.5016
      vertex -37.5 0 27.1
      vertex -37.5 8.325 29.5789
    endloop
  endfacet
  facet normal -1 -0 0
    outer loop
      vertex -37.5 8.325 29.5789
      vertex -37.5 0 27.1
      vertex -37.5 -8.325 29.5789
    endloop
  endfacet
  facet normal -1 0 0
    outer loop
      vertex -37.5 -8.2036 29.5016
      vertex -37.5 0 27.1
      vertex -37.5 -0.705961 27.0692
    endloop
  endfacet
  facet normal -1 0 0
    outer loop
      vertex -37.5 -7.98327 29.3167
      vertex -37.5 -0.705961 27.0692
      vertex -37.5 -1.40655 26.9769
    endloop
  endfacet
  facet normal -1 0 0
    outer loop
      vertex -37.5 -7.7984 29.0964
      vertex -37.5 -1.40655 26.9769
      vertex -37.5 -2.09643 26.824
    endloop
  endfacet
  facet normal -1 0 0
    outer loop
      vertex -37.5 -7.72106 28.975
      vertex -37.5 -2.09643 26.824
      vertex -37.5 -2.77036 26.6115
    endloop
  endfacet
  facet normal -1 0 0
    outer loop
      vertex -37.5 -7.55622 28.5771
      vertex -37.5 -2.77036 26.6115
      vertex -37.5 -3.42321 26.3411
    endloop
  endfacet
  facet normal -1 0 0
    outer loop
      vertex -37.5 -9.29381 26.5063
      vertex -37.5 -7.0148 23.05
      vertex -37.5 -7.34109 22.4232
    endloop
  endfacet
  facet normal -1 0 0
    outer loop
      vertex -37.5 -7.50628 28.0062
      vertex -37.5 -6.63513 23.646
      vertex -37.5 -7.0148 23.05
    endloop
  endfacet
  facet normal -1 0 0
    outer loop
      vertex -37.5 -7.50628 28.0062
      vertex -37.5 -6.20496 24.2066
      vertex -37.5 -6.63513 23.646
    endloop
  endfacet
  facet normal -1 0 0
    outer loop
      vertex -37.5 -7.50628 28.0062
      vertex -37.5 -5.72756 24.7276
      vertex -37.5 -6.20496 24.2066
    endloop
  endfacet
  facet normal -1 0 0
    outer loop
      vertex -37.5 -7.50628 28.0062
      vertex -37.5 -5.20658 25.205
      vertex -37.5 -5.72756 24.7276
    endloop
  endfacet
  facet normal -1 0 0
    outer loop
      vertex -37.5 -7.50628 28.0062
      vertex -37.5 -4.64597 25.6351
      vertex -37.5 -5.20658 25.205
    endloop
  endfacet
  facet normal -1 0 0
    outer loop
      vertex -37.5 -7.50628 28.0062
      vertex -37.5 -4.05 26.0148
      vertex -37.5 -4.64597 25.6351
    endloop
  endfacet
  facet normal -1 0 0
    outer loop
      vertex -37.5 -7.50628 28.2938
      vertex -37.5 -4.05 26.0148
      vertex -37.5 -7.5 28.15
    endloop
  endfacet
  facet normal -1 0 0
    outer loop
      vertex -37.5 -4.05 26.0148
      vertex -37.5 -7.50628 28.2938
      vertex -37.5 -3.42321 26.3411
    endloop
  endfacet
  facet normal -1 0 0
    outer loop
      vertex -37.5 -7.52507 28.4365
      vertex -37.5 -3.42321 26.3411
      vertex -37.5 -7.50628 28.2938
    endloop
  endfacet
  facet normal -1 0 0
    outer loop
      vertex -37.5 -7.55622 28.5771
      vertex -37.5 -3.42321 26.3411
      vertex -37.5 -7.52507 28.4365
    endloop
  endfacet
  facet normal -1 0 0
    outer loop
      vertex -37.5 -2.77036 26.6115
      vertex -37.5 -7.55622 28.5771
      vertex -37.5 -7.59951 28.7143
    endloop
  endfacet
  facet normal -1 0 0
    outer loop
      vertex -37.5 -2.77036 26.6115
      vertex -37.5 -7.59951 28.7143
      vertex -37.5 -7.65459 28.8473
    endloop
  endfacet
  facet normal -1 0 0
    outer loop
      vertex -37.5 -2.77036 26.6115
      vertex -37.5 -7.65459 28.8473
      vertex -37.5 -7.72106 28.975
    endloop
  endfacet
  facet normal -1 0 0
    outer loop
      vertex -37.5 -2.09643 26.824
      vertex -37.5 -7.72106 28.975
      vertex -37.5 -7.7984 29.0964
    endloop
  endfacet
  facet normal -1 0 0
    outer loop
      vertex -37.5 -1.40655 26.9769
      vertex -37.5 -7.7984 29.0964
      vertex -37.5 -7.88603 29.2106
    endloop
  endfacet
  facet normal -1 0 0
    outer loop
      vertex -37.5 -1.40655 26.9769
      vertex -37.5 -7.88603 29.2106
      vertex -37.5 -7.98327 29.3167
    endloop
  endfacet
  facet normal -1 0 0
    outer loop
      vertex -37.5 -0.705961 27.0692
      vertex -37.5 -7.98327 29.3167
      vertex -37.5 -8.0894 29.414
    endloop
  endfacet
  facet normal -1 0 0
    outer loop
      vertex -37.5 -0.705961 27.0692
      vertex -37.5 -8.0894 29.414
      vertex -37.5 -8.2036 29.5016
    endloop
  endfacet
  facet normal -1 0 0
    outer loop
      vertex -37.5 0 27.1
      vertex -37.5 -8.2036 29.5016
      vertex -37.5 -8.325 29.5789
    endloop
  endfacet
  facet normal -1 0 0
    outer loop
      vertex -37.5 8.325 29.5789
      vertex -37.5 -8.325 29.5789
      vertex -37.5 -8.45268 29.6454
    endloop
  endfacet
  facet normal -1 0 0
    outer loop
      vertex -37.5 8.45268 29.6454
      vertex -37.5 -8.45268 29.6454
      vertex -37.5 -8.58567 29.7005
    endloop
  endfacet
  facet normal -1 0 0
    outer loop
      vertex -37.5 8.58567 29.7005
      vertex -37.5 -8.58567 29.7005
      vertex -37.5 -8.72295 29.7438
    endloop
  endfacet
  facet normal -1 0 0
    outer loop
      vertex -37.5 8.72295 29.7438
      vertex -37.5 -8.72295 29.7438
      vertex -37.5 24.5 38
    endloop
  endfacet
  facet normal -1 0 0
    outer loop
      vertex -37.5 -24.5 38
      vertex -37.5 -8.72295 29.7438
      vertex -37.5 -8.86348 29.7749
    endloop
  endfacet
  facet normal -1 0 0
    outer loop
      vertex -37.5 -24.5 38
      vertex -37.5 -8.86348 29.7749
      vertex -37.5 -9.00619 29.7937
    endloop
  endfacet
  facet normal -1 0 0
    outer loop
      vertex -37.5 -24.5 38
      vertex -37.5 -9.00619 29.7937
      vertex -37.5 -9.15 29.8
    endloop
  endfacet
  facet normal -1 0 0
    outer loop
      vertex -37.5 -24.5 38
      vertex -37.5 -9.15 29.8
      vertex -37.5 -9.29381 29.7937
    endloop
  endfacet
  facet normal -1 0 0
    outer loop
      vertex -37.5 -24.5 38
      vertex -37.5 -9.29381 29.7937
      vertex -37.5 -9.43652 29.7749
    endloop
  endfacet
  facet normal -1 0 0
    outer loop
      vertex -37.5 -24.5 38
      vertex -37.5 -9.43652 29.7749
      vertex -37.5 -9.57705 29.7438
    endloop
  endfacet
  facet normal -1 0 0
    outer loop
      vertex -37.5 -10.7937 28.0062
      vertex -37.5 -24.5 38
      vertex -37.5 -10.8 28.15
    endloop
  endfacet
  facet normal -1 0 0
    outer loop
      vertex -37.5 -10.8 28.15
      vertex -37.5 -24.5 38
      vertex -37.5 -10.7937 28.2938
    endloop
  endfacet
  facet normal -1 0 0
    outer loop
      vertex -37.5 -10.7937 28.2938
      vertex -37.5 -24.5 38
      vertex -37.5 -10.7749 28.4365
    endloop
  endfacet
  facet normal -1 0 0
    outer loop
      vertex -37.5 -10.7749 28.4365
      vertex -37.5 -24.5 38
      vertex -37.5 -10.7438 28.5771
    endloop
  endfacet
  facet normal -1 0 0
    outer loop
      vertex -37.5 -10.7438 28.5771
      vertex -37.5 -24.5 38
      vertex -37.5 -10.7005 28.7143
    endloop
  endfacet
  facet normal -1 0 0
    outer loop
      vertex -37.5 -8.72295 29.7438
      vertex -37.5 -24.5 38
      vertex -37.5 24.5 38
    endloop
  endfacet
  facet normal -1 0 0
    outer loop
      vertex -37.5 -9.71433 29.7005
      vertex -37.5 -24.5 38
      vertex -37.5 -9.57705 29.7438
    endloop
  endfacet
  facet normal -1 0 0
    outer loop
      vertex -37.5 -9.84732 29.6454
      vertex -37.5 -24.5 38
      vertex -37.5 -9.71433 29.7005
    endloop
  endfacet
  facet normal -1 0 0
    outer loop
      vertex -37.5 -9.975 29.5789
      vertex -37.5 -24.5 38
      vertex -37.5 -9.84732 29.6454
    endloop
  endfacet
  facet normal -1 0 0
    outer loop
      vertex -37.5 -10.0964 29.5016
      vertex -37.5 -24.5 38
      vertex -37.5 -9.975 29.5789
    endloop
  endfacet
  facet normal -1 0 0
    outer loop
      vertex -37.5 -10.2106 29.414
      vertex -37.5 -24.5 38
      vertex -37.5 -10.0964 29.5016
    endloop
  endfacet
  facet normal -1 0 0
    outer loop
      vertex -37.5 -10.3167 29.3167
      vertex -37.5 -24.5 38
      vertex -37.5 -10.2106 29.414
    endloop
  endfacet
  facet normal -1 0 0
    outer loop
      vertex -37.5 -10.414 29.2106
      vertex -37.5 -24.5 38
      vertex -37.5 -10.3167 29.3167
    endloop
  endfacet
  facet normal -1 0 0
    outer loop
      vertex -37.5 -10.5016 29.0964
      vertex -37.5 -24.5 38
      vertex -37.5 -10.414 29.2106
    endloop
  endfacet
  facet normal -1 0 0
    outer loop
      vertex -37.5 -10.5789 28.975
      vertex -37.5 -24.5 38
      vertex -37.5 -10.5016 29.0964
    endloop
  endfacet
  facet normal -1 0 0
    outer loop
      vertex -37.5 -10.6454 28.8473
      vertex -37.5 -24.5 38
      vertex -37.5 -10.5789 28.975
    endloop
  endfacet
  facet normal -1 0 0
    outer loop
      vertex -37.5 -10.7005 28.7143
      vertex -37.5 -24.5 38
      vertex -37.5 -10.6454 28.8473
    endloop
  endfacet
  facet normal -1 -0 0
    outer loop
      vertex -37.5 9.00619 26.5063
      vertex -37.5 7.0148 23.05
      vertex -37.5 8.86348 26.5251
    endloop
  endfacet
  facet normal -1 0 0
    outer loop
      vertex -37.5 6.63513 23.646
      vertex -37.5 8.86348 26.5251
      vertex -37.5 7.0148 23.05
    endloop
  endfacet
  facet normal -1 -0 0
    outer loop
      vertex -37.5 8.86348 26.5251
      vertex -37.5 6.63513 23.646
      vertex -37.5 8.72295 26.5562
    endloop
  endfacet
  facet normal -1 -0 0
    outer loop
      vertex -37.5 8.72295 26.5562
      vertex -37.5 6.63513 23.646
      vertex -37.5 8.58567 26.5995
    endloop
  endfacet
  facet normal -1 -0 0
    outer loop
      vertex -37.5 8.58567 26.5995
      vertex -37.5 6.63513 23.646
      vertex -37.5 8.45268 26.6546
    endloop
  endfacet
  facet normal -1 0 0
    outer loop
      vertex -37.5 6.20496 24.2066
      vertex -37.5 8.45268 26.6546
      vertex -37.5 6.63513 23.646
    endloop
  endfacet
  facet normal -1 -0 0
    outer loop
      vertex -37.5 8.45268 26.6546
      vertex -37.5 6.20496 24.2066
      vertex -37.5 8.325 26.7211
    endloop
  endfacet
  facet normal -1 -0 0
    outer loop
      vertex -37.5 8.325 26.7211
      vertex -37.5 6.20496 24.2066
      vertex -37.5 8.2036 26.7984
    endloop
  endfacet
  facet normal -1 -0 0
    outer loop
      vertex -37.5 8.2036 26.7984
      vertex -37.5 6.20496 24.2066
      vertex -37.5 8.0894 26.886
    endloop
  endfacet
  facet normal -1 0 0
    outer loop
      vertex -37.5 5.72756 24.7276
      vertex -37.5 8.0894 26.886
      vertex -37.5 6.20496 24.2066
    endloop
  endfacet
  facet normal -1 -0 0
    outer loop
      vertex -37.5 8.0894 26.886
      vertex -37.5 5.72756 24.7276
      vertex -37.5 7.98327 26.9833
    endloop
  endfacet
  facet normal -1 -0 0
    outer loop
      vertex -37.5 7.98327 26.9833
      vertex -37.5 5.72756 24.7276
      vertex -37.5 7.88603 27.0894
    endloop
  endfacet
  facet normal -1 -0 0
    outer loop
      vertex -37.5 7.88603 27.0894
      vertex -37.5 5.72756 24.7276
      vertex -37.5 7.7984 27.2036
    endloop
  endfacet
  facet normal -1 0 0
    outer loop
      vertex -37.5 5.20658 25.205
      vertex -37.5 7.7984 27.2036
      vertex -37.5 5.72756 24.7276
    endloop
  endfacet
  facet normal -1 -0 0
    outer loop
      vertex -37.5 7.7984 27.2036
      vertex -37.5 5.20658 25.205
      vertex -37.5 7.72106 27.325
    endloop
  endfacet
  facet normal -1 -0 0
    outer loop
      vertex -37.5 7.72106 27.325
      vertex -37.5 5.20658 25.205
      vertex -37.5 7.65459 27.4527
    endloop
  endfacet
  facet normal 0.843394 0.537296 0
    outer loop
      vertex 37.0981 26 38
      vertex 36.9575 26.2207 0
      vertex 36.9575 26.2207 38
    endloop
  endfacet
  facet normal 0.843394 0.537296 0
    outer loop
      vertex 36.9575 26.2207 0
      vertex 37.0981 26 38
      vertex 37.0981 26 0
    endloop
  endfacet
  facet normal 0.737202 0.675673 0
    outer loop
      vertex 36.7981 26.4284 38
      vertex 36.6213 26.6213 0
      vertex 36.6213 26.6213 38
    endloop
  endfacet
  facet normal 0.737202 0.675673 0
    outer loop
      vertex 36.6213 26.6213 0
      vertex 36.7981 26.4284 38
      vertex 36.7981 26.4284 0
    endloop
  endfacet
  facet normal 0.300711 0.953715 -0
    outer loop
      vertex 35.5261 27.3191 0
      vertex 35.2765 27.3978 38
      vertex 35.5261 27.3191 38
    endloop
  endfacet
  facet normal 0.300711 0.953715 0
    outer loop
      vertex 35.2765 27.3978 38
      vertex 35.5261 27.3191 0
      vertex 35.2765 27.3978 0
    endloop
  endfacet
  facet normal -0.216283 -0.976331 0
    outer loop
      vertex -35.2765 -27.3978 0
      vertex -35.021 -27.4544 38
      vertex -35.2765 -27.3978 38
    endloop
  endfacet
  facet normal -0.216283 -0.976331 -0
    outer loop
      vertex -35.021 -27.4544 38
      vertex -35.2765 -27.3978 0
      vertex -35.021 -27.4544 0
    endloop
  endfacet
  facet normal 0.216283 0.976331 -0
    outer loop
      vertex 35.2765 27.3978 0
      vertex 35.021 27.4544 38
      vertex 35.2765 27.3978 38
    endloop
  endfacet
  facet normal 0.216283 0.976331 0
    outer loop
      vertex 35.021 27.4544 38
      vertex 35.2765 27.3978 0
      vertex 35.021 27.4544 0
    endloop
  endfacet
  facet normal -0.300711 0.953715 0
    outer loop
      vertex -35.2765 27.3978 0
      vertex -35.5261 27.3191 38
      vertex -35.2765 27.3978 38
    endloop
  endfacet
  facet normal -0.300711 0.953715 0
    outer loop
      vertex -35.5261 27.3191 38
      vertex -35.2765 27.3978 0
      vertex -35.5261 27.3191 0
    endloop
  endfacet
  facet normal 0.216283 -0.976331 0
    outer loop
      vertex 35.021 -27.4544 0
      vertex 35.2765 -27.3978 38
      vertex 35.021 -27.4544 38
    endloop
  endfacet
  facet normal 0.216283 -0.976331 0
    outer loop
      vertex 35.2765 -27.3978 38
      vertex 35.021 -27.4544 0
      vertex 35.2765 -27.3978 0
    endloop
  endfacet
  facet normal -0.537296 -0.843394 0
    outer loop
      vertex -36.2207 -26.9575 0
      vertex -36 -27.0981 38
      vertex -36.2207 -26.9575 38
    endloop
  endfacet
  facet normal -0.537296 -0.843394 -0
    outer loop
      vertex -36 -27.0981 38
      vertex -36.2207 -26.9575 0
      vertex -36 -27.0981 0
    endloop
  endfacet
  facet normal 0.953715 0.300711 0
    outer loop
      vertex 37.3978 25.2765 38
      vertex 37.3191 25.5261 0
      vertex 37.3191 25.5261 38
    endloop
  endfacet
  facet normal 0.953715 0.300711 0
    outer loop
      vertex 37.3191 25.5261 0
      vertex 37.3978 25.2765 38
      vertex 37.3978 25.2765 0
    endloop
  endfacet
  facet normal 0.923821 -0.382824 0
    outer loop
      vertex 37.2189 -25.7679 38
      vertex 37.3191 -25.5261 0
      vertex 37.3191 -25.5261 38
    endloop
  endfacet
  facet normal 0.923821 -0.382824 0
    outer loop
      vertex 37.3191 -25.5261 0
      vertex 37.2189 -25.7679 38
      vertex 37.2189 -25.7679 0
    endloop
  endfacet
  facet normal -0.887048 -0.461678 0
    outer loop
      vertex -37.0981 -26 0
      vertex -37.2189 -25.7679 38
      vertex -37.2189 -25.7679 0
    endloop
  endfacet
  facet normal -0.887048 -0.461678 0
    outer loop
      vertex -37.2189 -25.7679 38
      vertex -37.0981 -26 0
      vertex -37.0981 -26 38
    endloop
  endfacet
  facet normal 0.887048 0.461678 0
    outer loop
      vertex 37.2189 25.7679 38
      vertex 37.0981 26 0
      vertex 37.0981 26 38
    endloop
  endfacet
  facet normal 0.887048 0.461678 0
    outer loop
      vertex 37.0981 26 0
      vertex 37.2189 25.7679 38
      vertex 37.2189 25.7679 0
    endloop
  endfacet
  facet normal -0.300711 -0.953715 0
    outer loop
      vertex -35.5261 -27.3191 0
      vertex -35.2765 -27.3978 38
      vertex -35.5261 -27.3191 38
    endloop
  endfacet
  facet normal -0.300711 -0.953715 -0
    outer loop
      vertex -35.2765 -27.3978 38
      vertex -35.5261 -27.3191 0
      vertex -35.2765 -27.3978 0
    endloop
  endfacet
  facet normal -0.737202 0.675673 0
    outer loop
      vertex -36.7981 26.4284 0
      vertex -36.6213 26.6213 38
      vertex -36.6213 26.6213 0
    endloop
  endfacet
  facet normal -0.737202 0.675673 0
    outer loop
      vertex -36.6213 26.6213 38
      vertex -36.7981 26.4284 0
      vertex -36.7981 26.4284 38
    endloop
  endfacet
  facet normal -0.793305 -0.608824 0
    outer loop
      vertex -36.7981 -26.4284 0
      vertex -36.9575 -26.2207 38
      vertex -36.9575 -26.2207 0
    endloop
  endfacet
  facet normal -0.793305 -0.608824 0
    outer loop
      vertex -36.9575 -26.2207 38
      vertex -36.7981 -26.4284 0
      vertex -36.7981 -26.4284 38
    endloop
  endfacet
  facet normal 1 0 0
    outer loop
      vertex 37.5 -4.05 11.9852
      vertex 37.5 -7.50628 9.99381
      vertex 37.5 -7.5 9.85
    endloop
  endfacet
  facet normal 1 0 0
    outer loop
      vertex 37.5 -7.0148 14.95
      vertex 37.5 -7.52507 10.1365
      vertex 37.5 -7.50628 9.99381
    endloop
  endfacet
  facet normal 1 0 0
    outer loop
      vertex 37.5 -7.0148 14.95
      vertex 37.5 -7.55622 10.2771
      vertex 37.5 -7.52507 10.1365
    endloop
  endfacet
  facet normal 1 0 0
    outer loop
      vertex 37.5 -7.0148 14.95
      vertex 37.5 -7.59951 10.4143
      vertex 37.5 -7.55622 10.2771
    endloop
  endfacet
  facet normal 1 0 0
    outer loop
      vertex 37.5 -9.57705 11.4438
      vertex 37.5 -7.34109 15.5768
      vertex 37.5 -7.61151 16.2296
    endloop
  endfacet
  facet normal 1 0 0
    outer loop
      vertex 37.5 -7.0148 14.95
      vertex 37.5 -7.65459 10.5473
      vertex 37.5 -7.59951 10.4143
    endloop
  endfacet
  facet normal 1 0 0
    outer loop
      vertex 37.5 -7.0148 14.95
      vertex 37.5 -7.72106 10.675
      vertex 37.5 -7.65459 10.5473
    endloop
  endfacet
  facet normal 1 0 0
    outer loop
      vertex 37.5 -7.0148 14.95
      vertex 37.5 -7.7984 10.7964
      vertex 37.5 -7.72106 10.675
    endloop
  endfacet
  facet normal 1 0 0
    outer loop
      vertex 37.5 -9.84732 11.3454
      vertex 37.5 -7.61151 16.2296
      vertex 37.5 -7.824 16.9036
    endloop
  endfacet
  facet normal 1 0 0
    outer loop
      vertex 37.5 -7.0148 14.95
      vertex 37.5 -7.88603 10.9106
      vertex 37.5 -7.7984 10.7964
    endloop
  endfacet
  facet normal 1 0 0
    outer loop
      vertex 37.5 -10.0964 11.2016
      vertex 37.5 -7.824 16.9036
      vertex 37.5 -7.97694 17.5935
    endloop
  endfacet
  facet normal 1 0 0
    outer loop
      vertex 37.5 -7.0148 14.95
      vertex 37.5 -7.98327 11.0167
      vertex 37.5 -7.88603 10.9106
    endloop
  endfacet
  facet normal 1 0 0
    outer loop
      vertex 37.5 -10.3167 11.0167
      vertex 37.5 -7.97694 17.5935
      vertex 37.5 -8.06918 18.294
    endloop
  endfacet
  facet normal 1 0 0
    outer loop
      vertex 37.5 -7.0148 14.95
      vertex 37.5 -8.0894 11.114
      vertex 37.5 -7.98327 11.0167
    endloop
  endfacet
  facet normal 1 0 0
    outer loop
      vertex 37.5 -10.5016 10.7964
      vertex 37.5 -8.06918 18.294
      vertex 37.5 -8.1 19
    endloop
  endfacet
  facet normal 1 -0 0
    outer loop
      vertex 37.5 -9.15 26.5
      vertex 37.5 -7.0148 23.05
      vertex 37.5 -9.00619 26.5063
    endloop
  endfacet
  facet normal 1 0 0
    outer loop
      vertex 37.5 -7.0148 14.95
      vertex 37.5 -8.2036 11.2016
      vertex 37.5 -8.0894 11.114
    endloop
  endfacet
  facet normal 1 0 0
    outer loop
      vertex 37.5 -9.29381 26.5063
      vertex 37.5 -7.0148 23.05
      vertex 37.5 -9.15 26.5
    endloop
  endfacet
  facet normal 1 0 0
    outer loop
      vertex 37.5 -7.0148 14.95
      vertex 37.5 -8.325 11.2789
      vertex 37.5 -8.2036 11.2016
    endloop
  endfacet
  facet normal 1 0 0
    outer loop
      vertex 37.5 -7.0148 23.05
      vertex 37.5 -9.29381 26.5063
      vertex 37.5 -7.34109 22.4232
    endloop
  endfacet
  facet normal 1 0 0
    outer loop
      vertex 37.5 -7.0148 14.95
      vertex 37.5 -8.45268 11.3454
      vertex 37.5 -8.325 11.2789
    endloop
  endfacet
  facet normal 1 0 0
    outer loop
      vertex 37.5 -9.43652 26.5251
      vertex 37.5 -7.34109 22.4232
      vertex 37.5 -9.29381 26.5063
    endloop
  endfacet
  facet normal 1 0 0
    outer loop
      vertex 37.5 -7.0148 14.95
      vertex 37.5 -8.58567 11.4005
      vertex 37.5 -8.45268 11.3454
    endloop
  endfacet
  facet normal 1 0 0
    outer loop
      vertex 37.5 -9.57705 26.5562
      vertex 37.5 -7.34109 22.4232
      vertex 37.5 -9.43652 26.5251
    endloop
  endfacet
  facet normal 1 0 0
    outer loop
      vertex 37.5 -7.0148 14.95
      vertex 37.5 -8.72295 11.4438
      vertex 37.5 -8.58567 11.4005
    endloop
  endfacet
  facet normal 1 0 0
    outer loop
      vertex 37.5 -7.34109 22.4232
      vertex 37.5 -9.57705 26.5562
      vertex 37.5 -7.61151 21.7704
    endloop
  endfacet
  facet normal 1 0 0
    outer loop
      vertex 37.5 -7.0148 14.95
      vertex 37.5 -8.86348 11.4749
      vertex 37.5 -8.72295 11.4438
    endloop
  endfacet
  facet normal 1 0 0
    outer loop
      vertex 37.5 -9.71433 26.5995
      vertex 37.5 -7.61151 21.7704
      vertex 37.5 -9.57705 26.5562
    endloop
  endfacet
  facet normal 1 0 0
    outer loop
      vertex 37.5 -7.0148 14.95
      vertex 37.5 -9.00619 11.4937
      vertex 37.5 -8.86348 11.4749
    endloop
  endfacet
  facet normal 1 0 0
    outer loop
      vertex 37.5 -9.84732 26.6546
      vertex 37.5 -7.61151 21.7704
      vertex 37.5 -9.71433 26.5995
    endloop
  endfacet
  facet normal 1 0 0
    outer loop
      vertex 37.5 -7.0148 14.95
      vertex 37.5 -9.15 11.5
      vertex 37.5 -9.00619 11.4937
    endloop
  endfacet
  facet normal 1 0 0
    outer loop
      vertex 37.5 -7.61151 21.7704
      vertex 37.5 -9.84732 26.6546
      vertex 37.5 -7.824 21.0964
    endloop
  endfacet
  facet normal 1 0 0
    outer loop
      vertex 37.5 -7.0148 14.95
      vertex 37.5 -9.29381 11.4937
      vertex 37.5 -9.15 11.5
    endloop
  endfacet
  facet normal 1 0 0
    outer loop
      vertex 37.5 -9.975 26.7211
      vertex 37.5 -7.824 21.0964
      vertex 37.5 -9.84732 26.6546
    endloop
  endfacet
  facet normal 1 0 0
    outer loop
      vertex 37.5 -7.34109 15.5768
      vertex 37.5 -9.43652 11.4749
      vertex 37.5 -9.29381 11.4937
    endloop
  endfacet
  facet normal 1 0 0
    outer loop
      vertex 37.5 -10.0964 26.7984
      vertex 37.5 -7.824 21.0964
      vertex 37.5 -9.975 26.7211
    endloop
  endfacet
  facet normal 1 0 0
    outer loop
      vertex 37.5 -7.34109 15.5768
      vertex 37.5 -9.57705 11.4438
      vertex 37.5 -9.43652 11.4749
    endloop
  endfacet
  facet normal 1 0 0
    outer loop
      vertex 37.5 -7.824 21.0964
      vertex 37.5 -10.0964 26.7984
      vertex 37.5 -7.97694 20.4065
    endloop
  endfacet
  facet normal 1 0 0
    outer loop
      vertex 37.5 -7.61151 16.2296
      vertex 37.5 -9.71433 11.4005
      vertex 37.5 -9.57705 11.4438
    endloop
  endfacet
  facet normal 1 0 0
    outer loop
      vertex 37.5 -10.2106 26.886
      vertex 37.5 -7.97694 20.4065
      vertex 37.5 -10.0964 26.7984
    endloop
  endfacet
  facet normal 1 0 0
    outer loop
      vertex 37.5 -7.61151 16.2296
      vertex 37.5 -9.84732 11.3454
      vertex 37.5 -9.71433 11.4005
    endloop
  endfacet
  facet normal 1 0 0
    outer loop
      vertex 37.5 -10.3167 26.9833
      vertex 37.5 -7.97694 20.4065
      vertex 37.5 -10.2106 26.886
    endloop
  endfacet
  facet normal 1 0 0
    outer loop
      vertex 37.5 -7.824 16.9036
      vertex 37.5 -9.975 11.2789
      vertex 37.5 -9.84732 11.3454
    endloop
  endfacet
  facet normal 1 0 0
    outer loop
      vertex 37.5 -7.97694 20.4065
      vertex 37.5 -10.3167 26.9833
      vertex 37.5 -8.06918 19.706
    endloop
  endfacet
  facet normal 1 0 0
    outer loop
      vertex 37.5 -7.824 16.9036
      vertex 37.5 -10.0964 11.2016
      vertex 37.5 -9.975 11.2789
    endloop
  endfacet
  facet normal 1 0 0
    outer loop
      vertex 37.5 -10.414 27.0894
      vertex 37.5 -8.06918 19.706
      vertex 37.5 -10.3167 26.9833
    endloop
  endfacet
  facet normal 1 0 0
    outer loop
      vertex 37.5 -7.97694 17.5935
      vertex 37.5 -10.2106 11.114
      vertex 37.5 -10.0964 11.2016
    endloop
  endfacet
  facet normal 1 0 0
    outer loop
      vertex 37.5 -10.5016 27.2036
      vertex 37.5 -8.06918 19.706
      vertex 37.5 -10.414 27.0894
    endloop
  endfacet
  facet normal 1 0 0
    outer loop
      vertex 37.5 -7.97694 17.5935
      vertex 37.5 -10.3167 11.0167
      vertex 37.5 -10.2106 11.114
    endloop
  endfacet
  facet normal 1 0 0
    outer loop
      vertex 37.5 -8.06918 19.706
      vertex 37.5 -10.5016 27.2036
      vertex 37.5 -8.1 19
    endloop
  endfacet
  facet normal 1 0 0
    outer loop
      vertex 37.5 -8.06918 18.294
      vertex 37.5 -10.414 10.9106
      vertex 37.5 -10.3167 11.0167
    endloop
  endfacet
  facet normal 1 0 0
    outer loop
      vertex 37.5 -10.5016 10.7964
      vertex 37.5 -8.1 19
      vertex 37.5 -10.5016 27.2036
    endloop
  endfacet
  facet normal 1 0 0
    outer loop
      vertex 37.5 -8.06918 18.294
      vertex 37.5 -10.5016 10.7964
      vertex 37.5 -10.414 10.9106
    endloop
  endfacet
  facet normal 1 0 0
    outer loop
      vertex 37.5 -10.5789 27.325
      vertex 37.5 -10.5016 10.7964
      vertex 37.5 -10.5016 27.2036
    endloop
  endfacet
  facet normal 1 0 0
    outer loop
      vertex 37.5 -10.5789 27.325
      vertex 37.5 -10.5789 10.675
      vertex 37.5 -10.5016 10.7964
    endloop
  endfacet
  facet normal 1 0 0
    outer loop
      vertex 37.5 -10.6454 27.4527
      vertex 37.5 -10.5789 10.675
      vertex 37.5 -10.5789 27.325
    endloop
  endfacet
  facet normal 1 0 0
    outer loop
      vertex 37.5 -10.6454 27.4527
      vertex 37.5 -10.6454 10.5473
      vertex 37.5 -10.5789 10.675
    endloop
  endfacet
  facet normal 1 0 0
    outer loop
      vertex 37.5 -24.5 38
      vertex 37.5 -10.6454 27.4527
      vertex 37.5 -10.7005 27.5857
    endloop
  endfacet
  facet normal 1 0 0
    outer loop
      vertex 37.5 -10.6454 27.4527
      vertex 37.5 -24.5 38
      vertex 37.5 -10.6454 10.5473
    endloop
  endfacet
  facet normal 1 0 0
    outer loop
      vertex 37.5 -24.5 38
      vertex 37.5 -10.7005 27.5857
      vertex 37.5 -10.7438 27.7229
    endloop
  endfacet
  facet normal 1 0 0
    outer loop
      vertex 37.5 -24.5 0
      vertex 37.5 -10.6454 10.5473
      vertex 37.5 -24.5 38
    endloop
  endfacet
  facet normal 1 0 0
    outer loop
      vertex 37.5 -24.5 38
      vertex 37.5 -10.7438 27.7229
      vertex 37.5 -10.7749 27.8635
    endloop
  endfacet
  facet normal 1 0 0
    outer loop
      vertex 37.5 -10.6454 10.5473
      vertex 37.5 -24.5 0
      vertex 37.5 -10.7005 10.4143
    endloop
  endfacet
  facet normal 1 0 0
    outer loop
      vertex 37.5 -24.5 38
      vertex 37.5 -10.7749 27.8635
      vertex 37.5 -10.7937 28.0062
    endloop
  endfacet
  facet normal 1 0 0
    outer loop
      vertex 37.5 -10.7005 10.4143
      vertex 37.5 -24.5 0
      vertex 37.5 -10.7438 10.2771
    endloop
  endfacet
  facet normal 1 0 0
    outer loop
      vertex 37.5 -24.5 38
      vertex 37.5 -10.7937 28.0062
      vertex 37.5 -10.8 28.15
    endloop
  endfacet
  facet normal 1 0 0
    outer loop
      vertex 37.5 -10.7438 10.2771
      vertex 37.5 -24.5 0
      vertex 37.5 -10.7749 10.1365
    endloop
  endfacet
  facet normal 1 -0 0
    outer loop
      vertex 37.5 -7.72106 27.325
      vertex 37.5 -5.20658 25.205
      vertex 37.5 -7.65459 27.4527
    endloop
  endfacet
  facet normal 1 -0 0
    outer loop
      vertex 37.5 -7.7984 27.2036
      vertex 37.5 -5.20658 25.205
      vertex 37.5 -7.72106 27.325
    endloop
  endfacet
  facet normal 1 0 0
    outer loop
      vertex 37.5 -5.20658 25.205
      vertex 37.5 -7.7984 27.2036
      vertex 37.5 -5.72756 24.7276
    endloop
  endfacet
  facet normal 1 -0 0
    outer loop
      vertex 37.5 -7.88603 27.0894
      vertex 37.5 -5.72756 24.7276
      vertex 37.5 -7.7984 27.2036
    endloop
  endfacet
  facet normal 1 -0 0
    outer loop
      vertex 37.5 -7.98327 26.9833
      vertex 37.5 -5.72756 24.7276
      vertex 37.5 -7.88603 27.0894
    endloop
  endfacet
  facet normal 1 -0 0
    outer loop
      vertex 37.5 -8.0894 26.886
      vertex 37.5 -5.72756 24.7276
      vertex 37.5 -7.98327 26.9833
    endloop
  endfacet
  facet normal 1 0 0
    outer loop
      vertex 37.5 -5.72756 24.7276
      vertex 37.5 -8.0894 26.886
      vertex 37.5 -6.20496 24.2066
    endloop
  endfacet
  facet normal 1 -0 0
    outer loop
      vertex 37.5 -8.2036 26.7984
      vertex 37.5 -6.20496 24.2066
      vertex 37.5 -8.0894 26.886
    endloop
  endfacet
  facet normal 1 -0 0
    outer loop
      vertex 37.5 -8.325 26.7211
      vertex 37.5 -6.20496 24.2066
      vertex 37.5 -8.2036 26.7984
    endloop
  endfacet
  facet normal 1 -0 0
    outer loop
      vertex 37.5 -8.45268 26.6546
      vertex 37.5 -6.20496 24.2066
      vertex 37.5 -8.325 26.7211
    endloop
  endfacet
  facet normal 1 0 0
    outer loop
      vertex 37.5 -6.20496 24.2066
      vertex 37.5 -8.45268 26.6546
      vertex 37.5 -6.63513 23.646
    endloop
  endfacet
  facet normal 1 -0 0
    outer loop
      vertex 37.5 -8.58567 26.5995
      vertex 37.5 -6.63513 23.646
      vertex 37.5 -8.45268 26.6546
    endloop
  endfacet
  facet normal 1 -0 0
    outer loop
      vertex 37.5 -8.72295 26.5562
      vertex 37.5 -6.63513 23.646
      vertex 37.5 -8.58567 26.5995
    endloop
  endfacet
  facet normal 1 -0 0
    outer loop
      vertex 37.5 -8.86348 26.5251
      vertex 37.5 -6.63513 23.646
      vertex 37.5 -8.72295 26.5562
    endloop
  endfacet
  facet normal 1 0 0
    outer loop
      vertex 37.5 -6.63513 23.646
      vertex 37.5 -8.86348 26.5251
      vertex 37.5 -7.0148 23.05
    endloop
  endfacet
  facet normal 1 -0 0
    outer loop
      vertex 37.5 -9.00619 26.5063
      vertex 37.5 -7.0148 23.05
      vertex 37.5 -8.86348 26.5251
    endloop
  endfacet
  facet normal 1 0 0
    outer loop
      vertex 37.5 10.7438 27.7229
      vertex 37.5 24.5 38
      vertex 37.5 10.7749 27.8635
    endloop
  endfacet
  facet normal 1 0 0
    outer loop
      vertex 37.5 24.5 0
      vertex 37.5 10.7937 9.99381
      vertex 37.5 10.8 9.85
    endloop
  endfacet
  facet normal 1 0 0
    outer loop
      vertex 37.5 10.7005 27.5857
      vertex 37.5 24.5 38
      vertex 37.5 10.7438 27.7229
    endloop
  endfacet
  facet normal 1 0 0
    outer loop
      vertex 37.5 24.5 0
      vertex 37.5 10.7749 10.1365
      vertex 37.5 10.7937 9.99381
    endloop
  endfacet
  facet normal 1 0 0
    outer loop
      vertex 37.5 10.6454 27.4527
      vertex 37.5 24.5 38
      vertex 37.5 10.7005 27.5857
    endloop
  endfacet
  facet normal 1 0 0
    outer loop
      vertex 37.5 24.5 0
      vertex 37.5 10.7438 10.2771
      vertex 37.5 10.7749 10.1365
    endloop
  endfacet
  facet normal 1 0 0
    outer loop
      vertex 37.5 24.5 38
      vertex 37.5 10.6454 27.4527
      vertex 37.5 24.5 0
    endloop
  endfacet
  facet normal 1 0 0
    outer loop
      vertex 37.5 24.5 0
      vertex 37.5 10.7005 10.4143
      vertex 37.5 10.7438 10.2771
    endloop
  endfacet
  facet normal 1 -0 0
    outer loop
      vertex 37.5 10.6454 10.5473
      vertex 37.5 24.5 0
      vertex 37.5 10.6454 27.4527
    endloop
  endfacet
  facet normal 1 0 0
    outer loop
      vertex 37.5 24.5 0
      vertex 37.5 10.6454 10.5473
      vertex 37.5 10.7005 10.4143
    endloop
  endfacet
  facet normal 1 -0 0
    outer loop
      vertex 37.5 10.5789 27.325
      vertex 37.5 10.6454 10.5473
      vertex 37.5 10.6454 27.4527
    endloop
  endfacet
  facet normal 1 0 0
    outer loop
      vertex 37.5 10.5789 27.325
      vertex 37.5 10.5789 10.675
      vertex 37.5 10.6454 10.5473
    endloop
  endfacet
  facet normal 1 -0 0
    outer loop
      vertex 37.5 10.5016 27.2036
      vertex 37.5 10.5789 10.675
      vertex 37.5 10.5789 27.325
    endloop
  endfacet
  facet normal 1 0 0
    outer loop
      vertex 37.5 10.5016 27.2036
      vertex 37.5 10.5016 10.7964
      vertex 37.5 10.5789 10.675
    endloop
  endfacet
  facet normal 1 0 0
    outer loop
      vertex 37.5 8.06918 19.706
      vertex 37.5 10.5016 27.2036
      vertex 37.5 10.414 27.0894
    endloop
  endfacet
  facet normal 1 0 0
    outer loop
      vertex 37.5 10.5016 27.2036
      vertex 37.5 8.1 19
      vertex 37.5 10.5016 10.7964
    endloop
  endfacet
  facet normal 1 0 0
    outer loop
      vertex 37.5 8.06918 19.706
      vertex 37.5 10.414 27.0894
      vertex 37.5 10.3167 26.9833
    endloop
  endfacet
  facet normal 1 -0 0
    outer loop
      vertex 37.5 8.06918 18.294
      vertex 37.5 10.5016 10.7964
      vertex 37.5 8.1 19
    endloop
  endfacet
  facet normal 1 0 0
    outer loop
      vertex 37.5 7.97694 20.4065
      vertex 37.5 10.3167 26.9833
      vertex 37.5 10.2106 26.886
    endloop
  endfacet
  facet normal 1 0 0
    outer loop
      vertex 37.5 10.5016 10.7964
      vertex 37.5 8.06918 18.294
      vertex 37.5 10.414 10.9106
    endloop
  endfacet
  facet normal 1 0 0
    outer loop
      vertex 37.5 7.97694 20.4065
      vertex 37.5 10.2106 26.886
      vertex 37.5 10.0964 26.7984
    endloop
  endfacet
  facet normal 1 0 0
    outer loop
      vertex 37.5 10.414 10.9106
      vertex 37.5 8.06918 18.294
      vertex 37.5 10.3167 11.0167
    endloop
  endfacet
  facet normal 1 0 0
    outer loop
      vertex 37.5 7.824 21.0964
      vertex 37.5 10.0964 26.7984
      vertex 37.5 9.975 26.7211
    endloop
  endfacet
  facet normal 1 -0 0
    outer loop
      vertex 37.5 7.97694 17.5935
      vertex 37.5 10.3167 11.0167
      vertex 37.5 8.06918 18.294
    endloop
  endfacet
  facet normal 1 0 0
    outer loop
      vertex 37.5 7.824 21.0964
      vertex 37.5 9.975 26.7211
      vertex 37.5 9.84732 26.6546
    endloop
  endfacet
  facet normal 1 0 0
    outer loop
      vertex 37.5 10.3167 11.0167
      vertex 37.5 7.97694 17.5935
      vertex 37.5 10.2106 11.114
    endloop
  endfacet
  facet normal 1 0 0
    outer loop
      vertex 37.5 7.61151 21.7704
      vertex 37.5 9.84732 26.6546
      vertex 37.5 9.71433 26.5995
    endloop
  endfacet
  facet normal 1 0 0
    outer loop
      vertex 37.5 10.2106 11.114
      vertex 37.5 7.97694 17.5935
      vertex 37.5 10.0964 11.2016
    endloop
  endfacet
  facet normal 1 0 0
    outer loop
      vertex 37.5 7.61151 21.7704
      vertex 37.5 9.71433 26.5995
      vertex 37.5 9.57705 26.5562
    endloop
  endfacet
  facet normal 1 -0 0
    outer loop
      vertex 37.5 7.824 16.9036
      vertex 37.5 10.0964 11.2016
      vertex 37.5 7.97694 17.5935
    endloop
  endfacet
  facet normal 1 0 0
    outer loop
      vertex 37.5 7.34109 22.4232
      vertex 37.5 9.57705 26.5562
      vertex 37.5 9.43652 26.5251
    endloop
  endfacet
  facet normal 1 0 0
    outer loop
      vertex 37.5 10.0964 11.2016
      vertex 37.5 7.824 16.9036
      vertex 37.5 9.975 11.2789
    endloop
  endfacet
  facet normal 1 0 0
    outer loop
      vertex 37.5 7.34109 22.4232
      vertex 37.5 9.43652 26.5251
      vertex 37.5 9.29381 26.5063
    endloop
  endfacet
  facet normal 1 0 0
    outer loop
      vertex 37.5 9.975 11.2789
      vertex 37.5 7.824 16.9036
      vertex 37.5 9.84732 11.3454
    endloop
  endfacet
  facet normal 1 0 0
    outer loop
      vertex 37.5 7.0148 23.05
      vertex 37.5 9.29381 26.5063
      vertex 37.5 9.15 26.5
    endloop
  endfacet
  facet normal 1 -0 0
    outer loop
      vertex 37.5 7.61151 16.2296
      vertex 37.5 9.84732 11.3454
      vertex 37.5 7.824 16.9036
    endloop
  endfacet
  facet normal 1 0 0
    outer loop
      vertex 37.5 7.0148 23.05
      vertex 37.5 9.15 26.5
      vertex 37.5 9.00619 26.5063
    endloop
  endfacet
  facet normal 1 0 0
    outer loop
      vertex 37.5 9.84732 11.3454
      vertex 37.5 7.61151 16.2296
      vertex 37.5 9.71433 11.4005
    endloop
  endfacet
  facet normal 1 0 0
    outer loop
      vertex 37.5 7.0148 23.05
      vertex 37.5 9.00619 26.5063
      vertex 37.5 8.86348 26.5251
    endloop
  endfacet
  facet normal 1 0 0
    outer loop
      vertex 37.5 9.71433 11.4005
      vertex 37.5 7.61151 16.2296
      vertex 37.5 9.57705 11.4438
    endloop
  endfacet
  facet normal 1 0 0
    outer loop
      vertex 37.5 6.63513 23.646
      vertex 37.5 8.86348 26.5251
      vertex 37.5 8.72295 26.5562
    endloop
  endfacet
  facet normal 1 -0 0
    outer loop
      vertex 37.5 7.34109 15.5768
      vertex 37.5 9.57705 11.4438
      vertex 37.5 7.61151 16.2296
    endloop
  endfacet
  facet normal 1 0 0
    outer loop
      vertex 37.5 6.63513 23.646
      vertex 37.5 8.72295 26.5562
      vertex 37.5 8.58567 26.5995
    endloop
  endfacet
  facet normal 1 0 0
    outer loop
      vertex 37.5 9.57705 11.4438
      vertex 37.5 7.34109 15.5768
      vertex 37.5 9.43652 11.4749
    endloop
  endfacet
  facet normal 1 0 0
    outer loop
      vertex 37.5 6.63513 23.646
      vertex 37.5 8.58567 26.5995
      vertex 37.5 8.45268 26.6546
    endloop
  endfacet
  facet normal 1 0 0
    outer loop
      vertex 37.5 9.43652 11.4749
      vertex 37.5 7.34109 15.5768
      vertex 37.5 9.29381 11.4937
    endloop
  endfacet
  facet normal 1 0 0
    outer loop
      vertex 37.5 6.20496 24.2066
      vertex 37.5 8.45268 26.6546
      vertex 37.5 8.325 26.7211
    endloop
  endfacet
  facet normal 1 -0 0
    outer loop
      vertex 37.5 7.0148 14.95
      vertex 37.5 9.29381 11.4937
      vertex 37.5 7.34109 15.5768
    endloop
  endfacet
  facet normal 1 0 0
    outer loop
      vertex 37.5 6.20496 24.2066
      vertex 37.5 8.325 26.7211
      vertex 37.5 8.2036 26.7984
    endloop
  endfacet
  facet normal 1 0 0
    outer loop
      vertex 37.5 9.29381 11.4937
      vertex 37.5 7.0148 14.95
      vertex 37.5 9.15 11.5
    endloop
  endfacet
  facet normal 1 0 0
    outer loop
      vertex 37.5 9.15 11.5
      vertex 37.5 7.0148 14.95
      vertex 37.5 9.00619 11.4937
    endloop
  endfacet
  facet normal 1 0 0
    outer loop
      vertex 37.5 6.20496 24.2066
      vertex 37.5 8.2036 26.7984
      vertex 37.5 8.0894 26.886
    endloop
  endfacet
  facet normal 1 0 0
    outer loop
      vertex 37.5 10.5016 27.2036
      vertex 37.5 8.06918 19.706
      vertex 37.5 8.1 19
    endloop
  endfacet
  facet normal 1 0 0
    outer loop
      vertex 37.5 5.72756 24.7276
      vertex 37.5 8.0894 26.886
      vertex 37.5 7.98327 26.9833
    endloop
  endfacet
  facet normal 1 0 0
    outer loop
      vertex 37.5 10.3167 26.9833
      vertex 37.5 7.97694 20.4065
      vertex 37.5 8.06918 19.706
    endloop
  endfacet
  facet normal 1 0 0
    outer loop
      vertex 37.5 5.72756 24.7276
      vertex 37.5 7.98327 26.9833
      vertex 37.5 7.88603 27.0894
    endloop
  endfacet
  facet normal 1 0 0
    outer loop
      vertex 37.5 10.0964 26.7984
      vertex 37.5 7.824 21.0964
      vertex 37.5 7.97694 20.4065
    endloop
  endfacet
  facet normal 1 0 0
    outer loop
      vertex 37.5 5.72756 24.7276
      vertex 37.5 7.88603 27.0894
      vertex 37.5 7.7984 27.2036
    endloop
  endfacet
  facet normal 1 0 0
    outer loop
      vertex 37.5 5.20658 25.205
      vertex 37.5 7.7984 27.2036
      vertex 37.5 7.72106 27.325
    endloop
  endfacet
  facet normal 1 0 0
    outer loop
      vertex 37.5 5.20658 25.205
      vertex 37.5 7.72106 27.325
      vertex 37.5 7.65459 27.4527
    endloop
  endfacet
  facet normal 1 0 0
    outer loop
      vertex 37.5 9.84732 26.6546
      vertex 37.5 7.61151 21.7704
      vertex 37.5 7.824 21.0964
    endloop
  endfacet
  facet normal 1 0 0
    outer loop
      vertex 37.5 4.64597 25.6351
      vertex 37.5 7.65459 27.4527
      vertex 37.5 7.59951 27.5857
    endloop
  endfacet
  facet normal 1 0 0
    outer loop
      vertex 37.5 4.64597 25.6351
      vertex 37.5 7.59951 27.5857
      vertex 37.5 7.55622 27.7229
    endloop
  endfacet
  facet normal 1 0 0
    outer loop
      vertex 37.5 4.64597 25.6351
      vertex 37.5 7.55622 27.7229
      vertex 37.5 7.52507 27.8635
    endloop
  endfacet
  facet normal 1 0 0
    outer loop
      vertex 37.5 4.05 26.0148
      vertex 37.5 7.52507 27.8635
      vertex 37.5 7.50628 28.0062
    endloop
  endfacet
  facet normal 1 0 0
    outer loop
      vertex 37.5 4.05 26.0148
      vertex 37.5 7.50628 28.0062
      vertex 37.5 7.5 28.15
    endloop
  endfacet
  facet normal 1 0 0
    outer loop
      vertex 37.5 9.57705 26.5562
      vertex 37.5 7.34109 22.4232
      vertex 37.5 7.61151 21.7704
    endloop
  endfacet
  facet normal 1 0 0
    outer loop
      vertex 37.5 10.7937 28.0062
      vertex 37.5 24.5 38
      vertex 37.5 10.8 28.15
    endloop
  endfacet
  facet normal 1 0 0
    outer loop
      vertex 37.5 24.5 38
      vertex 37.5 10.7937 28.2938
      vertex 37.5 10.8 28.15
    endloop
  endfacet
  facet normal 1 0 0
    outer loop
      vertex 37.5 24.5 38
      vertex 37.5 10.7749 28.4365
      vertex 37.5 10.7937 28.2938
    endloop
  endfacet
  facet normal 1 0 0
    outer loop
      vertex 37.5 24.5 38
      vertex 37.5 10.7438 28.5771
      vertex 37.5 10.7749 28.4365
    endloop
  endfacet
  facet normal 1 0 0
    outer loop
      vertex 37.5 24.5 38
      vertex 37.5 10.7005 28.7143
      vertex 37.5 10.7438 28.5771
    endloop
  endfacet
  facet normal 1 0 0
    outer loop
      vertex 37.5 24.5 38
      vertex 37.5 10.6454 28.8473
      vertex 37.5 10.7005 28.7143
    endloop
  endfacet
  facet normal 1 0 0
    outer loop
      vertex 37.5 24.5 38
      vertex 37.5 10.5789 28.975
      vertex 37.5 10.6454 28.8473
    endloop
  endfacet
  facet normal 1 0 0
    outer loop
      vertex 37.5 24.5 38
      vertex 37.5 10.5016 29.0964
      vertex 37.5 10.5789 28.975
    endloop
  endfacet
  facet normal 1 0 0
    outer loop
      vertex 37.5 24.5 38
      vertex 37.5 10.414 29.2106
      vertex 37.5 10.5016 29.0964
    endloop
  endfacet
  facet normal 1 0 0
    outer loop
      vertex 37.5 24.5 38
      vertex 37.5 10.3167 29.3167
      vertex 37.5 10.414 29.2106
    endloop
  endfacet
  facet normal 1 0 0
    outer loop
      vertex 37.5 24.5 38
      vertex 37.5 10.2106 29.414
      vertex 37.5 10.3167 29.3167
    endloop
  endfacet
  facet normal 1 0 0
    outer loop
      vertex 37.5 24.5 38
      vertex 37.5 10.0964 29.5016
      vertex 37.5 10.2106 29.414
    endloop
  endfacet
  facet normal 1 0 0
    outer loop
      vertex 37.5 24.5 38
      vertex 37.5 9.975 29.5789
      vertex 37.5 10.0964 29.5016
    endloop
  endfacet
  facet normal 1 0 0
    outer loop
      vertex 37.5 24.5 38
      vertex 37.5 9.84732 29.6454
      vertex 37.5 9.975 29.5789
    endloop
  endfacet
  facet normal 1 0 0
    outer loop
      vertex 37.5 24.5 38
      vertex 37.5 9.71433 29.7005
      vertex 37.5 9.84732 29.6454
    endloop
  endfacet
  facet normal 1 0 0
    outer loop
      vertex 37.5 24.5 38
      vertex 37.5 9.57705 29.7438
      vertex 37.5 9.71433 29.7005
    endloop
  endfacet
  facet normal 1 0 0
    outer loop
      vertex 37.5 24.5 38
      vertex 37.5 9.43652 29.7749
      vertex 37.5 9.57705 29.7438
    endloop
  endfacet
  facet normal 1 0 0
    outer loop
      vertex 37.5 24.5 38
      vertex 37.5 9.29381 29.7937
      vertex 37.5 9.43652 29.7749
    endloop
  endfacet
  facet normal 1 0 0
    outer loop
      vertex 37.5 24.5 38
      vertex 37.5 9.15 29.8
      vertex 37.5 9.29381 29.7937
    endloop
  endfacet
  facet normal 1 0 0
    outer loop
      vertex 37.5 24.5 38
      vertex 37.5 9.00619 29.7937
      vertex 37.5 9.15 29.8
    endloop
  endfacet
  facet normal 1 0 0
    outer loop
      vertex 37.5 24.5 38
      vertex 37.5 8.86348 29.7749
      vertex 37.5 9.00619 29.7937
    endloop
  endfacet
  facet normal 1 0 0
    outer loop
      vertex 37.5 24.5 38
      vertex 37.5 8.72295 29.7438
      vertex 37.5 8.86348 29.7749
    endloop
  endfacet
  facet normal 1 0 0
    outer loop
      vertex 37.5 -8.72295 29.7438
      vertex 37.5 8.72295 29.7438
      vertex 37.5 24.5 38
    endloop
  endfacet
  facet normal 1 0 0
    outer loop
      vertex 37.5 8.72295 29.7438
      vertex 37.5 -8.72295 29.7438
      vertex 37.5 8.58567 29.7005
    endloop
  endfacet
  facet normal 1 0 -0
    outer loop
      vertex 37.5 -8.58567 29.7005
      vertex 37.5 8.58567 29.7005
      vertex 37.5 -8.72295 29.7438
    endloop
  endfacet
  facet normal 1 0 0
    outer loop
      vertex 37.5 9.29381 26.5063
      vertex 37.5 7.0148 23.05
      vertex 37.5 7.34109 22.4232
    endloop
  endfacet
  facet normal 1 0 0
    outer loop
      vertex 37.5 4.05 26.0148
      vertex 37.5 7.5 28.15
      vertex 37.5 7.50628 28.2938
    endloop
  endfacet
  facet normal 1 0 0
    outer loop
      vertex 37.5 8.86348 26.5251
      vertex 37.5 6.63513 23.646
      vertex 37.5 7.0148 23.05
    endloop
  endfacet
  facet normal 1 0 0
    outer loop
      vertex 37.5 3.42321 26.3411
      vertex 37.5 7.50628 28.2938
      vertex 37.5 7.52507 28.4365
    endloop
  endfacet
  facet normal 1 0 0
    outer loop
      vertex 37.5 8.45268 26.6546
      vertex 37.5 6.20496 24.2066
      vertex 37.5 6.63513 23.646
    endloop
  endfacet
  facet normal 1 0 0
    outer loop
      vertex 37.5 3.42321 26.3411
      vertex 37.5 7.52507 28.4365
      vertex 37.5 7.55622 28.5771
    endloop
  endfacet
  facet normal 1 0 0
    outer loop
      vertex 37.5 8.0894 26.886
      vertex 37.5 5.72756 24.7276
      vertex 37.5 6.20496 24.2066
    endloop
  endfacet
  facet normal 1 0 0
    outer loop
      vertex 37.5 2.77036 26.6115
      vertex 37.5 7.55622 28.5771
      vertex 37.5 7.59951 28.7143
    endloop
  endfacet
  facet normal 1 0 0
    outer loop
      vertex 37.5 2.77036 26.6115
      vertex 37.5 7.59951 28.7143
      vertex 37.5 7.65459 28.8473
    endloop
  endfacet
  facet normal 1 0 0
    outer loop
      vertex 37.5 7.7984 27.2036
      vertex 37.5 5.20658 25.205
      vertex 37.5 5.72756 24.7276
    endloop
  endfacet
  facet normal 1 0 0
    outer loop
      vertex 37.5 2.77036 26.6115
      vertex 37.5 7.65459 28.8473
      vertex 37.5 7.72106 28.975
    endloop
  endfacet
  facet normal 1 0 0
    outer loop
      vertex 37.5 2.09643 26.824
      vertex 37.5 7.72106 28.975
      vertex 37.5 7.7984 29.0964
    endloop
  endfacet
  facet normal 1 0 0
    outer loop
      vertex 37.5 7.65459 27.4527
      vertex 37.5 4.64597 25.6351
      vertex 37.5 5.20658 25.205
    endloop
  endfacet
  facet normal 1 0 0
    outer loop
      vertex 37.5 1.40655 26.9769
      vertex 37.5 7.7984 29.0964
      vertex 37.5 7.88603 29.2106
    endloop
  endfacet
  facet normal 1 0 0
    outer loop
      vertex 37.5 7.52507 27.8635
      vertex 37.5 4.05 26.0148
      vertex 37.5 4.64597 25.6351
    endloop
  endfacet
  facet normal 1 0 0
    outer loop
      vertex 37.5 1.40655 26.9769
      vertex 37.5 7.88603 29.2106
      vertex 37.5 7.98327 29.3167
    endloop
  endfacet
  facet normal 1 0 0
    outer loop
      vertex 37.5 0.705961 27.0692
      vertex 37.5 7.98327 29.3167
      vertex 37.5 8.0894 29.414
    endloop
  endfacet
  facet normal 1 0 0
    outer loop
      vertex 37.5 7.50628 28.2938
      vertex 37.5 3.42321 26.3411
      vertex 37.5 4.05 26.0148
    endloop
  endfacet
  facet normal 1 0 0
    outer loop
      vertex 37.5 0.705961 27.0692
      vertex 37.5 8.0894 29.414
      vertex 37.5 8.2036 29.5016
    endloop
  endfacet
  facet normal 1 0 0
    outer loop
      vertex 37.5 7.55622 28.5771
      vertex 37.5 2.77036 26.6115
      vertex 37.5 3.42321 26.3411
    endloop
  endfacet
  facet normal 1 0 0
    outer loop
      vertex 37.5 0 27.1
      vertex 37.5 8.2036 29.5016
      vertex 37.5 8.325 29.5789
    endloop
  endfacet
  facet normal 1 0 0
    outer loop
      vertex 37.5 7.72106 28.975
      vertex 37.5 2.09643 26.824
      vertex 37.5 2.77036 26.6115
    endloop
  endfacet
  facet normal 1 0 0
    outer loop
      vertex 37.5 8.58567 29.7005
      vertex 37.5 -8.58567 29.7005
      vertex 37.5 8.45268 29.6454
    endloop
  endfacet
  facet normal 1 0 0
    outer loop
      vertex 37.5 7.7984 29.0964
      vertex 37.5 1.40655 26.9769
      vertex 37.5 2.09643 26.824
    endloop
  endfacet
  facet normal 1 0 0
    outer loop
      vertex 37.5 7.98327 29.3167
      vertex 37.5 0.705961 27.0692
      vertex 37.5 1.40655 26.9769
    endloop
  endfacet
  facet normal 1 0 -0
    outer loop
      vertex 37.5 -8.325 29.5789
      vertex 37.5 8.325 29.5789
      vertex 37.5 -8.45268 29.6454
    endloop
  endfacet
  facet normal 1 0 -0
    outer loop
      vertex 37.5 0 27.1
      vertex 37.5 8.325 29.5789
      vertex 37.5 -8.325 29.5789
    endloop
  endfacet
  facet normal 1 -0 -0
    outer loop
      vertex 37.5 -8.2036 29.5016
      vertex 37.5 0 27.1
      vertex 37.5 -8.325 29.5789
    endloop
  endfacet
  facet normal 1 0 0
    outer loop
      vertex 37.5 0 27.1
      vertex 37.5 -8.2036 29.5016
      vertex 37.5 -0.705961 27.0692
    endloop
  endfacet
  facet normal 1 -0 -0
    outer loop
      vertex 37.5 -7.98327 29.3167
      vertex 37.5 -0.705961 27.0692
      vertex 37.5 -8.0894 29.414
    endloop
  endfacet
  facet normal 1 0 0
    outer loop
      vertex 37.5 -0.705961 27.0692
      vertex 37.5 -7.98327 29.3167
      vertex 37.5 -1.40655 26.9769
    endloop
  endfacet
  facet normal 1 0 0
    outer loop
      vertex 37.5 -4.64597 25.6351
      vertex 37.5 -7.65459 27.4527
      vertex 37.5 -5.20658 25.205
    endloop
  endfacet
  facet normal 1 -0 0
    outer loop
      vertex 37.5 -7.65459 27.4527
      vertex 37.5 -4.64597 25.6351
      vertex 37.5 -7.59951 27.5857
    endloop
  endfacet
  facet normal 1 -0 0
    outer loop
      vertex 37.5 -7.59951 27.5857
      vertex 37.5 -4.64597 25.6351
      vertex 37.5 -7.55622 27.7229
    endloop
  endfacet
  facet normal 1 -0 0
    outer loop
      vertex 37.5 -7.55622 27.7229
      vertex 37.5 -4.64597 25.6351
      vertex 37.5 -7.52507 27.8635
    endloop
  endfacet
  facet normal 1 0 0
    outer loop
      vertex 37.5 -4.05 26.0148
      vertex 37.5 -7.52507 27.8635
      vertex 37.5 -4.64597 25.6351
    endloop
  endfacet
  facet normal 1 -0 0
    outer loop
      vertex 37.5 -7.52507 27.8635
      vertex 37.5 -4.05 26.0148
      vertex 37.5 -7.50628 28.0062
    endloop
  endfacet
  facet normal 1 -0 0
    outer loop
      vertex 37.5 -7.50628 28.0062
      vertex 37.5 -4.05 26.0148
      vertex 37.5 -7.5 28.15
    endloop
  endfacet
  facet normal 1 0 0
    outer loop
      vertex 37.5 -7.50628 28.2938
      vertex 37.5 -4.05 26.0148
      vertex 37.5 -3.42321 26.3411
    endloop
  endfacet
  facet normal 1 -0 -0
    outer loop
      vertex 37.5 -7.7984 29.0964
      vertex 37.5 -1.40655 26.9769
      vertex 37.5 -7.88603 29.2106
    endloop
  endfacet
  facet normal 1 0 0
    outer loop
      vertex 37.5 -4.05 26.0148
      vertex 37.5 -7.50628 28.2938
      vertex 37.5 -7.5 28.15
    endloop
  endfacet
  facet normal 1 0 0
    outer loop
      vertex 37.5 -3.42321 26.3411
      vertex 37.5 -7.52507 28.4365
      vertex 37.5 -7.50628 28.2938
    endloop
  endfacet
  facet normal 1 0 0
    outer loop
      vertex 37.5 -3.42321 26.3411
      vertex 37.5 -7.55622 28.5771
      vertex 37.5 -7.52507 28.4365
    endloop
  endfacet
  facet normal 1 0 0
    outer loop
      vertex 37.5 -2.77036 26.6115
      vertex 37.5 -7.55622 28.5771
      vertex 37.5 -3.42321 26.3411
    endloop
  endfacet
  facet normal 1 -0 -0
    outer loop
      vertex 37.5 -7.55622 28.5771
      vertex 37.5 -2.77036 26.6115
      vertex 37.5 -7.59951 28.7143
    endloop
  endfacet
  facet normal 1 -0 -0
    outer loop
      vertex 37.5 -7.59951 28.7143
      vertex 37.5 -2.77036 26.6115
      vertex 37.5 -7.65459 28.8473
    endloop
  endfacet
  facet normal 1 -0 -0
    outer loop
      vertex 37.5 -7.65459 28.8473
      vertex 37.5 -2.77036 26.6115
      vertex 37.5 -7.72106 28.975
    endloop
  endfacet
  facet normal 1 0 0
    outer loop
      vertex 37.5 -2.09643 26.824
      vertex 37.5 -7.72106 28.975
      vertex 37.5 -2.77036 26.6115
    endloop
  endfacet
  facet normal 1 -0 -0
    outer loop
      vertex 37.5 -7.72106 28.975
      vertex 37.5 -2.09643 26.824
      vertex 37.5 -7.7984 29.0964
    endloop
  endfacet
  facet normal 1 0 0
    outer loop
      vertex 37.5 -1.40655 26.9769
      vertex 37.5 -7.7984 29.0964
      vertex 37.5 -2.09643 26.824
    endloop
  endfacet
  facet normal 1 -0 -0
    outer loop
      vertex 37.5 -7.88603 29.2106
      vertex 37.5 -1.40655 26.9769
      vertex 37.5 -7.98327 29.3167
    endloop
  endfacet
  facet normal 1 -0 -0
    outer loop
      vertex 37.5 -8.0894 29.414
      vertex 37.5 -0.705961 27.0692
      vertex 37.5 -8.2036 29.5016
    endloop
  endfacet
  facet normal 1 0 0
    outer loop
      vertex 37.5 8.2036 29.5016
      vertex 37.5 0 27.1
      vertex 37.5 0.705961 27.0692
    endloop
  endfacet
  facet normal 1 0 0
    outer loop
      vertex 37.5 8.45268 29.6454
      vertex 37.5 -8.45268 29.6454
      vertex 37.5 8.325 29.5789
    endloop
  endfacet
  facet normal 1 0 -0
    outer loop
      vertex 37.5 -8.45268 29.6454
      vertex 37.5 8.45268 29.6454
      vertex 37.5 -8.58567 29.7005
    endloop
  endfacet
  facet normal 1 -0 0
    outer loop
      vertex 37.5 -24.5 38
      vertex 37.5 -8.72295 29.7438
      vertex 37.5 24.5 38
    endloop
  endfacet
  facet normal 1 0 0
    outer loop
      vertex 37.5 -8.72295 29.7438
      vertex 37.5 -24.5 38
      vertex 37.5 -8.86348 29.7749
    endloop
  endfacet
  facet normal 1 0 0
    outer loop
      vertex 37.5 -8.86348 29.7749
      vertex 37.5 -24.5 38
      vertex 37.5 -9.00619 29.7937
    endloop
  endfacet
  facet normal 1 0 0
    outer loop
      vertex 37.5 -9.00619 29.7937
      vertex 37.5 -24.5 38
      vertex 37.5 -9.15 29.8
    endloop
  endfacet
  facet normal 1 0 0
    outer loop
      vertex 37.5 -9.15 29.8
      vertex 37.5 -24.5 38
      vertex 37.5 -9.29381 29.7937
    endloop
  endfacet
  facet normal 1 0 0
    outer loop
      vertex 37.5 -9.29381 29.7937
      vertex 37.5 -24.5 38
      vertex 37.5 -9.43652 29.7749
    endloop
  endfacet
  facet normal 1 0 0
    outer loop
      vertex 37.5 -10.7749 10.1365
      vertex 37.5 -24.5 0
      vertex 37.5 -10.7937 9.99381
    endloop
  endfacet
  facet normal 1 0 0
    outer loop
      vertex 37.5 -10.7937 28.2938
      vertex 37.5 -24.5 38
      vertex 37.5 -10.8 28.15
    endloop
  endfacet
  facet normal 1 0 0
    outer loop
      vertex 37.5 -10.7749 28.4365
      vertex 37.5 -24.5 38
      vertex 37.5 -10.7937 28.2938
    endloop
  endfacet
  facet normal 1 0 0
    outer loop
      vertex 37.5 -10.7438 28.5771
      vertex 37.5 -24.5 38
      vertex 37.5 -10.7749 28.4365
    endloop
  endfacet
  facet normal 1 0 0
    outer loop
      vertex 37.5 -10.7005 28.7143
      vertex 37.5 -24.5 38
      vertex 37.5 -10.7438 28.5771
    endloop
  endfacet
  facet normal 1 0 0
    outer loop
      vertex 37.5 -10.6454 28.8473
      vertex 37.5 -24.5 38
      vertex 37.5 -10.7005 28.7143
    endloop
  endfacet
  facet normal 1 0 0
    outer loop
      vertex 37.5 -10.5789 28.975
      vertex 37.5 -24.5 38
      vertex 37.5 -10.6454 28.8473
    endloop
  endfacet
  facet normal 1 0 0
    outer loop
      vertex 37.5 -10.5016 29.0964
      vertex 37.5 -24.5 38
      vertex 37.5 -10.5789 28.975
    endloop
  endfacet
  facet normal 1 0 0
    outer loop
      vertex 37.5 -10.414 29.2106
      vertex 37.5 -24.5 38
      vertex 37.5 -10.5016 29.0964
    endloop
  endfacet
  facet normal 1 0 0
    outer loop
      vertex 37.5 -10.3167 29.3167
      vertex 37.5 -24.5 38
      vertex 37.5 -10.414 29.2106
    endloop
  endfacet
  facet normal 1 0 0
    outer loop
      vertex 37.5 -10.2106 29.414
      vertex 37.5 -24.5 38
      vertex 37.5 -10.3167 29.3167
    endloop
  endfacet
  facet normal 1 0 0
    outer loop
      vertex 37.5 -10.0964 29.5016
      vertex 37.5 -24.5 38
      vertex 37.5 -10.2106 29.414
    endloop
  endfacet
  facet normal 1 0 0
    outer loop
      vertex 37.5 -9.975 29.5789
      vertex 37.5 -24.5 38
      vertex 37.5 -10.0964 29.5016
    endloop
  endfacet
  facet normal 1 0 0
    outer loop
      vertex 37.5 -9.84732 29.6454
      vertex 37.5 -24.5 38
      vertex 37.5 -9.975 29.5789
    endloop
  endfacet
  facet normal 1 0 0
    outer loop
      vertex 37.5 -9.71433 29.7005
      vertex 37.5 -24.5 38
      vertex 37.5 -9.84732 29.6454
    endloop
  endfacet
  facet normal 1 0 0
    outer loop
      vertex 37.5 -9.57705 29.7438
      vertex 37.5 -24.5 38
      vertex 37.5 -9.71433 29.7005
    endloop
  endfacet
  facet normal 1 0 0
    outer loop
      vertex 37.5 -9.43652 29.7749
      vertex 37.5 -24.5 38
      vertex 37.5 -9.57705 29.7438
    endloop
  endfacet
  facet normal 1 0 0
    outer loop
      vertex 37.5 10.7749 27.8635
      vertex 37.5 24.5 38
      vertex 37.5 10.7937 28.0062
    endloop
  endfacet
  facet normal 1 -0 0
    outer loop
      vertex 37.5 10.7937 9.70619
      vertex 37.5 24.5 0
      vertex 37.5 10.8 9.85
    endloop
  endfacet
  facet normal 1 -0 0
    outer loop
      vertex 37.5 10.7749 9.56348
      vertex 37.5 24.5 0
      vertex 37.5 10.7937 9.70619
    endloop
  endfacet
  facet normal 1 -0 0
    outer loop
      vertex 37.5 10.7438 9.42295
      vertex 37.5 24.5 0
      vertex 37.5 10.7749 9.56348
    endloop
  endfacet
  facet normal 1 -0 0
    outer loop
      vertex 37.5 10.7005 9.28567
      vertex 37.5 24.5 0
      vertex 37.5 10.7438 9.42295
    endloop
  endfacet
  facet normal 1 -0 0
    outer loop
      vertex 37.5 10.6454 9.15268
      vertex 37.5 24.5 0
      vertex 37.5 10.7005 9.28567
    endloop
  endfacet
  facet normal 1 -0 0
    outer loop
      vertex 37.5 10.5789 9.025
      vertex 37.5 24.5 0
      vertex 37.5 10.6454 9.15268
    endloop
  endfacet
  facet normal 1 -0 0
    outer loop
      vertex 37.5 10.5016 8.9036
      vertex 37.5 24.5 0
      vertex 37.5 10.5789 9.025
    endloop
  endfacet
  facet normal 1 -0 0
    outer loop
      vertex 37.5 10.414 8.7894
      vertex 37.5 24.5 0
      vertex 37.5 10.5016 8.9036
    endloop
  endfacet
  facet normal 1 -0 0
    outer loop
      vertex 37.5 10.3167 8.68327
      vertex 37.5 24.5 0
      vertex 37.5 10.414 8.7894
    endloop
  endfacet
  facet normal 1 -0 0
    outer loop
      vertex 37.5 10.2106 8.58603
      vertex 37.5 24.5 0
      vertex 37.5 10.3167 8.68327
    endloop
  endfacet
  facet normal 1 -0 0
    outer loop
      vertex 37.5 10.0964 8.4984
      vertex 37.5 24.5 0
      vertex 37.5 10.2106 8.58603
    endloop
  endfacet
  facet normal 1 -0 0
    outer loop
      vertex 37.5 9.975 8.42106
      vertex 37.5 24.5 0
      vertex 37.5 10.0964 8.4984
    endloop
  endfacet
  facet normal 1 -0 0
    outer loop
      vertex 37.5 9.84732 8.35459
      vertex 37.5 24.5 0
      vertex 37.5 9.975 8.42106
    endloop
  endfacet
  facet normal 1 -0 0
    outer loop
      vertex 37.5 9.71433 8.29951
      vertex 37.5 24.5 0
      vertex 37.5 9.84732 8.35459
    endloop
  endfacet
  facet normal 1 -0 0
    outer loop
      vertex 37.5 9.57705 8.25622
      vertex 37.5 24.5 0
      vertex 37.5 9.71433 8.29951
    endloop
  endfacet
  facet normal 1 -0 0
    outer loop
      vertex 37.5 9.43652 8.22507
      vertex 37.5 24.5 0
      vertex 37.5 9.57705 8.25622
    endloop
  endfacet
  facet normal 1 -0 0
    outer loop
      vertex 37.5 9.29381 8.20628
      vertex 37.5 24.5 0
      vertex 37.5 9.43652 8.22507
    endloop
  endfacet
  facet normal 1 -0 0
    outer loop
      vertex 37.5 9.15 8.2
      vertex 37.5 24.5 0
      vertex 37.5 9.29381 8.20628
    endloop
  endfacet
  facet normal 1 0 0
    outer loop
      vertex 37.5 9.00619 8.20628
      vertex 37.5 24.5 0
      vertex 37.5 9.15 8.2
    endloop
  endfacet
  facet normal 1 0 0
    outer loop
      vertex 37.5 8.86348 8.22507
      vertex 37.5 24.5 0
      vertex 37.5 9.00619 8.20628
    endloop
  endfacet
  facet normal 1 0 0
    outer loop
      vertex 37.5 8.72295 8.25622
      vertex 37.5 24.5 0
      vertex 37.5 8.86348 8.22507
    endloop
  endfacet
  facet normal 1 0 0
    outer loop
      vertex 37.5 -8.72295 8.25622
      vertex 37.5 8.72295 8.25622
      vertex 37.5 8.58567 8.29951
    endloop
  endfacet
  facet normal 1 0 0
    outer loop
      vertex 37.5 -8.58567 8.29951
      vertex 37.5 8.58567 8.29951
      vertex 37.5 8.45268 8.35459
    endloop
  endfacet
  facet normal 1 0 0
    outer loop
      vertex 37.5 -8.45268 8.35459
      vertex 37.5 8.45268 8.35459
      vertex 37.5 8.325 8.42106
    endloop
  endfacet
  facet normal 1 -0 0
    outer loop
      vertex 37.5 4.64597 12.3649
      vertex 37.5 7.65459 10.5473
      vertex 37.5 5.20658 12.795
    endloop
  endfacet
  facet normal 1 0 0
    outer loop
      vertex 37.5 7.65459 10.5473
      vertex 37.5 4.64597 12.3649
      vertex 37.5 7.59951 10.4143
    endloop
  endfacet
  facet normal 1 0 0
    outer loop
      vertex 37.5 7.59951 10.4143
      vertex 37.5 4.64597 12.3649
      vertex 37.5 7.55622 10.2771
    endloop
  endfacet
  facet normal 1 0 0
    outer loop
      vertex 37.5 7.55622 10.2771
      vertex 37.5 4.64597 12.3649
      vertex 37.5 7.52507 10.1365
    endloop
  endfacet
  facet normal 1 -0 0
    outer loop
      vertex 37.5 4.05 11.9852
      vertex 37.5 7.52507 10.1365
      vertex 37.5 4.64597 12.3649
    endloop
  endfacet
  facet normal 1 0 0
    outer loop
      vertex 37.5 7.52507 10.1365
      vertex 37.5 4.05 11.9852
      vertex 37.5 7.50628 9.99381
    endloop
  endfacet
  facet normal 1 0 0
    outer loop
      vertex 37.5 7.50628 9.99381
      vertex 37.5 4.05 11.9852
      vertex 37.5 7.5 9.85
    endloop
  endfacet
  facet normal 1 0 0
    outer loop
      vertex 37.5 7.5 9.85
      vertex 37.5 4.05 11.9852
      vertex 37.5 7.50628 9.70619
    endloop
  endfacet
  facet normal 1 -0 0
    outer loop
      vertex 37.5 3.42321 11.6589
      vertex 37.5 7.50628 9.70619
      vertex 37.5 4.05 11.9852
    endloop
  endfacet
  facet normal 1 0 0
    outer loop
      vertex 37.5 7.50628 9.70619
      vertex 37.5 3.42321 11.6589
      vertex 37.5 7.52507 9.56348
    endloop
  endfacet
  facet normal 1 0 0
    outer loop
      vertex 37.5 7.52507 9.56348
      vertex 37.5 3.42321 11.6589
      vertex 37.5 7.55622 9.42295
    endloop
  endfacet
  facet normal 1 -0 0
    outer loop
      vertex 37.5 2.77036 11.3885
      vertex 37.5 7.55622 9.42295
      vertex 37.5 3.42321 11.6589
    endloop
  endfacet
  facet normal 1 0 0
    outer loop
      vertex 37.5 7.55622 9.42295
      vertex 37.5 2.77036 11.3885
      vertex 37.5 7.59951 9.28567
    endloop
  endfacet
  facet normal 1 0 0
    outer loop
      vertex 37.5 7.59951 9.28567
      vertex 37.5 2.77036 11.3885
      vertex 37.5 7.65459 9.15268
    endloop
  endfacet
  facet normal 1 0 0
    outer loop
      vertex 37.5 7.65459 9.15268
      vertex 37.5 2.77036 11.3885
      vertex 37.5 7.72106 9.025
    endloop
  endfacet
  facet normal 1 -0 0
    outer loop
      vertex 37.5 2.09643 11.176
      vertex 37.5 7.72106 9.025
      vertex 37.5 2.77036 11.3885
    endloop
  endfacet
  facet normal 1 0 0
    outer loop
      vertex 37.5 7.72106 9.025
      vertex 37.5 2.09643 11.176
      vertex 37.5 7.7984 8.9036
    endloop
  endfacet
  facet normal 1 -0 0
    outer loop
      vertex 37.5 1.40655 11.0231
      vertex 37.5 7.7984 8.9036
      vertex 37.5 2.09643 11.176
    endloop
  endfacet
  facet normal 1 0 0
    outer loop
      vertex 37.5 7.7984 8.9036
      vertex 37.5 1.40655 11.0231
      vertex 37.5 7.88603 8.7894
    endloop
  endfacet
  facet normal 1 0 0
    outer loop
      vertex 37.5 7.88603 8.7894
      vertex 37.5 1.40655 11.0231
      vertex 37.5 7.98327 8.68327
    endloop
  endfacet
  facet normal 1 -0 0
    outer loop
      vertex 37.5 0.705961 10.9308
      vertex 37.5 7.98327 8.68327
      vertex 37.5 1.40655 11.0231
    endloop
  endfacet
  facet normal 1 0 0
    outer loop
      vertex 37.5 7.98327 8.68327
      vertex 37.5 0.705961 10.9308
      vertex 37.5 8.0894 8.58603
    endloop
  endfacet
  facet normal 1 0 0
    outer loop
      vertex 37.5 8.0894 8.58603
      vertex 37.5 0.705961 10.9308
      vertex 37.5 8.2036 8.4984
    endloop
  endfacet
  facet normal 1 -0 0
    outer loop
      vertex 37.5 0 10.9
      vertex 37.5 8.2036 8.4984
      vertex 37.5 0.705961 10.9308
    endloop
  endfacet
  facet normal 1 0 0
    outer loop
      vertex 37.5 8.2036 8.4984
      vertex 37.5 0 10.9
      vertex 37.5 8.325 8.42106
    endloop
  endfacet
  facet normal 1 0 0
    outer loop
      vertex 37.5 8.325 8.42106
      vertex 37.5 0 10.9
      vertex 37.5 -8.325 8.42106
    endloop
  endfacet
  facet normal 1 0 0
    outer loop
      vertex 37.5 -8.2036 8.4984
      vertex 37.5 0 10.9
      vertex 37.5 -0.705961 10.9308
    endloop
  endfacet
  facet normal 1 0 0
    outer loop
      vertex 37.5 -7.98327 8.68327
      vertex 37.5 -0.705961 10.9308
      vertex 37.5 -1.40655 11.0231
    endloop
  endfacet
  facet normal 1 0 0
    outer loop
      vertex 37.5 -7.7984 8.9036
      vertex 37.5 -1.40655 11.0231
      vertex 37.5 -2.09643 11.176
    endloop
  endfacet
  facet normal 1 0 0
    outer loop
      vertex 37.5 -7.72106 9.025
      vertex 37.5 -2.09643 11.176
      vertex 37.5 -2.77036 11.3885
    endloop
  endfacet
  facet normal 1 0 0
    outer loop
      vertex 37.5 -7.55622 9.42295
      vertex 37.5 -2.77036 11.3885
      vertex 37.5 -3.42321 11.6589
    endloop
  endfacet
  facet normal 1 0 0
    outer loop
      vertex 37.5 -9.29381 11.4937
      vertex 37.5 -7.0148 14.95
      vertex 37.5 -7.34109 15.5768
    endloop
  endfacet
  facet normal 1 0 0
    outer loop
      vertex 37.5 -7.50628 9.99381
      vertex 37.5 -6.63513 14.354
      vertex 37.5 -7.0148 14.95
    endloop
  endfacet
  facet normal 1 0 0
    outer loop
      vertex 37.5 -7.50628 9.99381
      vertex 37.5 -6.20496 13.7934
      vertex 37.5 -6.63513 14.354
    endloop
  endfacet
  facet normal 1 0 0
    outer loop
      vertex 37.5 -7.50628 9.99381
      vertex 37.5 -5.72756 13.2724
      vertex 37.5 -6.20496 13.7934
    endloop
  endfacet
  facet normal 1 0 0
    outer loop
      vertex 37.5 -7.50628 9.99381
      vertex 37.5 -5.20658 12.795
      vertex 37.5 -5.72756 13.2724
    endloop
  endfacet
  facet normal 1 0 0
    outer loop
      vertex 37.5 -7.50628 9.99381
      vertex 37.5 -4.64597 12.3649
      vertex 37.5 -5.20658 12.795
    endloop
  endfacet
  facet normal 1 0 0
    outer loop
      vertex 37.5 -7.50628 9.99381
      vertex 37.5 -4.05 11.9852
      vertex 37.5 -4.64597 12.3649
    endloop
  endfacet
  facet normal 1 0 0
    outer loop
      vertex 37.5 -7.50628 9.70619
      vertex 37.5 -4.05 11.9852
      vertex 37.5 -7.5 9.85
    endloop
  endfacet
  facet normal 1 0 0
    outer loop
      vertex 37.5 -4.05 11.9852
      vertex 37.5 -7.50628 9.70619
      vertex 37.5 -3.42321 11.6589
    endloop
  endfacet
  facet normal 1 0 0
    outer loop
      vertex 37.5 -7.52507 9.56348
      vertex 37.5 -3.42321 11.6589
      vertex 37.5 -7.50628 9.70619
    endloop
  endfacet
  facet normal 1 0 0
    outer loop
      vertex 37.5 -7.55622 9.42295
      vertex 37.5 -3.42321 11.6589
      vertex 37.5 -7.52507 9.56348
    endloop
  endfacet
  facet normal 1 0 0
    outer loop
      vertex 37.5 -2.77036 11.3885
      vertex 37.5 -7.55622 9.42295
      vertex 37.5 -7.59951 9.28567
    endloop
  endfacet
  facet normal 1 0 0
    outer loop
      vertex 37.5 -2.77036 11.3885
      vertex 37.5 -7.59951 9.28567
      vertex 37.5 -7.65459 9.15268
    endloop
  endfacet
  facet normal 1 0 0
    outer loop
      vertex 37.5 -2.77036 11.3885
      vertex 37.5 -7.65459 9.15268
      vertex 37.5 -7.72106 9.025
    endloop
  endfacet
  facet normal 1 0 0
    outer loop
      vertex 37.5 -2.09643 11.176
      vertex 37.5 -7.72106 9.025
      vertex 37.5 -7.7984 8.9036
    endloop
  endfacet
  facet normal 1 0 0
    outer loop
      vertex 37.5 -1.40655 11.0231
      vertex 37.5 -7.7984 8.9036
      vertex 37.5 -7.88603 8.7894
    endloop
  endfacet
  facet normal 1 0 0
    outer loop
      vertex 37.5 -1.40655 11.0231
      vertex 37.5 -7.88603 8.7894
      vertex 37.5 -7.98327 8.68327
    endloop
  endfacet
  facet normal 1 0 0
    outer loop
      vertex 37.5 -0.705961 10.9308
      vertex 37.5 -7.98327 8.68327
      vertex 37.5 -8.0894 8.58603
    endloop
  endfacet
  facet normal 1 0 0
    outer loop
      vertex 37.5 -0.705961 10.9308
      vertex 37.5 -8.0894 8.58603
      vertex 37.5 -8.2036 8.4984
    endloop
  endfacet
  facet normal 1 0 0
    outer loop
      vertex 37.5 0 10.9
      vertex 37.5 -8.2036 8.4984
      vertex 37.5 -8.325 8.42106
    endloop
  endfacet
  facet normal 1 0 0
    outer loop
      vertex 37.5 8.325 8.42106
      vertex 37.5 -8.325 8.42106
      vertex 37.5 -8.45268 8.35459
    endloop
  endfacet
  facet normal 1 0 0
    outer loop
      vertex 37.5 8.45268 8.35459
      vertex 37.5 -8.45268 8.35459
      vertex 37.5 -8.58567 8.29951
    endloop
  endfacet
  facet normal 1 0 0
    outer loop
      vertex 37.5 8.58567 8.29951
      vertex 37.5 -8.58567 8.29951
      vertex 37.5 -8.72295 8.25622
    endloop
  endfacet
  facet normal 1 0 0
    outer loop
      vertex 37.5 8.72295 8.25622
      vertex 37.5 -8.72295 8.25622
      vertex 37.5 24.5 0
    endloop
  endfacet
  facet normal 1 0 0
    outer loop
      vertex 37.5 -24.5 0
      vertex 37.5 -8.72295 8.25622
      vertex 37.5 -8.86348 8.22507
    endloop
  endfacet
  facet normal 1 0 0
    outer loop
      vertex 37.5 -24.5 0
      vertex 37.5 -8.86348 8.22507
      vertex 37.5 -9.00619 8.20628
    endloop
  endfacet
  facet normal 1 0 0
    outer loop
      vertex 37.5 -24.5 0
      vertex 37.5 -9.00619 8.20628
      vertex 37.5 -9.15 8.2
    endloop
  endfacet
  facet normal 1 0 0
    outer loop
      vertex 37.5 -24.5 0
      vertex 37.5 -9.15 8.2
      vertex 37.5 -9.29381 8.20628
    endloop
  endfacet
  facet normal 1 0 0
    outer loop
      vertex 37.5 -24.5 0
      vertex 37.5 -9.29381 8.20628
      vertex 37.5 -9.43652 8.22507
    endloop
  endfacet
  facet normal 1 0 0
    outer loop
      vertex 37.5 -24.5 0
      vertex 37.5 -9.43652 8.22507
      vertex 37.5 -9.57705 8.25622
    endloop
  endfacet
  facet normal 1 0 0
    outer loop
      vertex 37.5 -10.7937 9.99381
      vertex 37.5 -24.5 0
      vertex 37.5 -10.8 9.85
    endloop
  endfacet
  facet normal 1 0 0
    outer loop
      vertex 37.5 -10.8 9.85
      vertex 37.5 -24.5 0
      vertex 37.5 -10.7937 9.70619
    endloop
  endfacet
  facet normal 1 0 0
    outer loop
      vertex 37.5 -10.7937 9.70619
      vertex 37.5 -24.5 0
      vertex 37.5 -10.7749 9.56348
    endloop
  endfacet
  facet normal 1 0 0
    outer loop
      vertex 37.5 -10.7749 9.56348
      vertex 37.5 -24.5 0
      vertex 37.5 -10.7438 9.42295
    endloop
  endfacet
  facet normal 1 0 0
    outer loop
      vertex 37.5 -10.7438 9.42295
      vertex 37.5 -24.5 0
      vertex 37.5 -10.7005 9.28567
    endloop
  endfacet
  facet normal 1 0 0
    outer loop
      vertex 37.5 -8.72295 8.25622
      vertex 37.5 -24.5 0
      vertex 37.5 24.5 0
    endloop
  endfacet
  facet normal 1 0 0
    outer loop
      vertex 37.5 -9.71433 8.29951
      vertex 37.5 -24.5 0
      vertex 37.5 -9.57705 8.25622
    endloop
  endfacet
  facet normal 1 0 0
    outer loop
      vertex 37.5 -9.84732 8.35459
      vertex 37.5 -24.5 0
      vertex 37.5 -9.71433 8.29951
    endloop
  endfacet
  facet normal 1 0 0
    outer loop
      vertex 37.5 -9.975 8.42106
      vertex 37.5 -24.5 0
      vertex 37.5 -9.84732 8.35459
    endloop
  endfacet
  facet normal 1 0 0
    outer loop
      vertex 37.5 -10.0964 8.4984
      vertex 37.5 -24.5 0
      vertex 37.5 -9.975 8.42106
    endloop
  endfacet
  facet normal 1 0 0
    outer loop
      vertex 37.5 -10.2106 8.58603
      vertex 37.5 -24.5 0
      vertex 37.5 -10.0964 8.4984
    endloop
  endfacet
  facet normal 1 0 0
    outer loop
      vertex 37.5 -10.3167 8.68327
      vertex 37.5 -24.5 0
      vertex 37.5 -10.2106 8.58603
    endloop
  endfacet
  facet normal 1 0 0
    outer loop
      vertex 37.5 -10.414 8.7894
      vertex 37.5 -24.5 0
      vertex 37.5 -10.3167 8.68327
    endloop
  endfacet
  facet normal 1 0 0
    outer loop
      vertex 37.5 -10.5016 8.9036
      vertex 37.5 -24.5 0
      vertex 37.5 -10.414 8.7894
    endloop
  endfacet
  facet normal 1 0 0
    outer loop
      vertex 37.5 -10.5789 9.025
      vertex 37.5 -24.5 0
      vertex 37.5 -10.5016 8.9036
    endloop
  endfacet
  facet normal 1 0 0
    outer loop
      vertex 37.5 -10.6454 9.15268
      vertex 37.5 -24.5 0
      vertex 37.5 -10.5789 9.025
    endloop
  endfacet
  facet normal 1 0 0
    outer loop
      vertex 37.5 -10.7005 9.28567
      vertex 37.5 -24.5 0
      vertex 37.5 -10.6454 9.15268
    endloop
  endfacet
  facet normal 1 0 0
    outer loop
      vertex 37.5 9.00619 11.4937
      vertex 37.5 7.0148 14.95
      vertex 37.5 8.86348 11.4749
    endloop
  endfacet
  facet normal 1 -0 0
    outer loop
      vertex 37.5 6.63513 14.354
      vertex 37.5 8.86348 11.4749
      vertex 37.5 7.0148 14.95
    endloop
  endfacet
  facet normal 1 0 0
    outer loop
      vertex 37.5 8.86348 11.4749
      vertex 37.5 6.63513 14.354
      vertex 37.5 8.72295 11.4438
    endloop
  endfacet
  facet normal 1 0 0
    outer loop
      vertex 37.5 8.72295 11.4438
      vertex 37.5 6.63513 14.354
      vertex 37.5 8.58567 11.4005
    endloop
  endfacet
  facet normal 1 0 0
    outer loop
      vertex 37.5 8.58567 11.4005
      vertex 37.5 6.63513 14.354
      vertex 37.5 8.45268 11.3454
    endloop
  endfacet
  facet normal 1 -0 0
    outer loop
      vertex 37.5 6.20496 13.7934
      vertex 37.5 8.45268 11.3454
      vertex 37.5 6.63513 14.354
    endloop
  endfacet
  facet normal 1 0 0
    outer loop
      vertex 37.5 8.45268 11.3454
      vertex 37.5 6.20496 13.7934
      vertex 37.5 8.325 11.2789
    endloop
  endfacet
  facet normal 1 0 0
    outer loop
      vertex 37.5 8.325 11.2789
      vertex 37.5 6.20496 13.7934
      vertex 37.5 8.2036 11.2016
    endloop
  endfacet
  facet normal 1 0 0
    outer loop
      vertex 37.5 8.2036 11.2016
      vertex 37.5 6.20496 13.7934
      vertex 37.5 8.0894 11.114
    endloop
  endfacet
  facet normal 1 -0 0
    outer loop
      vertex 37.5 5.72756 13.2724
      vertex 37.5 8.0894 11.114
      vertex 37.5 6.20496 13.7934
    endloop
  endfacet
  facet normal 1 0 0
    outer loop
      vertex 37.5 8.0894 11.114
      vertex 37.5 5.72756 13.2724
      vertex 37.5 7.98327 11.0167
    endloop
  endfacet
  facet normal 1 0 0
    outer loop
      vertex 37.5 7.98327 11.0167
      vertex 37.5 5.72756 13.2724
      vertex 37.5 7.88603 10.9106
    endloop
  endfacet
  facet normal 1 0 0
    outer loop
      vertex 37.5 7.88603 10.9106
      vertex 37.5 5.72756 13.2724
      vertex 37.5 7.7984 10.7964
    endloop
  endfacet
  facet normal 1 -0 0
    outer loop
      vertex 37.5 5.20658 12.795
      vertex 37.5 7.7984 10.7964
      vertex 37.5 5.72756 13.2724
    endloop
  endfacet
  facet normal 1 0 0
    outer loop
      vertex 37.5 7.7984 10.7964
      vertex 37.5 5.20658 12.795
      vertex 37.5 7.72106 10.675
    endloop
  endfacet
  facet normal 1 0 0
    outer loop
      vertex 37.5 7.72106 10.675
      vertex 37.5 5.20658 12.795
      vertex 37.5 7.65459 10.5473
    endloop
  endfacet
  facet normal -0.382824 -0.923821 0
    outer loop
      vertex -35.7679 -27.2189 0
      vertex -35.5261 -27.3191 38
      vertex -35.7679 -27.2189 38
    endloop
  endfacet
  facet normal -0.382824 -0.923821 -0
    outer loop
      vertex -35.5261 -27.3191 38
      vertex -35.7679 -27.2189 0
      vertex -35.5261 -27.3191 0
    endloop
  endfacet
  facet normal 0.382824 -0.923821 0
    outer loop
      vertex 35.5261 -27.3191 0
      vertex 35.7679 -27.2189 38
      vertex 35.5261 -27.3191 38
    endloop
  endfacet
  facet normal 0.382824 -0.923821 0
    outer loop
      vertex 35.7679 -27.2189 38
      vertex 35.5261 -27.3191 0
      vertex 35.7679 -27.2189 0
    endloop
  endfacet
  facet normal -0.608824 0.793305 0
    outer loop
      vertex -36.2207 26.9575 0
      vertex -36.4284 26.7981 38
      vertex -36.2207 26.9575 38
    endloop
  endfacet
  facet normal -0.608824 0.793305 0
    outer loop
      vertex -36.4284 26.7981 38
      vertex -36.2207 26.9575 0
      vertex -36.4284 26.7981 0
    endloop
  endfacet
  facet normal 0.976331 -0.216283 0
    outer loop
      vertex 37.3978 -25.2765 38
      vertex 37.4544 -25.021 0
      vertex 37.4544 -25.021 38
    endloop
  endfacet
  facet normal 0.976331 -0.216283 0
    outer loop
      vertex 37.4544 -25.021 0
      vertex 37.3978 -25.2765 38
      vertex 37.3978 -25.2765 0
    endloop
  endfacet
  facet normal -0.461678 0.887048 0
    outer loop
      vertex -35.7679 27.2189 0
      vertex -36 27.0981 38
      vertex -35.7679 27.2189 38
    endloop
  endfacet
  facet normal -0.461678 0.887048 0
    outer loop
      vertex -36 27.0981 38
      vertex -35.7679 27.2189 0
      vertex -36 27.0981 0
    endloop
  endfacet
  facet normal 0.461678 0.887048 -0
    outer loop
      vertex 36 27.0981 0
      vertex 35.7679 27.2189 38
      vertex 36 27.0981 38
    endloop
  endfacet
  facet normal 0.461678 0.887048 0
    outer loop
      vertex 35.7679 27.2189 38
      vertex 36 27.0981 0
      vertex 35.7679 27.2189 0
    endloop
  endfacet
  facet normal 0.130662 -0.991427 0
    outer loop
      vertex 34.7615 -27.4886 0
      vertex 35.021 -27.4544 38
      vertex 34.7615 -27.4886 38
    endloop
  endfacet
  facet normal 0.130662 -0.991427 0
    outer loop
      vertex 35.021 -27.4544 38
      vertex 34.7615 -27.4886 0
      vertex 35.021 -27.4544 0
    endloop
  endfacet
  facet normal -0.461678 -0.887048 0
    outer loop
      vertex -36 -27.0981 0
      vertex -35.7679 -27.2189 38
      vertex -36 -27.0981 38
    endloop
  endfacet
  facet normal -0.461678 -0.887048 -0
    outer loop
      vertex -35.7679 -27.2189 38
      vertex -36 -27.0981 0
      vertex -35.7679 -27.2189 0
    endloop
  endfacet
  facet normal -0.843394 0.537296 0
    outer loop
      vertex -37.0981 26 0
      vertex -36.9575 26.2207 38
      vertex -36.9575 26.2207 0
    endloop
  endfacet
  facet normal -0.843394 0.537296 0
    outer loop
      vertex -36.9575 26.2207 38
      vertex -37.0981 26 0
      vertex -37.0981 26 38
    endloop
  endfacet
  facet normal -0.793305 0.608824 0
    outer loop
      vertex -36.9575 26.2207 0
      vertex -36.7981 26.4284 38
      vertex -36.7981 26.4284 0
    endloop
  endfacet
  facet normal -0.793305 0.608824 0
    outer loop
      vertex -36.7981 26.4284 38
      vertex -36.9575 26.2207 0
      vertex -36.9575 26.2207 38
    endloop
  endfacet
  facet normal 0.675673 -0.737202 0
    outer loop
      vertex 36.4284 -26.7981 0
      vertex 36.6213 -26.6213 38
      vertex 36.4284 -26.7981 38
    endloop
  endfacet
  facet normal 0.675673 -0.737202 0
    outer loop
      vertex 36.6213 -26.6213 38
      vertex 36.4284 -26.7981 0
      vertex 36.6213 -26.6213 0
    endloop
  endfacet
  facet normal 0.608824 -0.793305 0
    outer loop
      vertex 36.2207 -26.9575 0
      vertex 36.4284 -26.7981 38
      vertex 36.2207 -26.9575 38
    endloop
  endfacet
  facet normal 0.608824 -0.793305 0
    outer loop
      vertex 36.4284 -26.7981 38
      vertex 36.2207 -26.9575 0
      vertex 36.4284 -26.7981 0
    endloop
  endfacet
  facet normal -0.737202 -0.675673 0
    outer loop
      vertex -36.6213 -26.6213 0
      vertex -36.7981 -26.4284 38
      vertex -36.7981 -26.4284 0
    endloop
  endfacet
  facet normal -0.737202 -0.675673 0
    outer loop
      vertex -36.7981 -26.4284 38
      vertex -36.6213 -26.6213 0
      vertex -36.6213 -26.6213 38
    endloop
  endfacet
  facet normal -0.953715 0.300711 0
    outer loop
      vertex -37.3978 25.2765 0
      vertex -37.3191 25.5261 38
      vertex -37.3191 25.5261 0
    endloop
  endfacet
  facet normal -0.953715 0.300711 0
    outer loop
      vertex -37.3191 25.5261 38
      vertex -37.3978 25.2765 0
      vertex -37.3978 25.2765 38
    endloop
  endfacet
  facet normal -0.216283 0.976331 0
    outer loop
      vertex -35.021 27.4544 0
      vertex -35.2765 27.3978 38
      vertex -35.021 27.4544 38
    endloop
  endfacet
  facet normal -0.216283 0.976331 0
    outer loop
      vertex -35.2765 27.3978 38
      vertex -35.021 27.4544 0
      vertex -35.2765 27.3978 0
    endloop
  endfacet
  facet normal -0.991427 0.130662 0
    outer loop
      vertex -37.4886 24.7615 0
      vertex -37.4544 25.021 38
      vertex -37.4544 25.021 0
    endloop
  endfacet
  facet normal -0.991427 0.130662 0
    outer loop
      vertex -37.4544 25.021 38
      vertex -37.4886 24.7615 0
      vertex -37.4886 24.7615 38
    endloop
  endfacet
  facet normal -0.923821 0.382824 0
    outer loop
      vertex -37.3191 25.5261 0
      vertex -37.2189 25.7679 38
      vertex -37.2189 25.7679 0
    endloop
  endfacet
  facet normal -0.923821 0.382824 0
    outer loop
      vertex -37.2189 25.7679 38
      vertex -37.3191 25.5261 0
      vertex -37.3191 25.5261 38
    endloop
  endfacet
  facet normal -0.0435533 -0.999051 0
    outer loop
      vertex -34.7615 -27.4886 0
      vertex -34.5 -27.5 38
      vertex -34.7615 -27.4886 38
    endloop
  endfacet
  facet normal -0.0435533 -0.999051 -0
    outer loop
      vertex -34.5 -27.5 38
      vertex -34.7615 -27.4886 0
      vertex -34.5 -27.5 0
    endloop
  endfacet
  facet normal -0.999051 -0.0435533 0
    outer loop
      vertex -37.4886 -24.7615 0
      vertex -37.5 -24.5 38
      vertex -37.5 -24.5 0
    endloop
  endfacet
  facet normal -0.999051 -0.0435533 0
    outer loop
      vertex -37.5 -24.5 38
      vertex -37.4886 -24.7615 0
      vertex -37.4886 -24.7615 38
    endloop
  endfacet
  facet normal -0.976331 -0.216283 0
    outer loop
      vertex -37.3978 -25.2765 0
      vertex -37.4544 -25.021 38
      vertex -37.4544 -25.021 0
    endloop
  endfacet
  facet normal -0.976331 -0.216283 0
    outer loop
      vertex -37.4544 -25.021 38
      vertex -37.3978 -25.2765 0
      vertex -37.3978 -25.2765 38
    endloop
  endfacet
  facet normal 0.953715 -0.300711 0
    outer loop
      vertex 37.3191 -25.5261 38
      vertex 37.3978 -25.2765 0
      vertex 37.3978 -25.2765 38
    endloop
  endfacet
  facet normal 0.953715 -0.300711 0
    outer loop
      vertex 37.3978 -25.2765 0
      vertex 37.3191 -25.5261 38
      vertex 37.3191 -25.5261 0
    endloop
  endfacet
  facet normal -0.976331 0.216283 0
    outer loop
      vertex -37.4544 25.021 0
      vertex -37.3978 25.2765 38
      vertex -37.3978 25.2765 0
    endloop
  endfacet
  facet normal -0.976331 0.216283 0
    outer loop
      vertex -37.3978 25.2765 38
      vertex -37.4544 25.021 0
      vertex -37.4544 25.021 38
    endloop
  endfacet
  facet normal 0.675673 0.737202 -0
    outer loop
      vertex 36.6213 26.6213 0
      vertex 36.4284 26.7981 38
      vertex 36.6213 26.6213 38
    endloop
  endfacet
  facet normal 0.675673 0.737202 0
    outer loop
      vertex 36.4284 26.7981 38
      vertex 36.6213 26.6213 0
      vertex 36.4284 26.7981 0
    endloop
  endfacet
  facet normal 0.887048 -0.461678 0
    outer loop
      vertex 37.0981 -26 38
      vertex 37.2189 -25.7679 0
      vertex 37.2189 -25.7679 38
    endloop
  endfacet
  facet normal 0.887048 -0.461678 0
    outer loop
      vertex 37.2189 -25.7679 0
      vertex 37.0981 -26 38
      vertex 37.0981 -26 0
    endloop
  endfacet
  facet normal -0.675673 -0.737202 0
    outer loop
      vertex -36.6213 -26.6213 0
      vertex -36.4284 -26.7981 38
      vertex -36.6213 -26.6213 38
    endloop
  endfacet
  facet normal -0.675673 -0.737202 -0
    outer loop
      vertex -36.4284 -26.7981 38
      vertex -36.6213 -26.6213 0
      vertex -36.4284 -26.7981 0
    endloop
  endfacet
  facet normal -0.991427 -0.130662 0
    outer loop
      vertex -37.4544 -25.021 0
      vertex -37.4886 -24.7615 38
      vertex -37.4886 -24.7615 0
    endloop
  endfacet
  facet normal -0.991427 -0.130662 0
    outer loop
      vertex -37.4886 -24.7615 38
      vertex -37.4544 -25.021 0
      vertex -37.4544 -25.021 38
    endloop
  endfacet
  facet normal 0.999051 0.0435533 0
    outer loop
      vertex 37.5 24.5 38
      vertex 37.4886 24.7615 0
      vertex 37.4886 24.7615 38
    endloop
  endfacet
  facet normal 0.999051 0.0435533 0
    outer loop
      vertex 37.4886 24.7615 0
      vertex 37.5 24.5 38
      vertex 37.5 24.5 0
    endloop
  endfacet
  facet normal 0.793305 0.608824 0
    outer loop
      vertex 36.9575 26.2207 38
      vertex 36.7981 26.4284 0
      vertex 36.7981 26.4284 38
    endloop
  endfacet
  facet normal 0.793305 0.608824 0
    outer loop
      vertex 36.7981 26.4284 0
      vertex 36.9575 26.2207 38
      vertex 36.9575 26.2207 0
    endloop
  endfacet
  facet normal -0.953715 -0.300711 0
    outer loop
      vertex -37.3191 -25.5261 0
      vertex -37.3978 -25.2765 38
      vertex -37.3978 -25.2765 0
    endloop
  endfacet
  facet normal -0.953715 -0.300711 0
    outer loop
      vertex -37.3978 -25.2765 38
      vertex -37.3191 -25.5261 0
      vertex -37.3191 -25.5261 38
    endloop
  endfacet
  facet normal -0.382824 0.923821 0
    outer loop
      vertex -35.5261 27.3191 0
      vertex -35.7679 27.2189 38
      vertex -35.5261 27.3191 38
    endloop
  endfacet
  facet normal -0.382824 0.923821 0
    outer loop
      vertex -35.7679 27.2189 38
      vertex -35.5261 27.3191 0
      vertex -35.7679 27.2189 0
    endloop
  endfacet
  facet normal 0.976331 0.216283 0
    outer loop
      vertex 37.4544 25.021 38
      vertex 37.3978 25.2765 0
      vertex 37.3978 25.2765 38
    endloop
  endfacet
  facet normal 0.976331 0.216283 0
    outer loop
      vertex 37.3978 25.2765 0
      vertex 37.4544 25.021 38
      vertex 37.4544 25.021 0
    endloop
  endfacet
  facet normal 0.793305 -0.608824 0
    outer loop
      vertex 36.7981 -26.4284 38
      vertex 36.9575 -26.2207 0
      vertex 36.9575 -26.2207 38
    endloop
  endfacet
  facet normal 0.793305 -0.608824 0
    outer loop
      vertex 36.9575 -26.2207 0
      vertex 36.7981 -26.4284 38
      vertex 36.7981 -26.4284 0
    endloop
  endfacet
  facet normal 0.0435533 0.999051 -0
    outer loop
      vertex 34.7615 27.4886 0
      vertex 34.5 27.5 38
      vertex 34.7615 27.4886 38
    endloop
  endfacet
  facet normal 0.0435533 0.999051 0
    outer loop
      vertex 34.5 27.5 38
      vertex 34.7615 27.4886 0
      vertex 34.5 27.5 0
    endloop
  endfacet
  facet normal 0.130662 0.991427 -0
    outer loop
      vertex 35.021 27.4544 0
      vertex 34.7615 27.4886 38
      vertex 35.021 27.4544 38
    endloop
  endfacet
  facet normal 0.130662 0.991427 0
    outer loop
      vertex 34.7615 27.4886 38
      vertex 35.021 27.4544 0
      vertex 34.7615 27.4886 0
    endloop
  endfacet
  facet normal 0.999051 -0.0435533 0
    outer loop
      vertex 37.4886 -24.7615 38
      vertex 37.5 -24.5 0
      vertex 37.5 -24.5 38
    endloop
  endfacet
  facet normal 0.999051 -0.0435533 0
    outer loop
      vertex 37.5 -24.5 0
      vertex 37.4886 -24.7615 38
      vertex 37.4886 -24.7615 0
    endloop
  endfacet
  facet normal 0.843394 -0.537296 0
    outer loop
      vertex 36.9575 -26.2207 38
      vertex 37.0981 -26 0
      vertex 37.0981 -26 38
    endloop
  endfacet
  facet normal 0.843394 -0.537296 0
    outer loop
      vertex 37.0981 -26 0
      vertex 36.9575 -26.2207 38
      vertex 36.9575 -26.2207 0
    endloop
  endfacet
  facet normal -0.887048 0.461678 0
    outer loop
      vertex -37.2189 25.7679 0
      vertex -37.0981 26 38
      vertex -37.0981 26 0
    endloop
  endfacet
  facet normal -0.887048 0.461678 0
    outer loop
      vertex -37.0981 26 38
      vertex -37.2189 25.7679 0
      vertex -37.2189 25.7679 38
    endloop
  endfacet
  facet normal 0.737202 -0.675673 0
    outer loop
      vertex 36.6213 -26.6213 38
      vertex 36.7981 -26.4284 0
      vertex 36.7981 -26.4284 38
    endloop
  endfacet
  facet normal 0.737202 -0.675673 0
    outer loop
      vertex 36.7981 -26.4284 0
      vertex 36.6213 -26.6213 38
      vertex 36.6213 -26.6213 0
    endloop
  endfacet
  facet normal 0.991427 0.130662 0
    outer loop
      vertex 37.4886 24.7615 38
      vertex 37.4544 25.021 0
      vertex 37.4544 25.021 38
    endloop
  endfacet
  facet normal 0.991427 0.130662 0
    outer loop
      vertex 37.4544 25.021 0
      vertex 37.4886 24.7615 38
      vertex 37.4886 24.7615 0
    endloop
  endfacet
  facet normal -0.923821 -0.382824 0
    outer loop
      vertex -37.2189 -25.7679 0
      vertex -37.3191 -25.5261 38
      vertex -37.3191 -25.5261 0
    endloop
  endfacet
  facet normal -0.923821 -0.382824 0
    outer loop
      vertex -37.3191 -25.5261 38
      vertex -37.2189 -25.7679 0
      vertex -37.2189 -25.7679 38
    endloop
  endfacet
  facet normal 0.461678 -0.887048 0
    outer loop
      vertex 35.7679 -27.2189 0
      vertex 36 -27.0981 38
      vertex 35.7679 -27.2189 38
    endloop
  endfacet
  facet normal 0.461678 -0.887048 0
    outer loop
      vertex 36 -27.0981 38
      vertex 35.7679 -27.2189 0
      vertex 36 -27.0981 0
    endloop
  endfacet
  facet normal 0 0 1
    outer loop
      vertex -33.2688 -21.4083 38
      vertex -35 -20.2012 38
      vertex -33.3156 -21.5212 38
    endloop
  endfacet
  facet normal 0 0 1
    outer loop
      vertex -33.4 -22 38
      vertex -34.0075 -24.867 38
      vertex -33.7988 -25 38
    endloop
  endfacet
  facet normal 0 0 1
    outer loop
      vertex -33.3156 -21.5212 38
      vertex -35 -20.2012 38
      vertex -33.3523 -21.6377 38
    endloop
  endfacet
  facet normal 0 0 1
    outer loop
      vertex -33.4 -22 38
      vertex -34.2498 -24.6812 38
      vertex -34.0075 -24.867 38
    endloop
  endfacet
  facet normal 0 0 1
    outer loop
      vertex -33.3523 -21.6377 38
      vertex -35 -20.2012 38
      vertex -33.3787 -21.7569 38
    endloop
  endfacet
  facet normal 0 0 1
    outer loop
      vertex -33.4 -22 38
      vertex -34.4749 -24.4749 38
      vertex -34.2498 -24.6812 38
    endloop
  endfacet
  facet normal 0 0 1
    outer loop
      vertex -33.3787 -21.7569 38
      vertex -35 -20.2012 38
      vertex -33.3947 -21.878 38
    endloop
  endfacet
  facet normal 0 0 1
    outer loop
      vertex -33.4 -22 38
      vertex -34.6812 -24.2498 38
      vertex -34.4749 -24.4749 38
    endloop
  endfacet
  facet normal 0 0 1
    outer loop
      vertex -33.3947 -21.878 38
      vertex -35 -20.2012 38
      vertex -33.4 -22 38
    endloop
  endfacet
  facet normal 0 0 1
    outer loop
      vertex -33.4 -22 38
      vertex -34.867 -24.0075 38
      vertex -34.6812 -24.2498 38
    endloop
  endfacet
  facet normal 0 0 1
    outer loop
      vertex -35 -23.7988 38
      vertex -33.4 -22 38
      vertex -35 -20.2012 38
    endloop
  endfacet
  facet normal 0 0 1
    outer loop
      vertex -33.4 -22 38
      vertex -35 -23.7988 38
      vertex -34.867 -24.0075 38
    endloop
  endfacet
  facet normal 0 0 1
    outer loop
      vertex -33.2688 22.5917 38
      vertex -35 23.7988 38
      vertex -33.3156 22.4788 38
    endloop
  endfacet
  facet normal 0 0 1
    outer loop
      vertex -33.4 22 38
      vertex -34.0075 19.133 38
      vertex -33.75 18.9689 38
    endloop
  endfacet
  facet normal 0 0 1
    outer loop
      vertex -33.3156 22.4788 38
      vertex -35 23.7988 38
      vertex -33.3523 22.3623 38
    endloop
  endfacet
  facet normal 0 0 1
    outer loop
      vertex -33.4 22 38
      vertex -34.2498 19.3188 38
      vertex -34.0075 19.133 38
    endloop
  endfacet
  facet normal 0 0 1
    outer loop
      vertex -33.3523 22.3623 38
      vertex -35 23.7988 38
      vertex -33.3787 22.2431 38
    endloop
  endfacet
  facet normal 0 0 1
    outer loop
      vertex -33.4 22 38
      vertex -34.4749 19.5251 38
      vertex -34.2498 19.3188 38
    endloop
  endfacet
  facet normal 0 0 1
    outer loop
      vertex -33.3787 22.2431 38
      vertex -35 23.7988 38
      vertex -33.3947 22.122 38
    endloop
  endfacet
  facet normal 0 0 1
    outer loop
      vertex -33.4 22 38
      vertex -34.6812 19.7502 38
      vertex -34.4749 19.5251 38
    endloop
  endfacet
  facet normal 0 0 1
    outer loop
      vertex -33.3947 22.122 38
      vertex -35 23.7988 38
      vertex -33.4 22 38
    endloop
  endfacet
  facet normal 0 0 1
    outer loop
      vertex -33.4 22 38
      vertex -34.867 19.9925 38
      vertex -34.6812 19.7502 38
    endloop
  endfacet
  facet normal 0 0 1
    outer loop
      vertex -35 20.2012 38
      vertex -33.4 22 38
      vertex -35 23.7988 38
    endloop
  endfacet
  facet normal 0 0 1
    outer loop
      vertex -33.4 22 38
      vertex -35 20.2012 38
      vertex -34.867 19.9925 38
    endloop
  endfacet
  facet normal 0 0 1
    outer loop
      vertex -30.6 -22 38
      vertex -28.5 -22 38
      vertex -28.5133 -21.695 38
    endloop
  endfacet
  facet normal 0 0 1
    outer loop
      vertex -30.6053 -21.878 38
      vertex -28.5133 -21.695 38
      vertex -28.5532 -21.3922 38
    endloop
  endfacet
  facet normal 0 0 1
    outer loop
      vertex -28.5 -22 38
      vertex -30.6 -22 38
      vertex -28.5133 -22.305 38
    endloop
  endfacet
  facet normal 0 0 1
    outer loop
      vertex -30.6213 -21.7569 38
      vertex -28.5532 -21.3922 38
      vertex -28.6193 -21.0941 38
    endloop
  endfacet
  facet normal -0 0 1
    outer loop
      vertex -30.6053 -22.122 38
      vertex -28.5133 -22.305 38
      vertex -30.6 -22 38
    endloop
  endfacet
  facet normal 0 0 1
    outer loop
      vertex -30.6477 -21.6377 38
      vertex -28.6193 -21.0941 38
      vertex -28.7111 -20.8029 38
    endloop
  endfacet
  facet normal 0 0 1
    outer loop
      vertex -28.5133 -22.305 38
      vertex -30.6053 -22.122 38
      vertex -28.5532 -22.6078 38
    endloop
  endfacet
  facet normal 0 0 1
    outer loop
      vertex -30.6844 -21.5212 38
      vertex -28.7111 -20.8029 38
      vertex -28.8279 -20.5208 38
    endloop
  endfacet
  facet normal -0 0 1
    outer loop
      vertex -30.6213 -22.2431 38
      vertex -28.5532 -22.6078 38
      vertex -30.6053 -22.122 38
    endloop
  endfacet
  facet normal 0 0 1
    outer loop
      vertex -30.7312 -21.4083 38
      vertex -28.8279 -20.5208 38
      vertex -28.9689 -20.25 38
    endloop
  endfacet
  facet normal 0 0 1
    outer loop
      vertex -28.5532 -22.6078 38
      vertex -30.6213 -22.2431 38
      vertex -28.6193 -22.9059 38
    endloop
  endfacet
  facet normal 0 0 1
    outer loop
      vertex -30.7876 -21.3 38
      vertex -28.9689 -20.25 38
      vertex -29.133 -19.9925 38
    endloop
  endfacet
  facet normal -0 0 1
    outer loop
      vertex -30.6477 -22.3623 38
      vertex -28.6193 -22.9059 38
      vertex -30.6213 -22.2431 38
    endloop
  endfacet
  facet normal 0 0 1
    outer loop
      vertex -30.8532 -21.197 38
      vertex -29.133 -19.9925 38
      vertex -29.3188 -19.7502 38
    endloop
  endfacet
  facet normal 0 0 1
    outer loop
      vertex -28.6193 -22.9059 38
      vertex -30.6477 -22.3623 38
      vertex -28.7111 -23.1971 38
    endloop
  endfacet
  facet normal 0 0 1
    outer loop
      vertex -30.9275 -21.1001 38
      vertex -29.3188 -19.7502 38
      vertex -29.5251 -19.5251 38
    endloop
  endfacet
  facet normal -0 0 1
    outer loop
      vertex -30.6844 -22.4788 38
      vertex -28.7111 -23.1971 38
      vertex -30.6477 -22.3623 38
    endloop
  endfacet
  facet normal 0 0 1
    outer loop
      vertex -31.0101 -21.0101 38
      vertex -29.5251 -19.5251 38
      vertex -29.7502 -19.3188 38
    endloop
  endfacet
  facet normal 0 0 1
    outer loop
      vertex -28.7111 -23.1971 38
      vertex -30.6844 -22.4788 38
      vertex -28.8279 -23.4792 38
    endloop
  endfacet
  facet normal 0 0 1
    outer loop
      vertex -31.1001 -20.9275 38
      vertex -29.7502 -19.3188 38
      vertex -29.9925 -19.133 38
    endloop
  endfacet
  facet normal -0 0 1
    outer loop
      vertex -30.7312 -22.5917 38
      vertex -28.8279 -23.4792 38
      vertex -30.6844 -22.4788 38
    endloop
  endfacet
  facet normal 0 0 1
    outer loop
      vertex -28.8279 -23.4792 38
      vertex -30.7312 -22.5917 38
      vertex -28.9689 -23.75 38
    endloop
  endfacet
  facet normal 0 0 1
    outer loop
      vertex -31.197 -20.8532 38
      vertex -29.9925 -19.133 38
      vertex -30.25 -18.9689 38
    endloop
  endfacet
  facet normal -0 0 1
    outer loop
      vertex 28.8279 -20.5208 38
      vertex 30.7312 -21.4083 38
      vertex 28.9689 -20.25 38
    endloop
  endfacet
  facet normal 0 0 1
    outer loop
      vertex 30.6 -22 38
      vertex 29.9925 -24.867 38
      vertex 30.2012 -25 38
    endloop
  endfacet
  facet normal 0 0 1
    outer loop
      vertex 30.7312 -21.4083 38
      vertex 28.8279 -20.5208 38
      vertex 30.6844 -21.5212 38
    endloop
  endfacet
  facet normal 0 0 1
    outer loop
      vertex 30.6 -22 38
      vertex 29.7502 -24.6812 38
      vertex 29.9925 -24.867 38
    endloop
  endfacet
  facet normal -0 0 1
    outer loop
      vertex 28.7111 -20.8029 38
      vertex 30.6844 -21.5212 38
      vertex 28.8279 -20.5208 38
    endloop
  endfacet
  facet normal 0 0 1
    outer loop
      vertex 30.6 -22 38
      vertex 29.5251 -24.4749 38
      vertex 29.7502 -24.6812 38
    endloop
  endfacet
  facet normal 0 0 1
    outer loop
      vertex 30.6844 -21.5212 38
      vertex 28.7111 -20.8029 38
      vertex 30.6477 -21.6377 38
    endloop
  endfacet
  facet normal 0 0 1
    outer loop
      vertex 30.6 -22 38
      vertex 29.3188 -24.2498 38
      vertex 29.5251 -24.4749 38
    endloop
  endfacet
  facet normal -0 0 1
    outer loop
      vertex 28.6193 -21.0941 38
      vertex 30.6477 -21.6377 38
      vertex 28.7111 -20.8029 38
    endloop
  endfacet
  facet normal 0 0 1
    outer loop
      vertex 30.6 -22 38
      vertex 29.133 -24.0075 38
      vertex 29.3188 -24.2498 38
    endloop
  endfacet
  facet normal 0 0 1
    outer loop
      vertex 30.6477 -21.6377 38
      vertex 28.6193 -21.0941 38
      vertex 30.6213 -21.7569 38
    endloop
  endfacet
  facet normal 0 0 1
    outer loop
      vertex 30.6 -22 38
      vertex 28.9689 -23.75 38
      vertex 29.133 -24.0075 38
    endloop
  endfacet
  facet normal -0 0 1
    outer loop
      vertex 28.5532 -21.3922 38
      vertex 30.6213 -21.7569 38
      vertex 28.6193 -21.0941 38
    endloop
  endfacet
  facet normal 0 0 1
    outer loop
      vertex 30.6 -22 38
      vertex 28.8279 -23.4792 38
      vertex 28.9689 -23.75 38
    endloop
  endfacet
  facet normal 0 0 1
    outer loop
      vertex 30.6213 -21.7569 38
      vertex 28.5532 -21.3922 38
      vertex 30.6053 -21.878 38
    endloop
  endfacet
  facet normal 0 0 1
    outer loop
      vertex 30.6 -22 38
      vertex 28.7111 -23.1971 38
      vertex 28.8279 -23.4792 38
    endloop
  endfacet
  facet normal -0 0 1
    outer loop
      vertex 28.5133 -21.695 38
      vertex 30.6053 -21.878 38
      vertex 28.5532 -21.3922 38
    endloop
  endfacet
  facet normal 0 0 1
    outer loop
      vertex 30.6 -22 38
      vertex 28.6193 -22.9059 38
      vertex 28.7111 -23.1971 38
    endloop
  endfacet
  facet normal 0 0 1
    outer loop
      vertex 30.6053 -21.878 38
      vertex 28.5133 -21.695 38
      vertex 30.6 -22 38
    endloop
  endfacet
  facet normal 0 0 1
    outer loop
      vertex 30.6 -22 38
      vertex 28.5532 -22.6078 38
      vertex 28.6193 -22.9059 38
    endloop
  endfacet
  facet normal 0 0 1
    outer loop
      vertex 28.5 -22 38
      vertex 30.6 -22 38
      vertex 28.5133 -21.695 38
    endloop
  endfacet
  facet normal 0 0 1
    outer loop
      vertex 30.6 -22 38
      vertex 28.5133 -22.305 38
      vertex 28.5532 -22.6078 38
    endloop
  endfacet
  facet normal 0 0 1
    outer loop
      vertex 30.6 -22 38
      vertex 28.5 -22 38
      vertex 28.5133 -22.305 38
    endloop
  endfacet
  facet normal -0 0 1
    outer loop
      vertex 28.8279 23.4792 38
      vertex 30.7312 22.5917 38
      vertex 28.9689 23.75 38
    endloop
  endfacet
  facet normal 0 0 1
    outer loop
      vertex 30.6 22 38
      vertex 29.9925 19.133 38
      vertex 30.25 18.9689 38
    endloop
  endfacet
  facet normal 0 0 1
    outer loop
      vertex 30.7312 22.5917 38
      vertex 28.8279 23.4792 38
      vertex 30.6844 22.4788 38
    endloop
  endfacet
  facet normal 0 0 1
    outer loop
      vertex 30.6 22 38
      vertex 29.7502 19.3188 38
      vertex 29.9925 19.133 38
    endloop
  endfacet
  facet normal -0 0 1
    outer loop
      vertex 28.7111 23.1971 38
      vertex 30.6844 22.4788 38
      vertex 28.8279 23.4792 38
    endloop
  endfacet
  facet normal 0 0 1
    outer loop
      vertex 30.6 22 38
      vertex 29.5251 19.5251 38
      vertex 29.7502 19.3188 38
    endloop
  endfacet
  facet normal 0 0 1
    outer loop
      vertex 30.6844 22.4788 38
      vertex 28.7111 23.1971 38
      vertex 30.6477 22.3623 38
    endloop
  endfacet
  facet normal 0 0 1
    outer loop
      vertex 30.6 22 38
      vertex 29.3188 19.7502 38
      vertex 29.5251 19.5251 38
    endloop
  endfacet
  facet normal -0 0 1
    outer loop
      vertex 28.6193 22.9059 38
      vertex 30.6477 22.3623 38
      vertex 28.7111 23.1971 38
    endloop
  endfacet
  facet normal 0 0 1
    outer loop
      vertex 30.6 22 38
      vertex 29.133 19.9925 38
      vertex 29.3188 19.7502 38
    endloop
  endfacet
  facet normal 0 0 1
    outer loop
      vertex 30.6477 22.3623 38
      vertex 28.6193 22.9059 38
      vertex 30.6213 22.2431 38
    endloop
  endfacet
  facet normal 0 0 1
    outer loop
      vertex 30.6 22 38
      vertex 28.9689 20.25 38
      vertex 29.133 19.9925 38
    endloop
  endfacet
  facet normal -0 0 1
    outer loop
      vertex 28.5532 22.6078 38
      vertex 30.6213 22.2431 38
      vertex 28.6193 22.9059 38
    endloop
  endfacet
  facet normal 0 0 1
    outer loop
      vertex 30.6 22 38
      vertex 28.8279 20.5208 38
      vertex 28.9689 20.25 38
    endloop
  endfacet
  facet normal 0 0 1
    outer loop
      vertex 30.6213 22.2431 38
      vertex 28.5532 22.6078 38
      vertex 30.6053 22.122 38
    endloop
  endfacet
  facet normal 0 0 1
    outer loop
      vertex 30.6 22 38
      vertex 28.7111 20.8029 38
      vertex 28.8279 20.5208 38
    endloop
  endfacet
  facet normal -0 0 1
    outer loop
      vertex 28.5133 22.305 38
      vertex 30.6053 22.122 38
      vertex 28.5532 22.6078 38
    endloop
  endfacet
  facet normal 0 0 1
    outer loop
      vertex 30.6 22 38
      vertex 28.6193 21.0941 38
      vertex 28.7111 20.8029 38
    endloop
  endfacet
  facet normal 0 0 1
    outer loop
      vertex 30.6053 22.122 38
      vertex 28.5133 22.305 38
      vertex 30.6 22 38
    endloop
  endfacet
  facet normal 0 0 1
    outer loop
      vertex 30.6 22 38
      vertex 28.5532 21.3922 38
      vertex 28.6193 21.0941 38
    endloop
  endfacet
  facet normal 0 0 1
    outer loop
      vertex 28.5 22 38
      vertex 30.6 22 38
      vertex 28.5133 22.305 38
    endloop
  endfacet
  facet normal 0 0 1
    outer loop
      vertex 30.6 22 38
      vertex 28.5133 21.695 38
      vertex 28.5532 21.3922 38
    endloop
  endfacet
  facet normal 0 0 1
    outer loop
      vertex 30.6 22 38
      vertex 28.5 22 38
      vertex 28.5133 21.695 38
    endloop
  endfacet
  facet normal 0 0 1
    outer loop
      vertex -30.6 22 38
      vertex -28.5 22 38
      vertex -28.5133 22.305 38
    endloop
  endfacet
  facet normal 0 0 1
    outer loop
      vertex -30.6053 22.122 38
      vertex -28.5133 22.305 38
      vertex -28.5532 22.6078 38
    endloop
  endfacet
  facet normal 0 0 1
    outer loop
      vertex -28.5 22 38
      vertex -30.6 22 38
      vertex -28.5133 21.695 38
    endloop
  endfacet
  facet normal 0 0 1
    outer loop
      vertex -30.6213 22.2431 38
      vertex -28.5532 22.6078 38
      vertex -28.6193 22.9059 38
    endloop
  endfacet
  facet normal -0 0 1
    outer loop
      vertex -30.6053 21.878 38
      vertex -28.5133 21.695 38
      vertex -30.6 22 38
    endloop
  endfacet
  facet normal 0 0 1
    outer loop
      vertex -30.6477 22.3623 38
      vertex -28.6193 22.9059 38
      vertex -28.7111 23.1971 38
    endloop
  endfacet
  facet normal 0 0 1
    outer loop
      vertex -28.5133 21.695 38
      vertex -30.6053 21.878 38
      vertex -28.5532 21.3922 38
    endloop
  endfacet
  facet normal 0 0 1
    outer loop
      vertex -30.6844 22.4788 38
      vertex -28.7111 23.1971 38
      vertex -28.8279 23.4792 38
    endloop
  endfacet
  facet normal -0 0 1
    outer loop
      vertex -30.6213 21.7569 38
      vertex -28.5532 21.3922 38
      vertex -30.6053 21.878 38
    endloop
  endfacet
  facet normal 0 0 1
    outer loop
      vertex -30.7312 22.5917 38
      vertex -28.8279 23.4792 38
      vertex -28.9689 23.75 38
    endloop
  endfacet
  facet normal 0 0 1
    outer loop
      vertex -28.5532 21.3922 38
      vertex -30.6213 21.7569 38
      vertex -28.6193 21.0941 38
    endloop
  endfacet
  facet normal 0 0 1
    outer loop
      vertex -30.7876 22.7 38
      vertex -28.9689 23.75 38
      vertex -29.133 24.0075 38
    endloop
  endfacet
  facet normal -0 0 1
    outer loop
      vertex -30.6477 21.6377 38
      vertex -28.6193 21.0941 38
      vertex -30.6213 21.7569 38
    endloop
  endfacet
  facet normal 0 0 1
    outer loop
      vertex -30.8532 22.803 38
      vertex -29.133 24.0075 38
      vertex -29.3188 24.2498 38
    endloop
  endfacet
  facet normal 0 0 1
    outer loop
      vertex -28.6193 21.0941 38
      vertex -30.6477 21.6377 38
      vertex -28.7111 20.8029 38
    endloop
  endfacet
  facet normal 0 0 1
    outer loop
      vertex -30.9275 22.8999 38
      vertex -29.3188 24.2498 38
      vertex -29.5251 24.4749 38
    endloop
  endfacet
  facet normal -0 0 1
    outer loop
      vertex -30.6844 21.5212 38
      vertex -28.7111 20.8029 38
      vertex -30.6477 21.6377 38
    endloop
  endfacet
  facet normal 0 0 1
    outer loop
      vertex -31.0101 22.9899 38
      vertex -29.5251 24.4749 38
      vertex -29.7502 24.6812 38
    endloop
  endfacet
  facet normal 0 0 1
    outer loop
      vertex -28.7111 20.8029 38
      vertex -30.6844 21.5212 38
      vertex -28.8279 20.5208 38
    endloop
  endfacet
  facet normal 0 0 1
    outer loop
      vertex -31.1001 23.0725 38
      vertex -29.7502 24.6812 38
      vertex -29.9925 24.867 38
    endloop
  endfacet
  facet normal -0 0 1
    outer loop
      vertex -30.7312 21.4083 38
      vertex -28.8279 20.5208 38
      vertex -30.6844 21.5212 38
    endloop
  endfacet
  facet normal 0 0 1
    outer loop
      vertex -31.197 23.1468 38
      vertex -29.9925 24.867 38
      vertex -30.2012 25 38
    endloop
  endfacet
  facet normal 0 0 1
    outer loop
      vertex -28.8279 20.5208 38
      vertex -30.7312 21.4083 38
      vertex -28.9689 20.25 38
    endloop
  endfacet
  facet normal 0 0 1
    outer loop
      vertex -28.5133 -21.695 38
      vertex -30.6053 -21.878 38
      vertex -30.6 -22 38
    endloop
  endfacet
  facet normal 0 0 1
    outer loop
      vertex -28.5532 -21.3922 38
      vertex -30.6213 -21.7569 38
      vertex -30.6053 -21.878 38
    endloop
  endfacet
  facet normal 0 0 1
    outer loop
      vertex -28.6193 -21.0941 38
      vertex -30.6477 -21.6377 38
      vertex -30.6213 -21.7569 38
    endloop
  endfacet
  facet normal 0 0 1
    outer loop
      vertex -28.7111 -20.8029 38
      vertex -30.6844 -21.5212 38
      vertex -30.6477 -21.6377 38
    endloop
  endfacet
  facet normal 0 0 1
    outer loop
      vertex -28.8279 -20.5208 38
      vertex -30.7312 -21.4083 38
      vertex -30.6844 -21.5212 38
    endloop
  endfacet
  facet normal 0 0 1
    outer loop
      vertex -28.9689 -20.25 38
      vertex -30.7876 -21.3 38
      vertex -30.7312 -21.4083 38
    endloop
  endfacet
  facet normal 0 0 1
    outer loop
      vertex -31.4083 -20.7312 38
      vertex -30.5208 -18.8279 38
      vertex -30.8029 -18.7111 38
    endloop
  endfacet
  facet normal 0 0 1
    outer loop
      vertex -29.133 -19.9925 38
      vertex -30.8532 -21.197 38
      vertex -30.7876 -21.3 38
    endloop
  endfacet
  facet normal 0 0 1
    outer loop
      vertex -29.3188 -19.7502 38
      vertex -30.9275 -21.1001 38
      vertex -30.8532 -21.197 38
    endloop
  endfacet
  facet normal 0 0 1
    outer loop
      vertex -29.5251 -19.5251 38
      vertex -31.0101 -21.0101 38
      vertex -30.9275 -21.1001 38
    endloop
  endfacet
  facet normal 0 0 1
    outer loop
      vertex -31.5212 -20.6844 38
      vertex -30.8029 -18.7111 38
      vertex -31.0941 -18.6193 38
    endloop
  endfacet
  facet normal 0 0 1
    outer loop
      vertex -29.7502 -19.3188 38
      vertex -31.1001 -20.9275 38
      vertex -31.0101 -21.0101 38
    endloop
  endfacet
  facet normal 0 0 1
    outer loop
      vertex -29.9925 -19.133 38
      vertex -31.197 -20.8532 38
      vertex -31.1001 -20.9275 38
    endloop
  endfacet
  facet normal 0 0 1
    outer loop
      vertex -30.25 -18.9689 38
      vertex -31.3 -20.7876 38
      vertex -31.197 -20.8532 38
    endloop
  endfacet
  facet normal 0 0 1
    outer loop
      vertex -31.6377 -20.6477 38
      vertex -31.0941 -18.6193 38
      vertex -31.3922 -18.5532 38
    endloop
  endfacet
  facet normal 0 0 1
    outer loop
      vertex -30.5208 -18.8279 38
      vertex -31.4083 -20.7312 38
      vertex -31.3 -20.7876 38
    endloop
  endfacet
  facet normal 0 0 1
    outer loop
      vertex -30.8029 -18.7111 38
      vertex -31.5212 -20.6844 38
      vertex -31.4083 -20.7312 38
    endloop
  endfacet
  facet normal 0 0 1
    outer loop
      vertex -31.0941 -18.6193 38
      vertex -31.6377 -20.6477 38
      vertex -31.5212 -20.6844 38
    endloop
  endfacet
  facet normal 0 0 1
    outer loop
      vertex -31.7569 -20.6213 38
      vertex -31.3922 -18.5532 38
      vertex -31.695 -18.5133 38
    endloop
  endfacet
  facet normal 0 0 1
    outer loop
      vertex -31.3922 -18.5532 38
      vertex -31.7569 -20.6213 38
      vertex -31.6377 -20.6477 38
    endloop
  endfacet
  facet normal 0 0 1
    outer loop
      vertex -31.695 -18.5133 38
      vertex -31.878 -20.6053 38
      vertex -31.7569 -20.6213 38
    endloop
  endfacet
  facet normal 0 0 1
    outer loop
      vertex -32 -18.5 38
      vertex -31.878 -20.6053 38
      vertex -31.695 -18.5133 38
    endloop
  endfacet
  facet normal 0 0 1
    outer loop
      vertex -32 -18.5 38
      vertex -32 -20.6 38
      vertex -31.878 -20.6053 38
    endloop
  endfacet
  facet normal 0 0 1
    outer loop
      vertex -32 -18.5 38
      vertex -32.122 -20.6053 38
      vertex -32 -20.6 38
    endloop
  endfacet
  facet normal -0 0 1
    outer loop
      vertex -32.305 -18.5133 38
      vertex -32.122 -20.6053 38
      vertex -32 -18.5 38
    endloop
  endfacet
  facet normal 0 0 1
    outer loop
      vertex -32.122 -20.6053 38
      vertex -32.305 -18.5133 38
      vertex -32.2431 -20.6213 38
    endloop
  endfacet
  facet normal -0 0 1
    outer loop
      vertex -32.6078 -18.5532 38
      vertex -32.2431 -20.6213 38
      vertex -32.305 -18.5133 38
    endloop
  endfacet
  facet normal 0 0 1
    outer loop
      vertex -32.2431 -20.6213 38
      vertex -32.6078 -18.5532 38
      vertex -32.3623 -20.6477 38
    endloop
  endfacet
  facet normal -0 0 1
    outer loop
      vertex -32.9059 -18.6193 38
      vertex -32.3623 -20.6477 38
      vertex -32.6078 -18.5532 38
    endloop
  endfacet
  facet normal 0 0 1
    outer loop
      vertex -32.3623 -20.6477 38
      vertex -32.9059 -18.6193 38
      vertex -32.4788 -20.6844 38
    endloop
  endfacet
  facet normal -0 0 1
    outer loop
      vertex -33.1971 -18.7111 38
      vertex -32.4788 -20.6844 38
      vertex -32.9059 -18.6193 38
    endloop
  endfacet
  facet normal 0 0 1
    outer loop
      vertex -32.4788 -20.6844 38
      vertex -33.1971 -18.7111 38
      vertex -32.5917 -20.7312 38
    endloop
  endfacet
  facet normal -0 0 1
    outer loop
      vertex -33.4792 -18.8279 38
      vertex -32.5917 -20.7312 38
      vertex -33.1971 -18.7111 38
    endloop
  endfacet
  facet normal 0 0 1
    outer loop
      vertex -32.5917 -20.7312 38
      vertex -33.4792 -18.8279 38
      vertex -32.7 -20.7876 38
    endloop
  endfacet
  facet normal -0 0 1
    outer loop
      vertex -33.75 -18.9689 38
      vertex -32.7 -20.7876 38
      vertex -33.4792 -18.8279 38
    endloop
  endfacet
  facet normal 0 0 1
    outer loop
      vertex -32.7 -20.7876 38
      vertex -33.75 -18.9689 38
      vertex -32.803 -20.8532 38
    endloop
  endfacet
  facet normal -0 0 1
    outer loop
      vertex -34.0075 -19.133 38
      vertex -32.803 -20.8532 38
      vertex -33.75 -18.9689 38
    endloop
  endfacet
  facet normal 0 0 1
    outer loop
      vertex -32.803 -20.8532 38
      vertex -34.0075 -19.133 38
      vertex -32.8999 -20.9275 38
    endloop
  endfacet
  facet normal -0 0 1
    outer loop
      vertex -34.2498 -19.3188 38
      vertex -32.8999 -20.9275 38
      vertex -34.0075 -19.133 38
    endloop
  endfacet
  facet normal 0 0 1
    outer loop
      vertex -32.8999 -20.9275 38
      vertex -34.2498 -19.3188 38
      vertex -32.9899 -21.0101 38
    endloop
  endfacet
  facet normal -0 0 1
    outer loop
      vertex -34.4749 -19.5251 38
      vertex -32.9899 -21.0101 38
      vertex -34.2498 -19.3188 38
    endloop
  endfacet
  facet normal 0 0 1
    outer loop
      vertex -32.9899 -21.0101 38
      vertex -34.4749 -19.5251 38
      vertex -33.0725 -21.1001 38
    endloop
  endfacet
  facet normal -0 0 1
    outer loop
      vertex -34.6812 -19.7502 38
      vertex -33.0725 -21.1001 38
      vertex -34.4749 -19.5251 38
    endloop
  endfacet
  facet normal 0 0 1
    outer loop
      vertex -33.0725 -21.1001 38
      vertex -34.6812 -19.7502 38
      vertex -33.1468 -21.197 38
    endloop
  endfacet
  facet normal -0 0 1
    outer loop
      vertex -35 -20.2012 38
      vertex -33.1468 -21.197 38
      vertex -34.867 -19.9925 38
    endloop
  endfacet
  facet normal -0 0 1
    outer loop
      vertex -34.867 -19.9925 38
      vertex -33.1468 -21.197 38
      vertex -34.6812 -19.7502 38
    endloop
  endfacet
  facet normal -0 0 1
    outer loop
      vertex -30.8532 21.197 38
      vertex -29.133 19.9925 38
      vertex -30.7876 21.3 38
    endloop
  endfacet
  facet normal 0 0 1
    outer loop
      vertex -29.133 19.9925 38
      vertex -30.8532 21.197 38
      vertex -29.3188 19.7502 38
    endloop
  endfacet
  facet normal -0 0 1
    outer loop
      vertex -30.9275 21.1001 38
      vertex -29.3188 19.7502 38
      vertex -30.8532 21.197 38
    endloop
  endfacet
  facet normal 0 0 1
    outer loop
      vertex -29.3188 19.7502 38
      vertex -30.9275 21.1001 38
      vertex -29.5251 19.5251 38
    endloop
  endfacet
  facet normal -0 0 1
    outer loop
      vertex -31.0101 21.0101 38
      vertex -29.5251 19.5251 38
      vertex -30.9275 21.1001 38
    endloop
  endfacet
  facet normal 0 0 1
    outer loop
      vertex -29.5251 19.5251 38
      vertex -31.0101 21.0101 38
      vertex -29.7502 19.3188 38
    endloop
  endfacet
  facet normal -0 0 1
    outer loop
      vertex -31.1001 20.9275 38
      vertex -29.7502 19.3188 38
      vertex -31.0101 21.0101 38
    endloop
  endfacet
  facet normal 0 0 1
    outer loop
      vertex -29.7502 19.3188 38
      vertex -31.1001 20.9275 38
      vertex -29.9925 19.133 38
    endloop
  endfacet
  facet normal -0 0 1
    outer loop
      vertex -31.197 20.8532 38
      vertex -29.9925 19.133 38
      vertex -31.1001 20.9275 38
    endloop
  endfacet
  facet normal 0 0 1
    outer loop
      vertex -29.9925 19.133 38
      vertex -31.197 20.8532 38
      vertex -30.25 18.9689 38
    endloop
  endfacet
  facet normal -0 0 1
    outer loop
      vertex -31.3 20.7876 38
      vertex -30.25 18.9689 38
      vertex -31.197 20.8532 38
    endloop
  endfacet
  facet normal 0 0 1
    outer loop
      vertex -30.25 18.9689 38
      vertex -31.3 20.7876 38
      vertex -30.5208 18.8279 38
    endloop
  endfacet
  facet normal -0 0 1
    outer loop
      vertex -31.4083 20.7312 38
      vertex -30.5208 18.8279 38
      vertex -31.3 20.7876 38
    endloop
  endfacet
  facet normal 0 0 1
    outer loop
      vertex -30.5208 18.8279 38
      vertex -31.4083 20.7312 38
      vertex -30.8029 18.7111 38
    endloop
  endfacet
  facet normal -0 0 1
    outer loop
      vertex -31.5212 20.6844 38
      vertex -30.8029 18.7111 38
      vertex -31.4083 20.7312 38
    endloop
  endfacet
  facet normal 0 0 1
    outer loop
      vertex -30.8029 18.7111 38
      vertex -31.5212 20.6844 38
      vertex -31.0941 18.6193 38
    endloop
  endfacet
  facet normal -0 0 1
    outer loop
      vertex -31.6377 20.6477 38
      vertex -31.0941 18.6193 38
      vertex -31.5212 20.6844 38
    endloop
  endfacet
  facet normal 0 0 1
    outer loop
      vertex -31.0941 18.6193 38
      vertex -31.6377 20.6477 38
      vertex -31.3922 18.5532 38
    endloop
  endfacet
  facet normal -0 0 1
    outer loop
      vertex -31.7569 20.6213 38
      vertex -31.3922 18.5532 38
      vertex -31.6377 20.6477 38
    endloop
  endfacet
  facet normal 0 0 1
    outer loop
      vertex -31.3922 18.5532 38
      vertex -31.7569 20.6213 38
      vertex -31.695 18.5133 38
    endloop
  endfacet
  facet normal -0 0 1
    outer loop
      vertex -31.878 20.6053 38
      vertex -31.695 18.5133 38
      vertex -31.7569 20.6213 38
    endloop
  endfacet
  facet normal -0 0 1
    outer loop
      vertex -32 20.6 38
      vertex -31.695 18.5133 38
      vertex -31.878 20.6053 38
    endloop
  endfacet
  facet normal 0 0 1
    outer loop
      vertex -32 20.6 38
      vertex -32 18.5 38
      vertex -31.695 18.5133 38
    endloop
  endfacet
  facet normal 0 0 1
    outer loop
      vertex -32.122 20.6053 38
      vertex -32 18.5 38
      vertex -32 20.6 38
    endloop
  endfacet
  facet normal 0 0 1
    outer loop
      vertex -32.305 18.5133 38
      vertex -32.122 20.6053 38
      vertex -32.2431 20.6213 38
    endloop
  endfacet
  facet normal 0 0 1
    outer loop
      vertex -32.122 20.6053 38
      vertex -32.305 18.5133 38
      vertex -32 18.5 38
    endloop
  endfacet
  facet normal 0 0 1
    outer loop
      vertex -32.6078 18.5532 38
      vertex -32.2431 20.6213 38
      vertex -32.3623 20.6477 38
    endloop
  endfacet
  facet normal 0 0 1
    outer loop
      vertex -32.9059 18.6193 38
      vertex -32.3623 20.6477 38
      vertex -32.4788 20.6844 38
    endloop
  endfacet
  facet normal 0 0 1
    outer loop
      vertex -33.1971 18.7111 38
      vertex -32.4788 20.6844 38
      vertex -32.5917 20.7312 38
    endloop
  endfacet
  facet normal 0 0 1
    outer loop
      vertex -32.2431 20.6213 38
      vertex -32.6078 18.5532 38
      vertex -32.305 18.5133 38
    endloop
  endfacet
  facet normal 0 0 1
    outer loop
      vertex -33.4792 18.8279 38
      vertex -32.5917 20.7312 38
      vertex -32.7 20.7876 38
    endloop
  endfacet
  facet normal 0 0 1
    outer loop
      vertex -33.75 18.9689 38
      vertex -32.7 20.7876 38
      vertex -32.803 20.8532 38
    endloop
  endfacet
  facet normal 0 0 1
    outer loop
      vertex -33.75 18.9689 38
      vertex -32.803 20.8532 38
      vertex -32.8999 20.9275 38
    endloop
  endfacet
  facet normal 0 0 1
    outer loop
      vertex -32.3623 20.6477 38
      vertex -32.9059 18.6193 38
      vertex -32.6078 18.5532 38
    endloop
  endfacet
  facet normal 0 0 1
    outer loop
      vertex -33.75 18.9689 38
      vertex -32.8999 20.9275 38
      vertex -32.9899 21.0101 38
    endloop
  endfacet
  facet normal 0 0 1
    outer loop
      vertex -33.75 18.9689 38
      vertex -32.9899 21.0101 38
      vertex -33.0725 21.1001 38
    endloop
  endfacet
  facet normal 0 0 1
    outer loop
      vertex -33.75 18.9689 38
      vertex -33.0725 21.1001 38
      vertex -33.1468 21.197 38
    endloop
  endfacet
  facet normal 0 0 1
    outer loop
      vertex -32.4788 20.6844 38
      vertex -33.1971 18.7111 38
      vertex -32.9059 18.6193 38
    endloop
  endfacet
  facet normal 0 0 1
    outer loop
      vertex -33.75 18.9689 38
      vertex -33.1468 21.197 38
      vertex -33.2124 21.3 38
    endloop
  endfacet
  facet normal 0 0 1
    outer loop
      vertex -33.75 18.9689 38
      vertex -33.2124 21.3 38
      vertex -33.2688 21.4083 38
    endloop
  endfacet
  facet normal 0 0 1
    outer loop
      vertex -33.75 18.9689 38
      vertex -33.2688 21.4083 38
      vertex -33.3156 21.5212 38
    endloop
  endfacet
  facet normal 0 0 1
    outer loop
      vertex -33.75 18.9689 38
      vertex -33.3156 21.5212 38
      vertex -33.3523 21.6377 38
    endloop
  endfacet
  facet normal 0 0 1
    outer loop
      vertex -33.75 18.9689 38
      vertex -33.3523 21.6377 38
      vertex -33.3787 21.7569 38
    endloop
  endfacet
  facet normal 0 0 1
    outer loop
      vertex -33.75 18.9689 38
      vertex -33.3787 21.7569 38
      vertex -33.3947 21.878 38
    endloop
  endfacet
  facet normal 0 0 1
    outer loop
      vertex -32.5917 20.7312 38
      vertex -33.4792 18.8279 38
      vertex -33.1971 18.7111 38
    endloop
  endfacet
  facet normal 0 0 1
    outer loop
      vertex -33.75 18.9689 38
      vertex -33.3947 21.878 38
      vertex -33.4 22 38
    endloop
  endfacet
  facet normal 0 0 1
    outer loop
      vertex 35 -20.2012 38
      vertex 33.3947 -21.878 38
      vertex 33.4 -22 38
    endloop
  endfacet
  facet normal 0 0 1
    outer loop
      vertex 33.75 -18.9689 38
      vertex 33.3787 -21.7569 38
      vertex 33.3947 -21.878 38
    endloop
  endfacet
  facet normal 0 0 1
    outer loop
      vertex 33.75 -18.9689 38
      vertex 33.3523 -21.6377 38
      vertex 33.3787 -21.7569 38
    endloop
  endfacet
  facet normal 0 0 1
    outer loop
      vertex 33.75 -18.9689 38
      vertex 33.3156 -21.5212 38
      vertex 33.3523 -21.6377 38
    endloop
  endfacet
  facet normal 0 0 1
    outer loop
      vertex 33.75 -18.9689 38
      vertex 33.2688 -21.4083 38
      vertex 33.3156 -21.5212 38
    endloop
  endfacet
  facet normal 0 0 1
    outer loop
      vertex 33.75 -18.9689 38
      vertex 33.2124 -21.3 38
      vertex 33.2688 -21.4083 38
    endloop
  endfacet
  facet normal 0 0 1
    outer loop
      vertex 32.5917 -20.7312 38
      vertex 33.4792 -18.8279 38
      vertex 33.1971 -18.7111 38
    endloop
  endfacet
  facet normal 0 0 1
    outer loop
      vertex 33.75 -18.9689 38
      vertex 33.1468 -21.197 38
      vertex 33.2124 -21.3 38
    endloop
  endfacet
  facet normal 0 0 1
    outer loop
      vertex 33.75 -18.9689 38
      vertex 33.0725 -21.1001 38
      vertex 33.1468 -21.197 38
    endloop
  endfacet
  facet normal 0 0 1
    outer loop
      vertex 33.75 -18.9689 38
      vertex 32.9899 -21.0101 38
      vertex 33.0725 -21.1001 38
    endloop
  endfacet
  facet normal 0 0 1
    outer loop
      vertex 32.4788 -20.6844 38
      vertex 33.1971 -18.7111 38
      vertex 32.9059 -18.6193 38
    endloop
  endfacet
  facet normal 0 0 1
    outer loop
      vertex 33.75 -18.9689 38
      vertex 32.8999 -20.9275 38
      vertex 32.9899 -21.0101 38
    endloop
  endfacet
  facet normal 0 0 1
    outer loop
      vertex 33.75 -18.9689 38
      vertex 32.803 -20.8532 38
      vertex 32.8999 -20.9275 38
    endloop
  endfacet
  facet normal 0 0 1
    outer loop
      vertex 33.75 -18.9689 38
      vertex 32.7 -20.7876 38
      vertex 32.803 -20.8532 38
    endloop
  endfacet
  facet normal 0 0 1
    outer loop
      vertex 32.3623 -20.6477 38
      vertex 32.9059 -18.6193 38
      vertex 32.6078 -18.5532 38
    endloop
  endfacet
  facet normal 0 0 1
    outer loop
      vertex 33.4792 -18.8279 38
      vertex 32.5917 -20.7312 38
      vertex 32.7 -20.7876 38
    endloop
  endfacet
  facet normal 0 0 1
    outer loop
      vertex 33.1971 -18.7111 38
      vertex 32.4788 -20.6844 38
      vertex 32.5917 -20.7312 38
    endloop
  endfacet
  facet normal 0 0 1
    outer loop
      vertex 32.9059 -18.6193 38
      vertex 32.3623 -20.6477 38
      vertex 32.4788 -20.6844 38
    endloop
  endfacet
  facet normal 0 0 1
    outer loop
      vertex 32.2431 -20.6213 38
      vertex 32.6078 -18.5532 38
      vertex 32.305 -18.5133 38
    endloop
  endfacet
  facet normal 0 0 1
    outer loop
      vertex 32.6078 -18.5532 38
      vertex 32.2431 -20.6213 38
      vertex 32.3623 -20.6477 38
    endloop
  endfacet
  facet normal 0 0 1
    outer loop
      vertex 32.305 -18.5133 38
      vertex 32.122 -20.6053 38
      vertex 32.2431 -20.6213 38
    endloop
  endfacet
  facet normal 0 0 1
    outer loop
      vertex 32 -18.5 38
      vertex 32.122 -20.6053 38
      vertex 32.305 -18.5133 38
    endloop
  endfacet
  facet normal 0 0 1
    outer loop
      vertex 32 -18.5 38
      vertex 32 -20.6 38
      vertex 32.122 -20.6053 38
    endloop
  endfacet
  facet normal 0 0 1
    outer loop
      vertex 32 -18.5 38
      vertex 31.878 -20.6053 38
      vertex 32 -20.6 38
    endloop
  endfacet
  facet normal -0 0 1
    outer loop
      vertex 31.695 -18.5133 38
      vertex 31.878 -20.6053 38
      vertex 32 -18.5 38
    endloop
  endfacet
  facet normal 0 0 1
    outer loop
      vertex 31.878 -20.6053 38
      vertex 31.695 -18.5133 38
      vertex 31.7569 -20.6213 38
    endloop
  endfacet
  facet normal -0 0 1
    outer loop
      vertex 31.3922 -18.5532 38
      vertex 31.7569 -20.6213 38
      vertex 31.695 -18.5133 38
    endloop
  endfacet
  facet normal 0 0 1
    outer loop
      vertex 31.7569 -20.6213 38
      vertex 31.3922 -18.5532 38
      vertex 31.6377 -20.6477 38
    endloop
  endfacet
  facet normal -0 0 1
    outer loop
      vertex 31.0941 -18.6193 38
      vertex 31.6377 -20.6477 38
      vertex 31.3922 -18.5532 38
    endloop
  endfacet
  facet normal 0 0 1
    outer loop
      vertex 31.6377 -20.6477 38
      vertex 31.0941 -18.6193 38
      vertex 31.5212 -20.6844 38
    endloop
  endfacet
  facet normal -0 0 1
    outer loop
      vertex 30.8029 -18.7111 38
      vertex 31.5212 -20.6844 38
      vertex 31.0941 -18.6193 38
    endloop
  endfacet
  facet normal 0 0 1
    outer loop
      vertex 31.5212 -20.6844 38
      vertex 30.8029 -18.7111 38
      vertex 31.4083 -20.7312 38
    endloop
  endfacet
  facet normal -0 0 1
    outer loop
      vertex 30.5208 -18.8279 38
      vertex 31.4083 -20.7312 38
      vertex 30.8029 -18.7111 38
    endloop
  endfacet
  facet normal 0 0 1
    outer loop
      vertex 31.4083 -20.7312 38
      vertex 30.5208 -18.8279 38
      vertex 31.3 -20.7876 38
    endloop
  endfacet
  facet normal -0 0 1
    outer loop
      vertex 30.25 -18.9689 38
      vertex 31.3 -20.7876 38
      vertex 30.5208 -18.8279 38
    endloop
  endfacet
  facet normal 0 0 1
    outer loop
      vertex 31.3 -20.7876 38
      vertex 30.25 -18.9689 38
      vertex 31.197 -20.8532 38
    endloop
  endfacet
  facet normal -0 0 1
    outer loop
      vertex 29.9925 -19.133 38
      vertex 31.197 -20.8532 38
      vertex 30.25 -18.9689 38
    endloop
  endfacet
  facet normal 0 0 1
    outer loop
      vertex 31.197 -20.8532 38
      vertex 29.9925 -19.133 38
      vertex 31.1001 -20.9275 38
    endloop
  endfacet
  facet normal -0 0 1
    outer loop
      vertex 29.7502 -19.3188 38
      vertex 31.1001 -20.9275 38
      vertex 29.9925 -19.133 38
    endloop
  endfacet
  facet normal 0 0 1
    outer loop
      vertex 31.1001 -20.9275 38
      vertex 29.7502 -19.3188 38
      vertex 31.0101 -21.0101 38
    endloop
  endfacet
  facet normal -0 0 1
    outer loop
      vertex 29.5251 -19.5251 38
      vertex 31.0101 -21.0101 38
      vertex 29.7502 -19.3188 38
    endloop
  endfacet
  facet normal 0 0 1
    outer loop
      vertex 31.0101 -21.0101 38
      vertex 29.5251 -19.5251 38
      vertex 30.9275 -21.1001 38
    endloop
  endfacet
  facet normal -0 0 1
    outer loop
      vertex 29.3188 -19.7502 38
      vertex 30.9275 -21.1001 38
      vertex 29.5251 -19.5251 38
    endloop
  endfacet
  facet normal 0 0 1
    outer loop
      vertex 30.9275 -21.1001 38
      vertex 29.3188 -19.7502 38
      vertex 30.8532 -21.197 38
    endloop
  endfacet
  facet normal 0 0 1
    outer loop
      vertex 30.8532 -21.197 38
      vertex 29.133 -19.9925 38
      vertex 30.7876 -21.3 38
    endloop
  endfacet
  facet normal -0 0 1
    outer loop
      vertex 29.133 -19.9925 38
      vertex 30.8532 -21.197 38
      vertex 29.3188 -19.7502 38
    endloop
  endfacet
  facet normal 0 0 1
    outer loop
      vertex 35 20.2012 38
      vertex 33.1468 21.197 38
      vertex 34.867 19.9925 38
    endloop
  endfacet
  facet normal 0 0 1
    outer loop
      vertex 34.867 19.9925 38
      vertex 33.1468 21.197 38
      vertex 34.6812 19.7502 38
    endloop
  endfacet
  facet normal -0 0 1
    outer loop
      vertex 33.0725 21.1001 38
      vertex 34.6812 19.7502 38
      vertex 33.1468 21.197 38
    endloop
  endfacet
  facet normal 0 0 1
    outer loop
      vertex 34.6812 19.7502 38
      vertex 33.0725 21.1001 38
      vertex 34.4749 19.5251 38
    endloop
  endfacet
  facet normal -0 0 1
    outer loop
      vertex 32.9899 21.0101 38
      vertex 34.4749 19.5251 38
      vertex 33.0725 21.1001 38
    endloop
  endfacet
  facet normal 0 0 1
    outer loop
      vertex 34.4749 19.5251 38
      vertex 32.9899 21.0101 38
      vertex 34.2498 19.3188 38
    endloop
  endfacet
  facet normal -0 0 1
    outer loop
      vertex 32.8999 20.9275 38
      vertex 34.2498 19.3188 38
      vertex 32.9899 21.0101 38
    endloop
  endfacet
  facet normal 0 0 1
    outer loop
      vertex 34.2498 19.3188 38
      vertex 32.8999 20.9275 38
      vertex 34.0075 19.133 38
    endloop
  endfacet
  facet normal -0 0 1
    outer loop
      vertex 32.803 20.8532 38
      vertex 34.0075 19.133 38
      vertex 32.8999 20.9275 38
    endloop
  endfacet
  facet normal 0 0 1
    outer loop
      vertex 34.0075 19.133 38
      vertex 32.803 20.8532 38
      vertex 33.75 18.9689 38
    endloop
  endfacet
  facet normal -0 0 1
    outer loop
      vertex 32.7 20.7876 38
      vertex 33.75 18.9689 38
      vertex 32.803 20.8532 38
    endloop
  endfacet
  facet normal 0 0 1
    outer loop
      vertex 33.75 18.9689 38
      vertex 32.7 20.7876 38
      vertex 33.4792 18.8279 38
    endloop
  endfacet
  facet normal -0 0 1
    outer loop
      vertex 32.5917 20.7312 38
      vertex 33.4792 18.8279 38
      vertex 32.7 20.7876 38
    endloop
  endfacet
  facet normal 0 0 1
    outer loop
      vertex 33.4792 18.8279 38
      vertex 32.5917 20.7312 38
      vertex 33.1971 18.7111 38
    endloop
  endfacet
  facet normal -0 0 1
    outer loop
      vertex 32.4788 20.6844 38
      vertex 33.1971 18.7111 38
      vertex 32.5917 20.7312 38
    endloop
  endfacet
  facet normal 0 0 1
    outer loop
      vertex 33.1971 18.7111 38
      vertex 32.4788 20.6844 38
      vertex 32.9059 18.6193 38
    endloop
  endfacet
  facet normal -0 0 1
    outer loop
      vertex 32.3623 20.6477 38
      vertex 32.9059 18.6193 38
      vertex 32.4788 20.6844 38
    endloop
  endfacet
  facet normal 0 0 1
    outer loop
      vertex 32.9059 18.6193 38
      vertex 32.3623 20.6477 38
      vertex 32.6078 18.5532 38
    endloop
  endfacet
  facet normal -0 0 1
    outer loop
      vertex 32.2431 20.6213 38
      vertex 32.6078 18.5532 38
      vertex 32.3623 20.6477 38
    endloop
  endfacet
  facet normal 0 0 1
    outer loop
      vertex 32.6078 18.5532 38
      vertex 32.2431 20.6213 38
      vertex 32.305 18.5133 38
    endloop
  endfacet
  facet normal -0 0 1
    outer loop
      vertex 32.122 20.6053 38
      vertex 32.305 18.5133 38
      vertex 32.2431 20.6213 38
    endloop
  endfacet
  facet normal -0 0 1
    outer loop
      vertex 32 20.6 38
      vertex 32.305 18.5133 38
      vertex 32.122 20.6053 38
    endloop
  endfacet
  facet normal 0 0 1
    outer loop
      vertex 32 20.6 38
      vertex 32 18.5 38
      vertex 32.305 18.5133 38
    endloop
  endfacet
  facet normal 0 0 1
    outer loop
      vertex 31.878 20.6053 38
      vertex 32 18.5 38
      vertex 32 20.6 38
    endloop
  endfacet
  facet normal 0 0 1
    outer loop
      vertex 31.695 18.5133 38
      vertex 31.878 20.6053 38
      vertex 31.7569 20.6213 38
    endloop
  endfacet
  facet normal 0 0 1
    outer loop
      vertex 31.878 20.6053 38
      vertex 31.695 18.5133 38
      vertex 32 18.5 38
    endloop
  endfacet
  facet normal 0 0 1
    outer loop
      vertex 31.3922 18.5532 38
      vertex 31.7569 20.6213 38
      vertex 31.6377 20.6477 38
    endloop
  endfacet
  facet normal 0 0 1
    outer loop
      vertex 31.0941 18.6193 38
      vertex 31.6377 20.6477 38
      vertex 31.5212 20.6844 38
    endloop
  endfacet
  facet normal 0 0 1
    outer loop
      vertex 30.8029 18.7111 38
      vertex 31.5212 20.6844 38
      vertex 31.4083 20.7312 38
    endloop
  endfacet
  facet normal 0 0 1
    outer loop
      vertex 31.7569 20.6213 38
      vertex 31.3922 18.5532 38
      vertex 31.695 18.5133 38
    endloop
  endfacet
  facet normal 0 0 1
    outer loop
      vertex 30.5208 18.8279 38
      vertex 31.4083 20.7312 38
      vertex 31.3 20.7876 38
    endloop
  endfacet
  facet normal 0 0 1
    outer loop
      vertex 30.25 18.9689 38
      vertex 31.3 20.7876 38
      vertex 31.197 20.8532 38
    endloop
  endfacet
  facet normal 0 0 1
    outer loop
      vertex 30.25 18.9689 38
      vertex 31.197 20.8532 38
      vertex 31.1001 20.9275 38
    endloop
  endfacet
  facet normal 0 0 1
    outer loop
      vertex 31.6377 20.6477 38
      vertex 31.0941 18.6193 38
      vertex 31.3922 18.5532 38
    endloop
  endfacet
  facet normal 0 0 1
    outer loop
      vertex 30.25 18.9689 38
      vertex 31.1001 20.9275 38
      vertex 31.0101 21.0101 38
    endloop
  endfacet
  facet normal 0 0 1
    outer loop
      vertex 30.25 18.9689 38
      vertex 31.0101 21.0101 38
      vertex 30.9275 21.1001 38
    endloop
  endfacet
  facet normal 0 0 1
    outer loop
      vertex 30.25 18.9689 38
      vertex 30.9275 21.1001 38
      vertex 30.8532 21.197 38
    endloop
  endfacet
  facet normal 0 0 1
    outer loop
      vertex 31.5212 20.6844 38
      vertex 30.8029 18.7111 38
      vertex 31.0941 18.6193 38
    endloop
  endfacet
  facet normal 0 0 1
    outer loop
      vertex 30.25 18.9689 38
      vertex 30.8532 21.197 38
      vertex 30.7876 21.3 38
    endloop
  endfacet
  facet normal 0 0 1
    outer loop
      vertex 30.25 18.9689 38
      vertex 30.7876 21.3 38
      vertex 30.7312 21.4083 38
    endloop
  endfacet
  facet normal 0 0 1
    outer loop
      vertex 30.25 18.9689 38
      vertex 30.7312 21.4083 38
      vertex 30.6844 21.5212 38
    endloop
  endfacet
  facet normal 0 0 1
    outer loop
      vertex 30.25 18.9689 38
      vertex 30.6844 21.5212 38
      vertex 30.6477 21.6377 38
    endloop
  endfacet
  facet normal 0 0 1
    outer loop
      vertex 30.25 18.9689 38
      vertex 30.6477 21.6377 38
      vertex 30.6213 21.7569 38
    endloop
  endfacet
  facet normal 0 0 1
    outer loop
      vertex 30.25 18.9689 38
      vertex 30.6213 21.7569 38
      vertex 30.6053 21.878 38
    endloop
  endfacet
  facet normal 0 0 1
    outer loop
      vertex 31.4083 20.7312 38
      vertex 30.5208 18.8279 38
      vertex 30.8029 18.7111 38
    endloop
  endfacet
  facet normal 0 0 1
    outer loop
      vertex 30.25 18.9689 38
      vertex 30.6053 21.878 38
      vertex 30.6 22 38
    endloop
  endfacet
  facet normal 0 0 1
    outer loop
      vertex 33.3947 -21.878 38
      vertex 35 -20.2012 38
      vertex 34.867 -19.9925 38
    endloop
  endfacet
  facet normal 0 0 1
    outer loop
      vertex 35 -20.2012 38
      vertex 33.4 -22 38
      vertex 35 -23.7988 38
    endloop
  endfacet
  facet normal 0 0 1
    outer loop
      vertex 33.3947 -21.878 38
      vertex 34.867 -19.9925 38
      vertex 34.6812 -19.7502 38
    endloop
  endfacet
  facet normal -0 0 1
    outer loop
      vertex 33.3947 -22.122 38
      vertex 35 -23.7988 38
      vertex 33.4 -22 38
    endloop
  endfacet
  facet normal 0 0 1
    outer loop
      vertex 33.3947 -21.878 38
      vertex 34.6812 -19.7502 38
      vertex 34.4749 -19.5251 38
    endloop
  endfacet
  facet normal -0 0 1
    outer loop
      vertex 33.3787 -22.2431 38
      vertex 35 -23.7988 38
      vertex 33.3947 -22.122 38
    endloop
  endfacet
  facet normal 0 0 1
    outer loop
      vertex 33.3947 -21.878 38
      vertex 34.4749 -19.5251 38
      vertex 34.2498 -19.3188 38
    endloop
  endfacet
  facet normal -0 0 1
    outer loop
      vertex 33.3523 -22.3623 38
      vertex 35 -23.7988 38
      vertex 33.3787 -22.2431 38
    endloop
  endfacet
  facet normal 0 0 1
    outer loop
      vertex 33.3947 -21.878 38
      vertex 34.2498 -19.3188 38
      vertex 34.0075 -19.133 38
    endloop
  endfacet
  facet normal -0 0 1
    outer loop
      vertex 33.3156 -22.4788 38
      vertex 35 -23.7988 38
      vertex 33.3523 -22.3623 38
    endloop
  endfacet
  facet normal -0 0 1
    outer loop
      vertex 33.2688 -22.5917 38
      vertex 35 -23.7988 38
      vertex 33.3156 -22.4788 38
    endloop
  endfacet
  facet normal 0 0 1
    outer loop
      vertex 33.3947 -21.878 38
      vertex 34.0075 -19.133 38
      vertex 33.75 -18.9689 38
    endloop
  endfacet
  facet normal 0 0 1
    outer loop
      vertex 33.1468 22.803 38
      vertex 35 23.7988 38
      vertex 34.867 24.0075 38
    endloop
  endfacet
  facet normal 0 0 1
    outer loop
      vertex 35 23.7988 38
      vertex 33.4 22 38
      vertex 35 20.2012 38
    endloop
  endfacet
  facet normal 0 0 1
    outer loop
      vertex 33.1468 22.803 38
      vertex 34.867 24.0075 38
      vertex 34.6812 24.2498 38
    endloop
  endfacet
  facet normal -0 0 1
    outer loop
      vertex 33.3947 21.878 38
      vertex 35 20.2012 38
      vertex 33.4 22 38
    endloop
  endfacet
  facet normal 0 0 1
    outer loop
      vertex 33.0725 22.8999 38
      vertex 34.6812 24.2498 38
      vertex 34.4749 24.4749 38
    endloop
  endfacet
  facet normal -0 0 1
    outer loop
      vertex 33.3787 21.7569 38
      vertex 35 20.2012 38
      vertex 33.3947 21.878 38
    endloop
  endfacet
  facet normal 0 0 1
    outer loop
      vertex 32.9899 22.9899 38
      vertex 34.4749 24.4749 38
      vertex 34.2498 24.6812 38
    endloop
  endfacet
  facet normal -0 0 1
    outer loop
      vertex 33.3523 21.6377 38
      vertex 35 20.2012 38
      vertex 33.3787 21.7569 38
    endloop
  endfacet
  facet normal 0 0 1
    outer loop
      vertex 32.8999 23.0725 38
      vertex 34.2498 24.6812 38
      vertex 34.0075 24.867 38
    endloop
  endfacet
  facet normal -0 0 1
    outer loop
      vertex 33.3156 21.5212 38
      vertex 35 20.2012 38
      vertex 33.3523 21.6377 38
    endloop
  endfacet
  facet normal 0 0 1
    outer loop
      vertex 32.803 23.1468 38
      vertex 34.0075 24.867 38
      vertex 33.7988 25 38
    endloop
  endfacet
  facet normal -0 0 1
    outer loop
      vertex 33.2688 21.4083 38
      vertex 35 20.2012 38
      vertex 33.3156 21.5212 38
    endloop
  endfacet
  facet normal 0 0 1
    outer loop
      vertex 35 24.5 38
      vertex 37.5 24.5 38
      vertex 37.4886 24.7615 38
    endloop
  endfacet
  facet normal 0 0 1
    outer loop
      vertex 37.5 24.5 38
      vertex 35 20.2012 38
      vertex 37.5 -24.5 38
    endloop
  endfacet
  facet normal 0 0 1
    outer loop
      vertex 34.9981 24.5436 38
      vertex 37.4886 24.7615 38
      vertex 37.4544 25.021 38
    endloop
  endfacet
  facet normal -0 0 1
    outer loop
      vertex 35 -20.2012 38
      vertex 37.5 -24.5 38
      vertex 35 20.2012 38
    endloop
  endfacet
  facet normal 0 0 1
    outer loop
      vertex 34.9924 24.5868 38
      vertex 37.4544 25.021 38
      vertex 37.3978 25.2765 38
    endloop
  endfacet
  facet normal -0 0 1
    outer loop
      vertex 35 -23.7988 38
      vertex 37.5 -24.5 38
      vertex 35 -20.2012 38
    endloop
  endfacet
  facet normal 0 0 1
    outer loop
      vertex 34.983 24.6294 38
      vertex 37.3978 25.2765 38
      vertex 37.3191 25.5261 38
    endloop
  endfacet
  facet normal 0 0 1
    outer loop
      vertex 35 -24.5 38
      vertex 37.5 -24.5 38
      vertex 35 -23.7988 38
    endloop
  endfacet
  facet normal 0 0 1
    outer loop
      vertex 34.9698 24.671 38
      vertex 37.3191 25.5261 38
      vertex 37.2189 25.7679 38
    endloop
  endfacet
  facet normal 0 0 1
    outer loop
      vertex 37.5 -24.5 38
      vertex 35 -24.5 38
      vertex 37.4886 -24.7615 38
    endloop
  endfacet
  facet normal 0 0 1
    outer loop
      vertex 34.9532 24.7113 38
      vertex 37.2189 25.7679 38
      vertex 37.0981 26 38
    endloop
  endfacet
  facet normal -0 0 1
    outer loop
      vertex 34.9981 -24.5436 38
      vertex 37.4886 -24.7615 38
      vertex 35 -24.5 38
    endloop
  endfacet
  facet normal 0 0 1
    outer loop
      vertex 34.933 24.75 38
      vertex 37.0981 26 38
      vertex 36.9575 26.2207 38
    endloop
  endfacet
  facet normal 0 0 1
    outer loop
      vertex 37.4886 -24.7615 38
      vertex 34.9981 -24.5436 38
      vertex 37.4544 -25.021 38
    endloop
  endfacet
  facet normal 0 0 1
    outer loop
      vertex 34.9096 24.7868 38
      vertex 36.9575 26.2207 38
      vertex 36.7981 26.4284 38
    endloop
  endfacet
  facet normal -0 0 1
    outer loop
      vertex 34.9924 -24.5868 38
      vertex 37.4544 -25.021 38
      vertex 34.9981 -24.5436 38
    endloop
  endfacet
  facet normal 0 0 1
    outer loop
      vertex 34.883 24.8214 38
      vertex 36.7981 26.4284 38
      vertex 36.6213 26.6213 38
    endloop
  endfacet
  facet normal 0 0 1
    outer loop
      vertex 37.4544 -25.021 38
      vertex 34.9924 -24.5868 38
      vertex 37.3978 -25.2765 38
    endloop
  endfacet
  facet normal 0 0 1
    outer loop
      vertex 34.8535 24.8535 38
      vertex 36.6213 26.6213 38
      vertex 36.4284 26.7981 38
    endloop
  endfacet
  facet normal -0 0 1
    outer loop
      vertex 34.983 -24.6294 38
      vertex 37.3978 -25.2765 38
      vertex 34.9924 -24.5868 38
    endloop
  endfacet
  facet normal 0 0 1
    outer loop
      vertex 34.8214 24.883 38
      vertex 36.4284 26.7981 38
      vertex 36.2207 26.9575 38
    endloop
  endfacet
  facet normal 0 0 1
    outer loop
      vertex 37.3978 -25.2765 38
      vertex 34.983 -24.6294 38
      vertex 37.3191 -25.5261 38
    endloop
  endfacet
  facet normal 0 0 1
    outer loop
      vertex 34.7868 24.9096 38
      vertex 36.2207 26.9575 38
      vertex 36 27.0981 38
    endloop
  endfacet
  facet normal -0 0 1
    outer loop
      vertex 34.9698 -24.671 38
      vertex 37.3191 -25.5261 38
      vertex 34.983 -24.6294 38
    endloop
  endfacet
  facet normal 0 0 1
    outer loop
      vertex 34.75 24.933 38
      vertex 36 27.0981 38
      vertex 35.7679 27.2189 38
    endloop
  endfacet
  facet normal 0 0 1
    outer loop
      vertex 37.3191 -25.5261 38
      vertex 34.9698 -24.671 38
      vertex 37.2189 -25.7679 38
    endloop
  endfacet
  facet normal 0 0 1
    outer loop
      vertex 34.7113 24.9532 38
      vertex 35.7679 27.2189 38
      vertex 35.5261 27.3191 38
    endloop
  endfacet
  facet normal -0 0 1
    outer loop
      vertex 34.9532 -24.7113 38
      vertex 37.2189 -25.7679 38
      vertex 34.9698 -24.671 38
    endloop
  endfacet
  facet normal 0 0 1
    outer loop
      vertex 34.671 24.9698 38
      vertex 35.5261 27.3191 38
      vertex 35.2765 27.3978 38
    endloop
  endfacet
  facet normal 0 0 1
    outer loop
      vertex 37.2189 -25.7679 38
      vertex 34.9532 -24.7113 38
      vertex 37.0981 -26 38
    endloop
  endfacet
  facet normal 0 0 1
    outer loop
      vertex 34.6294 24.983 38
      vertex 35.2765 27.3978 38
      vertex 35.021 27.4544 38
    endloop
  endfacet
  facet normal 0 0 1
    outer loop
      vertex 37.5 24.5 38
      vertex 35 24.5 38
      vertex 35 23.7988 38
    endloop
  endfacet
  facet normal 0 0 1
    outer loop
      vertex 37.5 24.5 38
      vertex 35 23.7988 38
      vertex 35 20.2012 38
    endloop
  endfacet
  facet normal 0 0 1
    outer loop
      vertex 37.4886 24.7615 38
      vertex 34.9981 24.5436 38
      vertex 35 24.5 38
    endloop
  endfacet
  facet normal 0 0 1
    outer loop
      vertex 37.4544 25.021 38
      vertex 34.9924 24.5868 38
      vertex 34.9981 24.5436 38
    endloop
  endfacet
  facet normal 0 0 1
    outer loop
      vertex 37.3978 25.2765 38
      vertex 34.983 24.6294 38
      vertex 34.9924 24.5868 38
    endloop
  endfacet
  facet normal 0 0 1
    outer loop
      vertex 37.3191 25.5261 38
      vertex 34.9698 24.671 38
      vertex 34.983 24.6294 38
    endloop
  endfacet
  facet normal 0 0 1
    outer loop
      vertex 37.2189 25.7679 38
      vertex 34.9532 24.7113 38
      vertex 34.9698 24.671 38
    endloop
  endfacet
  facet normal 0 0 1
    outer loop
      vertex 37.0981 26 38
      vertex 34.933 24.75 38
      vertex 34.9532 24.7113 38
    endloop
  endfacet
  facet normal 0 0 1
    outer loop
      vertex 36.9575 26.2207 38
      vertex 34.9096 24.7868 38
      vertex 34.933 24.75 38
    endloop
  endfacet
  facet normal 0 0 1
    outer loop
      vertex 36.7981 26.4284 38
      vertex 34.883 24.8214 38
      vertex 34.9096 24.7868 38
    endloop
  endfacet
  facet normal 0 0 1
    outer loop
      vertex 36.6213 26.6213 38
      vertex 34.8535 24.8535 38
      vertex 34.883 24.8214 38
    endloop
  endfacet
  facet normal 0 0 1
    outer loop
      vertex 36.4284 26.7981 38
      vertex 34.8214 24.883 38
      vertex 34.8535 24.8535 38
    endloop
  endfacet
  facet normal 0 0 1
    outer loop
      vertex 36.2207 26.9575 38
      vertex 34.7868 24.9096 38
      vertex 34.8214 24.883 38
    endloop
  endfacet
  facet normal 0 0 1
    outer loop
      vertex 34.5868 24.9924 38
      vertex 35.021 27.4544 38
      vertex 34.7615 27.4886 38
    endloop
  endfacet
  facet normal 0 0 1
    outer loop
      vertex 36 27.0981 38
      vertex 34.75 24.933 38
      vertex 34.7868 24.9096 38
    endloop
  endfacet
  facet normal 0 0 1
    outer loop
      vertex 35.7679 27.2189 38
      vertex 34.7113 24.9532 38
      vertex 34.75 24.933 38
    endloop
  endfacet
  facet normal 0 0 1
    outer loop
      vertex 35.5261 27.3191 38
      vertex 34.671 24.9698 38
      vertex 34.7113 24.9532 38
    endloop
  endfacet
  facet normal 0 0 1
    outer loop
      vertex 35.2765 27.3978 38
      vertex 34.6294 24.983 38
      vertex 34.671 24.9698 38
    endloop
  endfacet
  facet normal 0 0 1
    outer loop
      vertex 35.021 27.4544 38
      vertex 34.5868 24.9924 38
      vertex 34.6294 24.983 38
    endloop
  endfacet
  facet normal 0 0 1
    outer loop
      vertex 34.7615 27.4886 38
      vertex 34.5436 24.9981 38
      vertex 34.5868 24.9924 38
    endloop
  endfacet
  facet normal 0 0 1
    outer loop
      vertex 34.5 27.5 38
      vertex 34.5436 24.9981 38
      vertex 34.7615 27.4886 38
    endloop
  endfacet
  facet normal 0 0 1
    outer loop
      vertex 34.5 27.5 38
      vertex 34.5 25 38
      vertex 34.5436 24.9981 38
    endloop
  endfacet
  facet normal 0 0 1
    outer loop
      vertex 34.5 27.5 38
      vertex 33.7988 25 38
      vertex 34.5 25 38
    endloop
  endfacet
  facet normal -0 0 1
    outer loop
      vertex 33.2124 21.3 38
      vertex 35 20.2012 38
      vertex 33.2688 21.4083 38
    endloop
  endfacet
  facet normal -0 0 1
    outer loop
      vertex 33.1468 21.197 38
      vertex 35 20.2012 38
      vertex 33.2124 21.3 38
    endloop
  endfacet
  facet normal 0 0 1
    outer loop
      vertex 35 23.7988 38
      vertex 33.3947 22.122 38
      vertex 33.4 22 38
    endloop
  endfacet
  facet normal 0 0 1
    outer loop
      vertex 35 23.7988 38
      vertex 33.3787 22.2431 38
      vertex 33.3947 22.122 38
    endloop
  endfacet
  facet normal 0 0 1
    outer loop
      vertex 35 23.7988 38
      vertex 33.3523 22.3623 38
      vertex 33.3787 22.2431 38
    endloop
  endfacet
  facet normal 0 0 1
    outer loop
      vertex 35 23.7988 38
      vertex 33.3156 22.4788 38
      vertex 33.3523 22.3623 38
    endloop
  endfacet
  facet normal 0 0 1
    outer loop
      vertex 35 23.7988 38
      vertex 33.2688 22.5917 38
      vertex 33.3156 22.4788 38
    endloop
  endfacet
  facet normal 0 0 1
    outer loop
      vertex 35 23.7988 38
      vertex 33.2124 22.7 38
      vertex 33.2688 22.5917 38
    endloop
  endfacet
  facet normal 0 0 1
    outer loop
      vertex 35 23.7988 38
      vertex 33.1468 22.803 38
      vertex 33.2124 22.7 38
    endloop
  endfacet
  facet normal 0 0 1
    outer loop
      vertex 30.2012 25 38
      vertex 33.7988 25 38
      vertex 34.5 27.5 38
    endloop
  endfacet
  facet normal 0 0 1
    outer loop
      vertex 34.6812 24.2498 38
      vertex 33.0725 22.8999 38
      vertex 33.1468 22.803 38
    endloop
  endfacet
  facet normal 0 0 1
    outer loop
      vertex 34.4749 24.4749 38
      vertex 32.9899 22.9899 38
      vertex 33.0725 22.8999 38
    endloop
  endfacet
  facet normal 0 0 1
    outer loop
      vertex 34.2498 24.6812 38
      vertex 32.8999 23.0725 38
      vertex 32.9899 22.9899 38
    endloop
  endfacet
  facet normal 0 0 1
    outer loop
      vertex 34.0075 24.867 38
      vertex 32.803 23.1468 38
      vertex 32.8999 23.0725 38
    endloop
  endfacet
  facet normal 0 0 1
    outer loop
      vertex 33.7988 25 38
      vertex 32.7 23.2124 38
      vertex 32.803 23.1468 38
    endloop
  endfacet
  facet normal 0 0 1
    outer loop
      vertex 33.7988 25 38
      vertex 32.5917 23.2688 38
      vertex 32.7 23.2124 38
    endloop
  endfacet
  facet normal 0 0 1
    outer loop
      vertex 33.7988 25 38
      vertex 32.4788 23.3156 38
      vertex 32.5917 23.2688 38
    endloop
  endfacet
  facet normal 0 0 1
    outer loop
      vertex 33.7988 25 38
      vertex 32.3623 23.3523 38
      vertex 32.4788 23.3156 38
    endloop
  endfacet
  facet normal 0 0 1
    outer loop
      vertex 33.7988 25 38
      vertex 32.2431 23.3787 38
      vertex 32.3623 23.3523 38
    endloop
  endfacet
  facet normal 0 -0 1
    outer loop
      vertex 32 23.4 38
      vertex 33.7988 25 38
      vertex 30.2012 25 38
    endloop
  endfacet
  facet normal 0 0 1
    outer loop
      vertex 33.7988 25 38
      vertex 32.122 23.3947 38
      vertex 32.2431 23.3787 38
    endloop
  endfacet
  facet normal 0 0 1
    outer loop
      vertex 33.7988 25 38
      vertex 32 23.4 38
      vertex 32.122 23.3947 38
    endloop
  endfacet
  facet normal 0 0 1
    outer loop
      vertex 32 23.4 38
      vertex 30.2012 25 38
      vertex 31.878 23.3947 38
    endloop
  endfacet
  facet normal 0 0 1
    outer loop
      vertex 31.878 23.3947 38
      vertex 30.2012 25 38
      vertex 31.7569 23.3787 38
    endloop
  endfacet
  facet normal 0 0 1
    outer loop
      vertex 31.7569 23.3787 38
      vertex 30.2012 25 38
      vertex 31.6377 23.3523 38
    endloop
  endfacet
  facet normal 0 0 1
    outer loop
      vertex 31.6377 23.3523 38
      vertex 30.2012 25 38
      vertex 31.5212 23.3156 38
    endloop
  endfacet
  facet normal 0 0 1
    outer loop
      vertex 31.5212 23.3156 38
      vertex 30.2012 25 38
      vertex 31.4083 23.2688 38
    endloop
  endfacet
  facet normal 0 0 1
    outer loop
      vertex 31.4083 23.2688 38
      vertex 30.2012 25 38
      vertex 31.3 23.2124 38
    endloop
  endfacet
  facet normal 0 0 1
    outer loop
      vertex 31.3 23.2124 38
      vertex 30.2012 25 38
      vertex 31.197 23.1468 38
    endloop
  endfacet
  facet normal -0 0 1
    outer loop
      vertex 29.9925 24.867 38
      vertex 31.197 23.1468 38
      vertex 30.2012 25 38
    endloop
  endfacet
  facet normal 0 0 1
    outer loop
      vertex 31.197 23.1468 38
      vertex 29.9925 24.867 38
      vertex 31.1001 23.0725 38
    endloop
  endfacet
  facet normal 0 0 1
    outer loop
      vertex 31.3 20.7876 38
      vertex 30.25 18.9689 38
      vertex 30.5208 18.8279 38
    endloop
  endfacet
  facet normal -0 0 1
    outer loop
      vertex 28.9689 23.75 38
      vertex 30.7876 22.7 38
      vertex 29.133 24.0075 38
    endloop
  endfacet
  facet normal 0 0 1
    outer loop
      vertex 30.7876 22.7 38
      vertex 28.9689 23.75 38
      vertex 30.7312 22.5917 38
    endloop
  endfacet
  facet normal 0 0 1
    outer loop
      vertex 30.8532 22.803 38
      vertex 29.133 24.0075 38
      vertex 30.7876 22.7 38
    endloop
  endfacet
  facet normal -0 0 1
    outer loop
      vertex 29.133 24.0075 38
      vertex 30.8532 22.803 38
      vertex 29.3188 24.2498 38
    endloop
  endfacet
  facet normal 0 0 1
    outer loop
      vertex 30.9275 22.8999 38
      vertex 29.3188 24.2498 38
      vertex 30.8532 22.803 38
    endloop
  endfacet
  facet normal -0 0 1
    outer loop
      vertex 29.3188 24.2498 38
      vertex 30.9275 22.8999 38
      vertex 29.5251 24.4749 38
    endloop
  endfacet
  facet normal 0 0 1
    outer loop
      vertex 31.0101 22.9899 38
      vertex 29.5251 24.4749 38
      vertex 30.9275 22.8999 38
    endloop
  endfacet
  facet normal -0 0 1
    outer loop
      vertex 29.5251 24.4749 38
      vertex 31.0101 22.9899 38
      vertex 29.7502 24.6812 38
    endloop
  endfacet
  facet normal 0 0 1
    outer loop
      vertex 31.1001 23.0725 38
      vertex 29.7502 24.6812 38
      vertex 31.0101 22.9899 38
    endloop
  endfacet
  facet normal -0 0 1
    outer loop
      vertex 29.7502 24.6812 38
      vertex 31.1001 23.0725 38
      vertex 29.9925 24.867 38
    endloop
  endfacet
  facet normal 0 0 1
    outer loop
      vertex 34.5 27.5 38
      vertex -30.2012 25 38
      vertex 30.2012 25 38
    endloop
  endfacet
  facet normal -0 0 1
    outer loop
      vertex -30.7876 21.3 38
      vertex -28.9689 20.25 38
      vertex -30.7312 21.4083 38
    endloop
  endfacet
  facet normal 0 0 1
    outer loop
      vertex -28.9689 20.25 38
      vertex -30.7876 21.3 38
      vertex -29.133 19.9925 38
    endloop
  endfacet
  facet normal 0 0 1
    outer loop
      vertex -28.5133 22.305 38
      vertex -30.6053 22.122 38
      vertex -30.6 22 38
    endloop
  endfacet
  facet normal 0 0 1
    outer loop
      vertex -28.5532 22.6078 38
      vertex -30.6213 22.2431 38
      vertex -30.6053 22.122 38
    endloop
  endfacet
  facet normal 0 0 1
    outer loop
      vertex -28.6193 22.9059 38
      vertex -30.6477 22.3623 38
      vertex -30.6213 22.2431 38
    endloop
  endfacet
  facet normal 0 0 1
    outer loop
      vertex -28.7111 23.1971 38
      vertex -30.6844 22.4788 38
      vertex -30.6477 22.3623 38
    endloop
  endfacet
  facet normal 0 0 1
    outer loop
      vertex -28.8279 23.4792 38
      vertex -30.7312 22.5917 38
      vertex -30.6844 22.4788 38
    endloop
  endfacet
  facet normal 0 0 1
    outer loop
      vertex -28.9689 23.75 38
      vertex -30.7876 22.7 38
      vertex -30.7312 22.5917 38
    endloop
  endfacet
  facet normal 0 0 1
    outer loop
      vertex -29.133 24.0075 38
      vertex -30.8532 22.803 38
      vertex -30.7876 22.7 38
    endloop
  endfacet
  facet normal 0 0 1
    outer loop
      vertex -29.3188 24.2498 38
      vertex -30.9275 22.8999 38
      vertex -30.8532 22.803 38
    endloop
  endfacet
  facet normal 0 0 1
    outer loop
      vertex -29.5251 24.4749 38
      vertex -31.0101 22.9899 38
      vertex -30.9275 22.8999 38
    endloop
  endfacet
  facet normal 0 0 1
    outer loop
      vertex -29.7502 24.6812 38
      vertex -31.1001 23.0725 38
      vertex -31.0101 22.9899 38
    endloop
  endfacet
  facet normal 0 0 1
    outer loop
      vertex -29.9925 24.867 38
      vertex -31.197 23.1468 38
      vertex -31.1001 23.0725 38
    endloop
  endfacet
  facet normal 0 0 1
    outer loop
      vertex -30.2012 25 38
      vertex -31.3 23.2124 38
      vertex -31.197 23.1468 38
    endloop
  endfacet
  facet normal 0 0 1
    outer loop
      vertex -30.2012 25 38
      vertex -31.4083 23.2688 38
      vertex -31.3 23.2124 38
    endloop
  endfacet
  facet normal 0 0 1
    outer loop
      vertex -30.2012 25 38
      vertex -31.5212 23.3156 38
      vertex -31.4083 23.2688 38
    endloop
  endfacet
  facet normal 0 0 1
    outer loop
      vertex -30.2012 25 38
      vertex -31.6377 23.3523 38
      vertex -31.5212 23.3156 38
    endloop
  endfacet
  facet normal 0 0 1
    outer loop
      vertex -30.2012 25 38
      vertex -31.7569 23.3787 38
      vertex -31.6377 23.3523 38
    endloop
  endfacet
  facet normal 0 0 1
    outer loop
      vertex -30.2012 25 38
      vertex -31.878 23.3947 38
      vertex -31.7569 23.3787 38
    endloop
  endfacet
  facet normal 0 0 1
    outer loop
      vertex -30.2012 25 38
      vertex -32 23.4 38
      vertex -31.878 23.3947 38
    endloop
  endfacet
  facet normal -0 0 1
    outer loop
      vertex -33.7988 25 38
      vertex -32 23.4 38
      vertex -30.2012 25 38
    endloop
  endfacet
  facet normal 0 0 1
    outer loop
      vertex -32 23.4 38
      vertex -33.7988 25 38
      vertex -32.122 23.3947 38
    endloop
  endfacet
  facet normal 0 0 1
    outer loop
      vertex -32.122 23.3947 38
      vertex -33.7988 25 38
      vertex -32.2431 23.3787 38
    endloop
  endfacet
  facet normal 0 0 1
    outer loop
      vertex -32.2431 23.3787 38
      vertex -33.7988 25 38
      vertex -32.3623 23.3523 38
    endloop
  endfacet
  facet normal 0 0 1
    outer loop
      vertex -32.3623 23.3523 38
      vertex -33.7988 25 38
      vertex -32.4788 23.3156 38
    endloop
  endfacet
  facet normal 0 0 1
    outer loop
      vertex -32.4788 23.3156 38
      vertex -33.7988 25 38
      vertex -32.5917 23.2688 38
    endloop
  endfacet
  facet normal 0 0 1
    outer loop
      vertex -32.5917 23.2688 38
      vertex -33.7988 25 38
      vertex -32.7 23.2124 38
    endloop
  endfacet
  facet normal 0 0 1
    outer loop
      vertex -32.7 20.7876 38
      vertex -33.75 18.9689 38
      vertex -33.4792 18.8279 38
    endloop
  endfacet
  facet normal 0 0 1
    outer loop
      vertex -33.1468 22.803 38
      vertex -35 23.7988 38
      vertex -33.2124 22.7 38
    endloop
  endfacet
  facet normal 0 0 1
    outer loop
      vertex -33.2124 22.7 38
      vertex -35 23.7988 38
      vertex -33.2688 22.5917 38
    endloop
  endfacet
  facet normal -0 0 1
    outer loop
      vertex -35 23.7988 38
      vertex -33.1468 22.803 38
      vertex -34.867 24.0075 38
    endloop
  endfacet
  facet normal -0 0 1
    outer loop
      vertex -34.867 24.0075 38
      vertex -33.1468 22.803 38
      vertex -34.6812 24.2498 38
    endloop
  endfacet
  facet normal 0 0 1
    outer loop
      vertex -33.0725 22.8999 38
      vertex -34.6812 24.2498 38
      vertex -33.1468 22.803 38
    endloop
  endfacet
  facet normal -0 0 1
    outer loop
      vertex -34.6812 24.2498 38
      vertex -33.0725 22.8999 38
      vertex -34.4749 24.4749 38
    endloop
  endfacet
  facet normal 0 0 1
    outer loop
      vertex -32.9899 22.9899 38
      vertex -34.4749 24.4749 38
      vertex -33.0725 22.8999 38
    endloop
  endfacet
  facet normal -0 0 1
    outer loop
      vertex -34.4749 24.4749 38
      vertex -32.9899 22.9899 38
      vertex -34.2498 24.6812 38
    endloop
  endfacet
  facet normal 0 0 1
    outer loop
      vertex -32.8999 23.0725 38
      vertex -34.2498 24.6812 38
      vertex -32.9899 22.9899 38
    endloop
  endfacet
  facet normal -0 0 1
    outer loop
      vertex -34.2498 24.6812 38
      vertex -32.8999 23.0725 38
      vertex -34.0075 24.867 38
    endloop
  endfacet
  facet normal 0 0 1
    outer loop
      vertex -32.803 23.1468 38
      vertex -34.0075 24.867 38
      vertex -32.8999 23.0725 38
    endloop
  endfacet
  facet normal -0 0 1
    outer loop
      vertex -34.0075 24.867 38
      vertex -32.803 23.1468 38
      vertex -33.7988 25 38
    endloop
  endfacet
  facet normal 0 0 1
    outer loop
      vertex -32.7 23.2124 38
      vertex -33.7988 25 38
      vertex -32.803 23.1468 38
    endloop
  endfacet
  facet normal -0 0 1
    outer loop
      vertex -34.5 27.5 38
      vertex -30.2012 25 38
      vertex 34.5 27.5 38
    endloop
  endfacet
  facet normal 0 0 1
    outer loop
      vertex -30.2012 25 38
      vertex -34.5 27.5 38
      vertex -33.7988 25 38
    endloop
  endfacet
  facet normal 0 0 1
    outer loop
      vertex -34.5 27.5 38
      vertex -34.5 25 38
      vertex -33.7988 25 38
    endloop
  endfacet
  facet normal 0 0 1
    outer loop
      vertex -34.5 27.5 38
      vertex -34.5436 24.9981 38
      vertex -34.5 25 38
    endloop
  endfacet
  facet normal -0 0 1
    outer loop
      vertex -34.7615 27.4886 38
      vertex -34.5436 24.9981 38
      vertex -34.5 27.5 38
    endloop
  endfacet
  facet normal 0 0 1
    outer loop
      vertex -34.5436 24.9981 38
      vertex -34.7615 27.4886 38
      vertex -34.5868 24.9924 38
    endloop
  endfacet
  facet normal -0 0 1
    outer loop
      vertex -35.021 27.4544 38
      vertex -34.5868 24.9924 38
      vertex -34.7615 27.4886 38
    endloop
  endfacet
  facet normal 0 0 1
    outer loop
      vertex -34.5868 24.9924 38
      vertex -35.021 27.4544 38
      vertex -34.6294 24.983 38
    endloop
  endfacet
  facet normal -0 0 1
    outer loop
      vertex -35.2765 27.3978 38
      vertex -34.6294 24.983 38
      vertex -35.021 27.4544 38
    endloop
  endfacet
  facet normal 0 0 1
    outer loop
      vertex -34.6294 24.983 38
      vertex -35.2765 27.3978 38
      vertex -34.671 24.9698 38
    endloop
  endfacet
  facet normal -0 0 1
    outer loop
      vertex -35.5261 27.3191 38
      vertex -34.671 24.9698 38
      vertex -35.2765 27.3978 38
    endloop
  endfacet
  facet normal 0 0 1
    outer loop
      vertex -34.671 24.9698 38
      vertex -35.5261 27.3191 38
      vertex -34.7113 24.9532 38
    endloop
  endfacet
  facet normal -0 0 1
    outer loop
      vertex -35.7679 27.2189 38
      vertex -34.7113 24.9532 38
      vertex -35.5261 27.3191 38
    endloop
  endfacet
  facet normal 0 0 1
    outer loop
      vertex -34.7113 24.9532 38
      vertex -35.7679 27.2189 38
      vertex -34.75 24.933 38
    endloop
  endfacet
  facet normal -0 0 1
    outer loop
      vertex -36 27.0981 38
      vertex -34.75 24.933 38
      vertex -35.7679 27.2189 38
    endloop
  endfacet
  facet normal 0 0 1
    outer loop
      vertex -34.75 24.933 38
      vertex -36 27.0981 38
      vertex -34.7868 24.9096 38
    endloop
  endfacet
  facet normal -0 0 1
    outer loop
      vertex -36.2207 26.9575 38
      vertex -34.7868 24.9096 38
      vertex -36 27.0981 38
    endloop
  endfacet
  facet normal 0 0 1
    outer loop
      vertex -34.7868 24.9096 38
      vertex -36.2207 26.9575 38
      vertex -34.8214 24.883 38
    endloop
  endfacet
  facet normal -0 0 1
    outer loop
      vertex -36.4284 26.7981 38
      vertex -34.8214 24.883 38
      vertex -36.2207 26.9575 38
    endloop
  endfacet
  facet normal 0 0 1
    outer loop
      vertex -34.8214 24.883 38
      vertex -36.4284 26.7981 38
      vertex -34.8535 24.8535 38
    endloop
  endfacet
  facet normal -0 0 1
    outer loop
      vertex -36.6213 26.6213 38
      vertex -34.8535 24.8535 38
      vertex -36.4284 26.7981 38
    endloop
  endfacet
  facet normal -0 0 1
    outer loop
      vertex -37.5 24.5 38
      vertex -35 23.7988 38
      vertex -35 24.5 38
    endloop
  endfacet
  facet normal 0 0 1
    outer loop
      vertex -35 23.7988 38
      vertex -37.5 24.5 38
      vertex -35 20.2012 38
    endloop
  endfacet
  facet normal 0 0 1
    outer loop
      vertex -35 20.2012 38
      vertex -37.5 24.5 38
      vertex -35 -20.2012 38
    endloop
  endfacet
  facet normal 0 0 1
    outer loop
      vertex -37.5 -24.5 38
      vertex -35 -20.2012 38
      vertex -37.5 24.5 38
    endloop
  endfacet
  facet normal 0 0 1
    outer loop
      vertex -34.883 24.8214 38
      vertex -36.7981 26.4284 38
      vertex -34.9096 24.7868 38
    endloop
  endfacet
  facet normal -0 0 1
    outer loop
      vertex -36.7981 26.4284 38
      vertex -34.883 24.8214 38
      vertex -36.6213 26.6213 38
    endloop
  endfacet
  facet normal 0 0 1
    outer loop
      vertex -34.8535 24.8535 38
      vertex -36.6213 26.6213 38
      vertex -34.883 24.8214 38
    endloop
  endfacet
  facet normal -0 0 1
    outer loop
      vertex 34.933 -24.75 38
      vertex 37.0981 -26 38
      vertex 34.9532 -24.7113 38
    endloop
  endfacet
  facet normal 0 0 1
    outer loop
      vertex 37.0981 -26 38
      vertex 34.933 -24.75 38
      vertex 36.9575 -26.2207 38
    endloop
  endfacet
  facet normal -0 0 1
    outer loop
      vertex 34.9096 -24.7868 38
      vertex 36.9575 -26.2207 38
      vertex 34.933 -24.75 38
    endloop
  endfacet
  facet normal 0 0 1
    outer loop
      vertex 36.9575 -26.2207 38
      vertex 34.9096 -24.7868 38
      vertex 36.7981 -26.4284 38
    endloop
  endfacet
  facet normal -0 0 1
    outer loop
      vertex 34.883 -24.8214 38
      vertex 36.7981 -26.4284 38
      vertex 34.9096 -24.7868 38
    endloop
  endfacet
  facet normal 0 0 1
    outer loop
      vertex 36.7981 -26.4284 38
      vertex 34.883 -24.8214 38
      vertex 36.6213 -26.6213 38
    endloop
  endfacet
  facet normal -0 0 1
    outer loop
      vertex 34.8535 -24.8535 38
      vertex 36.6213 -26.6213 38
      vertex 34.883 -24.8214 38
    endloop
  endfacet
  facet normal 0 0 1
    outer loop
      vertex 36.6213 -26.6213 38
      vertex 34.8535 -24.8535 38
      vertex 36.4284 -26.7981 38
    endloop
  endfacet
  facet normal -0 0 1
    outer loop
      vertex 34.8214 -24.883 38
      vertex 36.4284 -26.7981 38
      vertex 34.8535 -24.8535 38
    endloop
  endfacet
  facet normal 0 0 1
    outer loop
      vertex 36.4284 -26.7981 38
      vertex 34.8214 -24.883 38
      vertex 36.2207 -26.9575 38
    endloop
  endfacet
  facet normal -0 0 1
    outer loop
      vertex 34.7868 -24.9096 38
      vertex 36.2207 -26.9575 38
      vertex 34.8214 -24.883 38
    endloop
  endfacet
  facet normal 0 0 1
    outer loop
      vertex 36.2207 -26.9575 38
      vertex 34.7868 -24.9096 38
      vertex 36 -27.0981 38
    endloop
  endfacet
  facet normal -0 0 1
    outer loop
      vertex 34.75 -24.933 38
      vertex 36 -27.0981 38
      vertex 34.7868 -24.9096 38
    endloop
  endfacet
  facet normal 0 0 1
    outer loop
      vertex 36 -27.0981 38
      vertex 34.75 -24.933 38
      vertex 35.7679 -27.2189 38
    endloop
  endfacet
  facet normal -0 0 1
    outer loop
      vertex 34.7113 -24.9532 38
      vertex 35.7679 -27.2189 38
      vertex 34.75 -24.933 38
    endloop
  endfacet
  facet normal 0 0 1
    outer loop
      vertex 35.7679 -27.2189 38
      vertex 34.7113 -24.9532 38
      vertex 35.5261 -27.3191 38
    endloop
  endfacet
  facet normal -0 0 1
    outer loop
      vertex 34.671 -24.9698 38
      vertex 35.5261 -27.3191 38
      vertex 34.7113 -24.9532 38
    endloop
  endfacet
  facet normal 0 0 1
    outer loop
      vertex 35.5261 -27.3191 38
      vertex 34.671 -24.9698 38
      vertex 35.2765 -27.3978 38
    endloop
  endfacet
  facet normal -0 0 1
    outer loop
      vertex 34.6294 -24.983 38
      vertex 35.2765 -27.3978 38
      vertex 34.671 -24.9698 38
    endloop
  endfacet
  facet normal 0 0 1
    outer loop
      vertex 35.2765 -27.3978 38
      vertex 34.6294 -24.983 38
      vertex 35.021 -27.4544 38
    endloop
  endfacet
  facet normal -0 0 1
    outer loop
      vertex 34.5868 -24.9924 38
      vertex 35.021 -27.4544 38
      vertex 34.6294 -24.983 38
    endloop
  endfacet
  facet normal 0 0 1
    outer loop
      vertex 35.021 -27.4544 38
      vertex 34.5868 -24.9924 38
      vertex 34.7615 -27.4886 38
    endloop
  endfacet
  facet normal -0 0 1
    outer loop
      vertex 34.5436 -24.9981 38
      vertex 34.7615 -27.4886 38
      vertex 34.5868 -24.9924 38
    endloop
  endfacet
  facet normal -0 0 1
    outer loop
      vertex 34.5 -25 38
      vertex 34.7615 -27.4886 38
      vertex 34.5436 -24.9981 38
    endloop
  endfacet
  facet normal 0 0 1
    outer loop
      vertex 34.5 -25 38
      vertex 34.5 -27.5 38
      vertex 34.7615 -27.4886 38
    endloop
  endfacet
  facet normal -0 0 1
    outer loop
      vertex 33.7988 -25 38
      vertex 34.5 -27.5 38
      vertex 34.5 -25 38
    endloop
  endfacet
  facet normal 0 0 1
    outer loop
      vertex 32.7 -20.7876 38
      vertex 33.75 -18.9689 38
      vertex 33.4792 -18.8279 38
    endloop
  endfacet
  facet normal -0 0 1
    outer loop
      vertex 33.2124 -22.7 38
      vertex 35 -23.7988 38
      vertex 33.2688 -22.5917 38
    endloop
  endfacet
  facet normal -0 0 1
    outer loop
      vertex 33.1468 -22.803 38
      vertex 35 -23.7988 38
      vertex 33.2124 -22.7 38
    endloop
  endfacet
  facet normal 0 0 1
    outer loop
      vertex 35 -23.7988 38
      vertex 33.1468 -22.803 38
      vertex 34.867 -24.0075 38
    endloop
  endfacet
  facet normal 0 0 1
    outer loop
      vertex 34.867 -24.0075 38
      vertex 33.1468 -22.803 38
      vertex 34.6812 -24.2498 38
    endloop
  endfacet
  facet normal -0 0 1
    outer loop
      vertex 33.0725 -22.8999 38
      vertex 34.6812 -24.2498 38
      vertex 33.1468 -22.803 38
    endloop
  endfacet
  facet normal 0 0 1
    outer loop
      vertex 34.6812 -24.2498 38
      vertex 33.0725 -22.8999 38
      vertex 34.4749 -24.4749 38
    endloop
  endfacet
  facet normal -0 0 1
    outer loop
      vertex 32.9899 -22.9899 38
      vertex 34.4749 -24.4749 38
      vertex 33.0725 -22.8999 38
    endloop
  endfacet
  facet normal 0 0 1
    outer loop
      vertex 34.4749 -24.4749 38
      vertex 32.9899 -22.9899 38
      vertex 34.2498 -24.6812 38
    endloop
  endfacet
  facet normal -0 0 1
    outer loop
      vertex 32.8999 -23.0725 38
      vertex 34.2498 -24.6812 38
      vertex 32.9899 -22.9899 38
    endloop
  endfacet
  facet normal 0 0 1
    outer loop
      vertex 34.2498 -24.6812 38
      vertex 32.8999 -23.0725 38
      vertex 34.0075 -24.867 38
    endloop
  endfacet
  facet normal -0 0 1
    outer loop
      vertex 32.803 -23.1468 38
      vertex 34.0075 -24.867 38
      vertex 32.8999 -23.0725 38
    endloop
  endfacet
  facet normal 0 0 1
    outer loop
      vertex 34.0075 -24.867 38
      vertex 32.803 -23.1468 38
      vertex 33.7988 -25 38
    endloop
  endfacet
  facet normal -0 0 1
    outer loop
      vertex 32.7 -23.2124 38
      vertex 33.7988 -25 38
      vertex 32.803 -23.1468 38
    endloop
  endfacet
  facet normal -0 0 1
    outer loop
      vertex 32.5917 -23.2688 38
      vertex 33.7988 -25 38
      vertex 32.7 -23.2124 38
    endloop
  endfacet
  facet normal -0 0 1
    outer loop
      vertex 32.4788 -23.3156 38
      vertex 33.7988 -25 38
      vertex 32.5917 -23.2688 38
    endloop
  endfacet
  facet normal -0 0 1
    outer loop
      vertex 32.3623 -23.3523 38
      vertex 33.7988 -25 38
      vertex 32.4788 -23.3156 38
    endloop
  endfacet
  facet normal -0 0 1
    outer loop
      vertex 32.2431 -23.3787 38
      vertex 33.7988 -25 38
      vertex 32.3623 -23.3523 38
    endloop
  endfacet
  facet normal -0 0 1
    outer loop
      vertex 32.122 -23.3947 38
      vertex 33.7988 -25 38
      vertex 32.2431 -23.3787 38
    endloop
  endfacet
  facet normal -0 0 1
    outer loop
      vertex 32 -23.4 38
      vertex 33.7988 -25 38
      vertex 32.122 -23.3947 38
    endloop
  endfacet
  facet normal 0 0 1
    outer loop
      vertex 33.7988 -25 38
      vertex 32 -23.4 38
      vertex 30.2012 -25 38
    endloop
  endfacet
  facet normal 0 0 1
    outer loop
      vertex 30.2012 -25 38
      vertex 32 -23.4 38
      vertex 31.878 -23.3947 38
    endloop
  endfacet
  facet normal 0 0 1
    outer loop
      vertex 30.2012 -25 38
      vertex 31.878 -23.3947 38
      vertex 31.7569 -23.3787 38
    endloop
  endfacet
  facet normal 0 0 1
    outer loop
      vertex 30.2012 -25 38
      vertex 31.7569 -23.3787 38
      vertex 31.6377 -23.3523 38
    endloop
  endfacet
  facet normal 0 0 1
    outer loop
      vertex 30.2012 -25 38
      vertex 31.6377 -23.3523 38
      vertex 31.5212 -23.3156 38
    endloop
  endfacet
  facet normal 0 0 1
    outer loop
      vertex 30.2012 -25 38
      vertex 31.5212 -23.3156 38
      vertex 31.4083 -23.2688 38
    endloop
  endfacet
  facet normal 0 0 1
    outer loop
      vertex 30.2012 -25 38
      vertex 31.4083 -23.2688 38
      vertex 31.3 -23.2124 38
    endloop
  endfacet
  facet normal 0 0 1
    outer loop
      vertex 30.2012 -25 38
      vertex 31.3 -23.2124 38
      vertex 31.197 -23.1468 38
    endloop
  endfacet
  facet normal 0 0 1
    outer loop
      vertex 30.2012 -25 38
      vertex 31.197 -23.1468 38
      vertex 31.1001 -23.0725 38
    endloop
  endfacet
  facet normal 0 0 1
    outer loop
      vertex 30.2012 -25 38
      vertex 31.1001 -23.0725 38
      vertex 31.0101 -22.9899 38
    endloop
  endfacet
  facet normal 0 0 1
    outer loop
      vertex 30.2012 -25 38
      vertex 31.0101 -22.9899 38
      vertex 30.9275 -22.8999 38
    endloop
  endfacet
  facet normal -0 0 1
    outer loop
      vertex 28.9689 -20.25 38
      vertex 30.7876 -21.3 38
      vertex 29.133 -19.9925 38
    endloop
  endfacet
  facet normal 0 0 1
    outer loop
      vertex 30.7876 -21.3 38
      vertex 28.9689 -20.25 38
      vertex 30.7312 -21.4083 38
    endloop
  endfacet
  facet normal 0 0 1
    outer loop
      vertex 30.6 -22 38
      vertex 30.2012 -25 38
      vertex 30.6053 -22.122 38
    endloop
  endfacet
  facet normal 0 0 1
    outer loop
      vertex 30.2012 -25 38
      vertex 30.6213 -22.2431 38
      vertex 30.6053 -22.122 38
    endloop
  endfacet
  facet normal 0 0 1
    outer loop
      vertex 30.2012 -25 38
      vertex 30.6477 -22.3623 38
      vertex 30.6213 -22.2431 38
    endloop
  endfacet
  facet normal 0 0 1
    outer loop
      vertex 30.2012 -25 38
      vertex 30.6844 -22.4788 38
      vertex 30.6477 -22.3623 38
    endloop
  endfacet
  facet normal 0 0 1
    outer loop
      vertex 30.2012 -25 38
      vertex 30.7312 -22.5917 38
      vertex 30.6844 -22.4788 38
    endloop
  endfacet
  facet normal 0 0 1
    outer loop
      vertex 30.2012 -25 38
      vertex 30.7876 -22.7 38
      vertex 30.7312 -22.5917 38
    endloop
  endfacet
  facet normal 0 0 1
    outer loop
      vertex 30.2012 -25 38
      vertex 30.8532 -22.803 38
      vertex 30.7876 -22.7 38
    endloop
  endfacet
  facet normal 0 0 1
    outer loop
      vertex 30.2012 -25 38
      vertex 30.9275 -22.8999 38
      vertex 30.8532 -22.803 38
    endloop
  endfacet
  facet normal 0 0 1
    outer loop
      vertex 33.7988 -25 38
      vertex 30.2012 -25 38
      vertex 34.5 -27.5 38
    endloop
  endfacet
  facet normal -0 0 1
    outer loop
      vertex -30.2012 -25 38
      vertex 34.5 -27.5 38
      vertex 30.2012 -25 38
    endloop
  endfacet
  facet normal 0 0 1
    outer loop
      vertex -31.3 -20.7876 38
      vertex -30.25 -18.9689 38
      vertex -30.5208 -18.8279 38
    endloop
  endfacet
  facet normal -0 0 1
    outer loop
      vertex -30.7876 -22.7 38
      vertex -28.9689 -23.75 38
      vertex -30.7312 -22.5917 38
    endloop
  endfacet
  facet normal 0 0 1
    outer loop
      vertex -28.9689 -23.75 38
      vertex -30.7876 -22.7 38
      vertex -29.133 -24.0075 38
    endloop
  endfacet
  facet normal -0 0 1
    outer loop
      vertex -30.8532 -22.803 38
      vertex -29.133 -24.0075 38
      vertex -30.7876 -22.7 38
    endloop
  endfacet
  facet normal 0 0 1
    outer loop
      vertex -29.133 -24.0075 38
      vertex -30.8532 -22.803 38
      vertex -29.3188 -24.2498 38
    endloop
  endfacet
  facet normal -0 0 1
    outer loop
      vertex -30.9275 -22.8999 38
      vertex -29.3188 -24.2498 38
      vertex -30.8532 -22.803 38
    endloop
  endfacet
  facet normal 0 0 1
    outer loop
      vertex -29.3188 -24.2498 38
      vertex -30.9275 -22.8999 38
      vertex -29.5251 -24.4749 38
    endloop
  endfacet
  facet normal -0 0 1
    outer loop
      vertex -31.0101 -22.9899 38
      vertex -29.5251 -24.4749 38
      vertex -30.9275 -22.8999 38
    endloop
  endfacet
  facet normal 0 0 1
    outer loop
      vertex -29.5251 -24.4749 38
      vertex -31.0101 -22.9899 38
      vertex -29.7502 -24.6812 38
    endloop
  endfacet
  facet normal -0 0 1
    outer loop
      vertex -31.1001 -23.0725 38
      vertex -29.7502 -24.6812 38
      vertex -31.0101 -22.9899 38
    endloop
  endfacet
  facet normal 0 0 1
    outer loop
      vertex -29.7502 -24.6812 38
      vertex -31.1001 -23.0725 38
      vertex -29.9925 -24.867 38
    endloop
  endfacet
  facet normal -0 0 1
    outer loop
      vertex -31.197 -23.1468 38
      vertex -29.9925 -24.867 38
      vertex -31.1001 -23.0725 38
    endloop
  endfacet
  facet normal 0 0 1
    outer loop
      vertex -29.9925 -24.867 38
      vertex -31.197 -23.1468 38
      vertex -30.2012 -25 38
    endloop
  endfacet
  facet normal -0 0 1
    outer loop
      vertex -31.3 -23.2124 38
      vertex -30.2012 -25 38
      vertex -31.197 -23.1468 38
    endloop
  endfacet
  facet normal -0 0 1
    outer loop
      vertex -31.4083 -23.2688 38
      vertex -30.2012 -25 38
      vertex -31.3 -23.2124 38
    endloop
  endfacet
  facet normal -0 0 1
    outer loop
      vertex -31.5212 -23.3156 38
      vertex -30.2012 -25 38
      vertex -31.4083 -23.2688 38
    endloop
  endfacet
  facet normal -0 0 1
    outer loop
      vertex -31.6377 -23.3523 38
      vertex -30.2012 -25 38
      vertex -31.5212 -23.3156 38
    endloop
  endfacet
  facet normal -0 0 1
    outer loop
      vertex -31.7569 -23.3787 38
      vertex -30.2012 -25 38
      vertex -31.6377 -23.3523 38
    endloop
  endfacet
  facet normal -0 0 1
    outer loop
      vertex -31.878 -23.3947 38
      vertex -30.2012 -25 38
      vertex -31.7569 -23.3787 38
    endloop
  endfacet
  facet normal -0 0 1
    outer loop
      vertex -32 -23.4 38
      vertex -30.2012 -25 38
      vertex -31.878 -23.3947 38
    endloop
  endfacet
  facet normal 0 0 1
    outer loop
      vertex -33.7988 -25 38
      vertex -32 -23.4 38
      vertex -32.122 -23.3947 38
    endloop
  endfacet
  facet normal 0 0 1
    outer loop
      vertex -33.7988 -25 38
      vertex -32.122 -23.3947 38
      vertex -32.2431 -23.3787 38
    endloop
  endfacet
  facet normal 0 0 1
    outer loop
      vertex -33.7988 -25 38
      vertex -32.2431 -23.3787 38
      vertex -32.3623 -23.3523 38
    endloop
  endfacet
  facet normal 0 0 1
    outer loop
      vertex -33.7988 -25 38
      vertex -32.3623 -23.3523 38
      vertex -32.4788 -23.3156 38
    endloop
  endfacet
  facet normal 0 0 1
    outer loop
      vertex -33.7988 -25 38
      vertex -32.4788 -23.3156 38
      vertex -32.5917 -23.2688 38
    endloop
  endfacet
  facet normal 0 0 1
    outer loop
      vertex -33.7988 -25 38
      vertex -32.5917 -23.2688 38
      vertex -32.7 -23.2124 38
    endloop
  endfacet
  facet normal 0 0 1
    outer loop
      vertex -33.7988 -25 38
      vertex -32.7 -23.2124 38
      vertex -32.803 -23.1468 38
    endloop
  endfacet
  facet normal 0 0 1
    outer loop
      vertex -33.1468 -21.197 38
      vertex -35 -20.2012 38
      vertex -33.2124 -21.3 38
    endloop
  endfacet
  facet normal 0 0 1
    outer loop
      vertex -33.2124 -21.3 38
      vertex -35 -20.2012 38
      vertex -33.2688 -21.4083 38
    endloop
  endfacet
  facet normal 0 0 1
    outer loop
      vertex -33.4 -22 38
      vertex -33.7988 -25 38
      vertex -33.3947 -22.122 38
    endloop
  endfacet
  facet normal 0 0 1
    outer loop
      vertex -33.7988 -25 38
      vertex -33.3787 -22.2431 38
      vertex -33.3947 -22.122 38
    endloop
  endfacet
  facet normal 0 0 1
    outer loop
      vertex -33.7988 -25 38
      vertex -33.3523 -22.3623 38
      vertex -33.3787 -22.2431 38
    endloop
  endfacet
  facet normal 0 0 1
    outer loop
      vertex -33.7988 -25 38
      vertex -33.3156 -22.4788 38
      vertex -33.3523 -22.3623 38
    endloop
  endfacet
  facet normal 0 0 1
    outer loop
      vertex -33.7988 -25 38
      vertex -33.2688 -22.5917 38
      vertex -33.3156 -22.4788 38
    endloop
  endfacet
  facet normal 0 0 1
    outer loop
      vertex -33.7988 -25 38
      vertex -33.2124 -22.7 38
      vertex -33.2688 -22.5917 38
    endloop
  endfacet
  facet normal 0 0 1
    outer loop
      vertex -33.7988 -25 38
      vertex -33.1468 -22.803 38
      vertex -33.2124 -22.7 38
    endloop
  endfacet
  facet normal 0 0 1
    outer loop
      vertex -33.7988 -25 38
      vertex -33.0725 -22.8999 38
      vertex -33.1468 -22.803 38
    endloop
  endfacet
  facet normal 0 0 1
    outer loop
      vertex -33.7988 -25 38
      vertex -32.9899 -22.9899 38
      vertex -33.0725 -22.8999 38
    endloop
  endfacet
  facet normal 0 0 1
    outer loop
      vertex -33.7988 -25 38
      vertex -32.8999 -23.0725 38
      vertex -32.9899 -22.9899 38
    endloop
  endfacet
  facet normal 0 0 1
    outer loop
      vertex -33.7988 -25 38
      vertex -32.803 -23.1468 38
      vertex -32.8999 -23.0725 38
    endloop
  endfacet
  facet normal 0 0 1
    outer loop
      vertex -32 -23.4 38
      vertex -33.7988 -25 38
      vertex -30.2012 -25 38
    endloop
  endfacet
  facet normal 0 0 1
    outer loop
      vertex -34.5 -27.5 38
      vertex -30.2012 -25 38
      vertex -33.7988 -25 38
    endloop
  endfacet
  facet normal 0 0 1
    outer loop
      vertex -34.5 -27.5 38
      vertex -33.7988 -25 38
      vertex -34.5 -25 38
    endloop
  endfacet
  facet normal 0 0 1
    outer loop
      vertex -30.2012 -25 38
      vertex -34.5 -27.5 38
      vertex 34.5 -27.5 38
    endloop
  endfacet
  facet normal 0 0 1
    outer loop
      vertex -34.5436 -24.9981 38
      vertex -34.5 -27.5 38
      vertex -34.5 -25 38
    endloop
  endfacet
  facet normal 0 0 1
    outer loop
      vertex -34.7615 -27.4886 38
      vertex -34.5436 -24.9981 38
      vertex -34.5868 -24.9924 38
    endloop
  endfacet
  facet normal 0 0 1
    outer loop
      vertex -35.021 -27.4544 38
      vertex -34.5868 -24.9924 38
      vertex -34.6294 -24.983 38
    endloop
  endfacet
  facet normal 0 0 1
    outer loop
      vertex -35.2765 -27.3978 38
      vertex -34.6294 -24.983 38
      vertex -34.671 -24.9698 38
    endloop
  endfacet
  facet normal 0 0 1
    outer loop
      vertex -35.5261 -27.3191 38
      vertex -34.671 -24.9698 38
      vertex -34.7113 -24.9532 38
    endloop
  endfacet
  facet normal 0 0 1
    outer loop
      vertex -35.7679 -27.2189 38
      vertex -34.7113 -24.9532 38
      vertex -34.75 -24.933 38
    endloop
  endfacet
  facet normal 0 0 1
    outer loop
      vertex -34.5436 -24.9981 38
      vertex -34.7615 -27.4886 38
      vertex -34.5 -27.5 38
    endloop
  endfacet
  facet normal 0 0 1
    outer loop
      vertex -36 -27.0981 38
      vertex -34.75 -24.933 38
      vertex -34.7868 -24.9096 38
    endloop
  endfacet
  facet normal 0 0 1
    outer loop
      vertex -36.2207 -26.9575 38
      vertex -34.7868 -24.9096 38
      vertex -34.8214 -24.883 38
    endloop
  endfacet
  facet normal 0 0 1
    outer loop
      vertex -36.4284 -26.7981 38
      vertex -34.8214 -24.883 38
      vertex -34.8535 -24.8535 38
    endloop
  endfacet
  facet normal 0 0 1
    outer loop
      vertex -36.6213 -26.6213 38
      vertex -34.8535 -24.8535 38
      vertex -34.883 -24.8214 38
    endloop
  endfacet
  facet normal 0 0 1
    outer loop
      vertex -36.7981 -26.4284 38
      vertex -34.883 -24.8214 38
      vertex -34.9096 -24.7868 38
    endloop
  endfacet
  facet normal 0 0 1
    outer loop
      vertex -36.9575 -26.2207 38
      vertex -34.9096 -24.7868 38
      vertex -34.933 -24.75 38
    endloop
  endfacet
  facet normal 0 0 1
    outer loop
      vertex -37.0981 -26 38
      vertex -34.933 -24.75 38
      vertex -34.9532 -24.7113 38
    endloop
  endfacet
  facet normal 0 0 1
    outer loop
      vertex -37.2189 -25.7679 38
      vertex -34.9532 -24.7113 38
      vertex -34.9698 -24.671 38
    endloop
  endfacet
  facet normal 0 0 1
    outer loop
      vertex -37.3191 -25.5261 38
      vertex -34.9698 -24.671 38
      vertex -34.983 -24.6294 38
    endloop
  endfacet
  facet normal 0 0 1
    outer loop
      vertex -37.3978 -25.2765 38
      vertex -34.983 -24.6294 38
      vertex -34.9924 -24.5868 38
    endloop
  endfacet
  facet normal 0 0 1
    outer loop
      vertex -37.4544 -25.021 38
      vertex -34.9924 -24.5868 38
      vertex -34.9981 -24.5436 38
    endloop
  endfacet
  facet normal 0 0 1
    outer loop
      vertex -34.5868 -24.9924 38
      vertex -35.021 -27.4544 38
      vertex -34.7615 -27.4886 38
    endloop
  endfacet
  facet normal 0 0 1
    outer loop
      vertex -37.4886 -24.7615 38
      vertex -34.9981 -24.5436 38
      vertex -35 -24.5 38
    endloop
  endfacet
  facet normal 0 0 1
    outer loop
      vertex -35 -20.2012 38
      vertex -37.5 -24.5 38
      vertex -35 -23.7988 38
    endloop
  endfacet
  facet normal -0 0 1
    outer loop
      vertex -36.9575 26.2207 38
      vertex -34.9096 24.7868 38
      vertex -36.7981 26.4284 38
    endloop
  endfacet
  facet normal 0 0 1
    outer loop
      vertex -35 -23.7988 38
      vertex -37.5 -24.5 38
      vertex -35 -24.5 38
    endloop
  endfacet
  facet normal 0 0 1
    outer loop
      vertex -34.9096 24.7868 38
      vertex -36.9575 26.2207 38
      vertex -34.933 24.75 38
    endloop
  endfacet
  facet normal 0 -0 1
    outer loop
      vertex -37.4886 -24.7615 38
      vertex -35 -24.5 38
      vertex -37.5 -24.5 38
    endloop
  endfacet
  facet normal -0 0 1
    outer loop
      vertex -37.0981 26 38
      vertex -34.933 24.75 38
      vertex -36.9575 26.2207 38
    endloop
  endfacet
  facet normal 0 0 1
    outer loop
      vertex -34.6294 -24.983 38
      vertex -35.2765 -27.3978 38
      vertex -35.021 -27.4544 38
    endloop
  endfacet
  facet normal 0 0 1
    outer loop
      vertex -34.933 24.75 38
      vertex -37.0981 26 38
      vertex -34.9532 24.7113 38
    endloop
  endfacet
  facet normal 0 0 1
    outer loop
      vertex -34.671 -24.9698 38
      vertex -35.5261 -27.3191 38
      vertex -35.2765 -27.3978 38
    endloop
  endfacet
  facet normal -0 0 1
    outer loop
      vertex -37.2189 25.7679 38
      vertex -34.9532 24.7113 38
      vertex -37.0981 26 38
    endloop
  endfacet
  facet normal 0 0 1
    outer loop
      vertex -34.7113 -24.9532 38
      vertex -35.7679 -27.2189 38
      vertex -35.5261 -27.3191 38
    endloop
  endfacet
  facet normal 0 0 1
    outer loop
      vertex -34.9532 24.7113 38
      vertex -37.2189 25.7679 38
      vertex -34.9698 24.671 38
    endloop
  endfacet
  facet normal 0 0 1
    outer loop
      vertex -34.75 -24.933 38
      vertex -36 -27.0981 38
      vertex -35.7679 -27.2189 38
    endloop
  endfacet
  facet normal -0 0 1
    outer loop
      vertex -37.3191 25.5261 38
      vertex -34.9698 24.671 38
      vertex -37.2189 25.7679 38
    endloop
  endfacet
  facet normal 0 0 1
    outer loop
      vertex -34.7868 -24.9096 38
      vertex -36.2207 -26.9575 38
      vertex -36 -27.0981 38
    endloop
  endfacet
  facet normal 0 0 1
    outer loop
      vertex -34.9698 24.671 38
      vertex -37.3191 25.5261 38
      vertex -34.983 24.6294 38
    endloop
  endfacet
  facet normal 0 0 1
    outer loop
      vertex -34.8214 -24.883 38
      vertex -36.4284 -26.7981 38
      vertex -36.2207 -26.9575 38
    endloop
  endfacet
  facet normal -0 0 1
    outer loop
      vertex -37.3978 25.2765 38
      vertex -34.983 24.6294 38
      vertex -37.3191 25.5261 38
    endloop
  endfacet
  facet normal 0 0 1
    outer loop
      vertex -34.8535 -24.8535 38
      vertex -36.6213 -26.6213 38
      vertex -36.4284 -26.7981 38
    endloop
  endfacet
  facet normal 0 0 1
    outer loop
      vertex -34.983 24.6294 38
      vertex -37.3978 25.2765 38
      vertex -34.9924 24.5868 38
    endloop
  endfacet
  facet normal 0 0 1
    outer loop
      vertex -34.883 -24.8214 38
      vertex -36.7981 -26.4284 38
      vertex -36.6213 -26.6213 38
    endloop
  endfacet
  facet normal -0 0 1
    outer loop
      vertex -37.4544 25.021 38
      vertex -34.9924 24.5868 38
      vertex -37.3978 25.2765 38
    endloop
  endfacet
  facet normal 0 0 1
    outer loop
      vertex -34.9096 -24.7868 38
      vertex -36.9575 -26.2207 38
      vertex -36.7981 -26.4284 38
    endloop
  endfacet
  facet normal 0 0 1
    outer loop
      vertex -34.9924 24.5868 38
      vertex -37.4544 25.021 38
      vertex -34.9981 24.5436 38
    endloop
  endfacet
  facet normal 0 0 1
    outer loop
      vertex -34.933 -24.75 38
      vertex -37.0981 -26 38
      vertex -36.9575 -26.2207 38
    endloop
  endfacet
  facet normal -0 0 1
    outer loop
      vertex -37.4886 24.7615 38
      vertex -34.9981 24.5436 38
      vertex -37.4544 25.021 38
    endloop
  endfacet
  facet normal 0 0 1
    outer loop
      vertex -34.9532 -24.7113 38
      vertex -37.2189 -25.7679 38
      vertex -37.0981 -26 38
    endloop
  endfacet
  facet normal 0 0 1
    outer loop
      vertex -34.9981 24.5436 38
      vertex -37.4886 24.7615 38
      vertex -35 24.5 38
    endloop
  endfacet
  facet normal 0 0 1
    outer loop
      vertex -34.9698 -24.671 38
      vertex -37.3191 -25.5261 38
      vertex -37.2189 -25.7679 38
    endloop
  endfacet
  facet normal 0 0 1
    outer loop
      vertex -35 24.5 38
      vertex -37.4886 24.7615 38
      vertex -37.5 24.5 38
    endloop
  endfacet
  facet normal 0 0 1
    outer loop
      vertex -34.983 -24.6294 38
      vertex -37.3978 -25.2765 38
      vertex -37.3191 -25.5261 38
    endloop
  endfacet
  facet normal 0 0 1
    outer loop
      vertex -34.9924 -24.5868 38
      vertex -37.4544 -25.021 38
      vertex -37.3978 -25.2765 38
    endloop
  endfacet
  facet normal 0 0 1
    outer loop
      vertex -34.9981 -24.5436 38
      vertex -37.4886 -24.7615 38
      vertex -37.4544 -25.021 38
    endloop
  endfacet
  facet normal 0.923821 0.382824 0
    outer loop
      vertex 37.3191 25.5261 38
      vertex 37.2189 25.7679 0
      vertex 37.2189 25.7679 38
    endloop
  endfacet
  facet normal 0.923821 0.382824 0
    outer loop
      vertex 37.2189 25.7679 0
      vertex 37.3191 25.5261 38
      vertex 37.3191 25.5261 0
    endloop
  endfacet
  facet normal 0.537296 -0.843394 0
    outer loop
      vertex 36 -27.0981 0
      vertex 36.2207 -26.9575 38
      vertex 36 -27.0981 38
    endloop
  endfacet
  facet normal 0.537296 -0.843394 0
    outer loop
      vertex 36.2207 -26.9575 38
      vertex 36 -27.0981 0
      vertex 36.2207 -26.9575 0
    endloop
  endfacet
  facet normal -0.675673 0.737202 0
    outer loop
      vertex -36.4284 26.7981 0
      vertex -36.6213 26.6213 38
      vertex -36.4284 26.7981 38
    endloop
  endfacet
  facet normal -0.675673 0.737202 0
    outer loop
      vertex -36.6213 26.6213 38
      vertex -36.4284 26.7981 0
      vertex -36.6213 26.6213 0
    endloop
  endfacet
  facet normal 0 0 -1
    outer loop
      vertex 34.5 -27.5 0
      vertex 37.5 -24.5 0
      vertex 37.4886 -24.7615 0
    endloop
  endfacet
  facet normal -0 0 -1
    outer loop
      vertex 37.5 -24.5 0
      vertex 34.5 -27.5 0
      vertex 37.5 24.5 0
    endloop
  endfacet
  facet normal 0 0 -1
    outer loop
      vertex 34.5 -27.5 0
      vertex 37.4886 -24.7615 0
      vertex 37.4544 -25.021 0
    endloop
  endfacet
  facet normal 0 0 -1
    outer loop
      vertex 34.5 27.5 0
      vertex 37.5 24.5 0
      vertex 34.5 -27.5 0
    endloop
  endfacet
  facet normal 0 0 -1
    outer loop
      vertex 34.5 -27.5 0
      vertex 37.4544 -25.021 0
      vertex 37.3978 -25.2765 0
    endloop
  endfacet
  facet normal 0 0 -1
    outer loop
      vertex 37.5 24.5 0
      vertex 34.5 27.5 0
      vertex 37.4886 24.7615 0
    endloop
  endfacet
  facet normal 0 0 -1
    outer loop
      vertex 34.5 -27.5 0
      vertex 37.3978 -25.2765 0
      vertex 37.3191 -25.5261 0
    endloop
  endfacet
  facet normal 0 0 -1
    outer loop
      vertex 37.4886 24.7615 0
      vertex 34.5 27.5 0
      vertex 37.4544 25.021 0
    endloop
  endfacet
  facet normal 0 0 -1
    outer loop
      vertex 34.5 -27.5 0
      vertex 37.3191 -25.5261 0
      vertex 37.2189 -25.7679 0
    endloop
  endfacet
  facet normal 0 0 -1
    outer loop
      vertex 37.4544 25.021 0
      vertex 34.5 27.5 0
      vertex 37.3978 25.2765 0
    endloop
  endfacet
  facet normal 0 0 -1
    outer loop
      vertex 34.5 -27.5 0
      vertex 37.2189 -25.7679 0
      vertex 37.0981 -26 0
    endloop
  endfacet
  facet normal 0 0 -1
    outer loop
      vertex 37.3978 25.2765 0
      vertex 34.5 27.5 0
      vertex 37.3191 25.5261 0
    endloop
  endfacet
  facet normal 0 0 -1
    outer loop
      vertex 34.5 -27.5 0
      vertex 37.0981 -26 0
      vertex 36.9575 -26.2207 0
    endloop
  endfacet
  facet normal 0 0 -1
    outer loop
      vertex 37.3191 25.5261 0
      vertex 34.5 27.5 0
      vertex 37.2189 25.7679 0
    endloop
  endfacet
  facet normal 0 0 -1
    outer loop
      vertex 34.5 -27.5 0
      vertex 36.9575 -26.2207 0
      vertex 36.7981 -26.4284 0
    endloop
  endfacet
  facet normal 0 0 -1
    outer loop
      vertex 37.2189 25.7679 0
      vertex 34.5 27.5 0
      vertex 37.0981 26 0
    endloop
  endfacet
  facet normal 0 0 -1
    outer loop
      vertex 34.5 -27.5 0
      vertex 36.7981 -26.4284 0
      vertex 36.6213 -26.6213 0
    endloop
  endfacet
  facet normal 0 0 -1
    outer loop
      vertex 37.0981 26 0
      vertex 34.5 27.5 0
      vertex 36.9575 26.2207 0
    endloop
  endfacet
  facet normal 0 0 -1
    outer loop
      vertex 34.5 -27.5 0
      vertex 36.6213 -26.6213 0
      vertex 36.4284 -26.7981 0
    endloop
  endfacet
  facet normal 0 0 -1
    outer loop
      vertex 36.9575 26.2207 0
      vertex 34.5 27.5 0
      vertex 36.7981 26.4284 0
    endloop
  endfacet
  facet normal 0 0 -1
    outer loop
      vertex 34.5 -27.5 0
      vertex 36.4284 -26.7981 0
      vertex 36.2207 -26.9575 0
    endloop
  endfacet
  facet normal 0 0 -1
    outer loop
      vertex 36.7981 26.4284 0
      vertex 34.5 27.5 0
      vertex 36.6213 26.6213 0
    endloop
  endfacet
  facet normal 0 0 -1
    outer loop
      vertex 34.5 -27.5 0
      vertex 36.2207 -26.9575 0
      vertex 36 -27.0981 0
    endloop
  endfacet
  facet normal 0 0 -1
    outer loop
      vertex 36.6213 26.6213 0
      vertex 34.5 27.5 0
      vertex 36.4284 26.7981 0
    endloop
  endfacet
  facet normal 0 0 -1
    outer loop
      vertex 34.5 -27.5 0
      vertex 36 -27.0981 0
      vertex 35.7679 -27.2189 0
    endloop
  endfacet
  facet normal 0 0 -1
    outer loop
      vertex 36.4284 26.7981 0
      vertex 34.5 27.5 0
      vertex 36.2207 26.9575 0
    endloop
  endfacet
  facet normal 0 0 -1
    outer loop
      vertex 34.5 -27.5 0
      vertex 35.7679 -27.2189 0
      vertex 35.5261 -27.3191 0
    endloop
  endfacet
  facet normal 0 0 -1
    outer loop
      vertex 36.2207 26.9575 0
      vertex 34.5 27.5 0
      vertex 36 27.0981 0
    endloop
  endfacet
  facet normal 0 0 -1
    outer loop
      vertex 34.5 -27.5 0
      vertex 35.5261 -27.3191 0
      vertex 35.2765 -27.3978 0
    endloop
  endfacet
  facet normal 0 0 -1
    outer loop
      vertex 36 27.0981 0
      vertex 34.5 27.5 0
      vertex 35.7679 27.2189 0
    endloop
  endfacet
  facet normal 0 0 -1
    outer loop
      vertex 34.5 -27.5 0
      vertex 35.2765 -27.3978 0
      vertex 35.021 -27.4544 0
    endloop
  endfacet
  facet normal 0 0 -1
    outer loop
      vertex 35.7679 27.2189 0
      vertex 34.5 27.5 0
      vertex 35.5261 27.3191 0
    endloop
  endfacet
  facet normal 0 0 -1
    outer loop
      vertex 34.5 -27.5 0
      vertex 35.021 -27.4544 0
      vertex 34.7615 -27.4886 0
    endloop
  endfacet
  facet normal 0 0 -1
    outer loop
      vertex 35.5261 27.3191 0
      vertex 34.5 27.5 0
      vertex 35.2765 27.3978 0
    endloop
  endfacet
  facet normal 0 0 -1
    outer loop
      vertex 35.2765 27.3978 0
      vertex 34.5 27.5 0
      vertex 35.021 27.4544 0
    endloop
  endfacet
  facet normal 0 0 -1
    outer loop
      vertex 35.021 27.4544 0
      vertex 34.5 27.5 0
      vertex 34.7615 27.4886 0
    endloop
  endfacet
  facet normal 0 0 -1
    outer loop
      vertex -34.5 -27.5 0
      vertex 34.5 27.5 0
      vertex 34.5 -27.5 0
    endloop
  endfacet
  facet normal 0 0 -1
    outer loop
      vertex -34.5 -27.5 0
      vertex -34.5 27.5 0
      vertex 34.5 27.5 0
    endloop
  endfacet
  facet normal 0 0 -1
    outer loop
      vertex -37.5 -24.5 0
      vertex -34.5 -27.5 0
      vertex -34.7615 -27.4886 0
    endloop
  endfacet
  facet normal 0 0 -1
    outer loop
      vertex -34.5 -27.5 0
      vertex -37.5 -24.5 0
      vertex -34.5 27.5 0
    endloop
  endfacet
  facet normal 0 0 -1
    outer loop
      vertex -37.5 -24.5 0
      vertex -34.7615 -27.4886 0
      vertex -35.021 -27.4544 0
    endloop
  endfacet
  facet normal 0 0 -1
    outer loop
      vertex -37.5 24.5 0
      vertex -34.5 27.5 0
      vertex -37.5 -24.5 0
    endloop
  endfacet
  facet normal 0 0 -1
    outer loop
      vertex -37.5 -24.5 0
      vertex -35.021 -27.4544 0
      vertex -35.2765 -27.3978 0
    endloop
  endfacet
  facet normal 0 0 -1
    outer loop
      vertex -34.5 27.5 0
      vertex -37.5 24.5 0
      vertex -34.7615 27.4886 0
    endloop
  endfacet
  facet normal 0 0 -1
    outer loop
      vertex -37.5 -24.5 0
      vertex -35.2765 -27.3978 0
      vertex -35.5261 -27.3191 0
    endloop
  endfacet
  facet normal 0 0 -1
    outer loop
      vertex -34.7615 27.4886 0
      vertex -37.5 24.5 0
      vertex -35.021 27.4544 0
    endloop
  endfacet
  facet normal 0 0 -1
    outer loop
      vertex -37.5 -24.5 0
      vertex -35.5261 -27.3191 0
      vertex -35.7679 -27.2189 0
    endloop
  endfacet
  facet normal 0 0 -1
    outer loop
      vertex -35.021 27.4544 0
      vertex -37.5 24.5 0
      vertex -35.2765 27.3978 0
    endloop
  endfacet
  facet normal 0 0 -1
    outer loop
      vertex -37.5 -24.5 0
      vertex -35.7679 -27.2189 0
      vertex -36 -27.0981 0
    endloop
  endfacet
  facet normal 0 0 -1
    outer loop
      vertex -35.2765 27.3978 0
      vertex -37.5 24.5 0
      vertex -35.5261 27.3191 0
    endloop
  endfacet
  facet normal 0 0 -1
    outer loop
      vertex -37.5 -24.5 0
      vertex -36 -27.0981 0
      vertex -36.2207 -26.9575 0
    endloop
  endfacet
  facet normal 0 0 -1
    outer loop
      vertex -35.5261 27.3191 0
      vertex -37.5 24.5 0
      vertex -35.7679 27.2189 0
    endloop
  endfacet
  facet normal 0 0 -1
    outer loop
      vertex -37.5 -24.5 0
      vertex -36.2207 -26.9575 0
      vertex -36.4284 -26.7981 0
    endloop
  endfacet
  facet normal 0 0 -1
    outer loop
      vertex -35.7679 27.2189 0
      vertex -37.5 24.5 0
      vertex -36 27.0981 0
    endloop
  endfacet
  facet normal 0 0 -1
    outer loop
      vertex -37.5 -24.5 0
      vertex -36.4284 -26.7981 0
      vertex -36.6213 -26.6213 0
    endloop
  endfacet
  facet normal 0 0 -1
    outer loop
      vertex -36 27.0981 0
      vertex -37.5 24.5 0
      vertex -36.2207 26.9575 0
    endloop
  endfacet
  facet normal 0 0 -1
    outer loop
      vertex -37.5 -24.5 0
      vertex -36.6213 -26.6213 0
      vertex -36.7981 -26.4284 0
    endloop
  endfacet
  facet normal 0 0 -1
    outer loop
      vertex -36.2207 26.9575 0
      vertex -37.5 24.5 0
      vertex -36.4284 26.7981 0
    endloop
  endfacet
  facet normal 0 0 -1
    outer loop
      vertex -37.5 -24.5 0
      vertex -36.7981 -26.4284 0
      vertex -36.9575 -26.2207 0
    endloop
  endfacet
  facet normal 0 0 -1
    outer loop
      vertex -36.4284 26.7981 0
      vertex -37.5 24.5 0
      vertex -36.6213 26.6213 0
    endloop
  endfacet
  facet normal 0 0 -1
    outer loop
      vertex -37.5 -24.5 0
      vertex -36.9575 -26.2207 0
      vertex -37.0981 -26 0
    endloop
  endfacet
  facet normal 0 0 -1
    outer loop
      vertex -36.6213 26.6213 0
      vertex -37.5 24.5 0
      vertex -36.7981 26.4284 0
    endloop
  endfacet
  facet normal 0 0 -1
    outer loop
      vertex -37.5 -24.5 0
      vertex -37.0981 -26 0
      vertex -37.2189 -25.7679 0
    endloop
  endfacet
  facet normal 0 0 -1
    outer loop
      vertex -36.7981 26.4284 0
      vertex -37.5 24.5 0
      vertex -36.9575 26.2207 0
    endloop
  endfacet
  facet normal 0 0 -1
    outer loop
      vertex -37.5 -24.5 0
      vertex -37.2189 -25.7679 0
      vertex -37.3191 -25.5261 0
    endloop
  endfacet
  facet normal 0 0 -1
    outer loop
      vertex -36.9575 26.2207 0
      vertex -37.5 24.5 0
      vertex -37.0981 26 0
    endloop
  endfacet
  facet normal 0 0 -1
    outer loop
      vertex -37.5 -24.5 0
      vertex -37.3191 -25.5261 0
      vertex -37.3978 -25.2765 0
    endloop
  endfacet
  facet normal 0 0 -1
    outer loop
      vertex -37.0981 26 0
      vertex -37.5 24.5 0
      vertex -37.2189 25.7679 0
    endloop
  endfacet
  facet normal 0 0 -1
    outer loop
      vertex -37.5 -24.5 0
      vertex -37.3978 -25.2765 0
      vertex -37.4544 -25.021 0
    endloop
  endfacet
  facet normal 0 0 -1
    outer loop
      vertex -37.2189 25.7679 0
      vertex -37.5 24.5 0
      vertex -37.3191 25.5261 0
    endloop
  endfacet
  facet normal 0 0 -1
    outer loop
      vertex -37.5 -24.5 0
      vertex -37.4544 -25.021 0
      vertex -37.4886 -24.7615 0
    endloop
  endfacet
  facet normal 0 0 -1
    outer loop
      vertex -37.3191 25.5261 0
      vertex -37.5 24.5 0
      vertex -37.3978 25.2765 0
    endloop
  endfacet
  facet normal 0 0 -1
    outer loop
      vertex -37.3978 25.2765 0
      vertex -37.5 24.5 0
      vertex -37.4544 25.021 0
    endloop
  endfacet
  facet normal 0 0 -1
    outer loop
      vertex -37.4544 25.021 0
      vertex -37.5 24.5 0
      vertex -37.4886 24.7615 0
    endloop
  endfacet
  facet normal -0.0435367 0.999052 0
    outer loop
      vertex 34.5436 -24.9981 2.5
      vertex 34.5 -25 38
      vertex 34.5436 -24.9981 38
    endloop
  endfacet
  facet normal -0.0435367 0.999052 0
    outer loop
      vertex 34.5 -25 38
      vertex 34.5436 -24.9981 2.5
      vertex 34.5 -25 2.5
    endloop
  endfacet
  facet normal -0.215474 0.97651 0
    outer loop
      vertex 34.6294 -24.983 2.5
      vertex 34.5868 -24.9924 38
      vertex 34.6294 -24.983 38
    endloop
  endfacet
  facet normal -0.215474 0.97651 0
    outer loop
      vertex 34.5868 -24.9924 38
      vertex 34.6294 -24.983 2.5
      vertex 34.5868 -24.9924 2.5
    endloop
  endfacet
  facet normal -0.924631 -0.380865 0
    outer loop
      vertex 34.9698 24.671 2.5
      vertex 34.9532 24.7113 38
      vertex 34.9532 24.7113 2.5
    endloop
  endfacet
  facet normal -0.924631 -0.380865 0
    outer loop
      vertex 34.9532 24.7113 38
      vertex 34.9698 24.671 2.5
      vertex 34.9698 24.671 38
    endloop
  endfacet
  facet normal 0 1 -0
    outer loop
      vertex 34.5 -25 2.5
      vertex 33.7988 -25 38
      vertex 34.5 -25 38
    endloop
  endfacet
  facet normal 0 1 0
    outer loop
      vertex 33.7988 -25 38
      vertex 34.5 -25 2.5
      vertex 33.7988 -25 2.5
    endloop
  endfacet
  facet normal 0 1 -0
    outer loop
      vertex -33.7988 -25 2.5
      vertex -34.5 -25 38
      vertex -33.7988 -25 38
    endloop
  endfacet
  facet normal 0 1 0
    outer loop
      vertex -34.5 -25 38
      vertex -33.7988 -25 2.5
      vertex -34.5 -25 2.5
    endloop
  endfacet
  facet normal 0 1 -0
    outer loop
      vertex 30.2012 -25 2.5
      vertex -30.2012 -25 38
      vertex 30.2012 -25 38
    endloop
  endfacet
  facet normal 0 1 0
    outer loop
      vertex -30.2012 -25 38
      vertex 30.2012 -25 2.5
      vertex -30.2012 -25 2.5
    endloop
  endfacet
  facet normal 0.215474 0.97651 -0
    outer loop
      vertex -34.5868 -24.9924 2.5
      vertex -34.6294 -24.983 38
      vertex -34.5868 -24.9924 38
    endloop
  endfacet
  facet normal 0.215474 0.97651 0
    outer loop
      vertex -34.6294 -24.983 38
      vertex -34.5868 -24.9924 2.5
      vertex -34.6294 -24.983 2.5
    endloop
  endfacet
  facet normal -0.130811 0.991407 0
    outer loop
      vertex 34.5868 -24.9924 2.5
      vertex 34.5436 -24.9981 38
      vertex 34.5868 -24.9924 38
    endloop
  endfacet
  facet normal -0.130811 0.991407 0
    outer loop
      vertex 34.5436 -24.9981 38
      vertex 34.5868 -24.9924 2.5
      vertex 34.5436 -24.9981 2.5
    endloop
  endfacet
  facet normal 0.0435367 0.999052 -0
    outer loop
      vertex -34.5 -25 2.5
      vertex -34.5436 -24.9981 38
      vertex -34.5 -25 38
    endloop
  endfacet
  facet normal 0.0435367 0.999052 0
    outer loop
      vertex -34.5436 -24.9981 38
      vertex -34.5 -25 2.5
      vertex -34.5436 -24.9981 2.5
    endloop
  endfacet
  facet normal 0.953166 -0.302447 0
    outer loop
      vertex -34.983 24.6294 38
      vertex -34.9698 24.671 2.5
      vertex -34.9698 24.671 38
    endloop
  endfacet
  facet normal 0.953166 -0.302447 0
    outer loop
      vertex -34.9698 24.671 2.5
      vertex -34.983 24.6294 38
      vertex -34.983 24.6294 2.5
    endloop
  endfacet
  facet normal 0.302447 0.953166 -0
    outer loop
      vertex -34.6294 -24.983 2.5
      vertex -34.671 -24.9698 38
      vertex -34.6294 -24.983 38
    endloop
  endfacet
  facet normal 0.302447 0.953166 0
    outer loop
      vertex -34.671 -24.9698 38
      vertex -34.6294 -24.983 2.5
      vertex -34.671 -24.9698 2.5
    endloop
  endfacet
  facet normal 1 -0 0
    outer loop
      vertex -35 23.7988 38
      vertex -35 24.5 2.5
      vertex -35 24.5 38
    endloop
  endfacet
  facet normal 1 0 0
    outer loop
      vertex -35 24.5 2.5
      vertex -35 23.7988 38
      vertex -35 23.7988 2.5
    endloop
  endfacet
  facet normal 1 -0 0
    outer loop
      vertex -35 -24.5 38
      vertex -35 -23.7988 2.5
      vertex -35 -23.7988 38
    endloop
  endfacet
  facet normal 1 0 0
    outer loop
      vertex -35 -23.7988 2.5
      vertex -35 -24.5 38
      vertex -35 -24.5 2.5
    endloop
  endfacet
  facet normal 1 0 0
    outer loop
      vertex -35 -4.05 11.9852
      vertex -35 -7.50628 9.99381
      vertex -35 -7.5 9.85
    endloop
  endfacet
  facet normal 1 0 0
    outer loop
      vertex -35 -7.0148 14.95
      vertex -35 -7.52507 10.1365
      vertex -35 -7.50628 9.99381
    endloop
  endfacet
  facet normal 1 0 0
    outer loop
      vertex -35 -7.0148 14.95
      vertex -35 -7.55622 10.2771
      vertex -35 -7.52507 10.1365
    endloop
  endfacet
  facet normal 1 0 0
    outer loop
      vertex -35 -7.0148 14.95
      vertex -35 -7.59951 10.4143
      vertex -35 -7.55622 10.2771
    endloop
  endfacet
  facet normal 1 0 0
    outer loop
      vertex -35 -9.57705 11.4438
      vertex -35 -7.34109 15.5768
      vertex -35 -7.61151 16.2296
    endloop
  endfacet
  facet normal 1 0 0
    outer loop
      vertex -35 -7.0148 14.95
      vertex -35 -7.65459 10.5473
      vertex -35 -7.59951 10.4143
    endloop
  endfacet
  facet normal 1 0 0
    outer loop
      vertex -35 -7.0148 14.95
      vertex -35 -7.72106 10.675
      vertex -35 -7.65459 10.5473
    endloop
  endfacet
  facet normal 1 0 0
    outer loop
      vertex -35 -7.0148 14.95
      vertex -35 -7.7984 10.7964
      vertex -35 -7.72106 10.675
    endloop
  endfacet
  facet normal 1 0 0
    outer loop
      vertex -35 -9.84732 11.3454
      vertex -35 -7.61151 16.2296
      vertex -35 -7.824 16.9036
    endloop
  endfacet
  facet normal 1 0 0
    outer loop
      vertex -35 -7.0148 14.95
      vertex -35 -7.88603 10.9106
      vertex -35 -7.7984 10.7964
    endloop
  endfacet
  facet normal 1 0 0
    outer loop
      vertex -35 -10.0964 11.2016
      vertex -35 -7.824 16.9036
      vertex -35 -7.97694 17.5935
    endloop
  endfacet
  facet normal 1 0 0
    outer loop
      vertex -35 -7.0148 14.95
      vertex -35 -7.98327 11.0167
      vertex -35 -7.88603 10.9106
    endloop
  endfacet
  facet normal 1 0 0
    outer loop
      vertex -35 -10.3167 11.0167
      vertex -35 -7.97694 17.5935
      vertex -35 -8.06918 18.294
    endloop
  endfacet
  facet normal 1 0 0
    outer loop
      vertex -35 -7.0148 14.95
      vertex -35 -8.0894 11.114
      vertex -35 -7.98327 11.0167
    endloop
  endfacet
  facet normal 1 0 0
    outer loop
      vertex -35 -10.5016 10.7964
      vertex -35 -8.06918 18.294
      vertex -35 -8.1 19
    endloop
  endfacet
  facet normal 1 -0 0
    outer loop
      vertex -35 -9.15 26.5
      vertex -35 -7.0148 23.05
      vertex -35 -9.00619 26.5063
    endloop
  endfacet
  facet normal 1 0 0
    outer loop
      vertex -35 -7.0148 14.95
      vertex -35 -8.2036 11.2016
      vertex -35 -8.0894 11.114
    endloop
  endfacet
  facet normal 1 0 0
    outer loop
      vertex -35 -9.29381 26.5063
      vertex -35 -7.0148 23.05
      vertex -35 -9.15 26.5
    endloop
  endfacet
  facet normal 1 0 0
    outer loop
      vertex -35 -7.0148 14.95
      vertex -35 -8.325 11.2789
      vertex -35 -8.2036 11.2016
    endloop
  endfacet
  facet normal 1 0 0
    outer loop
      vertex -35 -7.0148 23.05
      vertex -35 -9.29381 26.5063
      vertex -35 -7.34109 22.4232
    endloop
  endfacet
  facet normal 1 0 0
    outer loop
      vertex -35 -7.0148 14.95
      vertex -35 -8.45268 11.3454
      vertex -35 -8.325 11.2789
    endloop
  endfacet
  facet normal 1 0 0
    outer loop
      vertex -35 -9.43652 26.5251
      vertex -35 -7.34109 22.4232
      vertex -35 -9.29381 26.5063
    endloop
  endfacet
  facet normal 1 0 0
    outer loop
      vertex -35 -7.0148 14.95
      vertex -35 -8.58567 11.4005
      vertex -35 -8.45268 11.3454
    endloop
  endfacet
  facet normal 1 0 0
    outer loop
      vertex -35 -9.57705 26.5562
      vertex -35 -7.34109 22.4232
      vertex -35 -9.43652 26.5251
    endloop
  endfacet
  facet normal 1 0 0
    outer loop
      vertex -35 -7.0148 14.95
      vertex -35 -8.72295 11.4438
      vertex -35 -8.58567 11.4005
    endloop
  endfacet
  facet normal 1 0 0
    outer loop
      vertex -35 -7.34109 22.4232
      vertex -35 -9.57705 26.5562
      vertex -35 -7.61151 21.7704
    endloop
  endfacet
  facet normal 1 0 0
    outer loop
      vertex -35 -7.0148 14.95
      vertex -35 -8.86348 11.4749
      vertex -35 -8.72295 11.4438
    endloop
  endfacet
  facet normal 1 0 0
    outer loop
      vertex -35 -9.71433 26.5995
      vertex -35 -7.61151 21.7704
      vertex -35 -9.57705 26.5562
    endloop
  endfacet
  facet normal 1 0 0
    outer loop
      vertex -35 -7.0148 14.95
      vertex -35 -9.00619 11.4937
      vertex -35 -8.86348 11.4749
    endloop
  endfacet
  facet normal 1 0 0
    outer loop
      vertex -35 -9.84732 26.6546
      vertex -35 -7.61151 21.7704
      vertex -35 -9.71433 26.5995
    endloop
  endfacet
  facet normal 1 0 0
    outer loop
      vertex -35 -7.0148 14.95
      vertex -35 -9.15 11.5
      vertex -35 -9.00619 11.4937
    endloop
  endfacet
  facet normal 1 0 0
    outer loop
      vertex -35 -7.61151 21.7704
      vertex -35 -9.84732 26.6546
      vertex -35 -7.824 21.0964
    endloop
  endfacet
  facet normal 1 0 0
    outer loop
      vertex -35 -7.0148 14.95
      vertex -35 -9.29381 11.4937
      vertex -35 -9.15 11.5
    endloop
  endfacet
  facet normal 1 0 0
    outer loop
      vertex -35 -9.975 26.7211
      vertex -35 -7.824 21.0964
      vertex -35 -9.84732 26.6546
    endloop
  endfacet
  facet normal 1 0 0
    outer loop
      vertex -35 -7.34109 15.5768
      vertex -35 -9.43652 11.4749
      vertex -35 -9.29381 11.4937
    endloop
  endfacet
  facet normal 1 0 0
    outer loop
      vertex -35 -10.0964 26.7984
      vertex -35 -7.824 21.0964
      vertex -35 -9.975 26.7211
    endloop
  endfacet
  facet normal 1 0 0
    outer loop
      vertex -35 -7.34109 15.5768
      vertex -35 -9.57705 11.4438
      vertex -35 -9.43652 11.4749
    endloop
  endfacet
  facet normal 1 0 0
    outer loop
      vertex -35 -7.824 21.0964
      vertex -35 -10.0964 26.7984
      vertex -35 -7.97694 20.4065
    endloop
  endfacet
  facet normal 1 0 0
    outer loop
      vertex -35 -7.61151 16.2296
      vertex -35 -9.71433 11.4005
      vertex -35 -9.57705 11.4438
    endloop
  endfacet
  facet normal 1 0 0
    outer loop
      vertex -35 -10.2106 26.886
      vertex -35 -7.97694 20.4065
      vertex -35 -10.0964 26.7984
    endloop
  endfacet
  facet normal 1 0 0
    outer loop
      vertex -35 -7.61151 16.2296
      vertex -35 -9.84732 11.3454
      vertex -35 -9.71433 11.4005
    endloop
  endfacet
  facet normal 1 0 0
    outer loop
      vertex -35 -10.3167 26.9833
      vertex -35 -7.97694 20.4065
      vertex -35 -10.2106 26.886
    endloop
  endfacet
  facet normal 1 0 0
    outer loop
      vertex -35 -7.824 16.9036
      vertex -35 -9.975 11.2789
      vertex -35 -9.84732 11.3454
    endloop
  endfacet
  facet normal 1 0 0
    outer loop
      vertex -35 -7.97694 20.4065
      vertex -35 -10.3167 26.9833
      vertex -35 -8.06918 19.706
    endloop
  endfacet
  facet normal 1 0 0
    outer loop
      vertex -35 -7.824 16.9036
      vertex -35 -10.0964 11.2016
      vertex -35 -9.975 11.2789
    endloop
  endfacet
  facet normal 1 0 0
    outer loop
      vertex -35 -10.414 27.0894
      vertex -35 -8.06918 19.706
      vertex -35 -10.3167 26.9833
    endloop
  endfacet
  facet normal 1 0 0
    outer loop
      vertex -35 -7.97694 17.5935
      vertex -35 -10.2106 11.114
      vertex -35 -10.0964 11.2016
    endloop
  endfacet
  facet normal 1 0 0
    outer loop
      vertex -35 -10.5016 27.2036
      vertex -35 -8.06918 19.706
      vertex -35 -10.414 27.0894
    endloop
  endfacet
  facet normal 1 0 0
    outer loop
      vertex -35 -7.97694 17.5935
      vertex -35 -10.3167 11.0167
      vertex -35 -10.2106 11.114
    endloop
  endfacet
  facet normal 1 0 0
    outer loop
      vertex -35 -8.06918 19.706
      vertex -35 -10.5016 27.2036
      vertex -35 -8.1 19
    endloop
  endfacet
  facet normal 1 0 0
    outer loop
      vertex -35 -8.06918 18.294
      vertex -35 -10.414 10.9106
      vertex -35 -10.3167 11.0167
    endloop
  endfacet
  facet normal 1 0 0
    outer loop
      vertex -35 -10.5016 10.7964
      vertex -35 -8.1 19
      vertex -35 -10.5016 27.2036
    endloop
  endfacet
  facet normal 1 0 0
    outer loop
      vertex -35 -8.06918 18.294
      vertex -35 -10.5016 10.7964
      vertex -35 -10.414 10.9106
    endloop
  endfacet
  facet normal 1 0 0
    outer loop
      vertex -35 -10.5789 27.325
      vertex -35 -10.5016 10.7964
      vertex -35 -10.5016 27.2036
    endloop
  endfacet
  facet normal 1 0 0
    outer loop
      vertex -35 -10.5789 27.325
      vertex -35 -10.5789 10.675
      vertex -35 -10.5016 10.7964
    endloop
  endfacet
  facet normal 1 0 0
    outer loop
      vertex -35 -20.2012 2.5
      vertex -35 -10.5789 27.325
      vertex -35 -10.6454 27.4527
    endloop
  endfacet
  facet normal 1 0 0
    outer loop
      vertex -35 -10.5789 27.325
      vertex -35 -20.2012 2.5
      vertex -35 -10.5789 10.675
    endloop
  endfacet
  facet normal 1 0 0
    outer loop
      vertex -35 -20.2012 2.5
      vertex -35 -10.6454 27.4527
      vertex -35 -10.7005 27.5857
    endloop
  endfacet
  facet normal 1 0 0
    outer loop
      vertex -35 -10.5789 10.675
      vertex -35 -20.2012 2.5
      vertex -35 -10.6454 10.5473
    endloop
  endfacet
  facet normal 1 0 0
    outer loop
      vertex -35 -20.2012 38
      vertex -35 -10.7005 27.5857
      vertex -35 -10.7438 27.7229
    endloop
  endfacet
  facet normal 1 0 0
    outer loop
      vertex -35 -10.6454 10.5473
      vertex -35 -20.2012 2.5
      vertex -35 -10.7005 10.4143
    endloop
  endfacet
  facet normal 1 0 0
    outer loop
      vertex -35 -20.2012 38
      vertex -35 -10.7438 27.7229
      vertex -35 -10.7749 27.8635
    endloop
  endfacet
  facet normal 1 0 0
    outer loop
      vertex -35 -10.7005 10.4143
      vertex -35 -20.2012 2.5
      vertex -35 -10.7438 10.2771
    endloop
  endfacet
  facet normal 1 0 0
    outer loop
      vertex -35 -20.2012 38
      vertex -35 -10.7749 27.8635
      vertex -35 -10.7937 28.0062
    endloop
  endfacet
  facet normal 1 0 0
    outer loop
      vertex -35 -10.7438 10.2771
      vertex -35 -20.2012 2.5
      vertex -35 -10.7749 10.1365
    endloop
  endfacet
  facet normal 1 0 0
    outer loop
      vertex -35 -20.2012 38
      vertex -35 -10.7937 28.0062
      vertex -35 -10.8 28.15
    endloop
  endfacet
  facet normal 1 0 0
    outer loop
      vertex -35 -10.7749 10.1365
      vertex -35 -20.2012 2.5
      vertex -35 -10.7937 9.99381
    endloop
  endfacet
  facet normal 1 -0 0
    outer loop
      vertex -35 -7.72106 27.325
      vertex -35 -5.20658 25.205
      vertex -35 -7.65459 27.4527
    endloop
  endfacet
  facet normal 1 -0 0
    outer loop
      vertex -35 -7.7984 27.2036
      vertex -35 -5.20658 25.205
      vertex -35 -7.72106 27.325
    endloop
  endfacet
  facet normal 1 0 0
    outer loop
      vertex -35 -5.20658 25.205
      vertex -35 -7.7984 27.2036
      vertex -35 -5.72756 24.7276
    endloop
  endfacet
  facet normal 1 -0 0
    outer loop
      vertex -35 -7.88603 27.0894
      vertex -35 -5.72756 24.7276
      vertex -35 -7.7984 27.2036
    endloop
  endfacet
  facet normal 1 -0 0
    outer loop
      vertex -35 -7.98327 26.9833
      vertex -35 -5.72756 24.7276
      vertex -35 -7.88603 27.0894
    endloop
  endfacet
  facet normal 1 -0 0
    outer loop
      vertex -35 -8.0894 26.886
      vertex -35 -5.72756 24.7276
      vertex -35 -7.98327 26.9833
    endloop
  endfacet
  facet normal 1 0 0
    outer loop
      vertex -35 -5.72756 24.7276
      vertex -35 -8.0894 26.886
      vertex -35 -6.20496 24.2066
    endloop
  endfacet
  facet normal 1 -0 0
    outer loop
      vertex -35 -8.2036 26.7984
      vertex -35 -6.20496 24.2066
      vertex -35 -8.0894 26.886
    endloop
  endfacet
  facet normal 1 -0 0
    outer loop
      vertex -35 -8.325 26.7211
      vertex -35 -6.20496 24.2066
      vertex -35 -8.2036 26.7984
    endloop
  endfacet
  facet normal 1 -0 0
    outer loop
      vertex -35 -8.45268 26.6546
      vertex -35 -6.20496 24.2066
      vertex -35 -8.325 26.7211
    endloop
  endfacet
  facet normal 1 0 0
    outer loop
      vertex -35 -6.20496 24.2066
      vertex -35 -8.45268 26.6546
      vertex -35 -6.63513 23.646
    endloop
  endfacet
  facet normal 1 -0 0
    outer loop
      vertex -35 -8.58567 26.5995
      vertex -35 -6.63513 23.646
      vertex -35 -8.45268 26.6546
    endloop
  endfacet
  facet normal 1 -0 0
    outer loop
      vertex -35 -8.72295 26.5562
      vertex -35 -6.63513 23.646
      vertex -35 -8.58567 26.5995
    endloop
  endfacet
  facet normal 1 -0 0
    outer loop
      vertex -35 -8.86348 26.5251
      vertex -35 -6.63513 23.646
      vertex -35 -8.72295 26.5562
    endloop
  endfacet
  facet normal 1 0 0
    outer loop
      vertex -35 -6.63513 23.646
      vertex -35 -8.86348 26.5251
      vertex -35 -7.0148 23.05
    endloop
  endfacet
  facet normal 1 -0 0
    outer loop
      vertex -35 -9.00619 26.5063
      vertex -35 -7.0148 23.05
      vertex -35 -8.86348 26.5251
    endloop
  endfacet
  facet normal 1 0 0
    outer loop
      vertex -35 10.7438 27.7229
      vertex -35 20.2012 38
      vertex -35 10.7749 27.8635
    endloop
  endfacet
  facet normal 1 0 0
    outer loop
      vertex -35 20.2012 2.5
      vertex -35 10.7937 9.99381
      vertex -35 10.8 9.85
    endloop
  endfacet
  facet normal 1 0 0
    outer loop
      vertex -35 10.7005 27.5857
      vertex -35 20.2012 38
      vertex -35 10.7438 27.7229
    endloop
  endfacet
  facet normal 1 0 0
    outer loop
      vertex -35 20.2012 2.5
      vertex -35 10.7749 10.1365
      vertex -35 10.7937 9.99381
    endloop
  endfacet
  facet normal 1 0 0
    outer loop
      vertex -35 20.2012 38
      vertex -35 10.7005 27.5857
      vertex -35 20.2012 2.5
    endloop
  endfacet
  facet normal 1 0 0
    outer loop
      vertex -35 20.2012 2.5
      vertex -35 10.7438 10.2771
      vertex -35 10.7749 10.1365
    endloop
  endfacet
  facet normal 1 -0 0
    outer loop
      vertex -35 10.6454 27.4527
      vertex -35 20.2012 2.5
      vertex -35 10.7005 27.5857
    endloop
  endfacet
  facet normal 1 0 0
    outer loop
      vertex -35 20.2012 2.5
      vertex -35 10.7005 10.4143
      vertex -35 10.7438 10.2771
    endloop
  endfacet
  facet normal 1 -0 0
    outer loop
      vertex -35 10.5789 27.325
      vertex -35 20.2012 2.5
      vertex -35 10.6454 27.4527
    endloop
  endfacet
  facet normal 1 0 0
    outer loop
      vertex -35 20.2012 2.5
      vertex -35 10.6454 10.5473
      vertex -35 10.7005 10.4143
    endloop
  endfacet
  facet normal 1 -0 0
    outer loop
      vertex -35 10.5789 10.675
      vertex -35 20.2012 2.5
      vertex -35 10.5789 27.325
    endloop
  endfacet
  facet normal 1 0 0
    outer loop
      vertex -35 20.2012 2.5
      vertex -35 10.5789 10.675
      vertex -35 10.6454 10.5473
    endloop
  endfacet
  facet normal 1 -0 0
    outer loop
      vertex -35 10.5016 27.2036
      vertex -35 10.5789 10.675
      vertex -35 10.5789 27.325
    endloop
  endfacet
  facet normal 1 0 0
    outer loop
      vertex -35 10.5016 27.2036
      vertex -35 10.5016 10.7964
      vertex -35 10.5789 10.675
    endloop
  endfacet
  facet normal 1 0 0
    outer loop
      vertex -35 8.06918 19.706
      vertex -35 10.5016 27.2036
      vertex -35 10.414 27.0894
    endloop
  endfacet
  facet normal 1 0 0
    outer loop
      vertex -35 10.5016 27.2036
      vertex -35 8.1 19
      vertex -35 10.5016 10.7964
    endloop
  endfacet
  facet normal 1 0 0
    outer loop
      vertex -35 8.06918 19.706
      vertex -35 10.414 27.0894
      vertex -35 10.3167 26.9833
    endloop
  endfacet
  facet normal 1 -0 0
    outer loop
      vertex -35 8.06918 18.294
      vertex -35 10.5016 10.7964
      vertex -35 8.1 19
    endloop
  endfacet
  facet normal 1 0 0
    outer loop
      vertex -35 7.97694 20.4065
      vertex -35 10.3167 26.9833
      vertex -35 10.2106 26.886
    endloop
  endfacet
  facet normal 1 0 0
    outer loop
      vertex -35 10.5016 10.7964
      vertex -35 8.06918 18.294
      vertex -35 10.414 10.9106
    endloop
  endfacet
  facet normal 1 0 0
    outer loop
      vertex -35 7.97694 20.4065
      vertex -35 10.2106 26.886
      vertex -35 10.0964 26.7984
    endloop
  endfacet
  facet normal 1 0 0
    outer loop
      vertex -35 10.414 10.9106
      vertex -35 8.06918 18.294
      vertex -35 10.3167 11.0167
    endloop
  endfacet
  facet normal 1 0 0
    outer loop
      vertex -35 7.824 21.0964
      vertex -35 10.0964 26.7984
      vertex -35 9.975 26.7211
    endloop
  endfacet
  facet normal 1 -0 0
    outer loop
      vertex -35 7.97694 17.5935
      vertex -35 10.3167 11.0167
      vertex -35 8.06918 18.294
    endloop
  endfacet
  facet normal 1 0 0
    outer loop
      vertex -35 7.824 21.0964
      vertex -35 9.975 26.7211
      vertex -35 9.84732 26.6546
    endloop
  endfacet
  facet normal 1 0 0
    outer loop
      vertex -35 10.3167 11.0167
      vertex -35 7.97694 17.5935
      vertex -35 10.2106 11.114
    endloop
  endfacet
  facet normal 1 0 0
    outer loop
      vertex -35 7.61151 21.7704
      vertex -35 9.84732 26.6546
      vertex -35 9.71433 26.5995
    endloop
  endfacet
  facet normal 1 0 0
    outer loop
      vertex -35 10.2106 11.114
      vertex -35 7.97694 17.5935
      vertex -35 10.0964 11.2016
    endloop
  endfacet
  facet normal 1 0 0
    outer loop
      vertex -35 7.61151 21.7704
      vertex -35 9.71433 26.5995
      vertex -35 9.57705 26.5562
    endloop
  endfacet
  facet normal 1 -0 0
    outer loop
      vertex -35 7.824 16.9036
      vertex -35 10.0964 11.2016
      vertex -35 7.97694 17.5935
    endloop
  endfacet
  facet normal 1 0 0
    outer loop
      vertex -35 7.34109 22.4232
      vertex -35 9.57705 26.5562
      vertex -35 9.43652 26.5251
    endloop
  endfacet
  facet normal 1 0 0
    outer loop
      vertex -35 10.0964 11.2016
      vertex -35 7.824 16.9036
      vertex -35 9.975 11.2789
    endloop
  endfacet
  facet normal 1 0 0
    outer loop
      vertex -35 7.34109 22.4232
      vertex -35 9.43652 26.5251
      vertex -35 9.29381 26.5063
    endloop
  endfacet
  facet normal 1 0 0
    outer loop
      vertex -35 9.975 11.2789
      vertex -35 7.824 16.9036
      vertex -35 9.84732 11.3454
    endloop
  endfacet
  facet normal 1 0 0
    outer loop
      vertex -35 7.0148 23.05
      vertex -35 9.29381 26.5063
      vertex -35 9.15 26.5
    endloop
  endfacet
  facet normal 1 -0 0
    outer loop
      vertex -35 7.61151 16.2296
      vertex -35 9.84732 11.3454
      vertex -35 7.824 16.9036
    endloop
  endfacet
  facet normal 1 0 0
    outer loop
      vertex -35 7.0148 23.05
      vertex -35 9.15 26.5
      vertex -35 9.00619 26.5063
    endloop
  endfacet
  facet normal 1 0 0
    outer loop
      vertex -35 9.84732 11.3454
      vertex -35 7.61151 16.2296
      vertex -35 9.71433 11.4005
    endloop
  endfacet
  facet normal 1 0 0
    outer loop
      vertex -35 7.0148 23.05
      vertex -35 9.00619 26.5063
      vertex -35 8.86348 26.5251
    endloop
  endfacet
  facet normal 1 0 0
    outer loop
      vertex -35 9.71433 11.4005
      vertex -35 7.61151 16.2296
      vertex -35 9.57705 11.4438
    endloop
  endfacet
  facet normal 1 0 0
    outer loop
      vertex -35 6.63513 23.646
      vertex -35 8.86348 26.5251
      vertex -35 8.72295 26.5562
    endloop
  endfacet
  facet normal 1 -0 0
    outer loop
      vertex -35 7.34109 15.5768
      vertex -35 9.57705 11.4438
      vertex -35 7.61151 16.2296
    endloop
  endfacet
  facet normal 1 0 0
    outer loop
      vertex -35 6.63513 23.646
      vertex -35 8.72295 26.5562
      vertex -35 8.58567 26.5995
    endloop
  endfacet
  facet normal 1 0 0
    outer loop
      vertex -35 9.57705 11.4438
      vertex -35 7.34109 15.5768
      vertex -35 9.43652 11.4749
    endloop
  endfacet
  facet normal 1 0 0
    outer loop
      vertex -35 6.63513 23.646
      vertex -35 8.58567 26.5995
      vertex -35 8.45268 26.6546
    endloop
  endfacet
  facet normal 1 0 0
    outer loop
      vertex -35 9.43652 11.4749
      vertex -35 7.34109 15.5768
      vertex -35 9.29381 11.4937
    endloop
  endfacet
  facet normal 1 0 0
    outer loop
      vertex -35 6.20496 24.2066
      vertex -35 8.45268 26.6546
      vertex -35 8.325 26.7211
    endloop
  endfacet
  facet normal 1 -0 0
    outer loop
      vertex -35 7.0148 14.95
      vertex -35 9.29381 11.4937
      vertex -35 7.34109 15.5768
    endloop
  endfacet
  facet normal 1 0 0
    outer loop
      vertex -35 6.20496 24.2066
      vertex -35 8.325 26.7211
      vertex -35 8.2036 26.7984
    endloop
  endfacet
  facet normal 1 0 0
    outer loop
      vertex -35 9.29381 11.4937
      vertex -35 7.0148 14.95
      vertex -35 9.15 11.5
    endloop
  endfacet
  facet normal 1 0 0
    outer loop
      vertex -35 9.15 11.5
      vertex -35 7.0148 14.95
      vertex -35 9.00619 11.4937
    endloop
  endfacet
  facet normal 1 0 0
    outer loop
      vertex -35 6.20496 24.2066
      vertex -35 8.2036 26.7984
      vertex -35 8.0894 26.886
    endloop
  endfacet
  facet normal 1 0 0
    outer loop
      vertex -35 10.5016 27.2036
      vertex -35 8.06918 19.706
      vertex -35 8.1 19
    endloop
  endfacet
  facet normal 1 0 0
    outer loop
      vertex -35 5.72756 24.7276
      vertex -35 8.0894 26.886
      vertex -35 7.98327 26.9833
    endloop
  endfacet
  facet normal 1 0 0
    outer loop
      vertex -35 10.3167 26.9833
      vertex -35 7.97694 20.4065
      vertex -35 8.06918 19.706
    endloop
  endfacet
  facet normal 1 0 0
    outer loop
      vertex -35 5.72756 24.7276
      vertex -35 7.98327 26.9833
      vertex -35 7.88603 27.0894
    endloop
  endfacet
  facet normal 1 0 0
    outer loop
      vertex -35 10.0964 26.7984
      vertex -35 7.824 21.0964
      vertex -35 7.97694 20.4065
    endloop
  endfacet
  facet normal 1 0 0
    outer loop
      vertex -35 5.72756 24.7276
      vertex -35 7.88603 27.0894
      vertex -35 7.7984 27.2036
    endloop
  endfacet
  facet normal 1 0 0
    outer loop
      vertex -35 5.20658 25.205
      vertex -35 7.7984 27.2036
      vertex -35 7.72106 27.325
    endloop
  endfacet
  facet normal 1 0 0
    outer loop
      vertex -35 5.20658 25.205
      vertex -35 7.72106 27.325
      vertex -35 7.65459 27.4527
    endloop
  endfacet
  facet normal 1 0 0
    outer loop
      vertex -35 9.84732 26.6546
      vertex -35 7.61151 21.7704
      vertex -35 7.824 21.0964
    endloop
  endfacet
  facet normal 1 0 0
    outer loop
      vertex -35 4.64597 25.6351
      vertex -35 7.65459 27.4527
      vertex -35 7.59951 27.5857
    endloop
  endfacet
  facet normal 1 0 0
    outer loop
      vertex -35 4.64597 25.6351
      vertex -35 7.59951 27.5857
      vertex -35 7.55622 27.7229
    endloop
  endfacet
  facet normal 1 0 0
    outer loop
      vertex -35 4.64597 25.6351
      vertex -35 7.55622 27.7229
      vertex -35 7.52507 27.8635
    endloop
  endfacet
  facet normal 1 0 0
    outer loop
      vertex -35 4.05 26.0148
      vertex -35 7.52507 27.8635
      vertex -35 7.50628 28.0062
    endloop
  endfacet
  facet normal 1 0 0
    outer loop
      vertex -35 4.05 26.0148
      vertex -35 7.50628 28.0062
      vertex -35 7.5 28.15
    endloop
  endfacet
  facet normal 1 0 0
    outer loop
      vertex -35 9.57705 26.5562
      vertex -35 7.34109 22.4232
      vertex -35 7.61151 21.7704
    endloop
  endfacet
  facet normal 1 0 0
    outer loop
      vertex -35 10.7937 28.0062
      vertex -35 20.2012 38
      vertex -35 10.8 28.15
    endloop
  endfacet
  facet normal 1 0 0
    outer loop
      vertex -35 20.2012 38
      vertex -35 10.7937 28.2938
      vertex -35 10.8 28.15
    endloop
  endfacet
  facet normal 1 0 0
    outer loop
      vertex -35 20.2012 38
      vertex -35 10.7749 28.4365
      vertex -35 10.7937 28.2938
    endloop
  endfacet
  facet normal 1 0 0
    outer loop
      vertex -35 20.2012 38
      vertex -35 10.7438 28.5771
      vertex -35 10.7749 28.4365
    endloop
  endfacet
  facet normal 1 0 0
    outer loop
      vertex -35 20.2012 38
      vertex -35 10.7005 28.7143
      vertex -35 10.7438 28.5771
    endloop
  endfacet
  facet normal 1 0 0
    outer loop
      vertex -35 20.2012 38
      vertex -35 10.6454 28.8473
      vertex -35 10.7005 28.7143
    endloop
  endfacet
  facet normal 1 0 0
    outer loop
      vertex -35 20.2012 38
      vertex -35 10.5789 28.975
      vertex -35 10.6454 28.8473
    endloop
  endfacet
  facet normal 1 0 0
    outer loop
      vertex -35 20.2012 38
      vertex -35 10.5016 29.0964
      vertex -35 10.5789 28.975
    endloop
  endfacet
  facet normal 1 0 0
    outer loop
      vertex -35 20.2012 38
      vertex -35 10.414 29.2106
      vertex -35 10.5016 29.0964
    endloop
  endfacet
  facet normal 1 0 0
    outer loop
      vertex -35 20.2012 38
      vertex -35 10.3167 29.3167
      vertex -35 10.414 29.2106
    endloop
  endfacet
  facet normal 1 0 0
    outer loop
      vertex -35 20.2012 38
      vertex -35 10.2106 29.414
      vertex -35 10.3167 29.3167
    endloop
  endfacet
  facet normal 1 0 0
    outer loop
      vertex -35 20.2012 38
      vertex -35 10.0964 29.5016
      vertex -35 10.2106 29.414
    endloop
  endfacet
  facet normal 1 0 0
    outer loop
      vertex -35 20.2012 38
      vertex -35 9.975 29.5789
      vertex -35 10.0964 29.5016
    endloop
  endfacet
  facet normal 1 0 0
    outer loop
      vertex -35 20.2012 38
      vertex -35 9.84732 29.6454
      vertex -35 9.975 29.5789
    endloop
  endfacet
  facet normal 1 0 0
    outer loop
      vertex -35 20.2012 38
      vertex -35 9.71433 29.7005
      vertex -35 9.84732 29.6454
    endloop
  endfacet
  facet normal 1 0 0
    outer loop
      vertex -35 20.2012 38
      vertex -35 9.57705 29.7438
      vertex -35 9.71433 29.7005
    endloop
  endfacet
  facet normal 1 0 0
    outer loop
      vertex -35 20.2012 38
      vertex -35 9.43652 29.7749
      vertex -35 9.57705 29.7438
    endloop
  endfacet
  facet normal 1 0 0
    outer loop
      vertex -35 20.2012 38
      vertex -35 9.29381 29.7937
      vertex -35 9.43652 29.7749
    endloop
  endfacet
  facet normal 1 0 0
    outer loop
      vertex -35 20.2012 38
      vertex -35 9.15 29.8
      vertex -35 9.29381 29.7937
    endloop
  endfacet
  facet normal 1 0 0
    outer loop
      vertex -35 20.2012 38
      vertex -35 9.00619 29.7937
      vertex -35 9.15 29.8
    endloop
  endfacet
  facet normal 1 0 0
    outer loop
      vertex -35 20.2012 38
      vertex -35 8.86348 29.7749
      vertex -35 9.00619 29.7937
    endloop
  endfacet
  facet normal 1 0 0
    outer loop
      vertex -35 20.2012 38
      vertex -35 8.72295 29.7438
      vertex -35 8.86348 29.7749
    endloop
  endfacet
  facet normal 1 0 0
    outer loop
      vertex -35 20.2012 38
      vertex -35 8.58567 29.7005
      vertex -35 8.72295 29.7438
    endloop
  endfacet
  facet normal 1 0 0
    outer loop
      vertex -35 -8.58567 29.7005
      vertex -35 8.58567 29.7005
      vertex -35 20.2012 38
    endloop
  endfacet
  facet normal 1 0 0
    outer loop
      vertex -35 8.58567 29.7005
      vertex -35 -8.58567 29.7005
      vertex -35 8.45268 29.6454
    endloop
  endfacet
  facet normal 1 0 -0
    outer loop
      vertex -35 -8.45268 29.6454
      vertex -35 8.45268 29.6454
      vertex -35 -8.58567 29.7005
    endloop
  endfacet
  facet normal 1 0 0
    outer loop
      vertex -35 9.29381 26.5063
      vertex -35 7.0148 23.05
      vertex -35 7.34109 22.4232
    endloop
  endfacet
  facet normal 1 0 0
    outer loop
      vertex -35 4.05 26.0148
      vertex -35 7.5 28.15
      vertex -35 7.50628 28.2938
    endloop
  endfacet
  facet normal 1 0 0
    outer loop
      vertex -35 8.86348 26.5251
      vertex -35 6.63513 23.646
      vertex -35 7.0148 23.05
    endloop
  endfacet
  facet normal 1 0 0
    outer loop
      vertex -35 3.42321 26.3411
      vertex -35 7.50628 28.2938
      vertex -35 7.52507 28.4365
    endloop
  endfacet
  facet normal 1 0 0
    outer loop
      vertex -35 8.45268 26.6546
      vertex -35 6.20496 24.2066
      vertex -35 6.63513 23.646
    endloop
  endfacet
  facet normal 1 0 0
    outer loop
      vertex -35 3.42321 26.3411
      vertex -35 7.52507 28.4365
      vertex -35 7.55622 28.5771
    endloop
  endfacet
  facet normal 1 0 0
    outer loop
      vertex -35 8.0894 26.886
      vertex -35 5.72756 24.7276
      vertex -35 6.20496 24.2066
    endloop
  endfacet
  facet normal 1 0 0
    outer loop
      vertex -35 2.77036 26.6115
      vertex -35 7.55622 28.5771
      vertex -35 7.59951 28.7143
    endloop
  endfacet
  facet normal 1 0 0
    outer loop
      vertex -35 2.77036 26.6115
      vertex -35 7.59951 28.7143
      vertex -35 7.65459 28.8473
    endloop
  endfacet
  facet normal 1 0 0
    outer loop
      vertex -35 7.7984 27.2036
      vertex -35 5.20658 25.205
      vertex -35 5.72756 24.7276
    endloop
  endfacet
  facet normal 1 0 0
    outer loop
      vertex -35 2.77036 26.6115
      vertex -35 7.65459 28.8473
      vertex -35 7.72106 28.975
    endloop
  endfacet
  facet normal 1 0 0
    outer loop
      vertex -35 2.09643 26.824
      vertex -35 7.72106 28.975
      vertex -35 7.7984 29.0964
    endloop
  endfacet
  facet normal 1 0 0
    outer loop
      vertex -35 7.65459 27.4527
      vertex -35 4.64597 25.6351
      vertex -35 5.20658 25.205
    endloop
  endfacet
  facet normal 1 0 0
    outer loop
      vertex -35 1.40655 26.9769
      vertex -35 7.7984 29.0964
      vertex -35 7.88603 29.2106
    endloop
  endfacet
  facet normal 1 0 0
    outer loop
      vertex -35 7.52507 27.8635
      vertex -35 4.05 26.0148
      vertex -35 4.64597 25.6351
    endloop
  endfacet
  facet normal 1 0 0
    outer loop
      vertex -35 1.40655 26.9769
      vertex -35 7.88603 29.2106
      vertex -35 7.98327 29.3167
    endloop
  endfacet
  facet normal 1 0 0
    outer loop
      vertex -35 0.705961 27.0692
      vertex -35 7.98327 29.3167
      vertex -35 8.0894 29.414
    endloop
  endfacet
  facet normal 1 0 0
    outer loop
      vertex -35 7.50628 28.2938
      vertex -35 3.42321 26.3411
      vertex -35 4.05 26.0148
    endloop
  endfacet
  facet normal 1 0 0
    outer loop
      vertex -35 0.705961 27.0692
      vertex -35 8.0894 29.414
      vertex -35 8.2036 29.5016
    endloop
  endfacet
  facet normal 1 0 0
    outer loop
      vertex -35 8.45268 29.6454
      vertex -35 -8.45268 29.6454
      vertex -35 8.325 29.5789
    endloop
  endfacet
  facet normal 1 0 0
    outer loop
      vertex -35 7.55622 28.5771
      vertex -35 2.77036 26.6115
      vertex -35 3.42321 26.3411
    endloop
  endfacet
  facet normal 1 0 0
    outer loop
      vertex -35 7.72106 28.975
      vertex -35 2.09643 26.824
      vertex -35 2.77036 26.6115
    endloop
  endfacet
  facet normal 1 0 0
    outer loop
      vertex -35 7.7984 29.0964
      vertex -35 1.40655 26.9769
      vertex -35 2.09643 26.824
    endloop
  endfacet
  facet normal 1 0 0
    outer loop
      vertex -35 7.98327 29.3167
      vertex -35 0.705961 27.0692
      vertex -35 1.40655 26.9769
    endloop
  endfacet
  facet normal 1 0 -0
    outer loop
      vertex -35 0 27.1
      vertex -35 8.2036 29.5016
      vertex -35 -8.325 29.5789
    endloop
  endfacet
  facet normal 1 0 0
    outer loop
      vertex -35 8.2036 29.5016
      vertex -35 0 27.1
      vertex -35 0.705961 27.0692
    endloop
  endfacet
  facet normal 1 -0 -0
    outer loop
      vertex -35 -8.2036 29.5016
      vertex -35 0 27.1
      vertex -35 -8.325 29.5789
    endloop
  endfacet
  facet normal 1 0 0
    outer loop
      vertex -35 0 27.1
      vertex -35 -8.2036 29.5016
      vertex -35 -0.705961 27.0692
    endloop
  endfacet
  facet normal 1 -0 -0
    outer loop
      vertex -35 -7.98327 29.3167
      vertex -35 -0.705961 27.0692
      vertex -35 -8.0894 29.414
    endloop
  endfacet
  facet normal 1 -0 -0
    outer loop
      vertex -35 -7.88603 29.2106
      vertex -35 -1.40655 26.9769
      vertex -35 -7.98327 29.3167
    endloop
  endfacet
  facet normal 1 0 0
    outer loop
      vertex -35 -4.64597 25.6351
      vertex -35 -7.65459 27.4527
      vertex -35 -5.20658 25.205
    endloop
  endfacet
  facet normal 1 -0 0
    outer loop
      vertex -35 -7.65459 27.4527
      vertex -35 -4.64597 25.6351
      vertex -35 -7.59951 27.5857
    endloop
  endfacet
  facet normal 1 -0 0
    outer loop
      vertex -35 -7.59951 27.5857
      vertex -35 -4.64597 25.6351
      vertex -35 -7.55622 27.7229
    endloop
  endfacet
  facet normal 1 -0 0
    outer loop
      vertex -35 -7.55622 27.7229
      vertex -35 -4.64597 25.6351
      vertex -35 -7.52507 27.8635
    endloop
  endfacet
  facet normal 1 0 0
    outer loop
      vertex -35 -4.05 26.0148
      vertex -35 -7.52507 27.8635
      vertex -35 -4.64597 25.6351
    endloop
  endfacet
  facet normal 1 -0 0
    outer loop
      vertex -35 -7.52507 27.8635
      vertex -35 -4.05 26.0148
      vertex -35 -7.50628 28.0062
    endloop
  endfacet
  facet normal 1 -0 0
    outer loop
      vertex -35 -7.50628 28.0062
      vertex -35 -4.05 26.0148
      vertex -35 -7.5 28.15
    endloop
  endfacet
  facet normal 1 0 0
    outer loop
      vertex -35 -7.50628 28.2938
      vertex -35 -4.05 26.0148
      vertex -35 -3.42321 26.3411
    endloop
  endfacet
  facet normal 1 0 0
    outer loop
      vertex -35 -1.40655 26.9769
      vertex -35 -7.7984 29.0964
      vertex -35 -2.09643 26.824
    endloop
  endfacet
  facet normal 1 0 0
    outer loop
      vertex -35 -4.05 26.0148
      vertex -35 -7.50628 28.2938
      vertex -35 -7.5 28.15
    endloop
  endfacet
  facet normal 1 0 0
    outer loop
      vertex -35 -3.42321 26.3411
      vertex -35 -7.52507 28.4365
      vertex -35 -7.50628 28.2938
    endloop
  endfacet
  facet normal 1 0 0
    outer loop
      vertex -35 -3.42321 26.3411
      vertex -35 -7.55622 28.5771
      vertex -35 -7.52507 28.4365
    endloop
  endfacet
  facet normal 1 0 0
    outer loop
      vertex -35 -2.77036 26.6115
      vertex -35 -7.55622 28.5771
      vertex -35 -3.42321 26.3411
    endloop
  endfacet
  facet normal 1 -0 -0
    outer loop
      vertex -35 -7.55622 28.5771
      vertex -35 -2.77036 26.6115
      vertex -35 -7.59951 28.7143
    endloop
  endfacet
  facet normal 1 -0 -0
    outer loop
      vertex -35 -7.59951 28.7143
      vertex -35 -2.77036 26.6115
      vertex -35 -7.65459 28.8473
    endloop
  endfacet
  facet normal 1 -0 -0
    outer loop
      vertex -35 -7.65459 28.8473
      vertex -35 -2.77036 26.6115
      vertex -35 -7.72106 28.975
    endloop
  endfacet
  facet normal 1 0 0
    outer loop
      vertex -35 -2.09643 26.824
      vertex -35 -7.72106 28.975
      vertex -35 -2.77036 26.6115
    endloop
  endfacet
  facet normal 1 -0 -0
    outer loop
      vertex -35 -7.72106 28.975
      vertex -35 -2.09643 26.824
      vertex -35 -7.7984 29.0964
    endloop
  endfacet
  facet normal 1 -0 -0
    outer loop
      vertex -35 -7.7984 29.0964
      vertex -35 -1.40655 26.9769
      vertex -35 -7.88603 29.2106
    endloop
  endfacet
  facet normal 1 0 0
    outer loop
      vertex -35 -0.705961 27.0692
      vertex -35 -7.98327 29.3167
      vertex -35 -1.40655 26.9769
    endloop
  endfacet
  facet normal 1 -0 -0
    outer loop
      vertex -35 -8.0894 29.414
      vertex -35 -0.705961 27.0692
      vertex -35 -8.2036 29.5016
    endloop
  endfacet
  facet normal 1 0 0
    outer loop
      vertex -35 8.325 29.5789
      vertex -35 -8.325 29.5789
      vertex -35 8.2036 29.5016
    endloop
  endfacet
  facet normal 1 0 -0
    outer loop
      vertex -35 -8.325 29.5789
      vertex -35 8.325 29.5789
      vertex -35 -8.45268 29.6454
    endloop
  endfacet
  facet normal 1 -0 0
    outer loop
      vertex -35 -20.2012 38
      vertex -35 -8.58567 29.7005
      vertex -35 20.2012 38
    endloop
  endfacet
  facet normal 1 0 0
    outer loop
      vertex -35 -8.58567 29.7005
      vertex -35 -20.2012 38
      vertex -35 -8.72295 29.7438
    endloop
  endfacet
  facet normal 1 0 0
    outer loop
      vertex -35 -8.72295 29.7438
      vertex -35 -20.2012 38
      vertex -35 -8.86348 29.7749
    endloop
  endfacet
  facet normal 1 0 0
    outer loop
      vertex -35 -8.86348 29.7749
      vertex -35 -20.2012 38
      vertex -35 -9.00619 29.7937
    endloop
  endfacet
  facet normal 1 0 0
    outer loop
      vertex -35 -9.00619 29.7937
      vertex -35 -20.2012 38
      vertex -35 -9.15 29.8
    endloop
  endfacet
  facet normal 1 0 0
    outer loop
      vertex -35 -9.15 29.8
      vertex -35 -20.2012 38
      vertex -35 -9.29381 29.7937
    endloop
  endfacet
  facet normal 1 0 0
    outer loop
      vertex -35 -9.29381 29.7937
      vertex -35 -20.2012 38
      vertex -35 -9.43652 29.7749
    endloop
  endfacet
  facet normal 1 0 0
    outer loop
      vertex -35 -10.7005 27.5857
      vertex -35 -20.2012 38
      vertex -35 -20.2012 2.5
    endloop
  endfacet
  facet normal 1 0 0
    outer loop
      vertex -35 -10.7937 28.2938
      vertex -35 -20.2012 38
      vertex -35 -10.8 28.15
    endloop
  endfacet
  facet normal 1 0 0
    outer loop
      vertex -35 -10.7749 28.4365
      vertex -35 -20.2012 38
      vertex -35 -10.7937 28.2938
    endloop
  endfacet
  facet normal 1 0 0
    outer loop
      vertex -35 -10.7438 28.5771
      vertex -35 -20.2012 38
      vertex -35 -10.7749 28.4365
    endloop
  endfacet
  facet normal 1 0 0
    outer loop
      vertex -35 -10.7005 28.7143
      vertex -35 -20.2012 38
      vertex -35 -10.7438 28.5771
    endloop
  endfacet
  facet normal 1 0 0
    outer loop
      vertex -35 -10.6454 28.8473
      vertex -35 -20.2012 38
      vertex -35 -10.7005 28.7143
    endloop
  endfacet
  facet normal 1 0 0
    outer loop
      vertex -35 -10.5789 28.975
      vertex -35 -20.2012 38
      vertex -35 -10.6454 28.8473
    endloop
  endfacet
  facet normal 1 0 0
    outer loop
      vertex -35 -10.5016 29.0964
      vertex -35 -20.2012 38
      vertex -35 -10.5789 28.975
    endloop
  endfacet
  facet normal 1 0 0
    outer loop
      vertex -35 -10.414 29.2106
      vertex -35 -20.2012 38
      vertex -35 -10.5016 29.0964
    endloop
  endfacet
  facet normal 1 0 0
    outer loop
      vertex -35 -10.3167 29.3167
      vertex -35 -20.2012 38
      vertex -35 -10.414 29.2106
    endloop
  endfacet
  facet normal 1 0 0
    outer loop
      vertex -35 -10.2106 29.414
      vertex -35 -20.2012 38
      vertex -35 -10.3167 29.3167
    endloop
  endfacet
  facet normal 1 0 0
    outer loop
      vertex -35 -10.0964 29.5016
      vertex -35 -20.2012 38
      vertex -35 -10.2106 29.414
    endloop
  endfacet
  facet normal 1 0 0
    outer loop
      vertex -35 -9.975 29.5789
      vertex -35 -20.2012 38
      vertex -35 -10.0964 29.5016
    endloop
  endfacet
  facet normal 1 0 0
    outer loop
      vertex -35 -9.84732 29.6454
      vertex -35 -20.2012 38
      vertex -35 -9.975 29.5789
    endloop
  endfacet
  facet normal 1 0 0
    outer loop
      vertex -35 -9.71433 29.7005
      vertex -35 -20.2012 38
      vertex -35 -9.84732 29.6454
    endloop
  endfacet
  facet normal 1 0 0
    outer loop
      vertex -35 -9.57705 29.7438
      vertex -35 -20.2012 38
      vertex -35 -9.71433 29.7005
    endloop
  endfacet
  facet normal 1 0 0
    outer loop
      vertex -35 -9.43652 29.7749
      vertex -35 -20.2012 38
      vertex -35 -9.57705 29.7438
    endloop
  endfacet
  facet normal 1 0 0
    outer loop
      vertex -35 10.7749 27.8635
      vertex -35 20.2012 38
      vertex -35 10.7937 28.0062
    endloop
  endfacet
  facet normal 1 -0 0
    outer loop
      vertex -35 10.7937 9.70619
      vertex -35 20.2012 2.5
      vertex -35 10.8 9.85
    endloop
  endfacet
  facet normal 1 -0 0
    outer loop
      vertex -35 10.7749 9.56348
      vertex -35 20.2012 2.5
      vertex -35 10.7937 9.70619
    endloop
  endfacet
  facet normal 1 -0 0
    outer loop
      vertex -35 10.7438 9.42295
      vertex -35 20.2012 2.5
      vertex -35 10.7749 9.56348
    endloop
  endfacet
  facet normal 1 -0 0
    outer loop
      vertex -35 10.7005 9.28567
      vertex -35 20.2012 2.5
      vertex -35 10.7438 9.42295
    endloop
  endfacet
  facet normal 1 -0 0
    outer loop
      vertex -35 10.6454 9.15268
      vertex -35 20.2012 2.5
      vertex -35 10.7005 9.28567
    endloop
  endfacet
  facet normal 1 -0 0
    outer loop
      vertex -35 10.5789 9.025
      vertex -35 20.2012 2.5
      vertex -35 10.6454 9.15268
    endloop
  endfacet
  facet normal 1 -0 0
    outer loop
      vertex -35 10.5016 8.9036
      vertex -35 20.2012 2.5
      vertex -35 10.5789 9.025
    endloop
  endfacet
  facet normal 1 -0 0
    outer loop
      vertex -35 10.414 8.7894
      vertex -35 20.2012 2.5
      vertex -35 10.5016 8.9036
    endloop
  endfacet
  facet normal 1 -0 0
    outer loop
      vertex -35 10.3167 8.68327
      vertex -35 20.2012 2.5
      vertex -35 10.414 8.7894
    endloop
  endfacet
  facet normal 1 -0 0
    outer loop
      vertex -35 10.2106 8.58603
      vertex -35 20.2012 2.5
      vertex -35 10.3167 8.68327
    endloop
  endfacet
  facet normal 1 -0 0
    outer loop
      vertex -35 10.0964 8.4984
      vertex -35 20.2012 2.5
      vertex -35 10.2106 8.58603
    endloop
  endfacet
  facet normal 1 -0 0
    outer loop
      vertex -35 9.975 8.42106
      vertex -35 20.2012 2.5
      vertex -35 10.0964 8.4984
    endloop
  endfacet
  facet normal 1 -0 0
    outer loop
      vertex -35 9.84732 8.35459
      vertex -35 20.2012 2.5
      vertex -35 9.975 8.42106
    endloop
  endfacet
  facet normal 1 -0 0
    outer loop
      vertex -35 9.71433 8.29951
      vertex -35 20.2012 2.5
      vertex -35 9.84732 8.35459
    endloop
  endfacet
  facet normal 1 -0 0
    outer loop
      vertex -35 9.57705 8.25622
      vertex -35 20.2012 2.5
      vertex -35 9.71433 8.29951
    endloop
  endfacet
  facet normal 1 -0 0
    outer loop
      vertex -35 9.43652 8.22507
      vertex -35 20.2012 2.5
      vertex -35 9.57705 8.25622
    endloop
  endfacet
  facet normal 1 -0 0
    outer loop
      vertex -35 9.29381 8.20628
      vertex -35 20.2012 2.5
      vertex -35 9.43652 8.22507
    endloop
  endfacet
  facet normal 1 -0 0
    outer loop
      vertex -35 9.15 8.2
      vertex -35 20.2012 2.5
      vertex -35 9.29381 8.20628
    endloop
  endfacet
  facet normal 1 0 0
    outer loop
      vertex -35 9.00619 8.20628
      vertex -35 20.2012 2.5
      vertex -35 9.15 8.2
    endloop
  endfacet
  facet normal 1 0 0
    outer loop
      vertex -35 8.86348 8.22507
      vertex -35 20.2012 2.5
      vertex -35 9.00619 8.20628
    endloop
  endfacet
  facet normal 1 0 0
    outer loop
      vertex -35 8.72295 8.25622
      vertex -35 20.2012 2.5
      vertex -35 8.86348 8.22507
    endloop
  endfacet
  facet normal 1 0 0
    outer loop
      vertex -35 -8.72295 8.25622
      vertex -35 8.72295 8.25622
      vertex -35 8.58567 8.29951
    endloop
  endfacet
  facet normal 1 0 0
    outer loop
      vertex -35 -8.58567 8.29951
      vertex -35 8.58567 8.29951
      vertex -35 8.45268 8.35459
    endloop
  endfacet
  facet normal 1 -0 0
    outer loop
      vertex -35 4.64597 12.3649
      vertex -35 7.65459 10.5473
      vertex -35 5.20658 12.795
    endloop
  endfacet
  facet normal 1 0 0
    outer loop
      vertex -35 7.65459 10.5473
      vertex -35 4.64597 12.3649
      vertex -35 7.59951 10.4143
    endloop
  endfacet
  facet normal 1 0 0
    outer loop
      vertex -35 7.59951 10.4143
      vertex -35 4.64597 12.3649
      vertex -35 7.55622 10.2771
    endloop
  endfacet
  facet normal 1 0 0
    outer loop
      vertex -35 7.55622 10.2771
      vertex -35 4.64597 12.3649
      vertex -35 7.52507 10.1365
    endloop
  endfacet
  facet normal 1 -0 0
    outer loop
      vertex -35 4.05 11.9852
      vertex -35 7.52507 10.1365
      vertex -35 4.64597 12.3649
    endloop
  endfacet
  facet normal 1 0 0
    outer loop
      vertex -35 7.52507 10.1365
      vertex -35 4.05 11.9852
      vertex -35 7.50628 9.99381
    endloop
  endfacet
  facet normal 1 0 0
    outer loop
      vertex -35 7.50628 9.99381
      vertex -35 4.05 11.9852
      vertex -35 7.5 9.85
    endloop
  endfacet
  facet normal 1 0 0
    outer loop
      vertex -35 7.5 9.85
      vertex -35 4.05 11.9852
      vertex -35 7.50628 9.70619
    endloop
  endfacet
  facet normal 1 -0 0
    outer loop
      vertex -35 3.42321 11.6589
      vertex -35 7.50628 9.70619
      vertex -35 4.05 11.9852
    endloop
  endfacet
  facet normal 1 0 0
    outer loop
      vertex -35 7.50628 9.70619
      vertex -35 3.42321 11.6589
      vertex -35 7.52507 9.56348
    endloop
  endfacet
  facet normal 1 0 0
    outer loop
      vertex -35 7.52507 9.56348
      vertex -35 3.42321 11.6589
      vertex -35 7.55622 9.42295
    endloop
  endfacet
  facet normal 1 -0 0
    outer loop
      vertex -35 2.77036 11.3885
      vertex -35 7.55622 9.42295
      vertex -35 3.42321 11.6589
    endloop
  endfacet
  facet normal 1 0 0
    outer loop
      vertex -35 7.55622 9.42295
      vertex -35 2.77036 11.3885
      vertex -35 7.59951 9.28567
    endloop
  endfacet
  facet normal 1 0 0
    outer loop
      vertex -35 7.59951 9.28567
      vertex -35 2.77036 11.3885
      vertex -35 7.65459 9.15268
    endloop
  endfacet
  facet normal 1 0 0
    outer loop
      vertex -35 7.65459 9.15268
      vertex -35 2.77036 11.3885
      vertex -35 7.72106 9.025
    endloop
  endfacet
  facet normal 1 -0 0
    outer loop
      vertex -35 2.09643 11.176
      vertex -35 7.72106 9.025
      vertex -35 2.77036 11.3885
    endloop
  endfacet
  facet normal 1 0 0
    outer loop
      vertex -35 7.72106 9.025
      vertex -35 2.09643 11.176
      vertex -35 7.7984 8.9036
    endloop
  endfacet
  facet normal 1 -0 0
    outer loop
      vertex -35 1.40655 11.0231
      vertex -35 7.7984 8.9036
      vertex -35 2.09643 11.176
    endloop
  endfacet
  facet normal 1 0 0
    outer loop
      vertex -35 7.7984 8.9036
      vertex -35 1.40655 11.0231
      vertex -35 7.88603 8.7894
    endloop
  endfacet
  facet normal 1 0 0
    outer loop
      vertex -35 7.88603 8.7894
      vertex -35 1.40655 11.0231
      vertex -35 7.98327 8.68327
    endloop
  endfacet
  facet normal 1 -0 0
    outer loop
      vertex -35 0.705961 10.9308
      vertex -35 7.98327 8.68327
      vertex -35 1.40655 11.0231
    endloop
  endfacet
  facet normal 1 0 0
    outer loop
      vertex -35 7.98327 8.68327
      vertex -35 0.705961 10.9308
      vertex -35 8.0894 8.58603
    endloop
  endfacet
  facet normal 1 0 0
    outer loop
      vertex -35 8.0894 8.58603
      vertex -35 0.705961 10.9308
      vertex -35 8.2036 8.4984
    endloop
  endfacet
  facet normal 1 -0 0
    outer loop
      vertex -35 0 10.9
      vertex -35 8.2036 8.4984
      vertex -35 0.705961 10.9308
    endloop
  endfacet
  facet normal 1 0 0
    outer loop
      vertex -35 8.2036 8.4984
      vertex -35 0 10.9
      vertex -35 8.325 8.42106
    endloop
  endfacet
  facet normal 1 0 0
    outer loop
      vertex -35 -8.325 8.42106
      vertex -35 8.325 8.42106
      vertex -35 0 10.9
    endloop
  endfacet
  facet normal 1 0 0
    outer loop
      vertex -35 8.325 8.42106
      vertex -35 -8.325 8.42106
      vertex -35 8.45268 8.35459
    endloop
  endfacet
  facet normal 1 0 0
    outer loop
      vertex -35 -8.2036 8.4984
      vertex -35 0 10.9
      vertex -35 -0.705961 10.9308
    endloop
  endfacet
  facet normal 1 0 0
    outer loop
      vertex -35 -7.98327 8.68327
      vertex -35 -0.705961 10.9308
      vertex -35 -1.40655 11.0231
    endloop
  endfacet
  facet normal 1 0 0
    outer loop
      vertex -35 -7.7984 8.9036
      vertex -35 -1.40655 11.0231
      vertex -35 -2.09643 11.176
    endloop
  endfacet
  facet normal 1 0 0
    outer loop
      vertex -35 -7.72106 9.025
      vertex -35 -2.09643 11.176
      vertex -35 -2.77036 11.3885
    endloop
  endfacet
  facet normal 1 0 0
    outer loop
      vertex -35 -9.29381 11.4937
      vertex -35 -7.0148 14.95
      vertex -35 -7.34109 15.5768
    endloop
  endfacet
  facet normal 1 0 0
    outer loop
      vertex -35 -7.50628 9.99381
      vertex -35 -6.63513 14.354
      vertex -35 -7.0148 14.95
    endloop
  endfacet
  facet normal 1 0 0
    outer loop
      vertex -35 -7.50628 9.99381
      vertex -35 -6.20496 13.7934
      vertex -35 -6.63513 14.354
    endloop
  endfacet
  facet normal 1 0 0
    outer loop
      vertex -35 -7.50628 9.99381
      vertex -35 -5.72756 13.2724
      vertex -35 -6.20496 13.7934
    endloop
  endfacet
  facet normal 1 0 0
    outer loop
      vertex -35 -7.50628 9.99381
      vertex -35 -5.20658 12.795
      vertex -35 -5.72756 13.2724
    endloop
  endfacet
  facet normal 1 0 0
    outer loop
      vertex -35 -7.50628 9.99381
      vertex -35 -4.64597 12.3649
      vertex -35 -5.20658 12.795
    endloop
  endfacet
  facet normal 1 0 0
    outer loop
      vertex -35 -7.50628 9.99381
      vertex -35 -4.05 11.9852
      vertex -35 -4.64597 12.3649
    endloop
  endfacet
  facet normal 1 0 0
    outer loop
      vertex -35 -7.50628 9.70619
      vertex -35 -4.05 11.9852
      vertex -35 -7.5 9.85
    endloop
  endfacet
  facet normal 1 0 0
    outer loop
      vertex -35 -4.05 11.9852
      vertex -35 -7.50628 9.70619
      vertex -35 -3.42321 11.6589
    endloop
  endfacet
  facet normal 1 0 0
    outer loop
      vertex -35 -7.52507 9.56348
      vertex -35 -3.42321 11.6589
      vertex -35 -7.50628 9.70619
    endloop
  endfacet
  facet normal 1 0 0
    outer loop
      vertex -35 -7.55622 9.42295
      vertex -35 -3.42321 11.6589
      vertex -35 -7.52507 9.56348
    endloop
  endfacet
  facet normal 1 0 0
    outer loop
      vertex -35 -3.42321 11.6589
      vertex -35 -7.55622 9.42295
      vertex -35 -2.77036 11.3885
    endloop
  endfacet
  facet normal 1 0 0
    outer loop
      vertex -35 -7.59951 9.28567
      vertex -35 -2.77036 11.3885
      vertex -35 -7.55622 9.42295
    endloop
  endfacet
  facet normal 1 0 0
    outer loop
      vertex -35 -7.65459 9.15268
      vertex -35 -2.77036 11.3885
      vertex -35 -7.59951 9.28567
    endloop
  endfacet
  facet normal 1 0 0
    outer loop
      vertex -35 -7.72106 9.025
      vertex -35 -2.77036 11.3885
      vertex -35 -7.65459 9.15268
    endloop
  endfacet
  facet normal 1 0 0
    outer loop
      vertex -35 -2.09643 11.176
      vertex -35 -7.72106 9.025
      vertex -35 -7.7984 8.9036
    endloop
  endfacet
  facet normal 1 0 0
    outer loop
      vertex -35 -1.40655 11.0231
      vertex -35 -7.7984 8.9036
      vertex -35 -7.88603 8.7894
    endloop
  endfacet
  facet normal 1 0 0
    outer loop
      vertex -35 -1.40655 11.0231
      vertex -35 -7.88603 8.7894
      vertex -35 -7.98327 8.68327
    endloop
  endfacet
  facet normal 1 0 0
    outer loop
      vertex -35 -0.705961 10.9308
      vertex -35 -7.98327 8.68327
      vertex -35 -8.0894 8.58603
    endloop
  endfacet
  facet normal 1 0 0
    outer loop
      vertex -35 -0.705961 10.9308
      vertex -35 -8.0894 8.58603
      vertex -35 -8.2036 8.4984
    endloop
  endfacet
  facet normal 1 0 0
    outer loop
      vertex -35 0 10.9
      vertex -35 -8.2036 8.4984
      vertex -35 -8.325 8.42106
    endloop
  endfacet
  facet normal 1 0 0
    outer loop
      vertex -35 -8.45268 8.35459
      vertex -35 8.45268 8.35459
      vertex -35 -8.325 8.42106
    endloop
  endfacet
  facet normal 1 0 0
    outer loop
      vertex -35 -8.58567 8.29951
      vertex -35 8.45268 8.35459
      vertex -35 -8.45268 8.35459
    endloop
  endfacet
  facet normal 1 0 0
    outer loop
      vertex -35 8.58567 8.29951
      vertex -35 -8.58567 8.29951
      vertex -35 -8.72295 8.25622
    endloop
  endfacet
  facet normal 1 0 0
    outer loop
      vertex -35 8.72295 8.25622
      vertex -35 -8.72295 8.25622
      vertex -35 20.2012 2.5
    endloop
  endfacet
  facet normal 1 0 0
    outer loop
      vertex -35 -20.2012 2.5
      vertex -35 -8.72295 8.25622
      vertex -35 -8.86348 8.22507
    endloop
  endfacet
  facet normal 1 0 0
    outer loop
      vertex -35 -20.2012 2.5
      vertex -35 -8.86348 8.22507
      vertex -35 -9.00619 8.20628
    endloop
  endfacet
  facet normal 1 0 0
    outer loop
      vertex -35 -20.2012 2.5
      vertex -35 -9.00619 8.20628
      vertex -35 -9.15 8.2
    endloop
  endfacet
  facet normal 1 0 0
    outer loop
      vertex -35 -20.2012 2.5
      vertex -35 -9.15 8.2
      vertex -35 -9.29381 8.20628
    endloop
  endfacet
  facet normal 1 0 0
    outer loop
      vertex -35 -20.2012 2.5
      vertex -35 -9.29381 8.20628
      vertex -35 -9.43652 8.22507
    endloop
  endfacet
  facet normal 1 0 0
    outer loop
      vertex -35 -10.7937 9.99381
      vertex -35 -20.2012 2.5
      vertex -35 -10.8 9.85
    endloop
  endfacet
  facet normal 1 0 0
    outer loop
      vertex -35 -10.8 9.85
      vertex -35 -20.2012 2.5
      vertex -35 -10.7937 9.70619
    endloop
  endfacet
  facet normal 1 0 0
    outer loop
      vertex -35 -10.7937 9.70619
      vertex -35 -20.2012 2.5
      vertex -35 -10.7749 9.56348
    endloop
  endfacet
  facet normal 1 0 0
    outer loop
      vertex -35 -10.7749 9.56348
      vertex -35 -20.2012 2.5
      vertex -35 -10.7438 9.42295
    endloop
  endfacet
  facet normal 1 0 0
    outer loop
      vertex -35 -8.72295 8.25622
      vertex -35 -20.2012 2.5
      vertex -35 20.2012 2.5
    endloop
  endfacet
  facet normal 1 0 0
    outer loop
      vertex -35 -9.57705 8.25622
      vertex -35 -20.2012 2.5
      vertex -35 -9.43652 8.22507
    endloop
  endfacet
  facet normal 1 0 0
    outer loop
      vertex -35 -9.71433 8.29951
      vertex -35 -20.2012 2.5
      vertex -35 -9.57705 8.25622
    endloop
  endfacet
  facet normal 1 0 0
    outer loop
      vertex -35 -9.84732 8.35459
      vertex -35 -20.2012 2.5
      vertex -35 -9.71433 8.29951
    endloop
  endfacet
  facet normal 1 0 0
    outer loop
      vertex -35 -9.975 8.42106
      vertex -35 -20.2012 2.5
      vertex -35 -9.84732 8.35459
    endloop
  endfacet
  facet normal 1 0 0
    outer loop
      vertex -35 -10.0964 8.4984
      vertex -35 -20.2012 2.5
      vertex -35 -9.975 8.42106
    endloop
  endfacet
  facet normal 1 0 0
    outer loop
      vertex -35 -10.2106 8.58603
      vertex -35 -20.2012 2.5
      vertex -35 -10.0964 8.4984
    endloop
  endfacet
  facet normal 1 0 0
    outer loop
      vertex -35 -10.3167 8.68327
      vertex -35 -20.2012 2.5
      vertex -35 -10.2106 8.58603
    endloop
  endfacet
  facet normal 1 0 0
    outer loop
      vertex -35 -10.414 8.7894
      vertex -35 -20.2012 2.5
      vertex -35 -10.3167 8.68327
    endloop
  endfacet
  facet normal 1 0 0
    outer loop
      vertex -35 -10.5016 8.9036
      vertex -35 -20.2012 2.5
      vertex -35 -10.414 8.7894
    endloop
  endfacet
  facet normal 1 0 0
    outer loop
      vertex -35 -10.5789 9.025
      vertex -35 -20.2012 2.5
      vertex -35 -10.5016 8.9036
    endloop
  endfacet
  facet normal 1 0 0
    outer loop
      vertex -35 -10.6454 9.15268
      vertex -35 -20.2012 2.5
      vertex -35 -10.5789 9.025
    endloop
  endfacet
  facet normal 1 0 0
    outer loop
      vertex -35 -10.7005 9.28567
      vertex -35 -20.2012 2.5
      vertex -35 -10.6454 9.15268
    endloop
  endfacet
  facet normal 1 0 0
    outer loop
      vertex -35 -10.7438 9.42295
      vertex -35 -20.2012 2.5
      vertex -35 -10.7005 9.28567
    endloop
  endfacet
  facet normal 1 0 0
    outer loop
      vertex -35 9.00619 11.4937
      vertex -35 7.0148 14.95
      vertex -35 8.86348 11.4749
    endloop
  endfacet
  facet normal 1 -0 0
    outer loop
      vertex -35 6.63513 14.354
      vertex -35 8.86348 11.4749
      vertex -35 7.0148 14.95
    endloop
  endfacet
  facet normal 1 0 0
    outer loop
      vertex -35 8.86348 11.4749
      vertex -35 6.63513 14.354
      vertex -35 8.72295 11.4438
    endloop
  endfacet
  facet normal 1 0 0
    outer loop
      vertex -35 8.72295 11.4438
      vertex -35 6.63513 14.354
      vertex -35 8.58567 11.4005
    endloop
  endfacet
  facet normal 1 0 0
    outer loop
      vertex -35 8.58567 11.4005
      vertex -35 6.63513 14.354
      vertex -35 8.45268 11.3454
    endloop
  endfacet
  facet normal 1 -0 0
    outer loop
      vertex -35 6.20496 13.7934
      vertex -35 8.45268 11.3454
      vertex -35 6.63513 14.354
    endloop
  endfacet
  facet normal 1 0 0
    outer loop
      vertex -35 8.45268 11.3454
      vertex -35 6.20496 13.7934
      vertex -35 8.325 11.2789
    endloop
  endfacet
  facet normal 1 0 0
    outer loop
      vertex -35 8.325 11.2789
      vertex -35 6.20496 13.7934
      vertex -35 8.2036 11.2016
    endloop
  endfacet
  facet normal 1 0 0
    outer loop
      vertex -35 8.2036 11.2016
      vertex -35 6.20496 13.7934
      vertex -35 8.0894 11.114
    endloop
  endfacet
  facet normal 1 -0 0
    outer loop
      vertex -35 5.72756 13.2724
      vertex -35 8.0894 11.114
      vertex -35 6.20496 13.7934
    endloop
  endfacet
  facet normal 1 0 0
    outer loop
      vertex -35 8.0894 11.114
      vertex -35 5.72756 13.2724
      vertex -35 7.98327 11.0167
    endloop
  endfacet
  facet normal 1 0 0
    outer loop
      vertex -35 7.98327 11.0167
      vertex -35 5.72756 13.2724
      vertex -35 7.88603 10.9106
    endloop
  endfacet
  facet normal 1 0 0
    outer loop
      vertex -35 7.88603 10.9106
      vertex -35 5.72756 13.2724
      vertex -35 7.7984 10.7964
    endloop
  endfacet
  facet normal 1 -0 0
    outer loop
      vertex -35 5.20658 12.795
      vertex -35 7.7984 10.7964
      vertex -35 5.72756 13.2724
    endloop
  endfacet
  facet normal 1 0 0
    outer loop
      vertex -35 7.7984 10.7964
      vertex -35 5.20658 12.795
      vertex -35 7.72106 10.675
    endloop
  endfacet
  facet normal 1 0 0
    outer loop
      vertex -35 7.72106 10.675
      vertex -35 5.20658 12.795
      vertex -35 7.65459 10.5473
    endloop
  endfacet
  facet normal 0.380865 -0.924631 0
    outer loop
      vertex -34.7113 24.9532 2.5
      vertex -34.671 24.9698 38
      vertex -34.7113 24.9532 38
    endloop
  endfacet
  facet normal 0.380865 -0.924631 0
    outer loop
      vertex -34.671 24.9698 38
      vertex -34.7113 24.9532 2.5
      vertex -34.671 24.9698 2.5
    endloop
  endfacet
  facet normal 0 0 1
    outer loop
      vertex 34.4749 24.4749 2.5
      vertex 35 24.5 2.5
      vertex 34.9981 24.5436 2.5
    endloop
  endfacet
  facet normal 0 0 1
    outer loop
      vertex 34.4749 24.4749 2.5
      vertex 34.9981 24.5436 2.5
      vertex 34.9924 24.5868 2.5
    endloop
  endfacet
  facet normal 0 0 1
    outer loop
      vertex 34.4749 24.4749 2.5
      vertex 34.9924 24.5868 2.5
      vertex 34.983 24.6294 2.5
    endloop
  endfacet
  facet normal 0 0 1
    outer loop
      vertex 34.4749 24.4749 2.5
      vertex 34.983 24.6294 2.5
      vertex 34.9698 24.671 2.5
    endloop
  endfacet
  facet normal 0 0 1
    outer loop
      vertex 34.4749 24.4749 2.5
      vertex 34.9698 24.671 2.5
      vertex 34.9532 24.7113 2.5
    endloop
  endfacet
  facet normal 0 0 1
    outer loop
      vertex 34.4749 24.4749 2.5
      vertex 34.9532 24.7113 2.5
      vertex 34.933 24.75 2.5
    endloop
  endfacet
  facet normal 0 0 1
    outer loop
      vertex 34.4749 24.4749 2.5
      vertex 34.933 24.75 2.5
      vertex 34.9096 24.7868 2.5
    endloop
  endfacet
  facet normal 0 0 1
    outer loop
      vertex 34.4749 24.4749 2.5
      vertex 34.9096 24.7868 2.5
      vertex 34.883 24.8214 2.5
    endloop
  endfacet
  facet normal 0 0 1
    outer loop
      vertex 35 24.5 2.5
      vertex 34.867 24.0075 2.5
      vertex 35 23.7988 2.5
    endloop
  endfacet
  facet normal 0 0 1
    outer loop
      vertex 34.4749 24.4749 2.5
      vertex 34.883 24.8214 2.5
      vertex 34.8535 24.8535 2.5
    endloop
  endfacet
  facet normal 0 0 1
    outer loop
      vertex 34.4749 24.4749 2.5
      vertex 34.8535 24.8535 2.5
      vertex 34.8214 24.883 2.5
    endloop
  endfacet
  facet normal 0 0 1
    outer loop
      vertex 34.4749 24.4749 2.5
      vertex 34.8214 24.883 2.5
      vertex 34.7868 24.9096 2.5
    endloop
  endfacet
  facet normal 0 0 1
    outer loop
      vertex 34.4749 24.4749 2.5
      vertex 34.7868 24.9096 2.5
      vertex 34.75 24.933 2.5
    endloop
  endfacet
  facet normal 0 0 1
    outer loop
      vertex 34.4749 24.4749 2.5
      vertex 34.75 24.933 2.5
      vertex 34.7113 24.9532 2.5
    endloop
  endfacet
  facet normal 0 0 1
    outer loop
      vertex 35 24.5 2.5
      vertex 34.6812 24.2498 2.5
      vertex 34.867 24.0075 2.5
    endloop
  endfacet
  facet normal 0 0 1
    outer loop
      vertex 34.4749 24.4749 2.5
      vertex 34.7113 24.9532 2.5
      vertex 34.671 24.9698 2.5
    endloop
  endfacet
  facet normal 0 0 1
    outer loop
      vertex 34.4749 24.4749 2.5
      vertex 34.671 24.9698 2.5
      vertex 34.6294 24.983 2.5
    endloop
  endfacet
  facet normal 0 0 1
    outer loop
      vertex 34.4749 24.4749 2.5
      vertex 34.6294 24.983 2.5
      vertex 34.5868 24.9924 2.5
    endloop
  endfacet
  facet normal 0 0 1
    outer loop
      vertex 34.4749 24.4749 2.5
      vertex 34.5868 24.9924 2.5
      vertex 34.5436 24.9981 2.5
    endloop
  endfacet
  facet normal 0 0 1
    outer loop
      vertex 34.4749 24.4749 2.5
      vertex 34.5436 24.9981 2.5
      vertex 34.5 25 2.5
    endloop
  endfacet
  facet normal 0 0 1
    outer loop
      vertex 35 24.5 2.5
      vertex 34.4749 24.4749 2.5
      vertex 34.6812 24.2498 2.5
    endloop
  endfacet
  facet normal 0 0 1
    outer loop
      vertex 34.5 25 2.5
      vertex 34.2498 24.6812 2.5
      vertex 34.4749 24.4749 2.5
    endloop
  endfacet
  facet normal 0 0 1
    outer loop
      vertex 34.5 25 2.5
      vertex 34.0075 24.867 2.5
      vertex 34.2498 24.6812 2.5
    endloop
  endfacet
  facet normal 0 -0 1
    outer loop
      vertex 34.0075 24.867 2.5
      vertex 34.5 25 2.5
      vertex 33.7988 25 2.5
    endloop
  endfacet
  facet normal 0 0 1
    outer loop
      vertex -34.0075 -24.867 2.5
      vertex -34.5 -25 2.5
      vertex -33.7988 -25 2.5
    endloop
  endfacet
  facet normal 0 0 1
    outer loop
      vertex -34.2498 -24.6812 2.5
      vertex -34.5 -25 2.5
      vertex -34.0075 -24.867 2.5
    endloop
  endfacet
  facet normal 0 0 1
    outer loop
      vertex -34.4749 -24.4749 2.5
      vertex -34.5 -25 2.5
      vertex -34.2498 -24.6812 2.5
    endloop
  endfacet
  facet normal 0 0 1
    outer loop
      vertex -34.4749 -24.4749 2.5
      vertex -34.5436 -24.9981 2.5
      vertex -34.5 -25 2.5
    endloop
  endfacet
  facet normal 0 0 1
    outer loop
      vertex -34.4749 -24.4749 2.5
      vertex -34.5868 -24.9924 2.5
      vertex -34.5436 -24.9981 2.5
    endloop
  endfacet
  facet normal 0 0 1
    outer loop
      vertex -34.4749 -24.4749 2.5
      vertex -34.6294 -24.983 2.5
      vertex -34.5868 -24.9924 2.5
    endloop
  endfacet
  facet normal 0 0 1
    outer loop
      vertex -34.4749 -24.4749 2.5
      vertex -34.671 -24.9698 2.5
      vertex -34.6294 -24.983 2.5
    endloop
  endfacet
  facet normal 0 0 1
    outer loop
      vertex -35 -24.5 2.5
      vertex -34.4749 -24.4749 2.5
      vertex -34.6812 -24.2498 2.5
    endloop
  endfacet
  facet normal 0 0 1
    outer loop
      vertex -34.4749 -24.4749 2.5
      vertex -34.7113 -24.9532 2.5
      vertex -34.671 -24.9698 2.5
    endloop
  endfacet
  facet normal 0 0 1
    outer loop
      vertex -34.4749 -24.4749 2.5
      vertex -34.75 -24.933 2.5
      vertex -34.7113 -24.9532 2.5
    endloop
  endfacet
  facet normal 0 0 1
    outer loop
      vertex -34.4749 -24.4749 2.5
      vertex -34.7868 -24.9096 2.5
      vertex -34.75 -24.933 2.5
    endloop
  endfacet
  facet normal 0 0 1
    outer loop
      vertex -34.4749 -24.4749 2.5
      vertex -34.8214 -24.883 2.5
      vertex -34.7868 -24.9096 2.5
    endloop
  endfacet
  facet normal 0 0 1
    outer loop
      vertex -34.4749 -24.4749 2.5
      vertex -34.8535 -24.8535 2.5
      vertex -34.8214 -24.883 2.5
    endloop
  endfacet
  facet normal 0 0 1
    outer loop
      vertex -35 -24.5 2.5
      vertex -34.6812 -24.2498 2.5
      vertex -34.867 -24.0075 2.5
    endloop
  endfacet
  facet normal 0 0 1
    outer loop
      vertex -34.4749 -24.4749 2.5
      vertex -35 -24.5 2.5
      vertex -34.9981 -24.5436 2.5
    endloop
  endfacet
  facet normal 0 0 1
    outer loop
      vertex -34.4749 -24.4749 2.5
      vertex -34.883 -24.8214 2.5
      vertex -34.8535 -24.8535 2.5
    endloop
  endfacet
  facet normal 0 0 1
    outer loop
      vertex -34.4749 -24.4749 2.5
      vertex -34.9096 -24.7868 2.5
      vertex -34.883 -24.8214 2.5
    endloop
  endfacet
  facet normal 0 0 1
    outer loop
      vertex -34.4749 -24.4749 2.5
      vertex -34.933 -24.75 2.5
      vertex -34.9096 -24.7868 2.5
    endloop
  endfacet
  facet normal 0 0 1
    outer loop
      vertex -34.4749 -24.4749 2.5
      vertex -34.9532 -24.7113 2.5
      vertex -34.933 -24.75 2.5
    endloop
  endfacet
  facet normal 0 0 1
    outer loop
      vertex -34.4749 -24.4749 2.5
      vertex -34.9698 -24.671 2.5
      vertex -34.9532 -24.7113 2.5
    endloop
  endfacet
  facet normal 0 0 1
    outer loop
      vertex -34.4749 -24.4749 2.5
      vertex -34.983 -24.6294 2.5
      vertex -34.9698 -24.671 2.5
    endloop
  endfacet
  facet normal 0 0 1
    outer loop
      vertex -34.4749 -24.4749 2.5
      vertex -34.9924 -24.5868 2.5
      vertex -34.983 -24.6294 2.5
    endloop
  endfacet
  facet normal 0 0 1
    outer loop
      vertex -35 -24.5 2.5
      vertex -34.867 -24.0075 2.5
      vertex -35 -23.7988 2.5
    endloop
  endfacet
  facet normal 0 0 1
    outer loop
      vertex -34.4749 -24.4749 2.5
      vertex -34.9981 -24.5436 2.5
      vertex -34.9924 -24.5868 2.5
    endloop
  endfacet
  facet normal -0 0 1
    outer loop
      vertex -34.5 25 2.5
      vertex -34.0075 24.867 2.5
      vertex -33.7988 25 2.5
    endloop
  endfacet
  facet normal 0 0 1
    outer loop
      vertex -34.5 25 2.5
      vertex -34.2498 24.6812 2.5
      vertex -34.0075 24.867 2.5
    endloop
  endfacet
  facet normal 0 0 1
    outer loop
      vertex -34.5 25 2.5
      vertex -34.4749 24.4749 2.5
      vertex -34.2498 24.6812 2.5
    endloop
  endfacet
  facet normal -0 0 1
    outer loop
      vertex -34.5436 24.9981 2.5
      vertex -34.4749 24.4749 2.5
      vertex -34.5 25 2.5
    endloop
  endfacet
  facet normal -0 0 1
    outer loop
      vertex -34.5868 24.9924 2.5
      vertex -34.4749 24.4749 2.5
      vertex -34.5436 24.9981 2.5
    endloop
  endfacet
  facet normal -0 0 1
    outer loop
      vertex -34.6294 24.983 2.5
      vertex -34.4749 24.4749 2.5
      vertex -34.5868 24.9924 2.5
    endloop
  endfacet
  facet normal -0 0 1
    outer loop
      vertex -34.671 24.9698 2.5
      vertex -34.4749 24.4749 2.5
      vertex -34.6294 24.983 2.5
    endloop
  endfacet
  facet normal -0 0 1
    outer loop
      vertex -34.7113 24.9532 2.5
      vertex -34.4749 24.4749 2.5
      vertex -34.671 24.9698 2.5
    endloop
  endfacet
  facet normal -0 0 1
    outer loop
      vertex -34.75 24.933 2.5
      vertex -34.4749 24.4749 2.5
      vertex -34.7113 24.9532 2.5
    endloop
  endfacet
  facet normal -0 0 1
    outer loop
      vertex -34.7868 24.9096 2.5
      vertex -34.4749 24.4749 2.5
      vertex -34.75 24.933 2.5
    endloop
  endfacet
  facet normal -0 0 1
    outer loop
      vertex -34.8214 24.883 2.5
      vertex -34.4749 24.4749 2.5
      vertex -34.7868 24.9096 2.5
    endloop
  endfacet
  facet normal -0 0 1
    outer loop
      vertex -34.8535 24.8535 2.5
      vertex -34.4749 24.4749 2.5
      vertex -34.8214 24.883 2.5
    endloop
  endfacet
  facet normal -0 0 1
    outer loop
      vertex -34.883 24.8214 2.5
      vertex -34.4749 24.4749 2.5
      vertex -34.8535 24.8535 2.5
    endloop
  endfacet
  facet normal -0 0 1
    outer loop
      vertex -34.9096 24.7868 2.5
      vertex -34.4749 24.4749 2.5
      vertex -34.883 24.8214 2.5
    endloop
  endfacet
  facet normal -0 0 1
    outer loop
      vertex -34.933 24.75 2.5
      vertex -34.4749 24.4749 2.5
      vertex -34.9096 24.7868 2.5
    endloop
  endfacet
  facet normal -0 0 1
    outer loop
      vertex -34.9532 24.7113 2.5
      vertex -34.4749 24.4749 2.5
      vertex -34.933 24.75 2.5
    endloop
  endfacet
  facet normal -0 0 1
    outer loop
      vertex -34.9698 24.671 2.5
      vertex -34.4749 24.4749 2.5
      vertex -34.9532 24.7113 2.5
    endloop
  endfacet
  facet normal -0 0 1
    outer loop
      vertex -34.983 24.6294 2.5
      vertex -34.4749 24.4749 2.5
      vertex -34.9698 24.671 2.5
    endloop
  endfacet
  facet normal -0 0 1
    outer loop
      vertex -34.9924 24.5868 2.5
      vertex -34.4749 24.4749 2.5
      vertex -34.983 24.6294 2.5
    endloop
  endfacet
  facet normal -0 0 1
    outer loop
      vertex -34.9981 24.5436 2.5
      vertex -34.4749 24.4749 2.5
      vertex -34.9924 24.5868 2.5
    endloop
  endfacet
  facet normal -0 0 1
    outer loop
      vertex -35 24.5 2.5
      vertex -34.4749 24.4749 2.5
      vertex -34.9981 24.5436 2.5
    endloop
  endfacet
  facet normal 0 0 1
    outer loop
      vertex -34.4749 24.4749 2.5
      vertex -35 24.5 2.5
      vertex -34.6812 24.2498 2.5
    endloop
  endfacet
  facet normal 0 0 1
    outer loop
      vertex -34.6812 24.2498 2.5
      vertex -35 24.5 2.5
      vertex -34.867 24.0075 2.5
    endloop
  endfacet
  facet normal 0 0 1
    outer loop
      vertex -34.867 24.0075 2.5
      vertex -35 24.5 2.5
      vertex -35 23.7988 2.5
    endloop
  endfacet
  facet normal -0 0 1
    outer loop
      vertex 34.867 -24.0075 2.5
      vertex 35 -24.5 2.5
      vertex 35 -23.7988 2.5
    endloop
  endfacet
  facet normal -0 0 1
    outer loop
      vertex 34.6812 -24.2498 2.5
      vertex 35 -24.5 2.5
      vertex 34.867 -24.0075 2.5
    endloop
  endfacet
  facet normal -0 0 1
    outer loop
      vertex 34.4749 -24.4749 2.5
      vertex 35 -24.5 2.5
      vertex 34.6812 -24.2498 2.5
    endloop
  endfacet
  facet normal 0 0 1
    outer loop
      vertex 35 -24.5 2.5
      vertex 34.4749 -24.4749 2.5
      vertex 34.9981 -24.5436 2.5
    endloop
  endfacet
  facet normal 0 0 1
    outer loop
      vertex 34.9981 -24.5436 2.5
      vertex 34.4749 -24.4749 2.5
      vertex 34.9924 -24.5868 2.5
    endloop
  endfacet
  facet normal 0 0 1
    outer loop
      vertex 34.9924 -24.5868 2.5
      vertex 34.4749 -24.4749 2.5
      vertex 34.983 -24.6294 2.5
    endloop
  endfacet
  facet normal 0 0 1
    outer loop
      vertex 34.983 -24.6294 2.5
      vertex 34.4749 -24.4749 2.5
      vertex 34.9698 -24.671 2.5
    endloop
  endfacet
  facet normal 0 0 1
    outer loop
      vertex 34.9698 -24.671 2.5
      vertex 34.4749 -24.4749 2.5
      vertex 34.9532 -24.7113 2.5
    endloop
  endfacet
  facet normal 0 0 1
    outer loop
      vertex 34.9532 -24.7113 2.5
      vertex 34.4749 -24.4749 2.5
      vertex 34.933 -24.75 2.5
    endloop
  endfacet
  facet normal 0 0 1
    outer loop
      vertex 34.933 -24.75 2.5
      vertex 34.4749 -24.4749 2.5
      vertex 34.9096 -24.7868 2.5
    endloop
  endfacet
  facet normal 0 0 1
    outer loop
      vertex 34.9096 -24.7868 2.5
      vertex 34.4749 -24.4749 2.5
      vertex 34.883 -24.8214 2.5
    endloop
  endfacet
  facet normal 0 0 1
    outer loop
      vertex 34.883 -24.8214 2.5
      vertex 34.4749 -24.4749 2.5
      vertex 34.8535 -24.8535 2.5
    endloop
  endfacet
  facet normal 0 0 1
    outer loop
      vertex 34.8535 -24.8535 2.5
      vertex 34.4749 -24.4749 2.5
      vertex 34.8214 -24.883 2.5
    endloop
  endfacet
  facet normal 0 0 1
    outer loop
      vertex 34.8214 -24.883 2.5
      vertex 34.4749 -24.4749 2.5
      vertex 34.7868 -24.9096 2.5
    endloop
  endfacet
  facet normal 0 0 1
    outer loop
      vertex 34.7868 -24.9096 2.5
      vertex 34.4749 -24.4749 2.5
      vertex 34.75 -24.933 2.5
    endloop
  endfacet
  facet normal 0 0 1
    outer loop
      vertex 34.75 -24.933 2.5
      vertex 34.4749 -24.4749 2.5
      vertex 34.7113 -24.9532 2.5
    endloop
  endfacet
  facet normal 0 0 1
    outer loop
      vertex 34.7113 -24.9532 2.5
      vertex 34.4749 -24.4749 2.5
      vertex 34.671 -24.9698 2.5
    endloop
  endfacet
  facet normal 0 0 1
    outer loop
      vertex 34.671 -24.9698 2.5
      vertex 34.4749 -24.4749 2.5
      vertex 34.6294 -24.983 2.5
    endloop
  endfacet
  facet normal 0 0 1
    outer loop
      vertex 34.6294 -24.983 2.5
      vertex 34.4749 -24.4749 2.5
      vertex 34.5868 -24.9924 2.5
    endloop
  endfacet
  facet normal 0 0 1
    outer loop
      vertex 34.5868 -24.9924 2.5
      vertex 34.4749 -24.4749 2.5
      vertex 34.5436 -24.9981 2.5
    endloop
  endfacet
  facet normal 0 0 1
    outer loop
      vertex 34.5436 -24.9981 2.5
      vertex 34.4749 -24.4749 2.5
      vertex 34.5 -25 2.5
    endloop
  endfacet
  facet normal -0 0 1
    outer loop
      vertex 34.2498 -24.6812 2.5
      vertex 34.5 -25 2.5
      vertex 34.4749 -24.4749 2.5
    endloop
  endfacet
  facet normal -0 0 1
    outer loop
      vertex 34.0075 -24.867 2.5
      vertex 34.5 -25 2.5
      vertex 34.2498 -24.6812 2.5
    endloop
  endfacet
  facet normal 0 0 1
    outer loop
      vertex 34.5 -25 2.5
      vertex 34.0075 -24.867 2.5
      vertex 33.7988 -25 2.5
    endloop
  endfacet
  facet normal 0 0 1
    outer loop
      vertex -28.8279 20.5208 2.5
      vertex 28.8279 20.5208 2.5
      vertex -28.7111 20.8029 2.5
    endloop
  endfacet
  facet normal 0 0 1
    outer loop
      vertex 29.133 -19.9925 2.5
      vertex -28.5133 -21.695 2.5
      vertex -28.5 -22 2.5
    endloop
  endfacet
  facet normal 0 0 1
    outer loop
      vertex 28.8279 20.5208 2.5
      vertex -28.8279 20.5208 2.5
      vertex 28.9689 20.25 2.5
    endloop
  endfacet
  facet normal 0 0 1
    outer loop
      vertex 29.133 -19.9925 2.5
      vertex -28.5532 -21.3922 2.5
      vertex -28.5133 -21.695 2.5
    endloop
  endfacet
  facet normal 0 0 1
    outer loop
      vertex -28.9689 20.25 2.5
      vertex 28.9689 20.25 2.5
      vertex -28.8279 20.5208 2.5
    endloop
  endfacet
  facet normal 0 0 1
    outer loop
      vertex 29.133 -19.9925 2.5
      vertex -28.6193 -21.0941 2.5
      vertex -28.5532 -21.3922 2.5
    endloop
  endfacet
  facet normal 0 0 1
    outer loop
      vertex 28.9689 20.25 2.5
      vertex -28.9689 20.25 2.5
      vertex 29.133 19.9925 2.5
    endloop
  endfacet
  facet normal 0 0 1
    outer loop
      vertex 29.133 -19.9925 2.5
      vertex -28.7111 -20.8029 2.5
      vertex -28.6193 -21.0941 2.5
    endloop
  endfacet
  facet normal 0 0 1
    outer loop
      vertex -29.133 19.9925 2.5
      vertex 29.133 19.9925 2.5
      vertex -28.9689 20.25 2.5
    endloop
  endfacet
  facet normal 0 0 1
    outer loop
      vertex 29.133 -19.9925 2.5
      vertex -28.8279 -20.5208 2.5
      vertex -28.7111 -20.8029 2.5
    endloop
  endfacet
  facet normal 0 0 1
    outer loop
      vertex 29.133 19.9925 2.5
      vertex -29.133 19.9925 2.5
      vertex 29.133 -19.9925 2.5
    endloop
  endfacet
  facet normal 0 0 1
    outer loop
      vertex 29.133 -19.9925 2.5
      vertex -28.9689 -20.25 2.5
      vertex -28.8279 -20.5208 2.5
    endloop
  endfacet
  facet normal 0 0 1
    outer loop
      vertex -29.133 -19.9925 2.5
      vertex 29.133 -19.9925 2.5
      vertex -29.133 19.9925 2.5
    endloop
  endfacet
  facet normal 0 0 1
    outer loop
      vertex 29.133 -19.9925 2.5
      vertex -29.133 -19.9925 2.5
      vertex -28.9689 -20.25 2.5
    endloop
  endfacet
  facet normal -0 0 1
    outer loop
      vertex -29.3188 19.7502 2.5
      vertex -29.133 -19.9925 2.5
      vertex -29.133 19.9925 2.5
    endloop
  endfacet
  facet normal 0 0 1
    outer loop
      vertex -29.3188 19.7502 2.5
      vertex -29.3188 -19.7502 2.5
      vertex -29.133 -19.9925 2.5
    endloop
  endfacet
  facet normal -0 0 1
    outer loop
      vertex -29.5251 19.5251 2.5
      vertex -29.3188 -19.7502 2.5
      vertex -29.3188 19.7502 2.5
    endloop
  endfacet
  facet normal 0 0 1
    outer loop
      vertex -29.5251 19.5251 2.5
      vertex -29.5251 -19.5251 2.5
      vertex -29.3188 -19.7502 2.5
    endloop
  endfacet
  facet normal -0 0 1
    outer loop
      vertex -29.7502 19.3188 2.5
      vertex -29.5251 -19.5251 2.5
      vertex -29.5251 19.5251 2.5
    endloop
  endfacet
  facet normal 0 0 1
    outer loop
      vertex -29.7502 19.3188 2.5
      vertex -29.7502 -19.3188 2.5
      vertex -29.5251 -19.5251 2.5
    endloop
  endfacet
  facet normal -0 0 1
    outer loop
      vertex -29.9925 19.133 2.5
      vertex -29.7502 -19.3188 2.5
      vertex -29.7502 19.3188 2.5
    endloop
  endfacet
  facet normal 0 0 1
    outer loop
      vertex -29.9925 19.133 2.5
      vertex -29.9925 -19.133 2.5
      vertex -29.7502 -19.3188 2.5
    endloop
  endfacet
  facet normal -0 0 1
    outer loop
      vertex -30.25 18.9689 2.5
      vertex -29.9925 -19.133 2.5
      vertex -29.9925 19.133 2.5
    endloop
  endfacet
  facet normal 0 0 1
    outer loop
      vertex -30.25 18.9689 2.5
      vertex -30.25 -18.9689 2.5
      vertex -29.9925 -19.133 2.5
    endloop
  endfacet
  facet normal -0 0 1
    outer loop
      vertex -30.5208 18.8279 2.5
      vertex -30.25 -18.9689 2.5
      vertex -30.25 18.9689 2.5
    endloop
  endfacet
  facet normal 0 0 1
    outer loop
      vertex -30.5208 18.8279 2.5
      vertex -30.5208 -18.8279 2.5
      vertex -30.25 -18.9689 2.5
    endloop
  endfacet
  facet normal -0 0 1
    outer loop
      vertex -30.8029 18.7111 2.5
      vertex -30.5208 -18.8279 2.5
      vertex -30.5208 18.8279 2.5
    endloop
  endfacet
  facet normal 0 0 1
    outer loop
      vertex -30.8029 18.7111 2.5
      vertex -30.8029 -18.7111 2.5
      vertex -30.5208 -18.8279 2.5
    endloop
  endfacet
  facet normal -0 0 1
    outer loop
      vertex -31.0941 18.6193 2.5
      vertex -30.8029 -18.7111 2.5
      vertex -30.8029 18.7111 2.5
    endloop
  endfacet
  facet normal 0 0 1
    outer loop
      vertex -31.0941 18.6193 2.5
      vertex -31.0941 -18.6193 2.5
      vertex -30.8029 -18.7111 2.5
    endloop
  endfacet
  facet normal -0 0 1
    outer loop
      vertex -31.3922 18.5532 2.5
      vertex -31.0941 -18.6193 2.5
      vertex -31.0941 18.6193 2.5
    endloop
  endfacet
  facet normal 0 0 1
    outer loop
      vertex -31.3922 18.5532 2.5
      vertex -31.3922 -18.5532 2.5
      vertex -31.0941 -18.6193 2.5
    endloop
  endfacet
  facet normal -0 0 1
    outer loop
      vertex -31.695 18.5133 2.5
      vertex -31.3922 -18.5532 2.5
      vertex -31.3922 18.5532 2.5
    endloop
  endfacet
  facet normal 0 0 1
    outer loop
      vertex -31.695 18.5133 2.5
      vertex -31.695 -18.5133 2.5
      vertex -31.3922 -18.5532 2.5
    endloop
  endfacet
  facet normal -0 0 1
    outer loop
      vertex -32 18.5 2.5
      vertex -31.695 -18.5133 2.5
      vertex -31.695 18.5133 2.5
    endloop
  endfacet
  facet normal 0 0 1
    outer loop
      vertex -32 18.5 2.5
      vertex -32 -18.5 2.5
      vertex -31.695 -18.5133 2.5
    endloop
  endfacet
  facet normal 0 0 1
    outer loop
      vertex -32.305 18.5133 2.5
      vertex -32 -18.5 2.5
      vertex -32 18.5 2.5
    endloop
  endfacet
  facet normal 0 0 1
    outer loop
      vertex -32.305 18.5133 2.5
      vertex -32.305 -18.5133 2.5
      vertex -32 -18.5 2.5
    endloop
  endfacet
  facet normal 0 0 1
    outer loop
      vertex -32.6078 18.5532 2.5
      vertex -32.305 -18.5133 2.5
      vertex -32.305 18.5133 2.5
    endloop
  endfacet
  facet normal 0 0 1
    outer loop
      vertex -32.6078 18.5532 2.5
      vertex -32.6078 -18.5532 2.5
      vertex -32.305 -18.5133 2.5
    endloop
  endfacet
  facet normal 0 0 1
    outer loop
      vertex -32.9059 18.6193 2.5
      vertex -32.6078 -18.5532 2.5
      vertex -32.6078 18.5532 2.5
    endloop
  endfacet
  facet normal 0 0 1
    outer loop
      vertex -32.9059 18.6193 2.5
      vertex -32.9059 -18.6193 2.5
      vertex -32.6078 -18.5532 2.5
    endloop
  endfacet
  facet normal 0 0 1
    outer loop
      vertex -33.1971 18.7111 2.5
      vertex -32.9059 -18.6193 2.5
      vertex -32.9059 18.6193 2.5
    endloop
  endfacet
  facet normal 0 0 1
    outer loop
      vertex -33.1971 18.7111 2.5
      vertex -33.1971 -18.7111 2.5
      vertex -32.9059 -18.6193 2.5
    endloop
  endfacet
  facet normal 0 0 1
    outer loop
      vertex -33.4792 18.8279 2.5
      vertex -33.1971 -18.7111 2.5
      vertex -33.1971 18.7111 2.5
    endloop
  endfacet
  facet normal 0 0 1
    outer loop
      vertex -33.4792 18.8279 2.5
      vertex -33.4792 -18.8279 2.5
      vertex -33.1971 -18.7111 2.5
    endloop
  endfacet
  facet normal 0 0 1
    outer loop
      vertex -33.75 18.9689 2.5
      vertex -33.4792 -18.8279 2.5
      vertex -33.4792 18.8279 2.5
    endloop
  endfacet
  facet normal 0 0 1
    outer loop
      vertex -33.75 18.9689 2.5
      vertex -33.75 -18.9689 2.5
      vertex -33.4792 -18.8279 2.5
    endloop
  endfacet
  facet normal 0 0 1
    outer loop
      vertex -34.0075 19.133 2.5
      vertex -33.75 -18.9689 2.5
      vertex -33.75 18.9689 2.5
    endloop
  endfacet
  facet normal 0 0 1
    outer loop
      vertex -34.0075 19.133 2.5
      vertex -34.0075 -19.133 2.5
      vertex -33.75 -18.9689 2.5
    endloop
  endfacet
  facet normal 0 0 1
    outer loop
      vertex -34.2498 19.3188 2.5
      vertex -34.0075 -19.133 2.5
      vertex -34.0075 19.133 2.5
    endloop
  endfacet
  facet normal 0 0 1
    outer loop
      vertex -34.2498 19.3188 2.5
      vertex -34.2498 -19.3188 2.5
      vertex -34.0075 -19.133 2.5
    endloop
  endfacet
  facet normal 0 0 1
    outer loop
      vertex -34.4749 19.5251 2.5
      vertex -34.2498 -19.3188 2.5
      vertex -34.2498 19.3188 2.5
    endloop
  endfacet
  facet normal 0 0 1
    outer loop
      vertex -34.4749 19.5251 2.5
      vertex -34.4749 -19.5251 2.5
      vertex -34.2498 -19.3188 2.5
    endloop
  endfacet
  facet normal 0 0 1
    outer loop
      vertex -34.6812 19.7502 2.5
      vertex -34.4749 -19.5251 2.5
      vertex -34.4749 19.5251 2.5
    endloop
  endfacet
  facet normal 0 0 1
    outer loop
      vertex -34.6812 19.7502 2.5
      vertex -34.6812 -19.7502 2.5
      vertex -34.4749 -19.5251 2.5
    endloop
  endfacet
  facet normal 0 0 1
    outer loop
      vertex -34.867 19.9925 2.5
      vertex -34.6812 -19.7502 2.5
      vertex -34.6812 19.7502 2.5
    endloop
  endfacet
  facet normal 0 0 1
    outer loop
      vertex -34.867 19.9925 2.5
      vertex -34.867 -19.9925 2.5
      vertex -34.6812 -19.7502 2.5
    endloop
  endfacet
  facet normal 0 0 1
    outer loop
      vertex -35 20.2012 2.5
      vertex -34.867 -19.9925 2.5
      vertex -34.867 19.9925 2.5
    endloop
  endfacet
  facet normal 0 0 1
    outer loop
      vertex -34.867 -19.9925 2.5
      vertex -35 20.2012 2.5
      vertex -35 -20.2012 2.5
    endloop
  endfacet
  facet normal 0 0 1
    outer loop
      vertex 28.5532 -21.3922 2.5
      vertex -28.5 -22 2.5
      vertex 28.5133 -21.695 2.5
    endloop
  endfacet
  facet normal 0 0 1
    outer loop
      vertex 28.5133 22.305 2.5
      vertex -28.5 22 2.5
      vertex 28.5 22 2.5
    endloop
  endfacet
  facet normal 0 0 1
    outer loop
      vertex -28.5133 22.305 2.5
      vertex 28.5133 22.305 2.5
      vertex 28.5532 22.6078 2.5
    endloop
  endfacet
  facet normal 0 0 1
    outer loop
      vertex -28.5532 22.6078 2.5
      vertex 28.5532 22.6078 2.5
      vertex 28.6193 22.9059 2.5
    endloop
  endfacet
  facet normal 0 0 1
    outer loop
      vertex -28.6193 22.9059 2.5
      vertex 28.6193 22.9059 2.5
      vertex 28.7111 23.1971 2.5
    endloop
  endfacet
  facet normal 0 0 1
    outer loop
      vertex -28.7111 23.1971 2.5
      vertex 28.7111 23.1971 2.5
      vertex 28.8279 23.4792 2.5
    endloop
  endfacet
  facet normal 0 0 1
    outer loop
      vertex -28.8279 23.4792 2.5
      vertex 28.8279 23.4792 2.5
      vertex 28.9689 23.75 2.5
    endloop
  endfacet
  facet normal 0 0 1
    outer loop
      vertex -28.9689 23.75 2.5
      vertex 28.9689 23.75 2.5
      vertex 29.133 24.0075 2.5
    endloop
  endfacet
  facet normal 0 0 1
    outer loop
      vertex -29.133 24.0075 2.5
      vertex 29.133 24.0075 2.5
      vertex 29.3188 24.2498 2.5
    endloop
  endfacet
  facet normal 0 0 1
    outer loop
      vertex -29.3188 24.2498 2.5
      vertex 29.3188 24.2498 2.5
      vertex 29.5251 24.4749 2.5
    endloop
  endfacet
  facet normal 0 0 1
    outer loop
      vertex -29.5251 24.4749 2.5
      vertex 29.5251 24.4749 2.5
      vertex 29.7502 24.6812 2.5
    endloop
  endfacet
  facet normal 0 0 1
    outer loop
      vertex -29.7502 24.6812 2.5
      vertex 29.7502 24.6812 2.5
      vertex 29.9925 24.867 2.5
    endloop
  endfacet
  facet normal 0 0 1
    outer loop
      vertex -29.9925 24.867 2.5
      vertex 29.9925 24.867 2.5
      vertex 30.2012 25 2.5
    endloop
  endfacet
  facet normal 0 0 1
    outer loop
      vertex 28.5133 22.305 2.5
      vertex -28.5133 22.305 2.5
      vertex -28.5 22 2.5
    endloop
  endfacet
  facet normal 0 0 1
    outer loop
      vertex 28.5532 22.6078 2.5
      vertex -28.5532 22.6078 2.5
      vertex -28.5133 22.305 2.5
    endloop
  endfacet
  facet normal 0 0 1
    outer loop
      vertex 28.6193 22.9059 2.5
      vertex -28.6193 22.9059 2.5
      vertex -28.5532 22.6078 2.5
    endloop
  endfacet
  facet normal 0 0 1
    outer loop
      vertex 28.7111 23.1971 2.5
      vertex -28.7111 23.1971 2.5
      vertex -28.6193 22.9059 2.5
    endloop
  endfacet
  facet normal 0 0 1
    outer loop
      vertex 28.8279 23.4792 2.5
      vertex -28.8279 23.4792 2.5
      vertex -28.7111 23.1971 2.5
    endloop
  endfacet
  facet normal 0 0 1
    outer loop
      vertex 28.9689 23.75 2.5
      vertex -28.9689 23.75 2.5
      vertex -28.8279 23.4792 2.5
    endloop
  endfacet
  facet normal 0 0 1
    outer loop
      vertex 29.133 24.0075 2.5
      vertex -29.133 24.0075 2.5
      vertex -28.9689 23.75 2.5
    endloop
  endfacet
  facet normal 0 0 1
    outer loop
      vertex 29.3188 24.2498 2.5
      vertex -29.3188 24.2498 2.5
      vertex -29.133 24.0075 2.5
    endloop
  endfacet
  facet normal 0 0 1
    outer loop
      vertex 29.5251 24.4749 2.5
      vertex -29.5251 24.4749 2.5
      vertex -29.3188 24.2498 2.5
    endloop
  endfacet
  facet normal 0 0 1
    outer loop
      vertex 29.7502 24.6812 2.5
      vertex -29.7502 24.6812 2.5
      vertex -29.5251 24.4749 2.5
    endloop
  endfacet
  facet normal 0 0 1
    outer loop
      vertex 29.9925 24.867 2.5
      vertex -29.9925 24.867 2.5
      vertex -29.7502 24.6812 2.5
    endloop
  endfacet
  facet normal 0 -0 1
    outer loop
      vertex -29.9925 24.867 2.5
      vertex 30.2012 25 2.5
      vertex -30.2012 25 2.5
    endloop
  endfacet
  facet normal -0 0 1
    outer loop
      vertex 34.867 19.9925 2.5
      vertex 35 -20.2012 2.5
      vertex 35 20.2012 2.5
    endloop
  endfacet
  facet normal 0 0 1
    outer loop
      vertex 34.867 19.9925 2.5
      vertex 34.867 -19.9925 2.5
      vertex 35 -20.2012 2.5
    endloop
  endfacet
  facet normal -0 0 1
    outer loop
      vertex 34.6812 19.7502 2.5
      vertex 34.867 -19.9925 2.5
      vertex 34.867 19.9925 2.5
    endloop
  endfacet
  facet normal 0 0 1
    outer loop
      vertex 34.6812 19.7502 2.5
      vertex 34.6812 -19.7502 2.5
      vertex 34.867 -19.9925 2.5
    endloop
  endfacet
  facet normal -0 0 1
    outer loop
      vertex 34.4749 19.5251 2.5
      vertex 34.6812 -19.7502 2.5
      vertex 34.6812 19.7502 2.5
    endloop
  endfacet
  facet normal 0 0 1
    outer loop
      vertex 34.4749 19.5251 2.5
      vertex 34.4749 -19.5251 2.5
      vertex 34.6812 -19.7502 2.5
    endloop
  endfacet
  facet normal -0 0 1
    outer loop
      vertex 34.2498 19.3188 2.5
      vertex 34.4749 -19.5251 2.5
      vertex 34.4749 19.5251 2.5
    endloop
  endfacet
  facet normal 0 0 1
    outer loop
      vertex 34.2498 19.3188 2.5
      vertex 34.2498 -19.3188 2.5
      vertex 34.4749 -19.5251 2.5
    endloop
  endfacet
  facet normal -0 0 1
    outer loop
      vertex 34.0075 19.133 2.5
      vertex 34.2498 -19.3188 2.5
      vertex 34.2498 19.3188 2.5
    endloop
  endfacet
  facet normal 0 0 1
    outer loop
      vertex 34.0075 19.133 2.5
      vertex 34.0075 -19.133 2.5
      vertex 34.2498 -19.3188 2.5
    endloop
  endfacet
  facet normal -0 0 1
    outer loop
      vertex 33.75 18.9689 2.5
      vertex 34.0075 -19.133 2.5
      vertex 34.0075 19.133 2.5
    endloop
  endfacet
  facet normal 0 0 1
    outer loop
      vertex 33.75 18.9689 2.5
      vertex 33.75 -18.9689 2.5
      vertex 34.0075 -19.133 2.5
    endloop
  endfacet
  facet normal -0 0 1
    outer loop
      vertex 33.4792 18.8279 2.5
      vertex 33.75 -18.9689 2.5
      vertex 33.75 18.9689 2.5
    endloop
  endfacet
  facet normal 0 0 1
    outer loop
      vertex 33.4792 18.8279 2.5
      vertex 33.4792 -18.8279 2.5
      vertex 33.75 -18.9689 2.5
    endloop
  endfacet
  facet normal -0 0 1
    outer loop
      vertex 33.1971 18.7111 2.5
      vertex 33.4792 -18.8279 2.5
      vertex 33.4792 18.8279 2.5
    endloop
  endfacet
  facet normal 0 0 1
    outer loop
      vertex 33.1971 18.7111 2.5
      vertex 33.1971 -18.7111 2.5
      vertex 33.4792 -18.8279 2.5
    endloop
  endfacet
  facet normal -0 0 1
    outer loop
      vertex 32.9059 18.6193 2.5
      vertex 33.1971 -18.7111 2.5
      vertex 33.1971 18.7111 2.5
    endloop
  endfacet
  facet normal 0 0 1
    outer loop
      vertex 32.9059 18.6193 2.5
      vertex 32.9059 -18.6193 2.5
      vertex 33.1971 -18.7111 2.5
    endloop
  endfacet
  facet normal -0 0 1
    outer loop
      vertex 32.6078 18.5532 2.5
      vertex 32.9059 -18.6193 2.5
      vertex 32.9059 18.6193 2.5
    endloop
  endfacet
  facet normal 0 0 1
    outer loop
      vertex 32.6078 18.5532 2.5
      vertex 32.6078 -18.5532 2.5
      vertex 32.9059 -18.6193 2.5
    endloop
  endfacet
  facet normal -0 0 1
    outer loop
      vertex 32.305 18.5133 2.5
      vertex 32.6078 -18.5532 2.5
      vertex 32.6078 18.5532 2.5
    endloop
  endfacet
  facet normal 0 0 1
    outer loop
      vertex 32.305 18.5133 2.5
      vertex 32.305 -18.5133 2.5
      vertex 32.6078 -18.5532 2.5
    endloop
  endfacet
  facet normal -0 0 1
    outer loop
      vertex 32 18.5 2.5
      vertex 32.305 -18.5133 2.5
      vertex 32.305 18.5133 2.5
    endloop
  endfacet
  facet normal 0 0 1
    outer loop
      vertex 32 18.5 2.5
      vertex 32 -18.5 2.5
      vertex 32.305 -18.5133 2.5
    endloop
  endfacet
  facet normal 0 0 1
    outer loop
      vertex 31.695 18.5133 2.5
      vertex 32 -18.5 2.5
      vertex 32 18.5 2.5
    endloop
  endfacet
  facet normal 0 0 1
    outer loop
      vertex 31.695 18.5133 2.5
      vertex 31.695 -18.5133 2.5
      vertex 32 -18.5 2.5
    endloop
  endfacet
  facet normal 0 0 1
    outer loop
      vertex 31.3922 18.5532 2.5
      vertex 31.695 -18.5133 2.5
      vertex 31.695 18.5133 2.5
    endloop
  endfacet
  facet normal 0 0 1
    outer loop
      vertex 31.3922 18.5532 2.5
      vertex 31.3922 -18.5532 2.5
      vertex 31.695 -18.5133 2.5
    endloop
  endfacet
  facet normal 0 0 1
    outer loop
      vertex 31.0941 18.6193 2.5
      vertex 31.3922 -18.5532 2.5
      vertex 31.3922 18.5532 2.5
    endloop
  endfacet
  facet normal 0 0 1
    outer loop
      vertex 31.0941 18.6193 2.5
      vertex 31.0941 -18.6193 2.5
      vertex 31.3922 -18.5532 2.5
    endloop
  endfacet
  facet normal 0 0 1
    outer loop
      vertex 30.8029 18.7111 2.5
      vertex 31.0941 -18.6193 2.5
      vertex 31.0941 18.6193 2.5
    endloop
  endfacet
  facet normal 0 0 1
    outer loop
      vertex 30.8029 18.7111 2.5
      vertex 30.8029 -18.7111 2.5
      vertex 31.0941 -18.6193 2.5
    endloop
  endfacet
  facet normal 0 0 1
    outer loop
      vertex 30.5208 18.8279 2.5
      vertex 30.8029 -18.7111 2.5
      vertex 30.8029 18.7111 2.5
    endloop
  endfacet
  facet normal 0 0 1
    outer loop
      vertex 30.5208 18.8279 2.5
      vertex 30.5208 -18.8279 2.5
      vertex 30.8029 -18.7111 2.5
    endloop
  endfacet
  facet normal 0 0 1
    outer loop
      vertex 30.25 18.9689 2.5
      vertex 30.5208 -18.8279 2.5
      vertex 30.5208 18.8279 2.5
    endloop
  endfacet
  facet normal 0 0 1
    outer loop
      vertex 30.25 18.9689 2.5
      vertex 30.25 -18.9689 2.5
      vertex 30.5208 -18.8279 2.5
    endloop
  endfacet
  facet normal 0 0 1
    outer loop
      vertex 29.9925 19.133 2.5
      vertex 30.25 -18.9689 2.5
      vertex 30.25 18.9689 2.5
    endloop
  endfacet
  facet normal 0 0 1
    outer loop
      vertex 29.9925 19.133 2.5
      vertex 29.9925 -19.133 2.5
      vertex 30.25 -18.9689 2.5
    endloop
  endfacet
  facet normal 0 0 1
    outer loop
      vertex 29.7502 19.3188 2.5
      vertex 29.9925 -19.133 2.5
      vertex 29.9925 19.133 2.5
    endloop
  endfacet
  facet normal 0 0 1
    outer loop
      vertex 29.7502 19.3188 2.5
      vertex 29.7502 -19.3188 2.5
      vertex 29.9925 -19.133 2.5
    endloop
  endfacet
  facet normal 0 0 1
    outer loop
      vertex 29.5251 19.5251 2.5
      vertex 29.7502 -19.3188 2.5
      vertex 29.7502 19.3188 2.5
    endloop
  endfacet
  facet normal 0 0 1
    outer loop
      vertex 29.5251 19.5251 2.5
      vertex 29.5251 -19.5251 2.5
      vertex 29.7502 -19.3188 2.5
    endloop
  endfacet
  facet normal 0 0 1
    outer loop
      vertex 29.3188 19.7502 2.5
      vertex 29.5251 -19.5251 2.5
      vertex 29.5251 19.5251 2.5
    endloop
  endfacet
  facet normal 0 0 1
    outer loop
      vertex 29.3188 19.7502 2.5
      vertex 29.3188 -19.7502 2.5
      vertex 29.5251 -19.5251 2.5
    endloop
  endfacet
  facet normal 0 0 1
    outer loop
      vertex 29.133 19.9925 2.5
      vertex 29.3188 -19.7502 2.5
      vertex 29.3188 19.7502 2.5
    endloop
  endfacet
  facet normal 0 0 1
    outer loop
      vertex 29.133 19.9925 2.5
      vertex 29.133 -19.9925 2.5
      vertex 29.3188 -19.7502 2.5
    endloop
  endfacet
  facet normal 0 0 1
    outer loop
      vertex 28.6193 21.0941 2.5
      vertex -28.6193 21.0941 2.5
      vertex 28.7111 20.8029 2.5
    endloop
  endfacet
  facet normal 0 0 1
    outer loop
      vertex -28.7111 20.8029 2.5
      vertex 28.7111 20.8029 2.5
      vertex -28.6193 21.0941 2.5
    endloop
  endfacet
  facet normal 0 0 1
    outer loop
      vertex -28.6193 21.0941 2.5
      vertex 28.6193 21.0941 2.5
      vertex -28.5532 21.3922 2.5
    endloop
  endfacet
  facet normal 0 0 1
    outer loop
      vertex 28.7111 20.8029 2.5
      vertex -28.7111 20.8029 2.5
      vertex 28.8279 20.5208 2.5
    endloop
  endfacet
  facet normal 0 0 1
    outer loop
      vertex 28.5532 21.3922 2.5
      vertex -28.5532 21.3922 2.5
      vertex 28.6193 21.0941 2.5
    endloop
  endfacet
  facet normal 0 0 1
    outer loop
      vertex 29.133 -19.9925 2.5
      vertex -28.5 -22 2.5
      vertex 28.9689 -20.25 2.5
    endloop
  endfacet
  facet normal 0 0 1
    outer loop
      vertex -28.5532 21.3922 2.5
      vertex 28.5532 21.3922 2.5
      vertex -28.5133 21.695 2.5
    endloop
  endfacet
  facet normal 0 0 1
    outer loop
      vertex 28.9689 -20.25 2.5
      vertex -28.5 -22 2.5
      vertex 28.8279 -20.5208 2.5
    endloop
  endfacet
  facet normal 0 0 1
    outer loop
      vertex 28.5133 21.695 2.5
      vertex -28.5133 21.695 2.5
      vertex 28.5532 21.3922 2.5
    endloop
  endfacet
  facet normal 0 0 1
    outer loop
      vertex 28.8279 -20.5208 2.5
      vertex -28.5 -22 2.5
      vertex 28.7111 -20.8029 2.5
    endloop
  endfacet
  facet normal 0 0 1
    outer loop
      vertex -28.5133 21.695 2.5
      vertex 28.5133 21.695 2.5
      vertex -28.5 22 2.5
    endloop
  endfacet
  facet normal 0 0 1
    outer loop
      vertex 28.7111 -20.8029 2.5
      vertex -28.5 -22 2.5
      vertex 28.6193 -21.0941 2.5
    endloop
  endfacet
  facet normal -0 0 1
    outer loop
      vertex -28.5 22 2.5
      vertex 28.5133 21.695 2.5
      vertex 28.5 22 2.5
    endloop
  endfacet
  facet normal 0 0 1
    outer loop
      vertex 28.6193 -21.0941 2.5
      vertex -28.5 -22 2.5
      vertex 28.5532 -21.3922 2.5
    endloop
  endfacet
  facet normal 0 0 1
    outer loop
      vertex 28.5133 -21.695 2.5
      vertex -28.5 -22 2.5
      vertex 28.5 -22 2.5
    endloop
  endfacet
  facet normal 0 0 1
    outer loop
      vertex 28.5 -22 2.5
      vertex -28.5 -22 2.5
      vertex 28.5133 -22.305 2.5
    endloop
  endfacet
  facet normal 0 0 1
    outer loop
      vertex -28.5133 -22.305 2.5
      vertex 28.5133 -22.305 2.5
      vertex -28.5 -22 2.5
    endloop
  endfacet
  facet normal 0 0 1
    outer loop
      vertex 28.5133 -22.305 2.5
      vertex -28.5133 -22.305 2.5
      vertex 28.5532 -22.6078 2.5
    endloop
  endfacet
  facet normal 0 0 1
    outer loop
      vertex -28.5532 -22.6078 2.5
      vertex 28.5532 -22.6078 2.5
      vertex -28.5133 -22.305 2.5
    endloop
  endfacet
  facet normal 0 0 1
    outer loop
      vertex 28.5532 -22.6078 2.5
      vertex -28.5532 -22.6078 2.5
      vertex 28.6193 -22.9059 2.5
    endloop
  endfacet
  facet normal 0 0 1
    outer loop
      vertex -28.6193 -22.9059 2.5
      vertex 28.6193 -22.9059 2.5
      vertex -28.5532 -22.6078 2.5
    endloop
  endfacet
  facet normal 0 0 1
    outer loop
      vertex 28.6193 -22.9059 2.5
      vertex -28.6193 -22.9059 2.5
      vertex 28.7111 -23.1971 2.5
    endloop
  endfacet
  facet normal 0 0 1
    outer loop
      vertex -28.7111 -23.1971 2.5
      vertex 28.7111 -23.1971 2.5
      vertex -28.6193 -22.9059 2.5
    endloop
  endfacet
  facet normal 0 0 1
    outer loop
      vertex 28.7111 -23.1971 2.5
      vertex -28.7111 -23.1971 2.5
      vertex 28.8279 -23.4792 2.5
    endloop
  endfacet
  facet normal 0 0 1
    outer loop
      vertex -28.8279 -23.4792 2.5
      vertex 28.8279 -23.4792 2.5
      vertex -28.7111 -23.1971 2.5
    endloop
  endfacet
  facet normal 0 0 1
    outer loop
      vertex 28.8279 -23.4792 2.5
      vertex -28.8279 -23.4792 2.5
      vertex 28.9689 -23.75 2.5
    endloop
  endfacet
  facet normal 0 0 1
    outer loop
      vertex -28.9689 -23.75 2.5
      vertex 28.9689 -23.75 2.5
      vertex -28.8279 -23.4792 2.5
    endloop
  endfacet
  facet normal 0 0 1
    outer loop
      vertex 28.9689 -23.75 2.5
      vertex -28.9689 -23.75 2.5
      vertex 29.133 -24.0075 2.5
    endloop
  endfacet
  facet normal 0 0 1
    outer loop
      vertex -29.133 -24.0075 2.5
      vertex 29.133 -24.0075 2.5
      vertex -28.9689 -23.75 2.5
    endloop
  endfacet
  facet normal 0 0 1
    outer loop
      vertex 29.133 -24.0075 2.5
      vertex -29.133 -24.0075 2.5
      vertex 29.3188 -24.2498 2.5
    endloop
  endfacet
  facet normal 0 0 1
    outer loop
      vertex -29.3188 -24.2498 2.5
      vertex 29.3188 -24.2498 2.5
      vertex -29.133 -24.0075 2.5
    endloop
  endfacet
  facet normal 0 0 1
    outer loop
      vertex 29.3188 -24.2498 2.5
      vertex -29.3188 -24.2498 2.5
      vertex 29.5251 -24.4749 2.5
    endloop
  endfacet
  facet normal 0 0 1
    outer loop
      vertex -29.5251 -24.4749 2.5
      vertex 29.5251 -24.4749 2.5
      vertex -29.3188 -24.2498 2.5
    endloop
  endfacet
  facet normal 0 0 1
    outer loop
      vertex 29.5251 -24.4749 2.5
      vertex -29.5251 -24.4749 2.5
      vertex 29.7502 -24.6812 2.5
    endloop
  endfacet
  facet normal 0 0 1
    outer loop
      vertex -29.7502 -24.6812 2.5
      vertex 29.7502 -24.6812 2.5
      vertex -29.5251 -24.4749 2.5
    endloop
  endfacet
  facet normal 0 0 1
    outer loop
      vertex 29.7502 -24.6812 2.5
      vertex -29.7502 -24.6812 2.5
      vertex 29.9925 -24.867 2.5
    endloop
  endfacet
  facet normal 0 0 1
    outer loop
      vertex -29.9925 -24.867 2.5
      vertex 29.9925 -24.867 2.5
      vertex -29.7502 -24.6812 2.5
    endloop
  endfacet
  facet normal 0 0 1
    outer loop
      vertex 29.9925 -24.867 2.5
      vertex -29.9925 -24.867 2.5
      vertex 30.2012 -25 2.5
    endloop
  endfacet
  facet normal 0 0 1
    outer loop
      vertex 30.2012 -25 2.5
      vertex -29.9925 -24.867 2.5
      vertex -30.2012 -25 2.5
    endloop
  endfacet
  facet normal 0 0 1
    outer loop
      vertex -30.6053 -21.878 2.5
      vertex -30.6053 -22.122 2.5
      vertex -30.6 -22 2.5
    endloop
  endfacet
  facet normal 0 0 1
    outer loop
      vertex -30.6213 -21.7569 2.5
      vertex -30.6053 -22.122 2.5
      vertex -30.6053 -21.878 2.5
    endloop
  endfacet
  facet normal 0 0 1
    outer loop
      vertex -30.6213 -21.7569 2.5
      vertex -30.6213 -22.2431 2.5
      vertex -30.6053 -22.122 2.5
    endloop
  endfacet
  facet normal 0 0 1
    outer loop
      vertex -30.6477 -21.6377 2.5
      vertex -30.6213 -22.2431 2.5
      vertex -30.6213 -21.7569 2.5
    endloop
  endfacet
  facet normal 0 0 1
    outer loop
      vertex -30.6477 -21.6377 2.5
      vertex -30.6477 -22.3623 2.5
      vertex -30.6213 -22.2431 2.5
    endloop
  endfacet
  facet normal 0 0 1
    outer loop
      vertex -30.6844 -21.5212 2.5
      vertex -30.6477 -22.3623 2.5
      vertex -30.6477 -21.6377 2.5
    endloop
  endfacet
  facet normal 0 0 1
    outer loop
      vertex -30.6844 -21.5212 2.5
      vertex -30.6844 -22.4788 2.5
      vertex -30.6477 -22.3623 2.5
    endloop
  endfacet
  facet normal 0 0 1
    outer loop
      vertex -30.7312 -21.4083 2.5
      vertex -30.6844 -22.4788 2.5
      vertex -30.6844 -21.5212 2.5
    endloop
  endfacet
  facet normal 0 0 1
    outer loop
      vertex -30.7312 -21.4083 2.5
      vertex -30.7312 -22.5917 2.5
      vertex -30.6844 -22.4788 2.5
    endloop
  endfacet
  facet normal 0 0 1
    outer loop
      vertex -30.7876 -21.3 2.5
      vertex -30.7312 -22.5917 2.5
      vertex -30.7312 -21.4083 2.5
    endloop
  endfacet
  facet normal 0 0 1
    outer loop
      vertex -30.7876 -21.3 2.5
      vertex -30.7876 -22.7 2.5
      vertex -30.7312 -22.5917 2.5
    endloop
  endfacet
  facet normal 0 0 1
    outer loop
      vertex -30.8532 -21.197 2.5
      vertex -30.7876 -22.7 2.5
      vertex -30.7876 -21.3 2.5
    endloop
  endfacet
  facet normal 0 0 1
    outer loop
      vertex -30.8532 -21.197 2.5
      vertex -30.8532 -22.803 2.5
      vertex -30.7876 -22.7 2.5
    endloop
  endfacet
  facet normal 0 0 1
    outer loop
      vertex -30.9275 -21.1001 2.5
      vertex -30.8532 -22.803 2.5
      vertex -30.8532 -21.197 2.5
    endloop
  endfacet
  facet normal 0 0 1
    outer loop
      vertex -30.9275 -21.1001 2.5
      vertex -30.9275 -22.8999 2.5
      vertex -30.8532 -22.803 2.5
    endloop
  endfacet
  facet normal 0 0 1
    outer loop
      vertex -31.0101 -21.0101 2.5
      vertex -30.9275 -22.8999 2.5
      vertex -30.9275 -21.1001 2.5
    endloop
  endfacet
  facet normal 0 0 1
    outer loop
      vertex -31.0101 -21.0101 2.5
      vertex -31.0101 -22.9899 2.5
      vertex -30.9275 -22.8999 2.5
    endloop
  endfacet
  facet normal 0 0 1
    outer loop
      vertex -31.1001 -20.9275 2.5
      vertex -31.0101 -22.9899 2.5
      vertex -31.0101 -21.0101 2.5
    endloop
  endfacet
  facet normal 0 0 1
    outer loop
      vertex -31.1001 -20.9275 2.5
      vertex -31.1001 -23.0725 2.5
      vertex -31.0101 -22.9899 2.5
    endloop
  endfacet
  facet normal 0 0 1
    outer loop
      vertex -31.197 -20.8532 2.5
      vertex -31.1001 -23.0725 2.5
      vertex -31.1001 -20.9275 2.5
    endloop
  endfacet
  facet normal 0 0 1
    outer loop
      vertex -31.197 -20.8532 2.5
      vertex -31.197 -23.1468 2.5
      vertex -31.1001 -23.0725 2.5
    endloop
  endfacet
  facet normal 0 0 1
    outer loop
      vertex -31.3 -20.7876 2.5
      vertex -31.197 -23.1468 2.5
      vertex -31.197 -20.8532 2.5
    endloop
  endfacet
  facet normal 0 0 1
    outer loop
      vertex -31.3 -20.7876 2.5
      vertex -31.3 -23.2124 2.5
      vertex -31.197 -23.1468 2.5
    endloop
  endfacet
  facet normal 0 0 1
    outer loop
      vertex -31.4083 -20.7312 2.5
      vertex -31.3 -23.2124 2.5
      vertex -31.3 -20.7876 2.5
    endloop
  endfacet
  facet normal 0 0 1
    outer loop
      vertex -31.4083 -20.7312 2.5
      vertex -31.4083 -23.2688 2.5
      vertex -31.3 -23.2124 2.5
    endloop
  endfacet
  facet normal 0 0 1
    outer loop
      vertex -31.5212 -20.6844 2.5
      vertex -31.4083 -23.2688 2.5
      vertex -31.4083 -20.7312 2.5
    endloop
  endfacet
  facet normal 0 0 1
    outer loop
      vertex -31.5212 -20.6844 2.5
      vertex -31.5212 -23.3156 2.5
      vertex -31.4083 -23.2688 2.5
    endloop
  endfacet
  facet normal 0 0 1
    outer loop
      vertex -31.6377 -20.6477 2.5
      vertex -31.5212 -23.3156 2.5
      vertex -31.5212 -20.6844 2.5
    endloop
  endfacet
  facet normal 0 0 1
    outer loop
      vertex -31.6377 -20.6477 2.5
      vertex -31.6377 -23.3523 2.5
      vertex -31.5212 -23.3156 2.5
    endloop
  endfacet
  facet normal 0 0 1
    outer loop
      vertex -31.7569 -20.6213 2.5
      vertex -31.6377 -23.3523 2.5
      vertex -31.6377 -20.6477 2.5
    endloop
  endfacet
  facet normal 0 0 1
    outer loop
      vertex -31.7569 -20.6213 2.5
      vertex -31.7569 -23.3787 2.5
      vertex -31.6377 -23.3523 2.5
    endloop
  endfacet
  facet normal 0 0 1
    outer loop
      vertex -31.878 -20.6053 2.5
      vertex -31.7569 -23.3787 2.5
      vertex -31.7569 -20.6213 2.5
    endloop
  endfacet
  facet normal 0 0 1
    outer loop
      vertex -31.878 -20.6053 2.5
      vertex -31.878 -23.3947 2.5
      vertex -31.7569 -23.3787 2.5
    endloop
  endfacet
  facet normal 0 0 1
    outer loop
      vertex -32 -20.6 2.5
      vertex -31.878 -23.3947 2.5
      vertex -31.878 -20.6053 2.5
    endloop
  endfacet
  facet normal 0 0 1
    outer loop
      vertex -32 -20.6 2.5
      vertex -32 -23.4 2.5
      vertex -31.878 -23.3947 2.5
    endloop
  endfacet
  facet normal -0 0 1
    outer loop
      vertex -32.122 -20.6053 2.5
      vertex -32 -23.4 2.5
      vertex -32 -20.6 2.5
    endloop
  endfacet
  facet normal 0 0 1
    outer loop
      vertex -32.122 -20.6053 2.5
      vertex -32.122 -23.3947 2.5
      vertex -32 -23.4 2.5
    endloop
  endfacet
  facet normal -0 0 1
    outer loop
      vertex -32.2431 -20.6213 2.5
      vertex -32.122 -23.3947 2.5
      vertex -32.122 -20.6053 2.5
    endloop
  endfacet
  facet normal 0 0 1
    outer loop
      vertex -32.2431 -20.6213 2.5
      vertex -32.2431 -23.3787 2.5
      vertex -32.122 -23.3947 2.5
    endloop
  endfacet
  facet normal -0 0 1
    outer loop
      vertex -32.3623 -20.6477 2.5
      vertex -32.2431 -23.3787 2.5
      vertex -32.2431 -20.6213 2.5
    endloop
  endfacet
  facet normal 0 0 1
    outer loop
      vertex -32.3623 -20.6477 2.5
      vertex -32.3623 -23.3523 2.5
      vertex -32.2431 -23.3787 2.5
    endloop
  endfacet
  facet normal -0 0 1
    outer loop
      vertex -32.4788 -20.6844 2.5
      vertex -32.3623 -23.3523 2.5
      vertex -32.3623 -20.6477 2.5
    endloop
  endfacet
  facet normal 0 0 1
    outer loop
      vertex -32.4788 -20.6844 2.5
      vertex -32.4788 -23.3156 2.5
      vertex -32.3623 -23.3523 2.5
    endloop
  endfacet
  facet normal -0 0 1
    outer loop
      vertex -32.5917 -20.7312 2.5
      vertex -32.4788 -23.3156 2.5
      vertex -32.4788 -20.6844 2.5
    endloop
  endfacet
  facet normal 0 0 1
    outer loop
      vertex -32.5917 -20.7312 2.5
      vertex -32.5917 -23.2688 2.5
      vertex -32.4788 -23.3156 2.5
    endloop
  endfacet
  facet normal -0 0 1
    outer loop
      vertex -32.7 -20.7876 2.5
      vertex -32.5917 -23.2688 2.5
      vertex -32.5917 -20.7312 2.5
    endloop
  endfacet
  facet normal 0 0 1
    outer loop
      vertex -32.7 -20.7876 2.5
      vertex -32.7 -23.2124 2.5
      vertex -32.5917 -23.2688 2.5
    endloop
  endfacet
  facet normal -0 0 1
    outer loop
      vertex -32.803 -20.8532 2.5
      vertex -32.7 -23.2124 2.5
      vertex -32.7 -20.7876 2.5
    endloop
  endfacet
  facet normal 0 0 1
    outer loop
      vertex -32.803 -20.8532 2.5
      vertex -32.803 -23.1468 2.5
      vertex -32.7 -23.2124 2.5
    endloop
  endfacet
  facet normal -0 0 1
    outer loop
      vertex -32.8999 -20.9275 2.5
      vertex -32.803 -23.1468 2.5
      vertex -32.803 -20.8532 2.5
    endloop
  endfacet
  facet normal 0 0 1
    outer loop
      vertex -32.8999 -20.9275 2.5
      vertex -32.8999 -23.0725 2.5
      vertex -32.803 -23.1468 2.5
    endloop
  endfacet
  facet normal -0 0 1
    outer loop
      vertex -32.9899 -21.0101 2.5
      vertex -32.8999 -23.0725 2.5
      vertex -32.8999 -20.9275 2.5
    endloop
  endfacet
  facet normal 0 0 1
    outer loop
      vertex -32.9899 -21.0101 2.5
      vertex -32.9899 -22.9899 2.5
      vertex -32.8999 -23.0725 2.5
    endloop
  endfacet
  facet normal -0 0 1
    outer loop
      vertex -33.0725 -21.1001 2.5
      vertex -32.9899 -22.9899 2.5
      vertex -32.9899 -21.0101 2.5
    endloop
  endfacet
  facet normal 0 0 1
    outer loop
      vertex -33.0725 -21.1001 2.5
      vertex -33.0725 -22.8999 2.5
      vertex -32.9899 -22.9899 2.5
    endloop
  endfacet
  facet normal -0 0 1
    outer loop
      vertex -33.1468 -21.197 2.5
      vertex -33.0725 -22.8999 2.5
      vertex -33.0725 -21.1001 2.5
    endloop
  endfacet
  facet normal 0 0 1
    outer loop
      vertex -33.1468 -21.197 2.5
      vertex -33.1468 -22.803 2.5
      vertex -33.0725 -22.8999 2.5
    endloop
  endfacet
  facet normal -0 0 1
    outer loop
      vertex -33.2124 -21.3 2.5
      vertex -33.1468 -22.803 2.5
      vertex -33.1468 -21.197 2.5
    endloop
  endfacet
  facet normal 0 0 1
    outer loop
      vertex -33.2124 -21.3 2.5
      vertex -33.2124 -22.7 2.5
      vertex -33.1468 -22.803 2.5
    endloop
  endfacet
  facet normal -0 0 1
    outer loop
      vertex -33.2688 -21.4083 2.5
      vertex -33.2124 -22.7 2.5
      vertex -33.2124 -21.3 2.5
    endloop
  endfacet
  facet normal 0 0 1
    outer loop
      vertex -33.2688 -21.4083 2.5
      vertex -33.2688 -22.5917 2.5
      vertex -33.2124 -22.7 2.5
    endloop
  endfacet
  facet normal -0 0 1
    outer loop
      vertex -33.3156 -21.5212 2.5
      vertex -33.2688 -22.5917 2.5
      vertex -33.2688 -21.4083 2.5
    endloop
  endfacet
  facet normal 0 0 1
    outer loop
      vertex -33.3156 -21.5212 2.5
      vertex -33.3156 -22.4788 2.5
      vertex -33.2688 -22.5917 2.5
    endloop
  endfacet
  facet normal -0 0 1
    outer loop
      vertex -33.3523 -21.6377 2.5
      vertex -33.3156 -22.4788 2.5
      vertex -33.3156 -21.5212 2.5
    endloop
  endfacet
  facet normal 0 0 1
    outer loop
      vertex -33.3523 -21.6377 2.5
      vertex -33.3523 -22.3623 2.5
      vertex -33.3156 -22.4788 2.5
    endloop
  endfacet
  facet normal -0 0 1
    outer loop
      vertex -33.3787 -21.7569 2.5
      vertex -33.3523 -22.3623 2.5
      vertex -33.3523 -21.6377 2.5
    endloop
  endfacet
  facet normal 0 0 1
    outer loop
      vertex -33.3787 -21.7569 2.5
      vertex -33.3787 -22.2431 2.5
      vertex -33.3523 -22.3623 2.5
    endloop
  endfacet
  facet normal -0 0 1
    outer loop
      vertex -33.3947 -21.878 2.5
      vertex -33.3787 -22.2431 2.5
      vertex -33.3787 -21.7569 2.5
    endloop
  endfacet
  facet normal 0 0 1
    outer loop
      vertex -33.3947 -21.878 2.5
      vertex -33.3947 -22.122 2.5
      vertex -33.3787 -22.2431 2.5
    endloop
  endfacet
  facet normal 0 -0 1
    outer loop
      vertex -33.3947 -22.122 2.5
      vertex -33.3947 -21.878 2.5
      vertex -33.4 -22 2.5
    endloop
  endfacet
  facet normal 0 0 1
    outer loop
      vertex -30.6053 22.122 2.5
      vertex -30.6053 21.878 2.5
      vertex -30.6 22 2.5
    endloop
  endfacet
  facet normal 0 0 1
    outer loop
      vertex -30.6213 22.2431 2.5
      vertex -30.6053 21.878 2.5
      vertex -30.6053 22.122 2.5
    endloop
  endfacet
  facet normal 0 0 1
    outer loop
      vertex -30.6213 22.2431 2.5
      vertex -30.6213 21.7569 2.5
      vertex -30.6053 21.878 2.5
    endloop
  endfacet
  facet normal 0 0 1
    outer loop
      vertex -30.6477 22.3623 2.5
      vertex -30.6213 21.7569 2.5
      vertex -30.6213 22.2431 2.5
    endloop
  endfacet
  facet normal 0 0 1
    outer loop
      vertex -30.6477 22.3623 2.5
      vertex -30.6477 21.6377 2.5
      vertex -30.6213 21.7569 2.5
    endloop
  endfacet
  facet normal 0 0 1
    outer loop
      vertex -30.6844 22.4788 2.5
      vertex -30.6477 21.6377 2.5
      vertex -30.6477 22.3623 2.5
    endloop
  endfacet
  facet normal 0 0 1
    outer loop
      vertex -30.6844 22.4788 2.5
      vertex -30.6844 21.5212 2.5
      vertex -30.6477 21.6377 2.5
    endloop
  endfacet
  facet normal 0 0 1
    outer loop
      vertex -30.7312 22.5917 2.5
      vertex -30.6844 21.5212 2.5
      vertex -30.6844 22.4788 2.5
    endloop
  endfacet
  facet normal 0 0 1
    outer loop
      vertex -30.7312 22.5917 2.5
      vertex -30.7312 21.4083 2.5
      vertex -30.6844 21.5212 2.5
    endloop
  endfacet
  facet normal 0 0 1
    outer loop
      vertex -30.7876 22.7 2.5
      vertex -30.7312 21.4083 2.5
      vertex -30.7312 22.5917 2.5
    endloop
  endfacet
  facet normal 0 0 1
    outer loop
      vertex -30.7876 22.7 2.5
      vertex -30.7876 21.3 2.5
      vertex -30.7312 21.4083 2.5
    endloop
  endfacet
  facet normal 0 0 1
    outer loop
      vertex -30.8532 22.803 2.5
      vertex -30.7876 21.3 2.5
      vertex -30.7876 22.7 2.5
    endloop
  endfacet
  facet normal 0 0 1
    outer loop
      vertex -30.8532 22.803 2.5
      vertex -30.8532 21.197 2.5
      vertex -30.7876 21.3 2.5
    endloop
  endfacet
  facet normal 0 0 1
    outer loop
      vertex -30.9275 22.8999 2.5
      vertex -30.8532 21.197 2.5
      vertex -30.8532 22.803 2.5
    endloop
  endfacet
  facet normal 0 0 1
    outer loop
      vertex -30.9275 22.8999 2.5
      vertex -30.9275 21.1001 2.5
      vertex -30.8532 21.197 2.5
    endloop
  endfacet
  facet normal 0 0 1
    outer loop
      vertex -31.0101 22.9899 2.5
      vertex -30.9275 21.1001 2.5
      vertex -30.9275 22.8999 2.5
    endloop
  endfacet
  facet normal 0 0 1
    outer loop
      vertex -31.0101 22.9899 2.5
      vertex -31.0101 21.0101 2.5
      vertex -30.9275 21.1001 2.5
    endloop
  endfacet
  facet normal 0 0 1
    outer loop
      vertex -31.1001 23.0725 2.5
      vertex -31.0101 21.0101 2.5
      vertex -31.0101 22.9899 2.5
    endloop
  endfacet
  facet normal 0 0 1
    outer loop
      vertex -31.1001 23.0725 2.5
      vertex -31.1001 20.9275 2.5
      vertex -31.0101 21.0101 2.5
    endloop
  endfacet
  facet normal 0 0 1
    outer loop
      vertex -31.197 23.1468 2.5
      vertex -31.1001 20.9275 2.5
      vertex -31.1001 23.0725 2.5
    endloop
  endfacet
  facet normal 0 0 1
    outer loop
      vertex -31.197 23.1468 2.5
      vertex -31.197 20.8532 2.5
      vertex -31.1001 20.9275 2.5
    endloop
  endfacet
  facet normal 0 0 1
    outer loop
      vertex -31.3 23.2124 2.5
      vertex -31.197 20.8532 2.5
      vertex -31.197 23.1468 2.5
    endloop
  endfacet
  facet normal 0 0 1
    outer loop
      vertex -31.3 23.2124 2.5
      vertex -31.3 20.7876 2.5
      vertex -31.197 20.8532 2.5
    endloop
  endfacet
  facet normal 0 0 1
    outer loop
      vertex -31.4083 23.2688 2.5
      vertex -31.3 20.7876 2.5
      vertex -31.3 23.2124 2.5
    endloop
  endfacet
  facet normal 0 0 1
    outer loop
      vertex -31.4083 23.2688 2.5
      vertex -31.4083 20.7312 2.5
      vertex -31.3 20.7876 2.5
    endloop
  endfacet
  facet normal 0 0 1
    outer loop
      vertex -31.5212 23.3156 2.5
      vertex -31.4083 20.7312 2.5
      vertex -31.4083 23.2688 2.5
    endloop
  endfacet
  facet normal 0 0 1
    outer loop
      vertex -31.5212 23.3156 2.5
      vertex -31.5212 20.6844 2.5
      vertex -31.4083 20.7312 2.5
    endloop
  endfacet
  facet normal 0 0 1
    outer loop
      vertex -31.6377 23.3523 2.5
      vertex -31.5212 20.6844 2.5
      vertex -31.5212 23.3156 2.5
    endloop
  endfacet
  facet normal 0 0 1
    outer loop
      vertex -31.6377 23.3523 2.5
      vertex -31.6377 20.6477 2.5
      vertex -31.5212 20.6844 2.5
    endloop
  endfacet
  facet normal 0 0 1
    outer loop
      vertex -31.7569 23.3787 2.5
      vertex -31.6377 20.6477 2.5
      vertex -31.6377 23.3523 2.5
    endloop
  endfacet
  facet normal 0 0 1
    outer loop
      vertex -31.7569 23.3787 2.5
      vertex -31.7569 20.6213 2.5
      vertex -31.6377 20.6477 2.5
    endloop
  endfacet
  facet normal 0 0 1
    outer loop
      vertex -31.878 23.3947 2.5
      vertex -31.7569 20.6213 2.5
      vertex -31.7569 23.3787 2.5
    endloop
  endfacet
  facet normal 0 0 1
    outer loop
      vertex -31.878 23.3947 2.5
      vertex -31.878 20.6053 2.5
      vertex -31.7569 20.6213 2.5
    endloop
  endfacet
  facet normal 0 0 1
    outer loop
      vertex -32 23.4 2.5
      vertex -31.878 20.6053 2.5
      vertex -31.878 23.3947 2.5
    endloop
  endfacet
  facet normal 0 0 1
    outer loop
      vertex -32 23.4 2.5
      vertex -32 20.6 2.5
      vertex -31.878 20.6053 2.5
    endloop
  endfacet
  facet normal -0 0 1
    outer loop
      vertex -32.122 23.3947 2.5
      vertex -32 20.6 2.5
      vertex -32 23.4 2.5
    endloop
  endfacet
  facet normal 0 0 1
    outer loop
      vertex -32.122 23.3947 2.5
      vertex -32.122 20.6053 2.5
      vertex -32 20.6 2.5
    endloop
  endfacet
  facet normal -0 0 1
    outer loop
      vertex -32.2431 23.3787 2.5
      vertex -32.122 20.6053 2.5
      vertex -32.122 23.3947 2.5
    endloop
  endfacet
  facet normal 0 0 1
    outer loop
      vertex -32.2431 23.3787 2.5
      vertex -32.2431 20.6213 2.5
      vertex -32.122 20.6053 2.5
    endloop
  endfacet
  facet normal -0 0 1
    outer loop
      vertex -32.3623 23.3523 2.5
      vertex -32.2431 20.6213 2.5
      vertex -32.2431 23.3787 2.5
    endloop
  endfacet
  facet normal 0 0 1
    outer loop
      vertex -32.3623 23.3523 2.5
      vertex -32.3623 20.6477 2.5
      vertex -32.2431 20.6213 2.5
    endloop
  endfacet
  facet normal -0 0 1
    outer loop
      vertex -32.4788 23.3156 2.5
      vertex -32.3623 20.6477 2.5
      vertex -32.3623 23.3523 2.5
    endloop
  endfacet
  facet normal 0 0 1
    outer loop
      vertex -32.4788 23.3156 2.5
      vertex -32.4788 20.6844 2.5
      vertex -32.3623 20.6477 2.5
    endloop
  endfacet
  facet normal -0 0 1
    outer loop
      vertex -32.5917 23.2688 2.5
      vertex -32.4788 20.6844 2.5
      vertex -32.4788 23.3156 2.5
    endloop
  endfacet
  facet normal 0 0 1
    outer loop
      vertex -32.5917 23.2688 2.5
      vertex -32.5917 20.7312 2.5
      vertex -32.4788 20.6844 2.5
    endloop
  endfacet
  facet normal -0 0 1
    outer loop
      vertex -32.7 23.2124 2.5
      vertex -32.5917 20.7312 2.5
      vertex -32.5917 23.2688 2.5
    endloop
  endfacet
  facet normal 0 0 1
    outer loop
      vertex -32.7 23.2124 2.5
      vertex -32.7 20.7876 2.5
      vertex -32.5917 20.7312 2.5
    endloop
  endfacet
  facet normal -0 0 1
    outer loop
      vertex -32.803 23.1468 2.5
      vertex -32.7 20.7876 2.5
      vertex -32.7 23.2124 2.5
    endloop
  endfacet
  facet normal 0 0 1
    outer loop
      vertex -32.803 23.1468 2.5
      vertex -32.803 20.8532 2.5
      vertex -32.7 20.7876 2.5
    endloop
  endfacet
  facet normal -0 0 1
    outer loop
      vertex -32.8999 23.0725 2.5
      vertex -32.803 20.8532 2.5
      vertex -32.803 23.1468 2.5
    endloop
  endfacet
  facet normal 0 0 1
    outer loop
      vertex -32.8999 23.0725 2.5
      vertex -32.8999 20.9275 2.5
      vertex -32.803 20.8532 2.5
    endloop
  endfacet
  facet normal -0 0 1
    outer loop
      vertex -32.9899 22.9899 2.5
      vertex -32.8999 20.9275 2.5
      vertex -32.8999 23.0725 2.5
    endloop
  endfacet
  facet normal 0 0 1
    outer loop
      vertex -32.9899 22.9899 2.5
      vertex -32.9899 21.0101 2.5
      vertex -32.8999 20.9275 2.5
    endloop
  endfacet
  facet normal -0 0 1
    outer loop
      vertex -33.0725 22.8999 2.5
      vertex -32.9899 21.0101 2.5
      vertex -32.9899 22.9899 2.5
    endloop
  endfacet
  facet normal 0 0 1
    outer loop
      vertex -33.0725 22.8999 2.5
      vertex -33.0725 21.1001 2.5
      vertex -32.9899 21.0101 2.5
    endloop
  endfacet
  facet normal -0 0 1
    outer loop
      vertex -33.1468 22.803 2.5
      vertex -33.0725 21.1001 2.5
      vertex -33.0725 22.8999 2.5
    endloop
  endfacet
  facet normal 0 0 1
    outer loop
      vertex -33.1468 22.803 2.5
      vertex -33.1468 21.197 2.5
      vertex -33.0725 21.1001 2.5
    endloop
  endfacet
  facet normal -0 0 1
    outer loop
      vertex -33.2124 22.7 2.5
      vertex -33.1468 21.197 2.5
      vertex -33.1468 22.803 2.5
    endloop
  endfacet
  facet normal 0 0 1
    outer loop
      vertex -33.2124 22.7 2.5
      vertex -33.2124 21.3 2.5
      vertex -33.1468 21.197 2.5
    endloop
  endfacet
  facet normal -0 0 1
    outer loop
      vertex -33.2688 22.5917 2.5
      vertex -33.2124 21.3 2.5
      vertex -33.2124 22.7 2.5
    endloop
  endfacet
  facet normal 0 0 1
    outer loop
      vertex -33.2688 22.5917 2.5
      vertex -33.2688 21.4083 2.5
      vertex -33.2124 21.3 2.5
    endloop
  endfacet
  facet normal -0 0 1
    outer loop
      vertex -33.3156 22.4788 2.5
      vertex -33.2688 21.4083 2.5
      vertex -33.2688 22.5917 2.5
    endloop
  endfacet
  facet normal 0 0 1
    outer loop
      vertex -33.3156 22.4788 2.5
      vertex -33.3156 21.5212 2.5
      vertex -33.2688 21.4083 2.5
    endloop
  endfacet
  facet normal -0 0 1
    outer loop
      vertex -33.3523 22.3623 2.5
      vertex -33.3156 21.5212 2.5
      vertex -33.3156 22.4788 2.5
    endloop
  endfacet
  facet normal 0 0 1
    outer loop
      vertex -33.3523 22.3623 2.5
      vertex -33.3523 21.6377 2.5
      vertex -33.3156 21.5212 2.5
    endloop
  endfacet
  facet normal -0 0 1
    outer loop
      vertex -33.3787 22.2431 2.5
      vertex -33.3523 21.6377 2.5
      vertex -33.3523 22.3623 2.5
    endloop
  endfacet
  facet normal 0 0 1
    outer loop
      vertex -33.3787 22.2431 2.5
      vertex -33.3787 21.7569 2.5
      vertex -33.3523 21.6377 2.5
    endloop
  endfacet
  facet normal -0 0 1
    outer loop
      vertex -33.3947 22.122 2.5
      vertex -33.3787 21.7569 2.5
      vertex -33.3787 22.2431 2.5
    endloop
  endfacet
  facet normal 0 0 1
    outer loop
      vertex -33.3947 22.122 2.5
      vertex -33.3947 21.878 2.5
      vertex -33.3787 21.7569 2.5
    endloop
  endfacet
  facet normal 0 -0 1
    outer loop
      vertex -33.3947 21.878 2.5
      vertex -33.3947 22.122 2.5
      vertex -33.4 22 2.5
    endloop
  endfacet
  facet normal 0 0 1
    outer loop
      vertex 33.3947 -21.878 2.5
      vertex 33.3947 -22.122 2.5
      vertex 33.4 -22 2.5
    endloop
  endfacet
  facet normal 0 0 1
    outer loop
      vertex 33.3787 -21.7569 2.5
      vertex 33.3947 -22.122 2.5
      vertex 33.3947 -21.878 2.5
    endloop
  endfacet
  facet normal 0 0 1
    outer loop
      vertex 33.3787 -21.7569 2.5
      vertex 33.3787 -22.2431 2.5
      vertex 33.3947 -22.122 2.5
    endloop
  endfacet
  facet normal 0 0 1
    outer loop
      vertex 33.3523 -21.6377 2.5
      vertex 33.3787 -22.2431 2.5
      vertex 33.3787 -21.7569 2.5
    endloop
  endfacet
  facet normal 0 0 1
    outer loop
      vertex 33.3523 -21.6377 2.5
      vertex 33.3523 -22.3623 2.5
      vertex 33.3787 -22.2431 2.5
    endloop
  endfacet
  facet normal 0 0 1
    outer loop
      vertex 33.3156 -21.5212 2.5
      vertex 33.3523 -22.3623 2.5
      vertex 33.3523 -21.6377 2.5
    endloop
  endfacet
  facet normal 0 0 1
    outer loop
      vertex 33.3156 -21.5212 2.5
      vertex 33.3156 -22.4788 2.5
      vertex 33.3523 -22.3623 2.5
    endloop
  endfacet
  facet normal 0 0 1
    outer loop
      vertex 33.2688 -21.4083 2.5
      vertex 33.3156 -22.4788 2.5
      vertex 33.3156 -21.5212 2.5
    endloop
  endfacet
  facet normal 0 0 1
    outer loop
      vertex 33.2688 -21.4083 2.5
      vertex 33.2688 -22.5917 2.5
      vertex 33.3156 -22.4788 2.5
    endloop
  endfacet
  facet normal 0 0 1
    outer loop
      vertex 33.2124 -21.3 2.5
      vertex 33.2688 -22.5917 2.5
      vertex 33.2688 -21.4083 2.5
    endloop
  endfacet
  facet normal 0 0 1
    outer loop
      vertex 33.2124 -21.3 2.5
      vertex 33.2124 -22.7 2.5
      vertex 33.2688 -22.5917 2.5
    endloop
  endfacet
  facet normal 0 0 1
    outer loop
      vertex 33.1468 -21.197 2.5
      vertex 33.2124 -22.7 2.5
      vertex 33.2124 -21.3 2.5
    endloop
  endfacet
  facet normal 0 0 1
    outer loop
      vertex 33.1468 -21.197 2.5
      vertex 33.1468 -22.803 2.5
      vertex 33.2124 -22.7 2.5
    endloop
  endfacet
  facet normal 0 0 1
    outer loop
      vertex 33.0725 -21.1001 2.5
      vertex 33.1468 -22.803 2.5
      vertex 33.1468 -21.197 2.5
    endloop
  endfacet
  facet normal 0 0 1
    outer loop
      vertex 33.0725 -21.1001 2.5
      vertex 33.0725 -22.8999 2.5
      vertex 33.1468 -22.803 2.5
    endloop
  endfacet
  facet normal 0 0 1
    outer loop
      vertex 32.9899 -21.0101 2.5
      vertex 33.0725 -22.8999 2.5
      vertex 33.0725 -21.1001 2.5
    endloop
  endfacet
  facet normal 0 0 1
    outer loop
      vertex 32.9899 -21.0101 2.5
      vertex 32.9899 -22.9899 2.5
      vertex 33.0725 -22.8999 2.5
    endloop
  endfacet
  facet normal 0 0 1
    outer loop
      vertex 32.8999 -20.9275 2.5
      vertex 32.9899 -22.9899 2.5
      vertex 32.9899 -21.0101 2.5
    endloop
  endfacet
  facet normal 0 0 1
    outer loop
      vertex 32.8999 -20.9275 2.5
      vertex 32.8999 -23.0725 2.5
      vertex 32.9899 -22.9899 2.5
    endloop
  endfacet
  facet normal 0 0 1
    outer loop
      vertex 32.803 -20.8532 2.5
      vertex 32.8999 -23.0725 2.5
      vertex 32.8999 -20.9275 2.5
    endloop
  endfacet
  facet normal 0 0 1
    outer loop
      vertex 32.803 -20.8532 2.5
      vertex 32.803 -23.1468 2.5
      vertex 32.8999 -23.0725 2.5
    endloop
  endfacet
  facet normal 0 0 1
    outer loop
      vertex 32.7 -20.7876 2.5
      vertex 32.803 -23.1468 2.5
      vertex 32.803 -20.8532 2.5
    endloop
  endfacet
  facet normal 0 0 1
    outer loop
      vertex 32.7 -20.7876 2.5
      vertex 32.7 -23.2124 2.5
      vertex 32.803 -23.1468 2.5
    endloop
  endfacet
  facet normal 0 0 1
    outer loop
      vertex 32.5917 -20.7312 2.5
      vertex 32.7 -23.2124 2.5
      vertex 32.7 -20.7876 2.5
    endloop
  endfacet
  facet normal 0 0 1
    outer loop
      vertex 32.5917 -20.7312 2.5
      vertex 32.5917 -23.2688 2.5
      vertex 32.7 -23.2124 2.5
    endloop
  endfacet
  facet normal 0 0 1
    outer loop
      vertex 32.4788 -20.6844 2.5
      vertex 32.5917 -23.2688 2.5
      vertex 32.5917 -20.7312 2.5
    endloop
  endfacet
  facet normal 0 0 1
    outer loop
      vertex 32.4788 -20.6844 2.5
      vertex 32.4788 -23.3156 2.5
      vertex 32.5917 -23.2688 2.5
    endloop
  endfacet
  facet normal 0 0 1
    outer loop
      vertex 32.3623 -20.6477 2.5
      vertex 32.4788 -23.3156 2.5
      vertex 32.4788 -20.6844 2.5
    endloop
  endfacet
  facet normal 0 0 1
    outer loop
      vertex 32.3623 -20.6477 2.5
      vertex 32.3623 -23.3523 2.5
      vertex 32.4788 -23.3156 2.5
    endloop
  endfacet
  facet normal 0 0 1
    outer loop
      vertex 32.2431 -20.6213 2.5
      vertex 32.3623 -23.3523 2.5
      vertex 32.3623 -20.6477 2.5
    endloop
  endfacet
  facet normal 0 0 1
    outer loop
      vertex 32.2431 -20.6213 2.5
      vertex 32.2431 -23.3787 2.5
      vertex 32.3623 -23.3523 2.5
    endloop
  endfacet
  facet normal 0 0 1
    outer loop
      vertex 32.122 -20.6053 2.5
      vertex 32.2431 -23.3787 2.5
      vertex 32.2431 -20.6213 2.5
    endloop
  endfacet
  facet normal 0 0 1
    outer loop
      vertex 32.122 -20.6053 2.5
      vertex 32.122 -23.3947 2.5
      vertex 32.2431 -23.3787 2.5
    endloop
  endfacet
  facet normal 0 0 1
    outer loop
      vertex 32 -20.6 2.5
      vertex 32.122 -23.3947 2.5
      vertex 32.122 -20.6053 2.5
    endloop
  endfacet
  facet normal 0 0 1
    outer loop
      vertex 32 -20.6 2.5
      vertex 32 -23.4 2.5
      vertex 32.122 -23.3947 2.5
    endloop
  endfacet
  facet normal -0 0 1
    outer loop
      vertex 31.878 -20.6053 2.5
      vertex 32 -23.4 2.5
      vertex 32 -20.6 2.5
    endloop
  endfacet
  facet normal 0 0 1
    outer loop
      vertex 31.878 -20.6053 2.5
      vertex 31.878 -23.3947 2.5
      vertex 32 -23.4 2.5
    endloop
  endfacet
  facet normal -0 0 1
    outer loop
      vertex 31.7569 -20.6213 2.5
      vertex 31.878 -23.3947 2.5
      vertex 31.878 -20.6053 2.5
    endloop
  endfacet
  facet normal 0 0 1
    outer loop
      vertex 31.7569 -20.6213 2.5
      vertex 31.7569 -23.3787 2.5
      vertex 31.878 -23.3947 2.5
    endloop
  endfacet
  facet normal -0 0 1
    outer loop
      vertex 31.6377 -20.6477 2.5
      vertex 31.7569 -23.3787 2.5
      vertex 31.7569 -20.6213 2.5
    endloop
  endfacet
  facet normal 0 0 1
    outer loop
      vertex 31.6377 -20.6477 2.5
      vertex 31.6377 -23.3523 2.5
      vertex 31.7569 -23.3787 2.5
    endloop
  endfacet
  facet normal -0 0 1
    outer loop
      vertex 31.5212 -20.6844 2.5
      vertex 31.6377 -23.3523 2.5
      vertex 31.6377 -20.6477 2.5
    endloop
  endfacet
  facet normal 0 0 1
    outer loop
      vertex 31.5212 -20.6844 2.5
      vertex 31.5212 -23.3156 2.5
      vertex 31.6377 -23.3523 2.5
    endloop
  endfacet
  facet normal -0 0 1
    outer loop
      vertex 31.4083 -20.7312 2.5
      vertex 31.5212 -23.3156 2.5
      vertex 31.5212 -20.6844 2.5
    endloop
  endfacet
  facet normal 0 0 1
    outer loop
      vertex 31.4083 -20.7312 2.5
      vertex 31.4083 -23.2688 2.5
      vertex 31.5212 -23.3156 2.5
    endloop
  endfacet
  facet normal -0 0 1
    outer loop
      vertex 31.3 -20.7876 2.5
      vertex 31.4083 -23.2688 2.5
      vertex 31.4083 -20.7312 2.5
    endloop
  endfacet
  facet normal 0 0 1
    outer loop
      vertex 31.3 -20.7876 2.5
      vertex 31.3 -23.2124 2.5
      vertex 31.4083 -23.2688 2.5
    endloop
  endfacet
  facet normal -0 0 1
    outer loop
      vertex 31.197 -20.8532 2.5
      vertex 31.3 -23.2124 2.5
      vertex 31.3 -20.7876 2.5
    endloop
  endfacet
  facet normal 0 0 1
    outer loop
      vertex 31.197 -20.8532 2.5
      vertex 31.197 -23.1468 2.5
      vertex 31.3 -23.2124 2.5
    endloop
  endfacet
  facet normal -0 0 1
    outer loop
      vertex 31.1001 -20.9275 2.5
      vertex 31.197 -23.1468 2.5
      vertex 31.197 -20.8532 2.5
    endloop
  endfacet
  facet normal 0 0 1
    outer loop
      vertex 31.1001 -20.9275 2.5
      vertex 31.1001 -23.0725 2.5
      vertex 31.197 -23.1468 2.5
    endloop
  endfacet
  facet normal -0 0 1
    outer loop
      vertex 31.0101 -21.0101 2.5
      vertex 31.1001 -23.0725 2.5
      vertex 31.1001 -20.9275 2.5
    endloop
  endfacet
  facet normal 0 0 1
    outer loop
      vertex 31.0101 -21.0101 2.5
      vertex 31.0101 -22.9899 2.5
      vertex 31.1001 -23.0725 2.5
    endloop
  endfacet
  facet normal -0 0 1
    outer loop
      vertex 30.9275 -21.1001 2.5
      vertex 31.0101 -22.9899 2.5
      vertex 31.0101 -21.0101 2.5
    endloop
  endfacet
  facet normal 0 0 1
    outer loop
      vertex 30.9275 -21.1001 2.5
      vertex 30.9275 -22.8999 2.5
      vertex 31.0101 -22.9899 2.5
    endloop
  endfacet
  facet normal -0 0 1
    outer loop
      vertex 30.8532 -21.197 2.5
      vertex 30.9275 -22.8999 2.5
      vertex 30.9275 -21.1001 2.5
    endloop
  endfacet
  facet normal 0 0 1
    outer loop
      vertex 30.8532 -21.197 2.5
      vertex 30.8532 -22.803 2.5
      vertex 30.9275 -22.8999 2.5
    endloop
  endfacet
  facet normal -0 0 1
    outer loop
      vertex 30.7876 -21.3 2.5
      vertex 30.8532 -22.803 2.5
      vertex 30.8532 -21.197 2.5
    endloop
  endfacet
  facet normal 0 0 1
    outer loop
      vertex 30.7876 -21.3 2.5
      vertex 30.7876 -22.7 2.5
      vertex 30.8532 -22.803 2.5
    endloop
  endfacet
  facet normal -0 0 1
    outer loop
      vertex 30.7312 -21.4083 2.5
      vertex 30.7876 -22.7 2.5
      vertex 30.7876 -21.3 2.5
    endloop
  endfacet
  facet normal 0 0 1
    outer loop
      vertex 30.7312 -21.4083 2.5
      vertex 30.7312 -22.5917 2.5
      vertex 30.7876 -22.7 2.5
    endloop
  endfacet
  facet normal -0 0 1
    outer loop
      vertex 30.6844 -21.5212 2.5
      vertex 30.7312 -22.5917 2.5
      vertex 30.7312 -21.4083 2.5
    endloop
  endfacet
  facet normal 0 0 1
    outer loop
      vertex 30.6844 -21.5212 2.5
      vertex 30.6844 -22.4788 2.5
      vertex 30.7312 -22.5917 2.5
    endloop
  endfacet
  facet normal -0 0 1
    outer loop
      vertex 30.6477 -21.6377 2.5
      vertex 30.6844 -22.4788 2.5
      vertex 30.6844 -21.5212 2.5
    endloop
  endfacet
  facet normal 0 0 1
    outer loop
      vertex 30.6477 -21.6377 2.5
      vertex 30.6477 -22.3623 2.5
      vertex 30.6844 -22.4788 2.5
    endloop
  endfacet
  facet normal -0 0 1
    outer loop
      vertex 30.6213 -21.7569 2.5
      vertex 30.6477 -22.3623 2.5
      vertex 30.6477 -21.6377 2.5
    endloop
  endfacet
  facet normal 0 0 1
    outer loop
      vertex 30.6213 -21.7569 2.5
      vertex 30.6213 -22.2431 2.5
      vertex 30.6477 -22.3623 2.5
    endloop
  endfacet
  facet normal -0 0 1
    outer loop
      vertex 30.6053 -21.878 2.5
      vertex 30.6213 -22.2431 2.5
      vertex 30.6213 -21.7569 2.5
    endloop
  endfacet
  facet normal 0 0 1
    outer loop
      vertex 30.6053 -21.878 2.5
      vertex 30.6053 -22.122 2.5
      vertex 30.6213 -22.2431 2.5
    endloop
  endfacet
  facet normal 0 -0 1
    outer loop
      vertex 30.6053 -22.122 2.5
      vertex 30.6053 -21.878 2.5
      vertex 30.6 -22 2.5
    endloop
  endfacet
  facet normal 0 0 1
    outer loop
      vertex 33.3947 22.122 2.5
      vertex 33.3947 21.878 2.5
      vertex 33.4 22 2.5
    endloop
  endfacet
  facet normal 0 0 1
    outer loop
      vertex 33.3787 22.2431 2.5
      vertex 33.3947 21.878 2.5
      vertex 33.3947 22.122 2.5
    endloop
  endfacet
  facet normal 0 0 1
    outer loop
      vertex 33.3787 22.2431 2.5
      vertex 33.3787 21.7569 2.5
      vertex 33.3947 21.878 2.5
    endloop
  endfacet
  facet normal 0 0 1
    outer loop
      vertex 33.3523 22.3623 2.5
      vertex 33.3787 21.7569 2.5
      vertex 33.3787 22.2431 2.5
    endloop
  endfacet
  facet normal 0 0 1
    outer loop
      vertex 33.3523 22.3623 2.5
      vertex 33.3523 21.6377 2.5
      vertex 33.3787 21.7569 2.5
    endloop
  endfacet
  facet normal 0 0 1
    outer loop
      vertex 33.3156 22.4788 2.5
      vertex 33.3523 21.6377 2.5
      vertex 33.3523 22.3623 2.5
    endloop
  endfacet
  facet normal 0 0 1
    outer loop
      vertex 33.3156 22.4788 2.5
      vertex 33.3156 21.5212 2.5
      vertex 33.3523 21.6377 2.5
    endloop
  endfacet
  facet normal 0 0 1
    outer loop
      vertex 33.2688 22.5917 2.5
      vertex 33.3156 21.5212 2.5
      vertex 33.3156 22.4788 2.5
    endloop
  endfacet
  facet normal 0 0 1
    outer loop
      vertex 33.2688 22.5917 2.5
      vertex 33.2688 21.4083 2.5
      vertex 33.3156 21.5212 2.5
    endloop
  endfacet
  facet normal 0 0 1
    outer loop
      vertex 33.2124 22.7 2.5
      vertex 33.2688 21.4083 2.5
      vertex 33.2688 22.5917 2.5
    endloop
  endfacet
  facet normal 0 0 1
    outer loop
      vertex 33.2124 22.7 2.5
      vertex 33.2124 21.3 2.5
      vertex 33.2688 21.4083 2.5
    endloop
  endfacet
  facet normal 0 0 1
    outer loop
      vertex 33.1468 22.803 2.5
      vertex 33.2124 21.3 2.5
      vertex 33.2124 22.7 2.5
    endloop
  endfacet
  facet normal 0 0 1
    outer loop
      vertex 33.1468 22.803 2.5
      vertex 33.1468 21.197 2.5
      vertex 33.2124 21.3 2.5
    endloop
  endfacet
  facet normal 0 0 1
    outer loop
      vertex 33.0725 22.8999 2.5
      vertex 33.1468 21.197 2.5
      vertex 33.1468 22.803 2.5
    endloop
  endfacet
  facet normal 0 0 1
    outer loop
      vertex 33.0725 22.8999 2.5
      vertex 33.0725 21.1001 2.5
      vertex 33.1468 21.197 2.5
    endloop
  endfacet
  facet normal 0 0 1
    outer loop
      vertex 32.9899 22.9899 2.5
      vertex 33.0725 21.1001 2.5
      vertex 33.0725 22.8999 2.5
    endloop
  endfacet
  facet normal 0 0 1
    outer loop
      vertex 32.9899 22.9899 2.5
      vertex 32.9899 21.0101 2.5
      vertex 33.0725 21.1001 2.5
    endloop
  endfacet
  facet normal 0 0 1
    outer loop
      vertex 32.8999 23.0725 2.5
      vertex 32.9899 21.0101 2.5
      vertex 32.9899 22.9899 2.5
    endloop
  endfacet
  facet normal 0 0 1
    outer loop
      vertex 32.8999 23.0725 2.5
      vertex 32.8999 20.9275 2.5
      vertex 32.9899 21.0101 2.5
    endloop
  endfacet
  facet normal 0 0 1
    outer loop
      vertex 32.803 23.1468 2.5
      vertex 32.8999 20.9275 2.5
      vertex 32.8999 23.0725 2.5
    endloop
  endfacet
  facet normal 0 0 1
    outer loop
      vertex 32.803 23.1468 2.5
      vertex 32.803 20.8532 2.5
      vertex 32.8999 20.9275 2.5
    endloop
  endfacet
  facet normal 0 0 1
    outer loop
      vertex 32.7 23.2124 2.5
      vertex 32.803 20.8532 2.5
      vertex 32.803 23.1468 2.5
    endloop
  endfacet
  facet normal 0 0 1
    outer loop
      vertex 32.7 23.2124 2.5
      vertex 32.7 20.7876 2.5
      vertex 32.803 20.8532 2.5
    endloop
  endfacet
  facet normal 0 0 1
    outer loop
      vertex 32.5917 23.2688 2.5
      vertex 32.7 20.7876 2.5
      vertex 32.7 23.2124 2.5
    endloop
  endfacet
  facet normal 0 0 1
    outer loop
      vertex 32.5917 23.2688 2.5
      vertex 32.5917 20.7312 2.5
      vertex 32.7 20.7876 2.5
    endloop
  endfacet
  facet normal 0 0 1
    outer loop
      vertex 32.4788 23.3156 2.5
      vertex 32.5917 20.7312 2.5
      vertex 32.5917 23.2688 2.5
    endloop
  endfacet
  facet normal 0 0 1
    outer loop
      vertex 32.4788 23.3156 2.5
      vertex 32.4788 20.6844 2.5
      vertex 32.5917 20.7312 2.5
    endloop
  endfacet
  facet normal 0 0 1
    outer loop
      vertex 32.3623 23.3523 2.5
      vertex 32.4788 20.6844 2.5
      vertex 32.4788 23.3156 2.5
    endloop
  endfacet
  facet normal 0 0 1
    outer loop
      vertex 32.3623 23.3523 2.5
      vertex 32.3623 20.6477 2.5
      vertex 32.4788 20.6844 2.5
    endloop
  endfacet
  facet normal 0 0 1
    outer loop
      vertex 32.2431 23.3787 2.5
      vertex 32.3623 20.6477 2.5
      vertex 32.3623 23.3523 2.5
    endloop
  endfacet
  facet normal 0 0 1
    outer loop
      vertex 32.2431 23.3787 2.5
      vertex 32.2431 20.6213 2.5
      vertex 32.3623 20.6477 2.5
    endloop
  endfacet
  facet normal 0 0 1
    outer loop
      vertex 32.122 23.3947 2.5
      vertex 32.2431 20.6213 2.5
      vertex 32.2431 23.3787 2.5
    endloop
  endfacet
  facet normal 0 0 1
    outer loop
      vertex 32.122 23.3947 2.5
      vertex 32.122 20.6053 2.5
      vertex 32.2431 20.6213 2.5
    endloop
  endfacet
  facet normal 0 0 1
    outer loop
      vertex 32 23.4 2.5
      vertex 32.122 20.6053 2.5
      vertex 32.122 23.3947 2.5
    endloop
  endfacet
  facet normal 0 0 1
    outer loop
      vertex 32 23.4 2.5
      vertex 32 20.6 2.5
      vertex 32.122 20.6053 2.5
    endloop
  endfacet
  facet normal -0 0 1
    outer loop
      vertex 31.878 23.3947 2.5
      vertex 32 20.6 2.5
      vertex 32 23.4 2.5
    endloop
  endfacet
  facet normal 0 0 1
    outer loop
      vertex 31.878 23.3947 2.5
      vertex 31.878 20.6053 2.5
      vertex 32 20.6 2.5
    endloop
  endfacet
  facet normal -0 0 1
    outer loop
      vertex 31.7569 23.3787 2.5
      vertex 31.878 20.6053 2.5
      vertex 31.878 23.3947 2.5
    endloop
  endfacet
  facet normal 0 0 1
    outer loop
      vertex 31.7569 23.3787 2.5
      vertex 31.7569 20.6213 2.5
      vertex 31.878 20.6053 2.5
    endloop
  endfacet
  facet normal -0 0 1
    outer loop
      vertex 31.6377 23.3523 2.5
      vertex 31.7569 20.6213 2.5
      vertex 31.7569 23.3787 2.5
    endloop
  endfacet
  facet normal 0 0 1
    outer loop
      vertex 31.6377 23.3523 2.5
      vertex 31.6377 20.6477 2.5
      vertex 31.7569 20.6213 2.5
    endloop
  endfacet
  facet normal -0 0 1
    outer loop
      vertex 31.5212 23.3156 2.5
      vertex 31.6377 20.6477 2.5
      vertex 31.6377 23.3523 2.5
    endloop
  endfacet
  facet normal 0 0 1
    outer loop
      vertex 31.5212 23.3156 2.5
      vertex 31.5212 20.6844 2.5
      vertex 31.6377 20.6477 2.5
    endloop
  endfacet
  facet normal -0 0 1
    outer loop
      vertex 31.4083 23.2688 2.5
      vertex 31.5212 20.6844 2.5
      vertex 31.5212 23.3156 2.5
    endloop
  endfacet
  facet normal 0 0 1
    outer loop
      vertex 31.4083 23.2688 2.5
      vertex 31.4083 20.7312 2.5
      vertex 31.5212 20.6844 2.5
    endloop
  endfacet
  facet normal -0 0 1
    outer loop
      vertex 31.3 23.2124 2.5
      vertex 31.4083 20.7312 2.5
      vertex 31.4083 23.2688 2.5
    endloop
  endfacet
  facet normal 0 0 1
    outer loop
      vertex 31.3 23.2124 2.5
      vertex 31.3 20.7876 2.5
      vertex 31.4083 20.7312 2.5
    endloop
  endfacet
  facet normal -0 0 1
    outer loop
      vertex 31.197 23.1468 2.5
      vertex 31.3 20.7876 2.5
      vertex 31.3 23.2124 2.5
    endloop
  endfacet
  facet normal 0 0 1
    outer loop
      vertex 31.197 23.1468 2.5
      vertex 31.197 20.8532 2.5
      vertex 31.3 20.7876 2.5
    endloop
  endfacet
  facet normal -0 0 1
    outer loop
      vertex 31.1001 23.0725 2.5
      vertex 31.197 20.8532 2.5
      vertex 31.197 23.1468 2.5
    endloop
  endfacet
  facet normal 0 0 1
    outer loop
      vertex 31.1001 23.0725 2.5
      vertex 31.1001 20.9275 2.5
      vertex 31.197 20.8532 2.5
    endloop
  endfacet
  facet normal -0 0 1
    outer loop
      vertex 31.0101 22.9899 2.5
      vertex 31.1001 20.9275 2.5
      vertex 31.1001 23.0725 2.5
    endloop
  endfacet
  facet normal 0 0 1
    outer loop
      vertex 31.0101 22.9899 2.5
      vertex 31.0101 21.0101 2.5
      vertex 31.1001 20.9275 2.5
    endloop
  endfacet
  facet normal -0 0 1
    outer loop
      vertex 30.9275 22.8999 2.5
      vertex 31.0101 21.0101 2.5
      vertex 31.0101 22.9899 2.5
    endloop
  endfacet
  facet normal 0 0 1
    outer loop
      vertex 30.9275 22.8999 2.5
      vertex 30.9275 21.1001 2.5
      vertex 31.0101 21.0101 2.5
    endloop
  endfacet
  facet normal -0 0 1
    outer loop
      vertex 30.8532 22.803 2.5
      vertex 30.9275 21.1001 2.5
      vertex 30.9275 22.8999 2.5
    endloop
  endfacet
  facet normal 0 0 1
    outer loop
      vertex 30.8532 22.803 2.5
      vertex 30.8532 21.197 2.5
      vertex 30.9275 21.1001 2.5
    endloop
  endfacet
  facet normal -0 0 1
    outer loop
      vertex 30.7876 22.7 2.5
      vertex 30.8532 21.197 2.5
      vertex 30.8532 22.803 2.5
    endloop
  endfacet
  facet normal 0 0 1
    outer loop
      vertex 30.7876 22.7 2.5
      vertex 30.7876 21.3 2.5
      vertex 30.8532 21.197 2.5
    endloop
  endfacet
  facet normal -0 0 1
    outer loop
      vertex 30.7312 22.5917 2.5
      vertex 30.7876 21.3 2.5
      vertex 30.7876 22.7 2.5
    endloop
  endfacet
  facet normal 0 0 1
    outer loop
      vertex 30.7312 22.5917 2.5
      vertex 30.7312 21.4083 2.5
      vertex 30.7876 21.3 2.5
    endloop
  endfacet
  facet normal -0 0 1
    outer loop
      vertex 30.6844 22.4788 2.5
      vertex 30.7312 21.4083 2.5
      vertex 30.7312 22.5917 2.5
    endloop
  endfacet
  facet normal 0 0 1
    outer loop
      vertex 30.6844 22.4788 2.5
      vertex 30.6844 21.5212 2.5
      vertex 30.7312 21.4083 2.5
    endloop
  endfacet
  facet normal -0 0 1
    outer loop
      vertex 30.6477 22.3623 2.5
      vertex 30.6844 21.5212 2.5
      vertex 30.6844 22.4788 2.5
    endloop
  endfacet
  facet normal 0 0 1
    outer loop
      vertex 30.6477 22.3623 2.5
      vertex 30.6477 21.6377 2.5
      vertex 30.6844 21.5212 2.5
    endloop
  endfacet
  facet normal -0 0 1
    outer loop
      vertex 30.6213 22.2431 2.5
      vertex 30.6477 21.6377 2.5
      vertex 30.6477 22.3623 2.5
    endloop
  endfacet
  facet normal 0 0 1
    outer loop
      vertex 30.6213 22.2431 2.5
      vertex 30.6213 21.7569 2.5
      vertex 30.6477 21.6377 2.5
    endloop
  endfacet
  facet normal -0 0 1
    outer loop
      vertex 30.6053 22.122 2.5
      vertex 30.6213 21.7569 2.5
      vertex 30.6213 22.2431 2.5
    endloop
  endfacet
  facet normal 0 0 1
    outer loop
      vertex 30.6053 22.122 2.5
      vertex 30.6053 21.878 2.5
      vertex 30.6213 21.7569 2.5
    endloop
  endfacet
  facet normal 0 -0 1
    outer loop
      vertex 30.6053 21.878 2.5
      vertex 30.6053 22.122 2.5
      vertex 30.6 22 2.5
    endloop
  endfacet
  facet normal 0.536579 0.84385 -0
    outer loop
      vertex -34.75 -24.933 2.5
      vertex -34.7868 -24.9096 38
      vertex -34.75 -24.933 38
    endloop
  endfacet
  facet normal 0.536579 0.84385 0
    outer loop
      vertex -34.7868 -24.9096 38
      vertex -34.75 -24.933 2.5
      vertex -34.7868 -24.9096 2.5
    endloop
  endfacet
  facet normal -1 0 0
    outer loop
      vertex 35 -24.5 2.5
      vertex 35 -23.7988 38
      vertex 35 -23.7988 2.5
    endloop
  endfacet
  facet normal -1 -0 0
    outer loop
      vertex 35 -23.7988 38
      vertex 35 -24.5 2.5
      vertex 35 -24.5 38
    endloop
  endfacet
  facet normal -1 0 0
    outer loop
      vertex 35 23.7988 2.5
      vertex 35 24.5 38
      vertex 35 24.5 2.5
    endloop
  endfacet
  facet normal -1 -0 0
    outer loop
      vertex 35 24.5 38
      vertex 35 23.7988 2.5
      vertex 35 23.7988 38
    endloop
  endfacet
  facet normal -1 0 0
    outer loop
      vertex 35 -4.05 26.0148
      vertex 35 -7.50628 28.0062
      vertex 35 -7.5 28.15
    endloop
  endfacet
  facet normal -1 0 0
    outer loop
      vertex 35 -7.0148 23.05
      vertex 35 -7.52507 27.8635
      vertex 35 -7.50628 28.0062
    endloop
  endfacet
  facet normal -1 0 0
    outer loop
      vertex 35 -7.0148 23.05
      vertex 35 -7.55622 27.7229
      vertex 35 -7.52507 27.8635
    endloop
  endfacet
  facet normal -1 0 0
    outer loop
      vertex 35 -7.0148 23.05
      vertex 35 -7.59951 27.5857
      vertex 35 -7.55622 27.7229
    endloop
  endfacet
  facet normal -1 0 0
    outer loop
      vertex 35 -9.57705 26.5562
      vertex 35 -7.34109 22.4232
      vertex 35 -7.61151 21.7704
    endloop
  endfacet
  facet normal -1 0 0
    outer loop
      vertex 35 -7.0148 23.05
      vertex 35 -7.65459 27.4527
      vertex 35 -7.59951 27.5857
    endloop
  endfacet
  facet normal -1 0 0
    outer loop
      vertex 35 -7.0148 23.05
      vertex 35 -7.72106 27.325
      vertex 35 -7.65459 27.4527
    endloop
  endfacet
  facet normal -1 0 0
    outer loop
      vertex 35 -7.0148 23.05
      vertex 35 -7.7984 27.2036
      vertex 35 -7.72106 27.325
    endloop
  endfacet
  facet normal -1 0 0
    outer loop
      vertex 35 -9.84732 26.6546
      vertex 35 -7.61151 21.7704
      vertex 35 -7.824 21.0964
    endloop
  endfacet
  facet normal -1 0 0
    outer loop
      vertex 35 -7.0148 23.05
      vertex 35 -7.88603 27.0894
      vertex 35 -7.7984 27.2036
    endloop
  endfacet
  facet normal -1 0 0
    outer loop
      vertex 35 -10.0964 26.7984
      vertex 35 -7.824 21.0964
      vertex 35 -7.97694 20.4065
    endloop
  endfacet
  facet normal -1 0 0
    outer loop
      vertex 35 -7.0148 23.05
      vertex 35 -7.98327 26.9833
      vertex 35 -7.88603 27.0894
    endloop
  endfacet
  facet normal -1 0 0
    outer loop
      vertex 35 -10.3167 26.9833
      vertex 35 -7.97694 20.4065
      vertex 35 -8.06918 19.706
    endloop
  endfacet
  facet normal -1 0 0
    outer loop
      vertex 35 -7.0148 23.05
      vertex 35 -8.0894 26.886
      vertex 35 -7.98327 26.9833
    endloop
  endfacet
  facet normal -1 0 0
    outer loop
      vertex 35 -10.5016 27.2036
      vertex 35 -8.06918 19.706
      vertex 35 -8.1 19
    endloop
  endfacet
  facet normal -1 0 0
    outer loop
      vertex 35 -9.15 11.5
      vertex 35 -7.0148 14.95
      vertex 35 -9.00619 11.4937
    endloop
  endfacet
  facet normal -1 0 0
    outer loop
      vertex 35 -7.0148 23.05
      vertex 35 -8.2036 26.7984
      vertex 35 -8.0894 26.886
    endloop
  endfacet
  facet normal -1 0 0
    outer loop
      vertex 35 -9.29381 11.4937
      vertex 35 -7.0148 14.95
      vertex 35 -9.15 11.5
    endloop
  endfacet
  facet normal -1 0 0
    outer loop
      vertex 35 -7.0148 23.05
      vertex 35 -8.325 26.7211
      vertex 35 -8.2036 26.7984
    endloop
  endfacet
  facet normal -1 -0 0
    outer loop
      vertex 35 -7.0148 14.95
      vertex 35 -9.29381 11.4937
      vertex 35 -7.34109 15.5768
    endloop
  endfacet
  facet normal -1 0 0
    outer loop
      vertex 35 -7.0148 23.05
      vertex 35 -8.45268 26.6546
      vertex 35 -8.325 26.7211
    endloop
  endfacet
  facet normal -1 0 0
    outer loop
      vertex 35 -9.43652 11.4749
      vertex 35 -7.34109 15.5768
      vertex 35 -9.29381 11.4937
    endloop
  endfacet
  facet normal -1 0 0
    outer loop
      vertex 35 -7.0148 23.05
      vertex 35 -8.58567 26.5995
      vertex 35 -8.45268 26.6546
    endloop
  endfacet
  facet normal -1 0 0
    outer loop
      vertex 35 -9.57705 11.4438
      vertex 35 -7.34109 15.5768
      vertex 35 -9.43652 11.4749
    endloop
  endfacet
  facet normal -1 0 0
    outer loop
      vertex 35 -7.0148 23.05
      vertex 35 -8.72295 26.5562
      vertex 35 -8.58567 26.5995
    endloop
  endfacet
  facet normal -1 -0 0
    outer loop
      vertex 35 -7.34109 15.5768
      vertex 35 -9.57705 11.4438
      vertex 35 -7.61151 16.2296
    endloop
  endfacet
  facet normal -1 0 0
    outer loop
      vertex 35 -7.0148 23.05
      vertex 35 -8.86348 26.5251
      vertex 35 -8.72295 26.5562
    endloop
  endfacet
  facet normal -1 0 0
    outer loop
      vertex 35 -9.71433 11.4005
      vertex 35 -7.61151 16.2296
      vertex 35 -9.57705 11.4438
    endloop
  endfacet
  facet normal -1 0 0
    outer loop
      vertex 35 -7.0148 23.05
      vertex 35 -9.00619 26.5063
      vertex 35 -8.86348 26.5251
    endloop
  endfacet
  facet normal -1 0 0
    outer loop
      vertex 35 -9.84732 11.3454
      vertex 35 -7.61151 16.2296
      vertex 35 -9.71433 11.4005
    endloop
  endfacet
  facet normal -1 0 0
    outer loop
      vertex 35 -7.0148 23.05
      vertex 35 -9.15 26.5
      vertex 35 -9.00619 26.5063
    endloop
  endfacet
  facet normal -1 -0 0
    outer loop
      vertex 35 -7.61151 16.2296
      vertex 35 -9.84732 11.3454
      vertex 35 -7.824 16.9036
    endloop
  endfacet
  facet normal -1 0 0
    outer loop
      vertex 35 -7.0148 23.05
      vertex 35 -9.29381 26.5063
      vertex 35 -9.15 26.5
    endloop
  endfacet
  facet normal -1 0 0
    outer loop
      vertex 35 -9.975 11.2789
      vertex 35 -7.824 16.9036
      vertex 35 -9.84732 11.3454
    endloop
  endfacet
  facet normal -1 0 0
    outer loop
      vertex 35 -7.34109 22.4232
      vertex 35 -9.43652 26.5251
      vertex 35 -9.29381 26.5063
    endloop
  endfacet
  facet normal -1 0 0
    outer loop
      vertex 35 -10.0964 11.2016
      vertex 35 -7.824 16.9036
      vertex 35 -9.975 11.2789
    endloop
  endfacet
  facet normal -1 0 0
    outer loop
      vertex 35 -7.34109 22.4232
      vertex 35 -9.57705 26.5562
      vertex 35 -9.43652 26.5251
    endloop
  endfacet
  facet normal -1 -0 0
    outer loop
      vertex 35 -7.824 16.9036
      vertex 35 -10.0964 11.2016
      vertex 35 -7.97694 17.5935
    endloop
  endfacet
  facet normal -1 0 0
    outer loop
      vertex 35 -7.61151 21.7704
      vertex 35 -9.71433 26.5995
      vertex 35 -9.57705 26.5562
    endloop
  endfacet
  facet normal -1 0 0
    outer loop
      vertex 35 -10.2106 11.114
      vertex 35 -7.97694 17.5935
      vertex 35 -10.0964 11.2016
    endloop
  endfacet
  facet normal -1 0 0
    outer loop
      vertex 35 -7.61151 21.7704
      vertex 35 -9.84732 26.6546
      vertex 35 -9.71433 26.5995
    endloop
  endfacet
  facet normal -1 0 0
    outer loop
      vertex 35 -10.3167 11.0167
      vertex 35 -7.97694 17.5935
      vertex 35 -10.2106 11.114
    endloop
  endfacet
  facet normal -1 0 0
    outer loop
      vertex 35 -7.824 21.0964
      vertex 35 -9.975 26.7211
      vertex 35 -9.84732 26.6546
    endloop
  endfacet
  facet normal -1 -0 0
    outer loop
      vertex 35 -7.97694 17.5935
      vertex 35 -10.3167 11.0167
      vertex 35 -8.06918 18.294
    endloop
  endfacet
  facet normal -1 0 0
    outer loop
      vertex 35 -7.824 21.0964
      vertex 35 -10.0964 26.7984
      vertex 35 -9.975 26.7211
    endloop
  endfacet
  facet normal -1 0 0
    outer loop
      vertex 35 -10.414 10.9106
      vertex 35 -8.06918 18.294
      vertex 35 -10.3167 11.0167
    endloop
  endfacet
  facet normal -1 0 0
    outer loop
      vertex 35 -7.97694 20.4065
      vertex 35 -10.2106 26.886
      vertex 35 -10.0964 26.7984
    endloop
  endfacet
  facet normal -1 0 0
    outer loop
      vertex 35 -10.5016 10.7964
      vertex 35 -8.06918 18.294
      vertex 35 -10.414 10.9106
    endloop
  endfacet
  facet normal -1 0 0
    outer loop
      vertex 35 -7.97694 20.4065
      vertex 35 -10.3167 26.9833
      vertex 35 -10.2106 26.886
    endloop
  endfacet
  facet normal -1 -0 0
    outer loop
      vertex 35 -8.06918 18.294
      vertex 35 -10.5016 10.7964
      vertex 35 -8.1 19
    endloop
  endfacet
  facet normal -1 0 0
    outer loop
      vertex 35 -8.06918 19.706
      vertex 35 -10.414 27.0894
      vertex 35 -10.3167 26.9833
    endloop
  endfacet
  facet normal -1 0 0
    outer loop
      vertex 35 -10.5016 27.2036
      vertex 35 -8.1 19
      vertex 35 -10.5016 10.7964
    endloop
  endfacet
  facet normal -1 0 0
    outer loop
      vertex 35 -8.06918 19.706
      vertex 35 -10.5016 27.2036
      vertex 35 -10.414 27.0894
    endloop
  endfacet
  facet normal -1 0 0
    outer loop
      vertex 35 -10.5789 10.675
      vertex 35 -10.5016 27.2036
      vertex 35 -10.5016 10.7964
    endloop
  endfacet
  facet normal -1 0 0
    outer loop
      vertex 35 -10.5789 10.675
      vertex 35 -10.5789 27.325
      vertex 35 -10.5016 27.2036
    endloop
  endfacet
  facet normal -1 0 0
    outer loop
      vertex 35 -20.2012 2.5
      vertex 35 -10.5789 10.675
      vertex 35 -10.6454 10.5473
    endloop
  endfacet
  facet normal -1 -0 0
    outer loop
      vertex 35 -10.5789 10.675
      vertex 35 -20.2012 2.5
      vertex 35 -10.5789 27.325
    endloop
  endfacet
  facet normal -1 0 0
    outer loop
      vertex 35 -20.2012 2.5
      vertex 35 -10.6454 10.5473
      vertex 35 -10.7005 10.4143
    endloop
  endfacet
  facet normal -1 -0 0
    outer loop
      vertex 35 -10.5789 27.325
      vertex 35 -20.2012 2.5
      vertex 35 -10.6454 27.4527
    endloop
  endfacet
  facet normal -1 0 0
    outer loop
      vertex 35 -20.2012 2.5
      vertex 35 -10.7005 10.4143
      vertex 35 -10.7438 10.2771
    endloop
  endfacet
  facet normal -1 -0 0
    outer loop
      vertex 35 -10.6454 27.4527
      vertex 35 -20.2012 2.5
      vertex 35 -10.7005 27.5857
    endloop
  endfacet
  facet normal -1 0 0
    outer loop
      vertex 35 -20.2012 2.5
      vertex 35 -10.7438 10.2771
      vertex 35 -10.7749 10.1365
    endloop
  endfacet
  facet normal -1 0 0
    outer loop
      vertex 35 -20.2012 38
      vertex 35 -10.7005 27.5857
      vertex 35 -20.2012 2.5
    endloop
  endfacet
  facet normal -1 0 0
    outer loop
      vertex 35 -20.2012 2.5
      vertex 35 -10.7749 10.1365
      vertex 35 -10.7937 9.99381
    endloop
  endfacet
  facet normal -1 0 0
    outer loop
      vertex 35 -10.7005 27.5857
      vertex 35 -20.2012 38
      vertex 35 -10.7438 27.7229
    endloop
  endfacet
  facet normal -1 0 0
    outer loop
      vertex 35 -20.2012 2.5
      vertex 35 -10.7937 9.99381
      vertex 35 -10.8 9.85
    endloop
  endfacet
  facet normal -1 0 0
    outer loop
      vertex 35 -10.7438 27.7229
      vertex 35 -20.2012 38
      vertex 35 -10.7749 27.8635
    endloop
  endfacet
  facet normal -1 0 0
    outer loop
      vertex 35 -7.72106 10.675
      vertex 35 -5.20658 12.795
      vertex 35 -7.65459 10.5473
    endloop
  endfacet
  facet normal -1 0 0
    outer loop
      vertex 35 -7.7984 10.7964
      vertex 35 -5.20658 12.795
      vertex 35 -7.72106 10.675
    endloop
  endfacet
  facet normal -1 -0 0
    outer loop
      vertex 35 -5.20658 12.795
      vertex 35 -7.7984 10.7964
      vertex 35 -5.72756 13.2724
    endloop
  endfacet
  facet normal -1 0 0
    outer loop
      vertex 35 -7.88603 10.9106
      vertex 35 -5.72756 13.2724
      vertex 35 -7.7984 10.7964
    endloop
  endfacet
  facet normal -1 0 0
    outer loop
      vertex 35 -7.98327 11.0167
      vertex 35 -5.72756 13.2724
      vertex 35 -7.88603 10.9106
    endloop
  endfacet
  facet normal -1 0 0
    outer loop
      vertex 35 -8.0894 11.114
      vertex 35 -5.72756 13.2724
      vertex 35 -7.98327 11.0167
    endloop
  endfacet
  facet normal -1 -0 0
    outer loop
      vertex 35 -5.72756 13.2724
      vertex 35 -8.0894 11.114
      vertex 35 -6.20496 13.7934
    endloop
  endfacet
  facet normal -1 0 0
    outer loop
      vertex 35 -8.2036 11.2016
      vertex 35 -6.20496 13.7934
      vertex 35 -8.0894 11.114
    endloop
  endfacet
  facet normal -1 0 0
    outer loop
      vertex 35 -8.325 11.2789
      vertex 35 -6.20496 13.7934
      vertex 35 -8.2036 11.2016
    endloop
  endfacet
  facet normal -1 0 0
    outer loop
      vertex 35 -8.45268 11.3454
      vertex 35 -6.20496 13.7934
      vertex 35 -8.325 11.2789
    endloop
  endfacet
  facet normal -1 -0 0
    outer loop
      vertex 35 -6.20496 13.7934
      vertex 35 -8.45268 11.3454
      vertex 35 -6.63513 14.354
    endloop
  endfacet
  facet normal -1 0 0
    outer loop
      vertex 35 -8.58567 11.4005
      vertex 35 -6.63513 14.354
      vertex 35 -8.45268 11.3454
    endloop
  endfacet
  facet normal -1 0 0
    outer loop
      vertex 35 -8.72295 11.4438
      vertex 35 -6.63513 14.354
      vertex 35 -8.58567 11.4005
    endloop
  endfacet
  facet normal -1 0 0
    outer loop
      vertex 35 -8.86348 11.4749
      vertex 35 -6.63513 14.354
      vertex 35 -8.72295 11.4438
    endloop
  endfacet
  facet normal -1 -0 0
    outer loop
      vertex 35 -6.63513 14.354
      vertex 35 -8.86348 11.4749
      vertex 35 -7.0148 14.95
    endloop
  endfacet
  facet normal -1 0 0
    outer loop
      vertex 35 -9.00619 11.4937
      vertex 35 -7.0148 14.95
      vertex 35 -8.86348 11.4749
    endloop
  endfacet
  facet normal -1 0 0
    outer loop
      vertex 35 10.7749 10.1365
      vertex 35 20.2012 2.5
      vertex 35 10.7937 9.99381
    endloop
  endfacet
  facet normal -1 0 0
    outer loop
      vertex 35 20.2012 2.5
      vertex 35 10.7937 28.0062
      vertex 35 10.8 28.15
    endloop
  endfacet
  facet normal -1 0 0
    outer loop
      vertex 35 10.7438 10.2771
      vertex 35 20.2012 2.5
      vertex 35 10.7749 10.1365
    endloop
  endfacet
  facet normal -1 0 0
    outer loop
      vertex 35 20.2012 2.5
      vertex 35 10.7749 27.8635
      vertex 35 10.7937 28.0062
    endloop
  endfacet
  facet normal -1 0 0
    outer loop
      vertex 35 10.7005 10.4143
      vertex 35 20.2012 2.5
      vertex 35 10.7438 10.2771
    endloop
  endfacet
  facet normal -1 0 0
    outer loop
      vertex 35 20.2012 2.5
      vertex 35 10.7438 27.7229
      vertex 35 10.7749 27.8635
    endloop
  endfacet
  facet normal -1 0 0
    outer loop
      vertex 35 10.6454 10.5473
      vertex 35 20.2012 2.5
      vertex 35 10.7005 10.4143
    endloop
  endfacet
  facet normal -1 0 0
    outer loop
      vertex 35 20.2012 2.5
      vertex 35 10.7005 27.5857
      vertex 35 10.7438 27.7229
    endloop
  endfacet
  facet normal -1 0 0
    outer loop
      vertex 35 10.5789 10.675
      vertex 35 20.2012 2.5
      vertex 35 10.6454 10.5473
    endloop
  endfacet
  facet normal -1 0 0
    outer loop
      vertex 35 20.2012 2.5
      vertex 35 10.6454 27.4527
      vertex 35 10.7005 27.5857
    endloop
  endfacet
  facet normal -1 0 0
    outer loop
      vertex 35 10.5789 27.325
      vertex 35 20.2012 2.5
      vertex 35 10.5789 10.675
    endloop
  endfacet
  facet normal -1 0 0
    outer loop
      vertex 35 20.2012 2.5
      vertex 35 10.5789 27.325
      vertex 35 10.6454 27.4527
    endloop
  endfacet
  facet normal -1 0 0
    outer loop
      vertex 35 10.5016 10.7964
      vertex 35 10.5789 27.325
      vertex 35 10.5789 10.675
    endloop
  endfacet
  facet normal -1 0 0
    outer loop
      vertex 35 10.5016 10.7964
      vertex 35 10.5016 27.2036
      vertex 35 10.5789 27.325
    endloop
  endfacet
  facet normal -1 0 0
    outer loop
      vertex 35 8.06918 18.294
      vertex 35 10.5016 10.7964
      vertex 35 10.414 10.9106
    endloop
  endfacet
  facet normal -1 0 0
    outer loop
      vertex 35 10.5016 10.7964
      vertex 35 8.1 19
      vertex 35 10.5016 27.2036
    endloop
  endfacet
  facet normal -1 0 0
    outer loop
      vertex 35 8.06918 18.294
      vertex 35 10.414 10.9106
      vertex 35 10.3167 11.0167
    endloop
  endfacet
  facet normal -1 0 0
    outer loop
      vertex 35 8.06918 19.706
      vertex 35 10.5016 27.2036
      vertex 35 8.1 19
    endloop
  endfacet
  facet normal -1 0 0
    outer loop
      vertex 35 7.97694 17.5935
      vertex 35 10.3167 11.0167
      vertex 35 10.2106 11.114
    endloop
  endfacet
  facet normal -1 0 0
    outer loop
      vertex 35 10.5016 27.2036
      vertex 35 8.06918 19.706
      vertex 35 10.414 27.0894
    endloop
  endfacet
  facet normal -1 0 0
    outer loop
      vertex 35 7.97694 17.5935
      vertex 35 10.2106 11.114
      vertex 35 10.0964 11.2016
    endloop
  endfacet
  facet normal -1 0 0
    outer loop
      vertex 35 10.414 27.0894
      vertex 35 8.06918 19.706
      vertex 35 10.3167 26.9833
    endloop
  endfacet
  facet normal -1 0 0
    outer loop
      vertex 35 7.824 16.9036
      vertex 35 10.0964 11.2016
      vertex 35 9.975 11.2789
    endloop
  endfacet
  facet normal -1 0 0
    outer loop
      vertex 35 7.97694 20.4065
      vertex 35 10.3167 26.9833
      vertex 35 8.06918 19.706
    endloop
  endfacet
  facet normal -1 0 0
    outer loop
      vertex 35 7.824 16.9036
      vertex 35 9.975 11.2789
      vertex 35 9.84732 11.3454
    endloop
  endfacet
  facet normal -1 0 0
    outer loop
      vertex 35 10.3167 26.9833
      vertex 35 7.97694 20.4065
      vertex 35 10.2106 26.886
    endloop
  endfacet
  facet normal -1 0 0
    outer loop
      vertex 35 7.61151 16.2296
      vertex 35 9.84732 11.3454
      vertex 35 9.71433 11.4005
    endloop
  endfacet
  facet normal -1 0 0
    outer loop
      vertex 35 10.2106 26.886
      vertex 35 7.97694 20.4065
      vertex 35 10.0964 26.7984
    endloop
  endfacet
  facet normal -1 0 0
    outer loop
      vertex 35 7.61151 16.2296
      vertex 35 9.71433 11.4005
      vertex 35 9.57705 11.4438
    endloop
  endfacet
  facet normal -1 0 0
    outer loop
      vertex 35 7.824 21.0964
      vertex 35 10.0964 26.7984
      vertex 35 7.97694 20.4065
    endloop
  endfacet
  facet normal -1 0 0
    outer loop
      vertex 35 7.34109 15.5768
      vertex 35 9.57705 11.4438
      vertex 35 9.43652 11.4749
    endloop
  endfacet
  facet normal -1 0 0
    outer loop
      vertex 35 10.0964 26.7984
      vertex 35 7.824 21.0964
      vertex 35 9.975 26.7211
    endloop
  endfacet
  facet normal -1 0 0
    outer loop
      vertex 35 7.34109 15.5768
      vertex 35 9.43652 11.4749
      vertex 35 9.29381 11.4937
    endloop
  endfacet
  facet normal -1 0 0
    outer loop
      vertex 35 9.975 26.7211
      vertex 35 7.824 21.0964
      vertex 35 9.84732 26.6546
    endloop
  endfacet
  facet normal -1 0 0
    outer loop
      vertex 35 7.0148 14.95
      vertex 35 9.29381 11.4937
      vertex 35 9.15 11.5
    endloop
  endfacet
  facet normal -1 0 0
    outer loop
      vertex 35 7.61151 21.7704
      vertex 35 9.84732 26.6546
      vertex 35 7.824 21.0964
    endloop
  endfacet
  facet normal -1 0 0
    outer loop
      vertex 35 7.0148 14.95
      vertex 35 9.15 11.5
      vertex 35 9.00619 11.4937
    endloop
  endfacet
  facet normal -1 0 0
    outer loop
      vertex 35 9.84732 26.6546
      vertex 35 7.61151 21.7704
      vertex 35 9.71433 26.5995
    endloop
  endfacet
  facet normal -1 0 0
    outer loop
      vertex 35 7.0148 14.95
      vertex 35 9.00619 11.4937
      vertex 35 8.86348 11.4749
    endloop
  endfacet
  facet normal -1 0 0
    outer loop
      vertex 35 9.71433 26.5995
      vertex 35 7.61151 21.7704
      vertex 35 9.57705 26.5562
    endloop
  endfacet
  facet normal -1 0 0
    outer loop
      vertex 35 6.63513 14.354
      vertex 35 8.86348 11.4749
      vertex 35 8.72295 11.4438
    endloop
  endfacet
  facet normal -1 0 0
    outer loop
      vertex 35 7.34109 22.4232
      vertex 35 9.57705 26.5562
      vertex 35 7.61151 21.7704
    endloop
  endfacet
  facet normal -1 0 0
    outer loop
      vertex 35 6.63513 14.354
      vertex 35 8.72295 11.4438
      vertex 35 8.58567 11.4005
    endloop
  endfacet
  facet normal -1 0 0
    outer loop
      vertex 35 9.57705 26.5562
      vertex 35 7.34109 22.4232
      vertex 35 9.43652 26.5251
    endloop
  endfacet
  facet normal -1 0 0
    outer loop
      vertex 35 6.63513 14.354
      vertex 35 8.58567 11.4005
      vertex 35 8.45268 11.3454
    endloop
  endfacet
  facet normal -1 0 0
    outer loop
      vertex 35 9.43652 26.5251
      vertex 35 7.34109 22.4232
      vertex 35 9.29381 26.5063
    endloop
  endfacet
  facet normal -1 0 0
    outer loop
      vertex 35 6.20496 13.7934
      vertex 35 8.45268 11.3454
      vertex 35 8.325 11.2789
    endloop
  endfacet
  facet normal -1 0 0
    outer loop
      vertex 35 7.0148 23.05
      vertex 35 9.29381 26.5063
      vertex 35 7.34109 22.4232
    endloop
  endfacet
  facet normal -1 0 0
    outer loop
      vertex 35 6.20496 13.7934
      vertex 35 8.325 11.2789
      vertex 35 8.2036 11.2016
    endloop
  endfacet
  facet normal -1 0 0
    outer loop
      vertex 35 9.29381 26.5063
      vertex 35 7.0148 23.05
      vertex 35 9.15 26.5
    endloop
  endfacet
  facet normal -1 -0 0
    outer loop
      vertex 35 9.15 26.5
      vertex 35 7.0148 23.05
      vertex 35 9.00619 26.5063
    endloop
  endfacet
  facet normal -1 0 0
    outer loop
      vertex 35 6.20496 13.7934
      vertex 35 8.2036 11.2016
      vertex 35 8.0894 11.114
    endloop
  endfacet
  facet normal -1 0 0
    outer loop
      vertex 35 10.5016 10.7964
      vertex 35 8.06918 18.294
      vertex 35 8.1 19
    endloop
  endfacet
  facet normal -1 0 0
    outer loop
      vertex 35 5.72756 13.2724
      vertex 35 8.0894 11.114
      vertex 35 7.98327 11.0167
    endloop
  endfacet
  facet normal -1 0 0
    outer loop
      vertex 35 10.3167 11.0167
      vertex 35 7.97694 17.5935
      vertex 35 8.06918 18.294
    endloop
  endfacet
  facet normal -1 0 0
    outer loop
      vertex 35 5.72756 13.2724
      vertex 35 7.98327 11.0167
      vertex 35 7.88603 10.9106
    endloop
  endfacet
  facet normal -1 0 0
    outer loop
      vertex 35 10.0964 11.2016
      vertex 35 7.824 16.9036
      vertex 35 7.97694 17.5935
    endloop
  endfacet
  facet normal -1 0 0
    outer loop
      vertex 35 5.72756 13.2724
      vertex 35 7.88603 10.9106
      vertex 35 7.7984 10.7964
    endloop
  endfacet
  facet normal -1 0 0
    outer loop
      vertex 35 5.20658 12.795
      vertex 35 7.7984 10.7964
      vertex 35 7.72106 10.675
    endloop
  endfacet
  facet normal -1 0 0
    outer loop
      vertex 35 5.20658 12.795
      vertex 35 7.72106 10.675
      vertex 35 7.65459 10.5473
    endloop
  endfacet
  facet normal -1 0 0
    outer loop
      vertex 35 9.84732 11.3454
      vertex 35 7.61151 16.2296
      vertex 35 7.824 16.9036
    endloop
  endfacet
  facet normal -1 0 0
    outer loop
      vertex 35 4.64597 12.3649
      vertex 35 7.65459 10.5473
      vertex 35 7.59951 10.4143
    endloop
  endfacet
  facet normal -1 0 0
    outer loop
      vertex 35 4.64597 12.3649
      vertex 35 7.59951 10.4143
      vertex 35 7.55622 10.2771
    endloop
  endfacet
  facet normal -1 0 0
    outer loop
      vertex 35 4.64597 12.3649
      vertex 35 7.55622 10.2771
      vertex 35 7.52507 10.1365
    endloop
  endfacet
  facet normal -1 0 0
    outer loop
      vertex 35 4.05 11.9852
      vertex 35 7.52507 10.1365
      vertex 35 7.50628 9.99381
    endloop
  endfacet
  facet normal -1 0 0
    outer loop
      vertex 35 4.05 11.9852
      vertex 35 7.50628 9.99381
      vertex 35 7.5 9.85
    endloop
  endfacet
  facet normal -1 0 0
    outer loop
      vertex 35 9.57705 11.4438
      vertex 35 7.34109 15.5768
      vertex 35 7.61151 16.2296
    endloop
  endfacet
  facet normal -1 0 0
    outer loop
      vertex 35 10.7937 9.99381
      vertex 35 20.2012 2.5
      vertex 35 10.8 9.85
    endloop
  endfacet
  facet normal -1 0 0
    outer loop
      vertex 35 20.2012 2.5
      vertex 35 10.7937 9.70619
      vertex 35 10.8 9.85
    endloop
  endfacet
  facet normal -1 0 0
    outer loop
      vertex 35 20.2012 2.5
      vertex 35 10.7749 9.56348
      vertex 35 10.7937 9.70619
    endloop
  endfacet
  facet normal -1 0 0
    outer loop
      vertex 35 20.2012 2.5
      vertex 35 10.7438 9.42295
      vertex 35 10.7749 9.56348
    endloop
  endfacet
  facet normal -1 0 0
    outer loop
      vertex 35 20.2012 2.5
      vertex 35 10.7005 9.28567
      vertex 35 10.7438 9.42295
    endloop
  endfacet
  facet normal -1 0 0
    outer loop
      vertex 35 20.2012 2.5
      vertex 35 10.6454 9.15268
      vertex 35 10.7005 9.28567
    endloop
  endfacet
  facet normal -1 0 0
    outer loop
      vertex 35 20.2012 2.5
      vertex 35 10.5789 9.025
      vertex 35 10.6454 9.15268
    endloop
  endfacet
  facet normal -1 0 0
    outer loop
      vertex 35 20.2012 2.5
      vertex 35 10.5016 8.9036
      vertex 35 10.5789 9.025
    endloop
  endfacet
  facet normal -1 0 0
    outer loop
      vertex 35 20.2012 2.5
      vertex 35 10.414 8.7894
      vertex 35 10.5016 8.9036
    endloop
  endfacet
  facet normal -1 0 0
    outer loop
      vertex 35 20.2012 2.5
      vertex 35 10.3167 8.68327
      vertex 35 10.414 8.7894
    endloop
  endfacet
  facet normal -1 0 0
    outer loop
      vertex 35 20.2012 2.5
      vertex 35 10.2106 8.58603
      vertex 35 10.3167 8.68327
    endloop
  endfacet
  facet normal -1 0 0
    outer loop
      vertex 35 20.2012 2.5
      vertex 35 10.0964 8.4984
      vertex 35 10.2106 8.58603
    endloop
  endfacet
  facet normal -1 0 0
    outer loop
      vertex 35 20.2012 2.5
      vertex 35 9.975 8.42106
      vertex 35 10.0964 8.4984
    endloop
  endfacet
  facet normal -1 0 0
    outer loop
      vertex 35 20.2012 2.5
      vertex 35 9.84732 8.35459
      vertex 35 9.975 8.42106
    endloop
  endfacet
  facet normal -1 0 0
    outer loop
      vertex 35 20.2012 2.5
      vertex 35 9.71433 8.29951
      vertex 35 9.84732 8.35459
    endloop
  endfacet
  facet normal -1 0 0
    outer loop
      vertex 35 20.2012 2.5
      vertex 35 9.57705 8.25622
      vertex 35 9.71433 8.29951
    endloop
  endfacet
  facet normal -1 0 0
    outer loop
      vertex 35 20.2012 2.5
      vertex 35 9.43652 8.22507
      vertex 35 9.57705 8.25622
    endloop
  endfacet
  facet normal -1 0 0
    outer loop
      vertex 35 20.2012 2.5
      vertex 35 9.29381 8.20628
      vertex 35 9.43652 8.22507
    endloop
  endfacet
  facet normal -1 0 0
    outer loop
      vertex 35 20.2012 2.5
      vertex 35 9.15 8.2
      vertex 35 9.29381 8.20628
    endloop
  endfacet
  facet normal -1 0 0
    outer loop
      vertex 35 20.2012 2.5
      vertex 35 9.00619 8.20628
      vertex 35 9.15 8.2
    endloop
  endfacet
  facet normal -1 0 0
    outer loop
      vertex 35 20.2012 2.5
      vertex 35 8.86348 8.22507
      vertex 35 9.00619 8.20628
    endloop
  endfacet
  facet normal -1 0 0
    outer loop
      vertex 35 20.2012 2.5
      vertex 35 8.72295 8.25622
      vertex 35 8.86348 8.22507
    endloop
  endfacet
  facet normal -1 0 0
    outer loop
      vertex 35 -8.72295 8.25622
      vertex 35 8.72295 8.25622
      vertex 35 20.2012 2.5
    endloop
  endfacet
  facet normal -1 0 0
    outer loop
      vertex 35 8.72295 8.25622
      vertex 35 -8.72295 8.25622
      vertex 35 8.58567 8.29951
    endloop
  endfacet
  facet normal -1 0 0
    outer loop
      vertex 35 9.29381 11.4937
      vertex 35 7.0148 14.95
      vertex 35 7.34109 15.5768
    endloop
  endfacet
  facet normal -1 0 0
    outer loop
      vertex 35 4.05 11.9852
      vertex 35 7.5 9.85
      vertex 35 7.50628 9.70619
    endloop
  endfacet
  facet normal -1 0 0
    outer loop
      vertex 35 8.86348 11.4749
      vertex 35 6.63513 14.354
      vertex 35 7.0148 14.95
    endloop
  endfacet
  facet normal -1 0 0
    outer loop
      vertex 35 3.42321 11.6589
      vertex 35 7.50628 9.70619
      vertex 35 7.52507 9.56348
    endloop
  endfacet
  facet normal -1 0 0
    outer loop
      vertex 35 8.45268 11.3454
      vertex 35 6.20496 13.7934
      vertex 35 6.63513 14.354
    endloop
  endfacet
  facet normal -1 0 0
    outer loop
      vertex 35 3.42321 11.6589
      vertex 35 7.52507 9.56348
      vertex 35 7.55622 9.42295
    endloop
  endfacet
  facet normal -1 0 0
    outer loop
      vertex 35 8.0894 11.114
      vertex 35 5.72756 13.2724
      vertex 35 6.20496 13.7934
    endloop
  endfacet
  facet normal -1 0 0
    outer loop
      vertex 35 2.77036 11.3885
      vertex 35 7.55622 9.42295
      vertex 35 7.59951 9.28567
    endloop
  endfacet
  facet normal -1 0 0
    outer loop
      vertex 35 2.77036 11.3885
      vertex 35 7.59951 9.28567
      vertex 35 7.65459 9.15268
    endloop
  endfacet
  facet normal -1 0 0
    outer loop
      vertex 35 7.7984 10.7964
      vertex 35 5.20658 12.795
      vertex 35 5.72756 13.2724
    endloop
  endfacet
  facet normal -1 0 0
    outer loop
      vertex 35 2.77036 11.3885
      vertex 35 7.65459 9.15268
      vertex 35 7.72106 9.025
    endloop
  endfacet
  facet normal -1 0 0
    outer loop
      vertex 35 2.09643 11.176
      vertex 35 7.72106 9.025
      vertex 35 7.7984 8.9036
    endloop
  endfacet
  facet normal -1 0 0
    outer loop
      vertex 35 7.65459 10.5473
      vertex 35 4.64597 12.3649
      vertex 35 5.20658 12.795
    endloop
  endfacet
  facet normal -1 0 0
    outer loop
      vertex 35 1.40655 11.0231
      vertex 35 7.7984 8.9036
      vertex 35 7.88603 8.7894
    endloop
  endfacet
  facet normal -1 0 0
    outer loop
      vertex 35 7.52507 10.1365
      vertex 35 4.05 11.9852
      vertex 35 4.64597 12.3649
    endloop
  endfacet
  facet normal -1 0 0
    outer loop
      vertex 35 1.40655 11.0231
      vertex 35 7.88603 8.7894
      vertex 35 7.98327 8.68327
    endloop
  endfacet
  facet normal -1 0 0
    outer loop
      vertex 35 0.705961 10.9308
      vertex 35 7.98327 8.68327
      vertex 35 8.0894 8.58603
    endloop
  endfacet
  facet normal -1 0 0
    outer loop
      vertex 35 7.50628 9.70619
      vertex 35 3.42321 11.6589
      vertex 35 4.05 11.9852
    endloop
  endfacet
  facet normal -1 0 0
    outer loop
      vertex 35 0.705961 10.9308
      vertex 35 8.0894 8.58603
      vertex 35 8.2036 8.4984
    endloop
  endfacet
  facet normal -1 0 0
    outer loop
      vertex 35 7.55622 9.42295
      vertex 35 2.77036 11.3885
      vertex 35 3.42321 11.6589
    endloop
  endfacet
  facet normal -1 0 0
    outer loop
      vertex 35 0 10.9
      vertex 35 8.2036 8.4984
      vertex 35 8.325 8.42106
    endloop
  endfacet
  facet normal -1 0 0
    outer loop
      vertex 35 7.72106 9.025
      vertex 35 2.09643 11.176
      vertex 35 2.77036 11.3885
    endloop
  endfacet
  facet normal -1 0 0
    outer loop
      vertex 35 -8.325 8.42106
      vertex 35 8.325 8.42106
      vertex 35 8.45268 8.35459
    endloop
  endfacet
  facet normal -1 0 -0
    outer loop
      vertex 35 -8.58567 8.29951
      vertex 35 8.58567 8.29951
      vertex 35 -8.72295 8.25622
    endloop
  endfacet
  facet normal -1 0 0
    outer loop
      vertex 35 7.7984 8.9036
      vertex 35 1.40655 11.0231
      vertex 35 2.09643 11.176
    endloop
  endfacet
  facet normal -1 0 0
    outer loop
      vertex 35 7.98327 8.68327
      vertex 35 0.705961 10.9308
      vertex 35 1.40655 11.0231
    endloop
  endfacet
  facet normal -1 0 0
    outer loop
      vertex 35 8.325 8.42106
      vertex 35 -8.325 8.42106
      vertex 35 0 10.9
    endloop
  endfacet
  facet normal -1 0 0
    outer loop
      vertex 35 8.2036 8.4984
      vertex 35 0 10.9
      vertex 35 0.705961 10.9308
    endloop
  endfacet
  facet normal -1 0 -0
    outer loop
      vertex 35 -8.2036 8.4984
      vertex 35 0 10.9
      vertex 35 -8.325 8.42106
    endloop
  endfacet
  facet normal -1 -0 0
    outer loop
      vertex 35 0 10.9
      vertex 35 -8.2036 8.4984
      vertex 35 -0.705961 10.9308
    endloop
  endfacet
  facet normal -1 0 -0
    outer loop
      vertex 35 -7.98327 8.68327
      vertex 35 -0.705961 10.9308
      vertex 35 -8.0894 8.58603
    endloop
  endfacet
  facet normal -1 -0 0
    outer loop
      vertex 35 -4.64597 12.3649
      vertex 35 -7.65459 10.5473
      vertex 35 -5.20658 12.795
    endloop
  endfacet
  facet normal -1 0 0
    outer loop
      vertex 35 -7.65459 10.5473
      vertex 35 -4.64597 12.3649
      vertex 35 -7.59951 10.4143
    endloop
  endfacet
  facet normal -1 0 0
    outer loop
      vertex 35 -7.59951 10.4143
      vertex 35 -4.64597 12.3649
      vertex 35 -7.55622 10.2771
    endloop
  endfacet
  facet normal -1 0 0
    outer loop
      vertex 35 -7.55622 10.2771
      vertex 35 -4.64597 12.3649
      vertex 35 -7.52507 10.1365
    endloop
  endfacet
  facet normal -1 -0 0
    outer loop
      vertex 35 -4.05 11.9852
      vertex 35 -7.52507 10.1365
      vertex 35 -4.64597 12.3649
    endloop
  endfacet
  facet normal -1 0 0
    outer loop
      vertex 35 -7.52507 10.1365
      vertex 35 -4.05 11.9852
      vertex 35 -7.50628 9.99381
    endloop
  endfacet
  facet normal -1 0 0
    outer loop
      vertex 35 -7.50628 9.99381
      vertex 35 -4.05 11.9852
      vertex 35 -7.5 9.85
    endloop
  endfacet
  facet normal -1 0 0
    outer loop
      vertex 35 -7.50628 9.70619
      vertex 35 -4.05 11.9852
      vertex 35 -3.42321 11.6589
    endloop
  endfacet
  facet normal -1 0 0
    outer loop
      vertex 35 -7.55622 9.42295
      vertex 35 -3.42321 11.6589
      vertex 35 -2.77036 11.3885
    endloop
  endfacet
  facet normal -1 0 -0
    outer loop
      vertex 35 -7.88603 8.7894
      vertex 35 -1.40655 11.0231
      vertex 35 -7.98327 8.68327
    endloop
  endfacet
  facet normal -1 0 0
    outer loop
      vertex 35 -4.05 11.9852
      vertex 35 -7.50628 9.70619
      vertex 35 -7.5 9.85
    endloop
  endfacet
  facet normal -1 0 0
    outer loop
      vertex 35 -3.42321 11.6589
      vertex 35 -7.52507 9.56348
      vertex 35 -7.50628 9.70619
    endloop
  endfacet
  facet normal -1 0 0
    outer loop
      vertex 35 -3.42321 11.6589
      vertex 35 -7.55622 9.42295
      vertex 35 -7.52507 9.56348
    endloop
  endfacet
  facet normal -1 0 0
    outer loop
      vertex 35 -2.77036 11.3885
      vertex 35 -7.59951 9.28567
      vertex 35 -7.55622 9.42295
    endloop
  endfacet
  facet normal -1 0 0
    outer loop
      vertex 35 -2.77036 11.3885
      vertex 35 -7.65459 9.15268
      vertex 35 -7.59951 9.28567
    endloop
  endfacet
  facet normal -1 0 0
    outer loop
      vertex 35 -2.77036 11.3885
      vertex 35 -7.72106 9.025
      vertex 35 -7.65459 9.15268
    endloop
  endfacet
  facet normal -1 -0 0
    outer loop
      vertex 35 -2.09643 11.176
      vertex 35 -7.72106 9.025
      vertex 35 -2.77036 11.3885
    endloop
  endfacet
  facet normal -1 0 -0
    outer loop
      vertex 35 -7.72106 9.025
      vertex 35 -2.09643 11.176
      vertex 35 -7.7984 8.9036
    endloop
  endfacet
  facet normal -1 -0 0
    outer loop
      vertex 35 -1.40655 11.0231
      vertex 35 -7.7984 8.9036
      vertex 35 -2.09643 11.176
    endloop
  endfacet
  facet normal -1 0 -0
    outer loop
      vertex 35 -7.7984 8.9036
      vertex 35 -1.40655 11.0231
      vertex 35 -7.88603 8.7894
    endloop
  endfacet
  facet normal -1 -0 0
    outer loop
      vertex 35 -0.705961 10.9308
      vertex 35 -7.98327 8.68327
      vertex 35 -1.40655 11.0231
    endloop
  endfacet
  facet normal -1 0 -0
    outer loop
      vertex 35 -8.0894 8.58603
      vertex 35 -0.705961 10.9308
      vertex 35 -8.2036 8.4984
    endloop
  endfacet
  facet normal -1 0 0
    outer loop
      vertex 35 8.45268 8.35459
      vertex 35 -8.45268 8.35459
      vertex 35 -8.325 8.42106
    endloop
  endfacet
  facet normal -1 -0 0
    outer loop
      vertex 35 8.45268 8.35459
      vertex 35 -8.58567 8.29951
      vertex 35 -8.45268 8.35459
    endloop
  endfacet
  facet normal -1 0 0
    outer loop
      vertex 35 8.58567 8.29951
      vertex 35 -8.58567 8.29951
      vertex 35 8.45268 8.35459
    endloop
  endfacet
  facet normal -1 0 0
    outer loop
      vertex 35 -20.2012 2.5
      vertex 35 -8.72295 8.25622
      vertex 35 20.2012 2.5
    endloop
  endfacet
  facet normal -1 0 0
    outer loop
      vertex 35 -8.72295 8.25622
      vertex 35 -20.2012 2.5
      vertex 35 -8.86348 8.22507
    endloop
  endfacet
  facet normal -1 0 0
    outer loop
      vertex 35 -8.86348 8.22507
      vertex 35 -20.2012 2.5
      vertex 35 -9.00619 8.20628
    endloop
  endfacet
  facet normal -1 0 0
    outer loop
      vertex 35 -9.00619 8.20628
      vertex 35 -20.2012 2.5
      vertex 35 -9.15 8.2
    endloop
  endfacet
  facet normal -1 -0 0
    outer loop
      vertex 35 -9.15 8.2
      vertex 35 -20.2012 2.5
      vertex 35 -9.29381 8.20628
    endloop
  endfacet
  facet normal -1 0 0
    outer loop
      vertex 35 -10.7749 27.8635
      vertex 35 -20.2012 38
      vertex 35 -10.7937 28.0062
    endloop
  endfacet
  facet normal -1 -0 0
    outer loop
      vertex 35 -10.7937 9.70619
      vertex 35 -20.2012 2.5
      vertex 35 -10.8 9.85
    endloop
  endfacet
  facet normal -1 -0 0
    outer loop
      vertex 35 -10.7749 9.56348
      vertex 35 -20.2012 2.5
      vertex 35 -10.7937 9.70619
    endloop
  endfacet
  facet normal -1 -0 0
    outer loop
      vertex 35 -10.7438 9.42295
      vertex 35 -20.2012 2.5
      vertex 35 -10.7749 9.56348
    endloop
  endfacet
  facet normal -1 -0 0
    outer loop
      vertex 35 -10.7005 9.28567
      vertex 35 -20.2012 2.5
      vertex 35 -10.7438 9.42295
    endloop
  endfacet
  facet normal -1 -0 0
    outer loop
      vertex 35 -10.6454 9.15268
      vertex 35 -20.2012 2.5
      vertex 35 -10.7005 9.28567
    endloop
  endfacet
  facet normal -1 -0 0
    outer loop
      vertex 35 -10.5789 9.025
      vertex 35 -20.2012 2.5
      vertex 35 -10.6454 9.15268
    endloop
  endfacet
  facet normal -1 -0 0
    outer loop
      vertex 35 -10.5016 8.9036
      vertex 35 -20.2012 2.5
      vertex 35 -10.5789 9.025
    endloop
  endfacet
  facet normal -1 -0 0
    outer loop
      vertex 35 -10.414 8.7894
      vertex 35 -20.2012 2.5
      vertex 35 -10.5016 8.9036
    endloop
  endfacet
  facet normal -1 -0 0
    outer loop
      vertex 35 -10.3167 8.68327
      vertex 35 -20.2012 2.5
      vertex 35 -10.414 8.7894
    endloop
  endfacet
  facet normal -1 -0 0
    outer loop
      vertex 35 -10.2106 8.58603
      vertex 35 -20.2012 2.5
      vertex 35 -10.3167 8.68327
    endloop
  endfacet
  facet normal -1 -0 0
    outer loop
      vertex 35 -10.0964 8.4984
      vertex 35 -20.2012 2.5
      vertex 35 -10.2106 8.58603
    endloop
  endfacet
  facet normal -1 -0 0
    outer loop
      vertex 35 -9.975 8.42106
      vertex 35 -20.2012 2.5
      vertex 35 -10.0964 8.4984
    endloop
  endfacet
  facet normal -1 -0 0
    outer loop
      vertex 35 -9.84732 8.35459
      vertex 35 -20.2012 2.5
      vertex 35 -9.975 8.42106
    endloop
  endfacet
  facet normal -1 -0 0
    outer loop
      vertex 35 -9.71433 8.29951
      vertex 35 -20.2012 2.5
      vertex 35 -9.84732 8.35459
    endloop
  endfacet
  facet normal -1 -0 0
    outer loop
      vertex 35 -9.57705 8.25622
      vertex 35 -20.2012 2.5
      vertex 35 -9.71433 8.29951
    endloop
  endfacet
  facet normal -1 -0 0
    outer loop
      vertex 35 -9.43652 8.22507
      vertex 35 -20.2012 2.5
      vertex 35 -9.57705 8.25622
    endloop
  endfacet
  facet normal -1 -0 0
    outer loop
      vertex 35 -9.29381 8.20628
      vertex 35 -20.2012 2.5
      vertex 35 -9.43652 8.22507
    endloop
  endfacet
  facet normal -1 0 0
    outer loop
      vertex 35 20.2012 2.5
      vertex 35 10.8 28.15
      vertex 35 20.2012 38
    endloop
  endfacet
  facet normal -1 0 0
    outer loop
      vertex 35 10.7937 28.2938
      vertex 35 20.2012 38
      vertex 35 10.8 28.15
    endloop
  endfacet
  facet normal -1 0 0
    outer loop
      vertex 35 10.7749 28.4365
      vertex 35 20.2012 38
      vertex 35 10.7937 28.2938
    endloop
  endfacet
  facet normal -1 0 0
    outer loop
      vertex 35 10.7438 28.5771
      vertex 35 20.2012 38
      vertex 35 10.7749 28.4365
    endloop
  endfacet
  facet normal -1 0 0
    outer loop
      vertex 35 10.7005 28.7143
      vertex 35 20.2012 38
      vertex 35 10.7438 28.5771
    endloop
  endfacet
  facet normal -1 0 0
    outer loop
      vertex 35 10.6454 28.8473
      vertex 35 20.2012 38
      vertex 35 10.7005 28.7143
    endloop
  endfacet
  facet normal -1 0 0
    outer loop
      vertex 35 10.5789 28.975
      vertex 35 20.2012 38
      vertex 35 10.6454 28.8473
    endloop
  endfacet
  facet normal -1 0 0
    outer loop
      vertex 35 10.5016 29.0964
      vertex 35 20.2012 38
      vertex 35 10.5789 28.975
    endloop
  endfacet
  facet normal -1 0 0
    outer loop
      vertex 35 10.414 29.2106
      vertex 35 20.2012 38
      vertex 35 10.5016 29.0964
    endloop
  endfacet
  facet normal -1 0 0
    outer loop
      vertex 35 10.3167 29.3167
      vertex 35 20.2012 38
      vertex 35 10.414 29.2106
    endloop
  endfacet
  facet normal -1 0 0
    outer loop
      vertex 35 10.2106 29.414
      vertex 35 20.2012 38
      vertex 35 10.3167 29.3167
    endloop
  endfacet
  facet normal -1 0 0
    outer loop
      vertex 35 10.0964 29.5016
      vertex 35 20.2012 38
      vertex 35 10.2106 29.414
    endloop
  endfacet
  facet normal -1 0 0
    outer loop
      vertex 35 9.975 29.5789
      vertex 35 20.2012 38
      vertex 35 10.0964 29.5016
    endloop
  endfacet
  facet normal -1 0 0
    outer loop
      vertex 35 9.84732 29.6454
      vertex 35 20.2012 38
      vertex 35 9.975 29.5789
    endloop
  endfacet
  facet normal -1 0 0
    outer loop
      vertex 35 9.71433 29.7005
      vertex 35 20.2012 38
      vertex 35 9.84732 29.6454
    endloop
  endfacet
  facet normal -1 0 0
    outer loop
      vertex 35 9.57705 29.7438
      vertex 35 20.2012 38
      vertex 35 9.71433 29.7005
    endloop
  endfacet
  facet normal -1 0 0
    outer loop
      vertex 35 9.43652 29.7749
      vertex 35 20.2012 38
      vertex 35 9.57705 29.7438
    endloop
  endfacet
  facet normal -1 0 0
    outer loop
      vertex 35 9.29381 29.7937
      vertex 35 20.2012 38
      vertex 35 9.43652 29.7749
    endloop
  endfacet
  facet normal -1 0 0
    outer loop
      vertex 35 9.15 29.8
      vertex 35 20.2012 38
      vertex 35 9.29381 29.7937
    endloop
  endfacet
  facet normal -1 0 0
    outer loop
      vertex 35 9.00619 29.7937
      vertex 35 20.2012 38
      vertex 35 9.15 29.8
    endloop
  endfacet
  facet normal -1 0 0
    outer loop
      vertex 35 8.86348 29.7749
      vertex 35 20.2012 38
      vertex 35 9.00619 29.7937
    endloop
  endfacet
  facet normal -1 0 0
    outer loop
      vertex 35 8.72295 29.7438
      vertex 35 20.2012 38
      vertex 35 8.86348 29.7749
    endloop
  endfacet
  facet normal -1 0 0
    outer loop
      vertex 35 8.58567 29.7005
      vertex 35 20.2012 38
      vertex 35 8.72295 29.7438
    endloop
  endfacet
  facet normal -1 0 0
    outer loop
      vertex 35 -8.58567 29.7005
      vertex 35 8.58567 29.7005
      vertex 35 8.45268 29.6454
    endloop
  endfacet
  facet normal -1 0 0
    outer loop
      vertex 35 -8.45268 29.6454
      vertex 35 8.45268 29.6454
      vertex 35 8.325 29.5789
    endloop
  endfacet
  facet normal -1 0 0
    outer loop
      vertex 35 -8.325 29.5789
      vertex 35 8.325 29.5789
      vertex 35 8.2036 29.5016
    endloop
  endfacet
  facet normal -1 0 0
    outer loop
      vertex 35 4.64597 25.6351
      vertex 35 7.65459 27.4527
      vertex 35 5.20658 25.205
    endloop
  endfacet
  facet normal -1 -0 0
    outer loop
      vertex 35 7.65459 27.4527
      vertex 35 4.64597 25.6351
      vertex 35 7.59951 27.5857
    endloop
  endfacet
  facet normal -1 -0 0
    outer loop
      vertex 35 7.59951 27.5857
      vertex 35 4.64597 25.6351
      vertex 35 7.55622 27.7229
    endloop
  endfacet
  facet normal -1 -0 0
    outer loop
      vertex 35 7.55622 27.7229
      vertex 35 4.64597 25.6351
      vertex 35 7.52507 27.8635
    endloop
  endfacet
  facet normal -1 0 0
    outer loop
      vertex 35 4.05 26.0148
      vertex 35 7.52507 27.8635
      vertex 35 4.64597 25.6351
    endloop
  endfacet
  facet normal -1 -0 0
    outer loop
      vertex 35 7.52507 27.8635
      vertex 35 4.05 26.0148
      vertex 35 7.50628 28.0062
    endloop
  endfacet
  facet normal -1 -0 0
    outer loop
      vertex 35 7.50628 28.0062
      vertex 35 4.05 26.0148
      vertex 35 7.5 28.15
    endloop
  endfacet
  facet normal -1 -0 0
    outer loop
      vertex 35 7.5 28.15
      vertex 35 4.05 26.0148
      vertex 35 7.50628 28.2938
    endloop
  endfacet
  facet normal -1 0 0
    outer loop
      vertex 35 3.42321 26.3411
      vertex 35 7.50628 28.2938
      vertex 35 4.05 26.0148
    endloop
  endfacet
  facet normal -1 -0 0
    outer loop
      vertex 35 7.50628 28.2938
      vertex 35 3.42321 26.3411
      vertex 35 7.52507 28.4365
    endloop
  endfacet
  facet normal -1 -0 0
    outer loop
      vertex 35 7.52507 28.4365
      vertex 35 3.42321 26.3411
      vertex 35 7.55622 28.5771
    endloop
  endfacet
  facet normal -1 0 0
    outer loop
      vertex 35 2.77036 26.6115
      vertex 35 7.55622 28.5771
      vertex 35 3.42321 26.3411
    endloop
  endfacet
  facet normal -1 -0 0
    outer loop
      vertex 35 7.55622 28.5771
      vertex 35 2.77036 26.6115
      vertex 35 7.59951 28.7143
    endloop
  endfacet
  facet normal -1 -0 0
    outer loop
      vertex 35 7.59951 28.7143
      vertex 35 2.77036 26.6115
      vertex 35 7.65459 28.8473
    endloop
  endfacet
  facet normal -1 -0 0
    outer loop
      vertex 35 7.65459 28.8473
      vertex 35 2.77036 26.6115
      vertex 35 7.72106 28.975
    endloop
  endfacet
  facet normal -1 0 0
    outer loop
      vertex 35 2.09643 26.824
      vertex 35 7.72106 28.975
      vertex 35 2.77036 26.6115
    endloop
  endfacet
  facet normal -1 -0 0
    outer loop
      vertex 35 7.72106 28.975
      vertex 35 2.09643 26.824
      vertex 35 7.7984 29.0964
    endloop
  endfacet
  facet normal -1 0 0
    outer loop
      vertex 35 1.40655 26.9769
      vertex 35 7.7984 29.0964
      vertex 35 2.09643 26.824
    endloop
  endfacet
  facet normal -1 -0 0
    outer loop
      vertex 35 7.7984 29.0964
      vertex 35 1.40655 26.9769
      vertex 35 7.88603 29.2106
    endloop
  endfacet
  facet normal -1 -0 0
    outer loop
      vertex 35 7.88603 29.2106
      vertex 35 1.40655 26.9769
      vertex 35 7.98327 29.3167
    endloop
  endfacet
  facet normal -1 0 0
    outer loop
      vertex 35 0.705961 27.0692
      vertex 35 7.98327 29.3167
      vertex 35 1.40655 26.9769
    endloop
  endfacet
  facet normal -1 -0 0
    outer loop
      vertex 35 7.98327 29.3167
      vertex 35 0.705961 27.0692
      vertex 35 8.0894 29.414
    endloop
  endfacet
  facet normal -1 -0 0
    outer loop
      vertex 35 8.0894 29.414
      vertex 35 0.705961 27.0692
      vertex 35 8.2036 29.5016
    endloop
  endfacet
  facet normal -1 0 0
    outer loop
      vertex 35 0 27.1
      vertex 35 8.2036 29.5016
      vertex 35 0.705961 27.0692
    endloop
  endfacet
  facet normal -1 -0 0
    outer loop
      vertex 35 8.2036 29.5016
      vertex 35 0 27.1
      vertex 35 -8.325 29.5789
    endloop
  endfacet
  facet normal -1 0 0
    outer loop
      vertex 35 -8.2036 29.5016
      vertex 35 0 27.1
      vertex 35 -0.705961 27.0692
    endloop
  endfacet
  facet normal -1 0 0
    outer loop
      vertex 35 -7.98327 29.3167
      vertex 35 -0.705961 27.0692
      vertex 35 -1.40655 26.9769
    endloop
  endfacet
  facet normal -1 0 0
    outer loop
      vertex 35 -7.7984 29.0964
      vertex 35 -1.40655 26.9769
      vertex 35 -2.09643 26.824
    endloop
  endfacet
  facet normal -1 0 0
    outer loop
      vertex 35 -7.72106 28.975
      vertex 35 -2.09643 26.824
      vertex 35 -2.77036 26.6115
    endloop
  endfacet
  facet normal -1 0 0
    outer loop
      vertex 35 -7.55622 28.5771
      vertex 35 -2.77036 26.6115
      vertex 35 -3.42321 26.3411
    endloop
  endfacet
  facet normal -1 0 0
    outer loop
      vertex 35 -9.29381 26.5063
      vertex 35 -7.0148 23.05
      vertex 35 -7.34109 22.4232
    endloop
  endfacet
  facet normal -1 0 0
    outer loop
      vertex 35 -7.50628 28.0062
      vertex 35 -6.63513 23.646
      vertex 35 -7.0148 23.05
    endloop
  endfacet
  facet normal -1 0 0
    outer loop
      vertex 35 -7.50628 28.0062
      vertex 35 -6.20496 24.2066
      vertex 35 -6.63513 23.646
    endloop
  endfacet
  facet normal -1 0 0
    outer loop
      vertex 35 -7.50628 28.0062
      vertex 35 -5.72756 24.7276
      vertex 35 -6.20496 24.2066
    endloop
  endfacet
  facet normal -1 0 0
    outer loop
      vertex 35 -7.50628 28.0062
      vertex 35 -5.20658 25.205
      vertex 35 -5.72756 24.7276
    endloop
  endfacet
  facet normal -1 0 0
    outer loop
      vertex 35 -7.50628 28.0062
      vertex 35 -4.64597 25.6351
      vertex 35 -5.20658 25.205
    endloop
  endfacet
  facet normal -1 0 0
    outer loop
      vertex 35 -7.50628 28.0062
      vertex 35 -4.05 26.0148
      vertex 35 -4.64597 25.6351
    endloop
  endfacet
  facet normal -1 0 0
    outer loop
      vertex 35 -7.50628 28.2938
      vertex 35 -4.05 26.0148
      vertex 35 -7.5 28.15
    endloop
  endfacet
  facet normal -1 0 0
    outer loop
      vertex 35 -4.05 26.0148
      vertex 35 -7.50628 28.2938
      vertex 35 -3.42321 26.3411
    endloop
  endfacet
  facet normal -1 0 0
    outer loop
      vertex 35 -7.52507 28.4365
      vertex 35 -3.42321 26.3411
      vertex 35 -7.50628 28.2938
    endloop
  endfacet
  facet normal -1 0 0
    outer loop
      vertex 35 -7.55622 28.5771
      vertex 35 -3.42321 26.3411
      vertex 35 -7.52507 28.4365
    endloop
  endfacet
  facet normal -1 0 0
    outer loop
      vertex 35 -2.77036 26.6115
      vertex 35 -7.55622 28.5771
      vertex 35 -7.59951 28.7143
    endloop
  endfacet
  facet normal -1 0 0
    outer loop
      vertex 35 -2.77036 26.6115
      vertex 35 -7.59951 28.7143
      vertex 35 -7.65459 28.8473
    endloop
  endfacet
  facet normal -1 0 0
    outer loop
      vertex 35 -2.77036 26.6115
      vertex 35 -7.65459 28.8473
      vertex 35 -7.72106 28.975
    endloop
  endfacet
  facet normal -1 0 0
    outer loop
      vertex 35 -2.09643 26.824
      vertex 35 -7.72106 28.975
      vertex 35 -7.7984 29.0964
    endloop
  endfacet
  facet normal -1 0 0
    outer loop
      vertex 35 -1.40655 26.9769
      vertex 35 -7.7984 29.0964
      vertex 35 -7.88603 29.2106
    endloop
  endfacet
  facet normal -1 0 0
    outer loop
      vertex 35 -1.40655 26.9769
      vertex 35 -7.88603 29.2106
      vertex 35 -7.98327 29.3167
    endloop
  endfacet
  facet normal -1 0 0
    outer loop
      vertex 35 -0.705961 27.0692
      vertex 35 -7.98327 29.3167
      vertex 35 -8.0894 29.414
    endloop
  endfacet
  facet normal -1 0 0
    outer loop
      vertex 35 -0.705961 27.0692
      vertex 35 -8.0894 29.414
      vertex 35 -8.2036 29.5016
    endloop
  endfacet
  facet normal -1 0 0
    outer loop
      vertex 35 0 27.1
      vertex 35 -8.2036 29.5016
      vertex 35 -8.325 29.5789
    endloop
  endfacet
  facet normal -1 0 0
    outer loop
      vertex 35 8.325 29.5789
      vertex 35 -8.325 29.5789
      vertex 35 -8.45268 29.6454
    endloop
  endfacet
  facet normal -1 0 0
    outer loop
      vertex 35 8.45268 29.6454
      vertex 35 -8.45268 29.6454
      vertex 35 -8.58567 29.7005
    endloop
  endfacet
  facet normal -1 0 0
    outer loop
      vertex 35 8.58567 29.7005
      vertex 35 -8.58567 29.7005
      vertex 35 20.2012 38
    endloop
  endfacet
  facet normal -1 0 0
    outer loop
      vertex 35 -20.2012 38
      vertex 35 -8.58567 29.7005
      vertex 35 -8.72295 29.7438
    endloop
  endfacet
  facet normal -1 0 0
    outer loop
      vertex 35 -20.2012 38
      vertex 35 -8.72295 29.7438
      vertex 35 -8.86348 29.7749
    endloop
  endfacet
  facet normal -1 0 0
    outer loop
      vertex 35 -20.2012 38
      vertex 35 -8.86348 29.7749
      vertex 35 -9.00619 29.7937
    endloop
  endfacet
  facet normal -1 0 0
    outer loop
      vertex 35 -20.2012 38
      vertex 35 -9.00619 29.7937
      vertex 35 -9.15 29.8
    endloop
  endfacet
  facet normal -1 0 0
    outer loop
      vertex 35 -20.2012 38
      vertex 35 -9.15 29.8
      vertex 35 -9.29381 29.7937
    endloop
  endfacet
  facet normal -1 0 0
    outer loop
      vertex 35 -20.2012 38
      vertex 35 -9.29381 29.7937
      vertex 35 -9.43652 29.7749
    endloop
  endfacet
  facet normal -1 0 0
    outer loop
      vertex 35 -20.2012 38
      vertex 35 -9.43652 29.7749
      vertex 35 -9.57705 29.7438
    endloop
  endfacet
  facet normal -1 0 0
    outer loop
      vertex 35 -10.7937 28.0062
      vertex 35 -20.2012 38
      vertex 35 -10.8 28.15
    endloop
  endfacet
  facet normal -1 0 0
    outer loop
      vertex 35 -10.8 28.15
      vertex 35 -20.2012 38
      vertex 35 -10.7937 28.2938
    endloop
  endfacet
  facet normal -1 0 0
    outer loop
      vertex 35 -10.7937 28.2938
      vertex 35 -20.2012 38
      vertex 35 -10.7749 28.4365
    endloop
  endfacet
  facet normal -1 0 0
    outer loop
      vertex 35 -10.7749 28.4365
      vertex 35 -20.2012 38
      vertex 35 -10.7438 28.5771
    endloop
  endfacet
  facet normal -1 0 0
    outer loop
      vertex 35 -8.58567 29.7005
      vertex 35 -20.2012 38
      vertex 35 20.2012 38
    endloop
  endfacet
  facet normal -1 0 0
    outer loop
      vertex 35 -9.71433 29.7005
      vertex 35 -20.2012 38
      vertex 35 -9.57705 29.7438
    endloop
  endfacet
  facet normal -1 0 0
    outer loop
      vertex 35 -9.84732 29.6454
      vertex 35 -20.2012 38
      vertex 35 -9.71433 29.7005
    endloop
  endfacet
  facet normal -1 0 0
    outer loop
      vertex 35 -9.975 29.5789
      vertex 35 -20.2012 38
      vertex 35 -9.84732 29.6454
    endloop
  endfacet
  facet normal -1 0 0
    outer loop
      vertex 35 -10.0964 29.5016
      vertex 35 -20.2012 38
      vertex 35 -9.975 29.5789
    endloop
  endfacet
  facet normal -1 0 0
    outer loop
      vertex 35 -10.2106 29.414
      vertex 35 -20.2012 38
      vertex 35 -10.0964 29.5016
    endloop
  endfacet
  facet normal -1 0 0
    outer loop
      vertex 35 -10.3167 29.3167
      vertex 35 -20.2012 38
      vertex 35 -10.2106 29.414
    endloop
  endfacet
  facet normal -1 0 0
    outer loop
      vertex 35 -10.414 29.2106
      vertex 35 -20.2012 38
      vertex 35 -10.3167 29.3167
    endloop
  endfacet
  facet normal -1 0 0
    outer loop
      vertex 35 -10.5016 29.0964
      vertex 35 -20.2012 38
      vertex 35 -10.414 29.2106
    endloop
  endfacet
  facet normal -1 0 0
    outer loop
      vertex 35 -10.5789 28.975
      vertex 35 -20.2012 38
      vertex 35 -10.5016 29.0964
    endloop
  endfacet
  facet normal -1 0 0
    outer loop
      vertex 35 -10.6454 28.8473
      vertex 35 -20.2012 38
      vertex 35 -10.5789 28.975
    endloop
  endfacet
  facet normal -1 0 0
    outer loop
      vertex 35 -10.7005 28.7143
      vertex 35 -20.2012 38
      vertex 35 -10.6454 28.8473
    endloop
  endfacet
  facet normal -1 0 0
    outer loop
      vertex 35 -10.7438 28.5771
      vertex 35 -20.2012 38
      vertex 35 -10.7005 28.7143
    endloop
  endfacet
  facet normal -1 -0 0
    outer loop
      vertex 35 9.00619 26.5063
      vertex 35 7.0148 23.05
      vertex 35 8.86348 26.5251
    endloop
  endfacet
  facet normal -1 0 0
    outer loop
      vertex 35 6.63513 23.646
      vertex 35 8.86348 26.5251
      vertex 35 7.0148 23.05
    endloop
  endfacet
  facet normal -1 -0 0
    outer loop
      vertex 35 8.86348 26.5251
      vertex 35 6.63513 23.646
      vertex 35 8.72295 26.5562
    endloop
  endfacet
  facet normal -1 -0 0
    outer loop
      vertex 35 8.72295 26.5562
      vertex 35 6.63513 23.646
      vertex 35 8.58567 26.5995
    endloop
  endfacet
  facet normal -1 -0 0
    outer loop
      vertex 35 8.58567 26.5995
      vertex 35 6.63513 23.646
      vertex 35 8.45268 26.6546
    endloop
  endfacet
  facet normal -1 0 0
    outer loop
      vertex 35 6.20496 24.2066
      vertex 35 8.45268 26.6546
      vertex 35 6.63513 23.646
    endloop
  endfacet
  facet normal -1 -0 0
    outer loop
      vertex 35 8.45268 26.6546
      vertex 35 6.20496 24.2066
      vertex 35 8.325 26.7211
    endloop
  endfacet
  facet normal -1 -0 0
    outer loop
      vertex 35 8.325 26.7211
      vertex 35 6.20496 24.2066
      vertex 35 8.2036 26.7984
    endloop
  endfacet
  facet normal -1 -0 0
    outer loop
      vertex 35 8.2036 26.7984
      vertex 35 6.20496 24.2066
      vertex 35 8.0894 26.886
    endloop
  endfacet
  facet normal -1 0 0
    outer loop
      vertex 35 5.72756 24.7276
      vertex 35 8.0894 26.886
      vertex 35 6.20496 24.2066
    endloop
  endfacet
  facet normal -1 -0 0
    outer loop
      vertex 35 8.0894 26.886
      vertex 35 5.72756 24.7276
      vertex 35 7.98327 26.9833
    endloop
  endfacet
  facet normal -1 -0 0
    outer loop
      vertex 35 7.98327 26.9833
      vertex 35 5.72756 24.7276
      vertex 35 7.88603 27.0894
    endloop
  endfacet
  facet normal -1 -0 0
    outer loop
      vertex 35 7.88603 27.0894
      vertex 35 5.72756 24.7276
      vertex 35 7.7984 27.2036
    endloop
  endfacet
  facet normal -1 0 0
    outer loop
      vertex 35 5.20658 25.205
      vertex 35 7.7984 27.2036
      vertex 35 5.72756 24.7276
    endloop
  endfacet
  facet normal -1 -0 0
    outer loop
      vertex 35 7.7984 27.2036
      vertex 35 5.20658 25.205
      vertex 35 7.72106 27.325
    endloop
  endfacet
  facet normal -1 -0 0
    outer loop
      vertex 35 7.72106 27.325
      vertex 35 5.20658 25.205
      vertex 35 7.65459 27.4527
    endloop
  endfacet
  facet normal -0.792794 0.609489 0
    outer loop
      vertex 34.883 -24.8214 2.5
      vertex 34.9096 -24.7868 38
      vertex 34.9096 -24.7868 2.5
    endloop
  endfacet
  facet normal -0.792794 0.609489 0
    outer loop
      vertex 34.9096 -24.7868 38
      vertex 34.883 -24.8214 2.5
      vertex 34.883 -24.8214 38
    endloop
  endfacet
  facet normal -0.736297 -0.676659 0
    outer loop
      vertex 34.883 24.8214 2.5
      vertex 34.8535 24.8535 38
      vertex 34.8535 24.8535 2.5
    endloop
  endfacet
  facet normal -0.736297 -0.676659 0
    outer loop
      vertex 34.8535 24.8535 38
      vertex 34.883 24.8214 2.5
      vertex 34.883 24.8214 38
    endloop
  endfacet
  facet normal 0.130811 -0.991407 0
    outer loop
      vertex -34.5868 24.9924 2.5
      vertex -34.5436 24.9981 38
      vertex -34.5868 24.9924 38
    endloop
  endfacet
  facet normal 0.130811 -0.991407 0
    outer loop
      vertex -34.5436 24.9981 38
      vertex -34.5868 24.9924 2.5
      vertex -34.5436 24.9981 2.5
    endloop
  endfacet
  facet normal 0.953166 0.302447 0
    outer loop
      vertex -34.9698 -24.671 38
      vertex -34.983 -24.6294 2.5
      vertex -34.983 -24.6294 38
    endloop
  endfacet
  facet normal 0.953166 0.302447 0
    outer loop
      vertex -34.983 -24.6294 2.5
      vertex -34.9698 -24.671 38
      vertex -34.9698 -24.671 2.5
    endloop
  endfacet
  facet normal 0 -1 0
    outer loop
      vertex 33.7988 25 2.5
      vertex 34.5 25 38
      vertex 33.7988 25 38
    endloop
  endfacet
  facet normal 0 -1 -0
    outer loop
      vertex 34.5 25 38
      vertex 33.7988 25 2.5
      vertex 34.5 25 2.5
    endloop
  endfacet
  facet normal 0 -1 0
    outer loop
      vertex -34.5 25 2.5
      vertex -33.7988 25 38
      vertex -34.5 25 38
    endloop
  endfacet
  facet normal 0 -1 -0
    outer loop
      vertex -33.7988 25 38
      vertex -34.5 25 2.5
      vertex -33.7988 25 2.5
    endloop
  endfacet
  facet normal 0 -1 0
    outer loop
      vertex -30.2012 25 38
      vertex 0 25 22.1
      vertex 30.2012 25 38
    endloop
  endfacet
  facet normal 0 -1 0
    outer loop
      vertex -30.2012 25 38
      vertex -0.270183 25 22.0882
      vertex 0 25 22.1
    endloop
  endfacet
  facet normal 0 -1 0
    outer loop
      vertex -30.2012 25 38
      vertex -0.538309 25 22.0529
      vertex -0.270183 25 22.0882
    endloop
  endfacet
  facet normal 0 -1 0
    outer loop
      vertex -30.2012 25 38
      vertex -0.802339 25 21.9944
      vertex -0.538309 25 22.0529
    endloop
  endfacet
  facet normal 0 -1 0
    outer loop
      vertex -30.2012 25 38
      vertex -1.06026 25 21.913
      vertex -0.802339 25 21.9944
    endloop
  endfacet
  facet normal 0 -1 0
    outer loop
      vertex -30.2012 25 38
      vertex -1.31012 25 21.8096
      vertex -1.06026 25 21.913
    endloop
  endfacet
  facet normal 0 -1 0
    outer loop
      vertex -30.2012 25 38
      vertex -1.55 25 21.6847
      vertex -1.31012 25 21.8096
    endloop
  endfacet
  facet normal 0 -1 0
    outer loop
      vertex -30.2012 25 38
      vertex -1.77809 25 21.5394
      vertex -1.55 25 21.6847
    endloop
  endfacet
  facet normal 0 -1 0
    outer loop
      vertex -30.2012 25 38
      vertex -1.99264 25 21.3747
      vertex -1.77809 25 21.5394
    endloop
  endfacet
  facet normal 0 -1 0
    outer loop
      vertex -30.2012 25 38
      vertex -2.19203 25 21.192
      vertex -1.99264 25 21.3747
    endloop
  endfacet
  facet normal 0 -1 0
    outer loop
      vertex -30.2012 25 38
      vertex -2.37474 25 20.9926
      vertex -2.19203 25 21.192
    endloop
  endfacet
  facet normal 0 -1 0
    outer loop
      vertex -30.2012 25 38
      vertex -2.53937 25 20.7781
      vertex -2.37474 25 20.9926
    endloop
  endfacet
  facet normal 0 -1 0
    outer loop
      vertex -30.2012 25 38
      vertex -2.68468 25 20.55
      vertex -2.53937 25 20.7781
    endloop
  endfacet
  facet normal 0 -1 0
    outer loop
      vertex -30.2012 25 38
      vertex -2.80955 25 20.3101
      vertex -2.68468 25 20.55
    endloop
  endfacet
  facet normal 0 -1 0
    outer loop
      vertex -30.2012 25 38
      vertex -2.91305 25 20.0603
      vertex -2.80955 25 20.3101
    endloop
  endfacet
  facet normal 0 -1 0
    outer loop
      vertex -30.2012 25 38
      vertex -2.99437 25 19.8023
      vertex -2.91305 25 20.0603
    endloop
  endfacet
  facet normal 0 -1 0
    outer loop
      vertex -30.2012 25 38
      vertex -3.0529 25 19.5383
      vertex -2.99437 25 19.8023
    endloop
  endfacet
  facet normal 0 -1 0
    outer loop
      vertex -30.2012 25 38
      vertex -3.0882 25 19.2702
      vertex -3.0529 25 19.5383
    endloop
  endfacet
  facet normal 0 -1 0
    outer loop
      vertex -30.2012 25 2.5
      vertex -3.0882 25 19.2702
      vertex -30.2012 25 38
    endloop
  endfacet
  facet normal 0 -1 0
    outer loop
      vertex -3.0882 25 19.2702
      vertex -30.2012 25 2.5
      vertex -3.1 25 19
    endloop
  endfacet
  facet normal 0 -1 -0
    outer loop
      vertex -3.1 25 19
      vertex -30.2012 25 2.5
      vertex -3.0882 25 18.7298
    endloop
  endfacet
  facet normal 0 -1 -0
    outer loop
      vertex -3.0882 25 18.7298
      vertex -30.2012 25 2.5
      vertex -3.0529 25 18.4617
    endloop
  endfacet
  facet normal 0 -1 -0
    outer loop
      vertex -3.0529 25 18.4617
      vertex -30.2012 25 2.5
      vertex -2.99437 25 18.1977
    endloop
  endfacet
  facet normal 0 -1 -0
    outer loop
      vertex -2.99437 25 18.1977
      vertex -30.2012 25 2.5
      vertex -2.91305 25 17.9397
    endloop
  endfacet
  facet normal 0 -1 -0
    outer loop
      vertex -2.91305 25 17.9397
      vertex -30.2012 25 2.5
      vertex -2.80955 25 17.6899
    endloop
  endfacet
  facet normal 0 -1 -0
    outer loop
      vertex -2.80955 25 17.6899
      vertex -30.2012 25 2.5
      vertex -2.68468 25 17.45
    endloop
  endfacet
  facet normal 0 -1 -0
    outer loop
      vertex -2.68468 25 17.45
      vertex -30.2012 25 2.5
      vertex -2.53937 25 17.2219
    endloop
  endfacet
  facet normal 0 -1 -0
    outer loop
      vertex -2.53937 25 17.2219
      vertex -30.2012 25 2.5
      vertex -2.37474 25 17.0074
    endloop
  endfacet
  facet normal 0 -1 -0
    outer loop
      vertex -2.37474 25 17.0074
      vertex -30.2012 25 2.5
      vertex -2.19203 25 16.808
    endloop
  endfacet
  facet normal 0 -1 -0
    outer loop
      vertex -2.19203 25 16.808
      vertex -30.2012 25 2.5
      vertex -1.99264 25 16.6253
    endloop
  endfacet
  facet normal 0 -1 -0
    outer loop
      vertex -0.270183 25 15.9118
      vertex -30.2012 25 2.5
      vertex 0 25 15.9
    endloop
  endfacet
  facet normal 0 -1 -0
    outer loop
      vertex -0.538309 25 15.9471
      vertex -30.2012 25 2.5
      vertex -0.270183 25 15.9118
    endloop
  endfacet
  facet normal 0 -1 -0
    outer loop
      vertex -0.802339 25 16.0056
      vertex -30.2012 25 2.5
      vertex -0.538309 25 15.9471
    endloop
  endfacet
  facet normal 0 -1 -0
    outer loop
      vertex -1.06026 25 16.087
      vertex -30.2012 25 2.5
      vertex -0.802339 25 16.0056
    endloop
  endfacet
  facet normal 0 -1 -0
    outer loop
      vertex -1.31012 25 16.1904
      vertex -30.2012 25 2.5
      vertex -1.06026 25 16.087
    endloop
  endfacet
  facet normal 0 -1 -0
    outer loop
      vertex -1.55 25 16.3153
      vertex -30.2012 25 2.5
      vertex -1.31012 25 16.1904
    endloop
  endfacet
  facet normal 0 -1 -0
    outer loop
      vertex -1.77809 25 16.4606
      vertex -30.2012 25 2.5
      vertex -1.55 25 16.3153
    endloop
  endfacet
  facet normal 0 -1 -0
    outer loop
      vertex -1.99264 25 16.6253
      vertex -30.2012 25 2.5
      vertex -1.77809 25 16.4606
    endloop
  endfacet
  facet normal 0 -1 0
    outer loop
      vertex 0.270183 25 22.0882
      vertex 30.2012 25 38
      vertex 0 25 22.1
    endloop
  endfacet
  facet normal 0 -1 0
    outer loop
      vertex 0.538309 25 22.0529
      vertex 30.2012 25 38
      vertex 0.270183 25 22.0882
    endloop
  endfacet
  facet normal 0 -1 0
    outer loop
      vertex 0.802339 25 21.9944
      vertex 30.2012 25 38
      vertex 0.538309 25 22.0529
    endloop
  endfacet
  facet normal 0 -1 0
    outer loop
      vertex 1.06026 25 21.913
      vertex 30.2012 25 38
      vertex 0.802339 25 21.9944
    endloop
  endfacet
  facet normal 0 -1 0
    outer loop
      vertex 1.31012 25 21.8096
      vertex 30.2012 25 38
      vertex 1.06026 25 21.913
    endloop
  endfacet
  facet normal 0 -1 0
    outer loop
      vertex 1.55 25 21.6847
      vertex 30.2012 25 38
      vertex 1.31012 25 21.8096
    endloop
  endfacet
  facet normal 0 -1 0
    outer loop
      vertex 1.77809 25 21.5394
      vertex 30.2012 25 38
      vertex 1.55 25 21.6847
    endloop
  endfacet
  facet normal 0 -1 0
    outer loop
      vertex 1.99264 25 21.3747
      vertex 30.2012 25 38
      vertex 1.77809 25 21.5394
    endloop
  endfacet
  facet normal 0 -1 0
    outer loop
      vertex 2.19203 25 21.192
      vertex 30.2012 25 38
      vertex 1.99264 25 21.3747
    endloop
  endfacet
  facet normal 0 -1 0
    outer loop
      vertex 2.37474 25 20.9926
      vertex 30.2012 25 38
      vertex 2.19203 25 21.192
    endloop
  endfacet
  facet normal 0 -1 0
    outer loop
      vertex 2.53937 25 20.7781
      vertex 30.2012 25 38
      vertex 2.37474 25 20.9926
    endloop
  endfacet
  facet normal 0 -1 0
    outer loop
      vertex 2.68468 25 20.55
      vertex 30.2012 25 38
      vertex 2.53937 25 20.7781
    endloop
  endfacet
  facet normal 0 -1 0
    outer loop
      vertex 2.80955 25 20.3101
      vertex 30.2012 25 38
      vertex 2.68468 25 20.55
    endloop
  endfacet
  facet normal 0 -1 0
    outer loop
      vertex 2.91305 25 20.0603
      vertex 30.2012 25 38
      vertex 2.80955 25 20.3101
    endloop
  endfacet
  facet normal 0 -1 0
    outer loop
      vertex 2.99437 25 19.8023
      vertex 30.2012 25 38
      vertex 2.91305 25 20.0603
    endloop
  endfacet
  facet normal 0 -1 0
    outer loop
      vertex 3.0529 25 19.5383
      vertex 30.2012 25 38
      vertex 2.99437 25 19.8023
    endloop
  endfacet
  facet normal 0 -1 0
    outer loop
      vertex 3.0882 25 19.2702
      vertex 30.2012 25 38
      vertex 3.0529 25 19.5383
    endloop
  endfacet
  facet normal 0 -1 0
    outer loop
      vertex 30.2012 25 2.5
      vertex 3.0882 25 19.2702
      vertex 3.1 25 19
    endloop
  endfacet
  facet normal 0 -1 0
    outer loop
      vertex 30.2012 25 2.5
      vertex 3.1 25 19
      vertex 3.0882 25 18.7298
    endloop
  endfacet
  facet normal 0 -1 0
    outer loop
      vertex 30.2012 25 2.5
      vertex 3.0882 25 18.7298
      vertex 3.0529 25 18.4617
    endloop
  endfacet
  facet normal 0 -1 0
    outer loop
      vertex 30.2012 25 2.5
      vertex 3.0529 25 18.4617
      vertex 2.99437 25 18.1977
    endloop
  endfacet
  facet normal 0 -1 0
    outer loop
      vertex 30.2012 25 2.5
      vertex 2.99437 25 18.1977
      vertex 2.91305 25 17.9397
    endloop
  endfacet
  facet normal 0 -1 0
    outer loop
      vertex 30.2012 25 2.5
      vertex 2.91305 25 17.9397
      vertex 2.80955 25 17.6899
    endloop
  endfacet
  facet normal 0 -1 0
    outer loop
      vertex 30.2012 25 2.5
      vertex 2.80955 25 17.6899
      vertex 2.68468 25 17.45
    endloop
  endfacet
  facet normal 0 -1 0
    outer loop
      vertex 30.2012 25 2.5
      vertex 2.68468 25 17.45
      vertex 2.53937 25 17.2219
    endloop
  endfacet
  facet normal 0 -1 0
    outer loop
      vertex 30.2012 25 2.5
      vertex 2.53937 25 17.2219
      vertex 2.37474 25 17.0074
    endloop
  endfacet
  facet normal 0 -1 0
    outer loop
      vertex 30.2012 25 2.5
      vertex 2.37474 25 17.0074
      vertex 2.19203 25 16.808
    endloop
  endfacet
  facet normal 0 -1 0
    outer loop
      vertex 30.2012 25 2.5
      vertex 2.19203 25 16.808
      vertex 1.99264 25 16.6253
    endloop
  endfacet
  facet normal 0 -1 0
    outer loop
      vertex 30.2012 25 2.5
      vertex 1.99264 25 16.6253
      vertex 1.77809 25 16.4606
    endloop
  endfacet
  facet normal 0 -1 0
    outer loop
      vertex 30.2012 25 2.5
      vertex 0 25 15.9
      vertex -30.2012 25 2.5
    endloop
  endfacet
  facet normal 0 -1 0
    outer loop
      vertex 0 25 15.9
      vertex 30.2012 25 2.5
      vertex 0.270183 25 15.9118
    endloop
  endfacet
  facet normal 0 -1 0
    outer loop
      vertex 0.270183 25 15.9118
      vertex 30.2012 25 2.5
      vertex 0.538309 25 15.9471
    endloop
  endfacet
  facet normal 0 -1 0
    outer loop
      vertex 0.538309 25 15.9471
      vertex 30.2012 25 2.5
      vertex 0.802339 25 16.0056
    endloop
  endfacet
  facet normal 0 -1 0
    outer loop
      vertex 0.802339 25 16.0056
      vertex 30.2012 25 2.5
      vertex 1.06026 25 16.087
    endloop
  endfacet
  facet normal 0 -1 0
    outer loop
      vertex 3.0882 25 19.2702
      vertex 30.2012 25 2.5
      vertex 30.2012 25 38
    endloop
  endfacet
  facet normal 0 -1 0
    outer loop
      vertex 1.55 25 16.3153
      vertex 30.2012 25 2.5
      vertex 1.77809 25 16.4606
    endloop
  endfacet
  facet normal 0 -1 0
    outer loop
      vertex 1.31012 25 16.1904
      vertex 30.2012 25 2.5
      vertex 1.55 25 16.3153
    endloop
  endfacet
  facet normal 0 -1 0
    outer loop
      vertex 1.06026 25 16.087
      vertex 30.2012 25 2.5
      vertex 1.31012 25 16.1904
    endloop
  endfacet
  facet normal 0.462723 -0.886503 0
    outer loop
      vertex -34.75 24.933 2.5
      vertex -34.7113 24.9532 38
      vertex -34.75 24.933 38
    endloop
  endfacet
  facet normal 0.462723 -0.886503 0
    outer loop
      vertex -34.7113 24.9532 38
      vertex -34.75 24.933 2.5
      vertex -34.7113 24.9532 2.5
    endloop
  endfacet
  facet normal 0.924631 -0.380865 0
    outer loop
      vertex -34.9698 24.671 38
      vertex -34.9532 24.7113 2.5
      vertex -34.9532 24.7113 38
    endloop
  endfacet
  facet normal 0.924631 -0.380865 0
    outer loop
      vertex -34.9532 24.7113 2.5
      vertex -34.9698 24.671 38
      vertex -34.9698 24.671 2.5
    endloop
  endfacet
  facet normal -0.676659 0.736297 0
    outer loop
      vertex 34.8535 -24.8535 2.5
      vertex 34.8214 -24.883 38
      vertex 34.8535 -24.8535 38
    endloop
  endfacet
  facet normal -0.676659 0.736297 0
    outer loop
      vertex 34.8214 -24.883 38
      vertex 34.8535 -24.8535 2.5
      vertex 34.8214 -24.883 2.5
    endloop
  endfacet
  facet normal 0.676659 0.736297 -0
    outer loop
      vertex -34.8214 -24.883 2.5
      vertex -34.8535 -24.8535 38
      vertex -34.8214 -24.883 38
    endloop
  endfacet
  facet normal 0.676659 0.736297 0
    outer loop
      vertex -34.8535 -24.8535 38
      vertex -34.8214 -24.883 2.5
      vertex -34.8535 -24.8535 2.5
    endloop
  endfacet
  facet normal -0.886503 0.462723 0
    outer loop
      vertex 34.933 -24.75 2.5
      vertex 34.9532 -24.7113 38
      vertex 34.9532 -24.7113 2.5
    endloop
  endfacet
  facet normal -0.886503 0.462723 0
    outer loop
      vertex 34.9532 -24.7113 38
      vertex 34.933 -24.75 2.5
      vertex 34.933 -24.75 38
    endloop
  endfacet
  facet normal -0.462723 -0.886503 0
    outer loop
      vertex 34.7113 24.9532 2.5
      vertex 34.75 24.933 38
      vertex 34.7113 24.9532 38
    endloop
  endfacet
  facet normal -0.462723 -0.886503 -0
    outer loop
      vertex 34.75 24.933 38
      vertex 34.7113 24.9532 2.5
      vertex 34.75 24.933 2.5
    endloop
  endfacet
  facet normal -0.991407 -0.130811 0
    outer loop
      vertex 34.9981 24.5436 2.5
      vertex 34.9924 24.5868 38
      vertex 34.9924 24.5868 2.5
    endloop
  endfacet
  facet normal -0.991407 -0.130811 0
    outer loop
      vertex 34.9924 24.5868 38
      vertex 34.9981 24.5436 2.5
      vertex 34.9981 24.5436 38
    endloop
  endfacet
  facet normal 0.991407 -0.130811 0
    outer loop
      vertex -34.9981 24.5436 38
      vertex -34.9924 24.5868 2.5
      vertex -34.9924 24.5868 38
    endloop
  endfacet
  facet normal 0.991407 -0.130811 0
    outer loop
      vertex -34.9924 24.5868 2.5
      vertex -34.9981 24.5436 38
      vertex -34.9981 24.5436 2.5
    endloop
  endfacet
  facet normal -0.953166 0.302447 0
    outer loop
      vertex 34.9698 -24.671 2.5
      vertex 34.983 -24.6294 38
      vertex 34.983 -24.6294 2.5
    endloop
  endfacet
  facet normal -0.953166 0.302447 0
    outer loop
      vertex 34.983 -24.6294 38
      vertex 34.9698 -24.671 2.5
      vertex 34.9698 -24.671 38
    endloop
  endfacet
  facet normal 0.736297 0.676659 0
    outer loop
      vertex -34.8535 -24.8535 38
      vertex -34.883 -24.8214 2.5
      vertex -34.883 -24.8214 38
    endloop
  endfacet
  facet normal 0.736297 0.676659 0
    outer loop
      vertex -34.883 -24.8214 2.5
      vertex -34.8535 -24.8535 38
      vertex -34.8535 -24.8535 2.5
    endloop
  endfacet
  facet normal 0.0435367 -0.999052 0
    outer loop
      vertex -34.5436 24.9981 2.5
      vertex -34.5 25 38
      vertex -34.5436 24.9981 38
    endloop
  endfacet
  facet normal 0.0435367 -0.999052 0
    outer loop
      vertex -34.5 25 38
      vertex -34.5436 24.9981 2.5
      vertex -34.5 25 2.5
    endloop
  endfacet
  facet normal 0.380865 0.924631 -0
    outer loop
      vertex -34.671 -24.9698 2.5
      vertex -34.7113 -24.9532 38
      vertex -34.671 -24.9698 38
    endloop
  endfacet
  facet normal 0.380865 0.924631 0
    outer loop
      vertex -34.7113 -24.9532 38
      vertex -34.671 -24.9698 2.5
      vertex -34.7113 -24.9532 2.5
    endloop
  endfacet
  facet normal -0.886503 -0.462723 0
    outer loop
      vertex 34.9532 24.7113 2.5
      vertex 34.933 24.75 38
      vertex 34.933 24.75 2.5
    endloop
  endfacet
  facet normal -0.886503 -0.462723 0
    outer loop
      vertex 34.933 24.75 38
      vertex 34.9532 24.7113 2.5
      vertex 34.9532 24.7113 38
    endloop
  endfacet
  facet normal -0.536579 -0.84385 0
    outer loop
      vertex 34.75 24.933 2.5
      vertex 34.7868 24.9096 38
      vertex 34.75 24.933 38
    endloop
  endfacet
  facet normal -0.536579 -0.84385 -0
    outer loop
      vertex 34.7868 24.9096 38
      vertex 34.75 24.933 2.5
      vertex 34.7868 24.9096 2.5
    endloop
  endfacet
  facet normal 0.462723 0.886503 -0
    outer loop
      vertex -34.7113 -24.9532 2.5
      vertex -34.75 -24.933 38
      vertex -34.7113 -24.9532 38
    endloop
  endfacet
  facet normal 0.462723 0.886503 0
    outer loop
      vertex -34.75 -24.933 38
      vertex -34.7113 -24.9532 2.5
      vertex -34.75 -24.933 2.5
    endloop
  endfacet
  facet normal -0.736297 0.676659 0
    outer loop
      vertex 34.8535 -24.8535 2.5
      vertex 34.883 -24.8214 38
      vertex 34.883 -24.8214 2.5
    endloop
  endfacet
  facet normal -0.736297 0.676659 0
    outer loop
      vertex 34.883 -24.8214 38
      vertex 34.8535 -24.8535 2.5
      vertex 34.8535 -24.8535 38
    endloop
  endfacet
  facet normal 0.97651 -0.215474 0
    outer loop
      vertex -34.9924 24.5868 38
      vertex -34.983 24.6294 2.5
      vertex -34.983 24.6294 38
    endloop
  endfacet
  facet normal 0.97651 -0.215474 0
    outer loop
      vertex -34.983 24.6294 2.5
      vertex -34.9924 24.5868 38
      vertex -34.9924 24.5868 2.5
    endloop
  endfacet
  facet normal 0.736297 -0.676659 0
    outer loop
      vertex -34.883 24.8214 38
      vertex -34.8535 24.8535 2.5
      vertex -34.8535 24.8535 38
    endloop
  endfacet
  facet normal 0.736297 -0.676659 0
    outer loop
      vertex -34.8535 24.8535 2.5
      vertex -34.883 24.8214 38
      vertex -34.883 24.8214 2.5
    endloop
  endfacet
  facet normal 0.130811 0.991407 -0
    outer loop
      vertex -34.5436 -24.9981 2.5
      vertex -34.5868 -24.9924 38
      vertex -34.5436 -24.9981 38
    endloop
  endfacet
  facet normal 0.130811 0.991407 0
    outer loop
      vertex -34.5868 -24.9924 38
      vertex -34.5436 -24.9981 2.5
      vertex -34.5868 -24.9924 2.5
    endloop
  endfacet
  facet normal -0.462723 0.886503 0
    outer loop
      vertex 34.75 -24.933 2.5
      vertex 34.7113 -24.9532 38
      vertex 34.75 -24.933 38
    endloop
  endfacet
  facet normal -0.462723 0.886503 0
    outer loop
      vertex 34.7113 -24.9532 38
      vertex 34.75 -24.933 2.5
      vertex 34.7113 -24.9532 2.5
    endloop
  endfacet
  facet normal 0.676659 -0.736297 0
    outer loop
      vertex -34.8535 24.8535 2.5
      vertex -34.8214 24.883 38
      vertex -34.8535 24.8535 38
    endloop
  endfacet
  facet normal 0.676659 -0.736297 0
    outer loop
      vertex -34.8214 24.883 38
      vertex -34.8535 24.8535 2.5
      vertex -34.8214 24.883 2.5
    endloop
  endfacet
  facet normal 0.84385 -0.536579 0
    outer loop
      vertex -34.933 24.75 38
      vertex -34.9096 24.7868 2.5
      vertex -34.9096 24.7868 38
    endloop
  endfacet
  facet normal 0.84385 -0.536579 0
    outer loop
      vertex -34.9096 24.7868 2.5
      vertex -34.933 24.75 38
      vertex -34.933 24.75 2.5
    endloop
  endfacet
  facet normal -0.609489 0.792794 0
    outer loop
      vertex 34.8214 -24.883 2.5
      vertex 34.7868 -24.9096 38
      vertex 34.8214 -24.883 38
    endloop
  endfacet
  facet normal -0.609489 0.792794 0
    outer loop
      vertex 34.7868 -24.9096 38
      vertex 34.8214 -24.883 2.5
      vertex 34.7868 -24.9096 2.5
    endloop
  endfacet
  facet normal 0.886503 -0.462723 0
    outer loop
      vertex -34.9532 24.7113 38
      vertex -34.933 24.75 2.5
      vertex -34.933 24.75 38
    endloop
  endfacet
  facet normal 0.886503 -0.462723 0
    outer loop
      vertex -34.933 24.75 2.5
      vertex -34.9532 24.7113 38
      vertex -34.9532 24.7113 2.5
    endloop
  endfacet
  facet normal -0.924631 0.380865 0
    outer loop
      vertex 34.9532 -24.7113 2.5
      vertex 34.9698 -24.671 38
      vertex 34.9698 -24.671 2.5
    endloop
  endfacet
  facet normal -0.924631 0.380865 0
    outer loop
      vertex 34.9698 -24.671 38
      vertex 34.9532 -24.7113 2.5
      vertex 34.9532 -24.7113 38
    endloop
  endfacet
  facet normal 0.999052 -0.0435367 0
    outer loop
      vertex -35 24.5 38
      vertex -34.9981 24.5436 2.5
      vertex -34.9981 24.5436 38
    endloop
  endfacet
  facet normal 0.999052 -0.0435367 0
    outer loop
      vertex -34.9981 24.5436 2.5
      vertex -35 24.5 38
      vertex -35 24.5 2.5
    endloop
  endfacet
  facet normal -0.84385 0.536579 0
    outer loop
      vertex 34.9096 -24.7868 2.5
      vertex 34.933 -24.75 38
      vertex 34.933 -24.75 2.5
    endloop
  endfacet
  facet normal -0.84385 0.536579 0
    outer loop
      vertex 34.933 -24.75 38
      vertex 34.9096 -24.7868 2.5
      vertex 34.9096 -24.7868 38
    endloop
  endfacet
  facet normal -0.302447 -0.953166 0
    outer loop
      vertex 34.6294 24.983 2.5
      vertex 34.671 24.9698 38
      vertex 34.6294 24.983 38
    endloop
  endfacet
  facet normal -0.302447 -0.953166 -0
    outer loop
      vertex 34.671 24.9698 38
      vertex 34.6294 24.983 2.5
      vertex 34.671 24.9698 2.5
    endloop
  endfacet
  facet normal -0.302447 0.953166 0
    outer loop
      vertex 34.671 -24.9698 2.5
      vertex 34.6294 -24.983 38
      vertex 34.671 -24.9698 38
    endloop
  endfacet
  facet normal -0.302447 0.953166 0
    outer loop
      vertex 34.6294 -24.983 38
      vertex 34.671 -24.9698 2.5
      vertex 34.6294 -24.983 2.5
    endloop
  endfacet
  facet normal -0.999052 0.0435367 0
    outer loop
      vertex 34.9981 -24.5436 2.5
      vertex 35 -24.5 38
      vertex 35 -24.5 2.5
    endloop
  endfacet
  facet normal -0.999052 0.0435367 0
    outer loop
      vertex 35 -24.5 38
      vertex 34.9981 -24.5436 2.5
      vertex 34.9981 -24.5436 38
    endloop
  endfacet
  facet normal 0.792794 -0.609489 0
    outer loop
      vertex -34.9096 24.7868 38
      vertex -34.883 24.8214 2.5
      vertex -34.883 24.8214 38
    endloop
  endfacet
  facet normal 0.792794 -0.609489 0
    outer loop
      vertex -34.883 24.8214 2.5
      vertex -34.9096 24.7868 38
      vertex -34.9096 24.7868 2.5
    endloop
  endfacet
  facet normal -0.380865 0.924631 0
    outer loop
      vertex 34.7113 -24.9532 2.5
      vertex 34.671 -24.9698 38
      vertex 34.7113 -24.9532 38
    endloop
  endfacet
  facet normal -0.380865 0.924631 0
    outer loop
      vertex 34.671 -24.9698 38
      vertex 34.7113 -24.9532 2.5
      vertex 34.671 -24.9698 2.5
    endloop
  endfacet
  facet normal 0.215474 -0.97651 0
    outer loop
      vertex -34.6294 24.983 2.5
      vertex -34.5868 24.9924 38
      vertex -34.6294 24.983 38
    endloop
  endfacet
  facet normal 0.215474 -0.97651 0
    outer loop
      vertex -34.5868 24.9924 38
      vertex -34.6294 24.983 2.5
      vertex -34.5868 24.9924 2.5
    endloop
  endfacet
  facet normal -0.215474 -0.97651 0
    outer loop
      vertex 34.5868 24.9924 2.5
      vertex 34.6294 24.983 38
      vertex 34.5868 24.9924 38
    endloop
  endfacet
  facet normal -0.215474 -0.97651 -0
    outer loop
      vertex 34.6294 24.983 38
      vertex 34.5868 24.9924 2.5
      vertex 34.6294 24.983 2.5
    endloop
  endfacet
  facet normal -0.380865 -0.924631 0
    outer loop
      vertex 34.671 24.9698 2.5
      vertex 34.7113 24.9532 38
      vertex 34.671 24.9698 38
    endloop
  endfacet
  facet normal -0.380865 -0.924631 -0
    outer loop
      vertex 34.7113 24.9532 38
      vertex 34.671 24.9698 2.5
      vertex 34.7113 24.9532 2.5
    endloop
  endfacet
  facet normal 0.924631 0.380865 0
    outer loop
      vertex -34.9532 -24.7113 38
      vertex -34.9698 -24.671 2.5
      vertex -34.9698 -24.671 38
    endloop
  endfacet
  facet normal 0.924631 0.380865 0
    outer loop
      vertex -34.9698 -24.671 2.5
      vertex -34.9532 -24.7113 38
      vertex -34.9532 -24.7113 2.5
    endloop
  endfacet
  facet normal -0.97651 -0.215474 0
    outer loop
      vertex 34.9924 24.5868 2.5
      vertex 34.983 24.6294 38
      vertex 34.983 24.6294 2.5
    endloop
  endfacet
  facet normal -0.97651 -0.215474 0
    outer loop
      vertex 34.983 24.6294 38
      vertex 34.9924 24.5868 2.5
      vertex 34.9924 24.5868 38
    endloop
  endfacet
  facet normal -0.97651 0.215474 0
    outer loop
      vertex 34.983 -24.6294 2.5
      vertex 34.9924 -24.5868 38
      vertex 34.9924 -24.5868 2.5
    endloop
  endfacet
  facet normal -0.97651 0.215474 0
    outer loop
      vertex 34.9924 -24.5868 38
      vertex 34.983 -24.6294 2.5
      vertex 34.983 -24.6294 38
    endloop
  endfacet
  facet normal 0.536579 -0.84385 0
    outer loop
      vertex -34.7868 24.9096 2.5
      vertex -34.75 24.933 38
      vertex -34.7868 24.9096 38
    endloop
  endfacet
  facet normal 0.536579 -0.84385 0
    outer loop
      vertex -34.75 24.933 38
      vertex -34.7868 24.9096 2.5
      vertex -34.75 24.933 2.5
    endloop
  endfacet
  facet normal 0.302447 -0.953166 0
    outer loop
      vertex -34.671 24.9698 2.5
      vertex -34.6294 24.983 38
      vertex -34.671 24.9698 38
    endloop
  endfacet
  facet normal 0.302447 -0.953166 0
    outer loop
      vertex -34.6294 24.983 38
      vertex -34.671 24.9698 2.5
      vertex -34.6294 24.983 2.5
    endloop
  endfacet
  facet normal 0.609489 -0.792794 0
    outer loop
      vertex -34.8214 24.883 2.5
      vertex -34.7868 24.9096 38
      vertex -34.8214 24.883 38
    endloop
  endfacet
  facet normal 0.609489 -0.792794 0
    outer loop
      vertex -34.7868 24.9096 38
      vertex -34.8214 24.883 2.5
      vertex -34.7868 24.9096 2.5
    endloop
  endfacet
  facet normal -0.953166 -0.302447 0
    outer loop
      vertex 34.983 24.6294 2.5
      vertex 34.9698 24.671 38
      vertex 34.9698 24.671 2.5
    endloop
  endfacet
  facet normal -0.953166 -0.302447 0
    outer loop
      vertex 34.9698 24.671 38
      vertex 34.983 24.6294 2.5
      vertex 34.983 24.6294 38
    endloop
  endfacet
  facet normal -0.609489 -0.792794 0
    outer loop
      vertex 34.7868 24.9096 2.5
      vertex 34.8214 24.883 38
      vertex 34.7868 24.9096 38
    endloop
  endfacet
  facet normal -0.609489 -0.792794 -0
    outer loop
      vertex 34.8214 24.883 38
      vertex 34.7868 24.9096 2.5
      vertex 34.8214 24.883 2.5
    endloop
  endfacet
  facet normal -0.84385 -0.536579 0
    outer loop
      vertex 34.933 24.75 2.5
      vertex 34.9096 24.7868 38
      vertex 34.9096 24.7868 2.5
    endloop
  endfacet
  facet normal -0.84385 -0.536579 0
    outer loop
      vertex 34.9096 24.7868 38
      vertex 34.933 24.75 2.5
      vertex 34.933 24.75 38
    endloop
  endfacet
  facet normal -0.792794 -0.609489 0
    outer loop
      vertex 34.9096 24.7868 2.5
      vertex 34.883 24.8214 38
      vertex 34.883 24.8214 2.5
    endloop
  endfacet
  facet normal -0.792794 -0.609489 0
    outer loop
      vertex 34.883 24.8214 38
      vertex 34.9096 24.7868 2.5
      vertex 34.9096 24.7868 38
    endloop
  endfacet
  facet normal -0.0435367 -0.999052 0
    outer loop
      vertex 34.5 25 2.5
      vertex 34.5436 24.9981 38
      vertex 34.5 25 38
    endloop
  endfacet
  facet normal -0.0435367 -0.999052 -0
    outer loop
      vertex 34.5436 24.9981 38
      vertex 34.5 25 2.5
      vertex 34.5436 24.9981 2.5
    endloop
  endfacet
  facet normal 0.84385 0.536579 0
    outer loop
      vertex -34.9096 -24.7868 38
      vertex -34.933 -24.75 2.5
      vertex -34.933 -24.75 38
    endloop
  endfacet
  facet normal 0.84385 0.536579 0
    outer loop
      vertex -34.933 -24.75 2.5
      vertex -34.9096 -24.7868 38
      vertex -34.9096 -24.7868 2.5
    endloop
  endfacet
  facet normal -0.130811 -0.991407 0
    outer loop
      vertex 34.5436 24.9981 2.5
      vertex 34.5868 24.9924 38
      vertex 34.5436 24.9981 38
    endloop
  endfacet
  facet normal -0.130811 -0.991407 -0
    outer loop
      vertex 34.5868 24.9924 38
      vertex 34.5436 24.9981 2.5
      vertex 34.5868 24.9924 2.5
    endloop
  endfacet
  facet normal 0.792794 0.609489 0
    outer loop
      vertex -34.883 -24.8214 38
      vertex -34.9096 -24.7868 2.5
      vertex -34.9096 -24.7868 38
    endloop
  endfacet
  facet normal 0.792794 0.609489 0
    outer loop
      vertex -34.9096 -24.7868 2.5
      vertex -34.883 -24.8214 38
      vertex -34.883 -24.8214 2.5
    endloop
  endfacet
  facet normal 0.609489 0.792794 -0
    outer loop
      vertex -34.7868 -24.9096 2.5
      vertex -34.8214 -24.883 38
      vertex -34.7868 -24.9096 38
    endloop
  endfacet
  facet normal 0.609489 0.792794 0
    outer loop
      vertex -34.8214 -24.883 38
      vertex -34.7868 -24.9096 2.5
      vertex -34.8214 -24.883 2.5
    endloop
  endfacet
  facet normal -0.999052 -0.0435367 0
    outer loop
      vertex 35 24.5 2.5
      vertex 34.9981 24.5436 38
      vertex 34.9981 24.5436 2.5
    endloop
  endfacet
  facet normal -0.999052 -0.0435367 0
    outer loop
      vertex 34.9981 24.5436 38
      vertex 35 24.5 2.5
      vertex 35 24.5 38
    endloop
  endfacet
  facet normal -0.536579 0.84385 0
    outer loop
      vertex 34.7868 -24.9096 2.5
      vertex 34.75 -24.933 38
      vertex 34.7868 -24.9096 38
    endloop
  endfacet
  facet normal -0.536579 0.84385 0
    outer loop
      vertex 34.75 -24.933 38
      vertex 34.7868 -24.9096 2.5
      vertex 34.75 -24.933 2.5
    endloop
  endfacet
  facet normal -0.676659 -0.736297 0
    outer loop
      vertex 34.8214 24.883 2.5
      vertex 34.8535 24.8535 38
      vertex 34.8214 24.883 38
    endloop
  endfacet
  facet normal -0.676659 -0.736297 -0
    outer loop
      vertex 34.8535 24.8535 38
      vertex 34.8214 24.883 2.5
      vertex 34.8535 24.8535 2.5
    endloop
  endfacet
  facet normal 0.991407 0.130811 0
    outer loop
      vertex -34.9924 -24.5868 38
      vertex -34.9981 -24.5436 2.5
      vertex -34.9981 -24.5436 38
    endloop
  endfacet
  facet normal 0.991407 0.130811 0
    outer loop
      vertex -34.9981 -24.5436 2.5
      vertex -34.9924 -24.5868 38
      vertex -34.9924 -24.5868 2.5
    endloop
  endfacet
  facet normal 0.886503 0.462723 0
    outer loop
      vertex -34.933 -24.75 38
      vertex -34.9532 -24.7113 2.5
      vertex -34.9532 -24.7113 38
    endloop
  endfacet
  facet normal 0.886503 0.462723 0
    outer loop
      vertex -34.9532 -24.7113 2.5
      vertex -34.933 -24.75 38
      vertex -34.933 -24.75 2.5
    endloop
  endfacet
  facet normal 0.97651 0.215474 0
    outer loop
      vertex -34.983 -24.6294 38
      vertex -34.9924 -24.5868 2.5
      vertex -34.9924 -24.5868 38
    endloop
  endfacet
  facet normal 0.97651 0.215474 0
    outer loop
      vertex -34.9924 -24.5868 2.5
      vertex -34.983 -24.6294 38
      vertex -34.983 -24.6294 2.5
    endloop
  endfacet
  facet normal 0.999052 0.0435367 0
    outer loop
      vertex -34.9981 -24.5436 38
      vertex -35 -24.5 2.5
      vertex -35 -24.5 38
    endloop
  endfacet
  facet normal 0.999052 0.0435367 0
    outer loop
      vertex -35 -24.5 2.5
      vertex -34.9981 -24.5436 38
      vertex -34.9981 -24.5436 2.5
    endloop
  endfacet
  facet normal -0.991407 0.130811 0
    outer loop
      vertex 34.9924 -24.5868 2.5
      vertex 34.9981 -24.5436 38
      vertex 34.9981 -24.5436 2.5
    endloop
  endfacet
  facet normal -0.991407 0.130811 0
    outer loop
      vertex 34.9981 -24.5436 38
      vertex 34.9924 -24.5868 2.5
      vertex 34.9924 -24.5868 38
    endloop
  endfacet
  facet normal 0.999051 0.0435652 0
    outer loop
      vertex -28.5 -22 38
      vertex -28.5133 -21.695 2.5
      vertex -28.5133 -21.695 38
    endloop
  endfacet
  facet normal 0.999051 0.0435652 0
    outer loop
      vertex -28.5133 -21.695 2.5
      vertex -28.5 -22 38
      vertex -28.5 -22 2.5
    endloop
  endfacet
  facet normal 0.99143 0.130641 0
    outer loop
      vertex -28.5133 -21.695 38
      vertex -28.5532 -21.3922 2.5
      vertex -28.5532 -21.3922 38
    endloop
  endfacet
  facet normal 0.99143 0.130641 0
    outer loop
      vertex -28.5532 -21.3922 2.5
      vertex -28.5133 -21.695 38
      vertex -28.5133 -21.695 2.5
    endloop
  endfacet
  facet normal 0.608507 -0.793548 0
    outer loop
      vertex -29.9925 -24.867 2.5
      vertex -29.7502 -24.6812 38
      vertex -29.9925 -24.867 38
    endloop
  endfacet
  facet normal 0.608507 -0.793548 0
    outer loop
      vertex -29.7502 -24.6812 38
      vertex -29.9925 -24.867 2.5
      vertex -29.7502 -24.6812 2.5
    endloop
  endfacet
  facet normal 0.976287 -0.21648 0
    outer loop
      vertex -28.6193 -22.9059 38
      vertex -28.5532 -22.6078 2.5
      vertex -28.5532 -22.6078 38
    endloop
  endfacet
  facet normal 0.976287 -0.21648 0
    outer loop
      vertex -28.5532 -22.6078 2.5
      vertex -28.6193 -22.9059 38
      vertex -28.6193 -22.9059 2.5
    endloop
  endfacet
  facet normal 0.461827 0.88697 -0
    outer loop
      vertex -30.25 -18.9689 2.5
      vertex -30.5208 -18.8279 38
      vertex -30.25 -18.9689 38
    endloop
  endfacet
  facet normal 0.461827 0.88697 0
    outer loop
      vertex -30.5208 -18.8279 38
      vertex -30.25 -18.9689 2.5
      vertex -30.5208 -18.8279 2.5
    endloop
  endfacet
  facet normal 0.737222 0.67565 0
    outer loop
      vertex -29.3188 -19.7502 38
      vertex -29.5251 -19.5251 2.5
      vertex -29.5251 -19.5251 38
    endloop
  endfacet
  facet normal 0.737222 0.67565 0
    outer loop
      vertex -29.5251 -19.5251 2.5
      vertex -29.3188 -19.7502 38
      vertex -29.3188 -19.7502 2.5
    endloop
  endfacet
  facet normal -0.737222 -0.67565 0
    outer loop
      vertex -34.4749 -24.4749 2.5
      vertex -34.6812 -24.2498 38
      vertex -34.6812 -24.2498 2.5
    endloop
  endfacet
  facet normal -0.737222 -0.67565 0
    outer loop
      vertex -34.6812 -24.2498 38
      vertex -34.4749 -24.4749 2.5
      vertex -34.4749 -24.4749 38
    endloop
  endfacet
  facet normal 0.976287 0.21648 0
    outer loop
      vertex -28.5532 -21.3922 38
      vertex -28.6193 -21.0941 2.5
      vertex -28.6193 -21.0941 38
    endloop
  endfacet
  facet normal 0.976287 0.21648 0
    outer loop
      vertex -28.6193 -21.0941 2.5
      vertex -28.5532 -21.3922 38
      vertex -28.5532 -21.3922 2.5
    endloop
  endfacet
  facet normal 0.99143 -0.130641 0
    outer loop
      vertex -28.5532 -22.6078 38
      vertex -28.5133 -22.305 2.5
      vertex -28.5133 -22.305 38
    endloop
  endfacet
  facet normal 0.99143 -0.130641 0
    outer loop
      vertex -28.5133 -22.305 2.5
      vertex -28.5532 -22.6078 38
      vertex -28.5532 -22.6078 2.5
    endloop
  endfacet
  facet normal -0.382545 0.923937 0
    outer loop
      vertex -33.1971 -18.7111 2.5
      vertex -33.4792 -18.8279 38
      vertex -33.1971 -18.7111 38
    endloop
  endfacet
  facet normal -0.382545 0.923937 0
    outer loop
      vertex -33.4792 -18.8279 38
      vertex -33.1971 -18.7111 2.5
      vertex -33.4792 -18.8279 2.5
    endloop
  endfacet
  facet normal 0.67565 -0.737222 0
    outer loop
      vertex -29.7502 -24.6812 2.5
      vertex -29.5251 -24.4749 38
      vertex -29.7502 -24.6812 38
    endloop
  endfacet
  facet normal 0.67565 -0.737222 0
    outer loop
      vertex -29.5251 -24.4749 38
      vertex -29.7502 -24.6812 2.5
      vertex -29.5251 -24.4749 2.5
    endloop
  endfacet
  facet normal 0.537426 0.843311 -0
    outer loop
      vertex -29.9925 -19.133 2.5
      vertex -30.25 -18.9689 38
      vertex -29.9925 -19.133 38
    endloop
  endfacet
  facet normal 0.537426 0.843311 0
    outer loop
      vertex -30.25 -18.9689 38
      vertex -29.9925 -19.133 2.5
      vertex -30.25 -18.9689 2.5
    endloop
  endfacet
  facet normal 0.88697 0.461827 0
    outer loop
      vertex -28.8279 -20.5208 38
      vertex -28.9689 -20.25 2.5
      vertex -28.9689 -20.25 38
    endloop
  endfacet
  facet normal 0.88697 0.461827 0
    outer loop
      vertex -28.9689 -20.25 2.5
      vertex -28.8279 -20.5208 38
      vertex -28.8279 -20.5208 2.5
    endloop
  endfacet
  facet normal 0.953731 -0.300661 0
    outer loop
      vertex -28.7111 -23.1971 38
      vertex -28.6193 -22.9059 2.5
      vertex -28.6193 -22.9059 38
    endloop
  endfacet
  facet normal 0.953731 -0.300661 0
    outer loop
      vertex -28.6193 -22.9059 2.5
      vertex -28.7111 -23.1971 38
      vertex -28.7111 -23.1971 2.5
    endloop
  endfacet
  facet normal 0.382545 0.923937 -0
    outer loop
      vertex -30.5208 -18.8279 2.5
      vertex -30.8029 -18.7111 38
      vertex -30.5208 -18.8279 38
    endloop
  endfacet
  facet normal 0.382545 0.923937 0
    outer loop
      vertex -30.8029 -18.7111 38
      vertex -30.5208 -18.8279 2.5
      vertex -30.8029 -18.7111 2.5
    endloop
  endfacet
  facet normal 0.999051 -0.0435652 0
    outer loop
      vertex -28.5133 -22.305 38
      vertex -28.5 -22 2.5
      vertex -28.5 -22 38
    endloop
  endfacet
  facet normal 0.999051 -0.0435652 0
    outer loop
      vertex -28.5 -22 2.5
      vertex -28.5133 -22.305 38
      vertex -28.5133 -22.305 2.5
    endloop
  endfacet
  facet normal 0.130641 0.99143 -0
    outer loop
      vertex -31.3922 -18.5532 2.5
      vertex -31.695 -18.5133 38
      vertex -31.3922 -18.5532 38
    endloop
  endfacet
  facet normal 0.130641 0.99143 0
    outer loop
      vertex -31.695 -18.5133 38
      vertex -31.3922 -18.5532 2.5
      vertex -31.695 -18.5133 2.5
    endloop
  endfacet
  facet normal -0.0435652 0.999051 0
    outer loop
      vertex -32 -18.5 2.5
      vertex -32.305 -18.5133 38
      vertex -32 -18.5 38
    endloop
  endfacet
  facet normal -0.0435652 0.999051 0
    outer loop
      vertex -32.305 -18.5133 38
      vertex -32 -18.5 2.5
      vertex -32.305 -18.5133 2.5
    endloop
  endfacet
  facet normal -0.130641 0.99143 0
    outer loop
      vertex -32.305 -18.5133 2.5
      vertex -32.6078 -18.5532 38
      vertex -32.305 -18.5133 38
    endloop
  endfacet
  facet normal -0.130641 0.99143 0
    outer loop
      vertex -32.6078 -18.5532 38
      vertex -32.305 -18.5133 2.5
      vertex -32.6078 -18.5532 2.5
    endloop
  endfacet
  facet normal 0.67565 0.737222 -0
    outer loop
      vertex -29.5251 -19.5251 2.5
      vertex -29.7502 -19.3188 38
      vertex -29.5251 -19.5251 38
    endloop
  endfacet
  facet normal 0.67565 0.737222 0
    outer loop
      vertex -29.7502 -19.3188 38
      vertex -29.5251 -19.5251 2.5
      vertex -29.7502 -19.3188 2.5
    endloop
  endfacet
  facet normal 0.843311 -0.537426 0
    outer loop
      vertex -29.133 -24.0075 38
      vertex -28.9689 -23.75 2.5
      vertex -28.9689 -23.75 38
    endloop
  endfacet
  facet normal 0.843311 -0.537426 0
    outer loop
      vertex -28.9689 -23.75 2.5
      vertex -29.133 -24.0075 38
      vertex -29.133 -24.0075 2.5
    endloop
  endfacet
  facet normal 0.537424 -0.843312 0
    outer loop
      vertex -30.2012 -25 2.5
      vertex -29.9925 -24.867 38
      vertex -30.2012 -25 38
    endloop
  endfacet
  facet normal 0.537424 -0.843312 0
    outer loop
      vertex -29.9925 -24.867 38
      vertex -30.2012 -25 2.5
      vertex -29.9925 -24.867 2.5
    endloop
  endfacet
  facet normal -0.843312 -0.537424 0
    outer loop
      vertex -34.867 -24.0075 2.5
      vertex -35 -23.7988 38
      vertex -35 -23.7988 2.5
    endloop
  endfacet
  facet normal -0.843312 -0.537424 0
    outer loop
      vertex -35 -23.7988 38
      vertex -34.867 -24.0075 2.5
      vertex -34.867 -24.0075 38
    endloop
  endfacet
  facet normal -0.608507 -0.793548 0
    outer loop
      vertex -34.2498 -24.6812 2.5
      vertex -34.0075 -24.867 38
      vertex -34.2498 -24.6812 38
    endloop
  endfacet
  facet normal -0.608507 -0.793548 -0
    outer loop
      vertex -34.0075 -24.867 38
      vertex -34.2498 -24.6812 2.5
      vertex -34.0075 -24.867 2.5
    endloop
  endfacet
  facet normal -0.737222 0.67565 0
    outer loop
      vertex -34.6812 -19.7502 2.5
      vertex -34.4749 -19.5251 38
      vertex -34.4749 -19.5251 2.5
    endloop
  endfacet
  facet normal -0.737222 0.67565 0
    outer loop
      vertex -34.4749 -19.5251 38
      vertex -34.6812 -19.7502 2.5
      vertex -34.6812 -19.7502 38
    endloop
  endfacet
  facet normal 0.843311 0.537426 0
    outer loop
      vertex -28.9689 -20.25 38
      vertex -29.133 -19.9925 2.5
      vertex -29.133 -19.9925 38
    endloop
  endfacet
  facet normal 0.843311 0.537426 0
    outer loop
      vertex -29.133 -19.9925 2.5
      vertex -28.9689 -20.25 38
      vertex -28.9689 -20.25 2.5
    endloop
  endfacet
  facet normal -0.537424 -0.843312 0
    outer loop
      vertex -34.0075 -24.867 2.5
      vertex -33.7988 -25 38
      vertex -34.0075 -24.867 38
    endloop
  endfacet
  facet normal -0.537424 -0.843312 -0
    outer loop
      vertex -33.7988 -25 38
      vertex -34.0075 -24.867 2.5
      vertex -33.7988 -25 2.5
    endloop
  endfacet
  facet normal 0.923937 0.382545 0
    outer loop
      vertex -28.7111 -20.8029 38
      vertex -28.8279 -20.5208 2.5
      vertex -28.8279 -20.5208 38
    endloop
  endfacet
  facet normal 0.923937 0.382545 0
    outer loop
      vertex -28.8279 -20.5208 2.5
      vertex -28.7111 -20.8029 38
      vertex -28.7111 -20.8029 2.5
    endloop
  endfacet
  facet normal 0.793548 -0.608507 0
    outer loop
      vertex -29.3188 -24.2498 38
      vertex -29.133 -24.0075 2.5
      vertex -29.133 -24.0075 38
    endloop
  endfacet
  facet normal 0.793548 -0.608507 0
    outer loop
      vertex -29.133 -24.0075 2.5
      vertex -29.3188 -24.2498 38
      vertex -29.3188 -24.2498 2.5
    endloop
  endfacet
  facet normal 0.793548 0.608507 0
    outer loop
      vertex -29.133 -19.9925 38
      vertex -29.3188 -19.7502 2.5
      vertex -29.3188 -19.7502 38
    endloop
  endfacet
  facet normal 0.793548 0.608507 0
    outer loop
      vertex -29.3188 -19.7502 2.5
      vertex -29.133 -19.9925 38
      vertex -29.133 -19.9925 2.5
    endloop
  endfacet
  facet normal 0.953731 0.300661 0
    outer loop
      vertex -28.6193 -21.0941 38
      vertex -28.7111 -20.8029 2.5
      vertex -28.7111 -20.8029 38
    endloop
  endfacet
  facet normal 0.953731 0.300661 0
    outer loop
      vertex -28.7111 -20.8029 2.5
      vertex -28.6193 -21.0941 38
      vertex -28.6193 -21.0941 2.5
    endloop
  endfacet
  facet normal 0.923937 -0.382545 0
    outer loop
      vertex -28.8279 -23.4792 38
      vertex -28.7111 -23.1971 2.5
      vertex -28.7111 -23.1971 38
    endloop
  endfacet
  facet normal 0.923937 -0.382545 0
    outer loop
      vertex -28.7111 -23.1971 2.5
      vertex -28.8279 -23.4792 38
      vertex -28.8279 -23.4792 2.5
    endloop
  endfacet
  facet normal -0.793548 0.608507 0
    outer loop
      vertex -34.867 -19.9925 2.5
      vertex -34.6812 -19.7502 38
      vertex -34.6812 -19.7502 2.5
    endloop
  endfacet
  facet normal -0.793548 0.608507 0
    outer loop
      vertex -34.6812 -19.7502 38
      vertex -34.867 -19.9925 2.5
      vertex -34.867 -19.9925 38
    endloop
  endfacet
  facet normal 0.608507 0.793548 -0
    outer loop
      vertex -29.7502 -19.3188 2.5
      vertex -29.9925 -19.133 38
      vertex -29.7502 -19.3188 38
    endloop
  endfacet
  facet normal 0.608507 0.793548 0
    outer loop
      vertex -29.9925 -19.133 38
      vertex -29.7502 -19.3188 2.5
      vertex -29.9925 -19.133 2.5
    endloop
  endfacet
  facet normal 0.737222 -0.67565 0
    outer loop
      vertex -29.5251 -24.4749 38
      vertex -29.3188 -24.2498 2.5
      vertex -29.3188 -24.2498 38
    endloop
  endfacet
  facet normal 0.737222 -0.67565 0
    outer loop
      vertex -29.3188 -24.2498 2.5
      vertex -29.5251 -24.4749 38
      vertex -29.5251 -24.4749 2.5
    endloop
  endfacet
  facet normal -0.608507 0.793548 0
    outer loop
      vertex -34.0075 -19.133 2.5
      vertex -34.2498 -19.3188 38
      vertex -34.0075 -19.133 38
    endloop
  endfacet
  facet normal -0.608507 0.793548 0
    outer loop
      vertex -34.2498 -19.3188 38
      vertex -34.0075 -19.133 2.5
      vertex -34.2498 -19.3188 2.5
    endloop
  endfacet
  facet normal -0.793548 -0.608507 0
    outer loop
      vertex -34.6812 -24.2498 2.5
      vertex -34.867 -24.0075 38
      vertex -34.867 -24.0075 2.5
    endloop
  endfacet
  facet normal -0.793548 -0.608507 0
    outer loop
      vertex -34.867 -24.0075 38
      vertex -34.6812 -24.2498 2.5
      vertex -34.6812 -24.2498 38
    endloop
  endfacet
  facet normal -0.67565 0.737222 0
    outer loop
      vertex -34.2498 -19.3188 2.5
      vertex -34.4749 -19.5251 38
      vertex -34.2498 -19.3188 38
    endloop
  endfacet
  facet normal -0.67565 0.737222 0
    outer loop
      vertex -34.4749 -19.5251 38
      vertex -34.2498 -19.3188 2.5
      vertex -34.4749 -19.5251 2.5
    endloop
  endfacet
  facet normal -0.300661 0.953731 0
    outer loop
      vertex -32.9059 -18.6193 2.5
      vertex -33.1971 -18.7111 38
      vertex -32.9059 -18.6193 38
    endloop
  endfacet
  facet normal -0.300661 0.953731 0
    outer loop
      vertex -33.1971 -18.7111 38
      vertex -32.9059 -18.6193 2.5
      vertex -33.1971 -18.7111 2.5
    endloop
  endfacet
  facet normal -0.21648 0.976287 0
    outer loop
      vertex -32.6078 -18.5532 2.5
      vertex -32.9059 -18.6193 38
      vertex -32.6078 -18.5532 38
    endloop
  endfacet
  facet normal -0.21648 0.976287 0
    outer loop
      vertex -32.9059 -18.6193 38
      vertex -32.6078 -18.5532 2.5
      vertex -32.9059 -18.6193 2.5
    endloop
  endfacet
  facet normal -0.843312 0.537424 0
    outer loop
      vertex -35 -20.2012 2.5
      vertex -34.867 -19.9925 38
      vertex -34.867 -19.9925 2.5
    endloop
  endfacet
  facet normal -0.843312 0.537424 0
    outer loop
      vertex -34.867 -19.9925 38
      vertex -35 -20.2012 2.5
      vertex -35 -20.2012 38
    endloop
  endfacet
  facet normal -0.537426 0.843311 0
    outer loop
      vertex -33.75 -18.9689 2.5
      vertex -34.0075 -19.133 38
      vertex -33.75 -18.9689 38
    endloop
  endfacet
  facet normal -0.537426 0.843311 0
    outer loop
      vertex -34.0075 -19.133 38
      vertex -33.75 -18.9689 2.5
      vertex -34.0075 -19.133 2.5
    endloop
  endfacet
  facet normal 0.300661 0.953731 -0
    outer loop
      vertex -30.8029 -18.7111 2.5
      vertex -31.0941 -18.6193 38
      vertex -30.8029 -18.7111 38
    endloop
  endfacet
  facet normal 0.300661 0.953731 0
    outer loop
      vertex -31.0941 -18.6193 38
      vertex -30.8029 -18.7111 2.5
      vertex -31.0941 -18.6193 2.5
    endloop
  endfacet
  facet normal -0.461827 0.88697 0
    outer loop
      vertex -33.4792 -18.8279 2.5
      vertex -33.75 -18.9689 38
      vertex -33.4792 -18.8279 38
    endloop
  endfacet
  facet normal -0.461827 0.88697 0
    outer loop
      vertex -33.75 -18.9689 38
      vertex -33.4792 -18.8279 2.5
      vertex -33.75 -18.9689 2.5
    endloop
  endfacet
  facet normal 0.88697 -0.461827 0
    outer loop
      vertex -28.9689 -23.75 38
      vertex -28.8279 -23.4792 2.5
      vertex -28.8279 -23.4792 38
    endloop
  endfacet
  facet normal 0.88697 -0.461827 0
    outer loop
      vertex -28.8279 -23.4792 2.5
      vertex -28.9689 -23.75 38
      vertex -28.9689 -23.75 2.5
    endloop
  endfacet
  facet normal 0.21648 0.976287 -0
    outer loop
      vertex -31.0941 -18.6193 2.5
      vertex -31.3922 -18.5532 38
      vertex -31.0941 -18.6193 38
    endloop
  endfacet
  facet normal 0.21648 0.976287 0
    outer loop
      vertex -31.3922 -18.5532 38
      vertex -31.0941 -18.6193 2.5
      vertex -31.3922 -18.5532 2.5
    endloop
  endfacet
  facet normal 0.0435652 0.999051 -0
    outer loop
      vertex -31.695 -18.5133 2.5
      vertex -32 -18.5 38
      vertex -31.695 -18.5133 38
    endloop
  endfacet
  facet normal 0.0435652 0.999051 0
    outer loop
      vertex -32 -18.5 38
      vertex -31.695 -18.5133 2.5
      vertex -32 -18.5 2.5
    endloop
  endfacet
  facet normal -0.67565 -0.737222 0
    outer loop
      vertex -34.4749 -24.4749 2.5
      vertex -34.2498 -24.6812 38
      vertex -34.4749 -24.4749 38
    endloop
  endfacet
  facet normal -0.67565 -0.737222 -0
    outer loop
      vertex -34.2498 -24.6812 38
      vertex -34.4749 -24.4749 2.5
      vertex -34.2498 -24.6812 2.5
    endloop
  endfacet
  facet normal -0.991384 -0.130984 0
    outer loop
      vertex -30.6053 -21.878 2.5
      vertex -30.6213 -21.7569 38
      vertex -30.6213 -21.7569 2.5
    endloop
  endfacet
  facet normal -0.991384 -0.130984 0
    outer loop
      vertex -30.6213 -21.7569 38
      vertex -30.6053 -21.878 2.5
      vertex -30.6053 -21.878 38
    endloop
  endfacet
  facet normal -0.999058 -0.0434017 0
    outer loop
      vertex -30.6 -22 2.5
      vertex -30.6053 -21.878 38
      vertex -30.6053 -21.878 2.5
    endloop
  endfacet
  facet normal -0.999058 -0.0434017 0
    outer loop
      vertex -30.6053 -21.878 38
      vertex -30.6 -22 2.5
      vertex -30.6 -22 38
    endloop
  endfacet
  facet normal -0.976341 -0.216237 0
    outer loop
      vertex -30.6213 -21.7569 2.5
      vertex -30.6477 -21.6377 38
      vertex -30.6477 -21.6377 2.5
    endloop
  endfacet
  facet normal -0.976341 -0.216237 0
    outer loop
      vertex -30.6477 -21.6377 38
      vertex -30.6213 -21.7569 2.5
      vertex -30.6213 -21.7569 38
    endloop
  endfacet
  facet normal -0.999058 0.0434017 0
    outer loop
      vertex -30.6053 -22.122 2.5
      vertex -30.6 -22 38
      vertex -30.6 -22 2.5
    endloop
  endfacet
  facet normal -0.999058 0.0434017 0
    outer loop
      vertex -30.6 -22 38
      vertex -30.6053 -22.122 2.5
      vertex -30.6053 -22.122 38
    endloop
  endfacet
  facet normal 0.953793 -0.300465 0
    outer loop
      vertex -33.3523 -21.6377 38
      vertex -33.3156 -21.5212 2.5
      vertex -33.3156 -21.5212 38
    endloop
  endfacet
  facet normal 0.953793 -0.300465 0
    outer loop
      vertex -33.3156 -21.5212 2.5
      vertex -33.3523 -21.6377 38
      vertex -33.3523 -21.6377 2.5
    endloop
  endfacet
  facet normal 0.976341 0.216237 0
    outer loop
      vertex -33.3523 -22.3623 38
      vertex -33.3787 -22.2431 2.5
      vertex -33.3787 -22.2431 38
    endloop
  endfacet
  facet normal 0.976341 0.216237 0
    outer loop
      vertex -33.3787 -22.2431 2.5
      vertex -33.3523 -22.3623 38
      vertex -33.3523 -22.3623 2.5
    endloop
  endfacet
  facet normal 0.793567 -0.608483 0
    outer loop
      vertex -33.1468 -21.197 38
      vertex -33.0725 -21.1001 2.5
      vertex -33.0725 -21.1001 38
    endloop
  endfacet
  facet normal 0.793567 -0.608483 0
    outer loop
      vertex -33.0725 -21.1001 2.5
      vertex -33.1468 -21.197 38
      vertex -33.1468 -21.197 2.5
    endloop
  endfacet
  facet normal -0.736746 -0.676169 0
    outer loop
      vertex -30.9275 -21.1001 2.5
      vertex -31.0101 -21.0101 38
      vertex -31.0101 -21.0101 2.5
    endloop
  endfacet
  facet normal -0.736746 -0.676169 0
    outer loop
      vertex -31.0101 -21.0101 38
      vertex -30.9275 -21.1001 2.5
      vertex -30.9275 -21.1001 38
    endloop
  endfacet
  facet normal 0.923777 -0.38293 0
    outer loop
      vertex -33.3156 -21.5212 38
      vertex -33.2688 -21.4083 2.5
      vertex -33.2688 -21.4083 38
    endloop
  endfacet
  facet normal 0.923777 -0.38293 0
    outer loop
      vertex -33.2688 -21.4083 2.5
      vertex -33.3156 -21.5212 38
      vertex -33.3156 -21.5212 2.5
    endloop
  endfacet
  facet normal -0.537193 0.843459 0
    outer loop
      vertex -31.197 -23.1468 2.5
      vertex -31.3 -23.2124 38
      vertex -31.197 -23.1468 38
    endloop
  endfacet
  facet normal -0.537193 0.843459 0
    outer loop
      vertex -31.3 -23.2124 38
      vertex -31.197 -23.1468 2.5
      vertex -31.3 -23.2124 2.5
    endloop
  endfacet
  facet normal -0.676169 -0.736746 0
    outer loop
      vertex -31.1001 -20.9275 2.5
      vertex -31.0101 -21.0101 38
      vertex -31.1001 -20.9275 38
    endloop
  endfacet
  facet normal -0.676169 -0.736746 -0
    outer loop
      vertex -31.0101 -21.0101 38
      vertex -31.1001 -20.9275 2.5
      vertex -31.0101 -21.0101 2.5
    endloop
  endfacet
  facet normal -0.300465 0.953793 0
    outer loop
      vertex -31.5212 -23.3156 2.5
      vertex -31.6377 -23.3523 38
      vertex -31.5212 -23.3156 38
    endloop
  endfacet
  facet normal -0.300465 0.953793 0
    outer loop
      vertex -31.6377 -23.3523 38
      vertex -31.5212 -23.3156 2.5
      vertex -31.6377 -23.3523 2.5
    endloop
  endfacet
  facet normal -0.991384 0.130984 0
    outer loop
      vertex -30.6213 -22.2431 2.5
      vertex -30.6053 -22.122 38
      vertex -30.6053 -22.122 2.5
    endloop
  endfacet
  facet normal -0.991384 0.130984 0
    outer loop
      vertex -30.6053 -22.122 38
      vertex -30.6213 -22.2431 2.5
      vertex -30.6213 -22.2431 38
    endloop
  endfacet
  facet normal 0.300465 0.953793 -0
    outer loop
      vertex -32.3623 -23.3523 2.5
      vertex -32.4788 -23.3156 38
      vertex -32.3623 -23.3523 38
    endloop
  endfacet
  facet normal 0.300465 0.953793 0
    outer loop
      vertex -32.4788 -23.3156 38
      vertex -32.3623 -23.3523 2.5
      vertex -32.4788 -23.3156 2.5
    endloop
  endfacet
  facet normal 0.736746 -0.676169 0
    outer loop
      vertex -33.0725 -21.1001 38
      vertex -32.9899 -21.0101 2.5
      vertex -32.9899 -21.0101 38
    endloop
  endfacet
  facet normal 0.736746 -0.676169 0
    outer loop
      vertex -32.9899 -21.0101 2.5
      vertex -33.0725 -21.1001 38
      vertex -33.0725 -21.1001 2.5
    endloop
  endfacet
  facet normal -0.130984 -0.991384 0
    outer loop
      vertex -31.878 -20.6053 2.5
      vertex -31.7569 -20.6213 38
      vertex -31.878 -20.6053 38
    endloop
  endfacet
  facet normal -0.130984 -0.991384 -0
    outer loop
      vertex -31.7569 -20.6213 38
      vertex -31.878 -20.6053 2.5
      vertex -31.7569 -20.6213 2.5
    endloop
  endfacet
  facet normal -0.793567 0.608483 0
    outer loop
      vertex -30.9275 -22.8999 2.5
      vertex -30.8532 -22.803 38
      vertex -30.8532 -22.803 2.5
    endloop
  endfacet
  facet normal -0.793567 0.608483 0
    outer loop
      vertex -30.8532 -22.803 38
      vertex -30.9275 -22.8999 2.5
      vertex -30.9275 -22.8999 38
    endloop
  endfacet
  facet normal -0.953793 -0.300465 0
    outer loop
      vertex -30.6477 -21.6377 2.5
      vertex -30.6844 -21.5212 38
      vertex -30.6844 -21.5212 2.5
    endloop
  endfacet
  facet normal -0.953793 -0.300465 0
    outer loop
      vertex -30.6844 -21.5212 38
      vertex -30.6477 -21.6377 2.5
      vertex -30.6477 -21.6377 38
    endloop
  endfacet
  facet normal 0.843459 -0.537193 0
    outer loop
      vertex -33.2124 -21.3 38
      vertex -33.1468 -21.197 2.5
      vertex -33.1468 -21.197 38
    endloop
  endfacet
  facet normal 0.843459 -0.537193 0
    outer loop
      vertex -33.1468 -21.197 2.5
      vertex -33.2124 -21.3 38
      vertex -33.2124 -21.3 2.5
    endloop
  endfacet
  facet normal 0.216237 0.976341 -0
    outer loop
      vertex -32.2431 -23.3787 2.5
      vertex -32.3623 -23.3523 38
      vertex -32.2431 -23.3787 38
    endloop
  endfacet
  facet normal 0.216237 0.976341 0
    outer loop
      vertex -32.3623 -23.3523 38
      vertex -32.2431 -23.3787 2.5
      vertex -32.3623 -23.3523 2.5
    endloop
  endfacet
  facet normal -0.976341 0.216237 0
    outer loop
      vertex -30.6477 -22.3623 2.5
      vertex -30.6213 -22.2431 38
      vertex -30.6213 -22.2431 2.5
    endloop
  endfacet
  facet normal -0.976341 0.216237 0
    outer loop
      vertex -30.6213 -22.2431 38
      vertex -30.6477 -22.3623 2.5
      vertex -30.6477 -22.3623 38
    endloop
  endfacet
  facet normal 0.461894 -0.886935 0
    outer loop
      vertex -32.7 -20.7876 2.5
      vertex -32.5917 -20.7312 38
      vertex -32.7 -20.7876 38
    endloop
  endfacet
  facet normal 0.461894 -0.886935 0
    outer loop
      vertex -32.5917 -20.7312 38
      vertex -32.7 -20.7876 2.5
      vertex -32.5917 -20.7312 2.5
    endloop
  endfacet
  facet normal -0.923777 -0.38293 0
    outer loop
      vertex -30.6844 -21.5212 2.5
      vertex -30.7312 -21.4083 38
      vertex -30.7312 -21.4083 2.5
    endloop
  endfacet
  facet normal -0.923777 -0.38293 0
    outer loop
      vertex -30.7312 -21.4083 38
      vertex -30.6844 -21.5212 2.5
      vertex -30.6844 -21.5212 38
    endloop
  endfacet
  facet normal -0.38293 -0.923777 0
    outer loop
      vertex -31.5212 -20.6844 2.5
      vertex -31.4083 -20.7312 38
      vertex -31.5212 -20.6844 38
    endloop
  endfacet
  facet normal -0.38293 -0.923777 -0
    outer loop
      vertex -31.4083 -20.7312 38
      vertex -31.5212 -20.6844 2.5
      vertex -31.4083 -20.7312 2.5
    endloop
  endfacet
  facet normal 0.38293 -0.923777 0
    outer loop
      vertex -32.5917 -20.7312 2.5
      vertex -32.4788 -20.6844 38
      vertex -32.5917 -20.7312 38
    endloop
  endfacet
  facet normal 0.38293 -0.923777 0
    outer loop
      vertex -32.4788 -20.6844 38
      vertex -32.5917 -20.7312 2.5
      vertex -32.4788 -20.6844 2.5
    endloop
  endfacet
  facet normal -0.0434017 0.999058 0
    outer loop
      vertex -31.878 -23.3947 2.5
      vertex -32 -23.4 38
      vertex -31.878 -23.3947 38
    endloop
  endfacet
  facet normal -0.0434017 0.999058 0
    outer loop
      vertex -32 -23.4 38
      vertex -31.878 -23.3947 2.5
      vertex -32 -23.4 2.5
    endloop
  endfacet
  facet normal -0.38293 0.923777 0
    outer loop
      vertex -31.4083 -23.2688 2.5
      vertex -31.5212 -23.3156 38
      vertex -31.4083 -23.2688 38
    endloop
  endfacet
  facet normal -0.38293 0.923777 0
    outer loop
      vertex -31.5212 -23.3156 38
      vertex -31.4083 -23.2688 2.5
      vertex -31.5212 -23.3156 2.5
    endloop
  endfacet
  facet normal 0.886935 0.461894 0
    outer loop
      vertex -33.2124 -22.7 38
      vertex -33.2688 -22.5917 2.5
      vertex -33.2688 -22.5917 38
    endloop
  endfacet
  facet normal 0.886935 0.461894 0
    outer loop
      vertex -33.2688 -22.5917 2.5
      vertex -33.2124 -22.7 38
      vertex -33.2124 -22.7 2.5
    endloop
  endfacet
  facet normal 0.991384 0.130984 0
    outer loop
      vertex -33.3787 -22.2431 38
      vertex -33.3947 -22.122 2.5
      vertex -33.3947 -22.122 38
    endloop
  endfacet
  facet normal 0.991384 0.130984 0
    outer loop
      vertex -33.3947 -22.122 2.5
      vertex -33.3787 -22.2431 38
      vertex -33.3787 -22.2431 2.5
    endloop
  endfacet
  facet normal -0.130984 0.991384 0
    outer loop
      vertex -31.7569 -23.3787 2.5
      vertex -31.878 -23.3947 38
      vertex -31.7569 -23.3787 38
    endloop
  endfacet
  facet normal -0.130984 0.991384 0
    outer loop
      vertex -31.878 -23.3947 38
      vertex -31.7569 -23.3787 2.5
      vertex -31.878 -23.3947 2.5
    endloop
  endfacet
  facet normal 0.676169 -0.736746 0
    outer loop
      vertex -32.9899 -21.0101 2.5
      vertex -32.8999 -20.9275 38
      vertex -32.9899 -21.0101 38
    endloop
  endfacet
  facet normal 0.676169 -0.736746 0
    outer loop
      vertex -32.8999 -20.9275 38
      vertex -32.9899 -21.0101 2.5
      vertex -32.8999 -20.9275 2.5
    endloop
  endfacet
  facet normal -0.843459 0.537193 0
    outer loop
      vertex -30.8532 -22.803 2.5
      vertex -30.7876 -22.7 38
      vertex -30.7876 -22.7 2.5
    endloop
  endfacet
  facet normal -0.843459 0.537193 0
    outer loop
      vertex -30.7876 -22.7 38
      vertex -30.8532 -22.803 2.5
      vertex -30.8532 -22.803 38
    endloop
  endfacet
  facet normal -0.886935 0.461894 0
    outer loop
      vertex -30.7876 -22.7 2.5
      vertex -30.7312 -22.5917 38
      vertex -30.7312 -22.5917 2.5
    endloop
  endfacet
  facet normal -0.886935 0.461894 0
    outer loop
      vertex -30.7312 -22.5917 38
      vertex -30.7876 -22.7 2.5
      vertex -30.7876 -22.7 38
    endloop
  endfacet
  facet normal -0.793567 -0.608483 0
    outer loop
      vertex -30.8532 -21.197 2.5
      vertex -30.9275 -21.1001 38
      vertex -30.9275 -21.1001 2.5
    endloop
  endfacet
  facet normal -0.793567 -0.608483 0
    outer loop
      vertex -30.9275 -21.1001 38
      vertex -30.8532 -21.197 2.5
      vertex -30.8532 -21.197 38
    endloop
  endfacet
  facet normal -0.461894 -0.886935 0
    outer loop
      vertex -31.4083 -20.7312 2.5
      vertex -31.3 -20.7876 38
      vertex -31.4083 -20.7312 38
    endloop
  endfacet
  facet normal -0.461894 -0.886935 -0
    outer loop
      vertex -31.3 -20.7876 38
      vertex -31.4083 -20.7312 2.5
      vertex -31.3 -20.7876 2.5
    endloop
  endfacet
  facet normal -0.736746 0.676169 0
    outer loop
      vertex -31.0101 -22.9899 2.5
      vertex -30.9275 -22.8999 38
      vertex -30.9275 -22.8999 2.5
    endloop
  endfacet
  facet normal -0.736746 0.676169 0
    outer loop
      vertex -30.9275 -22.8999 38
      vertex -31.0101 -22.9899 2.5
      vertex -31.0101 -22.9899 38
    endloop
  endfacet
  facet normal -0.300465 -0.953793 0
    outer loop
      vertex -31.6377 -20.6477 2.5
      vertex -31.5212 -20.6844 38
      vertex -31.6377 -20.6477 38
    endloop
  endfacet
  facet normal -0.300465 -0.953793 -0
    outer loop
      vertex -31.5212 -20.6844 38
      vertex -31.6377 -20.6477 2.5
      vertex -31.5212 -20.6844 2.5
    endloop
  endfacet
  facet normal 0.886935 -0.461894 0
    outer loop
      vertex -33.2688 -21.4083 38
      vertex -33.2124 -21.3 2.5
      vertex -33.2124 -21.3 38
    endloop
  endfacet
  facet normal 0.886935 -0.461894 0
    outer loop
      vertex -33.2124 -21.3 2.5
      vertex -33.2688 -21.4083 38
      vertex -33.2688 -21.4083 2.5
    endloop
  endfacet
  facet normal -0.216237 0.976341 0
    outer loop
      vertex -31.6377 -23.3523 2.5
      vertex -31.7569 -23.3787 38
      vertex -31.6377 -23.3523 38
    endloop
  endfacet
  facet normal -0.216237 0.976341 0
    outer loop
      vertex -31.7569 -23.3787 38
      vertex -31.6377 -23.3523 2.5
      vertex -31.7569 -23.3787 2.5
    endloop
  endfacet
  facet normal 0.843459 0.537193 0
    outer loop
      vertex -33.1468 -22.803 38
      vertex -33.2124 -22.7 2.5
      vertex -33.2124 -22.7 38
    endloop
  endfacet
  facet normal 0.843459 0.537193 0
    outer loop
      vertex -33.2124 -22.7 2.5
      vertex -33.1468 -22.803 38
      vertex -33.1468 -22.803 2.5
    endloop
  endfacet
  facet normal 0.736746 0.676169 0
    outer loop
      vertex -32.9899 -22.9899 38
      vertex -33.0725 -22.8999 2.5
      vertex -33.0725 -22.8999 38
    endloop
  endfacet
  facet normal 0.736746 0.676169 0
    outer loop
      vertex -33.0725 -22.8999 2.5
      vertex -32.9899 -22.9899 38
      vertex -32.9899 -22.9899 2.5
    endloop
  endfacet
  facet normal -0.886935 -0.461894 0
    outer loop
      vertex -30.7312 -21.4083 2.5
      vertex -30.7876 -21.3 38
      vertex -30.7876 -21.3 2.5
    endloop
  endfacet
  facet normal -0.886935 -0.461894 0
    outer loop
      vertex -30.7876 -21.3 38
      vertex -30.7312 -21.4083 2.5
      vertex -30.7312 -21.4083 38
    endloop
  endfacet
  facet normal 0.0434017 0.999058 -0
    outer loop
      vertex -32 -23.4 2.5
      vertex -32.122 -23.3947 38
      vertex -32 -23.4 38
    endloop
  endfacet
  facet normal 0.0434017 0.999058 0
    outer loop
      vertex -32.122 -23.3947 38
      vertex -32 -23.4 2.5
      vertex -32.122 -23.3947 2.5
    endloop
  endfacet
  facet normal 0.537193 -0.843459 0
    outer loop
      vertex -32.803 -20.8532 2.5
      vertex -32.7 -20.7876 38
      vertex -32.803 -20.8532 38
    endloop
  endfacet
  facet normal 0.537193 -0.843459 0
    outer loop
      vertex -32.7 -20.7876 38
      vertex -32.803 -20.8532 2.5
      vertex -32.7 -20.7876 2.5
    endloop
  endfacet
  facet normal 0.793567 0.608483 0
    outer loop
      vertex -33.0725 -22.8999 38
      vertex -33.1468 -22.803 2.5
      vertex -33.1468 -22.803 38
    endloop
  endfacet
  facet normal 0.793567 0.608483 0
    outer loop
      vertex -33.1468 -22.803 2.5
      vertex -33.0725 -22.8999 38
      vertex -33.0725 -22.8999 2.5
    endloop
  endfacet
  facet normal -0.843459 -0.537193 0
    outer loop
      vertex -30.7876 -21.3 2.5
      vertex -30.8532 -21.197 38
      vertex -30.8532 -21.197 2.5
    endloop
  endfacet
  facet normal -0.843459 -0.537193 0
    outer loop
      vertex -30.8532 -21.197 38
      vertex -30.7876 -21.3 2.5
      vertex -30.7876 -21.3 38
    endloop
  endfacet
  facet normal 0.216237 -0.976341 0
    outer loop
      vertex -32.3623 -20.6477 2.5
      vertex -32.2431 -20.6213 38
      vertex -32.3623 -20.6477 38
    endloop
  endfacet
  facet normal 0.216237 -0.976341 0
    outer loop
      vertex -32.2431 -20.6213 38
      vertex -32.3623 -20.6477 2.5
      vertex -32.2431 -20.6213 2.5
    endloop
  endfacet
  facet normal 0.130984 -0.991384 0
    outer loop
      vertex -32.2431 -20.6213 2.5
      vertex -32.122 -20.6053 38
      vertex -32.2431 -20.6213 38
    endloop
  endfacet
  facet normal 0.130984 -0.991384 0
    outer loop
      vertex -32.122 -20.6053 38
      vertex -32.2431 -20.6213 2.5
      vertex -32.122 -20.6053 2.5
    endloop
  endfacet
  facet normal 0.300465 -0.953793 0
    outer loop
      vertex -32.4788 -20.6844 2.5
      vertex -32.3623 -20.6477 38
      vertex -32.4788 -20.6844 38
    endloop
  endfacet
  facet normal 0.300465 -0.953793 0
    outer loop
      vertex -32.3623 -20.6477 38
      vertex -32.4788 -20.6844 2.5
      vertex -32.3623 -20.6477 2.5
    endloop
  endfacet
  facet normal -0.537193 -0.843459 0
    outer loop
      vertex -31.3 -20.7876 2.5
      vertex -31.197 -20.8532 38
      vertex -31.3 -20.7876 38
    endloop
  endfacet
  facet normal -0.537193 -0.843459 -0
    outer loop
      vertex -31.197 -20.8532 38
      vertex -31.3 -20.7876 2.5
      vertex -31.197 -20.8532 2.5
    endloop
  endfacet
  facet normal 0.999058 0.0434017 0
    outer loop
      vertex -33.3947 -22.122 38
      vertex -33.4 -22 2.5
      vertex -33.4 -22 38
    endloop
  endfacet
  facet normal 0.999058 0.0434017 0
    outer loop
      vertex -33.4 -22 2.5
      vertex -33.3947 -22.122 38
      vertex -33.3947 -22.122 2.5
    endloop
  endfacet
  facet normal -0.608483 -0.793567 0
    outer loop
      vertex -31.197 -20.8532 2.5
      vertex -31.1001 -20.9275 38
      vertex -31.197 -20.8532 38
    endloop
  endfacet
  facet normal -0.608483 -0.793567 -0
    outer loop
      vertex -31.1001 -20.9275 38
      vertex -31.197 -20.8532 2.5
      vertex -31.1001 -20.9275 2.5
    endloop
  endfacet
  facet normal 0.0434017 -0.999058 0
    outer loop
      vertex -32.122 -20.6053 2.5
      vertex -32 -20.6 38
      vertex -32.122 -20.6053 38
    endloop
  endfacet
  facet normal 0.0434017 -0.999058 0
    outer loop
      vertex -32 -20.6 38
      vertex -32.122 -20.6053 2.5
      vertex -32 -20.6 2.5
    endloop
  endfacet
  facet normal -0.953793 0.300465 0
    outer loop
      vertex -30.6844 -22.4788 2.5
      vertex -30.6477 -22.3623 38
      vertex -30.6477 -22.3623 2.5
    endloop
  endfacet
  facet normal -0.953793 0.300465 0
    outer loop
      vertex -30.6477 -22.3623 38
      vertex -30.6844 -22.4788 2.5
      vertex -30.6844 -22.4788 38
    endloop
  endfacet
  facet normal -0.923777 0.38293 0
    outer loop
      vertex -30.7312 -22.5917 2.5
      vertex -30.6844 -22.4788 38
      vertex -30.6844 -22.4788 2.5
    endloop
  endfacet
  facet normal -0.923777 0.38293 0
    outer loop
      vertex -30.6844 -22.4788 38
      vertex -30.7312 -22.5917 2.5
      vertex -30.7312 -22.5917 38
    endloop
  endfacet
  facet normal 0.953793 0.300465 0
    outer loop
      vertex -33.3156 -22.4788 38
      vertex -33.3523 -22.3623 2.5
      vertex -33.3523 -22.3623 38
    endloop
  endfacet
  facet normal 0.953793 0.300465 0
    outer loop
      vertex -33.3523 -22.3623 2.5
      vertex -33.3156 -22.4788 38
      vertex -33.3156 -22.4788 2.5
    endloop
  endfacet
  facet normal -0.461894 0.886935 0
    outer loop
      vertex -31.3 -23.2124 2.5
      vertex -31.4083 -23.2688 38
      vertex -31.3 -23.2124 38
    endloop
  endfacet
  facet normal -0.461894 0.886935 0
    outer loop
      vertex -31.4083 -23.2688 38
      vertex -31.3 -23.2124 2.5
      vertex -31.4083 -23.2688 2.5
    endloop
  endfacet
  facet normal 0.608483 0.793567 -0
    outer loop
      vertex -32.803 -23.1468 2.5
      vertex -32.8999 -23.0725 38
      vertex -32.803 -23.1468 38
    endloop
  endfacet
  facet normal 0.608483 0.793567 0
    outer loop
      vertex -32.8999 -23.0725 38
      vertex -32.803 -23.1468 2.5
      vertex -32.8999 -23.0725 2.5
    endloop
  endfacet
  facet normal 0.976341 -0.216237 0
    outer loop
      vertex -33.3787 -21.7569 38
      vertex -33.3523 -21.6377 2.5
      vertex -33.3523 -21.6377 38
    endloop
  endfacet
  facet normal 0.976341 -0.216237 0
    outer loop
      vertex -33.3523 -21.6377 2.5
      vertex -33.3787 -21.7569 38
      vertex -33.3787 -21.7569 2.5
    endloop
  endfacet
  facet normal -0.0434017 -0.999058 0
    outer loop
      vertex -32 -20.6 2.5
      vertex -31.878 -20.6053 38
      vertex -32 -20.6 38
    endloop
  endfacet
  facet normal -0.0434017 -0.999058 -0
    outer loop
      vertex -31.878 -20.6053 38
      vertex -32 -20.6 2.5
      vertex -31.878 -20.6053 2.5
    endloop
  endfacet
  facet normal 0.461894 0.886935 -0
    outer loop
      vertex -32.5917 -23.2688 2.5
      vertex -32.7 -23.2124 38
      vertex -32.5917 -23.2688 38
    endloop
  endfacet
  facet normal 0.461894 0.886935 0
    outer loop
      vertex -32.7 -23.2124 38
      vertex -32.5917 -23.2688 2.5
      vertex -32.7 -23.2124 2.5
    endloop
  endfacet
  facet normal 0.130984 0.991384 -0
    outer loop
      vertex -32.122 -23.3947 2.5
      vertex -32.2431 -23.3787 38
      vertex -32.122 -23.3947 38
    endloop
  endfacet
  facet normal 0.130984 0.991384 0
    outer loop
      vertex -32.2431 -23.3787 38
      vertex -32.122 -23.3947 2.5
      vertex -32.2431 -23.3787 2.5
    endloop
  endfacet
  facet normal -0.676169 0.736746 0
    outer loop
      vertex -31.0101 -22.9899 2.5
      vertex -31.1001 -23.0725 38
      vertex -31.0101 -22.9899 38
    endloop
  endfacet
  facet normal -0.676169 0.736746 0
    outer loop
      vertex -31.1001 -23.0725 38
      vertex -31.0101 -22.9899 2.5
      vertex -31.1001 -23.0725 2.5
    endloop
  endfacet
  facet normal -0.608483 0.793567 0
    outer loop
      vertex -31.1001 -23.0725 2.5
      vertex -31.197 -23.1468 38
      vertex -31.1001 -23.0725 38
    endloop
  endfacet
  facet normal -0.608483 0.793567 0
    outer loop
      vertex -31.197 -23.1468 38
      vertex -31.1001 -23.0725 2.5
      vertex -31.197 -23.1468 2.5
    endloop
  endfacet
  facet normal -0.216237 -0.976341 0
    outer loop
      vertex -31.7569 -20.6213 2.5
      vertex -31.6377 -20.6477 38
      vertex -31.7569 -20.6213 38
    endloop
  endfacet
  facet normal -0.216237 -0.976341 -0
    outer loop
      vertex -31.6377 -20.6477 38
      vertex -31.7569 -20.6213 2.5
      vertex -31.6377 -20.6477 2.5
    endloop
  endfacet
  facet normal 0.991384 -0.130984 0
    outer loop
      vertex -33.3947 -21.878 38
      vertex -33.3787 -21.7569 2.5
      vertex -33.3787 -21.7569 38
    endloop
  endfacet
  facet normal 0.991384 -0.130984 0
    outer loop
      vertex -33.3787 -21.7569 2.5
      vertex -33.3947 -21.878 38
      vertex -33.3947 -21.878 2.5
    endloop
  endfacet
  facet normal 0.999058 -0.0434017 0
    outer loop
      vertex -33.4 -22 38
      vertex -33.3947 -21.878 2.5
      vertex -33.3947 -21.878 38
    endloop
  endfacet
  facet normal 0.999058 -0.0434017 0
    outer loop
      vertex -33.3947 -21.878 2.5
      vertex -33.4 -22 38
      vertex -33.4 -22 2.5
    endloop
  endfacet
  facet normal 0.608483 -0.793567 0
    outer loop
      vertex -32.8999 -20.9275 2.5
      vertex -32.803 -20.8532 38
      vertex -32.8999 -20.9275 38
    endloop
  endfacet
  facet normal 0.608483 -0.793567 0
    outer loop
      vertex -32.803 -20.8532 38
      vertex -32.8999 -20.9275 2.5
      vertex -32.803 -20.8532 2.5
    endloop
  endfacet
  facet normal 0.676169 0.736746 -0
    outer loop
      vertex -32.8999 -23.0725 2.5
      vertex -32.9899 -22.9899 38
      vertex -32.8999 -23.0725 38
    endloop
  endfacet
  facet normal 0.676169 0.736746 0
    outer loop
      vertex -32.9899 -22.9899 38
      vertex -32.8999 -23.0725 2.5
      vertex -32.9899 -22.9899 2.5
    endloop
  endfacet
  facet normal 0.38293 0.923777 -0
    outer loop
      vertex -32.4788 -23.3156 2.5
      vertex -32.5917 -23.2688 38
      vertex -32.4788 -23.3156 38
    endloop
  endfacet
  facet normal 0.38293 0.923777 0
    outer loop
      vertex -32.5917 -23.2688 38
      vertex -32.4788 -23.3156 2.5
      vertex -32.5917 -23.2688 2.5
    endloop
  endfacet
  facet normal 0.537193 0.843459 -0
    outer loop
      vertex -32.7 -23.2124 2.5
      vertex -32.803 -23.1468 38
      vertex -32.7 -23.2124 38
    endloop
  endfacet
  facet normal 0.537193 0.843459 0
    outer loop
      vertex -32.803 -23.1468 38
      vertex -32.7 -23.2124 2.5
      vertex -32.803 -23.1468 2.5
    endloop
  endfacet
  facet normal 0.923777 0.38293 0
    outer loop
      vertex -33.2688 -22.5917 38
      vertex -33.3156 -22.4788 2.5
      vertex -33.3156 -22.4788 38
    endloop
  endfacet
  facet normal 0.923777 0.38293 0
    outer loop
      vertex -33.3156 -22.4788 2.5
      vertex -33.2688 -22.5917 38
      vertex -33.2688 -22.5917 2.5
    endloop
  endfacet
  facet normal 0.999051 0.0435652 0
    outer loop
      vertex -28.5 22 38
      vertex -28.5133 22.305 2.5
      vertex -28.5133 22.305 38
    endloop
  endfacet
  facet normal 0.999051 0.0435652 0
    outer loop
      vertex -28.5133 22.305 2.5
      vertex -28.5 22 38
      vertex -28.5 22 2.5
    endloop
  endfacet
  facet normal 0.99143 0.130641 0
    outer loop
      vertex -28.5133 22.305 38
      vertex -28.5532 22.6078 2.5
      vertex -28.5532 22.6078 38
    endloop
  endfacet
  facet normal 0.99143 0.130641 0
    outer loop
      vertex -28.5532 22.6078 2.5
      vertex -28.5133 22.305 38
      vertex -28.5133 22.305 2.5
    endloop
  endfacet
  facet normal 0.608507 -0.793548 0
    outer loop
      vertex -29.9925 19.133 2.5
      vertex -29.7502 19.3188 38
      vertex -29.9925 19.133 38
    endloop
  endfacet
  facet normal 0.608507 -0.793548 0
    outer loop
      vertex -29.7502 19.3188 38
      vertex -29.9925 19.133 2.5
      vertex -29.7502 19.3188 2.5
    endloop
  endfacet
  facet normal -0.21648 -0.976287 0
    outer loop
      vertex -32.9059 18.6193 2.5
      vertex -32.6078 18.5532 38
      vertex -32.9059 18.6193 38
    endloop
  endfacet
  facet normal -0.21648 -0.976287 -0
    outer loop
      vertex -32.6078 18.5532 38
      vertex -32.9059 18.6193 2.5
      vertex -32.6078 18.5532 2.5
    endloop
  endfacet
  facet normal 0.976287 -0.21648 0
    outer loop
      vertex -28.6193 21.0941 38
      vertex -28.5532 21.3922 2.5
      vertex -28.5532 21.3922 38
    endloop
  endfacet
  facet normal 0.976287 -0.21648 0
    outer loop
      vertex -28.5532 21.3922 2.5
      vertex -28.6193 21.0941 38
      vertex -28.6193 21.0941 2.5
    endloop
  endfacet
  facet normal 0.737222 0.67565 0
    outer loop
      vertex -29.3188 24.2498 38
      vertex -29.5251 24.4749 2.5
      vertex -29.5251 24.4749 38
    endloop
  endfacet
  facet normal 0.737222 0.67565 0
    outer loop
      vertex -29.5251 24.4749 2.5
      vertex -29.3188 24.2498 38
      vertex -29.3188 24.2498 2.5
    endloop
  endfacet
  facet normal 0.382545 -0.923937 0
    outer loop
      vertex -30.8029 18.7111 2.5
      vertex -30.5208 18.8279 38
      vertex -30.8029 18.7111 38
    endloop
  endfacet
  facet normal 0.382545 -0.923937 0
    outer loop
      vertex -30.5208 18.8279 38
      vertex -30.8029 18.7111 2.5
      vertex -30.5208 18.8279 2.5
    endloop
  endfacet
  facet normal -0.737222 -0.67565 0
    outer loop
      vertex -34.4749 19.5251 2.5
      vertex -34.6812 19.7502 38
      vertex -34.6812 19.7502 2.5
    endloop
  endfacet
  facet normal -0.737222 -0.67565 0
    outer loop
      vertex -34.6812 19.7502 38
      vertex -34.4749 19.5251 2.5
      vertex -34.4749 19.5251 38
    endloop
  endfacet
  facet normal 0.976287 0.21648 0
    outer loop
      vertex -28.5532 22.6078 38
      vertex -28.6193 22.9059 2.5
      vertex -28.6193 22.9059 38
    endloop
  endfacet
  facet normal 0.976287 0.21648 0
    outer loop
      vertex -28.6193 22.9059 2.5
      vertex -28.5532 22.6078 38
      vertex -28.5532 22.6078 2.5
    endloop
  endfacet
  facet normal 0.99143 -0.130641 0
    outer loop
      vertex -28.5532 21.3922 38
      vertex -28.5133 21.695 2.5
      vertex -28.5133 21.695 38
    endloop
  endfacet
  facet normal 0.99143 -0.130641 0
    outer loop
      vertex -28.5133 21.695 2.5
      vertex -28.5532 21.3922 38
      vertex -28.5532 21.3922 2.5
    endloop
  endfacet
  facet normal 0.67565 -0.737222 0
    outer loop
      vertex -29.7502 19.3188 2.5
      vertex -29.5251 19.5251 38
      vertex -29.7502 19.3188 38
    endloop
  endfacet
  facet normal 0.67565 -0.737222 0
    outer loop
      vertex -29.5251 19.5251 38
      vertex -29.7502 19.3188 2.5
      vertex -29.5251 19.5251 2.5
    endloop
  endfacet
  facet normal 0.537424 0.843312 -0
    outer loop
      vertex -29.9925 24.867 2.5
      vertex -30.2012 25 38
      vertex -29.9925 24.867 38
    endloop
  endfacet
  facet normal 0.537424 0.843312 0
    outer loop
      vertex -30.2012 25 38
      vertex -29.9925 24.867 2.5
      vertex -30.2012 25 2.5
    endloop
  endfacet
  facet normal 0.88697 0.461827 0
    outer loop
      vertex -28.8279 23.4792 38
      vertex -28.9689 23.75 2.5
      vertex -28.9689 23.75 38
    endloop
  endfacet
  facet normal 0.88697 0.461827 0
    outer loop
      vertex -28.9689 23.75 2.5
      vertex -28.8279 23.4792 38
      vertex -28.8279 23.4792 2.5
    endloop
  endfacet
  facet normal 0.953731 -0.300661 0
    outer loop
      vertex -28.7111 20.8029 38
      vertex -28.6193 21.0941 2.5
      vertex -28.6193 21.0941 38
    endloop
  endfacet
  facet normal 0.953731 -0.300661 0
    outer loop
      vertex -28.6193 21.0941 2.5
      vertex -28.7111 20.8029 38
      vertex -28.7111 20.8029 2.5
    endloop
  endfacet
  facet normal 0.999051 -0.0435652 0
    outer loop
      vertex -28.5133 21.695 38
      vertex -28.5 22 2.5
      vertex -28.5 22 38
    endloop
  endfacet
  facet normal 0.999051 -0.0435652 0
    outer loop
      vertex -28.5 22 2.5
      vertex -28.5133 21.695 38
      vertex -28.5133 21.695 2.5
    endloop
  endfacet
  facet normal 0.0435652 -0.999051 0
    outer loop
      vertex -32 18.5 2.5
      vertex -31.695 18.5133 38
      vertex -32 18.5 38
    endloop
  endfacet
  facet normal 0.0435652 -0.999051 0
    outer loop
      vertex -31.695 18.5133 38
      vertex -32 18.5 2.5
      vertex -31.695 18.5133 2.5
    endloop
  endfacet
  facet normal 0.21648 -0.976287 0
    outer loop
      vertex -31.3922 18.5532 2.5
      vertex -31.0941 18.6193 38
      vertex -31.3922 18.5532 38
    endloop
  endfacet
  facet normal 0.21648 -0.976287 0
    outer loop
      vertex -31.0941 18.6193 38
      vertex -31.3922 18.5532 2.5
      vertex -31.0941 18.6193 2.5
    endloop
  endfacet
  facet normal 0.67565 0.737222 -0
    outer loop
      vertex -29.5251 24.4749 2.5
      vertex -29.7502 24.6812 38
      vertex -29.5251 24.4749 38
    endloop
  endfacet
  facet normal 0.67565 0.737222 0
    outer loop
      vertex -29.7502 24.6812 38
      vertex -29.5251 24.4749 2.5
      vertex -29.7502 24.6812 2.5
    endloop
  endfacet
  facet normal 0.843311 -0.537426 0
    outer loop
      vertex -29.133 19.9925 38
      vertex -28.9689 20.25 2.5
      vertex -28.9689 20.25 38
    endloop
  endfacet
  facet normal 0.843311 -0.537426 0
    outer loop
      vertex -28.9689 20.25 2.5
      vertex -29.133 19.9925 38
      vertex -29.133 19.9925 2.5
    endloop
  endfacet
  facet normal 0.537426 -0.843311 0
    outer loop
      vertex -30.25 18.9689 2.5
      vertex -29.9925 19.133 38
      vertex -30.25 18.9689 38
    endloop
  endfacet
  facet normal 0.537426 -0.843311 0
    outer loop
      vertex -29.9925 19.133 38
      vertex -30.25 18.9689 2.5
      vertex -29.9925 19.133 2.5
    endloop
  endfacet
  facet normal -0.843312 -0.537424 0
    outer loop
      vertex -34.867 19.9925 2.5
      vertex -35 20.2012 38
      vertex -35 20.2012 2.5
    endloop
  endfacet
  facet normal -0.843312 -0.537424 0
    outer loop
      vertex -35 20.2012 38
      vertex -34.867 19.9925 2.5
      vertex -34.867 19.9925 38
    endloop
  endfacet
  facet normal -0.608507 -0.793548 0
    outer loop
      vertex -34.2498 19.3188 2.5
      vertex -34.0075 19.133 38
      vertex -34.2498 19.3188 38
    endloop
  endfacet
  facet normal -0.608507 -0.793548 -0
    outer loop
      vertex -34.0075 19.133 38
      vertex -34.2498 19.3188 2.5
      vertex -34.0075 19.133 2.5
    endloop
  endfacet
  facet normal -0.737222 0.67565 0
    outer loop
      vertex -34.6812 24.2498 2.5
      vertex -34.4749 24.4749 38
      vertex -34.4749 24.4749 2.5
    endloop
  endfacet
  facet normal -0.737222 0.67565 0
    outer loop
      vertex -34.4749 24.4749 38
      vertex -34.6812 24.2498 2.5
      vertex -34.6812 24.2498 38
    endloop
  endfacet
  facet normal 0.843311 0.537426 0
    outer loop
      vertex -28.9689 23.75 38
      vertex -29.133 24.0075 2.5
      vertex -29.133 24.0075 38
    endloop
  endfacet
  facet normal 0.843311 0.537426 0
    outer loop
      vertex -29.133 24.0075 2.5
      vertex -28.9689 23.75 38
      vertex -28.9689 23.75 2.5
    endloop
  endfacet
  facet normal -0.130641 -0.99143 0
    outer loop
      vertex -32.6078 18.5532 2.5
      vertex -32.305 18.5133 38
      vertex -32.6078 18.5532 38
    endloop
  endfacet
  facet normal -0.130641 -0.99143 -0
    outer loop
      vertex -32.305 18.5133 38
      vertex -32.6078 18.5532 2.5
      vertex -32.305 18.5133 2.5
    endloop
  endfacet
  facet normal -0.300661 -0.953731 0
    outer loop
      vertex -33.1971 18.7111 2.5
      vertex -32.9059 18.6193 38
      vertex -33.1971 18.7111 38
    endloop
  endfacet
  facet normal -0.300661 -0.953731 -0
    outer loop
      vertex -32.9059 18.6193 38
      vertex -33.1971 18.7111 2.5
      vertex -32.9059 18.6193 2.5
    endloop
  endfacet
  facet normal -0.537426 -0.843311 0
    outer loop
      vertex -34.0075 19.133 2.5
      vertex -33.75 18.9689 38
      vertex -34.0075 19.133 38
    endloop
  endfacet
  facet normal -0.537426 -0.843311 -0
    outer loop
      vertex -33.75 18.9689 38
      vertex -34.0075 19.133 2.5
      vertex -33.75 18.9689 2.5
    endloop
  endfacet
  facet normal 0.923937 0.382545 0
    outer loop
      vertex -28.7111 23.1971 38
      vertex -28.8279 23.4792 2.5
      vertex -28.8279 23.4792 38
    endloop
  endfacet
  facet normal 0.923937 0.382545 0
    outer loop
      vertex -28.8279 23.4792 2.5
      vertex -28.7111 23.1971 38
      vertex -28.7111 23.1971 2.5
    endloop
  endfacet
  facet normal 0.793548 -0.608507 0
    outer loop
      vertex -29.3188 19.7502 38
      vertex -29.133 19.9925 2.5
      vertex -29.133 19.9925 38
    endloop
  endfacet
  facet normal 0.793548 -0.608507 0
    outer loop
      vertex -29.133 19.9925 2.5
      vertex -29.3188 19.7502 38
      vertex -29.3188 19.7502 2.5
    endloop
  endfacet
  facet normal 0.793548 0.608507 0
    outer loop
      vertex -29.133 24.0075 38
      vertex -29.3188 24.2498 2.5
      vertex -29.3188 24.2498 38
    endloop
  endfacet
  facet normal 0.793548 0.608507 0
    outer loop
      vertex -29.3188 24.2498 2.5
      vertex -29.133 24.0075 38
      vertex -29.133 24.0075 2.5
    endloop
  endfacet
  facet normal 0.953731 0.300661 0
    outer loop
      vertex -28.6193 22.9059 38
      vertex -28.7111 23.1971 2.5
      vertex -28.7111 23.1971 38
    endloop
  endfacet
  facet normal 0.953731 0.300661 0
    outer loop
      vertex -28.7111 23.1971 2.5
      vertex -28.6193 22.9059 38
      vertex -28.6193 22.9059 2.5
    endloop
  endfacet
  facet normal 0.923937 -0.382545 0
    outer loop
      vertex -28.8279 20.5208 38
      vertex -28.7111 20.8029 2.5
      vertex -28.7111 20.8029 38
    endloop
  endfacet
  facet normal 0.923937 -0.382545 0
    outer loop
      vertex -28.7111 20.8029 2.5
      vertex -28.8279 20.5208 38
      vertex -28.8279 20.5208 2.5
    endloop
  endfacet
  facet normal -0.793548 0.608507 0
    outer loop
      vertex -34.867 24.0075 2.5
      vertex -34.6812 24.2498 38
      vertex -34.6812 24.2498 2.5
    endloop
  endfacet
  facet normal -0.793548 0.608507 0
    outer loop
      vertex -34.6812 24.2498 38
      vertex -34.867 24.0075 2.5
      vertex -34.867 24.0075 38
    endloop
  endfacet
  facet normal 0.608507 0.793548 -0
    outer loop
      vertex -29.7502 24.6812 2.5
      vertex -29.9925 24.867 38
      vertex -29.7502 24.6812 38
    endloop
  endfacet
  facet normal 0.608507 0.793548 0
    outer loop
      vertex -29.9925 24.867 38
      vertex -29.7502 24.6812 2.5
      vertex -29.9925 24.867 2.5
    endloop
  endfacet
  facet normal -0.382545 -0.923937 0
    outer loop
      vertex -33.4792 18.8279 2.5
      vertex -33.1971 18.7111 38
      vertex -33.4792 18.8279 38
    endloop
  endfacet
  facet normal -0.382545 -0.923937 -0
    outer loop
      vertex -33.1971 18.7111 38
      vertex -33.4792 18.8279 2.5
      vertex -33.1971 18.7111 2.5
    endloop
  endfacet
  facet normal 0.737222 -0.67565 0
    outer loop
      vertex -29.5251 19.5251 38
      vertex -29.3188 19.7502 2.5
      vertex -29.3188 19.7502 38
    endloop
  endfacet
  facet normal 0.737222 -0.67565 0
    outer loop
      vertex -29.3188 19.7502 2.5
      vertex -29.5251 19.5251 38
      vertex -29.5251 19.5251 2.5
    endloop
  endfacet
  facet normal -0.608507 0.793548 0
    outer loop
      vertex -34.0075 24.867 2.5
      vertex -34.2498 24.6812 38
      vertex -34.0075 24.867 38
    endloop
  endfacet
  facet normal -0.608507 0.793548 0
    outer loop
      vertex -34.2498 24.6812 38
      vertex -34.0075 24.867 2.5
      vertex -34.2498 24.6812 2.5
    endloop
  endfacet
  facet normal -0.793548 -0.608507 0
    outer loop
      vertex -34.6812 19.7502 2.5
      vertex -34.867 19.9925 38
      vertex -34.867 19.9925 2.5
    endloop
  endfacet
  facet normal -0.793548 -0.608507 0
    outer loop
      vertex -34.867 19.9925 38
      vertex -34.6812 19.7502 2.5
      vertex -34.6812 19.7502 38
    endloop
  endfacet
  facet normal -0.67565 0.737222 0
    outer loop
      vertex -34.2498 24.6812 2.5
      vertex -34.4749 24.4749 38
      vertex -34.2498 24.6812 38
    endloop
  endfacet
  facet normal -0.67565 0.737222 0
    outer loop
      vertex -34.4749 24.4749 38
      vertex -34.2498 24.6812 2.5
      vertex -34.4749 24.4749 2.5
    endloop
  endfacet
  facet normal 0.461827 -0.88697 0
    outer loop
      vertex -30.5208 18.8279 2.5
      vertex -30.25 18.9689 38
      vertex -30.5208 18.8279 38
    endloop
  endfacet
  facet normal 0.461827 -0.88697 0
    outer loop
      vertex -30.25 18.9689 38
      vertex -30.5208 18.8279 2.5
      vertex -30.25 18.9689 2.5
    endloop
  endfacet
  facet normal -0.843312 0.537424 0
    outer loop
      vertex -35 23.7988 2.5
      vertex -34.867 24.0075 38
      vertex -34.867 24.0075 2.5
    endloop
  endfacet
  facet normal -0.843312 0.537424 0
    outer loop
      vertex -34.867 24.0075 38
      vertex -35 23.7988 2.5
      vertex -35 23.7988 38
    endloop
  endfacet
  facet normal -0.537424 0.843312 0
    outer loop
      vertex -33.7988 25 2.5
      vertex -34.0075 24.867 38
      vertex -33.7988 25 38
    endloop
  endfacet
  facet normal -0.537424 0.843312 0
    outer loop
      vertex -34.0075 24.867 38
      vertex -33.7988 25 2.5
      vertex -34.0075 24.867 2.5
    endloop
  endfacet
  facet normal 0.300661 -0.953731 0
    outer loop
      vertex -31.0941 18.6193 2.5
      vertex -30.8029 18.7111 38
      vertex -31.0941 18.6193 38
    endloop
  endfacet
  facet normal 0.300661 -0.953731 0
    outer loop
      vertex -30.8029 18.7111 38
      vertex -31.0941 18.6193 2.5
      vertex -30.8029 18.7111 2.5
    endloop
  endfacet
  facet normal 0.130641 -0.99143 0
    outer loop
      vertex -31.695 18.5133 2.5
      vertex -31.3922 18.5532 38
      vertex -31.695 18.5133 38
    endloop
  endfacet
  facet normal 0.130641 -0.99143 0
    outer loop
      vertex -31.3922 18.5532 38
      vertex -31.695 18.5133 2.5
      vertex -31.3922 18.5532 2.5
    endloop
  endfacet
  facet normal 0.88697 -0.461827 0
    outer loop
      vertex -28.9689 20.25 38
      vertex -28.8279 20.5208 2.5
      vertex -28.8279 20.5208 38
    endloop
  endfacet
  facet normal 0.88697 -0.461827 0
    outer loop
      vertex -28.8279 20.5208 2.5
      vertex -28.9689 20.25 38
      vertex -28.9689 20.25 2.5
    endloop
  endfacet
  facet normal -0.0435652 -0.999051 0
    outer loop
      vertex -32.305 18.5133 2.5
      vertex -32 18.5 38
      vertex -32.305 18.5133 38
    endloop
  endfacet
  facet normal -0.0435652 -0.999051 -0
    outer loop
      vertex -32 18.5 38
      vertex -32.305 18.5133 2.5
      vertex -32 18.5 2.5
    endloop
  endfacet
  facet normal -0.461827 -0.88697 0
    outer loop
      vertex -33.75 18.9689 2.5
      vertex -33.4792 18.8279 38
      vertex -33.75 18.9689 38
    endloop
  endfacet
  facet normal -0.461827 -0.88697 -0
    outer loop
      vertex -33.4792 18.8279 38
      vertex -33.75 18.9689 2.5
      vertex -33.4792 18.8279 2.5
    endloop
  endfacet
  facet normal -0.67565 -0.737222 0
    outer loop
      vertex -34.4749 19.5251 2.5
      vertex -34.2498 19.3188 38
      vertex -34.4749 19.5251 38
    endloop
  endfacet
  facet normal -0.67565 -0.737222 -0
    outer loop
      vertex -34.2498 19.3188 38
      vertex -34.4749 19.5251 2.5
      vertex -34.2498 19.3188 2.5
    endloop
  endfacet
  facet normal -0.991384 -0.130984 0
    outer loop
      vertex -30.6053 22.122 2.5
      vertex -30.6213 22.2431 38
      vertex -30.6213 22.2431 2.5
    endloop
  endfacet
  facet normal -0.991384 -0.130984 0
    outer loop
      vertex -30.6213 22.2431 38
      vertex -30.6053 22.122 2.5
      vertex -30.6053 22.122 38
    endloop
  endfacet
  facet normal -0.999058 -0.0434017 0
    outer loop
      vertex -30.6 22 2.5
      vertex -30.6053 22.122 38
      vertex -30.6053 22.122 2.5
    endloop
  endfacet
  facet normal -0.999058 -0.0434017 0
    outer loop
      vertex -30.6053 22.122 38
      vertex -30.6 22 2.5
      vertex -30.6 22 38
    endloop
  endfacet
  facet normal -0.976341 -0.216237 0
    outer loop
      vertex -30.6213 22.2431 2.5
      vertex -30.6477 22.3623 38
      vertex -30.6477 22.3623 2.5
    endloop
  endfacet
  facet normal -0.976341 -0.216237 0
    outer loop
      vertex -30.6477 22.3623 38
      vertex -30.6213 22.2431 2.5
      vertex -30.6213 22.2431 38
    endloop
  endfacet
  facet normal -0.999058 0.0434017 0
    outer loop
      vertex -30.6053 21.878 2.5
      vertex -30.6 22 38
      vertex -30.6 22 2.5
    endloop
  endfacet
  facet normal -0.999058 0.0434017 0
    outer loop
      vertex -30.6 22 38
      vertex -30.6053 21.878 2.5
      vertex -30.6053 21.878 38
    endloop
  endfacet
  facet normal 0.953793 -0.300465 0
    outer loop
      vertex -33.3523 22.3623 38
      vertex -33.3156 22.4788 2.5
      vertex -33.3156 22.4788 38
    endloop
  endfacet
  facet normal 0.953793 -0.300465 0
    outer loop
      vertex -33.3156 22.4788 2.5
      vertex -33.3523 22.3623 38
      vertex -33.3523 22.3623 2.5
    endloop
  endfacet
  facet normal 0.976341 0.216237 0
    outer loop
      vertex -33.3523 21.6377 38
      vertex -33.3787 21.7569 2.5
      vertex -33.3787 21.7569 38
    endloop
  endfacet
  facet normal 0.976341 0.216237 0
    outer loop
      vertex -33.3787 21.7569 2.5
      vertex -33.3523 21.6377 38
      vertex -33.3523 21.6377 2.5
    endloop
  endfacet
  facet normal 0.793567 -0.608483 0
    outer loop
      vertex -33.1468 22.803 38
      vertex -33.0725 22.8999 2.5
      vertex -33.0725 22.8999 38
    endloop
  endfacet
  facet normal 0.793567 -0.608483 0
    outer loop
      vertex -33.0725 22.8999 2.5
      vertex -33.1468 22.803 38
      vertex -33.1468 22.803 2.5
    endloop
  endfacet
  facet normal -0.736746 -0.676169 0
    outer loop
      vertex -30.9275 22.8999 2.5
      vertex -31.0101 22.9899 38
      vertex -31.0101 22.9899 2.5
    endloop
  endfacet
  facet normal -0.736746 -0.676169 0
    outer loop
      vertex -31.0101 22.9899 38
      vertex -30.9275 22.8999 2.5
      vertex -30.9275 22.8999 38
    endloop
  endfacet
  facet normal 0.923777 -0.38293 0
    outer loop
      vertex -33.3156 22.4788 38
      vertex -33.2688 22.5917 2.5
      vertex -33.2688 22.5917 38
    endloop
  endfacet
  facet normal 0.923777 -0.38293 0
    outer loop
      vertex -33.2688 22.5917 2.5
      vertex -33.3156 22.4788 38
      vertex -33.3156 22.4788 2.5
    endloop
  endfacet
  facet normal -0.537193 0.843459 0
    outer loop
      vertex -31.197 20.8532 2.5
      vertex -31.3 20.7876 38
      vertex -31.197 20.8532 38
    endloop
  endfacet
  facet normal -0.537193 0.843459 0
    outer loop
      vertex -31.3 20.7876 38
      vertex -31.197 20.8532 2.5
      vertex -31.3 20.7876 2.5
    endloop
  endfacet
  facet normal -0.676169 -0.736746 0
    outer loop
      vertex -31.1001 23.0725 2.5
      vertex -31.0101 22.9899 38
      vertex -31.1001 23.0725 38
    endloop
  endfacet
  facet normal -0.676169 -0.736746 -0
    outer loop
      vertex -31.0101 22.9899 38
      vertex -31.1001 23.0725 2.5
      vertex -31.0101 22.9899 2.5
    endloop
  endfacet
  facet normal -0.300465 0.953793 0
    outer loop
      vertex -31.5212 20.6844 2.5
      vertex -31.6377 20.6477 38
      vertex -31.5212 20.6844 38
    endloop
  endfacet
  facet normal -0.300465 0.953793 0
    outer loop
      vertex -31.6377 20.6477 38
      vertex -31.5212 20.6844 2.5
      vertex -31.6377 20.6477 2.5
    endloop
  endfacet
  facet normal -0.991384 0.130984 0
    outer loop
      vertex -30.6213 21.7569 2.5
      vertex -30.6053 21.878 38
      vertex -30.6053 21.878 2.5
    endloop
  endfacet
  facet normal -0.991384 0.130984 0
    outer loop
      vertex -30.6053 21.878 38
      vertex -30.6213 21.7569 2.5
      vertex -30.6213 21.7569 38
    endloop
  endfacet
  facet normal 0.300465 0.953793 -0
    outer loop
      vertex -32.3623 20.6477 2.5
      vertex -32.4788 20.6844 38
      vertex -32.3623 20.6477 38
    endloop
  endfacet
  facet normal 0.300465 0.953793 0
    outer loop
      vertex -32.4788 20.6844 38
      vertex -32.3623 20.6477 2.5
      vertex -32.4788 20.6844 2.5
    endloop
  endfacet
  facet normal 0.736746 -0.676169 0
    outer loop
      vertex -33.0725 22.8999 38
      vertex -32.9899 22.9899 2.5
      vertex -32.9899 22.9899 38
    endloop
  endfacet
  facet normal 0.736746 -0.676169 0
    outer loop
      vertex -32.9899 22.9899 2.5
      vertex -33.0725 22.8999 38
      vertex -33.0725 22.8999 2.5
    endloop
  endfacet
  facet normal -0.130984 -0.991384 0
    outer loop
      vertex -31.878 23.3947 2.5
      vertex -31.7569 23.3787 38
      vertex -31.878 23.3947 38
    endloop
  endfacet
  facet normal -0.130984 -0.991384 -0
    outer loop
      vertex -31.7569 23.3787 38
      vertex -31.878 23.3947 2.5
      vertex -31.7569 23.3787 2.5
    endloop
  endfacet
  facet normal -0.793567 0.608483 0
    outer loop
      vertex -30.9275 21.1001 2.5
      vertex -30.8532 21.197 38
      vertex -30.8532 21.197 2.5
    endloop
  endfacet
  facet normal -0.793567 0.608483 0
    outer loop
      vertex -30.8532 21.197 38
      vertex -30.9275 21.1001 2.5
      vertex -30.9275 21.1001 38
    endloop
  endfacet
  facet normal -0.953793 -0.300465 0
    outer loop
      vertex -30.6477 22.3623 2.5
      vertex -30.6844 22.4788 38
      vertex -30.6844 22.4788 2.5
    endloop
  endfacet
  facet normal -0.953793 -0.300465 0
    outer loop
      vertex -30.6844 22.4788 38
      vertex -30.6477 22.3623 2.5
      vertex -30.6477 22.3623 38
    endloop
  endfacet
  facet normal 0.843459 -0.537193 0
    outer loop
      vertex -33.2124 22.7 38
      vertex -33.1468 22.803 2.5
      vertex -33.1468 22.803 38
    endloop
  endfacet
  facet normal 0.843459 -0.537193 0
    outer loop
      vertex -33.1468 22.803 2.5
      vertex -33.2124 22.7 38
      vertex -33.2124 22.7 2.5
    endloop
  endfacet
  facet normal 0.216237 0.976341 -0
    outer loop
      vertex -32.2431 20.6213 2.5
      vertex -32.3623 20.6477 38
      vertex -32.2431 20.6213 38
    endloop
  endfacet
  facet normal 0.216237 0.976341 0
    outer loop
      vertex -32.3623 20.6477 38
      vertex -32.2431 20.6213 2.5
      vertex -32.3623 20.6477 2.5
    endloop
  endfacet
  facet normal -0.976341 0.216237 0
    outer loop
      vertex -30.6477 21.6377 2.5
      vertex -30.6213 21.7569 38
      vertex -30.6213 21.7569 2.5
    endloop
  endfacet
  facet normal -0.976341 0.216237 0
    outer loop
      vertex -30.6213 21.7569 38
      vertex -30.6477 21.6377 2.5
      vertex -30.6477 21.6377 38
    endloop
  endfacet
  facet normal 0.461894 -0.886935 0
    outer loop
      vertex -32.7 23.2124 2.5
      vertex -32.5917 23.2688 38
      vertex -32.7 23.2124 38
    endloop
  endfacet
  facet normal 0.461894 -0.886935 0
    outer loop
      vertex -32.5917 23.2688 38
      vertex -32.7 23.2124 2.5
      vertex -32.5917 23.2688 2.5
    endloop
  endfacet
  facet normal -0.923777 -0.38293 0
    outer loop
      vertex -30.6844 22.4788 2.5
      vertex -30.7312 22.5917 38
      vertex -30.7312 22.5917 2.5
    endloop
  endfacet
  facet normal -0.923777 -0.38293 0
    outer loop
      vertex -30.7312 22.5917 38
      vertex -30.6844 22.4788 2.5
      vertex -30.6844 22.4788 38
    endloop
  endfacet
  facet normal -0.38293 -0.923777 0
    outer loop
      vertex -31.5212 23.3156 2.5
      vertex -31.4083 23.2688 38
      vertex -31.5212 23.3156 38
    endloop
  endfacet
  facet normal -0.38293 -0.923777 -0
    outer loop
      vertex -31.4083 23.2688 38
      vertex -31.5212 23.3156 2.5
      vertex -31.4083 23.2688 2.5
    endloop
  endfacet
  facet normal 0.38293 -0.923777 0
    outer loop
      vertex -32.5917 23.2688 2.5
      vertex -32.4788 23.3156 38
      vertex -32.5917 23.2688 38
    endloop
  endfacet
  facet normal 0.38293 -0.923777 0
    outer loop
      vertex -32.4788 23.3156 38
      vertex -32.5917 23.2688 2.5
      vertex -32.4788 23.3156 2.5
    endloop
  endfacet
  facet normal -0.0434017 0.999058 0
    outer loop
      vertex -31.878 20.6053 2.5
      vertex -32 20.6 38
      vertex -31.878 20.6053 38
    endloop
  endfacet
  facet normal -0.0434017 0.999058 0
    outer loop
      vertex -32 20.6 38
      vertex -31.878 20.6053 2.5
      vertex -32 20.6 2.5
    endloop
  endfacet
  facet normal -0.38293 0.923777 0
    outer loop
      vertex -31.4083 20.7312 2.5
      vertex -31.5212 20.6844 38
      vertex -31.4083 20.7312 38
    endloop
  endfacet
  facet normal -0.38293 0.923777 0
    outer loop
      vertex -31.5212 20.6844 38
      vertex -31.4083 20.7312 2.5
      vertex -31.5212 20.6844 2.5
    endloop
  endfacet
  facet normal 0.886935 0.461894 0
    outer loop
      vertex -33.2124 21.3 38
      vertex -33.2688 21.4083 2.5
      vertex -33.2688 21.4083 38
    endloop
  endfacet
  facet normal 0.886935 0.461894 0
    outer loop
      vertex -33.2688 21.4083 2.5
      vertex -33.2124 21.3 38
      vertex -33.2124 21.3 2.5
    endloop
  endfacet
  facet normal 0.991384 0.130984 0
    outer loop
      vertex -33.3787 21.7569 38
      vertex -33.3947 21.878 2.5
      vertex -33.3947 21.878 38
    endloop
  endfacet
  facet normal 0.991384 0.130984 0
    outer loop
      vertex -33.3947 21.878 2.5
      vertex -33.3787 21.7569 38
      vertex -33.3787 21.7569 2.5
    endloop
  endfacet
  facet normal -0.130984 0.991384 0
    outer loop
      vertex -31.7569 20.6213 2.5
      vertex -31.878 20.6053 38
      vertex -31.7569 20.6213 38
    endloop
  endfacet
  facet normal -0.130984 0.991384 0
    outer loop
      vertex -31.878 20.6053 38
      vertex -31.7569 20.6213 2.5
      vertex -31.878 20.6053 2.5
    endloop
  endfacet
  facet normal 0.676169 -0.736746 0
    outer loop
      vertex -32.9899 22.9899 2.5
      vertex -32.8999 23.0725 38
      vertex -32.9899 22.9899 38
    endloop
  endfacet
  facet normal 0.676169 -0.736746 0
    outer loop
      vertex -32.8999 23.0725 38
      vertex -32.9899 22.9899 2.5
      vertex -32.8999 23.0725 2.5
    endloop
  endfacet
  facet normal -0.843459 0.537193 0
    outer loop
      vertex -30.8532 21.197 2.5
      vertex -30.7876 21.3 38
      vertex -30.7876 21.3 2.5
    endloop
  endfacet
  facet normal -0.843459 0.537193 0
    outer loop
      vertex -30.7876 21.3 38
      vertex -30.8532 21.197 2.5
      vertex -30.8532 21.197 38
    endloop
  endfacet
  facet normal -0.886935 0.461894 0
    outer loop
      vertex -30.7876 21.3 2.5
      vertex -30.7312 21.4083 38
      vertex -30.7312 21.4083 2.5
    endloop
  endfacet
  facet normal -0.886935 0.461894 0
    outer loop
      vertex -30.7312 21.4083 38
      vertex -30.7876 21.3 2.5
      vertex -30.7876 21.3 38
    endloop
  endfacet
  facet normal -0.793567 -0.608483 0
    outer loop
      vertex -30.8532 22.803 2.5
      vertex -30.9275 22.8999 38
      vertex -30.9275 22.8999 2.5
    endloop
  endfacet
  facet normal -0.793567 -0.608483 0
    outer loop
      vertex -30.9275 22.8999 38
      vertex -30.8532 22.803 2.5
      vertex -30.8532 22.803 38
    endloop
  endfacet
  facet normal -0.461894 -0.886935 0
    outer loop
      vertex -31.4083 23.2688 2.5
      vertex -31.3 23.2124 38
      vertex -31.4083 23.2688 38
    endloop
  endfacet
  facet normal -0.461894 -0.886935 -0
    outer loop
      vertex -31.3 23.2124 38
      vertex -31.4083 23.2688 2.5
      vertex -31.3 23.2124 2.5
    endloop
  endfacet
  facet normal -0.736746 0.676169 0
    outer loop
      vertex -31.0101 21.0101 2.5
      vertex -30.9275 21.1001 38
      vertex -30.9275 21.1001 2.5
    endloop
  endfacet
  facet normal -0.736746 0.676169 0
    outer loop
      vertex -30.9275 21.1001 38
      vertex -31.0101 21.0101 2.5
      vertex -31.0101 21.0101 38
    endloop
  endfacet
  facet normal -0.300465 -0.953793 0
    outer loop
      vertex -31.6377 23.3523 2.5
      vertex -31.5212 23.3156 38
      vertex -31.6377 23.3523 38
    endloop
  endfacet
  facet normal -0.300465 -0.953793 -0
    outer loop
      vertex -31.5212 23.3156 38
      vertex -31.6377 23.3523 2.5
      vertex -31.5212 23.3156 2.5
    endloop
  endfacet
  facet normal 0.886935 -0.461894 0
    outer loop
      vertex -33.2688 22.5917 38
      vertex -33.2124 22.7 2.5
      vertex -33.2124 22.7 38
    endloop
  endfacet
  facet normal 0.886935 -0.461894 0
    outer loop
      vertex -33.2124 22.7 2.5
      vertex -33.2688 22.5917 38
      vertex -33.2688 22.5917 2.5
    endloop
  endfacet
  facet normal -0.216237 0.976341 0
    outer loop
      vertex -31.6377 20.6477 2.5
      vertex -31.7569 20.6213 38
      vertex -31.6377 20.6477 38
    endloop
  endfacet
  facet normal -0.216237 0.976341 0
    outer loop
      vertex -31.7569 20.6213 38
      vertex -31.6377 20.6477 2.5
      vertex -31.7569 20.6213 2.5
    endloop
  endfacet
  facet normal 0.843459 0.537193 0
    outer loop
      vertex -33.1468 21.197 38
      vertex -33.2124 21.3 2.5
      vertex -33.2124 21.3 38
    endloop
  endfacet
  facet normal 0.843459 0.537193 0
    outer loop
      vertex -33.2124 21.3 2.5
      vertex -33.1468 21.197 38
      vertex -33.1468 21.197 2.5
    endloop
  endfacet
  facet normal 0.736746 0.676169 0
    outer loop
      vertex -32.9899 21.0101 38
      vertex -33.0725 21.1001 2.5
      vertex -33.0725 21.1001 38
    endloop
  endfacet
  facet normal 0.736746 0.676169 0
    outer loop
      vertex -33.0725 21.1001 2.5
      vertex -32.9899 21.0101 38
      vertex -32.9899 21.0101 2.5
    endloop
  endfacet
  facet normal -0.886935 -0.461894 0
    outer loop
      vertex -30.7312 22.5917 2.5
      vertex -30.7876 22.7 38
      vertex -30.7876 22.7 2.5
    endloop
  endfacet
  facet normal -0.886935 -0.461894 0
    outer loop
      vertex -30.7876 22.7 38
      vertex -30.7312 22.5917 2.5
      vertex -30.7312 22.5917 38
    endloop
  endfacet
  facet normal 0.0434017 0.999058 -0
    outer loop
      vertex -32 20.6 2.5
      vertex -32.122 20.6053 38
      vertex -32 20.6 38
    endloop
  endfacet
  facet normal 0.0434017 0.999058 0
    outer loop
      vertex -32.122 20.6053 38
      vertex -32 20.6 2.5
      vertex -32.122 20.6053 2.5
    endloop
  endfacet
  facet normal 0.537193 -0.843459 0
    outer loop
      vertex -32.803 23.1468 2.5
      vertex -32.7 23.2124 38
      vertex -32.803 23.1468 38
    endloop
  endfacet
  facet normal 0.537193 -0.843459 0
    outer loop
      vertex -32.7 23.2124 38
      vertex -32.803 23.1468 2.5
      vertex -32.7 23.2124 2.5
    endloop
  endfacet
  facet normal 0.793567 0.608483 0
    outer loop
      vertex -33.0725 21.1001 38
      vertex -33.1468 21.197 2.5
      vertex -33.1468 21.197 38
    endloop
  endfacet
  facet normal 0.793567 0.608483 0
    outer loop
      vertex -33.1468 21.197 2.5
      vertex -33.0725 21.1001 38
      vertex -33.0725 21.1001 2.5
    endloop
  endfacet
  facet normal -0.843459 -0.537193 0
    outer loop
      vertex -30.7876 22.7 2.5
      vertex -30.8532 22.803 38
      vertex -30.8532 22.803 2.5
    endloop
  endfacet
  facet normal -0.843459 -0.537193 0
    outer loop
      vertex -30.8532 22.803 38
      vertex -30.7876 22.7 2.5
      vertex -30.7876 22.7 38
    endloop
  endfacet
  facet normal 0.216237 -0.976341 0
    outer loop
      vertex -32.3623 23.3523 2.5
      vertex -32.2431 23.3787 38
      vertex -32.3623 23.3523 38
    endloop
  endfacet
  facet normal 0.216237 -0.976341 0
    outer loop
      vertex -32.2431 23.3787 38
      vertex -32.3623 23.3523 2.5
      vertex -32.2431 23.3787 2.5
    endloop
  endfacet
  facet normal 0.130984 -0.991384 0
    outer loop
      vertex -32.2431 23.3787 2.5
      vertex -32.122 23.3947 38
      vertex -32.2431 23.3787 38
    endloop
  endfacet
  facet normal 0.130984 -0.991384 0
    outer loop
      vertex -32.122 23.3947 38
      vertex -32.2431 23.3787 2.5
      vertex -32.122 23.3947 2.5
    endloop
  endfacet
  facet normal 0.300465 -0.953793 0
    outer loop
      vertex -32.4788 23.3156 2.5
      vertex -32.3623 23.3523 38
      vertex -32.4788 23.3156 38
    endloop
  endfacet
  facet normal 0.300465 -0.953793 0
    outer loop
      vertex -32.3623 23.3523 38
      vertex -32.4788 23.3156 2.5
      vertex -32.3623 23.3523 2.5
    endloop
  endfacet
  facet normal -0.537193 -0.843459 0
    outer loop
      vertex -31.3 23.2124 2.5
      vertex -31.197 23.1468 38
      vertex -31.3 23.2124 38
    endloop
  endfacet
  facet normal -0.537193 -0.843459 -0
    outer loop
      vertex -31.197 23.1468 38
      vertex -31.3 23.2124 2.5
      vertex -31.197 23.1468 2.5
    endloop
  endfacet
  facet normal 0.999058 0.0434017 0
    outer loop
      vertex -33.3947 21.878 38
      vertex -33.4 22 2.5
      vertex -33.4 22 38
    endloop
  endfacet
  facet normal 0.999058 0.0434017 0
    outer loop
      vertex -33.4 22 2.5
      vertex -33.3947 21.878 38
      vertex -33.3947 21.878 2.5
    endloop
  endfacet
  facet normal -0.608483 -0.793567 0
    outer loop
      vertex -31.197 23.1468 2.5
      vertex -31.1001 23.0725 38
      vertex -31.197 23.1468 38
    endloop
  endfacet
  facet normal -0.608483 -0.793567 -0
    outer loop
      vertex -31.1001 23.0725 38
      vertex -31.197 23.1468 2.5
      vertex -31.1001 23.0725 2.5
    endloop
  endfacet
  facet normal 0.0434017 -0.999058 0
    outer loop
      vertex -32.122 23.3947 2.5
      vertex -32 23.4 38
      vertex -32.122 23.3947 38
    endloop
  endfacet
  facet normal 0.0434017 -0.999058 0
    outer loop
      vertex -32 23.4 38
      vertex -32.122 23.3947 2.5
      vertex -32 23.4 2.5
    endloop
  endfacet
  facet normal -0.953793 0.300465 0
    outer loop
      vertex -30.6844 21.5212 2.5
      vertex -30.6477 21.6377 38
      vertex -30.6477 21.6377 2.5
    endloop
  endfacet
  facet normal -0.953793 0.300465 0
    outer loop
      vertex -30.6477 21.6377 38
      vertex -30.6844 21.5212 2.5
      vertex -30.6844 21.5212 38
    endloop
  endfacet
  facet normal -0.923777 0.38293 0
    outer loop
      vertex -30.7312 21.4083 2.5
      vertex -30.6844 21.5212 38
      vertex -30.6844 21.5212 2.5
    endloop
  endfacet
  facet normal -0.923777 0.38293 0
    outer loop
      vertex -30.6844 21.5212 38
      vertex -30.7312 21.4083 2.5
      vertex -30.7312 21.4083 38
    endloop
  endfacet
  facet normal 0.953793 0.300465 0
    outer loop
      vertex -33.3156 21.5212 38
      vertex -33.3523 21.6377 2.5
      vertex -33.3523 21.6377 38
    endloop
  endfacet
  facet normal 0.953793 0.300465 0
    outer loop
      vertex -33.3523 21.6377 2.5
      vertex -33.3156 21.5212 38
      vertex -33.3156 21.5212 2.5
    endloop
  endfacet
  facet normal -0.461894 0.886935 0
    outer loop
      vertex -31.3 20.7876 2.5
      vertex -31.4083 20.7312 38
      vertex -31.3 20.7876 38
    endloop
  endfacet
  facet normal -0.461894 0.886935 0
    outer loop
      vertex -31.4083 20.7312 38
      vertex -31.3 20.7876 2.5
      vertex -31.4083 20.7312 2.5
    endloop
  endfacet
  facet normal 0.608483 0.793567 -0
    outer loop
      vertex -32.803 20.8532 2.5
      vertex -32.8999 20.9275 38
      vertex -32.803 20.8532 38
    endloop
  endfacet
  facet normal 0.608483 0.793567 0
    outer loop
      vertex -32.8999 20.9275 38
      vertex -32.803 20.8532 2.5
      vertex -32.8999 20.9275 2.5
    endloop
  endfacet
  facet normal 0.976341 -0.216237 0
    outer loop
      vertex -33.3787 22.2431 38
      vertex -33.3523 22.3623 2.5
      vertex -33.3523 22.3623 38
    endloop
  endfacet
  facet normal 0.976341 -0.216237 0
    outer loop
      vertex -33.3523 22.3623 2.5
      vertex -33.3787 22.2431 38
      vertex -33.3787 22.2431 2.5
    endloop
  endfacet
  facet normal -0.0434017 -0.999058 0
    outer loop
      vertex -32 23.4 2.5
      vertex -31.878 23.3947 38
      vertex -32 23.4 38
    endloop
  endfacet
  facet normal -0.0434017 -0.999058 -0
    outer loop
      vertex -31.878 23.3947 38
      vertex -32 23.4 2.5
      vertex -31.878 23.3947 2.5
    endloop
  endfacet
  facet normal 0.461894 0.886935 -0
    outer loop
      vertex -32.5917 20.7312 2.5
      vertex -32.7 20.7876 38
      vertex -32.5917 20.7312 38
    endloop
  endfacet
  facet normal 0.461894 0.886935 0
    outer loop
      vertex -32.7 20.7876 38
      vertex -32.5917 20.7312 2.5
      vertex -32.7 20.7876 2.5
    endloop
  endfacet
  facet normal 0.130984 0.991384 -0
    outer loop
      vertex -32.122 20.6053 2.5
      vertex -32.2431 20.6213 38
      vertex -32.122 20.6053 38
    endloop
  endfacet
  facet normal 0.130984 0.991384 0
    outer loop
      vertex -32.2431 20.6213 38
      vertex -32.122 20.6053 2.5
      vertex -32.2431 20.6213 2.5
    endloop
  endfacet
  facet normal -0.676169 0.736746 0
    outer loop
      vertex -31.0101 21.0101 2.5
      vertex -31.1001 20.9275 38
      vertex -31.0101 21.0101 38
    endloop
  endfacet
  facet normal -0.676169 0.736746 0
    outer loop
      vertex -31.1001 20.9275 38
      vertex -31.0101 21.0101 2.5
      vertex -31.1001 20.9275 2.5
    endloop
  endfacet
  facet normal -0.608483 0.793567 0
    outer loop
      vertex -31.1001 20.9275 2.5
      vertex -31.197 20.8532 38
      vertex -31.1001 20.9275 38
    endloop
  endfacet
  facet normal -0.608483 0.793567 0
    outer loop
      vertex -31.197 20.8532 38
      vertex -31.1001 20.9275 2.5
      vertex -31.197 20.8532 2.5
    endloop
  endfacet
  facet normal -0.216237 -0.976341 0
    outer loop
      vertex -31.7569 23.3787 2.5
      vertex -31.6377 23.3523 38
      vertex -31.7569 23.3787 38
    endloop
  endfacet
  facet normal -0.216237 -0.976341 -0
    outer loop
      vertex -31.6377 23.3523 38
      vertex -31.7569 23.3787 2.5
      vertex -31.6377 23.3523 2.5
    endloop
  endfacet
  facet normal 0.991384 -0.130984 0
    outer loop
      vertex -33.3947 22.122 38
      vertex -33.3787 22.2431 2.5
      vertex -33.3787 22.2431 38
    endloop
  endfacet
  facet normal 0.991384 -0.130984 0
    outer loop
      vertex -33.3787 22.2431 2.5
      vertex -33.3947 22.122 38
      vertex -33.3947 22.122 2.5
    endloop
  endfacet
  facet normal 0.999058 -0.0434017 0
    outer loop
      vertex -33.4 22 38
      vertex -33.3947 22.122 2.5
      vertex -33.3947 22.122 38
    endloop
  endfacet
  facet normal 0.999058 -0.0434017 0
    outer loop
      vertex -33.3947 22.122 2.5
      vertex -33.4 22 38
      vertex -33.4 22 2.5
    endloop
  endfacet
  facet normal 0.608483 -0.793567 0
    outer loop
      vertex -32.8999 23.0725 2.5
      vertex -32.803 23.1468 38
      vertex -32.8999 23.0725 38
    endloop
  endfacet
  facet normal 0.608483 -0.793567 0
    outer loop
      vertex -32.803 23.1468 38
      vertex -32.8999 23.0725 2.5
      vertex -32.803 23.1468 2.5
    endloop
  endfacet
  facet normal 0.676169 0.736746 -0
    outer loop
      vertex -32.8999 20.9275 2.5
      vertex -32.9899 21.0101 38
      vertex -32.8999 20.9275 38
    endloop
  endfacet
  facet normal 0.676169 0.736746 0
    outer loop
      vertex -32.9899 21.0101 38
      vertex -32.8999 20.9275 2.5
      vertex -32.9899 21.0101 2.5
    endloop
  endfacet
  facet normal 0.38293 0.923777 -0
    outer loop
      vertex -32.4788 20.6844 2.5
      vertex -32.5917 20.7312 38
      vertex -32.4788 20.6844 38
    endloop
  endfacet
  facet normal 0.38293 0.923777 0
    outer loop
      vertex -32.5917 20.7312 38
      vertex -32.4788 20.6844 2.5
      vertex -32.5917 20.7312 2.5
    endloop
  endfacet
  facet normal 0.537193 0.843459 -0
    outer loop
      vertex -32.7 20.7876 2.5
      vertex -32.803 20.8532 38
      vertex -32.7 20.7876 38
    endloop
  endfacet
  facet normal 0.537193 0.843459 0
    outer loop
      vertex -32.803 20.8532 38
      vertex -32.7 20.7876 2.5
      vertex -32.803 20.8532 2.5
    endloop
  endfacet
  facet normal 0.923777 0.38293 0
    outer loop
      vertex -33.2688 21.4083 38
      vertex -33.3156 21.5212 2.5
      vertex -33.3156 21.5212 38
    endloop
  endfacet
  facet normal 0.923777 0.38293 0
    outer loop
      vertex -33.3156 21.5212 2.5
      vertex -33.2688 21.4083 38
      vertex -33.2688 21.4083 2.5
    endloop
  endfacet
  facet normal -0.999051 0.0435652 0
    outer loop
      vertex 28.5 -22 2.5
      vertex 28.5133 -21.695 38
      vertex 28.5133 -21.695 2.5
    endloop
  endfacet
  facet normal -0.999051 0.0435652 0
    outer loop
      vertex 28.5133 -21.695 38
      vertex 28.5 -22 2.5
      vertex 28.5 -22 38
    endloop
  endfacet
  facet normal 0.608507 -0.793548 0
    outer loop
      vertex 34.0075 -24.867 2.5
      vertex 34.2498 -24.6812 38
      vertex 34.0075 -24.867 38
    endloop
  endfacet
  facet normal 0.608507 -0.793548 0
    outer loop
      vertex 34.2498 -24.6812 38
      vertex 34.0075 -24.867 2.5
      vertex 34.2498 -24.6812 2.5
    endloop
  endfacet
  facet normal 0.461827 0.88697 -0
    outer loop
      vertex 33.75 -18.9689 2.5
      vertex 33.4792 -18.8279 38
      vertex 33.75 -18.9689 38
    endloop
  endfacet
  facet normal 0.461827 0.88697 0
    outer loop
      vertex 33.4792 -18.8279 38
      vertex 33.75 -18.9689 2.5
      vertex 33.4792 -18.8279 2.5
    endloop
  endfacet
  facet normal 0.737222 0.67565 0
    outer loop
      vertex 34.6812 -19.7502 38
      vertex 34.4749 -19.5251 2.5
      vertex 34.4749 -19.5251 38
    endloop
  endfacet
  facet normal 0.737222 0.67565 0
    outer loop
      vertex 34.4749 -19.5251 2.5
      vertex 34.6812 -19.7502 38
      vertex 34.6812 -19.7502 2.5
    endloop
  endfacet
  facet normal -0.953731 -0.300661 0
    outer loop
      vertex 28.7111 -23.1971 2.5
      vertex 28.6193 -22.9059 38
      vertex 28.6193 -22.9059 2.5
    endloop
  endfacet
  facet normal -0.953731 -0.300661 0
    outer loop
      vertex 28.6193 -22.9059 38
      vertex 28.7111 -23.1971 2.5
      vertex 28.7111 -23.1971 38
    endloop
  endfacet
  facet normal -0.737222 -0.67565 0
    outer loop
      vertex 29.5251 -24.4749 2.5
      vertex 29.3188 -24.2498 38
      vertex 29.3188 -24.2498 2.5
    endloop
  endfacet
  facet normal -0.737222 -0.67565 0
    outer loop
      vertex 29.3188 -24.2498 38
      vertex 29.5251 -24.4749 2.5
      vertex 29.5251 -24.4749 38
    endloop
  endfacet
  facet normal -0.382545 0.923937 0
    outer loop
      vertex 30.8029 -18.7111 2.5
      vertex 30.5208 -18.8279 38
      vertex 30.8029 -18.7111 38
    endloop
  endfacet
  facet normal -0.382545 0.923937 0
    outer loop
      vertex 30.5208 -18.8279 38
      vertex 30.8029 -18.7111 2.5
      vertex 30.5208 -18.8279 2.5
    endloop
  endfacet
  facet normal 0.67565 -0.737222 0
    outer loop
      vertex 34.2498 -24.6812 2.5
      vertex 34.4749 -24.4749 38
      vertex 34.2498 -24.6812 38
    endloop
  endfacet
  facet normal 0.67565 -0.737222 0
    outer loop
      vertex 34.4749 -24.4749 38
      vertex 34.2498 -24.6812 2.5
      vertex 34.4749 -24.4749 2.5
    endloop
  endfacet
  facet normal -0.953731 0.300661 0
    outer loop
      vertex 28.6193 -21.0941 2.5
      vertex 28.7111 -20.8029 38
      vertex 28.7111 -20.8029 2.5
    endloop
  endfacet
  facet normal -0.953731 0.300661 0
    outer loop
      vertex 28.7111 -20.8029 38
      vertex 28.6193 -21.0941 2.5
      vertex 28.6193 -21.0941 38
    endloop
  endfacet
  facet normal 0.537426 0.843311 -0
    outer loop
      vertex 34.0075 -19.133 2.5
      vertex 33.75 -18.9689 38
      vertex 34.0075 -19.133 38
    endloop
  endfacet
  facet normal 0.537426 0.843311 0
    outer loop
      vertex 33.75 -18.9689 38
      vertex 34.0075 -19.133 2.5
      vertex 33.75 -18.9689 2.5
    endloop
  endfacet
  facet normal -0.88697 0.461827 0
    outer loop
      vertex 28.8279 -20.5208 2.5
      vertex 28.9689 -20.25 38
      vertex 28.9689 -20.25 2.5
    endloop
  endfacet
  facet normal -0.88697 0.461827 0
    outer loop
      vertex 28.9689 -20.25 38
      vertex 28.8279 -20.5208 2.5
      vertex 28.8279 -20.5208 38
    endloop
  endfacet
  facet normal -0.923937 -0.382545 0
    outer loop
      vertex 28.8279 -23.4792 2.5
      vertex 28.7111 -23.1971 38
      vertex 28.7111 -23.1971 2.5
    endloop
  endfacet
  facet normal -0.923937 -0.382545 0
    outer loop
      vertex 28.7111 -23.1971 38
      vertex 28.8279 -23.4792 2.5
      vertex 28.8279 -23.4792 38
    endloop
  endfacet
  facet normal -0.976287 -0.21648 0
    outer loop
      vertex 28.6193 -22.9059 2.5
      vertex 28.5532 -22.6078 38
      vertex 28.5532 -22.6078 2.5
    endloop
  endfacet
  facet normal -0.976287 -0.21648 0
    outer loop
      vertex 28.5532 -22.6078 38
      vertex 28.6193 -22.9059 2.5
      vertex 28.6193 -22.9059 38
    endloop
  endfacet
  facet normal 0.382545 0.923937 -0
    outer loop
      vertex 33.4792 -18.8279 2.5
      vertex 33.1971 -18.7111 38
      vertex 33.4792 -18.8279 38
    endloop
  endfacet
  facet normal 0.382545 0.923937 0
    outer loop
      vertex 33.1971 -18.7111 38
      vertex 33.4792 -18.8279 2.5
      vertex 33.1971 -18.7111 2.5
    endloop
  endfacet
  facet normal -0.99143 -0.130641 0
    outer loop
      vertex 28.5532 -22.6078 2.5
      vertex 28.5133 -22.305 38
      vertex 28.5133 -22.305 2.5
    endloop
  endfacet
  facet normal -0.99143 -0.130641 0
    outer loop
      vertex 28.5133 -22.305 38
      vertex 28.5532 -22.6078 2.5
      vertex 28.5532 -22.6078 38
    endloop
  endfacet
  facet normal 0.130641 0.99143 -0
    outer loop
      vertex 32.6078 -18.5532 2.5
      vertex 32.305 -18.5133 38
      vertex 32.6078 -18.5532 38
    endloop
  endfacet
  facet normal 0.130641 0.99143 0
    outer loop
      vertex 32.305 -18.5133 38
      vertex 32.6078 -18.5532 2.5
      vertex 32.305 -18.5133 2.5
    endloop
  endfacet
  facet normal -0.0435652 0.999051 0
    outer loop
      vertex 32 -18.5 2.5
      vertex 31.695 -18.5133 38
      vertex 32 -18.5 38
    endloop
  endfacet
  facet normal -0.0435652 0.999051 0
    outer loop
      vertex 31.695 -18.5133 38
      vertex 32 -18.5 2.5
      vertex 31.695 -18.5133 2.5
    endloop
  endfacet
  facet normal -0.130641 0.99143 0
    outer loop
      vertex 31.695 -18.5133 2.5
      vertex 31.3922 -18.5532 38
      vertex 31.695 -18.5133 38
    endloop
  endfacet
  facet normal -0.130641 0.99143 0
    outer loop
      vertex 31.3922 -18.5532 38
      vertex 31.695 -18.5133 2.5
      vertex 31.3922 -18.5532 2.5
    endloop
  endfacet
  facet normal 0.67565 0.737222 -0
    outer loop
      vertex 34.4749 -19.5251 2.5
      vertex 34.2498 -19.3188 38
      vertex 34.4749 -19.5251 38
    endloop
  endfacet
  facet normal 0.67565 0.737222 0
    outer loop
      vertex 34.2498 -19.3188 38
      vertex 34.4749 -19.5251 2.5
      vertex 34.2498 -19.3188 2.5
    endloop
  endfacet
  facet normal 0.843312 -0.537424 0
    outer loop
      vertex 34.867 -24.0075 38
      vertex 35 -23.7988 2.5
      vertex 35 -23.7988 38
    endloop
  endfacet
  facet normal 0.843312 -0.537424 0
    outer loop
      vertex 35 -23.7988 2.5
      vertex 34.867 -24.0075 38
      vertex 34.867 -24.0075 2.5
    endloop
  endfacet
  facet normal 0.537424 -0.843312 0
    outer loop
      vertex 33.7988 -25 2.5
      vertex 34.0075 -24.867 38
      vertex 33.7988 -25 38
    endloop
  endfacet
  facet normal 0.537424 -0.843312 0
    outer loop
      vertex 34.0075 -24.867 38
      vertex 33.7988 -25 2.5
      vertex 34.0075 -24.867 2.5
    endloop
  endfacet
  facet normal -0.843311 -0.537426 0
    outer loop
      vertex 29.133 -24.0075 2.5
      vertex 28.9689 -23.75 38
      vertex 28.9689 -23.75 2.5
    endloop
  endfacet
  facet normal -0.843311 -0.537426 0
    outer loop
      vertex 28.9689 -23.75 38
      vertex 29.133 -24.0075 2.5
      vertex 29.133 -24.0075 38
    endloop
  endfacet
  facet normal -0.923937 0.382545 0
    outer loop
      vertex 28.7111 -20.8029 2.5
      vertex 28.8279 -20.5208 38
      vertex 28.8279 -20.5208 2.5
    endloop
  endfacet
  facet normal -0.923937 0.382545 0
    outer loop
      vertex 28.8279 -20.5208 38
      vertex 28.7111 -20.8029 2.5
      vertex 28.7111 -20.8029 38
    endloop
  endfacet
  facet normal -0.608507 -0.793548 0
    outer loop
      vertex 29.7502 -24.6812 2.5
      vertex 29.9925 -24.867 38
      vertex 29.7502 -24.6812 38
    endloop
  endfacet
  facet normal -0.608507 -0.793548 -0
    outer loop
      vertex 29.9925 -24.867 38
      vertex 29.7502 -24.6812 2.5
      vertex 29.9925 -24.867 2.5
    endloop
  endfacet
  facet normal -0.737222 0.67565 0
    outer loop
      vertex 29.3188 -19.7502 2.5
      vertex 29.5251 -19.5251 38
      vertex 29.5251 -19.5251 2.5
    endloop
  endfacet
  facet normal -0.737222 0.67565 0
    outer loop
      vertex 29.5251 -19.5251 38
      vertex 29.3188 -19.7502 2.5
      vertex 29.3188 -19.7502 38
    endloop
  endfacet
  facet normal 0.843312 0.537424 0
    outer loop
      vertex 35 -20.2012 38
      vertex 34.867 -19.9925 2.5
      vertex 34.867 -19.9925 38
    endloop
  endfacet
  facet normal 0.843312 0.537424 0
    outer loop
      vertex 34.867 -19.9925 2.5
      vertex 35 -20.2012 38
      vertex 35 -20.2012 2.5
    endloop
  endfacet
  facet normal -0.537424 -0.843312 0
    outer loop
      vertex 29.9925 -24.867 2.5
      vertex 30.2012 -25 38
      vertex 29.9925 -24.867 38
    endloop
  endfacet
  facet normal -0.537424 -0.843312 -0
    outer loop
      vertex 30.2012 -25 38
      vertex 29.9925 -24.867 2.5
      vertex 30.2012 -25 2.5
    endloop
  endfacet
  facet normal -0.999051 -0.0435652 0
    outer loop
      vertex 28.5133 -22.305 2.5
      vertex 28.5 -22 38
      vertex 28.5 -22 2.5
    endloop
  endfacet
  facet normal -0.999051 -0.0435652 0
    outer loop
      vertex 28.5 -22 38
      vertex 28.5133 -22.305 2.5
      vertex 28.5133 -22.305 38
    endloop
  endfacet
  facet normal 0.793548 -0.608507 0
    outer loop
      vertex 34.6812 -24.2498 38
      vertex 34.867 -24.0075 2.5
      vertex 34.867 -24.0075 38
    endloop
  endfacet
  facet normal 0.793548 -0.608507 0
    outer loop
      vertex 34.867 -24.0075 2.5
      vertex 34.6812 -24.2498 38
      vertex 34.6812 -24.2498 2.5
    endloop
  endfacet
  facet normal 0.793548 0.608507 0
    outer loop
      vertex 34.867 -19.9925 38
      vertex 34.6812 -19.7502 2.5
      vertex 34.6812 -19.7502 38
    endloop
  endfacet
  facet normal 0.793548 0.608507 0
    outer loop
      vertex 34.6812 -19.7502 2.5
      vertex 34.867 -19.9925 38
      vertex 34.867 -19.9925 2.5
    endloop
  endfacet
  facet normal -0.99143 0.130641 0
    outer loop
      vertex 28.5133 -21.695 2.5
      vertex 28.5532 -21.3922 38
      vertex 28.5532 -21.3922 2.5
    endloop
  endfacet
  facet normal -0.99143 0.130641 0
    outer loop
      vertex 28.5532 -21.3922 38
      vertex 28.5133 -21.695 2.5
      vertex 28.5133 -21.695 38
    endloop
  endfacet
  facet normal -0.793548 0.608507 0
    outer loop
      vertex 29.133 -19.9925 2.5
      vertex 29.3188 -19.7502 38
      vertex 29.3188 -19.7502 2.5
    endloop
  endfacet
  facet normal -0.793548 0.608507 0
    outer loop
      vertex 29.3188 -19.7502 38
      vertex 29.133 -19.9925 2.5
      vertex 29.133 -19.9925 38
    endloop
  endfacet
  facet normal 0.608507 0.793548 -0
    outer loop
      vertex 34.2498 -19.3188 2.5
      vertex 34.0075 -19.133 38
      vertex 34.2498 -19.3188 38
    endloop
  endfacet
  facet normal 0.608507 0.793548 0
    outer loop
      vertex 34.0075 -19.133 38
      vertex 34.2498 -19.3188 2.5
      vertex 34.0075 -19.133 2.5
    endloop
  endfacet
  facet normal 0.737222 -0.67565 0
    outer loop
      vertex 34.4749 -24.4749 38
      vertex 34.6812 -24.2498 2.5
      vertex 34.6812 -24.2498 38
    endloop
  endfacet
  facet normal 0.737222 -0.67565 0
    outer loop
      vertex 34.6812 -24.2498 2.5
      vertex 34.4749 -24.4749 38
      vertex 34.4749 -24.4749 2.5
    endloop
  endfacet
  facet normal -0.608507 0.793548 0
    outer loop
      vertex 29.9925 -19.133 2.5
      vertex 29.7502 -19.3188 38
      vertex 29.9925 -19.133 38
    endloop
  endfacet
  facet normal -0.608507 0.793548 0
    outer loop
      vertex 29.7502 -19.3188 38
      vertex 29.9925 -19.133 2.5
      vertex 29.7502 -19.3188 2.5
    endloop
  endfacet
  facet normal -0.793548 -0.608507 0
    outer loop
      vertex 29.3188 -24.2498 2.5
      vertex 29.133 -24.0075 38
      vertex 29.133 -24.0075 2.5
    endloop
  endfacet
  facet normal -0.793548 -0.608507 0
    outer loop
      vertex 29.133 -24.0075 38
      vertex 29.3188 -24.2498 2.5
      vertex 29.3188 -24.2498 38
    endloop
  endfacet
  facet normal -0.67565 0.737222 0
    outer loop
      vertex 29.7502 -19.3188 2.5
      vertex 29.5251 -19.5251 38
      vertex 29.7502 -19.3188 38
    endloop
  endfacet
  facet normal -0.67565 0.737222 0
    outer loop
      vertex 29.5251 -19.5251 38
      vertex 29.7502 -19.3188 2.5
      vertex 29.5251 -19.5251 2.5
    endloop
  endfacet
  facet normal -0.300661 0.953731 0
    outer loop
      vertex 31.0941 -18.6193 2.5
      vertex 30.8029 -18.7111 38
      vertex 31.0941 -18.6193 38
    endloop
  endfacet
  facet normal -0.300661 0.953731 0
    outer loop
      vertex 30.8029 -18.7111 38
      vertex 31.0941 -18.6193 2.5
      vertex 30.8029 -18.7111 2.5
    endloop
  endfacet
  facet normal -0.21648 0.976287 0
    outer loop
      vertex 31.3922 -18.5532 2.5
      vertex 31.0941 -18.6193 38
      vertex 31.3922 -18.5532 38
    endloop
  endfacet
  facet normal -0.21648 0.976287 0
    outer loop
      vertex 31.0941 -18.6193 38
      vertex 31.3922 -18.5532 2.5
      vertex 31.0941 -18.6193 2.5
    endloop
  endfacet
  facet normal -0.976287 0.21648 0
    outer loop
      vertex 28.5532 -21.3922 2.5
      vertex 28.6193 -21.0941 38
      vertex 28.6193 -21.0941 2.5
    endloop
  endfacet
  facet normal -0.976287 0.21648 0
    outer loop
      vertex 28.6193 -21.0941 38
      vertex 28.5532 -21.3922 2.5
      vertex 28.5532 -21.3922 38
    endloop
  endfacet
  facet normal -0.843311 0.537426 0
    outer loop
      vertex 28.9689 -20.25 2.5
      vertex 29.133 -19.9925 38
      vertex 29.133 -19.9925 2.5
    endloop
  endfacet
  facet normal -0.843311 0.537426 0
    outer loop
      vertex 29.133 -19.9925 38
      vertex 28.9689 -20.25 2.5
      vertex 28.9689 -20.25 38
    endloop
  endfacet
  facet normal -0.537426 0.843311 0
    outer loop
      vertex 30.25 -18.9689 2.5
      vertex 29.9925 -19.133 38
      vertex 30.25 -18.9689 38
    endloop
  endfacet
  facet normal -0.537426 0.843311 0
    outer loop
      vertex 29.9925 -19.133 38
      vertex 30.25 -18.9689 2.5
      vertex 29.9925 -19.133 2.5
    endloop
  endfacet
  facet normal 0.300661 0.953731 -0
    outer loop
      vertex 33.1971 -18.7111 2.5
      vertex 32.9059 -18.6193 38
      vertex 33.1971 -18.7111 38
    endloop
  endfacet
  facet normal 0.300661 0.953731 0
    outer loop
      vertex 32.9059 -18.6193 38
      vertex 33.1971 -18.7111 2.5
      vertex 32.9059 -18.6193 2.5
    endloop
  endfacet
  facet normal -0.461827 0.88697 0
    outer loop
      vertex 30.5208 -18.8279 2.5
      vertex 30.25 -18.9689 38
      vertex 30.5208 -18.8279 38
    endloop
  endfacet
  facet normal -0.461827 0.88697 0
    outer loop
      vertex 30.25 -18.9689 38
      vertex 30.5208 -18.8279 2.5
      vertex 30.25 -18.9689 2.5
    endloop
  endfacet
  facet normal -0.88697 -0.461827 0
    outer loop
      vertex 28.9689 -23.75 2.5
      vertex 28.8279 -23.4792 38
      vertex 28.8279 -23.4792 2.5
    endloop
  endfacet
  facet normal -0.88697 -0.461827 0
    outer loop
      vertex 28.8279 -23.4792 38
      vertex 28.9689 -23.75 2.5
      vertex 28.9689 -23.75 38
    endloop
  endfacet
  facet normal 0.21648 0.976287 -0
    outer loop
      vertex 32.9059 -18.6193 2.5
      vertex 32.6078 -18.5532 38
      vertex 32.9059 -18.6193 38
    endloop
  endfacet
  facet normal 0.21648 0.976287 0
    outer loop
      vertex 32.6078 -18.5532 38
      vertex 32.9059 -18.6193 2.5
      vertex 32.6078 -18.5532 2.5
    endloop
  endfacet
  facet normal 0.0435652 0.999051 -0
    outer loop
      vertex 32.305 -18.5133 2.5
      vertex 32 -18.5 38
      vertex 32.305 -18.5133 38
    endloop
  endfacet
  facet normal 0.0435652 0.999051 0
    outer loop
      vertex 32 -18.5 38
      vertex 32.305 -18.5133 2.5
      vertex 32 -18.5 2.5
    endloop
  endfacet
  facet normal -0.67565 -0.737222 0
    outer loop
      vertex 29.5251 -24.4749 2.5
      vertex 29.7502 -24.6812 38
      vertex 29.5251 -24.4749 38
    endloop
  endfacet
  facet normal -0.67565 -0.737222 -0
    outer loop
      vertex 29.7502 -24.6812 38
      vertex 29.5251 -24.4749 2.5
      vertex 29.7502 -24.6812 2.5
    endloop
  endfacet
  facet normal -0.991384 -0.130984 0
    outer loop
      vertex 33.3947 -21.878 2.5
      vertex 33.3787 -21.7569 38
      vertex 33.3787 -21.7569 2.5
    endloop
  endfacet
  facet normal -0.991384 -0.130984 0
    outer loop
      vertex 33.3787 -21.7569 38
      vertex 33.3947 -21.878 2.5
      vertex 33.3947 -21.878 38
    endloop
  endfacet
  facet normal -0.999058 -0.0434017 0
    outer loop
      vertex 33.4 -22 2.5
      vertex 33.3947 -21.878 38
      vertex 33.3947 -21.878 2.5
    endloop
  endfacet
  facet normal -0.999058 -0.0434017 0
    outer loop
      vertex 33.3947 -21.878 38
      vertex 33.4 -22 2.5
      vertex 33.4 -22 38
    endloop
  endfacet
  facet normal -0.976341 -0.216237 0
    outer loop
      vertex 33.3787 -21.7569 2.5
      vertex 33.3523 -21.6377 38
      vertex 33.3523 -21.6377 2.5
    endloop
  endfacet
  facet normal -0.976341 -0.216237 0
    outer loop
      vertex 33.3523 -21.6377 38
      vertex 33.3787 -21.7569 2.5
      vertex 33.3787 -21.7569 38
    endloop
  endfacet
  facet normal -0.999058 0.0434017 0
    outer loop
      vertex 33.3947 -22.122 2.5
      vertex 33.4 -22 38
      vertex 33.4 -22 2.5
    endloop
  endfacet
  facet normal -0.999058 0.0434017 0
    outer loop
      vertex 33.4 -22 38
      vertex 33.3947 -22.122 2.5
      vertex 33.3947 -22.122 38
    endloop
  endfacet
  facet normal 0.953793 -0.300465 0
    outer loop
      vertex 30.6477 -21.6377 38
      vertex 30.6844 -21.5212 2.5
      vertex 30.6844 -21.5212 38
    endloop
  endfacet
  facet normal 0.953793 -0.300465 0
    outer loop
      vertex 30.6844 -21.5212 2.5
      vertex 30.6477 -21.6377 38
      vertex 30.6477 -21.6377 2.5
    endloop
  endfacet
  facet normal 0.976341 0.216237 0
    outer loop
      vertex 30.6477 -22.3623 38
      vertex 30.6213 -22.2431 2.5
      vertex 30.6213 -22.2431 38
    endloop
  endfacet
  facet normal 0.976341 0.216237 0
    outer loop
      vertex 30.6213 -22.2431 2.5
      vertex 30.6477 -22.3623 38
      vertex 30.6477 -22.3623 2.5
    endloop
  endfacet
  facet normal 0.793567 -0.608483 0
    outer loop
      vertex 30.8532 -21.197 38
      vertex 30.9275 -21.1001 2.5
      vertex 30.9275 -21.1001 38
    endloop
  endfacet
  facet normal 0.793567 -0.608483 0
    outer loop
      vertex 30.9275 -21.1001 2.5
      vertex 30.8532 -21.197 38
      vertex 30.8532 -21.197 2.5
    endloop
  endfacet
  facet normal -0.736746 -0.676169 0
    outer loop
      vertex 33.0725 -21.1001 2.5
      vertex 32.9899 -21.0101 38
      vertex 32.9899 -21.0101 2.5
    endloop
  endfacet
  facet normal -0.736746 -0.676169 0
    outer loop
      vertex 32.9899 -21.0101 38
      vertex 33.0725 -21.1001 2.5
      vertex 33.0725 -21.1001 38
    endloop
  endfacet
  facet normal 0.923777 -0.38293 0
    outer loop
      vertex 30.6844 -21.5212 38
      vertex 30.7312 -21.4083 2.5
      vertex 30.7312 -21.4083 38
    endloop
  endfacet
  facet normal 0.923777 -0.38293 0
    outer loop
      vertex 30.7312 -21.4083 2.5
      vertex 30.6844 -21.5212 38
      vertex 30.6844 -21.5212 2.5
    endloop
  endfacet
  facet normal -0.537193 0.843459 0
    outer loop
      vertex 32.803 -23.1468 2.5
      vertex 32.7 -23.2124 38
      vertex 32.803 -23.1468 38
    endloop
  endfacet
  facet normal -0.537193 0.843459 0
    outer loop
      vertex 32.7 -23.2124 38
      vertex 32.803 -23.1468 2.5
      vertex 32.7 -23.2124 2.5
    endloop
  endfacet
  facet normal -0.676169 -0.736746 0
    outer loop
      vertex 32.8999 -20.9275 2.5
      vertex 32.9899 -21.0101 38
      vertex 32.8999 -20.9275 38
    endloop
  endfacet
  facet normal -0.676169 -0.736746 -0
    outer loop
      vertex 32.9899 -21.0101 38
      vertex 32.8999 -20.9275 2.5
      vertex 32.9899 -21.0101 2.5
    endloop
  endfacet
  facet normal -0.300465 0.953793 0
    outer loop
      vertex 32.4788 -23.3156 2.5
      vertex 32.3623 -23.3523 38
      vertex 32.4788 -23.3156 38
    endloop
  endfacet
  facet normal -0.300465 0.953793 0
    outer loop
      vertex 32.3623 -23.3523 38
      vertex 32.4788 -23.3156 2.5
      vertex 32.3623 -23.3523 2.5
    endloop
  endfacet
  facet normal -0.991384 0.130984 0
    outer loop
      vertex 33.3787 -22.2431 2.5
      vertex 33.3947 -22.122 38
      vertex 33.3947 -22.122 2.5
    endloop
  endfacet
  facet normal -0.991384 0.130984 0
    outer loop
      vertex 33.3947 -22.122 38
      vertex 33.3787 -22.2431 2.5
      vertex 33.3787 -22.2431 38
    endloop
  endfacet
  facet normal 0.300465 0.953793 -0
    outer loop
      vertex 31.6377 -23.3523 2.5
      vertex 31.5212 -23.3156 38
      vertex 31.6377 -23.3523 38
    endloop
  endfacet
  facet normal 0.300465 0.953793 0
    outer loop
      vertex 31.5212 -23.3156 38
      vertex 31.6377 -23.3523 2.5
      vertex 31.5212 -23.3156 2.5
    endloop
  endfacet
  facet normal 0.736746 -0.676169 0
    outer loop
      vertex 30.9275 -21.1001 38
      vertex 31.0101 -21.0101 2.5
      vertex 31.0101 -21.0101 38
    endloop
  endfacet
  facet normal 0.736746 -0.676169 0
    outer loop
      vertex 31.0101 -21.0101 2.5
      vertex 30.9275 -21.1001 38
      vertex 30.9275 -21.1001 2.5
    endloop
  endfacet
  facet normal -0.130984 -0.991384 0
    outer loop
      vertex 32.122 -20.6053 2.5
      vertex 32.2431 -20.6213 38
      vertex 32.122 -20.6053 38
    endloop
  endfacet
  facet normal -0.130984 -0.991384 -0
    outer loop
      vertex 32.2431 -20.6213 38
      vertex 32.122 -20.6053 2.5
      vertex 32.2431 -20.6213 2.5
    endloop
  endfacet
  facet normal -0.793567 0.608483 0
    outer loop
      vertex 33.0725 -22.8999 2.5
      vertex 33.1468 -22.803 38
      vertex 33.1468 -22.803 2.5
    endloop
  endfacet
  facet normal -0.793567 0.608483 0
    outer loop
      vertex 33.1468 -22.803 38
      vertex 33.0725 -22.8999 2.5
      vertex 33.0725 -22.8999 38
    endloop
  endfacet
  facet normal -0.953793 -0.300465 0
    outer loop
      vertex 33.3523 -21.6377 2.5
      vertex 33.3156 -21.5212 38
      vertex 33.3156 -21.5212 2.5
    endloop
  endfacet
  facet normal -0.953793 -0.300465 0
    outer loop
      vertex 33.3156 -21.5212 38
      vertex 33.3523 -21.6377 2.5
      vertex 33.3523 -21.6377 38
    endloop
  endfacet
  facet normal 0.843459 -0.537193 0
    outer loop
      vertex 30.7876 -21.3 38
      vertex 30.8532 -21.197 2.5
      vertex 30.8532 -21.197 38
    endloop
  endfacet
  facet normal 0.843459 -0.537193 0
    outer loop
      vertex 30.8532 -21.197 2.5
      vertex 30.7876 -21.3 38
      vertex 30.7876 -21.3 2.5
    endloop
  endfacet
  facet normal 0.216237 0.976341 -0
    outer loop
      vertex 31.7569 -23.3787 2.5
      vertex 31.6377 -23.3523 38
      vertex 31.7569 -23.3787 38
    endloop
  endfacet
  facet normal 0.216237 0.976341 0
    outer loop
      vertex 31.6377 -23.3523 38
      vertex 31.7569 -23.3787 2.5
      vertex 31.6377 -23.3523 2.5
    endloop
  endfacet
  facet normal -0.976341 0.216237 0
    outer loop
      vertex 33.3523 -22.3623 2.5
      vertex 33.3787 -22.2431 38
      vertex 33.3787 -22.2431 2.5
    endloop
  endfacet
  facet normal -0.976341 0.216237 0
    outer loop
      vertex 33.3787 -22.2431 38
      vertex 33.3523 -22.3623 2.5
      vertex 33.3523 -22.3623 38
    endloop
  endfacet
  facet normal 0.461894 -0.886935 0
    outer loop
      vertex 31.3 -20.7876 2.5
      vertex 31.4083 -20.7312 38
      vertex 31.3 -20.7876 38
    endloop
  endfacet
  facet normal 0.461894 -0.886935 0
    outer loop
      vertex 31.4083 -20.7312 38
      vertex 31.3 -20.7876 2.5
      vertex 31.4083 -20.7312 2.5
    endloop
  endfacet
  facet normal -0.923777 -0.38293 0
    outer loop
      vertex 33.3156 -21.5212 2.5
      vertex 33.2688 -21.4083 38
      vertex 33.2688 -21.4083 2.5
    endloop
  endfacet
  facet normal -0.923777 -0.38293 0
    outer loop
      vertex 33.2688 -21.4083 38
      vertex 33.3156 -21.5212 2.5
      vertex 33.3156 -21.5212 38
    endloop
  endfacet
  facet normal -0.38293 -0.923777 0
    outer loop
      vertex 32.4788 -20.6844 2.5
      vertex 32.5917 -20.7312 38
      vertex 32.4788 -20.6844 38
    endloop
  endfacet
  facet normal -0.38293 -0.923777 -0
    outer loop
      vertex 32.5917 -20.7312 38
      vertex 32.4788 -20.6844 2.5
      vertex 32.5917 -20.7312 2.5
    endloop
  endfacet
  facet normal 0.38293 -0.923777 0
    outer loop
      vertex 31.4083 -20.7312 2.5
      vertex 31.5212 -20.6844 38
      vertex 31.4083 -20.7312 38
    endloop
  endfacet
  facet normal 0.38293 -0.923777 0
    outer loop
      vertex 31.5212 -20.6844 38
      vertex 31.4083 -20.7312 2.5
      vertex 31.5212 -20.6844 2.5
    endloop
  endfacet
  facet normal -0.0434017 0.999058 0
    outer loop
      vertex 32.122 -23.3947 2.5
      vertex 32 -23.4 38
      vertex 32.122 -23.3947 38
    endloop
  endfacet
  facet normal -0.0434017 0.999058 0
    outer loop
      vertex 32 -23.4 38
      vertex 32.122 -23.3947 2.5
      vertex 32 -23.4 2.5
    endloop
  endfacet
  facet normal -0.38293 0.923777 0
    outer loop
      vertex 32.5917 -23.2688 2.5
      vertex 32.4788 -23.3156 38
      vertex 32.5917 -23.2688 38
    endloop
  endfacet
  facet normal -0.38293 0.923777 0
    outer loop
      vertex 32.4788 -23.3156 38
      vertex 32.5917 -23.2688 2.5
      vertex 32.4788 -23.3156 2.5
    endloop
  endfacet
  facet normal 0.886935 0.461894 0
    outer loop
      vertex 30.7876 -22.7 38
      vertex 30.7312 -22.5917 2.5
      vertex 30.7312 -22.5917 38
    endloop
  endfacet
  facet normal 0.886935 0.461894 0
    outer loop
      vertex 30.7312 -22.5917 2.5
      vertex 30.7876 -22.7 38
      vertex 30.7876 -22.7 2.5
    endloop
  endfacet
  facet normal 0.991384 0.130984 0
    outer loop
      vertex 30.6213 -22.2431 38
      vertex 30.6053 -22.122 2.5
      vertex 30.6053 -22.122 38
    endloop
  endfacet
  facet normal 0.991384 0.130984 0
    outer loop
      vertex 30.6053 -22.122 2.5
      vertex 30.6213 -22.2431 38
      vertex 30.6213 -22.2431 2.5
    endloop
  endfacet
  facet normal -0.130984 0.991384 0
    outer loop
      vertex 32.2431 -23.3787 2.5
      vertex 32.122 -23.3947 38
      vertex 32.2431 -23.3787 38
    endloop
  endfacet
  facet normal -0.130984 0.991384 0
    outer loop
      vertex 32.122 -23.3947 38
      vertex 32.2431 -23.3787 2.5
      vertex 32.122 -23.3947 2.5
    endloop
  endfacet
  facet normal 0.676169 -0.736746 0
    outer loop
      vertex 31.0101 -21.0101 2.5
      vertex 31.1001 -20.9275 38
      vertex 31.0101 -21.0101 38
    endloop
  endfacet
  facet normal 0.676169 -0.736746 0
    outer loop
      vertex 31.1001 -20.9275 38
      vertex 31.0101 -21.0101 2.5
      vertex 31.1001 -20.9275 2.5
    endloop
  endfacet
  facet normal -0.843459 0.537193 0
    outer loop
      vertex 33.1468 -22.803 2.5
      vertex 33.2124 -22.7 38
      vertex 33.2124 -22.7 2.5
    endloop
  endfacet
  facet normal -0.843459 0.537193 0
    outer loop
      vertex 33.2124 -22.7 38
      vertex 33.1468 -22.803 2.5
      vertex 33.1468 -22.803 38
    endloop
  endfacet
  facet normal -0.886935 0.461894 0
    outer loop
      vertex 33.2124 -22.7 2.5
      vertex 33.2688 -22.5917 38
      vertex 33.2688 -22.5917 2.5
    endloop
  endfacet
  facet normal -0.886935 0.461894 0
    outer loop
      vertex 33.2688 -22.5917 38
      vertex 33.2124 -22.7 2.5
      vertex 33.2124 -22.7 38
    endloop
  endfacet
  facet normal -0.793567 -0.608483 0
    outer loop
      vertex 33.1468 -21.197 2.5
      vertex 33.0725 -21.1001 38
      vertex 33.0725 -21.1001 2.5
    endloop
  endfacet
  facet normal -0.793567 -0.608483 0
    outer loop
      vertex 33.0725 -21.1001 38
      vertex 33.1468 -21.197 2.5
      vertex 33.1468 -21.197 38
    endloop
  endfacet
  facet normal -0.461894 -0.886935 0
    outer loop
      vertex 32.5917 -20.7312 2.5
      vertex 32.7 -20.7876 38
      vertex 32.5917 -20.7312 38
    endloop
  endfacet
  facet normal -0.461894 -0.886935 -0
    outer loop
      vertex 32.7 -20.7876 38
      vertex 32.5917 -20.7312 2.5
      vertex 32.7 -20.7876 2.5
    endloop
  endfacet
  facet normal -0.736746 0.676169 0
    outer loop
      vertex 32.9899 -22.9899 2.5
      vertex 33.0725 -22.8999 38
      vertex 33.0725 -22.8999 2.5
    endloop
  endfacet
  facet normal -0.736746 0.676169 0
    outer loop
      vertex 33.0725 -22.8999 38
      vertex 32.9899 -22.9899 2.5
      vertex 32.9899 -22.9899 38
    endloop
  endfacet
  facet normal -0.300465 -0.953793 0
    outer loop
      vertex 32.3623 -20.6477 2.5
      vertex 32.4788 -20.6844 38
      vertex 32.3623 -20.6477 38
    endloop
  endfacet
  facet normal -0.300465 -0.953793 -0
    outer loop
      vertex 32.4788 -20.6844 38
      vertex 32.3623 -20.6477 2.5
      vertex 32.4788 -20.6844 2.5
    endloop
  endfacet
  facet normal 0.886935 -0.461894 0
    outer loop
      vertex 30.7312 -21.4083 38
      vertex 30.7876 -21.3 2.5
      vertex 30.7876 -21.3 38
    endloop
  endfacet
  facet normal 0.886935 -0.461894 0
    outer loop
      vertex 30.7876 -21.3 2.5
      vertex 30.7312 -21.4083 38
      vertex 30.7312 -21.4083 2.5
    endloop
  endfacet
  facet normal -0.216237 0.976341 0
    outer loop
      vertex 32.3623 -23.3523 2.5
      vertex 32.2431 -23.3787 38
      vertex 32.3623 -23.3523 38
    endloop
  endfacet
  facet normal -0.216237 0.976341 0
    outer loop
      vertex 32.2431 -23.3787 38
      vertex 32.3623 -23.3523 2.5
      vertex 32.2431 -23.3787 2.5
    endloop
  endfacet
  facet normal 0.843459 0.537193 0
    outer loop
      vertex 30.8532 -22.803 38
      vertex 30.7876 -22.7 2.5
      vertex 30.7876 -22.7 38
    endloop
  endfacet
  facet normal 0.843459 0.537193 0
    outer loop
      vertex 30.7876 -22.7 2.5
      vertex 30.8532 -22.803 38
      vertex 30.8532 -22.803 2.5
    endloop
  endfacet
  facet normal 0.736746 0.676169 0
    outer loop
      vertex 31.0101 -22.9899 38
      vertex 30.9275 -22.8999 2.5
      vertex 30.9275 -22.8999 38
    endloop
  endfacet
  facet normal 0.736746 0.676169 0
    outer loop
      vertex 30.9275 -22.8999 2.5
      vertex 31.0101 -22.9899 38
      vertex 31.0101 -22.9899 2.5
    endloop
  endfacet
  facet normal -0.886935 -0.461894 0
    outer loop
      vertex 33.2688 -21.4083 2.5
      vertex 33.2124 -21.3 38
      vertex 33.2124 -21.3 2.5
    endloop
  endfacet
  facet normal -0.886935 -0.461894 0
    outer loop
      vertex 33.2124 -21.3 38
      vertex 33.2688 -21.4083 2.5
      vertex 33.2688 -21.4083 38
    endloop
  endfacet
  facet normal 0.0434017 0.999058 -0
    outer loop
      vertex 32 -23.4 2.5
      vertex 31.878 -23.3947 38
      vertex 32 -23.4 38
    endloop
  endfacet
  facet normal 0.0434017 0.999058 0
    outer loop
      vertex 31.878 -23.3947 38
      vertex 32 -23.4 2.5
      vertex 31.878 -23.3947 2.5
    endloop
  endfacet
  facet normal 0.537193 -0.843459 0
    outer loop
      vertex 31.197 -20.8532 2.5
      vertex 31.3 -20.7876 38
      vertex 31.197 -20.8532 38
    endloop
  endfacet
  facet normal 0.537193 -0.843459 0
    outer loop
      vertex 31.3 -20.7876 38
      vertex 31.197 -20.8532 2.5
      vertex 31.3 -20.7876 2.5
    endloop
  endfacet
  facet normal 0.793567 0.608483 0
    outer loop
      vertex 30.9275 -22.8999 38
      vertex 30.8532 -22.803 2.5
      vertex 30.8532 -22.803 38
    endloop
  endfacet
  facet normal 0.793567 0.608483 0
    outer loop
      vertex 30.8532 -22.803 2.5
      vertex 30.9275 -22.8999 38
      vertex 30.9275 -22.8999 2.5
    endloop
  endfacet
  facet normal -0.843459 -0.537193 0
    outer loop
      vertex 33.2124 -21.3 2.5
      vertex 33.1468 -21.197 38
      vertex 33.1468 -21.197 2.5
    endloop
  endfacet
  facet normal -0.843459 -0.537193 0
    outer loop
      vertex 33.1468 -21.197 38
      vertex 33.2124 -21.3 2.5
      vertex 33.2124 -21.3 38
    endloop
  endfacet
  facet normal 0.216237 -0.976341 0
    outer loop
      vertex 31.6377 -20.6477 2.5
      vertex 31.7569 -20.6213 38
      vertex 31.6377 -20.6477 38
    endloop
  endfacet
  facet normal 0.216237 -0.976341 0
    outer loop
      vertex 31.7569 -20.6213 38
      vertex 31.6377 -20.6477 2.5
      vertex 31.7569 -20.6213 2.5
    endloop
  endfacet
  facet normal 0.130984 -0.991384 0
    outer loop
      vertex 31.7569 -20.6213 2.5
      vertex 31.878 -20.6053 38
      vertex 31.7569 -20.6213 38
    endloop
  endfacet
  facet normal 0.130984 -0.991384 0
    outer loop
      vertex 31.878 -20.6053 38
      vertex 31.7569 -20.6213 2.5
      vertex 31.878 -20.6053 2.5
    endloop
  endfacet
  facet normal 0.300465 -0.953793 0
    outer loop
      vertex 31.5212 -20.6844 2.5
      vertex 31.6377 -20.6477 38
      vertex 31.5212 -20.6844 38
    endloop
  endfacet
  facet normal 0.300465 -0.953793 0
    outer loop
      vertex 31.6377 -20.6477 38
      vertex 31.5212 -20.6844 2.5
      vertex 31.6377 -20.6477 2.5
    endloop
  endfacet
  facet normal -0.537193 -0.843459 0
    outer loop
      vertex 32.7 -20.7876 2.5
      vertex 32.803 -20.8532 38
      vertex 32.7 -20.7876 38
    endloop
  endfacet
  facet normal -0.537193 -0.843459 -0
    outer loop
      vertex 32.803 -20.8532 38
      vertex 32.7 -20.7876 2.5
      vertex 32.803 -20.8532 2.5
    endloop
  endfacet
  facet normal 0.999058 0.0434017 0
    outer loop
      vertex 30.6053 -22.122 38
      vertex 30.6 -22 2.5
      vertex 30.6 -22 38
    endloop
  endfacet
  facet normal 0.999058 0.0434017 0
    outer loop
      vertex 30.6 -22 2.5
      vertex 30.6053 -22.122 38
      vertex 30.6053 -22.122 2.5
    endloop
  endfacet
  facet normal -0.608483 -0.793567 0
    outer loop
      vertex 32.803 -20.8532 2.5
      vertex 32.8999 -20.9275 38
      vertex 32.803 -20.8532 38
    endloop
  endfacet
  facet normal -0.608483 -0.793567 -0
    outer loop
      vertex 32.8999 -20.9275 38
      vertex 32.803 -20.8532 2.5
      vertex 32.8999 -20.9275 2.5
    endloop
  endfacet
  facet normal 0.0434017 -0.999058 0
    outer loop
      vertex 31.878 -20.6053 2.5
      vertex 32 -20.6 38
      vertex 31.878 -20.6053 38
    endloop
  endfacet
  facet normal 0.0434017 -0.999058 0
    outer loop
      vertex 32 -20.6 38
      vertex 31.878 -20.6053 2.5
      vertex 32 -20.6 2.5
    endloop
  endfacet
  facet normal -0.953793 0.300465 0
    outer loop
      vertex 33.3156 -22.4788 2.5
      vertex 33.3523 -22.3623 38
      vertex 33.3523 -22.3623 2.5
    endloop
  endfacet
  facet normal -0.953793 0.300465 0
    outer loop
      vertex 33.3523 -22.3623 38
      vertex 33.3156 -22.4788 2.5
      vertex 33.3156 -22.4788 38
    endloop
  endfacet
  facet normal -0.923777 0.38293 0
    outer loop
      vertex 33.2688 -22.5917 2.5
      vertex 33.3156 -22.4788 38
      vertex 33.3156 -22.4788 2.5
    endloop
  endfacet
  facet normal -0.923777 0.38293 0
    outer loop
      vertex 33.3156 -22.4788 38
      vertex 33.2688 -22.5917 2.5
      vertex 33.2688 -22.5917 38
    endloop
  endfacet
  facet normal 0.953793 0.300465 0
    outer loop
      vertex 30.6844 -22.4788 38
      vertex 30.6477 -22.3623 2.5
      vertex 30.6477 -22.3623 38
    endloop
  endfacet
  facet normal 0.953793 0.300465 0
    outer loop
      vertex 30.6477 -22.3623 2.5
      vertex 30.6844 -22.4788 38
      vertex 30.6844 -22.4788 2.5
    endloop
  endfacet
  facet normal -0.461894 0.886935 0
    outer loop
      vertex 32.7 -23.2124 2.5
      vertex 32.5917 -23.2688 38
      vertex 32.7 -23.2124 38
    endloop
  endfacet
  facet normal -0.461894 0.886935 0
    outer loop
      vertex 32.5917 -23.2688 38
      vertex 32.7 -23.2124 2.5
      vertex 32.5917 -23.2688 2.5
    endloop
  endfacet
  facet normal 0.608483 0.793567 -0
    outer loop
      vertex 31.197 -23.1468 2.5
      vertex 31.1001 -23.0725 38
      vertex 31.197 -23.1468 38
    endloop
  endfacet
  facet normal 0.608483 0.793567 0
    outer loop
      vertex 31.1001 -23.0725 38
      vertex 31.197 -23.1468 2.5
      vertex 31.1001 -23.0725 2.5
    endloop
  endfacet
  facet normal 0.976341 -0.216237 0
    outer loop
      vertex 30.6213 -21.7569 38
      vertex 30.6477 -21.6377 2.5
      vertex 30.6477 -21.6377 38
    endloop
  endfacet
  facet normal 0.976341 -0.216237 0
    outer loop
      vertex 30.6477 -21.6377 2.5
      vertex 30.6213 -21.7569 38
      vertex 30.6213 -21.7569 2.5
    endloop
  endfacet
  facet normal -0.0434017 -0.999058 0
    outer loop
      vertex 32 -20.6 2.5
      vertex 32.122 -20.6053 38
      vertex 32 -20.6 38
    endloop
  endfacet
  facet normal -0.0434017 -0.999058 -0
    outer loop
      vertex 32.122 -20.6053 38
      vertex 32 -20.6 2.5
      vertex 32.122 -20.6053 2.5
    endloop
  endfacet
  facet normal 0.461894 0.886935 -0
    outer loop
      vertex 31.4083 -23.2688 2.5
      vertex 31.3 -23.2124 38
      vertex 31.4083 -23.2688 38
    endloop
  endfacet
  facet normal 0.461894 0.886935 0
    outer loop
      vertex 31.3 -23.2124 38
      vertex 31.4083 -23.2688 2.5
      vertex 31.3 -23.2124 2.5
    endloop
  endfacet
  facet normal 0.130984 0.991384 -0
    outer loop
      vertex 31.878 -23.3947 2.5
      vertex 31.7569 -23.3787 38
      vertex 31.878 -23.3947 38
    endloop
  endfacet
  facet normal 0.130984 0.991384 0
    outer loop
      vertex 31.7569 -23.3787 38
      vertex 31.878 -23.3947 2.5
      vertex 31.7569 -23.3787 2.5
    endloop
  endfacet
  facet normal -0.676169 0.736746 0
    outer loop
      vertex 32.9899 -22.9899 2.5
      vertex 32.8999 -23.0725 38
      vertex 32.9899 -22.9899 38
    endloop
  endfacet
  facet normal -0.676169 0.736746 0
    outer loop
      vertex 32.8999 -23.0725 38
      vertex 32.9899 -22.9899 2.5
      vertex 32.8999 -23.0725 2.5
    endloop
  endfacet
  facet normal -0.608483 0.793567 0
    outer loop
      vertex 32.8999 -23.0725 2.5
      vertex 32.803 -23.1468 38
      vertex 32.8999 -23.0725 38
    endloop
  endfacet
  facet normal -0.608483 0.793567 0
    outer loop
      vertex 32.803 -23.1468 38
      vertex 32.8999 -23.0725 2.5
      vertex 32.803 -23.1468 2.5
    endloop
  endfacet
  facet normal -0.216237 -0.976341 0
    outer loop
      vertex 32.2431 -20.6213 2.5
      vertex 32.3623 -20.6477 38
      vertex 32.2431 -20.6213 38
    endloop
  endfacet
  facet normal -0.216237 -0.976341 -0
    outer loop
      vertex 32.3623 -20.6477 38
      vertex 32.2431 -20.6213 2.5
      vertex 32.3623 -20.6477 2.5
    endloop
  endfacet
  facet normal 0.991384 -0.130984 0
    outer loop
      vertex 30.6053 -21.878 38
      vertex 30.6213 -21.7569 2.5
      vertex 30.6213 -21.7569 38
    endloop
  endfacet
  facet normal 0.991384 -0.130984 0
    outer loop
      vertex 30.6213 -21.7569 2.5
      vertex 30.6053 -21.878 38
      vertex 30.6053 -21.878 2.5
    endloop
  endfacet
  facet normal 0.999058 -0.0434017 0
    outer loop
      vertex 30.6 -22 38
      vertex 30.6053 -21.878 2.5
      vertex 30.6053 -21.878 38
    endloop
  endfacet
  facet normal 0.999058 -0.0434017 0
    outer loop
      vertex 30.6053 -21.878 2.5
      vertex 30.6 -22 38
      vertex 30.6 -22 2.5
    endloop
  endfacet
  facet normal 0.608483 -0.793567 0
    outer loop
      vertex 31.1001 -20.9275 2.5
      vertex 31.197 -20.8532 38
      vertex 31.1001 -20.9275 38
    endloop
  endfacet
  facet normal 0.608483 -0.793567 0
    outer loop
      vertex 31.197 -20.8532 38
      vertex 31.1001 -20.9275 2.5
      vertex 31.197 -20.8532 2.5
    endloop
  endfacet
  facet normal 0.676169 0.736746 -0
    outer loop
      vertex 31.1001 -23.0725 2.5
      vertex 31.0101 -22.9899 38
      vertex 31.1001 -23.0725 38
    endloop
  endfacet
  facet normal 0.676169 0.736746 0
    outer loop
      vertex 31.0101 -22.9899 38
      vertex 31.1001 -23.0725 2.5
      vertex 31.0101 -22.9899 2.5
    endloop
  endfacet
  facet normal 0.38293 0.923777 -0
    outer loop
      vertex 31.5212 -23.3156 2.5
      vertex 31.4083 -23.2688 38
      vertex 31.5212 -23.3156 38
    endloop
  endfacet
  facet normal 0.38293 0.923777 0
    outer loop
      vertex 31.4083 -23.2688 38
      vertex 31.5212 -23.3156 2.5
      vertex 31.4083 -23.2688 2.5
    endloop
  endfacet
  facet normal 0.537193 0.843459 -0
    outer loop
      vertex 31.3 -23.2124 2.5
      vertex 31.197 -23.1468 38
      vertex 31.3 -23.2124 38
    endloop
  endfacet
  facet normal 0.537193 0.843459 0
    outer loop
      vertex 31.197 -23.1468 38
      vertex 31.3 -23.2124 2.5
      vertex 31.197 -23.1468 2.5
    endloop
  endfacet
  facet normal 0.923777 0.38293 0
    outer loop
      vertex 30.7312 -22.5917 38
      vertex 30.6844 -22.4788 2.5
      vertex 30.6844 -22.4788 38
    endloop
  endfacet
  facet normal 0.923777 0.38293 0
    outer loop
      vertex 30.6844 -22.4788 2.5
      vertex 30.7312 -22.5917 38
      vertex 30.7312 -22.5917 2.5
    endloop
  endfacet
  facet normal -0.999051 0.0435652 0
    outer loop
      vertex 28.5 22 2.5
      vertex 28.5133 22.305 38
      vertex 28.5133 22.305 2.5
    endloop
  endfacet
  facet normal -0.999051 0.0435652 0
    outer loop
      vertex 28.5133 22.305 38
      vertex 28.5 22 2.5
      vertex 28.5 22 38
    endloop
  endfacet
  facet normal 0.608507 -0.793548 0
    outer loop
      vertex 34.0075 19.133 2.5
      vertex 34.2498 19.3188 38
      vertex 34.0075 19.133 38
    endloop
  endfacet
  facet normal 0.608507 -0.793548 0
    outer loop
      vertex 34.2498 19.3188 38
      vertex 34.0075 19.133 2.5
      vertex 34.2498 19.3188 2.5
    endloop
  endfacet
  facet normal -0.21648 -0.976287 0
    outer loop
      vertex 31.0941 18.6193 2.5
      vertex 31.3922 18.5532 38
      vertex 31.0941 18.6193 38
    endloop
  endfacet
  facet normal -0.21648 -0.976287 -0
    outer loop
      vertex 31.3922 18.5532 38
      vertex 31.0941 18.6193 2.5
      vertex 31.3922 18.5532 2.5
    endloop
  endfacet
  facet normal 0.737222 0.67565 0
    outer loop
      vertex 34.6812 24.2498 38
      vertex 34.4749 24.4749 2.5
      vertex 34.4749 24.4749 38
    endloop
  endfacet
  facet normal 0.737222 0.67565 0
    outer loop
      vertex 34.4749 24.4749 2.5
      vertex 34.6812 24.2498 38
      vertex 34.6812 24.2498 2.5
    endloop
  endfacet
  facet normal 0.382545 -0.923937 0
    outer loop
      vertex 33.1971 18.7111 2.5
      vertex 33.4792 18.8279 38
      vertex 33.1971 18.7111 38
    endloop
  endfacet
  facet normal 0.382545 -0.923937 0
    outer loop
      vertex 33.4792 18.8279 38
      vertex 33.1971 18.7111 2.5
      vertex 33.4792 18.8279 2.5
    endloop
  endfacet
  facet normal -0.953731 -0.300661 0
    outer loop
      vertex 28.7111 20.8029 2.5
      vertex 28.6193 21.0941 38
      vertex 28.6193 21.0941 2.5
    endloop
  endfacet
  facet normal -0.953731 -0.300661 0
    outer loop
      vertex 28.6193 21.0941 38
      vertex 28.7111 20.8029 2.5
      vertex 28.7111 20.8029 38
    endloop
  endfacet
  facet normal -0.737222 -0.67565 0
    outer loop
      vertex 29.5251 19.5251 2.5
      vertex 29.3188 19.7502 38
      vertex 29.3188 19.7502 2.5
    endloop
  endfacet
  facet normal -0.737222 -0.67565 0
    outer loop
      vertex 29.3188 19.7502 38
      vertex 29.5251 19.5251 2.5
      vertex 29.5251 19.5251 38
    endloop
  endfacet
  facet normal 0.67565 -0.737222 0
    outer loop
      vertex 34.2498 19.3188 2.5
      vertex 34.4749 19.5251 38
      vertex 34.2498 19.3188 38
    endloop
  endfacet
  facet normal 0.67565 -0.737222 0
    outer loop
      vertex 34.4749 19.5251 38
      vertex 34.2498 19.3188 2.5
      vertex 34.4749 19.5251 2.5
    endloop
  endfacet
  facet normal -0.953731 0.300661 0
    outer loop
      vertex 28.6193 22.9059 2.5
      vertex 28.7111 23.1971 38
      vertex 28.7111 23.1971 2.5
    endloop
  endfacet
  facet normal -0.953731 0.300661 0
    outer loop
      vertex 28.7111 23.1971 38
      vertex 28.6193 22.9059 2.5
      vertex 28.6193 22.9059 38
    endloop
  endfacet
  facet normal 0.537424 0.843312 -0
    outer loop
      vertex 34.0075 24.867 2.5
      vertex 33.7988 25 38
      vertex 34.0075 24.867 38
    endloop
  endfacet
  facet normal 0.537424 0.843312 0
    outer loop
      vertex 33.7988 25 38
      vertex 34.0075 24.867 2.5
      vertex 33.7988 25 2.5
    endloop
  endfacet
  facet normal -0.88697 0.461827 0
    outer loop
      vertex 28.8279 23.4792 2.5
      vertex 28.9689 23.75 38
      vertex 28.9689 23.75 2.5
    endloop
  endfacet
  facet normal -0.88697 0.461827 0
    outer loop
      vertex 28.9689 23.75 38
      vertex 28.8279 23.4792 2.5
      vertex 28.8279 23.4792 38
    endloop
  endfacet
  facet normal -0.923937 -0.382545 0
    outer loop
      vertex 28.8279 20.5208 2.5
      vertex 28.7111 20.8029 38
      vertex 28.7111 20.8029 2.5
    endloop
  endfacet
  facet normal -0.923937 -0.382545 0
    outer loop
      vertex 28.7111 20.8029 38
      vertex 28.8279 20.5208 2.5
      vertex 28.8279 20.5208 38
    endloop
  endfacet
  facet normal -0.976287 -0.21648 0
    outer loop
      vertex 28.6193 21.0941 2.5
      vertex 28.5532 21.3922 38
      vertex 28.5532 21.3922 2.5
    endloop
  endfacet
  facet normal -0.976287 -0.21648 0
    outer loop
      vertex 28.5532 21.3922 38
      vertex 28.6193 21.0941 2.5
      vertex 28.6193 21.0941 38
    endloop
  endfacet
  facet normal -0.99143 -0.130641 0
    outer loop
      vertex 28.5532 21.3922 2.5
      vertex 28.5133 21.695 38
      vertex 28.5133 21.695 2.5
    endloop
  endfacet
  facet normal -0.99143 -0.130641 0
    outer loop
      vertex 28.5133 21.695 38
      vertex 28.5532 21.3922 2.5
      vertex 28.5532 21.3922 38
    endloop
  endfacet
  facet normal 0.0435652 -0.999051 0
    outer loop
      vertex 32 18.5 2.5
      vertex 32.305 18.5133 38
      vertex 32 18.5 38
    endloop
  endfacet
  facet normal 0.0435652 -0.999051 0
    outer loop
      vertex 32.305 18.5133 38
      vertex 32 18.5 2.5
      vertex 32.305 18.5133 2.5
    endloop
  endfacet
  facet normal 0.21648 -0.976287 0
    outer loop
      vertex 32.6078 18.5532 2.5
      vertex 32.9059 18.6193 38
      vertex 32.6078 18.5532 38
    endloop
  endfacet
  facet normal 0.21648 -0.976287 0
    outer loop
      vertex 32.9059 18.6193 38
      vertex 32.6078 18.5532 2.5
      vertex 32.9059 18.6193 2.5
    endloop
  endfacet
  facet normal 0.67565 0.737222 -0
    outer loop
      vertex 34.4749 24.4749 2.5
      vertex 34.2498 24.6812 38
      vertex 34.4749 24.4749 38
    endloop
  endfacet
  facet normal 0.67565 0.737222 0
    outer loop
      vertex 34.2498 24.6812 38
      vertex 34.4749 24.4749 2.5
      vertex 34.2498 24.6812 2.5
    endloop
  endfacet
  facet normal 0.843312 -0.537424 0
    outer loop
      vertex 34.867 19.9925 38
      vertex 35 20.2012 2.5
      vertex 35 20.2012 38
    endloop
  endfacet
  facet normal 0.843312 -0.537424 0
    outer loop
      vertex 35 20.2012 2.5
      vertex 34.867 19.9925 38
      vertex 34.867 19.9925 2.5
    endloop
  endfacet
  facet normal 0.537426 -0.843311 0
    outer loop
      vertex 33.75 18.9689 2.5
      vertex 34.0075 19.133 38
      vertex 33.75 18.9689 38
    endloop
  endfacet
  facet normal 0.537426 -0.843311 0
    outer loop
      vertex 34.0075 19.133 38
      vertex 33.75 18.9689 2.5
      vertex 34.0075 19.133 2.5
    endloop
  endfacet
  facet normal -0.843311 -0.537426 0
    outer loop
      vertex 29.133 19.9925 2.5
      vertex 28.9689 20.25 38
      vertex 28.9689 20.25 2.5
    endloop
  endfacet
  facet normal -0.843311 -0.537426 0
    outer loop
      vertex 28.9689 20.25 38
      vertex 29.133 19.9925 2.5
      vertex 29.133 19.9925 38
    endloop
  endfacet
  facet normal -0.923937 0.382545 0
    outer loop
      vertex 28.7111 23.1971 2.5
      vertex 28.8279 23.4792 38
      vertex 28.8279 23.4792 2.5
    endloop
  endfacet
  facet normal -0.923937 0.382545 0
    outer loop
      vertex 28.8279 23.4792 38
      vertex 28.7111 23.1971 2.5
      vertex 28.7111 23.1971 38
    endloop
  endfacet
  facet normal -0.608507 -0.793548 0
    outer loop
      vertex 29.7502 19.3188 2.5
      vertex 29.9925 19.133 38
      vertex 29.7502 19.3188 38
    endloop
  endfacet
  facet normal -0.608507 -0.793548 -0
    outer loop
      vertex 29.9925 19.133 38
      vertex 29.7502 19.3188 2.5
      vertex 29.9925 19.133 2.5
    endloop
  endfacet
  facet normal -0.737222 0.67565 0
    outer loop
      vertex 29.3188 24.2498 2.5
      vertex 29.5251 24.4749 38
      vertex 29.5251 24.4749 2.5
    endloop
  endfacet
  facet normal -0.737222 0.67565 0
    outer loop
      vertex 29.5251 24.4749 38
      vertex 29.3188 24.2498 2.5
      vertex 29.3188 24.2498 38
    endloop
  endfacet
  facet normal 0.843312 0.537424 0
    outer loop
      vertex 35 23.7988 38
      vertex 34.867 24.0075 2.5
      vertex 34.867 24.0075 38
    endloop
  endfacet
  facet normal 0.843312 0.537424 0
    outer loop
      vertex 34.867 24.0075 2.5
      vertex 35 23.7988 38
      vertex 35 23.7988 2.5
    endloop
  endfacet
  facet normal -0.130641 -0.99143 0
    outer loop
      vertex 31.3922 18.5532 2.5
      vertex 31.695 18.5133 38
      vertex 31.3922 18.5532 38
    endloop
  endfacet
  facet normal -0.130641 -0.99143 -0
    outer loop
      vertex 31.695 18.5133 38
      vertex 31.3922 18.5532 2.5
      vertex 31.695 18.5133 2.5
    endloop
  endfacet
  facet normal -0.300661 -0.953731 0
    outer loop
      vertex 30.8029 18.7111 2.5
      vertex 31.0941 18.6193 38
      vertex 30.8029 18.7111 38
    endloop
  endfacet
  facet normal -0.300661 -0.953731 -0
    outer loop
      vertex 31.0941 18.6193 38
      vertex 30.8029 18.7111 2.5
      vertex 31.0941 18.6193 2.5
    endloop
  endfacet
  facet normal -0.537426 -0.843311 0
    outer loop
      vertex 29.9925 19.133 2.5
      vertex 30.25 18.9689 38
      vertex 29.9925 19.133 38
    endloop
  endfacet
  facet normal -0.537426 -0.843311 -0
    outer loop
      vertex 30.25 18.9689 38
      vertex 29.9925 19.133 2.5
      vertex 30.25 18.9689 2.5
    endloop
  endfacet
  facet normal -0.999051 -0.0435652 0
    outer loop
      vertex 28.5133 21.695 2.5
      vertex 28.5 22 38
      vertex 28.5 22 2.5
    endloop
  endfacet
  facet normal -0.999051 -0.0435652 0
    outer loop
      vertex 28.5 22 38
      vertex 28.5133 21.695 2.5
      vertex 28.5133 21.695 38
    endloop
  endfacet
  facet normal 0.793548 -0.608507 0
    outer loop
      vertex 34.6812 19.7502 38
      vertex 34.867 19.9925 2.5
      vertex 34.867 19.9925 38
    endloop
  endfacet
  facet normal 0.793548 -0.608507 0
    outer loop
      vertex 34.867 19.9925 2.5
      vertex 34.6812 19.7502 38
      vertex 34.6812 19.7502 2.5
    endloop
  endfacet
  facet normal 0.793548 0.608507 0
    outer loop
      vertex 34.867 24.0075 38
      vertex 34.6812 24.2498 2.5
      vertex 34.6812 24.2498 38
    endloop
  endfacet
  facet normal 0.793548 0.608507 0
    outer loop
      vertex 34.6812 24.2498 2.5
      vertex 34.867 24.0075 38
      vertex 34.867 24.0075 2.5
    endloop
  endfacet
  facet normal -0.99143 0.130641 0
    outer loop
      vertex 28.5133 22.305 2.5
      vertex 28.5532 22.6078 38
      vertex 28.5532 22.6078 2.5
    endloop
  endfacet
  facet normal -0.99143 0.130641 0
    outer loop
      vertex 28.5532 22.6078 38
      vertex 28.5133 22.305 2.5
      vertex 28.5133 22.305 38
    endloop
  endfacet
  facet normal -0.793548 0.608507 0
    outer loop
      vertex 29.133 24.0075 2.5
      vertex 29.3188 24.2498 38
      vertex 29.3188 24.2498 2.5
    endloop
  endfacet
  facet normal -0.793548 0.608507 0
    outer loop
      vertex 29.3188 24.2498 38
      vertex 29.133 24.0075 2.5
      vertex 29.133 24.0075 38
    endloop
  endfacet
  facet normal 0.608507 0.793548 -0
    outer loop
      vertex 34.2498 24.6812 2.5
      vertex 34.0075 24.867 38
      vertex 34.2498 24.6812 38
    endloop
  endfacet
  facet normal 0.608507 0.793548 0
    outer loop
      vertex 34.0075 24.867 38
      vertex 34.2498 24.6812 2.5
      vertex 34.0075 24.867 2.5
    endloop
  endfacet
  facet normal -0.382545 -0.923937 0
    outer loop
      vertex 30.5208 18.8279 2.5
      vertex 30.8029 18.7111 38
      vertex 30.5208 18.8279 38
    endloop
  endfacet
  facet normal -0.382545 -0.923937 -0
    outer loop
      vertex 30.8029 18.7111 38
      vertex 30.5208 18.8279 2.5
      vertex 30.8029 18.7111 2.5
    endloop
  endfacet
  facet normal 0.737222 -0.67565 0
    outer loop
      vertex 34.4749 19.5251 38
      vertex 34.6812 19.7502 2.5
      vertex 34.6812 19.7502 38
    endloop
  endfacet
  facet normal 0.737222 -0.67565 0
    outer loop
      vertex 34.6812 19.7502 2.5
      vertex 34.4749 19.5251 38
      vertex 34.4749 19.5251 2.5
    endloop
  endfacet
  facet normal -0.608507 0.793548 0
    outer loop
      vertex 29.9925 24.867 2.5
      vertex 29.7502 24.6812 38
      vertex 29.9925 24.867 38
    endloop
  endfacet
  facet normal -0.608507 0.793548 0
    outer loop
      vertex 29.7502 24.6812 38
      vertex 29.9925 24.867 2.5
      vertex 29.7502 24.6812 2.5
    endloop
  endfacet
  facet normal -0.793548 -0.608507 0
    outer loop
      vertex 29.3188 19.7502 2.5
      vertex 29.133 19.9925 38
      vertex 29.133 19.9925 2.5
    endloop
  endfacet
  facet normal -0.793548 -0.608507 0
    outer loop
      vertex 29.133 19.9925 38
      vertex 29.3188 19.7502 2.5
      vertex 29.3188 19.7502 38
    endloop
  endfacet
  facet normal -0.67565 0.737222 0
    outer loop
      vertex 29.7502 24.6812 2.5
      vertex 29.5251 24.4749 38
      vertex 29.7502 24.6812 38
    endloop
  endfacet
  facet normal -0.67565 0.737222 0
    outer loop
      vertex 29.5251 24.4749 38
      vertex 29.7502 24.6812 2.5
      vertex 29.5251 24.4749 2.5
    endloop
  endfacet
  facet normal 0.461827 -0.88697 0
    outer loop
      vertex 33.4792 18.8279 2.5
      vertex 33.75 18.9689 38
      vertex 33.4792 18.8279 38
    endloop
  endfacet
  facet normal 0.461827 -0.88697 0
    outer loop
      vertex 33.75 18.9689 38
      vertex 33.4792 18.8279 2.5
      vertex 33.75 18.9689 2.5
    endloop
  endfacet
  facet normal -0.976287 0.21648 0
    outer loop
      vertex 28.5532 22.6078 2.5
      vertex 28.6193 22.9059 38
      vertex 28.6193 22.9059 2.5
    endloop
  endfacet
  facet normal -0.976287 0.21648 0
    outer loop
      vertex 28.6193 22.9059 38
      vertex 28.5532 22.6078 2.5
      vertex 28.5532 22.6078 38
    endloop
  endfacet
  facet normal -0.843311 0.537426 0
    outer loop
      vertex 28.9689 23.75 2.5
      vertex 29.133 24.0075 38
      vertex 29.133 24.0075 2.5
    endloop
  endfacet
  facet normal -0.843311 0.537426 0
    outer loop
      vertex 29.133 24.0075 38
      vertex 28.9689 23.75 2.5
      vertex 28.9689 23.75 38
    endloop
  endfacet
  facet normal -0.537424 0.843312 0
    outer loop
      vertex 30.2012 25 2.5
      vertex 29.9925 24.867 38
      vertex 30.2012 25 38
    endloop
  endfacet
  facet normal -0.537424 0.843312 0
    outer loop
      vertex 29.9925 24.867 38
      vertex 30.2012 25 2.5
      vertex 29.9925 24.867 2.5
    endloop
  endfacet
  facet normal 0.300661 -0.953731 0
    outer loop
      vertex 32.9059 18.6193 2.5
      vertex 33.1971 18.7111 38
      vertex 32.9059 18.6193 38
    endloop
  endfacet
  facet normal 0.300661 -0.953731 0
    outer loop
      vertex 33.1971 18.7111 38
      vertex 32.9059 18.6193 2.5
      vertex 33.1971 18.7111 2.5
    endloop
  endfacet
  facet normal 0.130641 -0.99143 0
    outer loop
      vertex 32.305 18.5133 2.5
      vertex 32.6078 18.5532 38
      vertex 32.305 18.5133 38
    endloop
  endfacet
  facet normal 0.130641 -0.99143 0
    outer loop
      vertex 32.6078 18.5532 38
      vertex 32.305 18.5133 2.5
      vertex 32.6078 18.5532 2.5
    endloop
  endfacet
  facet normal -0.88697 -0.461827 0
    outer loop
      vertex 28.9689 20.25 2.5
      vertex 28.8279 20.5208 38
      vertex 28.8279 20.5208 2.5
    endloop
  endfacet
  facet normal -0.88697 -0.461827 0
    outer loop
      vertex 28.8279 20.5208 38
      vertex 28.9689 20.25 2.5
      vertex 28.9689 20.25 38
    endloop
  endfacet
  facet normal -0.0435652 -0.999051 0
    outer loop
      vertex 31.695 18.5133 2.5
      vertex 32 18.5 38
      vertex 31.695 18.5133 38
    endloop
  endfacet
  facet normal -0.0435652 -0.999051 -0
    outer loop
      vertex 32 18.5 38
      vertex 31.695 18.5133 2.5
      vertex 32 18.5 2.5
    endloop
  endfacet
  facet normal -0.461827 -0.88697 0
    outer loop
      vertex 30.25 18.9689 2.5
      vertex 30.5208 18.8279 38
      vertex 30.25 18.9689 38
    endloop
  endfacet
  facet normal -0.461827 -0.88697 -0
    outer loop
      vertex 30.5208 18.8279 38
      vertex 30.25 18.9689 2.5
      vertex 30.5208 18.8279 2.5
    endloop
  endfacet
  facet normal -0.67565 -0.737222 0
    outer loop
      vertex 29.5251 19.5251 2.5
      vertex 29.7502 19.3188 38
      vertex 29.5251 19.5251 38
    endloop
  endfacet
  facet normal -0.67565 -0.737222 -0
    outer loop
      vertex 29.7502 19.3188 38
      vertex 29.5251 19.5251 2.5
      vertex 29.7502 19.3188 2.5
    endloop
  endfacet
  facet normal -0.991384 -0.130984 0
    outer loop
      vertex 33.3947 22.122 2.5
      vertex 33.3787 22.2431 38
      vertex 33.3787 22.2431 2.5
    endloop
  endfacet
  facet normal -0.991384 -0.130984 0
    outer loop
      vertex 33.3787 22.2431 38
      vertex 33.3947 22.122 2.5
      vertex 33.3947 22.122 38
    endloop
  endfacet
  facet normal -0.999058 -0.0434017 0
    outer loop
      vertex 33.4 22 2.5
      vertex 33.3947 22.122 38
      vertex 33.3947 22.122 2.5
    endloop
  endfacet
  facet normal -0.999058 -0.0434017 0
    outer loop
      vertex 33.3947 22.122 38
      vertex 33.4 22 2.5
      vertex 33.4 22 38
    endloop
  endfacet
  facet normal -0.976341 -0.216237 0
    outer loop
      vertex 33.3787 22.2431 2.5
      vertex 33.3523 22.3623 38
      vertex 33.3523 22.3623 2.5
    endloop
  endfacet
  facet normal -0.976341 -0.216237 0
    outer loop
      vertex 33.3523 22.3623 38
      vertex 33.3787 22.2431 2.5
      vertex 33.3787 22.2431 38
    endloop
  endfacet
  facet normal -0.999058 0.0434017 0
    outer loop
      vertex 33.3947 21.878 2.5
      vertex 33.4 22 38
      vertex 33.4 22 2.5
    endloop
  endfacet
  facet normal -0.999058 0.0434017 0
    outer loop
      vertex 33.4 22 38
      vertex 33.3947 21.878 2.5
      vertex 33.3947 21.878 38
    endloop
  endfacet
  facet normal 0.953793 -0.300465 0
    outer loop
      vertex 30.6477 22.3623 38
      vertex 30.6844 22.4788 2.5
      vertex 30.6844 22.4788 38
    endloop
  endfacet
  facet normal 0.953793 -0.300465 0
    outer loop
      vertex 30.6844 22.4788 2.5
      vertex 30.6477 22.3623 38
      vertex 30.6477 22.3623 2.5
    endloop
  endfacet
  facet normal 0.976341 0.216237 0
    outer loop
      vertex 30.6477 21.6377 38
      vertex 30.6213 21.7569 2.5
      vertex 30.6213 21.7569 38
    endloop
  endfacet
  facet normal 0.976341 0.216237 0
    outer loop
      vertex 30.6213 21.7569 2.5
      vertex 30.6477 21.6377 38
      vertex 30.6477 21.6377 2.5
    endloop
  endfacet
  facet normal 0.793567 -0.608483 0
    outer loop
      vertex 30.8532 22.803 38
      vertex 30.9275 22.8999 2.5
      vertex 30.9275 22.8999 38
    endloop
  endfacet
  facet normal 0.793567 -0.608483 0
    outer loop
      vertex 30.9275 22.8999 2.5
      vertex 30.8532 22.803 38
      vertex 30.8532 22.803 2.5
    endloop
  endfacet
  facet normal -0.736746 -0.676169 0
    outer loop
      vertex 33.0725 22.8999 2.5
      vertex 32.9899 22.9899 38
      vertex 32.9899 22.9899 2.5
    endloop
  endfacet
  facet normal -0.736746 -0.676169 0
    outer loop
      vertex 32.9899 22.9899 38
      vertex 33.0725 22.8999 2.5
      vertex 33.0725 22.8999 38
    endloop
  endfacet
  facet normal 0.923777 -0.38293 0
    outer loop
      vertex 30.6844 22.4788 38
      vertex 30.7312 22.5917 2.5
      vertex 30.7312 22.5917 38
    endloop
  endfacet
  facet normal 0.923777 -0.38293 0
    outer loop
      vertex 30.7312 22.5917 2.5
      vertex 30.6844 22.4788 38
      vertex 30.6844 22.4788 2.5
    endloop
  endfacet
  facet normal -0.537193 0.843459 0
    outer loop
      vertex 32.803 20.8532 2.5
      vertex 32.7 20.7876 38
      vertex 32.803 20.8532 38
    endloop
  endfacet
  facet normal -0.537193 0.843459 0
    outer loop
      vertex 32.7 20.7876 38
      vertex 32.803 20.8532 2.5
      vertex 32.7 20.7876 2.5
    endloop
  endfacet
  facet normal -0.676169 -0.736746 0
    outer loop
      vertex 32.8999 23.0725 2.5
      vertex 32.9899 22.9899 38
      vertex 32.8999 23.0725 38
    endloop
  endfacet
  facet normal -0.676169 -0.736746 -0
    outer loop
      vertex 32.9899 22.9899 38
      vertex 32.8999 23.0725 2.5
      vertex 32.9899 22.9899 2.5
    endloop
  endfacet
  facet normal -0.300465 0.953793 0
    outer loop
      vertex 32.4788 20.6844 2.5
      vertex 32.3623 20.6477 38
      vertex 32.4788 20.6844 38
    endloop
  endfacet
  facet normal -0.300465 0.953793 0
    outer loop
      vertex 32.3623 20.6477 38
      vertex 32.4788 20.6844 2.5
      vertex 32.3623 20.6477 2.5
    endloop
  endfacet
  facet normal -0.991384 0.130984 0
    outer loop
      vertex 33.3787 21.7569 2.5
      vertex 33.3947 21.878 38
      vertex 33.3947 21.878 2.5
    endloop
  endfacet
  facet normal -0.991384 0.130984 0
    outer loop
      vertex 33.3947 21.878 38
      vertex 33.3787 21.7569 2.5
      vertex 33.3787 21.7569 38
    endloop
  endfacet
  facet normal 0.300465 0.953793 -0
    outer loop
      vertex 31.6377 20.6477 2.5
      vertex 31.5212 20.6844 38
      vertex 31.6377 20.6477 38
    endloop
  endfacet
  facet normal 0.300465 0.953793 0
    outer loop
      vertex 31.5212 20.6844 38
      vertex 31.6377 20.6477 2.5
      vertex 31.5212 20.6844 2.5
    endloop
  endfacet
  facet normal 0.736746 -0.676169 0
    outer loop
      vertex 30.9275 22.8999 38
      vertex 31.0101 22.9899 2.5
      vertex 31.0101 22.9899 38
    endloop
  endfacet
  facet normal 0.736746 -0.676169 0
    outer loop
      vertex 31.0101 22.9899 2.5
      vertex 30.9275 22.8999 38
      vertex 30.9275 22.8999 2.5
    endloop
  endfacet
  facet normal -0.130984 -0.991384 0
    outer loop
      vertex 32.122 23.3947 2.5
      vertex 32.2431 23.3787 38
      vertex 32.122 23.3947 38
    endloop
  endfacet
  facet normal -0.130984 -0.991384 -0
    outer loop
      vertex 32.2431 23.3787 38
      vertex 32.122 23.3947 2.5
      vertex 32.2431 23.3787 2.5
    endloop
  endfacet
  facet normal -0.793567 0.608483 0
    outer loop
      vertex 33.0725 21.1001 2.5
      vertex 33.1468 21.197 38
      vertex 33.1468 21.197 2.5
    endloop
  endfacet
  facet normal -0.793567 0.608483 0
    outer loop
      vertex 33.1468 21.197 38
      vertex 33.0725 21.1001 2.5
      vertex 33.0725 21.1001 38
    endloop
  endfacet
  facet normal -0.953793 -0.300465 0
    outer loop
      vertex 33.3523 22.3623 2.5
      vertex 33.3156 22.4788 38
      vertex 33.3156 22.4788 2.5
    endloop
  endfacet
  facet normal -0.953793 -0.300465 0
    outer loop
      vertex 33.3156 22.4788 38
      vertex 33.3523 22.3623 2.5
      vertex 33.3523 22.3623 38
    endloop
  endfacet
  facet normal 0.843459 -0.537193 0
    outer loop
      vertex 30.7876 22.7 38
      vertex 30.8532 22.803 2.5
      vertex 30.8532 22.803 38
    endloop
  endfacet
  facet normal 0.843459 -0.537193 0
    outer loop
      vertex 30.8532 22.803 2.5
      vertex 30.7876 22.7 38
      vertex 30.7876 22.7 2.5
    endloop
  endfacet
  facet normal 0.216237 0.976341 -0
    outer loop
      vertex 31.7569 20.6213 2.5
      vertex 31.6377 20.6477 38
      vertex 31.7569 20.6213 38
    endloop
  endfacet
  facet normal 0.216237 0.976341 0
    outer loop
      vertex 31.6377 20.6477 38
      vertex 31.7569 20.6213 2.5
      vertex 31.6377 20.6477 2.5
    endloop
  endfacet
  facet normal -0.976341 0.216237 0
    outer loop
      vertex 33.3523 21.6377 2.5
      vertex 33.3787 21.7569 38
      vertex 33.3787 21.7569 2.5
    endloop
  endfacet
  facet normal -0.976341 0.216237 0
    outer loop
      vertex 33.3787 21.7569 38
      vertex 33.3523 21.6377 2.5
      vertex 33.3523 21.6377 38
    endloop
  endfacet
  facet normal 0.461894 -0.886935 0
    outer loop
      vertex 31.3 23.2124 2.5
      vertex 31.4083 23.2688 38
      vertex 31.3 23.2124 38
    endloop
  endfacet
  facet normal 0.461894 -0.886935 0
    outer loop
      vertex 31.4083 23.2688 38
      vertex 31.3 23.2124 2.5
      vertex 31.4083 23.2688 2.5
    endloop
  endfacet
  facet normal -0.923777 -0.38293 0
    outer loop
      vertex 33.3156 22.4788 2.5
      vertex 33.2688 22.5917 38
      vertex 33.2688 22.5917 2.5
    endloop
  endfacet
  facet normal -0.923777 -0.38293 0
    outer loop
      vertex 33.2688 22.5917 38
      vertex 33.3156 22.4788 2.5
      vertex 33.3156 22.4788 38
    endloop
  endfacet
  facet normal -0.38293 -0.923777 0
    outer loop
      vertex 32.4788 23.3156 2.5
      vertex 32.5917 23.2688 38
      vertex 32.4788 23.3156 38
    endloop
  endfacet
  facet normal -0.38293 -0.923777 -0
    outer loop
      vertex 32.5917 23.2688 38
      vertex 32.4788 23.3156 2.5
      vertex 32.5917 23.2688 2.5
    endloop
  endfacet
  facet normal 0.38293 -0.923777 0
    outer loop
      vertex 31.4083 23.2688 2.5
      vertex 31.5212 23.3156 38
      vertex 31.4083 23.2688 38
    endloop
  endfacet
  facet normal 0.38293 -0.923777 0
    outer loop
      vertex 31.5212 23.3156 38
      vertex 31.4083 23.2688 2.5
      vertex 31.5212 23.3156 2.5
    endloop
  endfacet
  facet normal -0.0434017 0.999058 0
    outer loop
      vertex 32.122 20.6053 2.5
      vertex 32 20.6 38
      vertex 32.122 20.6053 38
    endloop
  endfacet
  facet normal -0.0434017 0.999058 0
    outer loop
      vertex 32 20.6 38
      vertex 32.122 20.6053 2.5
      vertex 32 20.6 2.5
    endloop
  endfacet
  facet normal -0.38293 0.923777 0
    outer loop
      vertex 32.5917 20.7312 2.5
      vertex 32.4788 20.6844 38
      vertex 32.5917 20.7312 38
    endloop
  endfacet
  facet normal -0.38293 0.923777 0
    outer loop
      vertex 32.4788 20.6844 38
      vertex 32.5917 20.7312 2.5
      vertex 32.4788 20.6844 2.5
    endloop
  endfacet
  facet normal 0.886935 0.461894 0
    outer loop
      vertex 30.7876 21.3 38
      vertex 30.7312 21.4083 2.5
      vertex 30.7312 21.4083 38
    endloop
  endfacet
  facet normal 0.886935 0.461894 0
    outer loop
      vertex 30.7312 21.4083 2.5
      vertex 30.7876 21.3 38
      vertex 30.7876 21.3 2.5
    endloop
  endfacet
  facet normal 0.991384 0.130984 0
    outer loop
      vertex 30.6213 21.7569 38
      vertex 30.6053 21.878 2.5
      vertex 30.6053 21.878 38
    endloop
  endfacet
  facet normal 0.991384 0.130984 0
    outer loop
      vertex 30.6053 21.878 2.5
      vertex 30.6213 21.7569 38
      vertex 30.6213 21.7569 2.5
    endloop
  endfacet
  facet normal -0.130984 0.991384 0
    outer loop
      vertex 32.2431 20.6213 2.5
      vertex 32.122 20.6053 38
      vertex 32.2431 20.6213 38
    endloop
  endfacet
  facet normal -0.130984 0.991384 0
    outer loop
      vertex 32.122 20.6053 38
      vertex 32.2431 20.6213 2.5
      vertex 32.122 20.6053 2.5
    endloop
  endfacet
  facet normal 0.676169 -0.736746 0
    outer loop
      vertex 31.0101 22.9899 2.5
      vertex 31.1001 23.0725 38
      vertex 31.0101 22.9899 38
    endloop
  endfacet
  facet normal 0.676169 -0.736746 0
    outer loop
      vertex 31.1001 23.0725 38
      vertex 31.0101 22.9899 2.5
      vertex 31.1001 23.0725 2.5
    endloop
  endfacet
  facet normal -0.843459 0.537193 0
    outer loop
      vertex 33.1468 21.197 2.5
      vertex 33.2124 21.3 38
      vertex 33.2124 21.3 2.5
    endloop
  endfacet
  facet normal -0.843459 0.537193 0
    outer loop
      vertex 33.2124 21.3 38
      vertex 33.1468 21.197 2.5
      vertex 33.1468 21.197 38
    endloop
  endfacet
  facet normal -0.886935 0.461894 0
    outer loop
      vertex 33.2124 21.3 2.5
      vertex 33.2688 21.4083 38
      vertex 33.2688 21.4083 2.5
    endloop
  endfacet
  facet normal -0.886935 0.461894 0
    outer loop
      vertex 33.2688 21.4083 38
      vertex 33.2124 21.3 2.5
      vertex 33.2124 21.3 38
    endloop
  endfacet
  facet normal -0.793567 -0.608483 0
    outer loop
      vertex 33.1468 22.803 2.5
      vertex 33.0725 22.8999 38
      vertex 33.0725 22.8999 2.5
    endloop
  endfacet
  facet normal -0.793567 -0.608483 0
    outer loop
      vertex 33.0725 22.8999 38
      vertex 33.1468 22.803 2.5
      vertex 33.1468 22.803 38
    endloop
  endfacet
  facet normal -0.461894 -0.886935 0
    outer loop
      vertex 32.5917 23.2688 2.5
      vertex 32.7 23.2124 38
      vertex 32.5917 23.2688 38
    endloop
  endfacet
  facet normal -0.461894 -0.886935 -0
    outer loop
      vertex 32.7 23.2124 38
      vertex 32.5917 23.2688 2.5
      vertex 32.7 23.2124 2.5
    endloop
  endfacet
  facet normal -0.736746 0.676169 0
    outer loop
      vertex 32.9899 21.0101 2.5
      vertex 33.0725 21.1001 38
      vertex 33.0725 21.1001 2.5
    endloop
  endfacet
  facet normal -0.736746 0.676169 0
    outer loop
      vertex 33.0725 21.1001 38
      vertex 32.9899 21.0101 2.5
      vertex 32.9899 21.0101 38
    endloop
  endfacet
  facet normal -0.300465 -0.953793 0
    outer loop
      vertex 32.3623 23.3523 2.5
      vertex 32.4788 23.3156 38
      vertex 32.3623 23.3523 38
    endloop
  endfacet
  facet normal -0.300465 -0.953793 -0
    outer loop
      vertex 32.4788 23.3156 38
      vertex 32.3623 23.3523 2.5
      vertex 32.4788 23.3156 2.5
    endloop
  endfacet
  facet normal 0.886935 -0.461894 0
    outer loop
      vertex 30.7312 22.5917 38
      vertex 30.7876 22.7 2.5
      vertex 30.7876 22.7 38
    endloop
  endfacet
  facet normal 0.886935 -0.461894 0
    outer loop
      vertex 30.7876 22.7 2.5
      vertex 30.7312 22.5917 38
      vertex 30.7312 22.5917 2.5
    endloop
  endfacet
  facet normal -0.216237 0.976341 0
    outer loop
      vertex 32.3623 20.6477 2.5
      vertex 32.2431 20.6213 38
      vertex 32.3623 20.6477 38
    endloop
  endfacet
  facet normal -0.216237 0.976341 0
    outer loop
      vertex 32.2431 20.6213 38
      vertex 32.3623 20.6477 2.5
      vertex 32.2431 20.6213 2.5
    endloop
  endfacet
  facet normal 0.843459 0.537193 0
    outer loop
      vertex 30.8532 21.197 38
      vertex 30.7876 21.3 2.5
      vertex 30.7876 21.3 38
    endloop
  endfacet
  facet normal 0.843459 0.537193 0
    outer loop
      vertex 30.7876 21.3 2.5
      vertex 30.8532 21.197 38
      vertex 30.8532 21.197 2.5
    endloop
  endfacet
  facet normal 0.736746 0.676169 0
    outer loop
      vertex 31.0101 21.0101 38
      vertex 30.9275 21.1001 2.5
      vertex 30.9275 21.1001 38
    endloop
  endfacet
  facet normal 0.736746 0.676169 0
    outer loop
      vertex 30.9275 21.1001 2.5
      vertex 31.0101 21.0101 38
      vertex 31.0101 21.0101 2.5
    endloop
  endfacet
  facet normal -0.886935 -0.461894 0
    outer loop
      vertex 33.2688 22.5917 2.5
      vertex 33.2124 22.7 38
      vertex 33.2124 22.7 2.5
    endloop
  endfacet
  facet normal -0.886935 -0.461894 0
    outer loop
      vertex 33.2124 22.7 38
      vertex 33.2688 22.5917 2.5
      vertex 33.2688 22.5917 38
    endloop
  endfacet
  facet normal 0.0434017 0.999058 -0
    outer loop
      vertex 32 20.6 2.5
      vertex 31.878 20.6053 38
      vertex 32 20.6 38
    endloop
  endfacet
  facet normal 0.0434017 0.999058 0
    outer loop
      vertex 31.878 20.6053 38
      vertex 32 20.6 2.5
      vertex 31.878 20.6053 2.5
    endloop
  endfacet
  facet normal 0.537193 -0.843459 0
    outer loop
      vertex 31.197 23.1468 2.5
      vertex 31.3 23.2124 38
      vertex 31.197 23.1468 38
    endloop
  endfacet
  facet normal 0.537193 -0.843459 0
    outer loop
      vertex 31.3 23.2124 38
      vertex 31.197 23.1468 2.5
      vertex 31.3 23.2124 2.5
    endloop
  endfacet
  facet normal 0.793567 0.608483 0
    outer loop
      vertex 30.9275 21.1001 38
      vertex 30.8532 21.197 2.5
      vertex 30.8532 21.197 38
    endloop
  endfacet
  facet normal 0.793567 0.608483 0
    outer loop
      vertex 30.8532 21.197 2.5
      vertex 30.9275 21.1001 38
      vertex 30.9275 21.1001 2.5
    endloop
  endfacet
  facet normal -0.843459 -0.537193 0
    outer loop
      vertex 33.2124 22.7 2.5
      vertex 33.1468 22.803 38
      vertex 33.1468 22.803 2.5
    endloop
  endfacet
  facet normal -0.843459 -0.537193 0
    outer loop
      vertex 33.1468 22.803 38
      vertex 33.2124 22.7 2.5
      vertex 33.2124 22.7 38
    endloop
  endfacet
  facet normal 0.216237 -0.976341 0
    outer loop
      vertex 31.6377 23.3523 2.5
      vertex 31.7569 23.3787 38
      vertex 31.6377 23.3523 38
    endloop
  endfacet
  facet normal 0.216237 -0.976341 0
    outer loop
      vertex 31.7569 23.3787 38
      vertex 31.6377 23.3523 2.5
      vertex 31.7569 23.3787 2.5
    endloop
  endfacet
  facet normal 0.130984 -0.991384 0
    outer loop
      vertex 31.7569 23.3787 2.5
      vertex 31.878 23.3947 38
      vertex 31.7569 23.3787 38
    endloop
  endfacet
  facet normal 0.130984 -0.991384 0
    outer loop
      vertex 31.878 23.3947 38
      vertex 31.7569 23.3787 2.5
      vertex 31.878 23.3947 2.5
    endloop
  endfacet
  facet normal 0.300465 -0.953793 0
    outer loop
      vertex 31.5212 23.3156 2.5
      vertex 31.6377 23.3523 38
      vertex 31.5212 23.3156 38
    endloop
  endfacet
  facet normal 0.300465 -0.953793 0
    outer loop
      vertex 31.6377 23.3523 38
      vertex 31.5212 23.3156 2.5
      vertex 31.6377 23.3523 2.5
    endloop
  endfacet
  facet normal -0.537193 -0.843459 0
    outer loop
      vertex 32.7 23.2124 2.5
      vertex 32.803 23.1468 38
      vertex 32.7 23.2124 38
    endloop
  endfacet
  facet normal -0.537193 -0.843459 -0
    outer loop
      vertex 32.803 23.1468 38
      vertex 32.7 23.2124 2.5
      vertex 32.803 23.1468 2.5
    endloop
  endfacet
  facet normal 0.999058 0.0434017 0
    outer loop
      vertex 30.6053 21.878 38
      vertex 30.6 22 2.5
      vertex 30.6 22 38
    endloop
  endfacet
  facet normal 0.999058 0.0434017 0
    outer loop
      vertex 30.6 22 2.5
      vertex 30.6053 21.878 38
      vertex 30.6053 21.878 2.5
    endloop
  endfacet
  facet normal -0.608483 -0.793567 0
    outer loop
      vertex 32.803 23.1468 2.5
      vertex 32.8999 23.0725 38
      vertex 32.803 23.1468 38
    endloop
  endfacet
  facet normal -0.608483 -0.793567 -0
    outer loop
      vertex 32.8999 23.0725 38
      vertex 32.803 23.1468 2.5
      vertex 32.8999 23.0725 2.5
    endloop
  endfacet
  facet normal 0.0434017 -0.999058 0
    outer loop
      vertex 31.878 23.3947 2.5
      vertex 32 23.4 38
      vertex 31.878 23.3947 38
    endloop
  endfacet
  facet normal 0.0434017 -0.999058 0
    outer loop
      vertex 32 23.4 38
      vertex 31.878 23.3947 2.5
      vertex 32 23.4 2.5
    endloop
  endfacet
  facet normal -0.953793 0.300465 0
    outer loop
      vertex 33.3156 21.5212 2.5
      vertex 33.3523 21.6377 38
      vertex 33.3523 21.6377 2.5
    endloop
  endfacet
  facet normal -0.953793 0.300465 0
    outer loop
      vertex 33.3523 21.6377 38
      vertex 33.3156 21.5212 2.5
      vertex 33.3156 21.5212 38
    endloop
  endfacet
  facet normal -0.923777 0.38293 0
    outer loop
      vertex 33.2688 21.4083 2.5
      vertex 33.3156 21.5212 38
      vertex 33.3156 21.5212 2.5
    endloop
  endfacet
  facet normal -0.923777 0.38293 0
    outer loop
      vertex 33.3156 21.5212 38
      vertex 33.2688 21.4083 2.5
      vertex 33.2688 21.4083 38
    endloop
  endfacet
  facet normal 0.953793 0.300465 0
    outer loop
      vertex 30.6844 21.5212 38
      vertex 30.6477 21.6377 2.5
      vertex 30.6477 21.6377 38
    endloop
  endfacet
  facet normal 0.953793 0.300465 0
    outer loop
      vertex 30.6477 21.6377 2.5
      vertex 30.6844 21.5212 38
      vertex 30.6844 21.5212 2.5
    endloop
  endfacet
  facet normal -0.461894 0.886935 0
    outer loop
      vertex 32.7 20.7876 2.5
      vertex 32.5917 20.7312 38
      vertex 32.7 20.7876 38
    endloop
  endfacet
  facet normal -0.461894 0.886935 0
    outer loop
      vertex 32.5917 20.7312 38
      vertex 32.7 20.7876 2.5
      vertex 32.5917 20.7312 2.5
    endloop
  endfacet
  facet normal 0.608483 0.793567 -0
    outer loop
      vertex 31.197 20.8532 2.5
      vertex 31.1001 20.9275 38
      vertex 31.197 20.8532 38
    endloop
  endfacet
  facet normal 0.608483 0.793567 0
    outer loop
      vertex 31.1001 20.9275 38
      vertex 31.197 20.8532 2.5
      vertex 31.1001 20.9275 2.5
    endloop
  endfacet
  facet normal 0.976341 -0.216237 0
    outer loop
      vertex 30.6213 22.2431 38
      vertex 30.6477 22.3623 2.5
      vertex 30.6477 22.3623 38
    endloop
  endfacet
  facet normal 0.976341 -0.216237 0
    outer loop
      vertex 30.6477 22.3623 2.5
      vertex 30.6213 22.2431 38
      vertex 30.6213 22.2431 2.5
    endloop
  endfacet
  facet normal -0.0434017 -0.999058 0
    outer loop
      vertex 32 23.4 2.5
      vertex 32.122 23.3947 38
      vertex 32 23.4 38
    endloop
  endfacet
  facet normal -0.0434017 -0.999058 -0
    outer loop
      vertex 32.122 23.3947 38
      vertex 32 23.4 2.5
      vertex 32.122 23.3947 2.5
    endloop
  endfacet
  facet normal 0.461894 0.886935 -0
    outer loop
      vertex 31.4083 20.7312 2.5
      vertex 31.3 20.7876 38
      vertex 31.4083 20.7312 38
    endloop
  endfacet
  facet normal 0.461894 0.886935 0
    outer loop
      vertex 31.3 20.7876 38
      vertex 31.4083 20.7312 2.5
      vertex 31.3 20.7876 2.5
    endloop
  endfacet
  facet normal 0.130984 0.991384 -0
    outer loop
      vertex 31.878 20.6053 2.5
      vertex 31.7569 20.6213 38
      vertex 31.878 20.6053 38
    endloop
  endfacet
  facet normal 0.130984 0.991384 0
    outer loop
      vertex 31.7569 20.6213 38
      vertex 31.878 20.6053 2.5
      vertex 31.7569 20.6213 2.5
    endloop
  endfacet
  facet normal -0.676169 0.736746 0
    outer loop
      vertex 32.9899 21.0101 2.5
      vertex 32.8999 20.9275 38
      vertex 32.9899 21.0101 38
    endloop
  endfacet
  facet normal -0.676169 0.736746 0
    outer loop
      vertex 32.8999 20.9275 38
      vertex 32.9899 21.0101 2.5
      vertex 32.8999 20.9275 2.5
    endloop
  endfacet
  facet normal -0.608483 0.793567 0
    outer loop
      vertex 32.8999 20.9275 2.5
      vertex 32.803 20.8532 38
      vertex 32.8999 20.9275 38
    endloop
  endfacet
  facet normal -0.608483 0.793567 0
    outer loop
      vertex 32.803 20.8532 38
      vertex 32.8999 20.9275 2.5
      vertex 32.803 20.8532 2.5
    endloop
  endfacet
  facet normal -0.216237 -0.976341 0
    outer loop
      vertex 32.2431 23.3787 2.5
      vertex 32.3623 23.3523 38
      vertex 32.2431 23.3787 38
    endloop
  endfacet
  facet normal -0.216237 -0.976341 -0
    outer loop
      vertex 32.3623 23.3523 38
      vertex 32.2431 23.3787 2.5
      vertex 32.3623 23.3523 2.5
    endloop
  endfacet
  facet normal 0.991384 -0.130984 0
    outer loop
      vertex 30.6053 22.122 38
      vertex 30.6213 22.2431 2.5
      vertex 30.6213 22.2431 38
    endloop
  endfacet
  facet normal 0.991384 -0.130984 0
    outer loop
      vertex 30.6213 22.2431 2.5
      vertex 30.6053 22.122 38
      vertex 30.6053 22.122 2.5
    endloop
  endfacet
  facet normal 0.999058 -0.0434017 0
    outer loop
      vertex 30.6 22 38
      vertex 30.6053 22.122 2.5
      vertex 30.6053 22.122 38
    endloop
  endfacet
  facet normal 0.999058 -0.0434017 0
    outer loop
      vertex 30.6053 22.122 2.5
      vertex 30.6 22 38
      vertex 30.6 22 2.5
    endloop
  endfacet
  facet normal 0.608483 -0.793567 0
    outer loop
      vertex 31.1001 23.0725 2.5
      vertex 31.197 23.1468 38
      vertex 31.1001 23.0725 38
    endloop
  endfacet
  facet normal 0.608483 -0.793567 0
    outer loop
      vertex 31.197 23.1468 38
      vertex 31.1001 23.0725 2.5
      vertex 31.197 23.1468 2.5
    endloop
  endfacet
  facet normal 0.676169 0.736746 -0
    outer loop
      vertex 31.1001 20.9275 2.5
      vertex 31.0101 21.0101 38
      vertex 31.1001 20.9275 38
    endloop
  endfacet
  facet normal 0.676169 0.736746 0
    outer loop
      vertex 31.0101 21.0101 38
      vertex 31.1001 20.9275 2.5
      vertex 31.0101 21.0101 2.5
    endloop
  endfacet
  facet normal 0.38293 0.923777 -0
    outer loop
      vertex 31.5212 20.6844 2.5
      vertex 31.4083 20.7312 38
      vertex 31.5212 20.6844 38
    endloop
  endfacet
  facet normal 0.38293 0.923777 0
    outer loop
      vertex 31.4083 20.7312 38
      vertex 31.5212 20.6844 2.5
      vertex 31.4083 20.7312 2.5
    endloop
  endfacet
  facet normal 0.537193 0.843459 -0
    outer loop
      vertex 31.3 20.7876 2.5
      vertex 31.197 20.8532 38
      vertex 31.3 20.7876 38
    endloop
  endfacet
  facet normal 0.537193 0.843459 0
    outer loop
      vertex 31.197 20.8532 38
      vertex 31.3 20.7876 2.5
      vertex 31.197 20.8532 2.5
    endloop
  endfacet
  facet normal 0.923777 0.38293 0
    outer loop
      vertex 30.7312 21.4083 38
      vertex 30.6844 21.5212 2.5
      vertex 30.6844 21.5212 38
    endloop
  endfacet
  facet normal 0.923777 0.38293 0
    outer loop
      vertex 30.6844 21.5212 2.5
      vertex 30.7312 21.4083 38
      vertex 30.7312 21.4083 2.5
    endloop
  endfacet
  facet normal 0 -0.300742 0.953705
    outer loop
      vertex -37.5 -8.58567 8.29951
      vertex -35 -8.72295 8.25622
      vertex -35 -8.58567 8.29951
    endloop
  endfacet
  facet normal 0 -0.300742 0.953705
    outer loop
      vertex -35 -8.72295 8.25622
      vertex -37.5 -8.58567 8.29951
      vertex -37.5 -8.72295 8.25622
    endloop
  endfacet
  facet normal 0 0.976399 -0.215974
    outer loop
      vertex -35 -10.7749 10.1365
      vertex -37.5 -10.7438 10.2771
      vertex -35 -10.7438 10.2771
    endloop
  endfacet
  facet normal 0 0.976399 -0.215974
    outer loop
      vertex -37.5 -10.7438 10.2771
      vertex -35 -10.7749 10.1365
      vertex -37.5 -10.7749 10.1365
    endloop
  endfacet
  facet normal 0 -0.130607 -0.991434
    outer loop
      vertex -37.5 -9.00619 11.4937
      vertex -35 -8.86348 11.4749
      vertex -35 -9.00619 11.4937
    endloop
  endfacet
  facet normal -0 -0.130607 -0.991434
    outer loop
      vertex -35 -8.86348 11.4749
      vertex -37.5 -9.00619 11.4937
      vertex -37.5 -8.86348 11.4749
    endloop
  endfacet
  facet normal 0 -0.0437658 -0.999042
    outer loop
      vertex -37.5 -9.15 11.5
      vertex -35 -9.00619 11.4937
      vertex -35 -9.15 11.5
    endloop
  endfacet
  facet normal -0 -0.0437658 -0.999042
    outer loop
      vertex -35 -9.00619 11.4937
      vertex -37.5 -9.15 11.5
      vertex -37.5 -9.00619 11.4937
    endloop
  endfacet
  facet normal 0 -0.216077 -0.976376
    outer loop
      vertex -37.5 -8.86348 11.4749
      vertex -35 -8.72295 11.4438
      vertex -35 -8.86348 11.4749
    endloop
  endfacet
  facet normal -0 -0.216077 -0.976376
    outer loop
      vertex -35 -8.72295 11.4438
      vertex -37.5 -8.86348 11.4749
      vertex -37.5 -8.72295 11.4438
    endloop
  endfacet
  facet normal 0 -0.130539 0.991443
    outer loop
      vertex -37.5 -8.86348 8.22507
      vertex -35 -9.00619 8.20628
      vertex -35 -8.86348 8.22507
    endloop
  endfacet
  facet normal 0 -0.130539 0.991443
    outer loop
      vertex -35 -9.00619 8.20628
      vertex -37.5 -8.86348 8.22507
      vertex -37.5 -9.00619 8.20628
    endloop
  endfacet
  facet normal 0 -0.843392 -0.537298
    outer loop
      vertex -37.5 -7.72106 10.675
      vertex -35 -7.7984 10.7964
      vertex -37.5 -7.7984 10.7964
    endloop
  endfacet
  facet normal 0 -0.843392 -0.537298
    outer loop
      vertex -35 -7.7984 10.7964
      vertex -37.5 -7.72106 10.675
      vertex -35 -7.72106 10.675
    endloop
  endfacet
  facet normal -0 0.0436272 0.999048
    outer loop
      vertex -37.5 -9.15 8.2
      vertex -35 -9.29381 8.20628
      vertex -35 -9.15 8.2
    endloop
  endfacet
  facet normal 0 0.0436272 0.999048
    outer loop
      vertex -35 -9.29381 8.20628
      vertex -37.5 -9.15 8.2
      vertex -37.5 -9.29381 8.20628
    endloop
  endfacet
  facet normal 0 0.73701 -0.675882
    outer loop
      vertex -35 -10.414 10.9106
      vertex -37.5 -10.3167 11.0167
      vertex -35 -10.3167 11.0167
    endloop
  endfacet
  facet normal 0 0.73701 -0.675882
    outer loop
      vertex -37.5 -10.3167 11.0167
      vertex -35 -10.414 10.9106
      vertex -37.5 -10.414 10.9106
    endloop
  endfacet
  facet normal 0 -0.976303 0.216408
    outer loop
      vertex -37.5 -7.55622 9.42295
      vertex -35 -7.52507 9.56348
      vertex -37.5 -7.52507 9.56348
    endloop
  endfacet
  facet normal 0 -0.976303 0.216408
    outer loop
      vertex -35 -7.52507 9.56348
      vertex -37.5 -7.55622 9.42295
      vertex -35 -7.55622 9.42295
    endloop
  endfacet
  facet normal 0 -0.675552 0.737313
    outer loop
      vertex -37.5 -7.98327 8.68327
      vertex -35 -8.0894 8.58603
      vertex -35 -7.98327 8.68327
    endloop
  endfacet
  facet normal 0 -0.675552 0.737313
    outer loop
      vertex -35 -8.0894 8.58603
      vertex -37.5 -7.98327 8.68327
      vertex -37.5 -8.0894 8.58603
    endloop
  endfacet
  facet normal 0 0.953686 0.300806
    outer loop
      vertex -35 -10.7005 9.28567
      vertex -37.5 -10.7438 9.42295
      vertex -35 -10.7438 9.42295
    endloop
  endfacet
  facet normal 0 0.953686 0.300806
    outer loop
      vertex -37.5 -10.7438 9.42295
      vertex -35 -10.7005 9.28567
      vertex -37.5 -10.7005 9.28567
    endloop
  endfacet
  facet normal 0 -0.608636 -0.79345
    outer loop
      vertex -37.5 -8.2036 11.2016
      vertex -35 -8.0894 11.114
      vertex -35 -8.2036 11.2016
    endloop
  endfacet
  facet normal -0 -0.608636 -0.79345
    outer loop
      vertex -35 -8.0894 11.114
      vertex -37.5 -8.2036 11.2016
      vertex -37.5 -8.0894 11.114
    endloop
  endfacet
  facet normal 0 0.923846 0.382765
    outer loop
      vertex -35 -10.6454 9.15268
      vertex -37.5 -10.7005 9.28567
      vertex -35 -10.7005 9.28567
    endloop
  endfacet
  facet normal 0 0.923846 0.382765
    outer loop
      vertex -37.5 -10.7005 9.28567
      vertex -35 -10.6454 9.15268
      vertex -37.5 -10.6454 9.15268
    endloop
  endfacet
  facet normal 0 0.300806 -0.953686
    outer loop
      vertex -37.5 -9.71433 11.4005
      vertex -35 -9.57705 11.4438
      vertex -35 -9.71433 11.4005
    endloop
  endfacet
  facet normal 0 0.300806 -0.953686
    outer loop
      vertex -35 -9.57705 11.4438
      vertex -37.5 -9.71433 11.4005
      vertex -37.5 -9.57705 11.4438
    endloop
  endfacet
  facet normal 0 -0.999048 0.0436272
    outer loop
      vertex -37.5 -7.50628 9.70619
      vertex -35 -7.5 9.85
      vertex -37.5 -7.5 9.85
    endloop
  endfacet
  facet normal 0 -0.999048 0.0436272
    outer loop
      vertex -35 -7.5 9.85
      vertex -37.5 -7.50628 9.70619
      vertex -35 -7.50628 9.70619
    endloop
  endfacet
  facet normal 0 -0.5371 -0.843518
    outer loop
      vertex -37.5 -8.325 11.2789
      vertex -35 -8.2036 11.2016
      vertex -35 -8.325 11.2789
    endloop
  endfacet
  facet normal -0 -0.5371 -0.843518
    outer loop
      vertex -35 -8.2036 11.2016
      vertex -37.5 -8.325 11.2789
      vertex -37.5 -8.2036 11.2016
    endloop
  endfacet
  facet normal 0 0.216077 -0.976376
    outer loop
      vertex -37.5 -9.57705 11.4438
      vertex -35 -9.43652 11.4749
      vertex -35 -9.57705 11.4438
    endloop
  endfacet
  facet normal 0 0.216077 -0.976376
    outer loop
      vertex -35 -9.43652 11.4749
      vertex -37.5 -9.57705 11.4438
      vertex -37.5 -9.43652 11.4749
    endloop
  endfacet
  facet normal 0 0.79345 0.608636
    outer loop
      vertex -35 -10.414 8.7894
      vertex -37.5 -10.5016 8.9036
      vertex -35 -10.5016 8.9036
    endloop
  endfacet
  facet normal 0 0.79345 0.608636
    outer loop
      vertex -37.5 -10.5016 8.9036
      vertex -35 -10.414 8.7894
      vertex -37.5 -10.414 8.7894
    endloop
  endfacet
  facet normal 0 -0.737218 -0.675655
    outer loop
      vertex -37.5 -7.88603 10.9106
      vertex -35 -7.98327 11.0167
      vertex -37.5 -7.98327 11.0167
    endloop
  endfacet
  facet normal 0 -0.737218 -0.675655
    outer loop
      vertex -35 -7.98327 11.0167
      vertex -37.5 -7.88603 10.9106
      vertex -35 -7.88603 10.9106
    endloop
  endfacet
  facet normal 0 -0.999048 -0.0436272
    outer loop
      vertex -37.5 -7.5 9.85
      vertex -35 -7.50628 9.99381
      vertex -37.5 -7.50628 9.99381
    endloop
  endfacet
  facet normal 0 -0.999048 -0.0436272
    outer loop
      vertex -35 -7.50628 9.99381
      vertex -37.5 -7.5 9.85
      vertex -35 -7.5 9.85
    endloop
  endfacet
  facet normal 0 -0.923895 0.382646
    outer loop
      vertex -37.5 -7.65459 9.15268
      vertex -35 -7.59951 9.28567
      vertex -37.5 -7.59951 9.28567
    endloop
  endfacet
  facet normal 0 -0.923895 0.382646
    outer loop
      vertex -35 -7.59951 9.28567
      vertex -37.5 -7.65459 9.15268
      vertex -35 -7.65459 9.15268
    endloop
  endfacet
  facet normal 0 0.991432 -0.130625
    outer loop
      vertex -35 -10.7937 9.99381
      vertex -37.5 -10.7749 10.1365
      vertex -35 -10.7749 10.1365
    endloop
  endfacet
  facet normal 0 0.991432 -0.130625
    outer loop
      vertex -37.5 -10.7749 10.1365
      vertex -35 -10.7937 9.99381
      vertex -37.5 -10.7937 9.99381
    endloop
  endfacet
  facet normal 0 -0.976326 -0.216305
    outer loop
      vertex -37.5 -7.52507 10.1365
      vertex -35 -7.55622 10.2771
      vertex -37.5 -7.55622 10.2771
    endloop
  endfacet
  facet normal 0 -0.976326 -0.216305
    outer loop
      vertex -35 -7.55622 10.2771
      vertex -37.5 -7.52507 10.1365
      vertex -35 -7.52507 10.1365
    endloop
  endfacet
  facet normal 0 -0.953655 -0.300902
    outer loop
      vertex -37.5 -7.55622 10.2771
      vertex -35 -7.59951 10.4143
      vertex -37.5 -7.59951 10.4143
    endloop
  endfacet
  facet normal 0 -0.953655 -0.300902
    outer loop
      vertex -35 -7.59951 10.4143
      vertex -37.5 -7.55622 10.2771
      vertex -35 -7.55622 10.2771
    endloop
  endfacet
  facet normal -0 0.300742 0.953705
    outer loop
      vertex -37.5 -9.57705 8.25622
      vertex -35 -9.71433 8.29951
      vertex -35 -9.57705 8.25622
    endloop
  endfacet
  facet normal 0 0.300742 0.953705
    outer loop
      vertex -35 -9.71433 8.29951
      vertex -37.5 -9.57705 8.25622
      vertex -37.5 -9.71433 8.29951
    endloop
  endfacet
  facet normal 0 -0.675778 -0.737105
    outer loop
      vertex -37.5 -8.0894 11.114
      vertex -35 -7.98327 11.0167
      vertex -35 -8.0894 11.114
    endloop
  endfacet
  facet normal -0 -0.675778 -0.737105
    outer loop
      vertex -35 -7.98327 11.0167
      vertex -37.5 -8.0894 11.114
      vertex -37.5 -7.98327 11.0167
    endloop
  endfacet
  facet normal 0 0.608636 -0.79345
    outer loop
      vertex -37.5 -10.2106 11.114
      vertex -35 -10.0964 11.2016
      vertex -35 -10.2106 11.114
    endloop
  endfacet
  facet normal 0 0.608636 -0.79345
    outer loop
      vertex -35 -10.0964 11.2016
      vertex -37.5 -10.2106 11.114
      vertex -37.5 -10.0964 11.2016
    endloop
  endfacet
  facet normal 0 -0.793349 0.608767
    outer loop
      vertex -37.5 -7.88603 8.7894
      vertex -35 -7.7984 8.9036
      vertex -37.5 -7.7984 8.9036
    endloop
  endfacet
  facet normal 0 -0.793349 0.608767
    outer loop
      vertex -35 -7.7984 8.9036
      vertex -37.5 -7.88603 8.7894
      vertex -35 -7.88603 8.7894
    endloop
  endfacet
  facet normal 0 -0.0436272 0.999048
    outer loop
      vertex -37.5 -9.00619 8.20628
      vertex -35 -9.15 8.2
      vertex -35 -9.00619 8.20628
    endloop
  endfacet
  facet normal 0 -0.0436272 0.999048
    outer loop
      vertex -35 -9.15 8.2
      vertex -37.5 -9.00619 8.20628
      vertex -37.5 -9.15 8.2
    endloop
  endfacet
  facet normal 0 -0.953705 0.300742
    outer loop
      vertex -37.5 -7.59951 9.28567
      vertex -35 -7.55622 9.42295
      vertex -37.5 -7.55622 9.42295
    endloop
  endfacet
  facet normal 0 -0.953705 0.300742
    outer loop
      vertex -35 -7.55622 9.42295
      vertex -37.5 -7.59951 9.28567
      vertex -35 -7.59951 9.28567
    endloop
  endfacet
  facet normal 0 0.843518 -0.5371
    outer loop
      vertex -35 -10.5789 10.675
      vertex -37.5 -10.5016 10.7964
      vertex -35 -10.5016 10.7964
    endloop
  endfacet
  facet normal 0 0.843518 -0.5371
    outer loop
      vertex -37.5 -10.5016 10.7964
      vertex -35 -10.5789 10.675
      vertex -37.5 -10.5789 10.675
    endloop
  endfacet
  facet normal 0 0.461934 -0.886914
    outer loop
      vertex -37.5 -9.975 11.2789
      vertex -35 -9.84732 11.3454
      vertex -35 -9.975 11.2789
    endloop
  endfacet
  facet normal 0 0.461934 -0.886914
    outer loop
      vertex -35 -9.84732 11.3454
      vertex -37.5 -9.975 11.2789
      vertex -37.5 -9.84732 11.3454
    endloop
  endfacet
  facet normal 0 0.999042 -0.0437658
    outer loop
      vertex -35 -10.8 9.85
      vertex -37.5 -10.7937 9.99381
      vertex -35 -10.7937 9.99381
    endloop
  endfacet
  facet normal 0 0.999042 -0.0437658
    outer loop
      vertex -37.5 -10.7937 9.99381
      vertex -35 -10.8 9.85
      vertex -37.5 -10.8 9.85
    endloop
  endfacet
  facet normal 0 0.886944 -0.461878
    outer loop
      vertex -35 -10.6454 10.5473
      vertex -37.5 -10.5789 10.675
      vertex -35 -10.5789 10.675
    endloop
  endfacet
  facet normal 0 0.886944 -0.461878
    outer loop
      vertex -37.5 -10.5789 10.675
      vertex -35 -10.6454 10.5473
      vertex -37.5 -10.6454 10.5473
    endloop
  endfacet
  facet normal 0 -0.216408 0.976303
    outer loop
      vertex -37.5 -8.72295 8.25622
      vertex -35 -8.86348 8.22507
      vertex -35 -8.72295 8.25622
    endloop
  endfacet
  facet normal 0 -0.216408 0.976303
    outer loop
      vertex -35 -8.86348 8.22507
      vertex -37.5 -8.72295 8.25622
      vertex -37.5 -8.86348 8.22507
    endloop
  endfacet
  facet normal 0 -0.793349 -0.608767
    outer loop
      vertex -37.5 -7.7984 10.7964
      vertex -35 -7.88603 10.9106
      vertex -37.5 -7.88603 10.9106
    endloop
  endfacet
  facet normal 0 -0.793349 -0.608767
    outer loop
      vertex -35 -7.88603 10.9106
      vertex -37.5 -7.7984 10.7964
      vertex -35 -7.7984 10.7964
    endloop
  endfacet
  facet normal 0 0.0437658 -0.999042
    outer loop
      vertex -37.5 -9.29381 11.4937
      vertex -35 -9.15 11.5
      vertex -35 -9.29381 11.4937
    endloop
  endfacet
  facet normal 0 0.0437658 -0.999042
    outer loop
      vertex -35 -9.15 11.5
      vertex -37.5 -9.29381 11.4937
      vertex -37.5 -9.15 11.5
    endloop
  endfacet
  facet normal 0 -0.887029 -0.461714
    outer loop
      vertex -37.5 -7.65459 10.5473
      vertex -35 -7.72106 10.675
      vertex -37.5 -7.72106 10.675
    endloop
  endfacet
  facet normal 0 -0.887029 -0.461714
    outer loop
      vertex -35 -7.72106 10.675
      vertex -37.5 -7.65459 10.5473
      vertex -35 -7.65459 10.5473
    endloop
  endfacet
  facet normal 0 0.5371 -0.843518
    outer loop
      vertex -37.5 -10.0964 11.2016
      vertex -35 -9.975 11.2789
      vertex -35 -10.0964 11.2016
    endloop
  endfacet
  facet normal 0 0.5371 -0.843518
    outer loop
      vertex -35 -9.975 11.2789
      vertex -37.5 -10.0964 11.2016
      vertex -37.5 -9.975 11.2789
    endloop
  endfacet
  facet normal 0 -0.382765 -0.923846
    outer loop
      vertex -37.5 -8.58567 11.4005
      vertex -35 -8.45268 11.3454
      vertex -35 -8.58567 11.4005
    endloop
  endfacet
  facet normal -0 -0.382765 -0.923846
    outer loop
      vertex -35 -8.45268 11.3454
      vertex -37.5 -8.58567 11.4005
      vertex -37.5 -8.45268 11.3454
    endloop
  endfacet
  facet normal 0 -0.923905 -0.382622
    outer loop
      vertex -37.5 -7.59951 10.4143
      vertex -35 -7.65459 10.5473
      vertex -37.5 -7.65459 10.5473
    endloop
  endfacet
  facet normal 0 -0.923905 -0.382622
    outer loop
      vertex -35 -7.65459 10.5473
      vertex -37.5 -7.59951 10.4143
      vertex -35 -7.59951 10.4143
    endloop
  endfacet
  facet normal 0 0.999042 0.0437658
    outer loop
      vertex -35 -10.7937 9.70619
      vertex -37.5 -10.8 9.85
      vertex -35 -10.8 9.85
    endloop
  endfacet
  facet normal 0 0.999042 0.0437658
    outer loop
      vertex -37.5 -10.8 9.85
      vertex -35 -10.7937 9.70619
      vertex -37.5 -10.7937 9.70619
    endloop
  endfacet
  facet normal 0 -0.300806 -0.953686
    outer loop
      vertex -37.5 -8.72295 11.4438
      vertex -35 -8.58567 11.4005
      vertex -35 -8.72295 11.4438
    endloop
  endfacet
  facet normal -0 -0.300806 -0.953686
    outer loop
      vertex -35 -8.58567 11.4005
      vertex -37.5 -8.72295 11.4438
      vertex -37.5 -8.58567 11.4005
    endloop
  endfacet
  facet normal 0 0.923856 -0.38274
    outer loop
      vertex -35 -10.7005 10.4143
      vertex -37.5 -10.6454 10.5473
      vertex -35 -10.6454 10.5473
    endloop
  endfacet
  facet normal 0 0.923856 -0.38274
    outer loop
      vertex -37.5 -10.6454 10.5473
      vertex -35 -10.7005 10.4143
      vertex -37.5 -10.7005 10.4143
    endloop
  endfacet
  facet normal 0 -0.886999 0.46177
    outer loop
      vertex -37.5 -7.72106 9.025
      vertex -35 -7.65459 9.15268
      vertex -37.5 -7.65459 9.15268
    endloop
  endfacet
  facet normal 0 -0.886999 0.46177
    outer loop
      vertex -35 -7.65459 9.15268
      vertex -37.5 -7.72106 9.025
      vertex -35 -7.72106 9.025
    endloop
  endfacet
  facet normal -0 0.537298 0.843392
    outer loop
      vertex -37.5 -9.975 8.42106
      vertex -35 -10.0964 8.4984
      vertex -35 -9.975 8.42106
    endloop
  endfacet
  facet normal 0 0.537298 0.843392
    outer loop
      vertex -35 -10.0964 8.4984
      vertex -37.5 -9.975 8.42106
      vertex -37.5 -10.0964 8.4984
    endloop
  endfacet
  facet normal 0 0.953635 -0.300965
    outer loop
      vertex -35 -10.7438 10.2771
      vertex -37.5 -10.7005 10.4143
      vertex -35 -10.7005 10.4143
    endloop
  endfacet
  facet normal 0 0.953635 -0.300965
    outer loop
      vertex -37.5 -10.7005 10.4143
      vertex -35 -10.7438 10.2771
      vertex -37.5 -10.7438 10.2771
    endloop
  endfacet
  facet normal 0 0.130607 -0.991434
    outer loop
      vertex -37.5 -9.43652 11.4749
      vertex -35 -9.29381 11.4937
      vertex -35 -9.43652 11.4749
    endloop
  endfacet
  facet normal 0 0.130607 -0.991434
    outer loop
      vertex -35 -9.29381 11.4937
      vertex -37.5 -9.43652 11.4749
      vertex -37.5 -9.29381 11.4937
    endloop
  endfacet
  facet normal 0 0.382765 -0.923846
    outer loop
      vertex -37.5 -9.84732 11.3454
      vertex -35 -9.71433 11.4005
      vertex -35 -9.84732 11.3454
    endloop
  endfacet
  facet normal 0 0.382765 -0.923846
    outer loop
      vertex -35 -9.71433 11.4005
      vertex -37.5 -9.84732 11.3454
      vertex -37.5 -9.71433 11.4005
    endloop
  endfacet
  facet normal -0 0.382646 0.923895
    outer loop
      vertex -37.5 -9.71433 8.29951
      vertex -35 -9.84732 8.35459
      vertex -35 -9.71433 8.29951
    endloop
  endfacet
  facet normal 0 0.382646 0.923895
    outer loop
      vertex -35 -9.84732 8.35459
      vertex -37.5 -9.71433 8.29951
      vertex -37.5 -9.84732 8.35459
    endloop
  endfacet
  facet normal 0 -0.461934 -0.886914
    outer loop
      vertex -37.5 -8.45268 11.3454
      vertex -35 -8.325 11.2789
      vertex -35 -8.45268 11.3454
    endloop
  endfacet
  facet normal -0 -0.461934 -0.886914
    outer loop
      vertex -35 -8.325 11.2789
      vertex -37.5 -8.45268 11.3454
      vertex -37.5 -8.325 11.2789
    endloop
  endfacet
  facet normal 0 -0.991441 -0.130557
    outer loop
      vertex -37.5 -7.50628 9.99381
      vertex -35 -7.52507 10.1365
      vertex -37.5 -7.52507 10.1365
    endloop
  endfacet
  facet normal 0 -0.991441 -0.130557
    outer loop
      vertex -35 -7.52507 10.1365
      vertex -37.5 -7.50628 9.99381
      vertex -35 -7.50628 9.99381
    endloop
  endfacet
  facet normal -0 0.216408 0.976303
    outer loop
      vertex -37.5 -9.43652 8.22507
      vertex -35 -9.57705 8.25622
      vertex -35 -9.43652 8.22507
    endloop
  endfacet
  facet normal 0 0.216408 0.976303
    outer loop
      vertex -35 -9.57705 8.25622
      vertex -37.5 -9.43652 8.22507
      vertex -37.5 -9.57705 8.25622
    endloop
  endfacet
  facet normal 0 -0.737313 0.675552
    outer loop
      vertex -37.5 -7.98327 8.68327
      vertex -35 -7.88603 8.7894
      vertex -37.5 -7.88603 8.7894
    endloop
  endfacet
  facet normal 0 -0.737313 0.675552
    outer loop
      vertex -35 -7.88603 8.7894
      vertex -37.5 -7.98327 8.68327
      vertex -35 -7.98327 8.68327
    endloop
  endfacet
  facet normal -0 0.46177 0.886999
    outer loop
      vertex -37.5 -9.84732 8.35459
      vertex -35 -9.975 8.42106
      vertex -35 -9.84732 8.35459
    endloop
  endfacet
  facet normal 0 0.46177 0.886999
    outer loop
      vertex -35 -9.975 8.42106
      vertex -37.5 -9.84732 8.35459
      vertex -37.5 -9.975 8.42106
    endloop
  endfacet
  facet normal 0 -0.991443 0.130539
    outer loop
      vertex -37.5 -7.52507 9.56348
      vertex -35 -7.50628 9.70619
      vertex -37.5 -7.50628 9.70619
    endloop
  endfacet
  facet normal 0 -0.991443 0.130539
    outer loop
      vertex -35 -7.50628 9.70619
      vertex -37.5 -7.52507 9.56348
      vertex -35 -7.52507 9.56348
    endloop
  endfacet
  facet normal 0 -0.46177 0.886999
    outer loop
      vertex -37.5 -8.325 8.42106
      vertex -35 -8.45268 8.35459
      vertex -35 -8.325 8.42106
    endloop
  endfacet
  facet normal 0 -0.46177 0.886999
    outer loop
      vertex -35 -8.45268 8.35459
      vertex -37.5 -8.325 8.42106
      vertex -37.5 -8.45268 8.35459
    endloop
  endfacet
  facet normal -0 0.608767 0.793349
    outer loop
      vertex -37.5 -10.0964 8.4984
      vertex -35 -10.2106 8.58603
      vertex -35 -10.0964 8.4984
    endloop
  endfacet
  facet normal 0 0.608767 0.793349
    outer loop
      vertex -35 -10.2106 8.58603
      vertex -37.5 -10.0964 8.4984
      vertex -37.5 -10.2106 8.58603
    endloop
  endfacet
  facet normal -0 0.675655 0.737218
    outer loop
      vertex -37.5 -10.2106 8.58603
      vertex -35 -10.3167 8.68327
      vertex -35 -10.2106 8.58603
    endloop
  endfacet
  facet normal 0 0.675655 0.737218
    outer loop
      vertex -35 -10.3167 8.68327
      vertex -37.5 -10.2106 8.58603
      vertex -37.5 -10.3167 8.68327
    endloop
  endfacet
  facet normal 0 0.843518 0.5371
    outer loop
      vertex -35 -10.5016 8.9036
      vertex -37.5 -10.5789 9.025
      vertex -35 -10.5789 9.025
    endloop
  endfacet
  facet normal 0 0.843518 0.5371
    outer loop
      vertex -37.5 -10.5789 9.025
      vertex -35 -10.5016 8.9036
      vertex -37.5 -10.5016 8.9036
    endloop
  endfacet
  facet normal 0 -0.382646 0.923895
    outer loop
      vertex -37.5 -8.45268 8.35459
      vertex -35 -8.58567 8.29951
      vertex -35 -8.45268 8.35459
    endloop
  endfacet
  facet normal 0 -0.382646 0.923895
    outer loop
      vertex -35 -8.58567 8.29951
      vertex -37.5 -8.45268 8.35459
      vertex -37.5 -8.58567 8.29951
    endloop
  endfacet
  facet normal 0 0.886914 0.461934
    outer loop
      vertex -35 -10.5789 9.025
      vertex -37.5 -10.6454 9.15268
      vertex -35 -10.6454 9.15268
    endloop
  endfacet
  facet normal 0 0.886914 0.461934
    outer loop
      vertex -37.5 -10.6454 9.15268
      vertex -35 -10.5789 9.025
      vertex -37.5 -10.5789 9.025
    endloop
  endfacet
  facet normal 0 -0.608767 0.793349
    outer loop
      vertex -37.5 -8.0894 8.58603
      vertex -35 -8.2036 8.4984
      vertex -35 -8.0894 8.58603
    endloop
  endfacet
  facet normal 0 -0.608767 0.793349
    outer loop
      vertex -35 -8.2036 8.4984
      vertex -37.5 -8.0894 8.58603
      vertex -37.5 -8.2036 8.4984
    endloop
  endfacet
  facet normal 0 0.675882 -0.73701
    outer loop
      vertex -37.5 -10.3167 11.0167
      vertex -35 -10.2106 11.114
      vertex -35 -10.3167 11.0167
    endloop
  endfacet
  facet normal 0 0.675882 -0.73701
    outer loop
      vertex -35 -10.2106 11.114
      vertex -37.5 -10.3167 11.0167
      vertex -37.5 -10.2106 11.114
    endloop
  endfacet
  facet normal 0 0.991434 0.130607
    outer loop
      vertex -35 -10.7749 9.56348
      vertex -37.5 -10.7937 9.70619
      vertex -35 -10.7937 9.70619
    endloop
  endfacet
  facet normal 0 0.991434 0.130607
    outer loop
      vertex -37.5 -10.7937 9.70619
      vertex -35 -10.7749 9.56348
      vertex -37.5 -10.7749 9.56348
    endloop
  endfacet
  facet normal -0 0.130539 0.991443
    outer loop
      vertex -37.5 -9.29381 8.20628
      vertex -35 -9.43652 8.22507
      vertex -35 -9.29381 8.20628
    endloop
  endfacet
  facet normal 0 0.130539 0.991443
    outer loop
      vertex -35 -9.43652 8.22507
      vertex -37.5 -9.29381 8.20628
      vertex -37.5 -9.43652 8.22507
    endloop
  endfacet
  facet normal 0 -0.843392 0.537298
    outer loop
      vertex -37.5 -7.7984 8.9036
      vertex -35 -7.72106 9.025
      vertex -37.5 -7.72106 9.025
    endloop
  endfacet
  facet normal 0 -0.843392 0.537298
    outer loop
      vertex -35 -7.72106 9.025
      vertex -37.5 -7.7984 8.9036
      vertex -35 -7.7984 8.9036
    endloop
  endfacet
  facet normal 0 -0.537298 0.843392
    outer loop
      vertex -37.5 -8.2036 8.4984
      vertex -35 -8.325 8.42106
      vertex -35 -8.2036 8.4984
    endloop
  endfacet
  facet normal 0 -0.537298 0.843392
    outer loop
      vertex -35 -8.325 8.42106
      vertex -37.5 -8.2036 8.4984
      vertex -37.5 -8.325 8.42106
    endloop
  endfacet
  facet normal 0 0.976376 0.216077
    outer loop
      vertex -35 -10.7438 9.42295
      vertex -37.5 -10.7749 9.56348
      vertex -35 -10.7749 9.56348
    endloop
  endfacet
  facet normal 0 0.976376 0.216077
    outer loop
      vertex -37.5 -10.7749 9.56348
      vertex -35 -10.7438 9.42295
      vertex -37.5 -10.7438 9.42295
    endloop
  endfacet
  facet normal 0 0.737105 0.675778
    outer loop
      vertex -35 -10.3167 8.68327
      vertex -37.5 -10.414 8.7894
      vertex -35 -10.414 8.7894
    endloop
  endfacet
  facet normal 0 0.737105 0.675778
    outer loop
      vertex -37.5 -10.414 8.7894
      vertex -35 -10.3167 8.68327
      vertex -37.5 -10.3167 8.68327
    endloop
  endfacet
  facet normal 0 0.79345 -0.608636
    outer loop
      vertex -35 -10.5016 10.7964
      vertex -37.5 -10.414 10.9106
      vertex -35 -10.414 10.9106
    endloop
  endfacet
  facet normal 0 0.79345 -0.608636
    outer loop
      vertex -37.5 -10.414 10.9106
      vertex -35 -10.5016 10.7964
      vertex -37.5 -10.5016 10.7964
    endloop
  endfacet
  facet normal 0 -0.130607 -0.991434
    outer loop
      vertex -37.5 9.29381 11.4937
      vertex -35 9.43652 11.4749
      vertex -35 9.29381 11.4937
    endloop
  endfacet
  facet normal -0 -0.130607 -0.991434
    outer loop
      vertex -35 9.43652 11.4749
      vertex -37.5 9.29381 11.4937
      vertex -37.5 9.43652 11.4749
    endloop
  endfacet
  facet normal 0 -0.0437658 -0.999042
    outer loop
      vertex -37.5 9.15 11.5
      vertex -35 9.29381 11.4937
      vertex -35 9.15 11.5
    endloop
  endfacet
  facet normal -0 -0.0437658 -0.999042
    outer loop
      vertex -35 9.29381 11.4937
      vertex -37.5 9.15 11.5
      vertex -37.5 9.29381 11.4937
    endloop
  endfacet
  facet normal 0 -0.216077 -0.976376
    outer loop
      vertex -37.5 9.43652 11.4749
      vertex -35 9.57705 11.4438
      vertex -35 9.43652 11.4749
    endloop
  endfacet
  facet normal -0 -0.216077 -0.976376
    outer loop
      vertex -35 9.57705 11.4438
      vertex -37.5 9.43652 11.4749
      vertex -37.5 9.57705 11.4438
    endloop
  endfacet
  facet normal -0 0.382646 0.923895
    outer loop
      vertex -37.5 8.58567 8.29951
      vertex -35 8.45268 8.35459
      vertex -35 8.58567 8.29951
    endloop
  endfacet
  facet normal 0 0.382646 0.923895
    outer loop
      vertex -35 8.45268 8.35459
      vertex -37.5 8.58567 8.29951
      vertex -37.5 8.45268 8.35459
    endloop
  endfacet
  facet normal 0 -0.843518 -0.5371
    outer loop
      vertex -37.5 10.5789 10.675
      vertex -35 10.5016 10.7964
      vertex -37.5 10.5016 10.7964
    endloop
  endfacet
  facet normal 0 -0.843518 -0.5371
    outer loop
      vertex -35 10.5016 10.7964
      vertex -37.5 10.5789 10.675
      vertex -35 10.5789 10.675
    endloop
  endfacet
  facet normal 0 -0.843518 0.5371
    outer loop
      vertex -37.5 10.5016 8.9036
      vertex -35 10.5789 9.025
      vertex -37.5 10.5789 9.025
    endloop
  endfacet
  facet normal 0 -0.843518 0.5371
    outer loop
      vertex -35 10.5789 9.025
      vertex -37.5 10.5016 8.9036
      vertex -35 10.5016 8.9036
    endloop
  endfacet
  facet normal 0 -0.0436272 0.999048
    outer loop
      vertex -37.5 9.29381 8.20628
      vertex -35 9.15 8.2
      vertex -35 9.29381 8.20628
    endloop
  endfacet
  facet normal 0 -0.0436272 0.999048
    outer loop
      vertex -35 9.15 8.2
      vertex -37.5 9.29381 8.20628
      vertex -37.5 9.15 8.2
    endloop
  endfacet
  facet normal 0 0.991443 0.130539
    outer loop
      vertex -35 7.52507 9.56348
      vertex -37.5 7.50628 9.70619
      vertex -35 7.50628 9.70619
    endloop
  endfacet
  facet normal 0 0.991443 0.130539
    outer loop
      vertex -37.5 7.50628 9.70619
      vertex -35 7.52507 9.56348
      vertex -37.5 7.52507 9.56348
    endloop
  endfacet
  facet normal 0 0.976326 -0.216305
    outer loop
      vertex -35 7.52507 10.1365
      vertex -37.5 7.55622 10.2771
      vertex -35 7.55622 10.2771
    endloop
  endfacet
  facet normal 0 0.976326 -0.216305
    outer loop
      vertex -37.5 7.55622 10.2771
      vertex -35 7.52507 10.1365
      vertex -37.5 7.52507 10.1365
    endloop
  endfacet
  facet normal 0 0.0437658 -0.999042
    outer loop
      vertex -37.5 9.00619 11.4937
      vertex -35 9.15 11.5
      vertex -35 9.00619 11.4937
    endloop
  endfacet
  facet normal 0 0.0437658 -0.999042
    outer loop
      vertex -35 9.15 11.5
      vertex -37.5 9.00619 11.4937
      vertex -37.5 9.15 11.5
    endloop
  endfacet
  facet normal 0 -0.953635 -0.300965
    outer loop
      vertex -37.5 10.7438 10.2771
      vertex -35 10.7005 10.4143
      vertex -37.5 10.7005 10.4143
    endloop
  endfacet
  facet normal 0 -0.953635 -0.300965
    outer loop
      vertex -35 10.7005 10.4143
      vertex -37.5 10.7438 10.2771
      vertex -35 10.7438 10.2771
    endloop
  endfacet
  facet normal 0 0.608636 -0.79345
    outer loop
      vertex -37.5 8.0894 11.114
      vertex -35 8.2036 11.2016
      vertex -35 8.0894 11.114
    endloop
  endfacet
  facet normal 0 0.608636 -0.79345
    outer loop
      vertex -35 8.2036 11.2016
      vertex -37.5 8.0894 11.114
      vertex -37.5 8.2036 11.2016
    endloop
  endfacet
  facet normal 0 -0.976376 0.216077
    outer loop
      vertex -37.5 10.7438 9.42295
      vertex -35 10.7749 9.56348
      vertex -37.5 10.7749 9.56348
    endloop
  endfacet
  facet normal 0 -0.976376 0.216077
    outer loop
      vertex -35 10.7749 9.56348
      vertex -37.5 10.7438 9.42295
      vertex -35 10.7438 9.42295
    endloop
  endfacet
  facet normal 0 -0.382765 -0.923846
    outer loop
      vertex -37.5 9.71433 11.4005
      vertex -35 9.84732 11.3454
      vertex -35 9.71433 11.4005
    endloop
  endfacet
  facet normal -0 -0.382765 -0.923846
    outer loop
      vertex -35 9.84732 11.3454
      vertex -37.5 9.71433 11.4005
      vertex -37.5 9.84732 11.3454
    endloop
  endfacet
  facet normal 0 0.793349 0.608767
    outer loop
      vertex -35 7.88603 8.7894
      vertex -37.5 7.7984 8.9036
      vertex -35 7.7984 8.9036
    endloop
  endfacet
  facet normal 0 0.793349 0.608767
    outer loop
      vertex -37.5 7.7984 8.9036
      vertex -35 7.88603 8.7894
      vertex -37.5 7.88603 8.7894
    endloop
  endfacet
  facet normal -0 0.300742 0.953705
    outer loop
      vertex -37.5 8.72295 8.25622
      vertex -35 8.58567 8.29951
      vertex -35 8.72295 8.25622
    endloop
  endfacet
  facet normal 0 0.300742 0.953705
    outer loop
      vertex -35 8.58567 8.29951
      vertex -37.5 8.72295 8.25622
      vertex -37.5 8.58567 8.29951
    endloop
  endfacet
  facet normal 0 -0.537298 0.843392
    outer loop
      vertex -37.5 10.0964 8.4984
      vertex -35 9.975 8.42106
      vertex -35 10.0964 8.4984
    endloop
  endfacet
  facet normal 0 -0.537298 0.843392
    outer loop
      vertex -35 9.975 8.42106
      vertex -37.5 10.0964 8.4984
      vertex -37.5 9.975 8.42106
    endloop
  endfacet
  facet normal 0 0.999048 -0.0436272
    outer loop
      vertex -35 7.5 9.85
      vertex -37.5 7.50628 9.99381
      vertex -35 7.50628 9.99381
    endloop
  endfacet
  facet normal 0 0.999048 -0.0436272
    outer loop
      vertex -37.5 7.50628 9.99381
      vertex -35 7.5 9.85
      vertex -37.5 7.5 9.85
    endloop
  endfacet
  facet normal 0 -0.300806 -0.953686
    outer loop
      vertex -37.5 9.57705 11.4438
      vertex -35 9.71433 11.4005
      vertex -35 9.57705 11.4438
    endloop
  endfacet
  facet normal -0 -0.300806 -0.953686
    outer loop
      vertex -35 9.71433 11.4005
      vertex -37.5 9.57705 11.4438
      vertex -37.5 9.71433 11.4005
    endloop
  endfacet
  facet normal 0 -0.953686 0.300806
    outer loop
      vertex -37.5 10.7005 9.28567
      vertex -35 10.7438 9.42295
      vertex -37.5 10.7438 9.42295
    endloop
  endfacet
  facet normal 0 -0.953686 0.300806
    outer loop
      vertex -35 10.7438 9.42295
      vertex -37.5 10.7005 9.28567
      vertex -35 10.7005 9.28567
    endloop
  endfacet
  facet normal 0 0.382765 -0.923846
    outer loop
      vertex -37.5 8.45268 11.3454
      vertex -35 8.58567 11.4005
      vertex -35 8.45268 11.3454
    endloop
  endfacet
  facet normal 0 0.382765 -0.923846
    outer loop
      vertex -35 8.58567 11.4005
      vertex -37.5 8.45268 11.3454
      vertex -37.5 8.58567 11.4005
    endloop
  endfacet
  facet normal 0 -0.130539 0.991443
    outer loop
      vertex -37.5 9.43652 8.22507
      vertex -35 9.29381 8.20628
      vertex -35 9.43652 8.22507
    endloop
  endfacet
  facet normal 0 -0.130539 0.991443
    outer loop
      vertex -35 9.29381 8.20628
      vertex -37.5 9.43652 8.22507
      vertex -37.5 9.29381 8.20628
    endloop
  endfacet
  facet normal -0 0.0436272 0.999048
    outer loop
      vertex -37.5 9.15 8.2
      vertex -35 9.00619 8.20628
      vertex -35 9.15 8.2
    endloop
  endfacet
  facet normal 0 0.0436272 0.999048
    outer loop
      vertex -35 9.00619 8.20628
      vertex -37.5 9.15 8.2
      vertex -37.5 9.00619 8.20628
    endloop
  endfacet
  facet normal -0 0.675552 0.737313
    outer loop
      vertex -37.5 8.0894 8.58603
      vertex -35 7.98327 8.68327
      vertex -35 8.0894 8.58603
    endloop
  endfacet
  facet normal 0 0.675552 0.737313
    outer loop
      vertex -35 7.98327 8.68327
      vertex -37.5 8.0894 8.58603
      vertex -37.5 7.98327 8.68327
    endloop
  endfacet
  facet normal 0 -0.46177 0.886999
    outer loop
      vertex -37.5 9.975 8.42106
      vertex -35 9.84732 8.35459
      vertex -35 9.975 8.42106
    endloop
  endfacet
  facet normal 0 -0.46177 0.886999
    outer loop
      vertex -35 9.84732 8.35459
      vertex -37.5 9.975 8.42106
      vertex -37.5 9.84732 8.35459
    endloop
  endfacet
  facet normal 0 -0.73701 -0.675882
    outer loop
      vertex -37.5 10.414 10.9106
      vertex -35 10.3167 11.0167
      vertex -37.5 10.3167 11.0167
    endloop
  endfacet
  facet normal 0 -0.73701 -0.675882
    outer loop
      vertex -35 10.3167 11.0167
      vertex -37.5 10.414 10.9106
      vertex -35 10.414 10.9106
    endloop
  endfacet
  facet normal 0 -0.886944 -0.461878
    outer loop
      vertex -37.5 10.6454 10.5473
      vertex -35 10.5789 10.675
      vertex -37.5 10.5789 10.675
    endloop
  endfacet
  facet normal 0 -0.886944 -0.461878
    outer loop
      vertex -35 10.5789 10.675
      vertex -37.5 10.6454 10.5473
      vertex -35 10.6454 10.5473
    endloop
  endfacet
  facet normal 0 0.300806 -0.953686
    outer loop
      vertex -37.5 8.58567 11.4005
      vertex -35 8.72295 11.4438
      vertex -35 8.58567 11.4005
    endloop
  endfacet
  facet normal 0 0.300806 -0.953686
    outer loop
      vertex -35 8.72295 11.4438
      vertex -37.5 8.58567 11.4005
      vertex -37.5 8.72295 11.4438
    endloop
  endfacet
  facet normal 0 0.216077 -0.976376
    outer loop
      vertex -37.5 8.72295 11.4438
      vertex -35 8.86348 11.4749
      vertex -35 8.72295 11.4438
    endloop
  endfacet
  facet normal 0 0.216077 -0.976376
    outer loop
      vertex -35 8.86348 11.4749
      vertex -37.5 8.72295 11.4438
      vertex -37.5 8.86348 11.4749
    endloop
  endfacet
  facet normal 0 0.887029 -0.461714
    outer loop
      vertex -35 7.65459 10.5473
      vertex -37.5 7.72106 10.675
      vertex -35 7.72106 10.675
    endloop
  endfacet
  facet normal 0 0.887029 -0.461714
    outer loop
      vertex -37.5 7.72106 10.675
      vertex -35 7.65459 10.5473
      vertex -37.5 7.65459 10.5473
    endloop
  endfacet
  facet normal 0 -0.79345 -0.608636
    outer loop
      vertex -37.5 10.5016 10.7964
      vertex -35 10.414 10.9106
      vertex -37.5 10.414 10.9106
    endloop
  endfacet
  facet normal 0 -0.79345 -0.608636
    outer loop
      vertex -35 10.414 10.9106
      vertex -37.5 10.5016 10.7964
      vertex -35 10.5016 10.7964
    endloop
  endfacet
  facet normal 0 -0.608636 -0.79345
    outer loop
      vertex -37.5 10.0964 11.2016
      vertex -35 10.2106 11.114
      vertex -35 10.0964 11.2016
    endloop
  endfacet
  facet normal -0 -0.608636 -0.79345
    outer loop
      vertex -35 10.2106 11.114
      vertex -37.5 10.0964 11.2016
      vertex -37.5 10.2106 11.114
    endloop
  endfacet
  facet normal 0 -0.737105 0.675778
    outer loop
      vertex -37.5 10.3167 8.68327
      vertex -35 10.414 8.7894
      vertex -37.5 10.414 8.7894
    endloop
  endfacet
  facet normal 0 -0.737105 0.675778
    outer loop
      vertex -35 10.414 8.7894
      vertex -37.5 10.3167 8.68327
      vertex -35 10.3167 8.68327
    endloop
  endfacet
  facet normal 0 0.991441 -0.130557
    outer loop
      vertex -35 7.50628 9.99381
      vertex -37.5 7.52507 10.1365
      vertex -35 7.52507 10.1365
    endloop
  endfacet
  facet normal 0 0.991441 -0.130557
    outer loop
      vertex -37.5 7.52507 10.1365
      vertex -35 7.50628 9.99381
      vertex -37.5 7.50628 9.99381
    endloop
  endfacet
  facet normal 0 -0.5371 -0.843518
    outer loop
      vertex -37.5 9.975 11.2789
      vertex -35 10.0964 11.2016
      vertex -35 9.975 11.2789
    endloop
  endfacet
  facet normal -0 -0.5371 -0.843518
    outer loop
      vertex -35 10.0964 11.2016
      vertex -37.5 9.975 11.2789
      vertex -37.5 10.0964 11.2016
    endloop
  endfacet
  facet normal 0 0.5371 -0.843518
    outer loop
      vertex -37.5 8.2036 11.2016
      vertex -35 8.325 11.2789
      vertex -35 8.2036 11.2016
    endloop
  endfacet
  facet normal 0 0.5371 -0.843518
    outer loop
      vertex -35 8.325 11.2789
      vertex -37.5 8.2036 11.2016
      vertex -37.5 8.325 11.2789
    endloop
  endfacet
  facet normal 0 0.843392 -0.537298
    outer loop
      vertex -35 7.72106 10.675
      vertex -37.5 7.7984 10.7964
      vertex -35 7.7984 10.7964
    endloop
  endfacet
  facet normal 0 0.843392 -0.537298
    outer loop
      vertex -37.5 7.7984 10.7964
      vertex -35 7.72106 10.675
      vertex -37.5 7.72106 10.675
    endloop
  endfacet
  facet normal 0 0.999048 0.0436272
    outer loop
      vertex -35 7.50628 9.70619
      vertex -37.5 7.5 9.85
      vertex -35 7.5 9.85
    endloop
  endfacet
  facet normal 0 0.999048 0.0436272
    outer loop
      vertex -37.5 7.5 9.85
      vertex -35 7.50628 9.70619
      vertex -37.5 7.50628 9.70619
    endloop
  endfacet
  facet normal 0 -0.923856 -0.38274
    outer loop
      vertex -37.5 10.7005 10.4143
      vertex -35 10.6454 10.5473
      vertex -37.5 10.6454 10.5473
    endloop
  endfacet
  facet normal 0 -0.923856 -0.38274
    outer loop
      vertex -35 10.6454 10.5473
      vertex -37.5 10.7005 10.4143
      vertex -35 10.7005 10.4143
    endloop
  endfacet
  facet normal 0 -0.886914 0.461934
    outer loop
      vertex -37.5 10.5789 9.025
      vertex -35 10.6454 9.15268
      vertex -37.5 10.6454 9.15268
    endloop
  endfacet
  facet normal 0 -0.886914 0.461934
    outer loop
      vertex -35 10.6454 9.15268
      vertex -37.5 10.5789 9.025
      vertex -35 10.5789 9.025
    endloop
  endfacet
  facet normal 0 0.130607 -0.991434
    outer loop
      vertex -37.5 8.86348 11.4749
      vertex -35 9.00619 11.4937
      vertex -35 8.86348 11.4749
    endloop
  endfacet
  facet normal 0 0.130607 -0.991434
    outer loop
      vertex -35 9.00619 11.4937
      vertex -37.5 8.86348 11.4749
      vertex -37.5 9.00619 11.4937
    endloop
  endfacet
  facet normal -0 0.537298 0.843392
    outer loop
      vertex -37.5 8.325 8.42106
      vertex -35 8.2036 8.4984
      vertex -35 8.325 8.42106
    endloop
  endfacet
  facet normal 0 0.537298 0.843392
    outer loop
      vertex -35 8.2036 8.4984
      vertex -37.5 8.325 8.42106
      vertex -37.5 8.2036 8.4984
    endloop
  endfacet
  facet normal 0 0.843392 0.537298
    outer loop
      vertex -35 7.7984 8.9036
      vertex -37.5 7.72106 9.025
      vertex -35 7.72106 9.025
    endloop
  endfacet
  facet normal 0 0.843392 0.537298
    outer loop
      vertex -37.5 7.72106 9.025
      vertex -35 7.7984 8.9036
      vertex -37.5 7.7984 8.9036
    endloop
  endfacet
  facet normal 0 -0.461934 -0.886914
    outer loop
      vertex -37.5 9.84732 11.3454
      vertex -35 9.975 11.2789
      vertex -35 9.84732 11.3454
    endloop
  endfacet
  facet normal -0 -0.461934 -0.886914
    outer loop
      vertex -35 9.975 11.2789
      vertex -37.5 9.84732 11.3454
      vertex -37.5 9.975 11.2789
    endloop
  endfacet
  facet normal -0 0.608767 0.793349
    outer loop
      vertex -37.5 8.2036 8.4984
      vertex -35 8.0894 8.58603
      vertex -35 8.2036 8.4984
    endloop
  endfacet
  facet normal 0 0.608767 0.793349
    outer loop
      vertex -35 8.0894 8.58603
      vertex -37.5 8.2036 8.4984
      vertex -37.5 8.0894 8.58603
    endloop
  endfacet
  facet normal -0 0.46177 0.886999
    outer loop
      vertex -37.5 8.45268 8.35459
      vertex -35 8.325 8.42106
      vertex -35 8.45268 8.35459
    endloop
  endfacet
  facet normal 0 0.46177 0.886999
    outer loop
      vertex -35 8.325 8.42106
      vertex -37.5 8.45268 8.35459
      vertex -37.5 8.325 8.42106
    endloop
  endfacet
  facet normal 0 -0.79345 0.608636
    outer loop
      vertex -37.5 10.414 8.7894
      vertex -35 10.5016 8.9036
      vertex -37.5 10.5016 8.9036
    endloop
  endfacet
  facet normal 0 -0.79345 0.608636
    outer loop
      vertex -35 10.5016 8.9036
      vertex -37.5 10.414 8.7894
      vertex -35 10.414 8.7894
    endloop
  endfacet
  facet normal 0 -0.675655 0.737218
    outer loop
      vertex -37.5 10.3167 8.68327
      vertex -35 10.2106 8.58603
      vertex -35 10.3167 8.68327
    endloop
  endfacet
  facet normal 0 -0.675655 0.737218
    outer loop
      vertex -35 10.2106 8.58603
      vertex -37.5 10.3167 8.68327
      vertex -37.5 10.2106 8.58603
    endloop
  endfacet
  facet normal 0 -0.999042 -0.0437658
    outer loop
      vertex -37.5 10.8 9.85
      vertex -35 10.7937 9.99381
      vertex -37.5 10.7937 9.99381
    endloop
  endfacet
  facet normal 0 -0.999042 -0.0437658
    outer loop
      vertex -35 10.7937 9.99381
      vertex -37.5 10.8 9.85
      vertex -35 10.8 9.85
    endloop
  endfacet
  facet normal 0 0.886999 0.46177
    outer loop
      vertex -35 7.72106 9.025
      vertex -37.5 7.65459 9.15268
      vertex -35 7.65459 9.15268
    endloop
  endfacet
  facet normal 0 0.886999 0.46177
    outer loop
      vertex -37.5 7.65459 9.15268
      vertex -35 7.72106 9.025
      vertex -37.5 7.72106 9.025
    endloop
  endfacet
  facet normal 0 -0.999042 0.0437658
    outer loop
      vertex -37.5 10.7937 9.70619
      vertex -35 10.8 9.85
      vertex -37.5 10.8 9.85
    endloop
  endfacet
  facet normal 0 -0.999042 0.0437658
    outer loop
      vertex -35 10.8 9.85
      vertex -37.5 10.7937 9.70619
      vertex -35 10.7937 9.70619
    endloop
  endfacet
  facet normal 0 -0.675882 -0.73701
    outer loop
      vertex -37.5 10.2106 11.114
      vertex -35 10.3167 11.0167
      vertex -35 10.2106 11.114
    endloop
  endfacet
  facet normal -0 -0.675882 -0.73701
    outer loop
      vertex -35 10.3167 11.0167
      vertex -37.5 10.2106 11.114
      vertex -37.5 10.3167 11.0167
    endloop
  endfacet
  facet normal 0 -0.923846 0.382765
    outer loop
      vertex -37.5 10.6454 9.15268
      vertex -35 10.7005 9.28567
      vertex -37.5 10.7005 9.28567
    endloop
  endfacet
  facet normal 0 -0.923846 0.382765
    outer loop
      vertex -35 10.7005 9.28567
      vertex -37.5 10.6454 9.15268
      vertex -35 10.6454 9.15268
    endloop
  endfacet
  facet normal -0 0.130539 0.991443
    outer loop
      vertex -37.5 9.00619 8.20628
      vertex -35 8.86348 8.22507
      vertex -35 9.00619 8.20628
    endloop
  endfacet
  facet normal 0 0.130539 0.991443
    outer loop
      vertex -35 8.86348 8.22507
      vertex -37.5 9.00619 8.20628
      vertex -37.5 8.86348 8.22507
    endloop
  endfacet
  facet normal 0 0.953705 0.300742
    outer loop
      vertex -35 7.59951 9.28567
      vertex -37.5 7.55622 9.42295
      vertex -35 7.55622 9.42295
    endloop
  endfacet
  facet normal 0 0.953705 0.300742
    outer loop
      vertex -37.5 7.55622 9.42295
      vertex -35 7.59951 9.28567
      vertex -37.5 7.59951 9.28567
    endloop
  endfacet
  facet normal 0 -0.991434 0.130607
    outer loop
      vertex -37.5 10.7749 9.56348
      vertex -35 10.7937 9.70619
      vertex -37.5 10.7937 9.70619
    endloop
  endfacet
  facet normal 0 -0.991434 0.130607
    outer loop
      vertex -35 10.7937 9.70619
      vertex -37.5 10.7749 9.56348
      vertex -35 10.7749 9.56348
    endloop
  endfacet
  facet normal 0 -0.216408 0.976303
    outer loop
      vertex -37.5 9.57705 8.25622
      vertex -35 9.43652 8.22507
      vertex -35 9.57705 8.25622
    endloop
  endfacet
  facet normal 0 -0.216408 0.976303
    outer loop
      vertex -35 9.43652 8.22507
      vertex -37.5 9.57705 8.25622
      vertex -37.5 9.43652 8.22507
    endloop
  endfacet
  facet normal 0 -0.976399 -0.215974
    outer loop
      vertex -37.5 10.7749 10.1365
      vertex -35 10.7438 10.2771
      vertex -37.5 10.7438 10.2771
    endloop
  endfacet
  facet normal 0 -0.976399 -0.215974
    outer loop
      vertex -35 10.7438 10.2771
      vertex -37.5 10.7749 10.1365
      vertex -35 10.7749 10.1365
    endloop
  endfacet
  facet normal 0 0.923905 -0.382622
    outer loop
      vertex -35 7.59951 10.4143
      vertex -37.5 7.65459 10.5473
      vertex -35 7.65459 10.5473
    endloop
  endfacet
  facet normal 0 0.923905 -0.382622
    outer loop
      vertex -37.5 7.65459 10.5473
      vertex -35 7.59951 10.4143
      vertex -37.5 7.59951 10.4143
    endloop
  endfacet
  facet normal 0 0.953655 -0.300902
    outer loop
      vertex -35 7.55622 10.2771
      vertex -37.5 7.59951 10.4143
      vertex -35 7.59951 10.4143
    endloop
  endfacet
  facet normal 0 0.953655 -0.300902
    outer loop
      vertex -37.5 7.59951 10.4143
      vertex -35 7.55622 10.2771
      vertex -37.5 7.55622 10.2771
    endloop
  endfacet
  facet normal 0 0.737313 0.675552
    outer loop
      vertex -35 7.98327 8.68327
      vertex -37.5 7.88603 8.7894
      vertex -35 7.88603 8.7894
    endloop
  endfacet
  facet normal 0 0.737313 0.675552
    outer loop
      vertex -37.5 7.88603 8.7894
      vertex -35 7.98327 8.68327
      vertex -37.5 7.98327 8.68327
    endloop
  endfacet
  facet normal -0 0.216408 0.976303
    outer loop
      vertex -37.5 8.86348 8.22507
      vertex -35 8.72295 8.25622
      vertex -35 8.86348 8.22507
    endloop
  endfacet
  facet normal 0 0.216408 0.976303
    outer loop
      vertex -35 8.72295 8.25622
      vertex -37.5 8.86348 8.22507
      vertex -37.5 8.72295 8.25622
    endloop
  endfacet
  facet normal 0 0.461934 -0.886914
    outer loop
      vertex -37.5 8.325 11.2789
      vertex -35 8.45268 11.3454
      vertex -35 8.325 11.2789
    endloop
  endfacet
  facet normal 0 0.461934 -0.886914
    outer loop
      vertex -35 8.45268 11.3454
      vertex -37.5 8.325 11.2789
      vertex -37.5 8.45268 11.3454
    endloop
  endfacet
  facet normal 0 -0.991432 -0.130625
    outer loop
      vertex -37.5 10.7937 9.99381
      vertex -35 10.7749 10.1365
      vertex -37.5 10.7749 10.1365
    endloop
  endfacet
  facet normal 0 -0.991432 -0.130625
    outer loop
      vertex -35 10.7749 10.1365
      vertex -37.5 10.7937 9.99381
      vertex -35 10.7937 9.99381
    endloop
  endfacet
  facet normal 0 0.923895 0.382646
    outer loop
      vertex -35 7.65459 9.15268
      vertex -37.5 7.59951 9.28567
      vertex -35 7.59951 9.28567
    endloop
  endfacet
  facet normal 0 0.923895 0.382646
    outer loop
      vertex -37.5 7.59951 9.28567
      vertex -35 7.65459 9.15268
      vertex -37.5 7.65459 9.15268
    endloop
  endfacet
  facet normal 0 0.976303 0.216408
    outer loop
      vertex -35 7.55622 9.42295
      vertex -37.5 7.52507 9.56348
      vertex -35 7.52507 9.56348
    endloop
  endfacet
  facet normal 0 0.976303 0.216408
    outer loop
      vertex -37.5 7.52507 9.56348
      vertex -35 7.55622 9.42295
      vertex -37.5 7.55622 9.42295
    endloop
  endfacet
  facet normal 0 0.793349 -0.608767
    outer loop
      vertex -35 7.7984 10.7964
      vertex -37.5 7.88603 10.9106
      vertex -35 7.88603 10.9106
    endloop
  endfacet
  facet normal 0 0.793349 -0.608767
    outer loop
      vertex -37.5 7.88603 10.9106
      vertex -35 7.7984 10.7964
      vertex -37.5 7.7984 10.7964
    endloop
  endfacet
  facet normal 0 0.675778 -0.737105
    outer loop
      vertex -37.5 7.98327 11.0167
      vertex -35 8.0894 11.114
      vertex -35 7.98327 11.0167
    endloop
  endfacet
  facet normal 0 0.675778 -0.737105
    outer loop
      vertex -35 8.0894 11.114
      vertex -37.5 7.98327 11.0167
      vertex -37.5 8.0894 11.114
    endloop
  endfacet
  facet normal 0 -0.300742 0.953705
    outer loop
      vertex -37.5 9.71433 8.29951
      vertex -35 9.57705 8.25622
      vertex -35 9.71433 8.29951
    endloop
  endfacet
  facet normal 0 -0.300742 0.953705
    outer loop
      vertex -35 9.57705 8.25622
      vertex -37.5 9.71433 8.29951
      vertex -37.5 9.57705 8.25622
    endloop
  endfacet
  facet normal 0 0.737218 -0.675655
    outer loop
      vertex -35 7.88603 10.9106
      vertex -37.5 7.98327 11.0167
      vertex -35 7.98327 11.0167
    endloop
  endfacet
  facet normal 0 0.737218 -0.675655
    outer loop
      vertex -37.5 7.98327 11.0167
      vertex -35 7.88603 10.9106
      vertex -37.5 7.88603 10.9106
    endloop
  endfacet
  facet normal 0 -0.608767 0.793349
    outer loop
      vertex -37.5 10.2106 8.58603
      vertex -35 10.0964 8.4984
      vertex -35 10.2106 8.58603
    endloop
  endfacet
  facet normal 0 -0.608767 0.793349
    outer loop
      vertex -35 10.0964 8.4984
      vertex -37.5 10.2106 8.58603
      vertex -37.5 10.0964 8.4984
    endloop
  endfacet
  facet normal 0 -0.382646 0.923895
    outer loop
      vertex -37.5 9.84732 8.35459
      vertex -35 9.71433 8.29951
      vertex -35 9.84732 8.35459
    endloop
  endfacet
  facet normal 0 -0.382646 0.923895
    outer loop
      vertex -35 9.71433 8.29951
      vertex -37.5 9.84732 8.35459
      vertex -37.5 9.71433 8.29951
    endloop
  endfacet
  facet normal 0 0.843518 0.5371
    outer loop
      vertex -35 -10.5016 27.2036
      vertex -37.5 -10.5789 27.325
      vertex -35 -10.5789 27.325
    endloop
  endfacet
  facet normal 0 0.843518 0.5371
    outer loop
      vertex -37.5 -10.5789 27.325
      vertex -35 -10.5016 27.2036
      vertex -37.5 -10.5016 27.2036
    endloop
  endfacet
  facet normal 0 -0.130607 -0.991434
    outer loop
      vertex -37.5 -9.00619 29.7937
      vertex -35 -8.86348 29.7749
      vertex -35 -9.00619 29.7937
    endloop
  endfacet
  facet normal -0 -0.130607 -0.991434
    outer loop
      vertex -35 -8.86348 29.7749
      vertex -37.5 -9.00619 29.7937
      vertex -37.5 -8.86348 29.7749
    endloop
  endfacet
  facet normal 0 -0.0437658 -0.999042
    outer loop
      vertex -37.5 -9.15 29.8
      vertex -35 -9.00619 29.7937
      vertex -35 -9.15 29.8
    endloop
  endfacet
  facet normal -0 -0.0437658 -0.999042
    outer loop
      vertex -35 -9.00619 29.7937
      vertex -37.5 -9.15 29.8
      vertex -37.5 -9.00619 29.7937
    endloop
  endfacet
  facet normal 0 -0.216077 -0.976376
    outer loop
      vertex -37.5 -8.86348 29.7749
      vertex -35 -8.72295 29.7438
      vertex -35 -8.86348 29.7749
    endloop
  endfacet
  facet normal -0 -0.216077 -0.976376
    outer loop
      vertex -35 -8.72295 29.7438
      vertex -37.5 -8.86348 29.7749
      vertex -37.5 -8.72295 29.7438
    endloop
  endfacet
  facet normal 0 -0.991442 0.130548
    outer loop
      vertex -37.5 -7.52507 27.8635
      vertex -35 -7.50628 28.0062
      vertex -37.5 -7.50628 28.0062
    endloop
  endfacet
  facet normal 0 -0.991442 0.130548
    outer loop
      vertex -35 -7.50628 28.0062
      vertex -37.5 -7.52507 27.8635
      vertex -35 -7.52507 27.8635
    endloop
  endfacet
  facet normal 0 -0.5371 -0.843518
    outer loop
      vertex -37.5 -8.325 29.5789
      vertex -35 -8.2036 29.5016
      vertex -35 -8.325 29.5789
    endloop
  endfacet
  facet normal -0 -0.5371 -0.843518
    outer loop
      vertex -35 -8.2036 29.5016
      vertex -37.5 -8.325 29.5789
      vertex -37.5 -8.2036 29.5016
    endloop
  endfacet
  facet normal 0 -0.793349 -0.608767
    outer loop
      vertex -37.5 -7.7984 29.0964
      vertex -35 -7.88603 29.2106
      vertex -37.5 -7.88603 29.2106
    endloop
  endfacet
  facet normal 0 -0.793349 -0.608767
    outer loop
      vertex -35 -7.88603 29.2106
      vertex -37.5 -7.7984 29.0964
      vertex -35 -7.7984 29.0964
    endloop
  endfacet
  facet normal 0 0.0437658 -0.999042
    outer loop
      vertex -37.5 -9.29381 29.7937
      vertex -35 -9.15 29.8
      vertex -35 -9.29381 29.7937
    endloop
  endfacet
  facet normal 0 0.0437658 -0.999042
    outer loop
      vertex -35 -9.15 29.8
      vertex -37.5 -9.29381 29.7937
      vertex -37.5 -9.15 29.8
    endloop
  endfacet
  facet normal 0 0.73701 0.675882
    outer loop
      vertex -35 -10.3167 26.9833
      vertex -37.5 -10.414 27.0894
      vertex -35 -10.414 27.0894
    endloop
  endfacet
  facet normal 0 0.73701 0.675882
    outer loop
      vertex -37.5 -10.414 27.0894
      vertex -35 -10.3167 26.9833
      vertex -37.5 -10.3167 26.9833
    endloop
  endfacet
  facet normal 0 -0.976326 0.216305
    outer loop
      vertex -37.5 -7.55622 27.7229
      vertex -35 -7.52507 27.8635
      vertex -37.5 -7.52507 27.8635
    endloop
  endfacet
  facet normal 0 -0.976326 0.216305
    outer loop
      vertex -35 -7.52507 27.8635
      vertex -37.5 -7.55622 27.7229
      vertex -35 -7.55622 27.7229
    endloop
  endfacet
  facet normal 0 0.991433 0.130616
    outer loop
      vertex -35 -10.7749 27.8635
      vertex -37.5 -10.7937 28.0062
      vertex -35 -10.7937 28.0062
    endloop
  endfacet
  facet normal 0 0.991433 0.130616
    outer loop
      vertex -37.5 -10.7937 28.0062
      vertex -35 -10.7749 27.8635
      vertex -37.5 -10.7749 27.8635
    endloop
  endfacet
  facet normal 0 -0.887029 -0.461714
    outer loop
      vertex -37.5 -7.65459 28.8473
      vertex -35 -7.72106 28.975
      vertex -37.5 -7.72106 28.975
    endloop
  endfacet
  facet normal 0 -0.887029 -0.461714
    outer loop
      vertex -35 -7.72106 28.975
      vertex -37.5 -7.65459 28.8473
      vertex -35 -7.65459 28.8473
    endloop
  endfacet
  facet normal 0 0.953635 0.300965
    outer loop
      vertex -35 -10.7005 27.5857
      vertex -37.5 -10.7438 27.7229
      vertex -35 -10.7438 27.7229
    endloop
  endfacet
  facet normal 0 0.953635 0.300965
    outer loop
      vertex -37.5 -10.7438 27.7229
      vertex -35 -10.7005 27.5857
      vertex -37.5 -10.7005 27.5857
    endloop
  endfacet
  facet normal 0 -0.923905 0.382622
    outer loop
      vertex -37.5 -7.65459 27.4527
      vertex -35 -7.59951 27.5857
      vertex -37.5 -7.59951 27.5857
    endloop
  endfacet
  facet normal 0 -0.923905 0.382622
    outer loop
      vertex -35 -7.59951 27.5857
      vertex -37.5 -7.65459 27.4527
      vertex -35 -7.65459 27.4527
    endloop
  endfacet
  facet normal -0 0.461934 0.886914
    outer loop
      vertex -37.5 -9.84732 26.6546
      vertex -35 -9.975 26.7211
      vertex -35 -9.84732 26.6546
    endloop
  endfacet
  facet normal 0 0.461934 0.886914
    outer loop
      vertex -35 -9.975 26.7211
      vertex -37.5 -9.84732 26.6546
      vertex -37.5 -9.975 26.7211
    endloop
  endfacet
  facet normal -0 0.675882 0.73701
    outer loop
      vertex -37.5 -10.2106 26.886
      vertex -35 -10.3167 26.9833
      vertex -35 -10.2106 26.886
    endloop
  endfacet
  facet normal 0 0.675882 0.73701
    outer loop
      vertex -35 -10.3167 26.9833
      vertex -37.5 -10.2106 26.886
      vertex -37.5 -10.3167 26.9833
    endloop
  endfacet
  facet normal 0 0.79345 0.608636
    outer loop
      vertex -35 -10.414 27.0894
      vertex -37.5 -10.5016 27.2036
      vertex -35 -10.5016 27.2036
    endloop
  endfacet
  facet normal 0 0.79345 0.608636
    outer loop
      vertex -37.5 -10.5016 27.2036
      vertex -35 -10.414 27.0894
      vertex -37.5 -10.414 27.0894
    endloop
  endfacet
  facet normal 0 0.923856 -0.38274
    outer loop
      vertex -35 -10.7005 28.7143
      vertex -37.5 -10.6454 28.8473
      vertex -35 -10.6454 28.8473
    endloop
  endfacet
  facet normal 0 0.923856 -0.38274
    outer loop
      vertex -37.5 -10.6454 28.8473
      vertex -35 -10.7005 28.7143
      vertex -37.5 -10.7005 28.7143
    endloop
  endfacet
  facet normal 0 0.953635 -0.300965
    outer loop
      vertex -35 -10.7438 28.5771
      vertex -37.5 -10.7005 28.7143
      vertex -35 -10.7005 28.7143
    endloop
  endfacet
  facet normal 0 0.953635 -0.300965
    outer loop
      vertex -37.5 -10.7005 28.7143
      vertex -35 -10.7438 28.5771
      vertex -37.5 -10.7438 28.5771
    endloop
  endfacet
  facet normal 0 -0.887029 0.461714
    outer loop
      vertex -37.5 -7.72106 27.325
      vertex -35 -7.65459 27.4527
      vertex -37.5 -7.65459 27.4527
    endloop
  endfacet
  facet normal 0 -0.887029 0.461714
    outer loop
      vertex -35 -7.65459 27.4527
      vertex -37.5 -7.72106 27.325
      vertex -35 -7.72106 27.325
    endloop
  endfacet
  facet normal -0 0.0437658 0.999042
    outer loop
      vertex -37.5 -9.15 26.5
      vertex -35 -9.29381 26.5063
      vertex -35 -9.15 26.5
    endloop
  endfacet
  facet normal 0 0.0437658 0.999042
    outer loop
      vertex -35 -9.29381 26.5063
      vertex -37.5 -9.15 26.5
      vertex -37.5 -9.29381 26.5063
    endloop
  endfacet
  facet normal 0 0.976399 -0.215974
    outer loop
      vertex -35 -10.7749 28.4365
      vertex -37.5 -10.7438 28.5771
      vertex -35 -10.7438 28.5771
    endloop
  endfacet
  facet normal 0 0.976399 -0.215974
    outer loop
      vertex -37.5 -10.7438 28.5771
      vertex -35 -10.7749 28.4365
      vertex -37.5 -10.7749 28.4365
    endloop
  endfacet
  facet normal 0 -0.999048 -0.0436302
    outer loop
      vertex -37.5 -7.5 28.15
      vertex -35 -7.50628 28.2938
      vertex -37.5 -7.50628 28.2938
    endloop
  endfacet
  facet normal 0 -0.999048 -0.0436302
    outer loop
      vertex -35 -7.50628 28.2938
      vertex -37.5 -7.5 28.15
      vertex -35 -7.5 28.15
    endloop
  endfacet
  facet normal -0 0.5371 0.843518
    outer loop
      vertex -37.5 -9.975 26.7211
      vertex -35 -10.0964 26.7984
      vertex -35 -9.975 26.7211
    endloop
  endfacet
  facet normal 0 0.5371 0.843518
    outer loop
      vertex -35 -10.0964 26.7984
      vertex -37.5 -9.975 26.7211
      vertex -37.5 -10.0964 26.7984
    endloop
  endfacet
  facet normal 0 -0.923905 -0.382622
    outer loop
      vertex -37.5 -7.59951 28.7143
      vertex -35 -7.65459 28.8473
      vertex -37.5 -7.65459 28.8473
    endloop
  endfacet
  facet normal 0 -0.923905 -0.382622
    outer loop
      vertex -35 -7.65459 28.8473
      vertex -37.5 -7.59951 28.7143
      vertex -35 -7.59951 28.7143
    endloop
  endfacet
  facet normal 0 0.5371 -0.843518
    outer loop
      vertex -37.5 -10.0964 29.5016
      vertex -35 -9.975 29.5789
      vertex -35 -10.0964 29.5016
    endloop
  endfacet
  facet normal 0 0.5371 -0.843518
    outer loop
      vertex -35 -9.975 29.5789
      vertex -37.5 -10.0964 29.5016
      vertex -37.5 -9.975 29.5789
    endloop
  endfacet
  facet normal 0 0.886944 -0.461878
    outer loop
      vertex -35 -10.6454 28.8473
      vertex -37.5 -10.5789 28.975
      vertex -35 -10.5789 28.975
    endloop
  endfacet
  facet normal 0 0.886944 -0.461878
    outer loop
      vertex -37.5 -10.5789 28.975
      vertex -35 -10.6454 28.8473
      vertex -37.5 -10.6454 28.8473
    endloop
  endfacet
  facet normal 0 0.216077 -0.976376
    outer loop
      vertex -37.5 -9.57705 29.7438
      vertex -35 -9.43652 29.7749
      vertex -35 -9.57705 29.7438
    endloop
  endfacet
  facet normal 0 0.216077 -0.976376
    outer loop
      vertex -35 -9.43652 29.7749
      vertex -37.5 -9.57705 29.7438
      vertex -37.5 -9.43652 29.7749
    endloop
  endfacet
  facet normal 0 -0.953655 0.300902
    outer loop
      vertex -37.5 -7.59951 27.5857
      vertex -35 -7.55622 27.7229
      vertex -37.5 -7.55622 27.7229
    endloop
  endfacet
  facet normal 0 -0.953655 0.300902
    outer loop
      vertex -35 -7.55622 27.7229
      vertex -37.5 -7.59951 27.5857
      vertex -35 -7.59951 27.5857
    endloop
  endfacet
  facet normal 0 0.608636 -0.79345
    outer loop
      vertex -37.5 -10.2106 29.414
      vertex -35 -10.0964 29.5016
      vertex -35 -10.2106 29.414
    endloop
  endfacet
  facet normal 0 0.608636 -0.79345
    outer loop
      vertex -35 -10.0964 29.5016
      vertex -37.5 -10.2106 29.414
      vertex -37.5 -10.0964 29.5016
    endloop
  endfacet
  facet normal 0 -0.382765 -0.923846
    outer loop
      vertex -37.5 -8.58567 29.7005
      vertex -35 -8.45268 29.6454
      vertex -35 -8.58567 29.7005
    endloop
  endfacet
  facet normal -0 -0.382765 -0.923846
    outer loop
      vertex -35 -8.45268 29.6454
      vertex -37.5 -8.58567 29.7005
      vertex -37.5 -8.45268 29.6454
    endloop
  endfacet
  facet normal -0 0.130607 0.991434
    outer loop
      vertex -37.5 -9.29381 26.5063
      vertex -35 -9.43652 26.5251
      vertex -35 -9.29381 26.5063
    endloop
  endfacet
  facet normal 0 0.130607 0.991434
    outer loop
      vertex -35 -9.43652 26.5251
      vertex -37.5 -9.29381 26.5063
      vertex -37.5 -9.43652 26.5251
    endloop
  endfacet
  facet normal -0 0.216077 0.976376
    outer loop
      vertex -37.5 -9.43652 26.5251
      vertex -35 -9.57705 26.5562
      vertex -35 -9.43652 26.5251
    endloop
  endfacet
  facet normal 0 0.216077 0.976376
    outer loop
      vertex -35 -9.57705 26.5562
      vertex -37.5 -9.43652 26.5251
      vertex -37.5 -9.57705 26.5562
    endloop
  endfacet
  facet normal 0 0.382765 -0.923846
    outer loop
      vertex -37.5 -9.84732 29.6454
      vertex -35 -9.71433 29.7005
      vertex -35 -9.84732 29.6454
    endloop
  endfacet
  facet normal 0 0.382765 -0.923846
    outer loop
      vertex -35 -9.71433 29.7005
      vertex -37.5 -9.84732 29.6454
      vertex -37.5 -9.71433 29.7005
    endloop
  endfacet
  facet normal 0 -0.216077 0.976376
    outer loop
      vertex -37.5 -8.72295 26.5562
      vertex -35 -8.86348 26.5251
      vertex -35 -8.72295 26.5562
    endloop
  endfacet
  facet normal 0 -0.216077 0.976376
    outer loop
      vertex -35 -8.86348 26.5251
      vertex -37.5 -8.72295 26.5562
      vertex -37.5 -8.86348 26.5251
    endloop
  endfacet
  facet normal 0 -0.382765 0.923846
    outer loop
      vertex -37.5 -8.45268 26.6546
      vertex -35 -8.58567 26.5995
      vertex -35 -8.45268 26.6546
    endloop
  endfacet
  facet normal 0 -0.382765 0.923846
    outer loop
      vertex -35 -8.58567 26.5995
      vertex -37.5 -8.45268 26.6546
      vertex -37.5 -8.58567 26.5995
    endloop
  endfacet
  facet normal 0 -0.300806 0.953686
    outer loop
      vertex -37.5 -8.58567 26.5995
      vertex -35 -8.72295 26.5562
      vertex -35 -8.58567 26.5995
    endloop
  endfacet
  facet normal 0 -0.300806 0.953686
    outer loop
      vertex -35 -8.72295 26.5562
      vertex -37.5 -8.58567 26.5995
      vertex -37.5 -8.72295 26.5562
    endloop
  endfacet
  facet normal 0 -0.300806 -0.953686
    outer loop
      vertex -37.5 -8.72295 29.7438
      vertex -35 -8.58567 29.7005
      vertex -35 -8.72295 29.7438
    endloop
  endfacet
  facet normal -0 -0.300806 -0.953686
    outer loop
      vertex -35 -8.58567 29.7005
      vertex -37.5 -8.72295 29.7438
      vertex -37.5 -8.58567 29.7005
    endloop
  endfacet
  facet normal 0 -0.675778 -0.737105
    outer loop
      vertex -37.5 -8.0894 29.414
      vertex -35 -7.98327 29.3167
      vertex -35 -8.0894 29.414
    endloop
  endfacet
  facet normal -0 -0.675778 -0.737105
    outer loop
      vertex -35 -7.98327 29.3167
      vertex -37.5 -8.0894 29.414
      vertex -37.5 -7.98327 29.3167
    endloop
  endfacet
  facet normal 0 -0.976326 -0.216305
    outer loop
      vertex -37.5 -7.52507 28.4365
      vertex -35 -7.55622 28.5771
      vertex -37.5 -7.55622 28.5771
    endloop
  endfacet
  facet normal 0 -0.976326 -0.216305
    outer loop
      vertex -35 -7.55622 28.5771
      vertex -37.5 -7.52507 28.4365
      vertex -35 -7.52507 28.4365
    endloop
  endfacet
  facet normal 0 0.461934 -0.886914
    outer loop
      vertex -37.5 -9.975 29.5789
      vertex -35 -9.84732 29.6454
      vertex -35 -9.975 29.5789
    endloop
  endfacet
  facet normal 0 0.461934 -0.886914
    outer loop
      vertex -35 -9.84732 29.6454
      vertex -37.5 -9.975 29.5789
      vertex -37.5 -9.84732 29.6454
    endloop
  endfacet
  facet normal 0 -0.991442 -0.130548
    outer loop
      vertex -37.5 -7.50628 28.2938
      vertex -35 -7.52507 28.4365
      vertex -37.5 -7.52507 28.4365
    endloop
  endfacet
  facet normal 0 -0.991442 -0.130548
    outer loop
      vertex -35 -7.52507 28.4365
      vertex -37.5 -7.50628 28.2938
      vertex -35 -7.50628 28.2938
    endloop
  endfacet
  facet normal 0 -0.843392 0.537298
    outer loop
      vertex -37.5 -7.7984 27.2036
      vertex -35 -7.72106 27.325
      vertex -37.5 -7.72106 27.325
    endloop
  endfacet
  facet normal 0 -0.843392 0.537298
    outer loop
      vertex -35 -7.72106 27.325
      vertex -37.5 -7.7984 27.2036
      vertex -35 -7.7984 27.2036
    endloop
  endfacet
  facet normal 0 -0.843392 -0.537298
    outer loop
      vertex -37.5 -7.72106 28.975
      vertex -35 -7.7984 29.0964
      vertex -37.5 -7.7984 29.0964
    endloop
  endfacet
  facet normal 0 -0.843392 -0.537298
    outer loop
      vertex -35 -7.7984 29.0964
      vertex -37.5 -7.72106 28.975
      vertex -35 -7.72106 28.975
    endloop
  endfacet
  facet normal -0 0.382765 0.923846
    outer loop
      vertex -37.5 -9.71433 26.5995
      vertex -35 -9.84732 26.6546
      vertex -35 -9.71433 26.5995
    endloop
  endfacet
  facet normal 0 0.382765 0.923846
    outer loop
      vertex -35 -9.84732 26.6546
      vertex -37.5 -9.71433 26.5995
      vertex -37.5 -9.84732 26.6546
    endloop
  endfacet
  facet normal 0 0.130607 -0.991434
    outer loop
      vertex -37.5 -9.43652 29.7749
      vertex -35 -9.29381 29.7937
      vertex -35 -9.43652 29.7749
    endloop
  endfacet
  facet normal 0 0.130607 -0.991434
    outer loop
      vertex -35 -9.29381 29.7937
      vertex -37.5 -9.43652 29.7749
      vertex -37.5 -9.29381 29.7937
    endloop
  endfacet
  facet normal 0 0.843518 -0.5371
    outer loop
      vertex -35 -10.5789 28.975
      vertex -37.5 -10.5016 29.0964
      vertex -35 -10.5016 29.0964
    endloop
  endfacet
  facet normal 0 0.843518 -0.5371
    outer loop
      vertex -37.5 -10.5016 29.0964
      vertex -35 -10.5789 28.975
      vertex -37.5 -10.5789 28.975
    endloop
  endfacet
  facet normal 0 -0.461934 -0.886914
    outer loop
      vertex -37.5 -8.45268 29.6454
      vertex -35 -8.325 29.5789
      vertex -35 -8.45268 29.6454
    endloop
  endfacet
  facet normal -0 -0.461934 -0.886914
    outer loop
      vertex -35 -8.325 29.5789
      vertex -37.5 -8.45268 29.6454
      vertex -37.5 -8.325 29.5789
    endloop
  endfacet
  facet normal 0 0.923856 0.38274
    outer loop
      vertex -35 -10.6454 27.4527
      vertex -37.5 -10.7005 27.5857
      vertex -35 -10.7005 27.5857
    endloop
  endfacet
  facet normal 0 0.923856 0.38274
    outer loop
      vertex -37.5 -10.7005 27.5857
      vertex -35 -10.6454 27.4527
      vertex -37.5 -10.6454 27.4527
    endloop
  endfacet
  facet normal 0 0.73701 -0.675882
    outer loop
      vertex -35 -10.414 29.2106
      vertex -37.5 -10.3167 29.3167
      vertex -35 -10.3167 29.3167
    endloop
  endfacet
  facet normal 0 0.73701 -0.675882
    outer loop
      vertex -37.5 -10.3167 29.3167
      vertex -35 -10.414 29.2106
      vertex -37.5 -10.414 29.2106
    endloop
  endfacet
  facet normal 0 -0.793349 0.608767
    outer loop
      vertex -37.5 -7.88603 27.0894
      vertex -35 -7.7984 27.2036
      vertex -37.5 -7.7984 27.2036
    endloop
  endfacet
  facet normal 0 -0.793349 0.608767
    outer loop
      vertex -35 -7.7984 27.2036
      vertex -37.5 -7.88603 27.0894
      vertex -35 -7.88603 27.0894
    endloop
  endfacet
  facet normal 0 -0.737218 0.675655
    outer loop
      vertex -37.5 -7.98327 26.9833
      vertex -35 -7.88603 27.0894
      vertex -37.5 -7.88603 27.0894
    endloop
  endfacet
  facet normal 0 -0.737218 0.675655
    outer loop
      vertex -35 -7.88603 27.0894
      vertex -37.5 -7.98327 26.9833
      vertex -35 -7.98327 26.9833
    endloop
  endfacet
  facet normal 0 0.976399 0.215974
    outer loop
      vertex -35 -10.7438 27.7229
      vertex -37.5 -10.7749 27.8635
      vertex -35 -10.7749 27.8635
    endloop
  endfacet
  facet normal 0 0.976399 0.215974
    outer loop
      vertex -37.5 -10.7749 27.8635
      vertex -35 -10.7438 27.7229
      vertex -37.5 -10.7438 27.7229
    endloop
  endfacet
  facet normal -0 0.300806 0.953686
    outer loop
      vertex -37.5 -9.57705 26.5562
      vertex -35 -9.71433 26.5995
      vertex -35 -9.57705 26.5562
    endloop
  endfacet
  facet normal 0 0.300806 0.953686
    outer loop
      vertex -35 -9.71433 26.5995
      vertex -37.5 -9.57705 26.5562
      vertex -37.5 -9.71433 26.5995
    endloop
  endfacet
  facet normal 0 -0.5371 0.843518
    outer loop
      vertex -37.5 -8.2036 26.7984
      vertex -35 -8.325 26.7211
      vertex -35 -8.2036 26.7984
    endloop
  endfacet
  facet normal 0 -0.5371 0.843518
    outer loop
      vertex -35 -8.325 26.7211
      vertex -37.5 -8.2036 26.7984
      vertex -37.5 -8.325 26.7211
    endloop
  endfacet
  facet normal 0 0.991433 -0.130616
    outer loop
      vertex -35 -10.7937 28.2938
      vertex -37.5 -10.7749 28.4365
      vertex -35 -10.7749 28.4365
    endloop
  endfacet
  facet normal 0 0.991433 -0.130616
    outer loop
      vertex -37.5 -10.7749 28.4365
      vertex -35 -10.7937 28.2938
      vertex -37.5 -10.7937 28.2938
    endloop
  endfacet
  facet normal 0 -0.608636 -0.79345
    outer loop
      vertex -37.5 -8.2036 29.5016
      vertex -35 -8.0894 29.414
      vertex -35 -8.2036 29.5016
    endloop
  endfacet
  facet normal -0 -0.608636 -0.79345
    outer loop
      vertex -35 -8.0894 29.414
      vertex -37.5 -8.2036 29.5016
      vertex -37.5 -8.0894 29.414
    endloop
  endfacet
  facet normal 0 -0.130607 0.991434
    outer loop
      vertex -37.5 -8.86348 26.5251
      vertex -35 -9.00619 26.5063
      vertex -35 -8.86348 26.5251
    endloop
  endfacet
  facet normal 0 -0.130607 0.991434
    outer loop
      vertex -35 -9.00619 26.5063
      vertex -37.5 -8.86348 26.5251
      vertex -37.5 -9.00619 26.5063
    endloop
  endfacet
  facet normal 0 -0.737218 -0.675655
    outer loop
      vertex -37.5 -7.88603 29.2106
      vertex -35 -7.98327 29.3167
      vertex -37.5 -7.98327 29.3167
    endloop
  endfacet
  facet normal 0 -0.737218 -0.675655
    outer loop
      vertex -35 -7.98327 29.3167
      vertex -37.5 -7.88603 29.2106
      vertex -35 -7.88603 29.2106
    endloop
  endfacet
  facet normal 0 0.79345 -0.608636
    outer loop
      vertex -35 -10.5016 29.0964
      vertex -37.5 -10.414 29.2106
      vertex -35 -10.414 29.2106
    endloop
  endfacet
  facet normal 0 0.79345 -0.608636
    outer loop
      vertex -37.5 -10.414 29.2106
      vertex -35 -10.5016 29.0964
      vertex -37.5 -10.5016 29.0964
    endloop
  endfacet
  facet normal 0 0.999042 -0.0437689
    outer loop
      vertex -35 -10.8 28.15
      vertex -37.5 -10.7937 28.2938
      vertex -35 -10.7937 28.2938
    endloop
  endfacet
  facet normal 0 0.999042 -0.0437689
    outer loop
      vertex -37.5 -10.7937 28.2938
      vertex -35 -10.8 28.15
      vertex -37.5 -10.8 28.15
    endloop
  endfacet
  facet normal 0 -0.953655 -0.300902
    outer loop
      vertex -37.5 -7.55622 28.5771
      vertex -35 -7.59951 28.7143
      vertex -37.5 -7.59951 28.7143
    endloop
  endfacet
  facet normal 0 -0.953655 -0.300902
    outer loop
      vertex -35 -7.59951 28.7143
      vertex -37.5 -7.55622 28.5771
      vertex -35 -7.55622 28.5771
    endloop
  endfacet
  facet normal 0 0.300806 -0.953686
    outer loop
      vertex -37.5 -9.71433 29.7005
      vertex -35 -9.57705 29.7438
      vertex -35 -9.71433 29.7005
    endloop
  endfacet
  facet normal 0 0.300806 -0.953686
    outer loop
      vertex -35 -9.57705 29.7438
      vertex -37.5 -9.71433 29.7005
      vertex -37.5 -9.57705 29.7438
    endloop
  endfacet
  facet normal -0 0.608636 0.79345
    outer loop
      vertex -37.5 -10.0964 26.7984
      vertex -35 -10.2106 26.886
      vertex -35 -10.0964 26.7984
    endloop
  endfacet
  facet normal 0 0.608636 0.79345
    outer loop
      vertex -35 -10.2106 26.886
      vertex -37.5 -10.0964 26.7984
      vertex -37.5 -10.2106 26.886
    endloop
  endfacet
  facet normal 0 0.886944 0.461878
    outer loop
      vertex -35 -10.5789 27.325
      vertex -37.5 -10.6454 27.4527
      vertex -35 -10.6454 27.4527
    endloop
  endfacet
  facet normal 0 0.886944 0.461878
    outer loop
      vertex -37.5 -10.6454 27.4527
      vertex -35 -10.5789 27.325
      vertex -37.5 -10.5789 27.325
    endloop
  endfacet
  facet normal 0 -0.675778 0.737105
    outer loop
      vertex -37.5 -7.98327 26.9833
      vertex -35 -8.0894 26.886
      vertex -35 -7.98327 26.9833
    endloop
  endfacet
  facet normal 0 -0.675778 0.737105
    outer loop
      vertex -35 -8.0894 26.886
      vertex -37.5 -7.98327 26.9833
      vertex -37.5 -8.0894 26.886
    endloop
  endfacet
  facet normal 0 -0.0437658 0.999042
    outer loop
      vertex -37.5 -9.00619 26.5063
      vertex -35 -9.15 26.5
      vertex -35 -9.00619 26.5063
    endloop
  endfacet
  facet normal 0 -0.0437658 0.999042
    outer loop
      vertex -35 -9.15 26.5
      vertex -37.5 -9.00619 26.5063
      vertex -37.5 -9.15 26.5
    endloop
  endfacet
  facet normal 0 0.675882 -0.73701
    outer loop
      vertex -37.5 -10.3167 29.3167
      vertex -35 -10.2106 29.414
      vertex -35 -10.3167 29.3167
    endloop
  endfacet
  facet normal 0 0.675882 -0.73701
    outer loop
      vertex -35 -10.2106 29.414
      vertex -37.5 -10.3167 29.3167
      vertex -37.5 -10.2106 29.414
    endloop
  endfacet
  facet normal 0 -0.999048 0.0436302
    outer loop
      vertex -37.5 -7.50628 28.0062
      vertex -35 -7.5 28.15
      vertex -37.5 -7.5 28.15
    endloop
  endfacet
  facet normal 0 -0.999048 0.0436302
    outer loop
      vertex -35 -7.5 28.15
      vertex -37.5 -7.50628 28.0062
      vertex -35 -7.50628 28.0062
    endloop
  endfacet
  facet normal 0 -0.461934 0.886914
    outer loop
      vertex -37.5 -8.325 26.7211
      vertex -35 -8.45268 26.6546
      vertex -35 -8.325 26.7211
    endloop
  endfacet
  facet normal 0 -0.461934 0.886914
    outer loop
      vertex -35 -8.45268 26.6546
      vertex -37.5 -8.325 26.7211
      vertex -37.5 -8.45268 26.6546
    endloop
  endfacet
  facet normal 0 0.999042 0.0437689
    outer loop
      vertex -35 -10.7937 28.0062
      vertex -37.5 -10.8 28.15
      vertex -35 -10.8 28.15
    endloop
  endfacet
  facet normal 0 0.999042 0.0437689
    outer loop
      vertex -37.5 -10.8 28.15
      vertex -35 -10.7937 28.0062
      vertex -37.5 -10.7937 28.0062
    endloop
  endfacet
  facet normal 0 -0.608636 0.79345
    outer loop
      vertex -37.5 -8.0894 26.886
      vertex -35 -8.2036 26.7984
      vertex -35 -8.0894 26.886
    endloop
  endfacet
  facet normal 0 -0.608636 0.79345
    outer loop
      vertex -35 -8.2036 26.7984
      vertex -37.5 -8.0894 26.886
      vertex -37.5 -8.2036 26.7984
    endloop
  endfacet
  facet normal 0 0.953655 0.300902
    outer loop
      vertex -35 7.59951 27.5857
      vertex -37.5 7.55622 27.7229
      vertex -35 7.55622 27.7229
    endloop
  endfacet
  facet normal 0 0.953655 0.300902
    outer loop
      vertex -37.5 7.55622 27.7229
      vertex -35 7.59951 27.5857
      vertex -37.5 7.59951 27.5857
    endloop
  endfacet
  facet normal 0 -0.130607 -0.991434
    outer loop
      vertex -37.5 9.29381 29.7937
      vertex -35 9.43652 29.7749
      vertex -35 9.29381 29.7937
    endloop
  endfacet
  facet normal -0 -0.130607 -0.991434
    outer loop
      vertex -35 9.43652 29.7749
      vertex -37.5 9.29381 29.7937
      vertex -37.5 9.43652 29.7749
    endloop
  endfacet
  facet normal 0 -0.0437658 -0.999042
    outer loop
      vertex -37.5 9.15 29.8
      vertex -35 9.29381 29.7937
      vertex -35 9.15 29.8
    endloop
  endfacet
  facet normal -0 -0.0437658 -0.999042
    outer loop
      vertex -35 9.29381 29.7937
      vertex -37.5 9.15 29.8
      vertex -37.5 9.29381 29.7937
    endloop
  endfacet
  facet normal 0 -0.216077 -0.976376
    outer loop
      vertex -37.5 9.43652 29.7749
      vertex -35 9.57705 29.7438
      vertex -35 9.43652 29.7749
    endloop
  endfacet
  facet normal -0 -0.216077 -0.976376
    outer loop
      vertex -35 9.57705 29.7438
      vertex -37.5 9.43652 29.7749
      vertex -37.5 9.57705 29.7438
    endloop
  endfacet
  facet normal 0 -0.991433 -0.130616
    outer loop
      vertex -37.5 10.7937 28.2938
      vertex -35 10.7749 28.4365
      vertex -37.5 10.7749 28.4365
    endloop
  endfacet
  facet normal 0 -0.991433 -0.130616
    outer loop
      vertex -35 10.7749 28.4365
      vertex -37.5 10.7937 28.2938
      vertex -35 10.7937 28.2938
    endloop
  endfacet
  facet normal 0 -0.300806 0.953686
    outer loop
      vertex -37.5 9.71433 26.5995
      vertex -35 9.57705 26.5562
      vertex -35 9.71433 26.5995
    endloop
  endfacet
  facet normal 0 -0.300806 0.953686
    outer loop
      vertex -35 9.57705 26.5562
      vertex -37.5 9.71433 26.5995
      vertex -37.5 9.57705 26.5562
    endloop
  endfacet
  facet normal 0 0.953655 -0.300902
    outer loop
      vertex -35 7.55622 28.5771
      vertex -37.5 7.59951 28.7143
      vertex -35 7.59951 28.7143
    endloop
  endfacet
  facet normal 0 0.953655 -0.300902
    outer loop
      vertex -37.5 7.59951 28.7143
      vertex -35 7.55622 28.5771
      vertex -37.5 7.55622 28.5771
    endloop
  endfacet
  facet normal 0 0.991442 0.130548
    outer loop
      vertex -35 7.52507 27.8635
      vertex -37.5 7.50628 28.0062
      vertex -35 7.50628 28.0062
    endloop
  endfacet
  facet normal 0 0.991442 0.130548
    outer loop
      vertex -37.5 7.50628 28.0062
      vertex -35 7.52507 27.8635
      vertex -37.5 7.52507 27.8635
    endloop
  endfacet
  facet normal 0 0.976326 0.216305
    outer loop
      vertex -35 7.55622 27.7229
      vertex -37.5 7.52507 27.8635
      vertex -35 7.52507 27.8635
    endloop
  endfacet
  facet normal 0 0.976326 0.216305
    outer loop
      vertex -37.5 7.52507 27.8635
      vertex -35 7.55622 27.7229
      vertex -37.5 7.55622 27.7229
    endloop
  endfacet
  facet normal -0 0.382765 0.923846
    outer loop
      vertex -37.5 8.58567 26.5995
      vertex -35 8.45268 26.6546
      vertex -35 8.58567 26.5995
    endloop
  endfacet
  facet normal 0 0.382765 0.923846
    outer loop
      vertex -35 8.45268 26.6546
      vertex -37.5 8.58567 26.5995
      vertex -37.5 8.45268 26.6546
    endloop
  endfacet
  facet normal 0 -0.976399 0.215974
    outer loop
      vertex -37.5 10.7438 27.7229
      vertex -35 10.7749 27.8635
      vertex -37.5 10.7749 27.8635
    endloop
  endfacet
  facet normal 0 -0.976399 0.215974
    outer loop
      vertex -35 10.7749 27.8635
      vertex -37.5 10.7438 27.7229
      vertex -35 10.7438 27.7229
    endloop
  endfacet
  facet normal 0 -0.953635 -0.300965
    outer loop
      vertex -37.5 10.7438 28.5771
      vertex -35 10.7005 28.7143
      vertex -37.5 10.7005 28.7143
    endloop
  endfacet
  facet normal 0 -0.953635 -0.300965
    outer loop
      vertex -35 10.7005 28.7143
      vertex -37.5 10.7438 28.5771
      vertex -35 10.7438 28.5771
    endloop
  endfacet
  facet normal 0 -0.608636 -0.79345
    outer loop
      vertex -37.5 10.0964 29.5016
      vertex -35 10.2106 29.414
      vertex -35 10.0964 29.5016
    endloop
  endfacet
  facet normal -0 -0.608636 -0.79345
    outer loop
      vertex -35 10.2106 29.414
      vertex -37.5 10.0964 29.5016
      vertex -37.5 10.2106 29.414
    endloop
  endfacet
  facet normal 0 -0.953635 0.300965
    outer loop
      vertex -37.5 10.7005 27.5857
      vertex -35 10.7438 27.7229
      vertex -37.5 10.7438 27.7229
    endloop
  endfacet
  facet normal 0 -0.953635 0.300965
    outer loop
      vertex -35 10.7438 27.7229
      vertex -37.5 10.7005 27.5857
      vertex -35 10.7005 27.5857
    endloop
  endfacet
  facet normal 0 -0.79345 0.608636
    outer loop
      vertex -37.5 10.414 27.0894
      vertex -35 10.5016 27.2036
      vertex -37.5 10.5016 27.2036
    endloop
  endfacet
  facet normal 0 -0.79345 0.608636
    outer loop
      vertex -35 10.5016 27.2036
      vertex -37.5 10.414 27.0894
      vertex -35 10.414 27.0894
    endloop
  endfacet
  facet normal 0 0.216077 -0.976376
    outer loop
      vertex -37.5 8.72295 29.7438
      vertex -35 8.86348 29.7749
      vertex -35 8.72295 29.7438
    endloop
  endfacet
  facet normal 0 0.216077 -0.976376
    outer loop
      vertex -35 8.86348 29.7749
      vertex -37.5 8.72295 29.7438
      vertex -37.5 8.86348 29.7749
    endloop
  endfacet
  facet normal 0 -0.73701 0.675882
    outer loop
      vertex -37.5 10.3167 26.9833
      vertex -35 10.414 27.0894
      vertex -37.5 10.414 27.0894
    endloop
  endfacet
  facet normal 0 -0.73701 0.675882
    outer loop
      vertex -35 10.414 27.0894
      vertex -37.5 10.3167 26.9833
      vertex -35 10.3167 26.9833
    endloop
  endfacet
  facet normal 0 0.976326 -0.216305
    outer loop
      vertex -35 7.52507 28.4365
      vertex -37.5 7.55622 28.5771
      vertex -35 7.55622 28.5771
    endloop
  endfacet
  facet normal 0 0.976326 -0.216305
    outer loop
      vertex -37.5 7.55622 28.5771
      vertex -35 7.52507 28.4365
      vertex -37.5 7.52507 28.4365
    endloop
  endfacet
  facet normal 0 0.923905 0.382622
    outer loop
      vertex -35 7.65459 27.4527
      vertex -37.5 7.59951 27.5857
      vertex -35 7.59951 27.5857
    endloop
  endfacet
  facet normal 0 0.923905 0.382622
    outer loop
      vertex -37.5 7.59951 27.5857
      vertex -35 7.65459 27.4527
      vertex -37.5 7.65459 27.4527
    endloop
  endfacet
  facet normal -0 0.0437658 0.999042
    outer loop
      vertex -37.5 9.15 26.5
      vertex -35 9.00619 26.5063
      vertex -35 9.15 26.5
    endloop
  endfacet
  facet normal 0 0.0437658 0.999042
    outer loop
      vertex -35 9.00619 26.5063
      vertex -37.5 9.15 26.5
      vertex -37.5 9.00619 26.5063
    endloop
  endfacet
  facet normal 0 -0.991433 0.130616
    outer loop
      vertex -37.5 10.7749 27.8635
      vertex -35 10.7937 28.0062
      vertex -37.5 10.7937 28.0062
    endloop
  endfacet
  facet normal 0 -0.991433 0.130616
    outer loop
      vertex -35 10.7937 28.0062
      vertex -37.5 10.7749 27.8635
      vertex -35 10.7749 27.8635
    endloop
  endfacet
  facet normal 0 0.461934 -0.886914
    outer loop
      vertex -37.5 8.325 29.5789
      vertex -35 8.45268 29.6454
      vertex -35 8.325 29.5789
    endloop
  endfacet
  facet normal 0 0.461934 -0.886914
    outer loop
      vertex -35 8.45268 29.6454
      vertex -37.5 8.325 29.5789
      vertex -37.5 8.45268 29.6454
    endloop
  endfacet
  facet normal -0 0.300806 0.953686
    outer loop
      vertex -37.5 8.72295 26.5562
      vertex -35 8.58567 26.5995
      vertex -35 8.72295 26.5562
    endloop
  endfacet
  facet normal 0 0.300806 0.953686
    outer loop
      vertex -35 8.58567 26.5995
      vertex -37.5 8.72295 26.5562
      vertex -37.5 8.58567 26.5995
    endloop
  endfacet
  facet normal 0 -0.923856 0.38274
    outer loop
      vertex -37.5 10.6454 27.4527
      vertex -35 10.7005 27.5857
      vertex -37.5 10.7005 27.5857
    endloop
  endfacet
  facet normal 0 -0.923856 0.38274
    outer loop
      vertex -35 10.7005 27.5857
      vertex -37.5 10.6454 27.4527
      vertex -35 10.6454 27.4527
    endloop
  endfacet
  facet normal 0 0.5371 -0.843518
    outer loop
      vertex -37.5 8.2036 29.5016
      vertex -35 8.325 29.5789
      vertex -35 8.2036 29.5016
    endloop
  endfacet
  facet normal 0 0.5371 -0.843518
    outer loop
      vertex -35 8.325 29.5789
      vertex -37.5 8.2036 29.5016
      vertex -37.5 8.325 29.5789
    endloop
  endfacet
  facet normal 0 -0.5371 -0.843518
    outer loop
      vertex -37.5 9.975 29.5789
      vertex -35 10.0964 29.5016
      vertex -35 9.975 29.5789
    endloop
  endfacet
  facet normal -0 -0.5371 -0.843518
    outer loop
      vertex -35 10.0964 29.5016
      vertex -37.5 9.975 29.5789
      vertex -37.5 10.0964 29.5016
    endloop
  endfacet
  facet normal 0 -0.608636 0.79345
    outer loop
      vertex -37.5 10.2106 26.886
      vertex -35 10.0964 26.7984
      vertex -35 10.2106 26.886
    endloop
  endfacet
  facet normal 0 -0.608636 0.79345
    outer loop
      vertex -35 10.0964 26.7984
      vertex -37.5 10.2106 26.886
      vertex -37.5 10.0964 26.7984
    endloop
  endfacet
  facet normal 0 0.887029 -0.461714
    outer loop
      vertex -35 7.65459 28.8473
      vertex -37.5 7.72106 28.975
      vertex -35 7.72106 28.975
    endloop
  endfacet
  facet normal 0 0.887029 -0.461714
    outer loop
      vertex -37.5 7.72106 28.975
      vertex -35 7.65459 28.8473
      vertex -37.5 7.65459 28.8473
    endloop
  endfacet
  facet normal 0 -0.382765 -0.923846
    outer loop
      vertex -37.5 9.71433 29.7005
      vertex -35 9.84732 29.6454
      vertex -35 9.71433 29.7005
    endloop
  endfacet
  facet normal -0 -0.382765 -0.923846
    outer loop
      vertex -35 9.84732 29.6454
      vertex -37.5 9.71433 29.7005
      vertex -37.5 9.84732 29.6454
    endloop
  endfacet
  facet normal 0 -0.130607 0.991434
    outer loop
      vertex -37.5 9.43652 26.5251
      vertex -35 9.29381 26.5063
      vertex -35 9.43652 26.5251
    endloop
  endfacet
  facet normal 0 -0.130607 0.991434
    outer loop
      vertex -35 9.29381 26.5063
      vertex -37.5 9.43652 26.5251
      vertex -37.5 9.29381 26.5063
    endloop
  endfacet
  facet normal 0 -0.5371 0.843518
    outer loop
      vertex -37.5 10.0964 26.7984
      vertex -35 9.975 26.7211
      vertex -35 10.0964 26.7984
    endloop
  endfacet
  facet normal 0 -0.5371 0.843518
    outer loop
      vertex -35 9.975 26.7211
      vertex -37.5 10.0964 26.7984
      vertex -37.5 9.975 26.7211
    endloop
  endfacet
  facet normal 0 -0.300806 -0.953686
    outer loop
      vertex -37.5 9.57705 29.7438
      vertex -35 9.71433 29.7005
      vertex -35 9.57705 29.7438
    endloop
  endfacet
  facet normal -0 -0.300806 -0.953686
    outer loop
      vertex -35 9.71433 29.7005
      vertex -37.5 9.57705 29.7438
      vertex -37.5 9.71433 29.7005
    endloop
  endfacet
  facet normal 0 -0.999042 0.0437689
    outer loop
      vertex -37.5 10.7937 28.0062
      vertex -35 10.8 28.15
      vertex -37.5 10.8 28.15
    endloop
  endfacet
  facet normal 0 -0.999042 0.0437689
    outer loop
      vertex -35 10.8 28.15
      vertex -37.5 10.7937 28.0062
      vertex -35 10.7937 28.0062
    endloop
  endfacet
  facet normal 0 0.130607 -0.991434
    outer loop
      vertex -37.5 8.86348 29.7749
      vertex -35 9.00619 29.7937
      vertex -35 8.86348 29.7749
    endloop
  endfacet
  facet normal 0 0.130607 -0.991434
    outer loop
      vertex -35 9.00619 29.7937
      vertex -37.5 8.86348 29.7749
      vertex -37.5 9.00619 29.7937
    endloop
  endfacet
  facet normal 0 0.0437658 -0.999042
    outer loop
      vertex -37.5 9.00619 29.7937
      vertex -35 9.15 29.8
      vertex -35 9.00619 29.7937
    endloop
  endfacet
  facet normal 0 0.0437658 -0.999042
    outer loop
      vertex -35 9.15 29.8
      vertex -37.5 9.00619 29.7937
      vertex -37.5 9.15 29.8
    endloop
  endfacet
  facet normal 0 -0.886944 -0.461878
    outer loop
      vertex -37.5 10.6454 28.8473
      vertex -35 10.5789 28.975
      vertex -37.5 10.5789 28.975
    endloop
  endfacet
  facet normal 0 -0.886944 -0.461878
    outer loop
      vertex -35 10.5789 28.975
      vertex -37.5 10.6454 28.8473
      vertex -35 10.6454 28.8473
    endloop
  endfacet
  facet normal 0 0.843392 -0.537298
    outer loop
      vertex -35 7.72106 28.975
      vertex -37.5 7.7984 29.0964
      vertex -35 7.7984 29.0964
    endloop
  endfacet
  facet normal 0 0.843392 -0.537298
    outer loop
      vertex -37.5 7.7984 29.0964
      vertex -35 7.72106 28.975
      vertex -37.5 7.72106 28.975
    endloop
  endfacet
  facet normal 0 -0.79345 -0.608636
    outer loop
      vertex -37.5 10.5016 29.0964
      vertex -35 10.414 29.2106
      vertex -37.5 10.414 29.2106
    endloop
  endfacet
  facet normal 0 -0.79345 -0.608636
    outer loop
      vertex -35 10.414 29.2106
      vertex -37.5 10.5016 29.0964
      vertex -35 10.5016 29.0964
    endloop
  endfacet
  facet normal 0 -0.73701 -0.675882
    outer loop
      vertex -37.5 10.414 29.2106
      vertex -35 10.3167 29.3167
      vertex -37.5 10.3167 29.3167
    endloop
  endfacet
  facet normal 0 -0.73701 -0.675882
    outer loop
      vertex -35 10.3167 29.3167
      vertex -37.5 10.414 29.2106
      vertex -35 10.414 29.2106
    endloop
  endfacet
  facet normal 0 0.991442 -0.130548
    outer loop
      vertex -35 7.50628 28.2938
      vertex -37.5 7.52507 28.4365
      vertex -35 7.52507 28.4365
    endloop
  endfacet
  facet normal 0 0.991442 -0.130548
    outer loop
      vertex -37.5 7.52507 28.4365
      vertex -35 7.50628 28.2938
      vertex -37.5 7.50628 28.2938
    endloop
  endfacet
  facet normal 0 0.300806 -0.953686
    outer loop
      vertex -37.5 8.58567 29.7005
      vertex -35 8.72295 29.7438
      vertex -35 8.58567 29.7005
    endloop
  endfacet
  facet normal 0 0.300806 -0.953686
    outer loop
      vertex -35 8.72295 29.7438
      vertex -37.5 8.58567 29.7005
      vertex -37.5 8.72295 29.7438
    endloop
  endfacet
  facet normal -0 0.675778 0.737105
    outer loop
      vertex -37.5 8.0894 26.886
      vertex -35 7.98327 26.9833
      vertex -35 8.0894 26.886
    endloop
  endfacet
  facet normal 0 0.675778 0.737105
    outer loop
      vertex -35 7.98327 26.9833
      vertex -37.5 8.0894 26.886
      vertex -37.5 7.98327 26.9833
    endloop
  endfacet
  facet normal 0 -0.923856 -0.38274
    outer loop
      vertex -37.5 10.7005 28.7143
      vertex -35 10.6454 28.8473
      vertex -37.5 10.6454 28.8473
    endloop
  endfacet
  facet normal 0 -0.923856 -0.38274
    outer loop
      vertex -35 10.6454 28.8473
      vertex -37.5 10.7005 28.7143
      vertex -35 10.7005 28.7143
    endloop
  endfacet
  facet normal 0 0.608636 -0.79345
    outer loop
      vertex -37.5 8.0894 29.414
      vertex -35 8.2036 29.5016
      vertex -35 8.0894 29.414
    endloop
  endfacet
  facet normal 0 0.608636 -0.79345
    outer loop
      vertex -35 8.2036 29.5016
      vertex -37.5 8.0894 29.414
      vertex -37.5 8.2036 29.5016
    endloop
  endfacet
  facet normal -0 0.5371 0.843518
    outer loop
      vertex -37.5 8.325 26.7211
      vertex -35 8.2036 26.7984
      vertex -35 8.325 26.7211
    endloop
  endfacet
  facet normal 0 0.5371 0.843518
    outer loop
      vertex -35 8.2036 26.7984
      vertex -37.5 8.325 26.7211
      vertex -37.5 8.2036 26.7984
    endloop
  endfacet
  facet normal 0 -0.843518 0.5371
    outer loop
      vertex -37.5 10.5016 27.2036
      vertex -35 10.5789 27.325
      vertex -37.5 10.5789 27.325
    endloop
  endfacet
  facet normal 0 -0.843518 0.5371
    outer loop
      vertex -35 10.5789 27.325
      vertex -37.5 10.5016 27.2036
      vertex -35 10.5016 27.2036
    endloop
  endfacet
  facet normal 0 0.887029 0.461714
    outer loop
      vertex -35 7.72106 27.325
      vertex -37.5 7.65459 27.4527
      vertex -35 7.65459 27.4527
    endloop
  endfacet
  facet normal 0 0.887029 0.461714
    outer loop
      vertex -37.5 7.65459 27.4527
      vertex -35 7.72106 27.325
      vertex -37.5 7.72106 27.325
    endloop
  endfacet
  facet normal 0 -0.461934 -0.886914
    outer loop
      vertex -37.5 9.84732 29.6454
      vertex -35 9.975 29.5789
      vertex -35 9.84732 29.6454
    endloop
  endfacet
  facet normal -0 -0.461934 -0.886914
    outer loop
      vertex -35 9.975 29.5789
      vertex -37.5 9.84732 29.6454
      vertex -37.5 9.975 29.5789
    endloop
  endfacet
  facet normal 0 -0.675882 0.73701
    outer loop
      vertex -37.5 10.3167 26.9833
      vertex -35 10.2106 26.886
      vertex -35 10.3167 26.9833
    endloop
  endfacet
  facet normal 0 -0.675882 0.73701
    outer loop
      vertex -35 10.2106 26.886
      vertex -37.5 10.3167 26.9833
      vertex -37.5 10.2106 26.886
    endloop
  endfacet
  facet normal -0 0.461934 0.886914
    outer loop
      vertex -37.5 8.45268 26.6546
      vertex -35 8.325 26.7211
      vertex -35 8.45268 26.6546
    endloop
  endfacet
  facet normal 0 0.461934 0.886914
    outer loop
      vertex -35 8.325 26.7211
      vertex -37.5 8.45268 26.6546
      vertex -37.5 8.325 26.7211
    endloop
  endfacet
  facet normal 0 0.382765 -0.923846
    outer loop
      vertex -37.5 8.45268 29.6454
      vertex -35 8.58567 29.7005
      vertex -35 8.45268 29.6454
    endloop
  endfacet
  facet normal 0 0.382765 -0.923846
    outer loop
      vertex -35 8.58567 29.7005
      vertex -37.5 8.45268 29.6454
      vertex -37.5 8.58567 29.7005
    endloop
  endfacet
  facet normal 0 0.737218 0.675655
    outer loop
      vertex -35 7.98327 26.9833
      vertex -37.5 7.88603 27.0894
      vertex -35 7.88603 27.0894
    endloop
  endfacet
  facet normal 0 0.737218 0.675655
    outer loop
      vertex -37.5 7.88603 27.0894
      vertex -35 7.98327 26.9833
      vertex -37.5 7.98327 26.9833
    endloop
  endfacet
  facet normal 0 -0.675882 -0.73701
    outer loop
      vertex -37.5 10.2106 29.414
      vertex -35 10.3167 29.3167
      vertex -35 10.2106 29.414
    endloop
  endfacet
  facet normal -0 -0.675882 -0.73701
    outer loop
      vertex -35 10.3167 29.3167
      vertex -37.5 10.2106 29.414
      vertex -37.5 10.3167 29.3167
    endloop
  endfacet
  facet normal 0 -0.0437658 0.999042
    outer loop
      vertex -37.5 9.29381 26.5063
      vertex -35 9.15 26.5
      vertex -35 9.29381 26.5063
    endloop
  endfacet
  facet normal 0 -0.0437658 0.999042
    outer loop
      vertex -35 9.15 26.5
      vertex -37.5 9.29381 26.5063
      vertex -37.5 9.15 26.5
    endloop
  endfacet
  facet normal 0 -0.843518 -0.5371
    outer loop
      vertex -37.5 10.5789 28.975
      vertex -35 10.5016 29.0964
      vertex -37.5 10.5016 29.0964
    endloop
  endfacet
  facet normal 0 -0.843518 -0.5371
    outer loop
      vertex -35 10.5016 29.0964
      vertex -37.5 10.5789 28.975
      vertex -35 10.5789 28.975
    endloop
  endfacet
  facet normal -0 0.216077 0.976376
    outer loop
      vertex -37.5 8.86348 26.5251
      vertex -35 8.72295 26.5562
      vertex -35 8.86348 26.5251
    endloop
  endfacet
  facet normal 0 0.216077 0.976376
    outer loop
      vertex -35 8.72295 26.5562
      vertex -37.5 8.86348 26.5251
      vertex -37.5 8.72295 26.5562
    endloop
  endfacet
  facet normal 0 -0.999042 -0.0437689
    outer loop
      vertex -37.5 10.8 28.15
      vertex -35 10.7937 28.2938
      vertex -37.5 10.7937 28.2938
    endloop
  endfacet
  facet normal 0 -0.999042 -0.0437689
    outer loop
      vertex -35 10.7937 28.2938
      vertex -37.5 10.8 28.15
      vertex -35 10.8 28.15
    endloop
  endfacet
  facet normal 0 0.923905 -0.382622
    outer loop
      vertex -35 7.59951 28.7143
      vertex -37.5 7.65459 28.8473
      vertex -35 7.65459 28.8473
    endloop
  endfacet
  facet normal 0 0.923905 -0.382622
    outer loop
      vertex -37.5 7.65459 28.8473
      vertex -35 7.59951 28.7143
      vertex -37.5 7.59951 28.7143
    endloop
  endfacet
  facet normal -0 0.130607 0.991434
    outer loop
      vertex -37.5 9.00619 26.5063
      vertex -35 8.86348 26.5251
      vertex -35 9.00619 26.5063
    endloop
  endfacet
  facet normal 0 0.130607 0.991434
    outer loop
      vertex -35 8.86348 26.5251
      vertex -37.5 9.00619 26.5063
      vertex -37.5 8.86348 26.5251
    endloop
  endfacet
  facet normal 0 0.793349 -0.608767
    outer loop
      vertex -35 7.7984 29.0964
      vertex -37.5 7.88603 29.2106
      vertex -35 7.88603 29.2106
    endloop
  endfacet
  facet normal 0 0.793349 -0.608767
    outer loop
      vertex -37.5 7.88603 29.2106
      vertex -35 7.7984 29.0964
      vertex -37.5 7.7984 29.0964
    endloop
  endfacet
  facet normal 0 0.843392 0.537298
    outer loop
      vertex -35 7.7984 27.2036
      vertex -37.5 7.72106 27.325
      vertex -35 7.72106 27.325
    endloop
  endfacet
  facet normal 0 0.843392 0.537298
    outer loop
      vertex -37.5 7.72106 27.325
      vertex -35 7.7984 27.2036
      vertex -37.5 7.7984 27.2036
    endloop
  endfacet
  facet normal 0 -0.886944 0.461878
    outer loop
      vertex -37.5 10.5789 27.325
      vertex -35 10.6454 27.4527
      vertex -37.5 10.6454 27.4527
    endloop
  endfacet
  facet normal 0 -0.886944 0.461878
    outer loop
      vertex -35 10.6454 27.4527
      vertex -37.5 10.5789 27.325
      vertex -35 10.5789 27.325
    endloop
  endfacet
  facet normal -0 0.608636 0.79345
    outer loop
      vertex -37.5 8.2036 26.7984
      vertex -35 8.0894 26.886
      vertex -35 8.2036 26.7984
    endloop
  endfacet
  facet normal 0 0.608636 0.79345
    outer loop
      vertex -35 8.0894 26.886
      vertex -37.5 8.2036 26.7984
      vertex -37.5 8.0894 26.886
    endloop
  endfacet
  facet normal 0 -0.216077 0.976376
    outer loop
      vertex -37.5 9.57705 26.5562
      vertex -35 9.43652 26.5251
      vertex -35 9.57705 26.5562
    endloop
  endfacet
  facet normal 0 -0.216077 0.976376
    outer loop
      vertex -35 9.43652 26.5251
      vertex -37.5 9.57705 26.5562
      vertex -37.5 9.43652 26.5251
    endloop
  endfacet
  facet normal 0 0.999048 -0.0436302
    outer loop
      vertex -35 7.5 28.15
      vertex -37.5 7.50628 28.2938
      vertex -35 7.50628 28.2938
    endloop
  endfacet
  facet normal 0 0.999048 -0.0436302
    outer loop
      vertex -37.5 7.50628 28.2938
      vertex -35 7.5 28.15
      vertex -37.5 7.5 28.15
    endloop
  endfacet
  facet normal 0 0.999048 0.0436302
    outer loop
      vertex -35 7.50628 28.0062
      vertex -37.5 7.5 28.15
      vertex -35 7.5 28.15
    endloop
  endfacet
  facet normal 0 0.999048 0.0436302
    outer loop
      vertex -37.5 7.5 28.15
      vertex -35 7.50628 28.0062
      vertex -37.5 7.50628 28.0062
    endloop
  endfacet
  facet normal 0 -0.382765 0.923846
    outer loop
      vertex -37.5 9.84732 26.6546
      vertex -35 9.71433 26.5995
      vertex -35 9.84732 26.6546
    endloop
  endfacet
  facet normal 0 -0.382765 0.923846
    outer loop
      vertex -35 9.71433 26.5995
      vertex -37.5 9.84732 26.6546
      vertex -37.5 9.71433 26.5995
    endloop
  endfacet
  facet normal 0 0.675778 -0.737105
    outer loop
      vertex -37.5 7.98327 29.3167
      vertex -35 8.0894 29.414
      vertex -35 7.98327 29.3167
    endloop
  endfacet
  facet normal 0 0.675778 -0.737105
    outer loop
      vertex -35 8.0894 29.414
      vertex -37.5 7.98327 29.3167
      vertex -37.5 8.0894 29.414
    endloop
  endfacet
  facet normal 0 0.737218 -0.675655
    outer loop
      vertex -35 7.88603 29.2106
      vertex -37.5 7.98327 29.3167
      vertex -35 7.98327 29.3167
    endloop
  endfacet
  facet normal 0 0.737218 -0.675655
    outer loop
      vertex -37.5 7.98327 29.3167
      vertex -35 7.88603 29.2106
      vertex -37.5 7.88603 29.2106
    endloop
  endfacet
  facet normal 0 -0.976399 -0.215974
    outer loop
      vertex -37.5 10.7749 28.4365
      vertex -35 10.7438 28.5771
      vertex -37.5 10.7438 28.5771
    endloop
  endfacet
  facet normal 0 -0.976399 -0.215974
    outer loop
      vertex -35 10.7438 28.5771
      vertex -37.5 10.7749 28.4365
      vertex -35 10.7749 28.4365
    endloop
  endfacet
  facet normal 0 0.793349 0.608767
    outer loop
      vertex -35 7.88603 27.0894
      vertex -37.5 7.7984 27.2036
      vertex -35 7.7984 27.2036
    endloop
  endfacet
  facet normal 0 0.793349 0.608767
    outer loop
      vertex -37.5 7.7984 27.2036
      vertex -35 7.88603 27.0894
      vertex -37.5 7.88603 27.0894
    endloop
  endfacet
  facet normal 0 -0.461934 0.886914
    outer loop
      vertex -37.5 9.975 26.7211
      vertex -35 9.84732 26.6546
      vertex -35 9.975 26.7211
    endloop
  endfacet
  facet normal 0 -0.461934 0.886914
    outer loop
      vertex -35 9.84732 26.6546
      vertex -37.5 9.975 26.7211
      vertex -37.5 9.84732 26.6546
    endloop
  endfacet
  facet normal 0 -0.130618 -0.991433
    outer loop
      vertex -37.5 0.705961 27.0692
      vertex -35 1.40655 26.9769
      vertex -35 0.705961 27.0692
    endloop
  endfacet
  facet normal -0 -0.130618 -0.991433
    outer loop
      vertex -35 1.40655 26.9769
      vertex -37.5 0.705961 27.0692
      vertex -37.5 1.40655 26.9769
    endloop
  endfacet
  facet normal 0 -0.043587 -0.99905
    outer loop
      vertex -37.5 0 27.1
      vertex -35 0.705961 27.0692
      vertex -35 0 27.1
    endloop
  endfacet
  facet normal -0 -0.043587 -0.99905
    outer loop
      vertex -35 0.705961 27.0692
      vertex -37.5 0 27.1
      vertex -37.5 0.705961 27.0692
    endloop
  endfacet
  facet normal 0 -0.216382 -0.976309
    outer loop
      vertex -37.5 1.40655 26.9769
      vertex -35 2.09643 26.824
      vertex -35 1.40655 26.9769
    endloop
  endfacet
  facet normal -0 -0.216382 -0.976309
    outer loop
      vertex -35 2.09643 26.824
      vertex -37.5 1.40655 26.9769
      vertex -37.5 2.09643 26.824
    endloop
  endfacet
  facet normal 0 -0.843407 0.537276
    outer loop
      vertex -37.5 6.63513 14.354
      vertex -35 7.0148 14.95
      vertex -37.5 7.0148 14.95
    endloop
  endfacet
  facet normal 0 -0.843407 0.537276
    outer loop
      vertex -35 7.0148 14.95
      vertex -37.5 6.63513 14.354
      vertex -35 6.63513 14.354
    endloop
  endfacet
  facet normal 0 0.043587 -0.99905
    outer loop
      vertex -37.5 -0.705961 27.0692
      vertex -35 0 27.1
      vertex -35 -0.705961 27.0692
    endloop
  endfacet
  facet normal 0 0.043587 -0.99905
    outer loop
      vertex -35 0 27.1
      vertex -37.5 -0.705961 27.0692
      vertex -37.5 0 27.1
    endloop
  endfacet
  facet normal 0 -0.537325 0.843375
    outer loop
      vertex -37.5 4.64597 12.3649
      vertex -35 4.05 11.9852
      vertex -35 4.64597 12.3649
    endloop
  endfacet
  facet normal 0 -0.537325 0.843375
    outer loop
      vertex -35 4.05 11.9852
      vertex -37.5 4.64597 12.3649
      vertex -37.5 4.05 11.9852
    endloop
  endfacet
  facet normal 0 0.991442 -0.13055
    outer loop
      vertex -35 -8.06918 19.706
      vertex -37.5 -7.97694 20.4065
      vertex -35 -7.97694 20.4065
    endloop
  endfacet
  facet normal 0 0.991442 -0.13055
    outer loop
      vertex -37.5 -7.97694 20.4065
      vertex -35 -8.06918 19.706
      vertex -37.5 -8.06918 19.706
    endloop
  endfacet
  facet normal 0 -0.30072 -0.953713
    outer loop
      vertex -37.5 2.09643 26.824
      vertex -35 2.77036 26.6115
      vertex -35 2.09643 26.824
    endloop
  endfacet
  facet normal -0 -0.30072 -0.953713
    outer loop
      vertex -35 2.77036 26.6115
      vertex -37.5 2.09643 26.824
      vertex -37.5 2.77036 26.6115
    endloop
  endfacet
  facet normal 0 -0.675598 -0.73727
    outer loop
      vertex -37.5 5.20658 25.205
      vertex -35 5.72756 24.7276
      vertex -35 5.20658 25.205
    endloop
  endfacet
  facet normal -0 -0.675598 -0.73727
    outer loop
      vertex -35 5.72756 24.7276
      vertex -37.5 5.20658 25.205
      vertex -37.5 5.72756 24.7276
    endloop
  endfacet
  facet normal -0 0.537325 0.843375
    outer loop
      vertex -37.5 -4.05 11.9852
      vertex -35 -4.64597 12.3649
      vertex -35 -4.05 11.9852
    endloop
  endfacet
  facet normal 0 0.537325 0.843375
    outer loop
      vertex -35 -4.64597 12.3649
      vertex -37.5 -4.05 11.9852
      vertex -37.5 -4.64597 12.3649
    endloop
  endfacet
  facet normal 0 -0.843407 -0.537276
    outer loop
      vertex -37.5 7.0148 23.05
      vertex -35 6.63513 23.646
      vertex -37.5 6.63513 23.646
    endloop
  endfacet
  facet normal 0 -0.843407 -0.537276
    outer loop
      vertex -35 6.63513 23.646
      vertex -37.5 7.0148 23.05
      vertex -35 7.0148 23.05
    endloop
  endfacet
  facet normal 0 0.923869 0.382709
    outer loop
      vertex -35 -7.34109 15.5768
      vertex -37.5 -7.61151 16.2296
      vertex -35 -7.61151 16.2296
    endloop
  endfacet
  facet normal 0 0.923869 0.382709
    outer loop
      vertex -37.5 -7.61151 16.2296
      vertex -35 -7.34109 15.5768
      vertex -37.5 -7.34109 15.5768
    endloop
  endfacet
  facet normal 0 -0.923869 0.382709
    outer loop
      vertex -37.5 7.34109 15.5768
      vertex -35 7.61151 16.2296
      vertex -37.5 7.61151 16.2296
    endloop
  endfacet
  facet normal 0 -0.923869 0.382709
    outer loop
      vertex -35 7.61151 16.2296
      vertex -37.5 7.34109 15.5768
      vertex -35 7.34109 15.5768
    endloop
  endfacet
  facet normal 0 0.675598 -0.73727
    outer loop
      vertex -37.5 -5.72756 24.7276
      vertex -35 -5.20658 25.205
      vertex -35 -5.72756 24.7276
    endloop
  endfacet
  facet normal 0 0.675598 -0.73727
    outer loop
      vertex -35 -5.20658 25.205
      vertex -37.5 -5.72756 24.7276
      vertex -37.5 -5.20658 25.205
    endloop
  endfacet
  facet normal 0 -0.976298 0.21643
    outer loop
      vertex -37.5 7.824 16.9036
      vertex -35 7.97694 17.5935
      vertex -37.5 7.97694 17.5935
    endloop
  endfacet
  facet normal 0 -0.976298 0.21643
    outer loop
      vertex -35 7.97694 17.5935
      vertex -37.5 7.824 16.9036
      vertex -35 7.824 16.9036
    endloop
  endfacet
  facet normal -0 0.608698 0.793402
    outer loop
      vertex -37.5 -4.64597 12.3649
      vertex -35 -5.20658 12.795
      vertex -35 -4.64597 12.3649
    endloop
  endfacet
  facet normal 0 0.608698 0.793402
    outer loop
      vertex -35 -5.20658 12.795
      vertex -37.5 -4.64597 12.3649
      vertex -37.5 -5.20658 12.795
    endloop
  endfacet
  facet normal -0 0.043587 0.99905
    outer loop
      vertex -37.5 0 10.9
      vertex -35 -0.705961 10.9308
      vertex -35 0 10.9
    endloop
  endfacet
  facet normal 0 0.043587 0.99905
    outer loop
      vertex -35 -0.705961 10.9308
      vertex -37.5 0 10.9
      vertex -37.5 -0.705961 10.9308
    endloop
  endfacet
  facet normal 0 0.737283 0.675584
    outer loop
      vertex -35 -5.72756 13.2724
      vertex -37.5 -6.20496 13.7934
      vertex -35 -6.20496 13.7934
    endloop
  endfacet
  facet normal 0 0.737283 0.675584
    outer loop
      vertex -37.5 -6.20496 13.7934
      vertex -35 -5.72756 13.2724
      vertex -37.5 -5.72756 13.2724
    endloop
  endfacet
  facet normal 0 -0.953726 -0.300678
    outer loop
      vertex -37.5 7.824 21.0964
      vertex -35 7.61151 21.7704
      vertex -37.5 7.61151 21.7704
    endloop
  endfacet
  facet normal 0 -0.953726 -0.300678
    outer loop
      vertex -35 7.61151 21.7704
      vertex -37.5 7.824 21.0964
      vertex -35 7.824 21.0964
    endloop
  endfacet
  facet normal -0 0.130618 0.991433
    outer loop
      vertex -37.5 -0.705961 10.9308
      vertex -35 -1.40655 11.0231
      vertex -35 -0.705961 10.9308
    endloop
  endfacet
  facet normal 0 0.130618 0.991433
    outer loop
      vertex -35 -1.40655 11.0231
      vertex -37.5 -0.705961 10.9308
      vertex -37.5 -1.40655 11.0231
    endloop
  endfacet
  facet normal 0 0.953726 -0.300678
    outer loop
      vertex -35 -7.824 21.0964
      vertex -37.5 -7.61151 21.7704
      vertex -35 -7.61151 21.7704
    endloop
  endfacet
  facet normal 0 0.953726 -0.300678
    outer loop
      vertex -37.5 -7.61151 21.7704
      vertex -35 -7.824 21.0964
      vertex -37.5 -7.824 21.0964
    endloop
  endfacet
  facet normal 0 -0.953726 0.300678
    outer loop
      vertex -37.5 7.61151 16.2296
      vertex -35 7.824 16.9036
      vertex -37.5 7.824 16.9036
    endloop
  endfacet
  facet normal 0 -0.953726 0.300678
    outer loop
      vertex -35 7.824 16.9036
      vertex -37.5 7.61151 16.2296
      vertex -35 7.61151 16.2296
    endloop
  endfacet
  facet normal -0 0.216382 0.976309
    outer loop
      vertex -37.5 -1.40655 11.0231
      vertex -35 -2.09643 11.176
      vertex -35 -1.40655 11.0231
    endloop
  endfacet
  facet normal 0 0.216382 0.976309
    outer loop
      vertex -35 -2.09643 11.176
      vertex -37.5 -1.40655 11.0231
      vertex -37.5 -2.09643 11.176
    endloop
  endfacet
  facet normal 0 -0.923869 -0.382709
    outer loop
      vertex -37.5 7.61151 21.7704
      vertex -35 7.34109 22.4232
      vertex -37.5 7.34109 22.4232
    endloop
  endfacet
  facet normal 0 -0.923869 -0.382709
    outer loop
      vertex -35 7.34109 22.4232
      vertex -37.5 7.61151 21.7704
      vertex -35 7.61151 21.7704
    endloop
  endfacet
  facet normal 0 -0.793349 0.608767
    outer loop
      vertex -37.5 6.20496 13.7934
      vertex -35 6.63513 14.354
      vertex -37.5 6.63513 14.354
    endloop
  endfacet
  facet normal 0 -0.793349 0.608767
    outer loop
      vertex -35 6.63513 14.354
      vertex -37.5 6.20496 13.7934
      vertex -35 6.20496 13.7934
    endloop
  endfacet
  facet normal -0 0.38266 0.923889
    outer loop
      vertex -37.5 -2.77036 11.3885
      vertex -35 -3.42321 11.6589
      vertex -35 -2.77036 11.3885
    endloop
  endfacet
  facet normal 0 0.38266 0.923889
    outer loop
      vertex -35 -3.42321 11.6589
      vertex -37.5 -2.77036 11.3885
      vertex -37.5 -3.42321 11.6589
    endloop
  endfacet
  facet normal 0 -0.38266 -0.923889
    outer loop
      vertex -37.5 2.77036 26.6115
      vertex -35 3.42321 26.3411
      vertex -35 2.77036 26.6115
    endloop
  endfacet
  facet normal -0 -0.38266 -0.923889
    outer loop
      vertex -35 3.42321 26.3411
      vertex -37.5 2.77036 26.6115
      vertex -37.5 3.42321 26.3411
    endloop
  endfacet
  facet normal -0 0.30072 0.953713
    outer loop
      vertex -37.5 -2.09643 11.176
      vertex -35 -2.77036 11.3885
      vertex -35 -2.09643 11.176
    endloop
  endfacet
  facet normal 0 0.30072 0.953713
    outer loop
      vertex -35 -2.77036 11.3885
      vertex -37.5 -2.09643 11.176
      vertex -37.5 -2.77036 11.3885
    endloop
  endfacet
  facet normal -0 0.675598 0.73727
    outer loop
      vertex -37.5 -5.20658 12.795
      vertex -35 -5.72756 13.2724
      vertex -35 -5.20658 12.795
    endloop
  endfacet
  facet normal 0 0.675598 0.73727
    outer loop
      vertex -35 -5.72756 13.2724
      vertex -37.5 -5.20658 12.795
      vertex -37.5 -5.72756 13.2724
    endloop
  endfacet
  facet normal 0 0.843407 0.537276
    outer loop
      vertex -35 -6.63513 14.354
      vertex -37.5 -7.0148 14.95
      vertex -35 -7.0148 14.95
    endloop
  endfacet
  facet normal 0 0.843407 0.537276
    outer loop
      vertex -37.5 -7.0148 14.95
      vertex -35 -6.63513 14.354
      vertex -37.5 -6.63513 14.354
    endloop
  endfacet
  facet normal 0 0.976298 0.21643
    outer loop
      vertex -35 -7.824 16.9036
      vertex -37.5 -7.97694 17.5935
      vertex -35 -7.97694 17.5935
    endloop
  endfacet
  facet normal 0 0.976298 0.21643
    outer loop
      vertex -37.5 -7.97694 17.5935
      vertex -35 -7.824 16.9036
      vertex -37.5 -7.824 16.9036
    endloop
  endfacet
  facet normal 0 0.991442 0.13055
    outer loop
      vertex -35 -7.97694 17.5935
      vertex -37.5 -8.06918 18.294
      vertex -35 -8.06918 18.294
    endloop
  endfacet
  facet normal 0 0.991442 0.13055
    outer loop
      vertex -37.5 -8.06918 18.294
      vertex -35 -7.97694 17.5935
      vertex -37.5 -7.97694 17.5935
    endloop
  endfacet
  facet normal 0 0.793349 -0.608767
    outer loop
      vertex -35 -6.63513 23.646
      vertex -37.5 -6.20496 24.2066
      vertex -35 -6.20496 24.2066
    endloop
  endfacet
  facet normal 0 0.793349 -0.608767
    outer loop
      vertex -37.5 -6.20496 24.2066
      vertex -35 -6.63513 23.646
      vertex -37.5 -6.63513 23.646
    endloop
  endfacet
  facet normal 0 0.461764 -0.887003
    outer loop
      vertex -37.5 -4.05 26.0148
      vertex -35 -3.42321 26.3411
      vertex -35 -4.05 26.0148
    endloop
  endfacet
  facet normal 0 0.461764 -0.887003
    outer loop
      vertex -35 -3.42321 26.3411
      vertex -37.5 -4.05 26.0148
      vertex -37.5 -3.42321 26.3411
    endloop
  endfacet
  facet normal 0 -0.999049 -0.0436129
    outer loop
      vertex -37.5 8.1 19
      vertex -35 8.06918 19.706
      vertex -37.5 8.06918 19.706
    endloop
  endfacet
  facet normal 0 -0.999049 -0.0436129
    outer loop
      vertex -35 8.06918 19.706
      vertex -37.5 8.1 19
      vertex -35 8.1 19
    endloop
  endfacet
  facet normal 0 0.793349 0.608767
    outer loop
      vertex -35 -6.20496 13.7934
      vertex -37.5 -6.63513 14.354
      vertex -35 -6.63513 14.354
    endloop
  endfacet
  facet normal 0 0.793349 0.608767
    outer loop
      vertex -37.5 -6.63513 14.354
      vertex -35 -6.20496 13.7934
      vertex -37.5 -6.20496 13.7934
    endloop
  endfacet
  facet normal 0 -0.30072 0.953713
    outer loop
      vertex -37.5 2.77036 11.3885
      vertex -35 2.09643 11.176
      vertex -35 2.77036 11.3885
    endloop
  endfacet
  facet normal 0 -0.30072 0.953713
    outer loop
      vertex -35 2.09643 11.176
      vertex -37.5 2.77036 11.3885
      vertex -37.5 2.09643 11.176
    endloop
  endfacet
  facet normal 0 -0.887012 0.461747
    outer loop
      vertex -37.5 7.0148 14.95
      vertex -35 7.34109 15.5768
      vertex -37.5 7.34109 15.5768
    endloop
  endfacet
  facet normal 0 -0.887012 0.461747
    outer loop
      vertex -35 7.34109 15.5768
      vertex -37.5 7.0148 14.95
      vertex -35 7.0148 14.95
    endloop
  endfacet
  facet normal 0 -0.461764 -0.887003
    outer loop
      vertex -37.5 3.42321 26.3411
      vertex -35 4.05 26.0148
      vertex -35 3.42321 26.3411
    endloop
  endfacet
  facet normal -0 -0.461764 -0.887003
    outer loop
      vertex -35 4.05 26.0148
      vertex -37.5 3.42321 26.3411
      vertex -37.5 4.05 26.0148
    endloop
  endfacet
  facet normal 0 -0.608698 -0.793402
    outer loop
      vertex -37.5 4.64597 25.6351
      vertex -35 5.20658 25.205
      vertex -35 4.64597 25.6351
    endloop
  endfacet
  facet normal -0 -0.608698 -0.793402
    outer loop
      vertex -35 5.20658 25.205
      vertex -37.5 4.64597 25.6351
      vertex -37.5 5.20658 25.205
    endloop
  endfacet
  facet normal 0 -0.793349 -0.608767
    outer loop
      vertex -37.5 6.63513 23.646
      vertex -35 6.20496 24.2066
      vertex -37.5 6.20496 24.2066
    endloop
  endfacet
  facet normal 0 -0.793349 -0.608767
    outer loop
      vertex -35 6.20496 24.2066
      vertex -37.5 6.63513 23.646
      vertex -35 6.63513 23.646
    endloop
  endfacet
  facet normal 0 0.608698 -0.793402
    outer loop
      vertex -37.5 -5.20658 25.205
      vertex -35 -4.64597 25.6351
      vertex -35 -5.20658 25.205
    endloop
  endfacet
  facet normal 0 0.608698 -0.793402
    outer loop
      vertex -35 -4.64597 25.6351
      vertex -37.5 -5.20658 25.205
      vertex -37.5 -4.64597 25.6351
    endloop
  endfacet
  facet normal 0 0.887012 -0.461747
    outer loop
      vertex -35 -7.34109 22.4232
      vertex -37.5 -7.0148 23.05
      vertex -35 -7.0148 23.05
    endloop
  endfacet
  facet normal 0 0.887012 -0.461747
    outer loop
      vertex -37.5 -7.0148 23.05
      vertex -35 -7.34109 22.4232
      vertex -37.5 -7.34109 22.4232
    endloop
  endfacet
  facet normal 0 -0.887012 -0.461747
    outer loop
      vertex -37.5 7.34109 22.4232
      vertex -35 7.0148 23.05
      vertex -37.5 7.0148 23.05
    endloop
  endfacet
  facet normal 0 -0.887012 -0.461747
    outer loop
      vertex -35 7.0148 23.05
      vertex -37.5 7.34109 22.4232
      vertex -35 7.34109 22.4232
    endloop
  endfacet
  facet normal 0 -0.216382 0.976309
    outer loop
      vertex -37.5 2.09643 11.176
      vertex -35 1.40655 11.0231
      vertex -35 2.09643 11.176
    endloop
  endfacet
  facet normal 0 -0.216382 0.976309
    outer loop
      vertex -35 1.40655 11.0231
      vertex -37.5 2.09643 11.176
      vertex -37.5 1.40655 11.0231
    endloop
  endfacet
  facet normal 0 -0.991442 0.13055
    outer loop
      vertex -37.5 7.97694 17.5935
      vertex -35 8.06918 18.294
      vertex -37.5 8.06918 18.294
    endloop
  endfacet
  facet normal 0 -0.991442 0.13055
    outer loop
      vertex -35 8.06918 18.294
      vertex -37.5 7.97694 17.5935
      vertex -35 7.97694 17.5935
    endloop
  endfacet
  facet normal 0 -0.461764 0.887003
    outer loop
      vertex -37.5 4.05 11.9852
      vertex -35 3.42321 11.6589
      vertex -35 4.05 11.9852
    endloop
  endfacet
  facet normal 0 -0.461764 0.887003
    outer loop
      vertex -35 3.42321 11.6589
      vertex -37.5 4.05 11.9852
      vertex -37.5 3.42321 11.6589
    endloop
  endfacet
  facet normal 0 0.130618 -0.991433
    outer loop
      vertex -37.5 -1.40655 26.9769
      vertex -35 -0.705961 27.0692
      vertex -35 -1.40655 26.9769
    endloop
  endfacet
  facet normal 0 0.130618 -0.991433
    outer loop
      vertex -35 -0.705961 27.0692
      vertex -37.5 -1.40655 26.9769
      vertex -37.5 -0.705961 27.0692
    endloop
  endfacet
  facet normal 0 0.976298 -0.21643
    outer loop
      vertex -35 -7.97694 20.4065
      vertex -37.5 -7.824 21.0964
      vertex -35 -7.824 21.0964
    endloop
  endfacet
  facet normal 0 0.976298 -0.21643
    outer loop
      vertex -37.5 -7.824 21.0964
      vertex -35 -7.97694 20.4065
      vertex -37.5 -7.97694 20.4065
    endloop
  endfacet
  facet normal 0 0.216382 -0.976309
    outer loop
      vertex -37.5 -2.09643 26.824
      vertex -35 -1.40655 26.9769
      vertex -35 -2.09643 26.824
    endloop
  endfacet
  facet normal 0 0.216382 -0.976309
    outer loop
      vertex -35 -1.40655 26.9769
      vertex -37.5 -2.09643 26.824
      vertex -37.5 -1.40655 26.9769
    endloop
  endfacet
  facet normal 0 -0.991442 -0.13055
    outer loop
      vertex -37.5 8.06918 19.706
      vertex -35 7.97694 20.4065
      vertex -37.5 7.97694 20.4065
    endloop
  endfacet
  facet normal 0 -0.991442 -0.13055
    outer loop
      vertex -35 7.97694 20.4065
      vertex -37.5 8.06918 19.706
      vertex -35 8.06918 19.706
    endloop
  endfacet
  facet normal 0 -0.999049 0.0436129
    outer loop
      vertex -37.5 8.06918 18.294
      vertex -35 8.1 19
      vertex -37.5 8.1 19
    endloop
  endfacet
  facet normal 0 -0.999049 0.0436129
    outer loop
      vertex -35 8.1 19
      vertex -37.5 8.06918 18.294
      vertex -35 8.06918 18.294
    endloop
  endfacet
  facet normal -0 0.461764 0.887003
    outer loop
      vertex -37.5 -3.42321 11.6589
      vertex -35 -4.05 11.9852
      vertex -35 -3.42321 11.6589
    endloop
  endfacet
  facet normal 0 0.461764 0.887003
    outer loop
      vertex -35 -4.05 11.9852
      vertex -37.5 -3.42321 11.6589
      vertex -37.5 -4.05 11.9852
    endloop
  endfacet
  facet normal 0 -0.043587 0.99905
    outer loop
      vertex -37.5 0.705961 10.9308
      vertex -35 0 10.9
      vertex -35 0.705961 10.9308
    endloop
  endfacet
  facet normal 0 -0.043587 0.99905
    outer loop
      vertex -35 0 10.9
      vertex -37.5 0.705961 10.9308
      vertex -37.5 0 10.9
    endloop
  endfacet
  facet normal 0 0.999049 -0.0436129
    outer loop
      vertex -35 -8.1 19
      vertex -37.5 -8.06918 19.706
      vertex -35 -8.06918 19.706
    endloop
  endfacet
  facet normal 0 0.999049 -0.0436129
    outer loop
      vertex -37.5 -8.06918 19.706
      vertex -35 -8.1 19
      vertex -37.5 -8.1 19
    endloop
  endfacet
  facet normal 0 -0.737283 0.675584
    outer loop
      vertex -37.5 5.72756 13.2724
      vertex -35 6.20496 13.7934
      vertex -37.5 6.20496 13.7934
    endloop
  endfacet
  facet normal 0 -0.737283 0.675584
    outer loop
      vertex -35 6.20496 13.7934
      vertex -37.5 5.72756 13.2724
      vertex -35 5.72756 13.2724
    endloop
  endfacet
  facet normal 0 -0.537325 -0.843375
    outer loop
      vertex -37.5 4.05 26.0148
      vertex -35 4.64597 25.6351
      vertex -35 4.05 26.0148
    endloop
  endfacet
  facet normal -0 -0.537325 -0.843375
    outer loop
      vertex -35 4.64597 25.6351
      vertex -37.5 4.05 26.0148
      vertex -37.5 4.64597 25.6351
    endloop
  endfacet
  facet normal 0 -0.675598 0.73727
    outer loop
      vertex -37.5 5.72756 13.2724
      vertex -35 5.20658 12.795
      vertex -35 5.72756 13.2724
    endloop
  endfacet
  facet normal 0 -0.675598 0.73727
    outer loop
      vertex -35 5.20658 12.795
      vertex -37.5 5.72756 13.2724
      vertex -37.5 5.20658 12.795
    endloop
  endfacet
  facet normal 0 -0.608698 0.793402
    outer loop
      vertex -37.5 5.20658 12.795
      vertex -35 4.64597 12.3649
      vertex -35 5.20658 12.795
    endloop
  endfacet
  facet normal 0 -0.608698 0.793402
    outer loop
      vertex -35 4.64597 12.3649
      vertex -37.5 5.20658 12.795
      vertex -37.5 4.64597 12.3649
    endloop
  endfacet
  facet normal 0 0.38266 -0.923889
    outer loop
      vertex -37.5 -3.42321 26.3411
      vertex -35 -2.77036 26.6115
      vertex -35 -3.42321 26.3411
    endloop
  endfacet
  facet normal 0 0.38266 -0.923889
    outer loop
      vertex -35 -2.77036 26.6115
      vertex -37.5 -3.42321 26.3411
      vertex -37.5 -2.77036 26.6115
    endloop
  endfacet
  facet normal 0 0.953726 0.300678
    outer loop
      vertex -35 -7.61151 16.2296
      vertex -37.5 -7.824 16.9036
      vertex -35 -7.824 16.9036
    endloop
  endfacet
  facet normal 0 0.953726 0.300678
    outer loop
      vertex -37.5 -7.824 16.9036
      vertex -35 -7.61151 16.2296
      vertex -37.5 -7.61151 16.2296
    endloop
  endfacet
  facet normal 0 0.887012 0.461747
    outer loop
      vertex -35 -7.0148 14.95
      vertex -37.5 -7.34109 15.5768
      vertex -35 -7.34109 15.5768
    endloop
  endfacet
  facet normal 0 0.887012 0.461747
    outer loop
      vertex -37.5 -7.34109 15.5768
      vertex -35 -7.0148 14.95
      vertex -37.5 -7.0148 14.95
    endloop
  endfacet
  facet normal 0 0.923869 -0.382709
    outer loop
      vertex -35 -7.61151 21.7704
      vertex -37.5 -7.34109 22.4232
      vertex -35 -7.34109 22.4232
    endloop
  endfacet
  facet normal 0 0.923869 -0.382709
    outer loop
      vertex -37.5 -7.34109 22.4232
      vertex -35 -7.61151 21.7704
      vertex -37.5 -7.61151 21.7704
    endloop
  endfacet
  facet normal 0 -0.737283 -0.675584
    outer loop
      vertex -37.5 6.20496 24.2066
      vertex -35 5.72756 24.7276
      vertex -37.5 5.72756 24.7276
    endloop
  endfacet
  facet normal 0 -0.737283 -0.675584
    outer loop
      vertex -35 5.72756 24.7276
      vertex -37.5 6.20496 24.2066
      vertex -35 6.20496 24.2066
    endloop
  endfacet
  facet normal 0 0.30072 -0.953713
    outer loop
      vertex -37.5 -2.77036 26.6115
      vertex -35 -2.09643 26.824
      vertex -35 -2.77036 26.6115
    endloop
  endfacet
  facet normal 0 0.30072 -0.953713
    outer loop
      vertex -35 -2.09643 26.824
      vertex -37.5 -2.77036 26.6115
      vertex -37.5 -2.09643 26.824
    endloop
  endfacet
  facet normal 0 0.999049 0.0436129
    outer loop
      vertex -35 -8.06918 18.294
      vertex -37.5 -8.1 19
      vertex -35 -8.1 19
    endloop
  endfacet
  facet normal 0 0.999049 0.0436129
    outer loop
      vertex -37.5 -8.1 19
      vertex -35 -8.06918 18.294
      vertex -37.5 -8.06918 18.294
    endloop
  endfacet
  facet normal 0 0.737283 -0.675584
    outer loop
      vertex -35 -6.20496 24.2066
      vertex -37.5 -5.72756 24.7276
      vertex -35 -5.72756 24.7276
    endloop
  endfacet
  facet normal 0 0.737283 -0.675584
    outer loop
      vertex -37.5 -5.72756 24.7276
      vertex -35 -6.20496 24.2066
      vertex -37.5 -6.20496 24.2066
    endloop
  endfacet
  facet normal 0 0.537325 -0.843375
    outer loop
      vertex -37.5 -4.64597 25.6351
      vertex -35 -4.05 26.0148
      vertex -35 -4.64597 25.6351
    endloop
  endfacet
  facet normal 0 0.537325 -0.843375
    outer loop
      vertex -35 -4.05 26.0148
      vertex -37.5 -4.64597 25.6351
      vertex -37.5 -4.05 26.0148
    endloop
  endfacet
  facet normal 0 0.843407 -0.537276
    outer loop
      vertex -35 -7.0148 23.05
      vertex -37.5 -6.63513 23.646
      vertex -35 -6.63513 23.646
    endloop
  endfacet
  facet normal 0 0.843407 -0.537276
    outer loop
      vertex -37.5 -6.63513 23.646
      vertex -35 -7.0148 23.05
      vertex -37.5 -7.0148 23.05
    endloop
  endfacet
  facet normal 0 -0.130618 0.991433
    outer loop
      vertex -37.5 1.40655 11.0231
      vertex -35 0.705961 10.9308
      vertex -35 1.40655 11.0231
    endloop
  endfacet
  facet normal 0 -0.130618 0.991433
    outer loop
      vertex -35 0.705961 10.9308
      vertex -37.5 1.40655 11.0231
      vertex -37.5 0.705961 10.9308
    endloop
  endfacet
  facet normal 0 -0.38266 0.923889
    outer loop
      vertex -37.5 3.42321 11.6589
      vertex -35 2.77036 11.3885
      vertex -35 3.42321 11.6589
    endloop
  endfacet
  facet normal 0 -0.38266 0.923889
    outer loop
      vertex -35 2.77036 11.3885
      vertex -37.5 3.42321 11.6589
      vertex -37.5 2.77036 11.3885
    endloop
  endfacet
  facet normal 0 -0.976298 -0.21643
    outer loop
      vertex -37.5 7.97694 20.4065
      vertex -35 7.824 21.0964
      vertex -37.5 7.824 21.0964
    endloop
  endfacet
  facet normal 0 -0.976298 -0.21643
    outer loop
      vertex -35 7.824 21.0964
      vertex -37.5 7.97694 20.4065
      vertex -35 7.97694 20.4065
    endloop
  endfacet
  facet normal 0 -0.300806 -0.953686
    outer loop
      vertex 35 -8.72295 29.7438
      vertex 37.5 -8.58567 29.7005
      vertex 37.5 -8.72295 29.7438
    endloop
  endfacet
  facet normal -0 -0.300806 -0.953686
    outer loop
      vertex 37.5 -8.58567 29.7005
      vertex 35 -8.72295 29.7438
      vertex 35 -8.58567 29.7005
    endloop
  endfacet
  facet normal 0 0.976399 0.215974
    outer loop
      vertex 37.5 -10.7438 27.7229
      vertex 35 -10.7749 27.8635
      vertex 37.5 -10.7749 27.8635
    endloop
  endfacet
  facet normal 0 0.976399 0.215974
    outer loop
      vertex 35 -10.7749 27.8635
      vertex 37.5 -10.7438 27.7229
      vertex 35 -10.7438 27.7229
    endloop
  endfacet
  facet normal 0 -0.130607 0.991434
    outer loop
      vertex 35 -8.86348 26.5251
      vertex 37.5 -9.00619 26.5063
      vertex 37.5 -8.86348 26.5251
    endloop
  endfacet
  facet normal 0 -0.130607 0.991434
    outer loop
      vertex 37.5 -9.00619 26.5063
      vertex 35 -8.86348 26.5251
      vertex 35 -9.00619 26.5063
    endloop
  endfacet
  facet normal 0 -0.0437658 0.999042
    outer loop
      vertex 35 -9.00619 26.5063
      vertex 37.5 -9.15 26.5
      vertex 37.5 -9.00619 26.5063
    endloop
  endfacet
  facet normal 0 -0.0437658 0.999042
    outer loop
      vertex 37.5 -9.15 26.5
      vertex 35 -9.00619 26.5063
      vertex 35 -9.15 26.5
    endloop
  endfacet
  facet normal 0 -0.216077 0.976376
    outer loop
      vertex 35 -8.72295 26.5562
      vertex 37.5 -8.86348 26.5251
      vertex 37.5 -8.72295 26.5562
    endloop
  endfacet
  facet normal 0 -0.216077 0.976376
    outer loop
      vertex 37.5 -8.86348 26.5251
      vertex 35 -8.72295 26.5562
      vertex 35 -8.86348 26.5251
    endloop
  endfacet
  facet normal 0 -0.130607 -0.991434
    outer loop
      vertex 35 -9.00619 29.7937
      vertex 37.5 -8.86348 29.7749
      vertex 37.5 -9.00619 29.7937
    endloop
  endfacet
  facet normal -0 -0.130607 -0.991434
    outer loop
      vertex 37.5 -8.86348 29.7749
      vertex 35 -9.00619 29.7937
      vertex 35 -8.86348 29.7749
    endloop
  endfacet
  facet normal 0 -0.843392 0.537298
    outer loop
      vertex 35 -7.7984 27.2036
      vertex 37.5 -7.72106 27.325
      vertex 35 -7.72106 27.325
    endloop
  endfacet
  facet normal 0 -0.843392 0.537298
    outer loop
      vertex 37.5 -7.72106 27.325
      vertex 35 -7.7984 27.2036
      vertex 37.5 -7.7984 27.2036
    endloop
  endfacet
  facet normal 0 0.0437658 -0.999042
    outer loop
      vertex 35 -9.29381 29.7937
      vertex 37.5 -9.15 29.8
      vertex 37.5 -9.29381 29.7937
    endloop
  endfacet
  facet normal 0 0.0437658 -0.999042
    outer loop
      vertex 37.5 -9.15 29.8
      vertex 35 -9.29381 29.7937
      vertex 35 -9.15 29.8
    endloop
  endfacet
  facet normal 0 0.73701 0.675882
    outer loop
      vertex 37.5 -10.3167 26.9833
      vertex 35 -10.414 27.0894
      vertex 37.5 -10.414 27.0894
    endloop
  endfacet
  facet normal 0 0.73701 0.675882
    outer loop
      vertex 35 -10.414 27.0894
      vertex 37.5 -10.3167 26.9833
      vertex 35 -10.3167 26.9833
    endloop
  endfacet
  facet normal 0 -0.976326 -0.216305
    outer loop
      vertex 35 -7.52507 28.4365
      vertex 37.5 -7.55622 28.5771
      vertex 35 -7.55622 28.5771
    endloop
  endfacet
  facet normal 0 -0.976326 -0.216305
    outer loop
      vertex 37.5 -7.55622 28.5771
      vertex 35 -7.52507 28.4365
      vertex 37.5 -7.52507 28.4365
    endloop
  endfacet
  facet normal 0 -0.675778 -0.737105
    outer loop
      vertex 35 -8.0894 29.414
      vertex 37.5 -7.98327 29.3167
      vertex 37.5 -8.0894 29.414
    endloop
  endfacet
  facet normal -0 -0.675778 -0.737105
    outer loop
      vertex 37.5 -7.98327 29.3167
      vertex 35 -8.0894 29.414
      vertex 35 -7.98327 29.3167
    endloop
  endfacet
  facet normal 0 0.953635 -0.300965
    outer loop
      vertex 37.5 -10.7438 28.5771
      vertex 35 -10.7005 28.7143
      vertex 37.5 -10.7005 28.7143
    endloop
  endfacet
  facet normal 0 0.953635 -0.300965
    outer loop
      vertex 35 -10.7005 28.7143
      vertex 37.5 -10.7438 28.5771
      vertex 35 -10.7438 28.5771
    endloop
  endfacet
  facet normal 0 -0.608636 0.79345
    outer loop
      vertex 35 -8.0894 26.886
      vertex 37.5 -8.2036 26.7984
      vertex 37.5 -8.0894 26.886
    endloop
  endfacet
  facet normal 0 -0.608636 0.79345
    outer loop
      vertex 37.5 -8.2036 26.7984
      vertex 35 -8.0894 26.886
      vertex 35 -8.2036 26.7984
    endloop
  endfacet
  facet normal 0 0.923856 -0.38274
    outer loop
      vertex 37.5 -10.7005 28.7143
      vertex 35 -10.6454 28.8473
      vertex 37.5 -10.6454 28.8473
    endloop
  endfacet
  facet normal 0 0.923856 -0.38274
    outer loop
      vertex 35 -10.6454 28.8473
      vertex 37.5 -10.7005 28.7143
      vertex 35 -10.7005 28.7143
    endloop
  endfacet
  facet normal -0 0.300806 0.953686
    outer loop
      vertex 35 -9.57705 26.5562
      vertex 37.5 -9.71433 26.5995
      vertex 37.5 -9.57705 26.5562
    endloop
  endfacet
  facet normal 0 0.300806 0.953686
    outer loop
      vertex 37.5 -9.71433 26.5995
      vertex 35 -9.57705 26.5562
      vertex 35 -9.71433 26.5995
    endloop
  endfacet
  facet normal 0 -0.999048 -0.0436302
    outer loop
      vertex 35 -7.5 28.15
      vertex 37.5 -7.50628 28.2938
      vertex 35 -7.50628 28.2938
    endloop
  endfacet
  facet normal 0 -0.999048 -0.0436302
    outer loop
      vertex 37.5 -7.50628 28.2938
      vertex 35 -7.5 28.15
      vertex 37.5 -7.5 28.15
    endloop
  endfacet
  facet normal 0 -0.5371 0.843518
    outer loop
      vertex 35 -8.2036 26.7984
      vertex 37.5 -8.325 26.7211
      vertex 37.5 -8.2036 26.7984
    endloop
  endfacet
  facet normal 0 -0.5371 0.843518
    outer loop
      vertex 37.5 -8.325 26.7211
      vertex 35 -8.2036 26.7984
      vertex 35 -8.325 26.7211
    endloop
  endfacet
  facet normal -0 0.216077 0.976376
    outer loop
      vertex 35 -9.43652 26.5251
      vertex 37.5 -9.57705 26.5562
      vertex 37.5 -9.43652 26.5251
    endloop
  endfacet
  facet normal 0 0.216077 0.976376
    outer loop
      vertex 37.5 -9.57705 26.5562
      vertex 35 -9.43652 26.5251
      vertex 35 -9.57705 26.5562
    endloop
  endfacet
  facet normal 0 0.79345 -0.608636
    outer loop
      vertex 37.5 -10.5016 29.0964
      vertex 35 -10.414 29.2106
      vertex 37.5 -10.414 29.2106
    endloop
  endfacet
  facet normal 0 0.79345 -0.608636
    outer loop
      vertex 35 -10.414 29.2106
      vertex 37.5 -10.5016 29.0964
      vertex 35 -10.5016 29.0964
    endloop
  endfacet
  facet normal 0 -0.737218 0.675655
    outer loop
      vertex 35 -7.98327 26.9833
      vertex 37.5 -7.88603 27.0894
      vertex 35 -7.88603 27.0894
    endloop
  endfacet
  facet normal 0 -0.737218 0.675655
    outer loop
      vertex 37.5 -7.88603 27.0894
      vertex 35 -7.98327 26.9833
      vertex 37.5 -7.98327 26.9833
    endloop
  endfacet
  facet normal 0 -0.999048 0.0436302
    outer loop
      vertex 35 -7.50628 28.0062
      vertex 37.5 -7.5 28.15
      vertex 35 -7.5 28.15
    endloop
  endfacet
  facet normal 0 -0.999048 0.0436302
    outer loop
      vertex 37.5 -7.5 28.15
      vertex 35 -7.50628 28.0062
      vertex 37.5 -7.50628 28.0062
    endloop
  endfacet
  facet normal 0 -0.923905 -0.382622
    outer loop
      vertex 35 -7.59951 28.7143
      vertex 37.5 -7.65459 28.8473
      vertex 35 -7.65459 28.8473
    endloop
  endfacet
  facet normal 0 -0.923905 -0.382622
    outer loop
      vertex 37.5 -7.65459 28.8473
      vertex 35 -7.59951 28.7143
      vertex 37.5 -7.59951 28.7143
    endloop
  endfacet
  facet normal 0 0.991433 0.130616
    outer loop
      vertex 37.5 -10.7749 27.8635
      vertex 35 -10.7937 28.0062
      vertex 37.5 -10.7937 28.0062
    endloop
  endfacet
  facet normal 0 0.991433 0.130616
    outer loop
      vertex 35 -10.7937 28.0062
      vertex 37.5 -10.7749 27.8635
      vertex 35 -10.7749 27.8635
    endloop
  endfacet
  facet normal 0 -0.976326 0.216305
    outer loop
      vertex 35 -7.55622 27.7229
      vertex 37.5 -7.52507 27.8635
      vertex 35 -7.52507 27.8635
    endloop
  endfacet
  facet normal 0 -0.976326 0.216305
    outer loop
      vertex 37.5 -7.52507 27.8635
      vertex 35 -7.55622 27.7229
      vertex 37.5 -7.55622 27.7229
    endloop
  endfacet
  facet normal 0 -0.953655 0.300902
    outer loop
      vertex 35 -7.59951 27.5857
      vertex 37.5 -7.55622 27.7229
      vertex 35 -7.55622 27.7229
    endloop
  endfacet
  facet normal 0 -0.953655 0.300902
    outer loop
      vertex 37.5 -7.55622 27.7229
      vertex 35 -7.59951 27.5857
      vertex 37.5 -7.59951 27.5857
    endloop
  endfacet
  facet normal 0 0.300806 -0.953686
    outer loop
      vertex 35 -9.71433 29.7005
      vertex 37.5 -9.57705 29.7438
      vertex 37.5 -9.71433 29.7005
    endloop
  endfacet
  facet normal 0 0.300806 -0.953686
    outer loop
      vertex 37.5 -9.57705 29.7438
      vertex 35 -9.71433 29.7005
      vertex 35 -9.57705 29.7438
    endloop
  endfacet
  facet normal 0 -0.675778 0.737105
    outer loop
      vertex 35 -7.98327 26.9833
      vertex 37.5 -8.0894 26.886
      vertex 37.5 -7.98327 26.9833
    endloop
  endfacet
  facet normal 0 -0.675778 0.737105
    outer loop
      vertex 37.5 -8.0894 26.886
      vertex 35 -7.98327 26.9833
      vertex 35 -8.0894 26.886
    endloop
  endfacet
  facet normal -0 0.608636 0.79345
    outer loop
      vertex 35 -10.0964 26.7984
      vertex 37.5 -10.2106 26.886
      vertex 37.5 -10.0964 26.7984
    endloop
  endfacet
  facet normal 0 0.608636 0.79345
    outer loop
      vertex 37.5 -10.2106 26.886
      vertex 35 -10.0964 26.7984
      vertex 35 -10.2106 26.886
    endloop
  endfacet
  facet normal 0 -0.793349 -0.608767
    outer loop
      vertex 35 -7.7984 29.0964
      vertex 37.5 -7.88603 29.2106
      vertex 35 -7.88603 29.2106
    endloop
  endfacet
  facet normal 0 -0.793349 -0.608767
    outer loop
      vertex 37.5 -7.88603 29.2106
      vertex 35 -7.7984 29.0964
      vertex 37.5 -7.7984 29.0964
    endloop
  endfacet
  facet normal 0 -0.0437658 -0.999042
    outer loop
      vertex 35 -9.15 29.8
      vertex 37.5 -9.00619 29.7937
      vertex 37.5 -9.15 29.8
    endloop
  endfacet
  facet normal -0 -0.0437658 -0.999042
    outer loop
      vertex 37.5 -9.00619 29.7937
      vertex 35 -9.15 29.8
      vertex 35 -9.00619 29.7937
    endloop
  endfacet
  facet normal 0 -0.953655 -0.300902
    outer loop
      vertex 35 -7.55622 28.5771
      vertex 37.5 -7.59951 28.7143
      vertex 35 -7.59951 28.7143
    endloop
  endfacet
  facet normal 0 -0.953655 -0.300902
    outer loop
      vertex 37.5 -7.59951 28.7143
      vertex 35 -7.55622 28.5771
      vertex 37.5 -7.55622 28.5771
    endloop
  endfacet
  facet normal 0 0.843518 0.5371
    outer loop
      vertex 37.5 -10.5016 27.2036
      vertex 35 -10.5789 27.325
      vertex 37.5 -10.5789 27.325
    endloop
  endfacet
  facet normal 0 0.843518 0.5371
    outer loop
      vertex 35 -10.5789 27.325
      vertex 37.5 -10.5016 27.2036
      vertex 35 -10.5016 27.2036
    endloop
  endfacet
  facet normal -0 0.461934 0.886914
    outer loop
      vertex 35 -9.84732 26.6546
      vertex 37.5 -9.975 26.7211
      vertex 37.5 -9.84732 26.6546
    endloop
  endfacet
  facet normal 0 0.461934 0.886914
    outer loop
      vertex 37.5 -9.975 26.7211
      vertex 35 -9.84732 26.6546
      vertex 35 -9.975 26.7211
    endloop
  endfacet
  facet normal 0 0.999042 0.0437689
    outer loop
      vertex 37.5 -10.7937 28.0062
      vertex 35 -10.8 28.15
      vertex 37.5 -10.8 28.15
    endloop
  endfacet
  facet normal 0 0.999042 0.0437689
    outer loop
      vertex 35 -10.8 28.15
      vertex 37.5 -10.7937 28.0062
      vertex 35 -10.7937 28.0062
    endloop
  endfacet
  facet normal 0 0.886944 0.461878
    outer loop
      vertex 37.5 -10.5789 27.325
      vertex 35 -10.6454 27.4527
      vertex 37.5 -10.6454 27.4527
    endloop
  endfacet
  facet normal 0 0.886944 0.461878
    outer loop
      vertex 35 -10.6454 27.4527
      vertex 37.5 -10.5789 27.325
      vertex 35 -10.5789 27.325
    endloop
  endfacet
  facet normal 0 -0.216077 -0.976376
    outer loop
      vertex 35 -8.86348 29.7749
      vertex 37.5 -8.72295 29.7438
      vertex 37.5 -8.86348 29.7749
    endloop
  endfacet
  facet normal -0 -0.216077 -0.976376
    outer loop
      vertex 37.5 -8.72295 29.7438
      vertex 35 -8.86348 29.7749
      vertex 35 -8.72295 29.7438
    endloop
  endfacet
  facet normal 0 -0.793349 0.608767
    outer loop
      vertex 35 -7.88603 27.0894
      vertex 37.5 -7.7984 27.2036
      vertex 35 -7.7984 27.2036
    endloop
  endfacet
  facet normal 0 -0.793349 0.608767
    outer loop
      vertex 37.5 -7.7984 27.2036
      vertex 35 -7.88603 27.0894
      vertex 37.5 -7.88603 27.0894
    endloop
  endfacet
  facet normal -0 0.0437658 0.999042
    outer loop
      vertex 35 -9.15 26.5
      vertex 37.5 -9.29381 26.5063
      vertex 37.5 -9.15 26.5
    endloop
  endfacet
  facet normal 0 0.0437658 0.999042
    outer loop
      vertex 37.5 -9.29381 26.5063
      vertex 35 -9.15 26.5
      vertex 35 -9.29381 26.5063
    endloop
  endfacet
  facet normal 0 -0.887029 0.461714
    outer loop
      vertex 35 -7.72106 27.325
      vertex 37.5 -7.65459 27.4527
      vertex 35 -7.65459 27.4527
    endloop
  endfacet
  facet normal 0 -0.887029 0.461714
    outer loop
      vertex 37.5 -7.65459 27.4527
      vertex 35 -7.72106 27.325
      vertex 37.5 -7.72106 27.325
    endloop
  endfacet
  facet normal -0 0.5371 0.843518
    outer loop
      vertex 35 -9.975 26.7211
      vertex 37.5 -10.0964 26.7984
      vertex 37.5 -9.975 26.7211
    endloop
  endfacet
  facet normal 0 0.5371 0.843518
    outer loop
      vertex 37.5 -10.0964 26.7984
      vertex 35 -9.975 26.7211
      vertex 35 -10.0964 26.7984
    endloop
  endfacet
  facet normal 0 -0.382765 0.923846
    outer loop
      vertex 35 -8.45268 26.6546
      vertex 37.5 -8.58567 26.5995
      vertex 37.5 -8.45268 26.6546
    endloop
  endfacet
  facet normal 0 -0.382765 0.923846
    outer loop
      vertex 37.5 -8.58567 26.5995
      vertex 35 -8.45268 26.6546
      vertex 35 -8.58567 26.5995
    endloop
  endfacet
  facet normal 0 -0.923905 0.382622
    outer loop
      vertex 35 -7.65459 27.4527
      vertex 37.5 -7.59951 27.5857
      vertex 35 -7.59951 27.5857
    endloop
  endfacet
  facet normal 0 -0.923905 0.382622
    outer loop
      vertex 37.5 -7.59951 27.5857
      vertex 35 -7.65459 27.4527
      vertex 37.5 -7.65459 27.4527
    endloop
  endfacet
  facet normal 0 0.999042 -0.0437689
    outer loop
      vertex 37.5 -10.8 28.15
      vertex 35 -10.7937 28.2938
      vertex 37.5 -10.7937 28.2938
    endloop
  endfacet
  facet normal 0 0.999042 -0.0437689
    outer loop
      vertex 35 -10.7937 28.2938
      vertex 37.5 -10.8 28.15
      vertex 35 -10.8 28.15
    endloop
  endfacet
  facet normal 0 -0.300806 0.953686
    outer loop
      vertex 35 -8.58567 26.5995
      vertex 37.5 -8.72295 26.5562
      vertex 37.5 -8.58567 26.5995
    endloop
  endfacet
  facet normal 0 -0.300806 0.953686
    outer loop
      vertex 37.5 -8.72295 26.5562
      vertex 35 -8.58567 26.5995
      vertex 35 -8.72295 26.5562
    endloop
  endfacet
  facet normal 0 0.923856 0.38274
    outer loop
      vertex 37.5 -10.6454 27.4527
      vertex 35 -10.7005 27.5857
      vertex 37.5 -10.7005 27.5857
    endloop
  endfacet
  facet normal 0 0.923856 0.38274
    outer loop
      vertex 35 -10.7005 27.5857
      vertex 37.5 -10.6454 27.4527
      vertex 35 -10.6454 27.4527
    endloop
  endfacet
  facet normal 0 -0.887029 -0.461714
    outer loop
      vertex 35 -7.65459 28.8473
      vertex 37.5 -7.72106 28.975
      vertex 35 -7.72106 28.975
    endloop
  endfacet
  facet normal 0 -0.887029 -0.461714
    outer loop
      vertex 37.5 -7.72106 28.975
      vertex 35 -7.65459 28.8473
      vertex 37.5 -7.65459 28.8473
    endloop
  endfacet
  facet normal 0 0.5371 -0.843518
    outer loop
      vertex 35 -10.0964 29.5016
      vertex 37.5 -9.975 29.5789
      vertex 37.5 -10.0964 29.5016
    endloop
  endfacet
  facet normal 0 0.5371 -0.843518
    outer loop
      vertex 37.5 -9.975 29.5789
      vertex 35 -10.0964 29.5016
      vertex 35 -9.975 29.5789
    endloop
  endfacet
  facet normal 0 0.953635 0.300965
    outer loop
      vertex 37.5 -10.7005 27.5857
      vertex 35 -10.7438 27.7229
      vertex 37.5 -10.7438 27.7229
    endloop
  endfacet
  facet normal 0 0.953635 0.300965
    outer loop
      vertex 35 -10.7438 27.7229
      vertex 37.5 -10.7005 27.5857
      vertex 35 -10.7005 27.5857
    endloop
  endfacet
  facet normal -0 0.130607 0.991434
    outer loop
      vertex 35 -9.29381 26.5063
      vertex 37.5 -9.43652 26.5251
      vertex 37.5 -9.29381 26.5063
    endloop
  endfacet
  facet normal 0 0.130607 0.991434
    outer loop
      vertex 37.5 -9.43652 26.5251
      vertex 35 -9.29381 26.5063
      vertex 35 -9.43652 26.5251
    endloop
  endfacet
  facet normal -0 0.382765 0.923846
    outer loop
      vertex 35 -9.71433 26.5995
      vertex 37.5 -9.84732 26.6546
      vertex 37.5 -9.71433 26.5995
    endloop
  endfacet
  facet normal 0 0.382765 0.923846
    outer loop
      vertex 37.5 -9.84732 26.6546
      vertex 35 -9.71433 26.5995
      vertex 35 -9.84732 26.6546
    endloop
  endfacet
  facet normal 0 0.382765 -0.923846
    outer loop
      vertex 35 -9.84732 29.6454
      vertex 37.5 -9.71433 29.7005
      vertex 37.5 -9.84732 29.6454
    endloop
  endfacet
  facet normal 0 0.382765 -0.923846
    outer loop
      vertex 37.5 -9.71433 29.7005
      vertex 35 -9.84732 29.6454
      vertex 35 -9.71433 29.7005
    endloop
  endfacet
  facet normal 0 -0.461934 0.886914
    outer loop
      vertex 35 -8.325 26.7211
      vertex 37.5 -8.45268 26.6546
      vertex 37.5 -8.325 26.7211
    endloop
  endfacet
  facet normal 0 -0.461934 0.886914
    outer loop
      vertex 37.5 -8.45268 26.6546
      vertex 35 -8.325 26.7211
      vertex 35 -8.45268 26.6546
    endloop
  endfacet
  facet normal 0 -0.991442 0.130548
    outer loop
      vertex 35 -7.52507 27.8635
      vertex 37.5 -7.50628 28.0062
      vertex 35 -7.50628 28.0062
    endloop
  endfacet
  facet normal 0 -0.991442 0.130548
    outer loop
      vertex 37.5 -7.50628 28.0062
      vertex 35 -7.52507 27.8635
      vertex 37.5 -7.52507 27.8635
    endloop
  endfacet
  facet normal 0 0.216077 -0.976376
    outer loop
      vertex 35 -9.57705 29.7438
      vertex 37.5 -9.43652 29.7749
      vertex 37.5 -9.57705 29.7438
    endloop
  endfacet
  facet normal 0 0.216077 -0.976376
    outer loop
      vertex 37.5 -9.43652 29.7749
      vertex 35 -9.57705 29.7438
      vertex 35 -9.43652 29.7749
    endloop
  endfacet
  facet normal 0 -0.737218 -0.675655
    outer loop
      vertex 35 -7.88603 29.2106
      vertex 37.5 -7.98327 29.3167
      vertex 35 -7.98327 29.3167
    endloop
  endfacet
  facet normal 0 -0.737218 -0.675655
    outer loop
      vertex 37.5 -7.98327 29.3167
      vertex 35 -7.88603 29.2106
      vertex 37.5 -7.88603 29.2106
    endloop
  endfacet
  facet normal 0 0.461934 -0.886914
    outer loop
      vertex 35 -9.975 29.5789
      vertex 37.5 -9.84732 29.6454
      vertex 37.5 -9.975 29.5789
    endloop
  endfacet
  facet normal 0 0.461934 -0.886914
    outer loop
      vertex 37.5 -9.84732 29.6454
      vertex 35 -9.975 29.5789
      vertex 35 -9.84732 29.6454
    endloop
  endfacet
  facet normal 0 -0.991442 -0.130548
    outer loop
      vertex 35 -7.50628 28.2938
      vertex 37.5 -7.52507 28.4365
      vertex 35 -7.52507 28.4365
    endloop
  endfacet
  facet normal 0 -0.991442 -0.130548
    outer loop
      vertex 37.5 -7.52507 28.4365
      vertex 35 -7.50628 28.2938
      vertex 37.5 -7.50628 28.2938
    endloop
  endfacet
  facet normal 0 -0.461934 -0.886914
    outer loop
      vertex 35 -8.45268 29.6454
      vertex 37.5 -8.325 29.5789
      vertex 37.5 -8.45268 29.6454
    endloop
  endfacet
  facet normal -0 -0.461934 -0.886914
    outer loop
      vertex 37.5 -8.325 29.5789
      vertex 35 -8.45268 29.6454
      vertex 35 -8.325 29.5789
    endloop
  endfacet
  facet normal 0 0.608636 -0.79345
    outer loop
      vertex 35 -10.2106 29.414
      vertex 37.5 -10.0964 29.5016
      vertex 37.5 -10.2106 29.414
    endloop
  endfacet
  facet normal 0 0.608636 -0.79345
    outer loop
      vertex 37.5 -10.0964 29.5016
      vertex 35 -10.2106 29.414
      vertex 35 -10.0964 29.5016
    endloop
  endfacet
  facet normal 0 0.675882 -0.73701
    outer loop
      vertex 35 -10.3167 29.3167
      vertex 37.5 -10.2106 29.414
      vertex 37.5 -10.3167 29.3167
    endloop
  endfacet
  facet normal 0 0.675882 -0.73701
    outer loop
      vertex 37.5 -10.2106 29.414
      vertex 35 -10.3167 29.3167
      vertex 35 -10.2106 29.414
    endloop
  endfacet
  facet normal 0 0.843518 -0.5371
    outer loop
      vertex 37.5 -10.5789 28.975
      vertex 35 -10.5016 29.0964
      vertex 37.5 -10.5016 29.0964
    endloop
  endfacet
  facet normal 0 0.843518 -0.5371
    outer loop
      vertex 35 -10.5016 29.0964
      vertex 37.5 -10.5789 28.975
      vertex 35 -10.5789 28.975
    endloop
  endfacet
  facet normal 0 -0.382765 -0.923846
    outer loop
      vertex 35 -8.58567 29.7005
      vertex 37.5 -8.45268 29.6454
      vertex 37.5 -8.58567 29.7005
    endloop
  endfacet
  facet normal -0 -0.382765 -0.923846
    outer loop
      vertex 37.5 -8.45268 29.6454
      vertex 35 -8.58567 29.7005
      vertex 35 -8.45268 29.6454
    endloop
  endfacet
  facet normal 0 0.886944 -0.461878
    outer loop
      vertex 37.5 -10.6454 28.8473
      vertex 35 -10.5789 28.975
      vertex 37.5 -10.5789 28.975
    endloop
  endfacet
  facet normal 0 0.886944 -0.461878
    outer loop
      vertex 35 -10.5789 28.975
      vertex 37.5 -10.6454 28.8473
      vertex 35 -10.6454 28.8473
    endloop
  endfacet
  facet normal 0 -0.608636 -0.79345
    outer loop
      vertex 35 -8.2036 29.5016
      vertex 37.5 -8.0894 29.414
      vertex 37.5 -8.2036 29.5016
    endloop
  endfacet
  facet normal -0 -0.608636 -0.79345
    outer loop
      vertex 37.5 -8.0894 29.414
      vertex 35 -8.2036 29.5016
      vertex 35 -8.0894 29.414
    endloop
  endfacet
  facet normal -0 0.675882 0.73701
    outer loop
      vertex 35 -10.2106 26.886
      vertex 37.5 -10.3167 26.9833
      vertex 37.5 -10.2106 26.886
    endloop
  endfacet
  facet normal 0 0.675882 0.73701
    outer loop
      vertex 37.5 -10.3167 26.9833
      vertex 35 -10.2106 26.886
      vertex 35 -10.3167 26.9833
    endloop
  endfacet
  facet normal 0 0.991433 -0.130616
    outer loop
      vertex 37.5 -10.7937 28.2938
      vertex 35 -10.7749 28.4365
      vertex 37.5 -10.7749 28.4365
    endloop
  endfacet
  facet normal 0 0.991433 -0.130616
    outer loop
      vertex 35 -10.7749 28.4365
      vertex 37.5 -10.7937 28.2938
      vertex 35 -10.7937 28.2938
    endloop
  endfacet
  facet normal 0 0.130607 -0.991434
    outer loop
      vertex 35 -9.43652 29.7749
      vertex 37.5 -9.29381 29.7937
      vertex 37.5 -9.43652 29.7749
    endloop
  endfacet
  facet normal 0 0.130607 -0.991434
    outer loop
      vertex 37.5 -9.29381 29.7937
      vertex 35 -9.43652 29.7749
      vertex 35 -9.29381 29.7937
    endloop
  endfacet
  facet normal 0 -0.843392 -0.537298
    outer loop
      vertex 35 -7.72106 28.975
      vertex 37.5 -7.7984 29.0964
      vertex 35 -7.7984 29.0964
    endloop
  endfacet
  facet normal 0 -0.843392 -0.537298
    outer loop
      vertex 37.5 -7.7984 29.0964
      vertex 35 -7.72106 28.975
      vertex 37.5 -7.72106 28.975
    endloop
  endfacet
  facet normal 0 -0.5371 -0.843518
    outer loop
      vertex 35 -8.325 29.5789
      vertex 37.5 -8.2036 29.5016
      vertex 37.5 -8.325 29.5789
    endloop
  endfacet
  facet normal -0 -0.5371 -0.843518
    outer loop
      vertex 37.5 -8.2036 29.5016
      vertex 35 -8.325 29.5789
      vertex 35 -8.2036 29.5016
    endloop
  endfacet
  facet normal 0 0.976399 -0.215974
    outer loop
      vertex 37.5 -10.7749 28.4365
      vertex 35 -10.7438 28.5771
      vertex 37.5 -10.7438 28.5771
    endloop
  endfacet
  facet normal 0 0.976399 -0.215974
    outer loop
      vertex 35 -10.7438 28.5771
      vertex 37.5 -10.7749 28.4365
      vertex 35 -10.7749 28.4365
    endloop
  endfacet
  facet normal 0 0.73701 -0.675882
    outer loop
      vertex 37.5 -10.414 29.2106
      vertex 35 -10.3167 29.3167
      vertex 37.5 -10.3167 29.3167
    endloop
  endfacet
  facet normal 0 0.73701 -0.675882
    outer loop
      vertex 35 -10.3167 29.3167
      vertex 37.5 -10.414 29.2106
      vertex 35 -10.414 29.2106
    endloop
  endfacet
  facet normal 0 0.79345 0.608636
    outer loop
      vertex 37.5 -10.414 27.0894
      vertex 35 -10.5016 27.2036
      vertex 37.5 -10.5016 27.2036
    endloop
  endfacet
  facet normal 0 0.79345 0.608636
    outer loop
      vertex 35 -10.5016 27.2036
      vertex 37.5 -10.414 27.0894
      vertex 35 -10.414 27.0894
    endloop
  endfacet
  facet normal 0 -0.130607 0.991434
    outer loop
      vertex 35 9.43652 26.5251
      vertex 37.5 9.29381 26.5063
      vertex 37.5 9.43652 26.5251
    endloop
  endfacet
  facet normal 0 -0.130607 0.991434
    outer loop
      vertex 37.5 9.29381 26.5063
      vertex 35 9.43652 26.5251
      vertex 35 9.29381 26.5063
    endloop
  endfacet
  facet normal 0 -0.0437658 0.999042
    outer loop
      vertex 35 9.29381 26.5063
      vertex 37.5 9.15 26.5
      vertex 37.5 9.29381 26.5063
    endloop
  endfacet
  facet normal 0 -0.0437658 0.999042
    outer loop
      vertex 37.5 9.15 26.5
      vertex 35 9.29381 26.5063
      vertex 35 9.15 26.5
    endloop
  endfacet
  facet normal 0 -0.216077 0.976376
    outer loop
      vertex 35 9.57705 26.5562
      vertex 37.5 9.43652 26.5251
      vertex 37.5 9.57705 26.5562
    endloop
  endfacet
  facet normal 0 -0.216077 0.976376
    outer loop
      vertex 37.5 9.43652 26.5251
      vertex 35 9.57705 26.5562
      vertex 35 9.43652 26.5251
    endloop
  endfacet
  facet normal 0 0.382765 -0.923846
    outer loop
      vertex 35 8.45268 29.6454
      vertex 37.5 8.58567 29.7005
      vertex 37.5 8.45268 29.6454
    endloop
  endfacet
  facet normal 0 0.382765 -0.923846
    outer loop
      vertex 37.5 8.58567 29.7005
      vertex 35 8.45268 29.6454
      vertex 35 8.58567 29.7005
    endloop
  endfacet
  facet normal 0 -0.843518 0.5371
    outer loop
      vertex 35 10.5016 27.2036
      vertex 37.5 10.5789 27.325
      vertex 35 10.5789 27.325
    endloop
  endfacet
  facet normal 0 -0.843518 0.5371
    outer loop
      vertex 37.5 10.5789 27.325
      vertex 35 10.5016 27.2036
      vertex 37.5 10.5016 27.2036
    endloop
  endfacet
  facet normal 0 -0.843518 -0.5371
    outer loop
      vertex 35 10.5789 28.975
      vertex 37.5 10.5016 29.0964
      vertex 35 10.5016 29.0964
    endloop
  endfacet
  facet normal 0 -0.843518 -0.5371
    outer loop
      vertex 37.5 10.5016 29.0964
      vertex 35 10.5789 28.975
      vertex 37.5 10.5789 28.975
    endloop
  endfacet
  facet normal 0 -0.0437658 -0.999042
    outer loop
      vertex 35 9.15 29.8
      vertex 37.5 9.29381 29.7937
      vertex 37.5 9.15 29.8
    endloop
  endfacet
  facet normal -0 -0.0437658 -0.999042
    outer loop
      vertex 37.5 9.29381 29.7937
      vertex 35 9.15 29.8
      vertex 35 9.29381 29.7937
    endloop
  endfacet
  facet normal 0 0.991442 -0.130548
    outer loop
      vertex 37.5 7.50628 28.2938
      vertex 35 7.52507 28.4365
      vertex 37.5 7.52507 28.4365
    endloop
  endfacet
  facet normal 0 0.991442 -0.130548
    outer loop
      vertex 35 7.52507 28.4365
      vertex 37.5 7.50628 28.2938
      vertex 35 7.50628 28.2938
    endloop
  endfacet
  facet normal 0 0.976326 0.216305
    outer loop
      vertex 37.5 7.55622 27.7229
      vertex 35 7.52507 27.8635
      vertex 37.5 7.52507 27.8635
    endloop
  endfacet
  facet normal 0 0.976326 0.216305
    outer loop
      vertex 35 7.52507 27.8635
      vertex 37.5 7.55622 27.7229
      vertex 35 7.55622 27.7229
    endloop
  endfacet
  facet normal -0 0.0437658 0.999042
    outer loop
      vertex 35 9.15 26.5
      vertex 37.5 9.00619 26.5063
      vertex 37.5 9.15 26.5
    endloop
  endfacet
  facet normal 0 0.0437658 0.999042
    outer loop
      vertex 37.5 9.00619 26.5063
      vertex 35 9.15 26.5
      vertex 35 9.00619 26.5063
    endloop
  endfacet
  facet normal 0 -0.953635 0.300965
    outer loop
      vertex 35 10.7005 27.5857
      vertex 37.5 10.7438 27.7229
      vertex 35 10.7438 27.7229
    endloop
  endfacet
  facet normal 0 -0.953635 0.300965
    outer loop
      vertex 37.5 10.7438 27.7229
      vertex 35 10.7005 27.5857
      vertex 37.5 10.7005 27.5857
    endloop
  endfacet
  facet normal -0 0.608636 0.79345
    outer loop
      vertex 35 8.2036 26.7984
      vertex 37.5 8.0894 26.886
      vertex 37.5 8.2036 26.7984
    endloop
  endfacet
  facet normal 0 0.608636 0.79345
    outer loop
      vertex 37.5 8.0894 26.886
      vertex 35 8.2036 26.7984
      vertex 35 8.0894 26.886
    endloop
  endfacet
  facet normal 0 -0.976399 -0.215974
    outer loop
      vertex 35 10.7749 28.4365
      vertex 37.5 10.7438 28.5771
      vertex 35 10.7438 28.5771
    endloop
  endfacet
  facet normal 0 -0.976399 -0.215974
    outer loop
      vertex 37.5 10.7438 28.5771
      vertex 35 10.7749 28.4365
      vertex 37.5 10.7749 28.4365
    endloop
  endfacet
  facet normal 0 -0.382765 0.923846
    outer loop
      vertex 35 9.84732 26.6546
      vertex 37.5 9.71433 26.5995
      vertex 37.5 9.84732 26.6546
    endloop
  endfacet
  facet normal 0 -0.382765 0.923846
    outer loop
      vertex 37.5 9.71433 26.5995
      vertex 35 9.84732 26.6546
      vertex 35 9.71433 26.5995
    endloop
  endfacet
  facet normal 0 0.793349 -0.608767
    outer loop
      vertex 37.5 7.7984 29.0964
      vertex 35 7.88603 29.2106
      vertex 37.5 7.88603 29.2106
    endloop
  endfacet
  facet normal 0 0.793349 -0.608767
    outer loop
      vertex 35 7.88603 29.2106
      vertex 37.5 7.7984 29.0964
      vertex 35 7.7984 29.0964
    endloop
  endfacet
  facet normal 0 0.300806 -0.953686
    outer loop
      vertex 35 8.58567 29.7005
      vertex 37.5 8.72295 29.7438
      vertex 37.5 8.58567 29.7005
    endloop
  endfacet
  facet normal 0 0.300806 -0.953686
    outer loop
      vertex 37.5 8.72295 29.7438
      vertex 35 8.58567 29.7005
      vertex 35 8.72295 29.7438
    endloop
  endfacet
  facet normal 0 -0.5371 -0.843518
    outer loop
      vertex 35 9.975 29.5789
      vertex 37.5 10.0964 29.5016
      vertex 37.5 9.975 29.5789
    endloop
  endfacet
  facet normal -0 -0.5371 -0.843518
    outer loop
      vertex 37.5 10.0964 29.5016
      vertex 35 9.975 29.5789
      vertex 35 10.0964 29.5016
    endloop
  endfacet
  facet normal 0 0.999048 0.0436302
    outer loop
      vertex 37.5 7.50628 28.0062
      vertex 35 7.5 28.15
      vertex 37.5 7.5 28.15
    endloop
  endfacet
  facet normal 0 0.999048 0.0436302
    outer loop
      vertex 35 7.5 28.15
      vertex 37.5 7.50628 28.0062
      vertex 35 7.50628 28.0062
    endloop
  endfacet
  facet normal 0 -0.300806 0.953686
    outer loop
      vertex 35 9.71433 26.5995
      vertex 37.5 9.57705 26.5562
      vertex 37.5 9.71433 26.5995
    endloop
  endfacet
  facet normal 0 -0.300806 0.953686
    outer loop
      vertex 37.5 9.57705 26.5562
      vertex 35 9.71433 26.5995
      vertex 35 9.57705 26.5562
    endloop
  endfacet
  facet normal 0 -0.953635 -0.300965
    outer loop
      vertex 35 10.7438 28.5771
      vertex 37.5 10.7005 28.7143
      vertex 35 10.7005 28.7143
    endloop
  endfacet
  facet normal 0 -0.953635 -0.300965
    outer loop
      vertex 37.5 10.7005 28.7143
      vertex 35 10.7438 28.5771
      vertex 37.5 10.7438 28.5771
    endloop
  endfacet
  facet normal -0 0.382765 0.923846
    outer loop
      vertex 35 8.58567 26.5995
      vertex 37.5 8.45268 26.6546
      vertex 37.5 8.58567 26.5995
    endloop
  endfacet
  facet normal 0 0.382765 0.923846
    outer loop
      vertex 37.5 8.45268 26.6546
      vertex 35 8.58567 26.5995
      vertex 35 8.45268 26.6546
    endloop
  endfacet
  facet normal 0 -0.130607 -0.991434
    outer loop
      vertex 35 9.29381 29.7937
      vertex 37.5 9.43652 29.7749
      vertex 37.5 9.29381 29.7937
    endloop
  endfacet
  facet normal -0 -0.130607 -0.991434
    outer loop
      vertex 37.5 9.43652 29.7749
      vertex 35 9.29381 29.7937
      vertex 35 9.43652 29.7749
    endloop
  endfacet
  facet normal 0 0.0437658 -0.999042
    outer loop
      vertex 35 9.00619 29.7937
      vertex 37.5 9.15 29.8
      vertex 37.5 9.00619 29.7937
    endloop
  endfacet
  facet normal 0 0.0437658 -0.999042
    outer loop
      vertex 37.5 9.15 29.8
      vertex 35 9.00619 29.7937
      vertex 35 9.15 29.8
    endloop
  endfacet
  facet normal 0 0.675778 -0.737105
    outer loop
      vertex 35 7.98327 29.3167
      vertex 37.5 8.0894 29.414
      vertex 37.5 7.98327 29.3167
    endloop
  endfacet
  facet normal 0 0.675778 -0.737105
    outer loop
      vertex 37.5 8.0894 29.414
      vertex 35 7.98327 29.3167
      vertex 35 8.0894 29.414
    endloop
  endfacet
  facet normal 0 -0.461934 -0.886914
    outer loop
      vertex 35 9.84732 29.6454
      vertex 37.5 9.975 29.5789
      vertex 37.5 9.84732 29.6454
    endloop
  endfacet
  facet normal -0 -0.461934 -0.886914
    outer loop
      vertex 37.5 9.975 29.5789
      vertex 35 9.84732 29.6454
      vertex 35 9.975 29.5789
    endloop
  endfacet
  facet normal 0 -0.73701 0.675882
    outer loop
      vertex 35 10.3167 26.9833
      vertex 37.5 10.414 27.0894
      vertex 35 10.414 27.0894
    endloop
  endfacet
  facet normal 0 -0.73701 0.675882
    outer loop
      vertex 37.5 10.414 27.0894
      vertex 35 10.3167 26.9833
      vertex 37.5 10.3167 26.9833
    endloop
  endfacet
  facet normal 0 -0.886944 0.461878
    outer loop
      vertex 35 10.5789 27.325
      vertex 37.5 10.6454 27.4527
      vertex 35 10.6454 27.4527
    endloop
  endfacet
  facet normal 0 -0.886944 0.461878
    outer loop
      vertex 37.5 10.6454 27.4527
      vertex 35 10.5789 27.325
      vertex 37.5 10.5789 27.325
    endloop
  endfacet
  facet normal -0 0.300806 0.953686
    outer loop
      vertex 35 8.72295 26.5562
      vertex 37.5 8.58567 26.5995
      vertex 37.5 8.72295 26.5562
    endloop
  endfacet
  facet normal 0 0.300806 0.953686
    outer loop
      vertex 37.5 8.58567 26.5995
      vertex 35 8.72295 26.5562
      vertex 35 8.58567 26.5995
    endloop
  endfacet
  facet normal -0 0.216077 0.976376
    outer loop
      vertex 35 8.86348 26.5251
      vertex 37.5 8.72295 26.5562
      vertex 37.5 8.86348 26.5251
    endloop
  endfacet
  facet normal 0 0.216077 0.976376
    outer loop
      vertex 37.5 8.72295 26.5562
      vertex 35 8.86348 26.5251
      vertex 35 8.72295 26.5562
    endloop
  endfacet
  facet normal 0 0.887029 0.461714
    outer loop
      vertex 37.5 7.72106 27.325
      vertex 35 7.65459 27.4527
      vertex 37.5 7.65459 27.4527
    endloop
  endfacet
  facet normal 0 0.887029 0.461714
    outer loop
      vertex 35 7.65459 27.4527
      vertex 37.5 7.72106 27.325
      vertex 35 7.72106 27.325
    endloop
  endfacet
  facet normal 0 -0.79345 0.608636
    outer loop
      vertex 35 10.414 27.0894
      vertex 37.5 10.5016 27.2036
      vertex 35 10.5016 27.2036
    endloop
  endfacet
  facet normal 0 -0.79345 0.608636
    outer loop
      vertex 37.5 10.5016 27.2036
      vertex 35 10.414 27.0894
      vertex 37.5 10.414 27.0894
    endloop
  endfacet
  facet normal 0 -0.608636 0.79345
    outer loop
      vertex 35 10.2106 26.886
      vertex 37.5 10.0964 26.7984
      vertex 37.5 10.2106 26.886
    endloop
  endfacet
  facet normal 0 -0.608636 0.79345
    outer loop
      vertex 37.5 10.0964 26.7984
      vertex 35 10.2106 26.886
      vertex 35 10.0964 26.7984
    endloop
  endfacet
  facet normal 0 -0.73701 -0.675882
    outer loop
      vertex 35 10.414 29.2106
      vertex 37.5 10.3167 29.3167
      vertex 35 10.3167 29.3167
    endloop
  endfacet
  facet normal 0 -0.73701 -0.675882
    outer loop
      vertex 37.5 10.3167 29.3167
      vertex 35 10.414 29.2106
      vertex 37.5 10.414 29.2106
    endloop
  endfacet
  facet normal 0 0.991442 0.130548
    outer loop
      vertex 37.5 7.52507 27.8635
      vertex 35 7.50628 28.0062
      vertex 37.5 7.50628 28.0062
    endloop
  endfacet
  facet normal 0 0.991442 0.130548
    outer loop
      vertex 35 7.50628 28.0062
      vertex 37.5 7.52507 27.8635
      vertex 35 7.52507 27.8635
    endloop
  endfacet
  facet normal 0 -0.5371 0.843518
    outer loop
      vertex 35 10.0964 26.7984
      vertex 37.5 9.975 26.7211
      vertex 37.5 10.0964 26.7984
    endloop
  endfacet
  facet normal 0 -0.5371 0.843518
    outer loop
      vertex 37.5 9.975 26.7211
      vertex 35 10.0964 26.7984
      vertex 35 9.975 26.7211
    endloop
  endfacet
  facet normal -0 0.5371 0.843518
    outer loop
      vertex 35 8.325 26.7211
      vertex 37.5 8.2036 26.7984
      vertex 37.5 8.325 26.7211
    endloop
  endfacet
  facet normal 0 0.5371 0.843518
    outer loop
      vertex 37.5 8.2036 26.7984
      vertex 35 8.325 26.7211
      vertex 35 8.2036 26.7984
    endloop
  endfacet
  facet normal 0 0.843392 0.537298
    outer loop
      vertex 37.5 7.7984 27.2036
      vertex 35 7.72106 27.325
      vertex 37.5 7.72106 27.325
    endloop
  endfacet
  facet normal 0 0.843392 0.537298
    outer loop
      vertex 35 7.72106 27.325
      vertex 37.5 7.7984 27.2036
      vertex 35 7.7984 27.2036
    endloop
  endfacet
  facet normal 0 0.999048 -0.0436302
    outer loop
      vertex 37.5 7.5 28.15
      vertex 35 7.50628 28.2938
      vertex 37.5 7.50628 28.2938
    endloop
  endfacet
  facet normal 0 0.999048 -0.0436302
    outer loop
      vertex 35 7.50628 28.2938
      vertex 37.5 7.5 28.15
      vertex 35 7.5 28.15
    endloop
  endfacet
  facet normal 0 -0.923856 0.38274
    outer loop
      vertex 35 10.6454 27.4527
      vertex 37.5 10.7005 27.5857
      vertex 35 10.7005 27.5857
    endloop
  endfacet
  facet normal 0 -0.923856 0.38274
    outer loop
      vertex 37.5 10.7005 27.5857
      vertex 35 10.6454 27.4527
      vertex 37.5 10.6454 27.4527
    endloop
  endfacet
  facet normal 0 -0.886944 -0.461878
    outer loop
      vertex 35 10.6454 28.8473
      vertex 37.5 10.5789 28.975
      vertex 35 10.5789 28.975
    endloop
  endfacet
  facet normal 0 -0.886944 -0.461878
    outer loop
      vertex 37.5 10.5789 28.975
      vertex 35 10.6454 28.8473
      vertex 37.5 10.6454 28.8473
    endloop
  endfacet
  facet normal -0 0.130607 0.991434
    outer loop
      vertex 35 9.00619 26.5063
      vertex 37.5 8.86348 26.5251
      vertex 37.5 9.00619 26.5063
    endloop
  endfacet
  facet normal 0 0.130607 0.991434
    outer loop
      vertex 37.5 8.86348 26.5251
      vertex 35 9.00619 26.5063
      vertex 35 8.86348 26.5251
    endloop
  endfacet
  facet normal 0 0.5371 -0.843518
    outer loop
      vertex 35 8.2036 29.5016
      vertex 37.5 8.325 29.5789
      vertex 37.5 8.2036 29.5016
    endloop
  endfacet
  facet normal 0 0.5371 -0.843518
    outer loop
      vertex 37.5 8.325 29.5789
      vertex 35 8.2036 29.5016
      vertex 35 8.325 29.5789
    endloop
  endfacet
  facet normal 0 0.843392 -0.537298
    outer loop
      vertex 37.5 7.72106 28.975
      vertex 35 7.7984 29.0964
      vertex 37.5 7.7984 29.0964
    endloop
  endfacet
  facet normal 0 0.843392 -0.537298
    outer loop
      vertex 35 7.7984 29.0964
      vertex 37.5 7.72106 28.975
      vertex 35 7.72106 28.975
    endloop
  endfacet
  facet normal 0 -0.461934 0.886914
    outer loop
      vertex 35 9.975 26.7211
      vertex 37.5 9.84732 26.6546
      vertex 37.5 9.975 26.7211
    endloop
  endfacet
  facet normal 0 -0.461934 0.886914
    outer loop
      vertex 37.5 9.84732 26.6546
      vertex 35 9.975 26.7211
      vertex 35 9.84732 26.6546
    endloop
  endfacet
  facet normal 0 0.608636 -0.79345
    outer loop
      vertex 35 8.0894 29.414
      vertex 37.5 8.2036 29.5016
      vertex 37.5 8.0894 29.414
    endloop
  endfacet
  facet normal 0 0.608636 -0.79345
    outer loop
      vertex 37.5 8.2036 29.5016
      vertex 35 8.0894 29.414
      vertex 35 8.2036 29.5016
    endloop
  endfacet
  facet normal 0 0.461934 -0.886914
    outer loop
      vertex 35 8.325 29.5789
      vertex 37.5 8.45268 29.6454
      vertex 37.5 8.325 29.5789
    endloop
  endfacet
  facet normal 0 0.461934 -0.886914
    outer loop
      vertex 37.5 8.45268 29.6454
      vertex 35 8.325 29.5789
      vertex 35 8.45268 29.6454
    endloop
  endfacet
  facet normal 0 -0.79345 -0.608636
    outer loop
      vertex 35 10.5016 29.0964
      vertex 37.5 10.414 29.2106
      vertex 35 10.414 29.2106
    endloop
  endfacet
  facet normal 0 -0.79345 -0.608636
    outer loop
      vertex 37.5 10.414 29.2106
      vertex 35 10.5016 29.0964
      vertex 37.5 10.5016 29.0964
    endloop
  endfacet
  facet normal 0 -0.675882 -0.73701
    outer loop
      vertex 35 10.2106 29.414
      vertex 37.5 10.3167 29.3167
      vertex 37.5 10.2106 29.414
    endloop
  endfacet
  facet normal -0 -0.675882 -0.73701
    outer loop
      vertex 37.5 10.3167 29.3167
      vertex 35 10.2106 29.414
      vertex 35 10.3167 29.3167
    endloop
  endfacet
  facet normal 0 -0.999042 0.0437689
    outer loop
      vertex 35 10.7937 28.0062
      vertex 37.5 10.8 28.15
      vertex 35 10.8 28.15
    endloop
  endfacet
  facet normal 0 -0.999042 0.0437689
    outer loop
      vertex 37.5 10.8 28.15
      vertex 35 10.7937 28.0062
      vertex 37.5 10.7937 28.0062
    endloop
  endfacet
  facet normal 0 0.887029 -0.461714
    outer loop
      vertex 37.5 7.65459 28.8473
      vertex 35 7.72106 28.975
      vertex 37.5 7.72106 28.975
    endloop
  endfacet
  facet normal 0 0.887029 -0.461714
    outer loop
      vertex 35 7.72106 28.975
      vertex 37.5 7.65459 28.8473
      vertex 35 7.65459 28.8473
    endloop
  endfacet
  facet normal 0 -0.999042 -0.0437689
    outer loop
      vertex 35 10.8 28.15
      vertex 37.5 10.7937 28.2938
      vertex 35 10.7937 28.2938
    endloop
  endfacet
  facet normal 0 -0.999042 -0.0437689
    outer loop
      vertex 37.5 10.7937 28.2938
      vertex 35 10.8 28.15
      vertex 37.5 10.8 28.15
    endloop
  endfacet
  facet normal 0 -0.675882 0.73701
    outer loop
      vertex 35 10.3167 26.9833
      vertex 37.5 10.2106 26.886
      vertex 37.5 10.3167 26.9833
    endloop
  endfacet
  facet normal 0 -0.675882 0.73701
    outer loop
      vertex 37.5 10.2106 26.886
      vertex 35 10.3167 26.9833
      vertex 35 10.2106 26.886
    endloop
  endfacet
  facet normal 0 -0.923856 -0.38274
    outer loop
      vertex 35 10.7005 28.7143
      vertex 37.5 10.6454 28.8473
      vertex 35 10.6454 28.8473
    endloop
  endfacet
  facet normal 0 -0.923856 -0.38274
    outer loop
      vertex 37.5 10.6454 28.8473
      vertex 35 10.7005 28.7143
      vertex 37.5 10.7005 28.7143
    endloop
  endfacet
  facet normal 0 0.130607 -0.991434
    outer loop
      vertex 35 8.86348 29.7749
      vertex 37.5 9.00619 29.7937
      vertex 37.5 8.86348 29.7749
    endloop
  endfacet
  facet normal 0 0.130607 -0.991434
    outer loop
      vertex 37.5 9.00619 29.7937
      vertex 35 8.86348 29.7749
      vertex 35 9.00619 29.7937
    endloop
  endfacet
  facet normal 0 0.953655 -0.300902
    outer loop
      vertex 37.5 7.55622 28.5771
      vertex 35 7.59951 28.7143
      vertex 37.5 7.59951 28.7143
    endloop
  endfacet
  facet normal 0 0.953655 -0.300902
    outer loop
      vertex 35 7.59951 28.7143
      vertex 37.5 7.55622 28.5771
      vertex 35 7.55622 28.5771
    endloop
  endfacet
  facet normal 0 -0.991433 -0.130616
    outer loop
      vertex 35 10.7937 28.2938
      vertex 37.5 10.7749 28.4365
      vertex 35 10.7749 28.4365
    endloop
  endfacet
  facet normal 0 -0.991433 -0.130616
    outer loop
      vertex 37.5 10.7749 28.4365
      vertex 35 10.7937 28.2938
      vertex 37.5 10.7937 28.2938
    endloop
  endfacet
  facet normal 0 -0.216077 -0.976376
    outer loop
      vertex 35 9.43652 29.7749
      vertex 37.5 9.57705 29.7438
      vertex 37.5 9.43652 29.7749
    endloop
  endfacet
  facet normal -0 -0.216077 -0.976376
    outer loop
      vertex 37.5 9.57705 29.7438
      vertex 35 9.43652 29.7749
      vertex 35 9.57705 29.7438
    endloop
  endfacet
  facet normal 0 -0.976399 0.215974
    outer loop
      vertex 35 10.7438 27.7229
      vertex 37.5 10.7749 27.8635
      vertex 35 10.7749 27.8635
    endloop
  endfacet
  facet normal 0 -0.976399 0.215974
    outer loop
      vertex 37.5 10.7749 27.8635
      vertex 35 10.7438 27.7229
      vertex 37.5 10.7438 27.7229
    endloop
  endfacet
  facet normal 0 0.923905 0.382622
    outer loop
      vertex 37.5 7.65459 27.4527
      vertex 35 7.59951 27.5857
      vertex 37.5 7.59951 27.5857
    endloop
  endfacet
  facet normal 0 0.923905 0.382622
    outer loop
      vertex 35 7.59951 27.5857
      vertex 37.5 7.65459 27.4527
      vertex 35 7.65459 27.4527
    endloop
  endfacet
  facet normal 0 0.953655 0.300902
    outer loop
      vertex 37.5 7.59951 27.5857
      vertex 35 7.55622 27.7229
      vertex 37.5 7.55622 27.7229
    endloop
  endfacet
  facet normal 0 0.953655 0.300902
    outer loop
      vertex 35 7.55622 27.7229
      vertex 37.5 7.59951 27.5857
      vertex 35 7.59951 27.5857
    endloop
  endfacet
  facet normal 0 0.737218 -0.675655
    outer loop
      vertex 37.5 7.88603 29.2106
      vertex 35 7.98327 29.3167
      vertex 37.5 7.98327 29.3167
    endloop
  endfacet
  facet normal 0 0.737218 -0.675655
    outer loop
      vertex 35 7.98327 29.3167
      vertex 37.5 7.88603 29.2106
      vertex 35 7.88603 29.2106
    endloop
  endfacet
  facet normal 0 0.216077 -0.976376
    outer loop
      vertex 35 8.72295 29.7438
      vertex 37.5 8.86348 29.7749
      vertex 37.5 8.72295 29.7438
    endloop
  endfacet
  facet normal 0 0.216077 -0.976376
    outer loop
      vertex 37.5 8.86348 29.7749
      vertex 35 8.72295 29.7438
      vertex 35 8.86348 29.7749
    endloop
  endfacet
  facet normal -0 0.461934 0.886914
    outer loop
      vertex 35 8.45268 26.6546
      vertex 37.5 8.325 26.7211
      vertex 37.5 8.45268 26.6546
    endloop
  endfacet
  facet normal 0 0.461934 0.886914
    outer loop
      vertex 37.5 8.325 26.7211
      vertex 35 8.45268 26.6546
      vertex 35 8.325 26.7211
    endloop
  endfacet
  facet normal 0 -0.991433 0.130616
    outer loop
      vertex 35 10.7749 27.8635
      vertex 37.5 10.7937 28.0062
      vertex 35 10.7937 28.0062
    endloop
  endfacet
  facet normal 0 -0.991433 0.130616
    outer loop
      vertex 37.5 10.7937 28.0062
      vertex 35 10.7749 27.8635
      vertex 37.5 10.7749 27.8635
    endloop
  endfacet
  facet normal 0 0.923905 -0.382622
    outer loop
      vertex 37.5 7.59951 28.7143
      vertex 35 7.65459 28.8473
      vertex 37.5 7.65459 28.8473
    endloop
  endfacet
  facet normal 0 0.923905 -0.382622
    outer loop
      vertex 35 7.65459 28.8473
      vertex 37.5 7.59951 28.7143
      vertex 35 7.59951 28.7143
    endloop
  endfacet
  facet normal 0 0.976326 -0.216305
    outer loop
      vertex 37.5 7.52507 28.4365
      vertex 35 7.55622 28.5771
      vertex 37.5 7.55622 28.5771
    endloop
  endfacet
  facet normal 0 0.976326 -0.216305
    outer loop
      vertex 35 7.55622 28.5771
      vertex 37.5 7.52507 28.4365
      vertex 35 7.52507 28.4365
    endloop
  endfacet
  facet normal 0 0.793349 0.608767
    outer loop
      vertex 37.5 7.88603 27.0894
      vertex 35 7.7984 27.2036
      vertex 37.5 7.7984 27.2036
    endloop
  endfacet
  facet normal 0 0.793349 0.608767
    outer loop
      vertex 35 7.7984 27.2036
      vertex 37.5 7.88603 27.0894
      vertex 35 7.88603 27.0894
    endloop
  endfacet
  facet normal -0 0.675778 0.737105
    outer loop
      vertex 35 8.0894 26.886
      vertex 37.5 7.98327 26.9833
      vertex 37.5 8.0894 26.886
    endloop
  endfacet
  facet normal 0 0.675778 0.737105
    outer loop
      vertex 37.5 7.98327 26.9833
      vertex 35 8.0894 26.886
      vertex 35 7.98327 26.9833
    endloop
  endfacet
  facet normal 0 -0.300806 -0.953686
    outer loop
      vertex 35 9.57705 29.7438
      vertex 37.5 9.71433 29.7005
      vertex 37.5 9.57705 29.7438
    endloop
  endfacet
  facet normal -0 -0.300806 -0.953686
    outer loop
      vertex 37.5 9.71433 29.7005
      vertex 35 9.57705 29.7438
      vertex 35 9.71433 29.7005
    endloop
  endfacet
  facet normal 0 0.737218 0.675655
    outer loop
      vertex 37.5 7.98327 26.9833
      vertex 35 7.88603 27.0894
      vertex 37.5 7.88603 27.0894
    endloop
  endfacet
  facet normal 0 0.737218 0.675655
    outer loop
      vertex 35 7.88603 27.0894
      vertex 37.5 7.98327 26.9833
      vertex 35 7.98327 26.9833
    endloop
  endfacet
  facet normal 0 -0.608636 -0.79345
    outer loop
      vertex 35 10.0964 29.5016
      vertex 37.5 10.2106 29.414
      vertex 37.5 10.0964 29.5016
    endloop
  endfacet
  facet normal -0 -0.608636 -0.79345
    outer loop
      vertex 37.5 10.2106 29.414
      vertex 35 10.0964 29.5016
      vertex 35 10.2106 29.414
    endloop
  endfacet
  facet normal 0 -0.382765 -0.923846
    outer loop
      vertex 35 9.71433 29.7005
      vertex 37.5 9.84732 29.6454
      vertex 37.5 9.71433 29.7005
    endloop
  endfacet
  facet normal -0 -0.382765 -0.923846
    outer loop
      vertex 37.5 9.84732 29.6454
      vertex 35 9.71433 29.7005
      vertex 35 9.84732 29.6454
    endloop
  endfacet
  facet normal 0 0.843518 -0.5371
    outer loop
      vertex 37.5 -10.5789 10.675
      vertex 35 -10.5016 10.7964
      vertex 37.5 -10.5016 10.7964
    endloop
  endfacet
  facet normal 0 0.843518 -0.5371
    outer loop
      vertex 35 -10.5016 10.7964
      vertex 37.5 -10.5789 10.675
      vertex 35 -10.5789 10.675
    endloop
  endfacet
  facet normal 0 -0.130539 0.991443
    outer loop
      vertex 35 -8.86348 8.22507
      vertex 37.5 -9.00619 8.20628
      vertex 37.5 -8.86348 8.22507
    endloop
  endfacet
  facet normal 0 -0.130539 0.991443
    outer loop
      vertex 37.5 -9.00619 8.20628
      vertex 35 -8.86348 8.22507
      vertex 35 -9.00619 8.20628
    endloop
  endfacet
  facet normal 0 -0.0436272 0.999048
    outer loop
      vertex 35 -9.00619 8.20628
      vertex 37.5 -9.15 8.2
      vertex 37.5 -9.00619 8.20628
    endloop
  endfacet
  facet normal 0 -0.0436272 0.999048
    outer loop
      vertex 37.5 -9.15 8.2
      vertex 35 -9.00619 8.20628
      vertex 35 -9.15 8.2
    endloop
  endfacet
  facet normal 0 -0.216408 0.976303
    outer loop
      vertex 35 -8.72295 8.25622
      vertex 37.5 -8.86348 8.22507
      vertex 37.5 -8.72295 8.25622
    endloop
  endfacet
  facet normal 0 -0.216408 0.976303
    outer loop
      vertex 37.5 -8.86348 8.22507
      vertex 35 -8.72295 8.25622
      vertex 35 -8.86348 8.22507
    endloop
  endfacet
  facet normal 0 -0.991441 -0.130557
    outer loop
      vertex 35 -7.50628 9.99381
      vertex 37.5 -7.52507 10.1365
      vertex 35 -7.52507 10.1365
    endloop
  endfacet
  facet normal 0 -0.991441 -0.130557
    outer loop
      vertex 37.5 -7.52507 10.1365
      vertex 35 -7.50628 9.99381
      vertex 37.5 -7.50628 9.99381
    endloop
  endfacet
  facet normal 0 -0.537298 0.843392
    outer loop
      vertex 35 -8.2036 8.4984
      vertex 37.5 -8.325 8.42106
      vertex 37.5 -8.2036 8.4984
    endloop
  endfacet
  facet normal 0 -0.537298 0.843392
    outer loop
      vertex 37.5 -8.325 8.42106
      vertex 35 -8.2036 8.4984
      vertex 35 -8.325 8.42106
    endloop
  endfacet
  facet normal 0 -0.793349 0.608767
    outer loop
      vertex 35 -7.88603 8.7894
      vertex 37.5 -7.7984 8.9036
      vertex 35 -7.7984 8.9036
    endloop
  endfacet
  facet normal 0 -0.793349 0.608767
    outer loop
      vertex 37.5 -7.7984 8.9036
      vertex 35 -7.88603 8.7894
      vertex 37.5 -7.88603 8.7894
    endloop
  endfacet
  facet normal -0 0.0436272 0.999048
    outer loop
      vertex 35 -9.15 8.2
      vertex 37.5 -9.29381 8.20628
      vertex 37.5 -9.15 8.2
    endloop
  endfacet
  facet normal 0 0.0436272 0.999048
    outer loop
      vertex 37.5 -9.29381 8.20628
      vertex 35 -9.15 8.2
      vertex 35 -9.29381 8.20628
    endloop
  endfacet
  facet normal 0 0.73701 -0.675882
    outer loop
      vertex 37.5 -10.414 10.9106
      vertex 35 -10.3167 11.0167
      vertex 37.5 -10.3167 11.0167
    endloop
  endfacet
  facet normal 0 0.73701 -0.675882
    outer loop
      vertex 35 -10.3167 11.0167
      vertex 37.5 -10.414 10.9106
      vertex 35 -10.414 10.9106
    endloop
  endfacet
  facet normal 0 -0.976326 -0.216305
    outer loop
      vertex 35 -7.52507 10.1365
      vertex 37.5 -7.55622 10.2771
      vertex 35 -7.55622 10.2771
    endloop
  endfacet
  facet normal 0 -0.976326 -0.216305
    outer loop
      vertex 37.5 -7.55622 10.2771
      vertex 35 -7.52507 10.1365
      vertex 37.5 -7.52507 10.1365
    endloop
  endfacet
  facet normal 0 0.991432 -0.130625
    outer loop
      vertex 37.5 -10.7937 9.99381
      vertex 35 -10.7749 10.1365
      vertex 37.5 -10.7749 10.1365
    endloop
  endfacet
  facet normal 0 0.991432 -0.130625
    outer loop
      vertex 35 -10.7749 10.1365
      vertex 37.5 -10.7937 9.99381
      vertex 35 -10.7937 9.99381
    endloop
  endfacet
  facet normal 0 -0.886999 0.46177
    outer loop
      vertex 35 -7.72106 9.025
      vertex 37.5 -7.65459 9.15268
      vertex 35 -7.65459 9.15268
    endloop
  endfacet
  facet normal 0 -0.886999 0.46177
    outer loop
      vertex 37.5 -7.65459 9.15268
      vertex 35 -7.72106 9.025
      vertex 37.5 -7.72106 9.025
    endloop
  endfacet
  facet normal 0 0.953635 -0.300965
    outer loop
      vertex 37.5 -10.7438 10.2771
      vertex 35 -10.7005 10.4143
      vertex 37.5 -10.7005 10.4143
    endloop
  endfacet
  facet normal 0 0.953635 -0.300965
    outer loop
      vertex 35 -10.7005 10.4143
      vertex 37.5 -10.7438 10.2771
      vertex 35 -10.7438 10.2771
    endloop
  endfacet
  facet normal 0 -0.923905 -0.382622
    outer loop
      vertex 35 -7.59951 10.4143
      vertex 37.5 -7.65459 10.5473
      vertex 35 -7.65459 10.5473
    endloop
  endfacet
  facet normal 0 -0.923905 -0.382622
    outer loop
      vertex 37.5 -7.65459 10.5473
      vertex 35 -7.59951 10.4143
      vertex 37.5 -7.59951 10.4143
    endloop
  endfacet
  facet normal 0 0.461934 -0.886914
    outer loop
      vertex 35 -9.975 11.2789
      vertex 37.5 -9.84732 11.3454
      vertex 37.5 -9.975 11.2789
    endloop
  endfacet
  facet normal 0 0.461934 -0.886914
    outer loop
      vertex 37.5 -9.84732 11.3454
      vertex 35 -9.975 11.2789
      vertex 35 -9.84732 11.3454
    endloop
  endfacet
  facet normal 0 0.675882 -0.73701
    outer loop
      vertex 35 -10.3167 11.0167
      vertex 37.5 -10.2106 11.114
      vertex 37.5 -10.3167 11.0167
    endloop
  endfacet
  facet normal 0 0.675882 -0.73701
    outer loop
      vertex 37.5 -10.2106 11.114
      vertex 35 -10.3167 11.0167
      vertex 35 -10.2106 11.114
    endloop
  endfacet
  facet normal 0 0.79345 -0.608636
    outer loop
      vertex 37.5 -10.5016 10.7964
      vertex 35 -10.414 10.9106
      vertex 37.5 -10.414 10.9106
    endloop
  endfacet
  facet normal 0 0.79345 -0.608636
    outer loop
      vertex 35 -10.414 10.9106
      vertex 37.5 -10.5016 10.7964
      vertex 35 -10.5016 10.7964
    endloop
  endfacet
  facet normal 0 0.923846 0.382765
    outer loop
      vertex 37.5 -10.6454 9.15268
      vertex 35 -10.7005 9.28567
      vertex 37.5 -10.7005 9.28567
    endloop
  endfacet
  facet normal 0 0.923846 0.382765
    outer loop
      vertex 35 -10.7005 9.28567
      vertex 37.5 -10.6454 9.15268
      vertex 35 -10.6454 9.15268
    endloop
  endfacet
  facet normal 0 0.953686 0.300806
    outer loop
      vertex 37.5 -10.7005 9.28567
      vertex 35 -10.7438 9.42295
      vertex 37.5 -10.7438 9.42295
    endloop
  endfacet
  facet normal 0 0.953686 0.300806
    outer loop
      vertex 35 -10.7438 9.42295
      vertex 37.5 -10.7005 9.28567
      vertex 35 -10.7005 9.28567
    endloop
  endfacet
  facet normal 0 -0.887029 -0.461714
    outer loop
      vertex 35 -7.65459 10.5473
      vertex 37.5 -7.72106 10.675
      vertex 35 -7.72106 10.675
    endloop
  endfacet
  facet normal 0 -0.887029 -0.461714
    outer loop
      vertex 37.5 -7.72106 10.675
      vertex 35 -7.65459 10.5473
      vertex 37.5 -7.65459 10.5473
    endloop
  endfacet
  facet normal 0 0.0437658 -0.999042
    outer loop
      vertex 35 -9.29381 11.4937
      vertex 37.5 -9.15 11.5
      vertex 37.5 -9.29381 11.4937
    endloop
  endfacet
  facet normal 0 0.0437658 -0.999042
    outer loop
      vertex 37.5 -9.15 11.5
      vertex 35 -9.29381 11.4937
      vertex 35 -9.15 11.5
    endloop
  endfacet
  facet normal 0 0.976376 0.216077
    outer loop
      vertex 37.5 -10.7438 9.42295
      vertex 35 -10.7749 9.56348
      vertex 37.5 -10.7749 9.56348
    endloop
  endfacet
  facet normal 0 0.976376 0.216077
    outer loop
      vertex 35 -10.7749 9.56348
      vertex 37.5 -10.7438 9.42295
      vertex 35 -10.7438 9.42295
    endloop
  endfacet
  facet normal 0 -0.999048 0.0436272
    outer loop
      vertex 35 -7.50628 9.70619
      vertex 37.5 -7.5 9.85
      vertex 35 -7.5 9.85
    endloop
  endfacet
  facet normal 0 -0.999048 0.0436272
    outer loop
      vertex 37.5 -7.5 9.85
      vertex 35 -7.50628 9.70619
      vertex 37.5 -7.50628 9.70619
    endloop
  endfacet
  facet normal 0 0.5371 -0.843518
    outer loop
      vertex 35 -10.0964 11.2016
      vertex 37.5 -9.975 11.2789
      vertex 37.5 -10.0964 11.2016
    endloop
  endfacet
  facet normal 0 0.5371 -0.843518
    outer loop
      vertex 37.5 -9.975 11.2789
      vertex 35 -10.0964 11.2016
      vertex 35 -9.975 11.2789
    endloop
  endfacet
  facet normal 0 -0.923895 0.382646
    outer loop
      vertex 35 -7.65459 9.15268
      vertex 37.5 -7.59951 9.28567
      vertex 35 -7.59951 9.28567
    endloop
  endfacet
  facet normal 0 -0.923895 0.382646
    outer loop
      vertex 37.5 -7.59951 9.28567
      vertex 35 -7.65459 9.15268
      vertex 37.5 -7.65459 9.15268
    endloop
  endfacet
  facet normal -0 0.537298 0.843392
    outer loop
      vertex 35 -9.975 8.42106
      vertex 37.5 -10.0964 8.4984
      vertex 37.5 -9.975 8.42106
    endloop
  endfacet
  facet normal 0 0.537298 0.843392
    outer loop
      vertex 37.5 -10.0964 8.4984
      vertex 35 -9.975 8.42106
      vertex 35 -10.0964 8.4984
    endloop
  endfacet
  facet normal 0 0.886914 0.461934
    outer loop
      vertex 37.5 -10.5789 9.025
      vertex 35 -10.6454 9.15268
      vertex 37.5 -10.6454 9.15268
    endloop
  endfacet
  facet normal 0 0.886914 0.461934
    outer loop
      vertex 35 -10.6454 9.15268
      vertex 37.5 -10.5789 9.025
      vertex 35 -10.5789 9.025
    endloop
  endfacet
  facet normal -0 0.216408 0.976303
    outer loop
      vertex 35 -9.43652 8.22507
      vertex 37.5 -9.57705 8.25622
      vertex 37.5 -9.43652 8.22507
    endloop
  endfacet
  facet normal 0 0.216408 0.976303
    outer loop
      vertex 37.5 -9.57705 8.25622
      vertex 35 -9.43652 8.22507
      vertex 35 -9.57705 8.25622
    endloop
  endfacet
  facet normal 0 -0.953655 -0.300902
    outer loop
      vertex 35 -7.55622 10.2771
      vertex 37.5 -7.59951 10.4143
      vertex 35 -7.59951 10.4143
    endloop
  endfacet
  facet normal 0 -0.953655 -0.300902
    outer loop
      vertex 37.5 -7.59951 10.4143
      vertex 35 -7.55622 10.2771
      vertex 37.5 -7.55622 10.2771
    endloop
  endfacet
  facet normal -0 0.608767 0.793349
    outer loop
      vertex 35 -10.0964 8.4984
      vertex 37.5 -10.2106 8.58603
      vertex 37.5 -10.0964 8.4984
    endloop
  endfacet
  facet normal 0 0.608767 0.793349
    outer loop
      vertex 37.5 -10.2106 8.58603
      vertex 35 -10.0964 8.4984
      vertex 35 -10.2106 8.58603
    endloop
  endfacet
  facet normal 0 -0.382646 0.923895
    outer loop
      vertex 35 -8.45268 8.35459
      vertex 37.5 -8.58567 8.29951
      vertex 37.5 -8.45268 8.35459
    endloop
  endfacet
  facet normal 0 -0.382646 0.923895
    outer loop
      vertex 37.5 -8.58567 8.29951
      vertex 35 -8.45268 8.35459
      vertex 35 -8.58567 8.29951
    endloop
  endfacet
  facet normal 0 0.130607 -0.991434
    outer loop
      vertex 35 -9.43652 11.4749
      vertex 37.5 -9.29381 11.4937
      vertex 37.5 -9.43652 11.4749
    endloop
  endfacet
  facet normal 0 0.130607 -0.991434
    outer loop
      vertex 37.5 -9.29381 11.4937
      vertex 35 -9.43652 11.4749
      vertex 35 -9.29381 11.4937
    endloop
  endfacet
  facet normal 0 0.216077 -0.976376
    outer loop
      vertex 35 -9.57705 11.4438
      vertex 37.5 -9.43652 11.4749
      vertex 37.5 -9.57705 11.4438
    endloop
  endfacet
  facet normal 0 0.216077 -0.976376
    outer loop
      vertex 37.5 -9.43652 11.4749
      vertex 35 -9.57705 11.4438
      vertex 35 -9.43652 11.4749
    endloop
  endfacet
  facet normal -0 0.382646 0.923895
    outer loop
      vertex 35 -9.71433 8.29951
      vertex 37.5 -9.84732 8.35459
      vertex 37.5 -9.71433 8.29951
    endloop
  endfacet
  facet normal 0 0.382646 0.923895
    outer loop
      vertex 37.5 -9.84732 8.35459
      vertex 35 -9.71433 8.29951
      vertex 35 -9.84732 8.35459
    endloop
  endfacet
  facet normal 0 -0.216077 -0.976376
    outer loop
      vertex 35 -8.86348 11.4749
      vertex 37.5 -8.72295 11.4438
      vertex 37.5 -8.86348 11.4749
    endloop
  endfacet
  facet normal -0 -0.216077 -0.976376
    outer loop
      vertex 37.5 -8.72295 11.4438
      vertex 35 -8.86348 11.4749
      vertex 35 -8.72295 11.4438
    endloop
  endfacet
  facet normal 0 -0.382765 -0.923846
    outer loop
      vertex 35 -8.58567 11.4005
      vertex 37.5 -8.45268 11.3454
      vertex 37.5 -8.58567 11.4005
    endloop
  endfacet
  facet normal -0 -0.382765 -0.923846
    outer loop
      vertex 37.5 -8.45268 11.3454
      vertex 35 -8.58567 11.4005
      vertex 35 -8.45268 11.3454
    endloop
  endfacet
  facet normal 0 -0.300806 -0.953686
    outer loop
      vertex 35 -8.72295 11.4438
      vertex 37.5 -8.58567 11.4005
      vertex 37.5 -8.72295 11.4438
    endloop
  endfacet
  facet normal -0 -0.300806 -0.953686
    outer loop
      vertex 37.5 -8.58567 11.4005
      vertex 35 -8.72295 11.4438
      vertex 35 -8.58567 11.4005
    endloop
  endfacet
  facet normal 0 -0.300742 0.953705
    outer loop
      vertex 35 -8.58567 8.29951
      vertex 37.5 -8.72295 8.25622
      vertex 37.5 -8.58567 8.29951
    endloop
  endfacet
  facet normal 0 -0.300742 0.953705
    outer loop
      vertex 37.5 -8.72295 8.25622
      vertex 35 -8.58567 8.29951
      vertex 35 -8.72295 8.25622
    endloop
  endfacet
  facet normal 0 -0.675552 0.737313
    outer loop
      vertex 35 -7.98327 8.68327
      vertex 37.5 -8.0894 8.58603
      vertex 37.5 -7.98327 8.68327
    endloop
  endfacet
  facet normal 0 -0.675552 0.737313
    outer loop
      vertex 37.5 -8.0894 8.58603
      vertex 35 -7.98327 8.68327
      vertex 35 -8.0894 8.58603
    endloop
  endfacet
  facet normal 0 -0.976303 0.216408
    outer loop
      vertex 35 -7.55622 9.42295
      vertex 37.5 -7.52507 9.56348
      vertex 35 -7.52507 9.56348
    endloop
  endfacet
  facet normal 0 -0.976303 0.216408
    outer loop
      vertex 37.5 -7.52507 9.56348
      vertex 35 -7.55622 9.42295
      vertex 37.5 -7.55622 9.42295
    endloop
  endfacet
  facet normal -0 0.46177 0.886999
    outer loop
      vertex 35 -9.84732 8.35459
      vertex 37.5 -9.975 8.42106
      vertex 37.5 -9.84732 8.35459
    endloop
  endfacet
  facet normal 0 0.46177 0.886999
    outer loop
      vertex 37.5 -9.975 8.42106
      vertex 35 -9.84732 8.35459
      vertex 35 -9.975 8.42106
    endloop
  endfacet
  facet normal 0 -0.991443 0.130539
    outer loop
      vertex 35 -7.52507 9.56348
      vertex 37.5 -7.50628 9.70619
      vertex 35 -7.50628 9.70619
    endloop
  endfacet
  facet normal 0 -0.991443 0.130539
    outer loop
      vertex 37.5 -7.50628 9.70619
      vertex 35 -7.52507 9.56348
      vertex 37.5 -7.52507 9.56348
    endloop
  endfacet
  facet normal 0 -0.843392 -0.537298
    outer loop
      vertex 35 -7.72106 10.675
      vertex 37.5 -7.7984 10.7964
      vertex 35 -7.7984 10.7964
    endloop
  endfacet
  facet normal 0 -0.843392 -0.537298
    outer loop
      vertex 37.5 -7.7984 10.7964
      vertex 35 -7.72106 10.675
      vertex 37.5 -7.72106 10.675
    endloop
  endfacet
  facet normal 0 -0.843392 0.537298
    outer loop
      vertex 35 -7.7984 8.9036
      vertex 37.5 -7.72106 9.025
      vertex 35 -7.72106 9.025
    endloop
  endfacet
  facet normal 0 -0.843392 0.537298
    outer loop
      vertex 37.5 -7.72106 9.025
      vertex 35 -7.7984 8.9036
      vertex 37.5 -7.7984 8.9036
    endloop
  endfacet
  facet normal 0 0.382765 -0.923846
    outer loop
      vertex 35 -9.84732 11.3454
      vertex 37.5 -9.71433 11.4005
      vertex 37.5 -9.84732 11.3454
    endloop
  endfacet
  facet normal 0 0.382765 -0.923846
    outer loop
      vertex 37.5 -9.71433 11.4005
      vertex 35 -9.84732 11.3454
      vertex 35 -9.71433 11.4005
    endloop
  endfacet
  facet normal -0 0.130539 0.991443
    outer loop
      vertex 35 -9.29381 8.20628
      vertex 37.5 -9.43652 8.22507
      vertex 37.5 -9.29381 8.20628
    endloop
  endfacet
  facet normal 0 0.130539 0.991443
    outer loop
      vertex 37.5 -9.43652 8.22507
      vertex 35 -9.29381 8.20628
      vertex 35 -9.43652 8.22507
    endloop
  endfacet
  facet normal 0 0.843518 0.5371
    outer loop
      vertex 37.5 -10.5016 8.9036
      vertex 35 -10.5789 9.025
      vertex 37.5 -10.5789 9.025
    endloop
  endfacet
  facet normal 0 0.843518 0.5371
    outer loop
      vertex 35 -10.5789 9.025
      vertex 37.5 -10.5016 8.9036
      vertex 35 -10.5016 8.9036
    endloop
  endfacet
  facet normal 0 -0.46177 0.886999
    outer loop
      vertex 35 -8.325 8.42106
      vertex 37.5 -8.45268 8.35459
      vertex 37.5 -8.325 8.42106
    endloop
  endfacet
  facet normal 0 -0.46177 0.886999
    outer loop
      vertex 37.5 -8.45268 8.35459
      vertex 35 -8.325 8.42106
      vertex 35 -8.45268 8.35459
    endloop
  endfacet
  facet normal 0 0.923856 -0.38274
    outer loop
      vertex 37.5 -10.7005 10.4143
      vertex 35 -10.6454 10.5473
      vertex 37.5 -10.6454 10.5473
    endloop
  endfacet
  facet normal 0 0.923856 -0.38274
    outer loop
      vertex 35 -10.6454 10.5473
      vertex 37.5 -10.7005 10.4143
      vertex 35 -10.7005 10.4143
    endloop
  endfacet
  facet normal 0 0.737105 0.675778
    outer loop
      vertex 37.5 -10.3167 8.68327
      vertex 35 -10.414 8.7894
      vertex 37.5 -10.414 8.7894
    endloop
  endfacet
  facet normal 0 0.737105 0.675778
    outer loop
      vertex 35 -10.414 8.7894
      vertex 37.5 -10.3167 8.68327
      vertex 35 -10.3167 8.68327
    endloop
  endfacet
  facet normal 0 -0.793349 -0.608767
    outer loop
      vertex 35 -7.7984 10.7964
      vertex 37.5 -7.88603 10.9106
      vertex 35 -7.88603 10.9106
    endloop
  endfacet
  facet normal 0 -0.793349 -0.608767
    outer loop
      vertex 37.5 -7.88603 10.9106
      vertex 35 -7.7984 10.7964
      vertex 37.5 -7.7984 10.7964
    endloop
  endfacet
  facet normal 0 -0.737218 -0.675655
    outer loop
      vertex 35 -7.88603 10.9106
      vertex 37.5 -7.98327 11.0167
      vertex 35 -7.98327 11.0167
    endloop
  endfacet
  facet normal 0 -0.737218 -0.675655
    outer loop
      vertex 37.5 -7.98327 11.0167
      vertex 35 -7.88603 10.9106
      vertex 37.5 -7.88603 10.9106
    endloop
  endfacet
  facet normal 0 0.976399 -0.215974
    outer loop
      vertex 37.5 -10.7749 10.1365
      vertex 35 -10.7438 10.2771
      vertex 37.5 -10.7438 10.2771
    endloop
  endfacet
  facet normal 0 0.976399 -0.215974
    outer loop
      vertex 35 -10.7438 10.2771
      vertex 37.5 -10.7749 10.1365
      vertex 35 -10.7749 10.1365
    endloop
  endfacet
  facet normal 0 0.300806 -0.953686
    outer loop
      vertex 35 -9.71433 11.4005
      vertex 37.5 -9.57705 11.4438
      vertex 37.5 -9.71433 11.4005
    endloop
  endfacet
  facet normal 0 0.300806 -0.953686
    outer loop
      vertex 37.5 -9.57705 11.4438
      vertex 35 -9.71433 11.4005
      vertex 35 -9.57705 11.4438
    endloop
  endfacet
  facet normal 0 -0.5371 -0.843518
    outer loop
      vertex 35 -8.325 11.2789
      vertex 37.5 -8.2036 11.2016
      vertex 37.5 -8.325 11.2789
    endloop
  endfacet
  facet normal -0 -0.5371 -0.843518
    outer loop
      vertex 37.5 -8.2036 11.2016
      vertex 35 -8.325 11.2789
      vertex 35 -8.2036 11.2016
    endloop
  endfacet
  facet normal 0 0.991434 0.130607
    outer loop
      vertex 37.5 -10.7749 9.56348
      vertex 35 -10.7937 9.70619
      vertex 37.5 -10.7937 9.70619
    endloop
  endfacet
  facet normal 0 0.991434 0.130607
    outer loop
      vertex 35 -10.7937 9.70619
      vertex 37.5 -10.7749 9.56348
      vertex 35 -10.7749 9.56348
    endloop
  endfacet
  facet normal 0 -0.608767 0.793349
    outer loop
      vertex 35 -8.0894 8.58603
      vertex 37.5 -8.2036 8.4984
      vertex 37.5 -8.0894 8.58603
    endloop
  endfacet
  facet normal 0 -0.608767 0.793349
    outer loop
      vertex 37.5 -8.2036 8.4984
      vertex 35 -8.0894 8.58603
      vertex 35 -8.2036 8.4984
    endloop
  endfacet
  facet normal 0 -0.130607 -0.991434
    outer loop
      vertex 35 -9.00619 11.4937
      vertex 37.5 -8.86348 11.4749
      vertex 37.5 -9.00619 11.4937
    endloop
  endfacet
  facet normal -0 -0.130607 -0.991434
    outer loop
      vertex 37.5 -8.86348 11.4749
      vertex 35 -9.00619 11.4937
      vertex 35 -8.86348 11.4749
    endloop
  endfacet
  facet normal 0 -0.737313 0.675552
    outer loop
      vertex 35 -7.98327 8.68327
      vertex 37.5 -7.88603 8.7894
      vertex 35 -7.88603 8.7894
    endloop
  endfacet
  facet normal 0 -0.737313 0.675552
    outer loop
      vertex 37.5 -7.88603 8.7894
      vertex 35 -7.98327 8.68327
      vertex 37.5 -7.98327 8.68327
    endloop
  endfacet
  facet normal 0 0.79345 0.608636
    outer loop
      vertex 37.5 -10.414 8.7894
      vertex 35 -10.5016 8.9036
      vertex 37.5 -10.5016 8.9036
    endloop
  endfacet
  facet normal 0 0.79345 0.608636
    outer loop
      vertex 35 -10.5016 8.9036
      vertex 37.5 -10.414 8.7894
      vertex 35 -10.414 8.7894
    endloop
  endfacet
  facet normal 0 0.999042 0.0437658
    outer loop
      vertex 37.5 -10.7937 9.70619
      vertex 35 -10.8 9.85
      vertex 37.5 -10.8 9.85
    endloop
  endfacet
  facet normal 0 0.999042 0.0437658
    outer loop
      vertex 35 -10.8 9.85
      vertex 37.5 -10.7937 9.70619
      vertex 35 -10.7937 9.70619
    endloop
  endfacet
  facet normal 0 -0.953705 0.300742
    outer loop
      vertex 35 -7.59951 9.28567
      vertex 37.5 -7.55622 9.42295
      vertex 35 -7.55622 9.42295
    endloop
  endfacet
  facet normal 0 -0.953705 0.300742
    outer loop
      vertex 37.5 -7.55622 9.42295
      vertex 35 -7.59951 9.28567
      vertex 37.5 -7.59951 9.28567
    endloop
  endfacet
  facet normal -0 0.300742 0.953705
    outer loop
      vertex 35 -9.57705 8.25622
      vertex 37.5 -9.71433 8.29951
      vertex 37.5 -9.57705 8.25622
    endloop
  endfacet
  facet normal 0 0.300742 0.953705
    outer loop
      vertex 37.5 -9.71433 8.29951
      vertex 35 -9.57705 8.25622
      vertex 35 -9.71433 8.29951
    endloop
  endfacet
  facet normal 0 0.608636 -0.79345
    outer loop
      vertex 35 -10.2106 11.114
      vertex 37.5 -10.0964 11.2016
      vertex 37.5 -10.2106 11.114
    endloop
  endfacet
  facet normal 0 0.608636 -0.79345
    outer loop
      vertex 37.5 -10.0964 11.2016
      vertex 35 -10.2106 11.114
      vertex 35 -10.0964 11.2016
    endloop
  endfacet
  facet normal 0 0.886944 -0.461878
    outer loop
      vertex 37.5 -10.6454 10.5473
      vertex 35 -10.5789 10.675
      vertex 37.5 -10.5789 10.675
    endloop
  endfacet
  facet normal 0 0.886944 -0.461878
    outer loop
      vertex 35 -10.5789 10.675
      vertex 37.5 -10.6454 10.5473
      vertex 35 -10.6454 10.5473
    endloop
  endfacet
  facet normal 0 -0.675778 -0.737105
    outer loop
      vertex 35 -8.0894 11.114
      vertex 37.5 -7.98327 11.0167
      vertex 37.5 -8.0894 11.114
    endloop
  endfacet
  facet normal -0 -0.675778 -0.737105
    outer loop
      vertex 37.5 -7.98327 11.0167
      vertex 35 -8.0894 11.114
      vertex 35 -7.98327 11.0167
    endloop
  endfacet
  facet normal 0 -0.0437658 -0.999042
    outer loop
      vertex 35 -9.15 11.5
      vertex 37.5 -9.00619 11.4937
      vertex 37.5 -9.15 11.5
    endloop
  endfacet
  facet normal -0 -0.0437658 -0.999042
    outer loop
      vertex 37.5 -9.00619 11.4937
      vertex 35 -9.15 11.5
      vertex 35 -9.00619 11.4937
    endloop
  endfacet
  facet normal -0 0.675655 0.737218
    outer loop
      vertex 35 -10.2106 8.58603
      vertex 37.5 -10.3167 8.68327
      vertex 37.5 -10.2106 8.58603
    endloop
  endfacet
  facet normal 0 0.675655 0.737218
    outer loop
      vertex 37.5 -10.3167 8.68327
      vertex 35 -10.2106 8.58603
      vertex 35 -10.3167 8.68327
    endloop
  endfacet
  facet normal 0 -0.999048 -0.0436272
    outer loop
      vertex 35 -7.5 9.85
      vertex 37.5 -7.50628 9.99381
      vertex 35 -7.50628 9.99381
    endloop
  endfacet
  facet normal 0 -0.999048 -0.0436272
    outer loop
      vertex 37.5 -7.50628 9.99381
      vertex 35 -7.5 9.85
      vertex 37.5 -7.5 9.85
    endloop
  endfacet
  facet normal 0 -0.461934 -0.886914
    outer loop
      vertex 35 -8.45268 11.3454
      vertex 37.5 -8.325 11.2789
      vertex 37.5 -8.45268 11.3454
    endloop
  endfacet
  facet normal -0 -0.461934 -0.886914
    outer loop
      vertex 37.5 -8.325 11.2789
      vertex 35 -8.45268 11.3454
      vertex 35 -8.325 11.2789
    endloop
  endfacet
  facet normal 0 0.999042 -0.0437658
    outer loop
      vertex 37.5 -10.8 9.85
      vertex 35 -10.7937 9.99381
      vertex 37.5 -10.7937 9.99381
    endloop
  endfacet
  facet normal 0 0.999042 -0.0437658
    outer loop
      vertex 35 -10.7937 9.99381
      vertex 37.5 -10.8 9.85
      vertex 35 -10.8 9.85
    endloop
  endfacet
  facet normal 0 -0.608636 -0.79345
    outer loop
      vertex 35 -8.2036 11.2016
      vertex 37.5 -8.0894 11.114
      vertex 37.5 -8.2036 11.2016
    endloop
  endfacet
  facet normal -0 -0.608636 -0.79345
    outer loop
      vertex 37.5 -8.0894 11.114
      vertex 35 -8.2036 11.2016
      vertex 35 -8.0894 11.114
    endloop
  endfacet
  facet normal 0 0.953655 -0.300902
    outer loop
      vertex 37.5 7.55622 10.2771
      vertex 35 7.59951 10.4143
      vertex 37.5 7.59951 10.4143
    endloop
  endfacet
  facet normal 0 0.953655 -0.300902
    outer loop
      vertex 35 7.59951 10.4143
      vertex 37.5 7.55622 10.2771
      vertex 35 7.55622 10.2771
    endloop
  endfacet
  facet normal 0 -0.130539 0.991443
    outer loop
      vertex 35 9.43652 8.22507
      vertex 37.5 9.29381 8.20628
      vertex 37.5 9.43652 8.22507
    endloop
  endfacet
  facet normal 0 -0.130539 0.991443
    outer loop
      vertex 37.5 9.29381 8.20628
      vertex 35 9.43652 8.22507
      vertex 35 9.29381 8.20628
    endloop
  endfacet
  facet normal 0 -0.0436272 0.999048
    outer loop
      vertex 35 9.29381 8.20628
      vertex 37.5 9.15 8.2
      vertex 37.5 9.29381 8.20628
    endloop
  endfacet
  facet normal 0 -0.0436272 0.999048
    outer loop
      vertex 37.5 9.15 8.2
      vertex 35 9.29381 8.20628
      vertex 35 9.15 8.2
    endloop
  endfacet
  facet normal 0 -0.216408 0.976303
    outer loop
      vertex 35 9.57705 8.25622
      vertex 37.5 9.43652 8.22507
      vertex 37.5 9.57705 8.25622
    endloop
  endfacet
  facet normal 0 -0.216408 0.976303
    outer loop
      vertex 37.5 9.43652 8.22507
      vertex 35 9.57705 8.25622
      vertex 35 9.43652 8.22507
    endloop
  endfacet
  facet normal 0 -0.991434 0.130607
    outer loop
      vertex 35 10.7749 9.56348
      vertex 37.5 10.7937 9.70619
      vertex 35 10.7937 9.70619
    endloop
  endfacet
  facet normal 0 -0.991434 0.130607
    outer loop
      vertex 37.5 10.7937 9.70619
      vertex 35 10.7749 9.56348
      vertex 37.5 10.7749 9.56348
    endloop
  endfacet
  facet normal 0 -0.300806 -0.953686
    outer loop
      vertex 35 9.57705 11.4438
      vertex 37.5 9.71433 11.4005
      vertex 37.5 9.57705 11.4438
    endloop
  endfacet
  facet normal -0 -0.300806 -0.953686
    outer loop
      vertex 37.5 9.71433 11.4005
      vertex 35 9.57705 11.4438
      vertex 35 9.71433 11.4005
    endloop
  endfacet
  facet normal 0 0.953705 0.300742
    outer loop
      vertex 37.5 7.59951 9.28567
      vertex 35 7.55622 9.42295
      vertex 37.5 7.55622 9.42295
    endloop
  endfacet
  facet normal 0 0.953705 0.300742
    outer loop
      vertex 35 7.55622 9.42295
      vertex 37.5 7.59951 9.28567
      vertex 35 7.59951 9.28567
    endloop
  endfacet
  facet normal 0 0.991441 -0.130557
    outer loop
      vertex 37.5 7.50628 9.99381
      vertex 35 7.52507 10.1365
      vertex 37.5 7.52507 10.1365
    endloop
  endfacet
  facet normal 0 0.991441 -0.130557
    outer loop
      vertex 35 7.52507 10.1365
      vertex 37.5 7.50628 9.99381
      vertex 35 7.50628 9.99381
    endloop
  endfacet
  facet normal 0 0.976326 -0.216305
    outer loop
      vertex 37.5 7.52507 10.1365
      vertex 35 7.55622 10.2771
      vertex 37.5 7.55622 10.2771
    endloop
  endfacet
  facet normal 0 0.976326 -0.216305
    outer loop
      vertex 35 7.55622 10.2771
      vertex 37.5 7.52507 10.1365
      vertex 35 7.52507 10.1365
    endloop
  endfacet
  facet normal 0 0.382765 -0.923846
    outer loop
      vertex 35 8.45268 11.3454
      vertex 37.5 8.58567 11.4005
      vertex 37.5 8.45268 11.3454
    endloop
  endfacet
  facet normal 0 0.382765 -0.923846
    outer loop
      vertex 37.5 8.58567 11.4005
      vertex 35 8.45268 11.3454
      vertex 35 8.58567 11.4005
    endloop
  endfacet
  facet normal 0 -0.976399 -0.215974
    outer loop
      vertex 35 10.7749 10.1365
      vertex 37.5 10.7438 10.2771
      vertex 35 10.7438 10.2771
    endloop
  endfacet
  facet normal 0 -0.976399 -0.215974
    outer loop
      vertex 37.5 10.7438 10.2771
      vertex 35 10.7749 10.1365
      vertex 37.5 10.7749 10.1365
    endloop
  endfacet
  facet normal 0 -0.953686 0.300806
    outer loop
      vertex 35 10.7005 9.28567
      vertex 37.5 10.7438 9.42295
      vertex 35 10.7438 9.42295
    endloop
  endfacet
  facet normal 0 -0.953686 0.300806
    outer loop
      vertex 37.5 10.7438 9.42295
      vertex 35 10.7005 9.28567
      vertex 37.5 10.7005 9.28567
    endloop
  endfacet
  facet normal 0 -0.608767 0.793349
    outer loop
      vertex 35 10.2106 8.58603
      vertex 37.5 10.0964 8.4984
      vertex 37.5 10.2106 8.58603
    endloop
  endfacet
  facet normal 0 -0.608767 0.793349
    outer loop
      vertex 37.5 10.0964 8.4984
      vertex 35 10.2106 8.58603
      vertex 35 10.0964 8.4984
    endloop
  endfacet
  facet normal 0 -0.953635 -0.300965
    outer loop
      vertex 35 10.7438 10.2771
      vertex 37.5 10.7005 10.4143
      vertex 35 10.7005 10.4143
    endloop
  endfacet
  facet normal 0 -0.953635 -0.300965
    outer loop
      vertex 37.5 10.7005 10.4143
      vertex 35 10.7438 10.2771
      vertex 37.5 10.7438 10.2771
    endloop
  endfacet
  facet normal 0 -0.79345 -0.608636
    outer loop
      vertex 35 10.5016 10.7964
      vertex 37.5 10.414 10.9106
      vertex 35 10.414 10.9106
    endloop
  endfacet
  facet normal 0 -0.79345 -0.608636
    outer loop
      vertex 37.5 10.414 10.9106
      vertex 35 10.5016 10.7964
      vertex 37.5 10.5016 10.7964
    endloop
  endfacet
  facet normal -0 0.216408 0.976303
    outer loop
      vertex 35 8.86348 8.22507
      vertex 37.5 8.72295 8.25622
      vertex 37.5 8.86348 8.22507
    endloop
  endfacet
  facet normal 0 0.216408 0.976303
    outer loop
      vertex 37.5 8.72295 8.25622
      vertex 35 8.86348 8.22507
      vertex 35 8.72295 8.25622
    endloop
  endfacet
  facet normal 0 -0.73701 -0.675882
    outer loop
      vertex 35 10.414 10.9106
      vertex 37.5 10.3167 11.0167
      vertex 35 10.3167 11.0167
    endloop
  endfacet
  facet normal 0 -0.73701 -0.675882
    outer loop
      vertex 37.5 10.3167 11.0167
      vertex 35 10.414 10.9106
      vertex 37.5 10.414 10.9106
    endloop
  endfacet
  facet normal 0 0.976303 0.216408
    outer loop
      vertex 37.5 7.55622 9.42295
      vertex 35 7.52507 9.56348
      vertex 37.5 7.52507 9.56348
    endloop
  endfacet
  facet normal 0 0.976303 0.216408
    outer loop
      vertex 35 7.52507 9.56348
      vertex 37.5 7.55622 9.42295
      vertex 35 7.55622 9.42295
    endloop
  endfacet
  facet normal 0 0.923905 -0.382622
    outer loop
      vertex 37.5 7.59951 10.4143
      vertex 35 7.65459 10.5473
      vertex 37.5 7.65459 10.5473
    endloop
  endfacet
  facet normal 0 0.923905 -0.382622
    outer loop
      vertex 35 7.65459 10.5473
      vertex 37.5 7.59951 10.4143
      vertex 35 7.59951 10.4143
    endloop
  endfacet
  facet normal 0 0.0437658 -0.999042
    outer loop
      vertex 35 9.00619 11.4937
      vertex 37.5 9.15 11.5
      vertex 37.5 9.00619 11.4937
    endloop
  endfacet
  facet normal 0 0.0437658 -0.999042
    outer loop
      vertex 37.5 9.15 11.5
      vertex 35 9.00619 11.4937
      vertex 35 9.15 11.5
    endloop
  endfacet
  facet normal 0 -0.991432 -0.130625
    outer loop
      vertex 35 10.7937 9.99381
      vertex 37.5 10.7749 10.1365
      vertex 35 10.7749 10.1365
    endloop
  endfacet
  facet normal 0 -0.991432 -0.130625
    outer loop
      vertex 37.5 10.7749 10.1365
      vertex 35 10.7937 9.99381
      vertex 37.5 10.7937 9.99381
    endloop
  endfacet
  facet normal -0 0.46177 0.886999
    outer loop
      vertex 35 8.45268 8.35459
      vertex 37.5 8.325 8.42106
      vertex 37.5 8.45268 8.35459
    endloop
  endfacet
  facet normal 0 0.46177 0.886999
    outer loop
      vertex 37.5 8.325 8.42106
      vertex 35 8.45268 8.35459
      vertex 35 8.325 8.42106
    endloop
  endfacet
  facet normal 0 0.300806 -0.953686
    outer loop
      vertex 35 8.58567 11.4005
      vertex 37.5 8.72295 11.4438
      vertex 37.5 8.58567 11.4005
    endloop
  endfacet
  facet normal 0 0.300806 -0.953686
    outer loop
      vertex 37.5 8.72295 11.4438
      vertex 35 8.58567 11.4005
      vertex 35 8.72295 11.4438
    endloop
  endfacet
  facet normal 0 -0.923856 -0.38274
    outer loop
      vertex 35 10.7005 10.4143
      vertex 37.5 10.6454 10.5473
      vertex 35 10.6454 10.5473
    endloop
  endfacet
  facet normal 0 -0.923856 -0.38274
    outer loop
      vertex 37.5 10.6454 10.5473
      vertex 35 10.7005 10.4143
      vertex 37.5 10.7005 10.4143
    endloop
  endfacet
  facet normal -0 0.537298 0.843392
    outer loop
      vertex 35 8.325 8.42106
      vertex 37.5 8.2036 8.4984
      vertex 37.5 8.325 8.42106
    endloop
  endfacet
  facet normal 0 0.537298 0.843392
    outer loop
      vertex 37.5 8.2036 8.4984
      vertex 35 8.325 8.42106
      vertex 35 8.2036 8.4984
    endloop
  endfacet
  facet normal 0 -0.537298 0.843392
    outer loop
      vertex 35 10.0964 8.4984
      vertex 37.5 9.975 8.42106
      vertex 37.5 10.0964 8.4984
    endloop
  endfacet
  facet normal 0 -0.537298 0.843392
    outer loop
      vertex 37.5 9.975 8.42106
      vertex 35 10.0964 8.4984
      vertex 35 9.975 8.42106
    endloop
  endfacet
  facet normal 0 -0.608636 -0.79345
    outer loop
      vertex 35 10.0964 11.2016
      vertex 37.5 10.2106 11.114
      vertex 37.5 10.0964 11.2016
    endloop
  endfacet
  facet normal -0 -0.608636 -0.79345
    outer loop
      vertex 37.5 10.2106 11.114
      vertex 35 10.0964 11.2016
      vertex 35 10.2106 11.114
    endloop
  endfacet
  facet normal 0 0.886999 0.46177
    outer loop
      vertex 37.5 7.72106 9.025
      vertex 35 7.65459 9.15268
      vertex 37.5 7.65459 9.15268
    endloop
  endfacet
  facet normal 0 0.886999 0.46177
    outer loop
      vertex 35 7.65459 9.15268
      vertex 37.5 7.72106 9.025
      vertex 35 7.72106 9.025
    endloop
  endfacet
  facet normal 0 -0.382646 0.923895
    outer loop
      vertex 35 9.84732 8.35459
      vertex 37.5 9.71433 8.29951
      vertex 37.5 9.84732 8.35459
    endloop
  endfacet
  facet normal 0 -0.382646 0.923895
    outer loop
      vertex 37.5 9.71433 8.29951
      vertex 35 9.84732 8.35459
      vertex 35 9.71433 8.29951
    endloop
  endfacet
  facet normal 0 -0.130607 -0.991434
    outer loop
      vertex 35 9.29381 11.4937
      vertex 37.5 9.43652 11.4749
      vertex 37.5 9.29381 11.4937
    endloop
  endfacet
  facet normal -0 -0.130607 -0.991434
    outer loop
      vertex 37.5 9.43652 11.4749
      vertex 35 9.29381 11.4937
      vertex 35 9.43652 11.4749
    endloop
  endfacet
  facet normal 0 -0.5371 -0.843518
    outer loop
      vertex 35 9.975 11.2789
      vertex 37.5 10.0964 11.2016
      vertex 37.5 9.975 11.2789
    endloop
  endfacet
  facet normal -0 -0.5371 -0.843518
    outer loop
      vertex 37.5 10.0964 11.2016
      vertex 35 9.975 11.2789
      vertex 35 10.0964 11.2016
    endloop
  endfacet
  facet normal 0 -0.300742 0.953705
    outer loop
      vertex 35 9.71433 8.29951
      vertex 37.5 9.57705 8.25622
      vertex 37.5 9.71433 8.29951
    endloop
  endfacet
  facet normal 0 -0.300742 0.953705
    outer loop
      vertex 37.5 9.57705 8.25622
      vertex 35 9.71433 8.29951
      vertex 35 9.57705 8.25622
    endloop
  endfacet
  facet normal 0 -0.999042 -0.0437658
    outer loop
      vertex 35 10.8 9.85
      vertex 37.5 10.7937 9.99381
      vertex 35 10.7937 9.99381
    endloop
  endfacet
  facet normal 0 -0.999042 -0.0437658
    outer loop
      vertex 37.5 10.7937 9.99381
      vertex 35 10.8 9.85
      vertex 37.5 10.8 9.85
    endloop
  endfacet
  facet normal -0 0.130539 0.991443
    outer loop
      vertex 35 9.00619 8.20628
      vertex 37.5 8.86348 8.22507
      vertex 37.5 9.00619 8.20628
    endloop
  endfacet
  facet normal 0 0.130539 0.991443
    outer loop
      vertex 37.5 8.86348 8.22507
      vertex 35 9.00619 8.20628
      vertex 35 8.86348 8.22507
    endloop
  endfacet
  facet normal -0 0.0436272 0.999048
    outer loop
      vertex 35 9.15 8.2
      vertex 37.5 9.00619 8.20628
      vertex 37.5 9.15 8.2
    endloop
  endfacet
  facet normal 0 0.0436272 0.999048
    outer loop
      vertex 37.5 9.00619 8.20628
      vertex 35 9.15 8.2
      vertex 35 9.00619 8.20628
    endloop
  endfacet
  facet normal 0 -0.886914 0.461934
    outer loop
      vertex 35 10.5789 9.025
      vertex 37.5 10.6454 9.15268
      vertex 35 10.6454 9.15268
    endloop
  endfacet
  facet normal 0 -0.886914 0.461934
    outer loop
      vertex 37.5 10.6454 9.15268
      vertex 35 10.5789 9.025
      vertex 37.5 10.5789 9.025
    endloop
  endfacet
  facet normal 0 0.843392 0.537298
    outer loop
      vertex 37.5 7.7984 8.9036
      vertex 35 7.72106 9.025
      vertex 37.5 7.72106 9.025
    endloop
  endfacet
  facet normal 0 0.843392 0.537298
    outer loop
      vertex 35 7.72106 9.025
      vertex 37.5 7.7984 8.9036
      vertex 35 7.7984 8.9036
    endloop
  endfacet
  facet normal 0 -0.79345 0.608636
    outer loop
      vertex 35 10.414 8.7894
      vertex 37.5 10.5016 8.9036
      vertex 35 10.5016 8.9036
    endloop
  endfacet
  facet normal 0 -0.79345 0.608636
    outer loop
      vertex 37.5 10.5016 8.9036
      vertex 35 10.414 8.7894
      vertex 37.5 10.414 8.7894
    endloop
  endfacet
  facet normal 0 -0.737105 0.675778
    outer loop
      vertex 35 10.3167 8.68327
      vertex 37.5 10.414 8.7894
      vertex 35 10.414 8.7894
    endloop
  endfacet
  facet normal 0 -0.737105 0.675778
    outer loop
      vertex 37.5 10.414 8.7894
      vertex 35 10.3167 8.68327
      vertex 37.5 10.3167 8.68327
    endloop
  endfacet
  facet normal 0 0.991443 0.130539
    outer loop
      vertex 37.5 7.52507 9.56348
      vertex 35 7.50628 9.70619
      vertex 37.5 7.50628 9.70619
    endloop
  endfacet
  facet normal 0 0.991443 0.130539
    outer loop
      vertex 35 7.50628 9.70619
      vertex 37.5 7.52507 9.56348
      vertex 35 7.52507 9.56348
    endloop
  endfacet
  facet normal -0 0.300742 0.953705
    outer loop
      vertex 35 8.72295 8.25622
      vertex 37.5 8.58567 8.29951
      vertex 37.5 8.72295 8.25622
    endloop
  endfacet
  facet normal 0 0.300742 0.953705
    outer loop
      vertex 37.5 8.58567 8.29951
      vertex 35 8.72295 8.25622
      vertex 35 8.58567 8.29951
    endloop
  endfacet
  facet normal 0 0.675778 -0.737105
    outer loop
      vertex 35 7.98327 11.0167
      vertex 37.5 8.0894 11.114
      vertex 37.5 7.98327 11.0167
    endloop
  endfacet
  facet normal 0 0.675778 -0.737105
    outer loop
      vertex 37.5 8.0894 11.114
      vertex 35 7.98327 11.0167
      vertex 35 8.0894 11.114
    endloop
  endfacet
  facet normal 0 -0.923846 0.382765
    outer loop
      vertex 35 10.6454 9.15268
      vertex 37.5 10.7005 9.28567
      vertex 35 10.7005 9.28567
    endloop
  endfacet
  facet normal 0 -0.923846 0.382765
    outer loop
      vertex 37.5 10.7005 9.28567
      vertex 35 10.6454 9.15268
      vertex 37.5 10.6454 9.15268
    endloop
  endfacet
  facet normal -0 0.608767 0.793349
    outer loop
      vertex 35 8.2036 8.4984
      vertex 37.5 8.0894 8.58603
      vertex 37.5 8.2036 8.4984
    endloop
  endfacet
  facet normal 0 0.608767 0.793349
    outer loop
      vertex 37.5 8.0894 8.58603
      vertex 35 8.2036 8.4984
      vertex 35 8.0894 8.58603
    endloop
  endfacet
  facet normal 0 0.5371 -0.843518
    outer loop
      vertex 35 8.2036 11.2016
      vertex 37.5 8.325 11.2789
      vertex 37.5 8.2036 11.2016
    endloop
  endfacet
  facet normal 0 0.5371 -0.843518
    outer loop
      vertex 37.5 8.325 11.2789
      vertex 35 8.2036 11.2016
      vertex 35 8.325 11.2789
    endloop
  endfacet
  facet normal 0 -0.843518 -0.5371
    outer loop
      vertex 35 10.5789 10.675
      vertex 37.5 10.5016 10.7964
      vertex 35 10.5016 10.7964
    endloop
  endfacet
  facet normal 0 -0.843518 -0.5371
    outer loop
      vertex 37.5 10.5016 10.7964
      vertex 35 10.5789 10.675
      vertex 37.5 10.5789 10.675
    endloop
  endfacet
  facet normal 0 0.887029 -0.461714
    outer loop
      vertex 37.5 7.65459 10.5473
      vertex 35 7.72106 10.675
      vertex 37.5 7.72106 10.675
    endloop
  endfacet
  facet normal 0 0.887029 -0.461714
    outer loop
      vertex 35 7.72106 10.675
      vertex 37.5 7.65459 10.5473
      vertex 35 7.65459 10.5473
    endloop
  endfacet
  facet normal 0 -0.46177 0.886999
    outer loop
      vertex 35 9.975 8.42106
      vertex 37.5 9.84732 8.35459
      vertex 37.5 9.975 8.42106
    endloop
  endfacet
  facet normal 0 -0.46177 0.886999
    outer loop
      vertex 37.5 9.84732 8.35459
      vertex 35 9.975 8.42106
      vertex 35 9.84732 8.35459
    endloop
  endfacet
  facet normal 0 -0.675882 -0.73701
    outer loop
      vertex 35 10.2106 11.114
      vertex 37.5 10.3167 11.0167
      vertex 37.5 10.2106 11.114
    endloop
  endfacet
  facet normal -0 -0.675882 -0.73701
    outer loop
      vertex 37.5 10.3167 11.0167
      vertex 35 10.2106 11.114
      vertex 35 10.3167 11.0167
    endloop
  endfacet
  facet normal 0 0.461934 -0.886914
    outer loop
      vertex 35 8.325 11.2789
      vertex 37.5 8.45268 11.3454
      vertex 37.5 8.325 11.2789
    endloop
  endfacet
  facet normal 0 0.461934 -0.886914
    outer loop
      vertex 37.5 8.45268 11.3454
      vertex 35 8.325 11.2789
      vertex 35 8.45268 11.3454
    endloop
  endfacet
  facet normal -0 0.382646 0.923895
    outer loop
      vertex 35 8.58567 8.29951
      vertex 37.5 8.45268 8.35459
      vertex 37.5 8.58567 8.29951
    endloop
  endfacet
  facet normal 0 0.382646 0.923895
    outer loop
      vertex 37.5 8.45268 8.35459
      vertex 35 8.58567 8.29951
      vertex 35 8.45268 8.35459
    endloop
  endfacet
  facet normal 0 0.737218 -0.675655
    outer loop
      vertex 37.5 7.88603 10.9106
      vertex 35 7.98327 11.0167
      vertex 37.5 7.98327 11.0167
    endloop
  endfacet
  facet normal 0 0.737218 -0.675655
    outer loop
      vertex 35 7.98327 11.0167
      vertex 37.5 7.88603 10.9106
      vertex 35 7.88603 10.9106
    endloop
  endfacet
  facet normal 0 -0.675655 0.737218
    outer loop
      vertex 35 10.3167 8.68327
      vertex 37.5 10.2106 8.58603
      vertex 37.5 10.3167 8.68327
    endloop
  endfacet
  facet normal 0 -0.675655 0.737218
    outer loop
      vertex 37.5 10.2106 8.58603
      vertex 35 10.3167 8.68327
      vertex 35 10.2106 8.58603
    endloop
  endfacet
  facet normal 0 -0.0437658 -0.999042
    outer loop
      vertex 35 9.15 11.5
      vertex 37.5 9.29381 11.4937
      vertex 37.5 9.15 11.5
    endloop
  endfacet
  facet normal -0 -0.0437658 -0.999042
    outer loop
      vertex 37.5 9.29381 11.4937
      vertex 35 9.15 11.5
      vertex 35 9.29381 11.4937
    endloop
  endfacet
  facet normal 0 -0.843518 0.5371
    outer loop
      vertex 35 10.5016 8.9036
      vertex 37.5 10.5789 9.025
      vertex 35 10.5789 9.025
    endloop
  endfacet
  facet normal 0 -0.843518 0.5371
    outer loop
      vertex 37.5 10.5789 9.025
      vertex 35 10.5016 8.9036
      vertex 37.5 10.5016 8.9036
    endloop
  endfacet
  facet normal 0 0.216077 -0.976376
    outer loop
      vertex 35 8.72295 11.4438
      vertex 37.5 8.86348 11.4749
      vertex 37.5 8.72295 11.4438
    endloop
  endfacet
  facet normal 0 0.216077 -0.976376
    outer loop
      vertex 37.5 8.86348 11.4749
      vertex 35 8.72295 11.4438
      vertex 35 8.86348 11.4749
    endloop
  endfacet
  facet normal 0 -0.999042 0.0437658
    outer loop
      vertex 35 10.7937 9.70619
      vertex 37.5 10.8 9.85
      vertex 35 10.8 9.85
    endloop
  endfacet
  facet normal 0 -0.999042 0.0437658
    outer loop
      vertex 37.5 10.8 9.85
      vertex 35 10.7937 9.70619
      vertex 37.5 10.7937 9.70619
    endloop
  endfacet
  facet normal 0 0.923895 0.382646
    outer loop
      vertex 37.5 7.65459 9.15268
      vertex 35 7.59951 9.28567
      vertex 37.5 7.59951 9.28567
    endloop
  endfacet
  facet normal 0 0.923895 0.382646
    outer loop
      vertex 35 7.59951 9.28567
      vertex 37.5 7.65459 9.15268
      vertex 35 7.65459 9.15268
    endloop
  endfacet
  facet normal 0 0.130607 -0.991434
    outer loop
      vertex 35 8.86348 11.4749
      vertex 37.5 9.00619 11.4937
      vertex 37.5 8.86348 11.4749
    endloop
  endfacet
  facet normal 0 0.130607 -0.991434
    outer loop
      vertex 37.5 9.00619 11.4937
      vertex 35 8.86348 11.4749
      vertex 35 9.00619 11.4937
    endloop
  endfacet
  facet normal 0 0.793349 0.608767
    outer loop
      vertex 37.5 7.88603 8.7894
      vertex 35 7.7984 8.9036
      vertex 37.5 7.7984 8.9036
    endloop
  endfacet
  facet normal 0 0.793349 0.608767
    outer loop
      vertex 35 7.7984 8.9036
      vertex 37.5 7.88603 8.7894
      vertex 35 7.88603 8.7894
    endloop
  endfacet
  facet normal 0 0.843392 -0.537298
    outer loop
      vertex 37.5 7.72106 10.675
      vertex 35 7.7984 10.7964
      vertex 37.5 7.7984 10.7964
    endloop
  endfacet
  facet normal 0 0.843392 -0.537298
    outer loop
      vertex 35 7.7984 10.7964
      vertex 37.5 7.72106 10.675
      vertex 35 7.72106 10.675
    endloop
  endfacet
  facet normal 0 -0.886944 -0.461878
    outer loop
      vertex 35 10.6454 10.5473
      vertex 37.5 10.5789 10.675
      vertex 35 10.5789 10.675
    endloop
  endfacet
  facet normal 0 -0.886944 -0.461878
    outer loop
      vertex 37.5 10.5789 10.675
      vertex 35 10.6454 10.5473
      vertex 37.5 10.6454 10.5473
    endloop
  endfacet
  facet normal 0 0.608636 -0.79345
    outer loop
      vertex 35 8.0894 11.114
      vertex 37.5 8.2036 11.2016
      vertex 37.5 8.0894 11.114
    endloop
  endfacet
  facet normal 0 0.608636 -0.79345
    outer loop
      vertex 37.5 8.2036 11.2016
      vertex 35 8.0894 11.114
      vertex 35 8.2036 11.2016
    endloop
  endfacet
  facet normal 0 -0.216077 -0.976376
    outer loop
      vertex 35 9.43652 11.4749
      vertex 37.5 9.57705 11.4438
      vertex 37.5 9.43652 11.4749
    endloop
  endfacet
  facet normal -0 -0.216077 -0.976376
    outer loop
      vertex 37.5 9.57705 11.4438
      vertex 35 9.43652 11.4749
      vertex 35 9.57705 11.4438
    endloop
  endfacet
  facet normal 0 0.999048 0.0436272
    outer loop
      vertex 37.5 7.50628 9.70619
      vertex 35 7.5 9.85
      vertex 37.5 7.5 9.85
    endloop
  endfacet
  facet normal 0 0.999048 0.0436272
    outer loop
      vertex 35 7.5 9.85
      vertex 37.5 7.50628 9.70619
      vertex 35 7.50628 9.70619
    endloop
  endfacet
  facet normal 0 0.999048 -0.0436272
    outer loop
      vertex 37.5 7.5 9.85
      vertex 35 7.50628 9.99381
      vertex 37.5 7.50628 9.99381
    endloop
  endfacet
  facet normal 0 0.999048 -0.0436272
    outer loop
      vertex 35 7.50628 9.99381
      vertex 37.5 7.5 9.85
      vertex 35 7.5 9.85
    endloop
  endfacet
  facet normal 0 -0.382765 -0.923846
    outer loop
      vertex 35 9.71433 11.4005
      vertex 37.5 9.84732 11.3454
      vertex 37.5 9.71433 11.4005
    endloop
  endfacet
  facet normal -0 -0.382765 -0.923846
    outer loop
      vertex 37.5 9.84732 11.3454
      vertex 35 9.71433 11.4005
      vertex 35 9.84732 11.3454
    endloop
  endfacet
  facet normal -0 0.675552 0.737313
    outer loop
      vertex 35 8.0894 8.58603
      vertex 37.5 7.98327 8.68327
      vertex 37.5 8.0894 8.58603
    endloop
  endfacet
  facet normal 0 0.675552 0.737313
    outer loop
      vertex 37.5 7.98327 8.68327
      vertex 35 8.0894 8.58603
      vertex 35 7.98327 8.68327
    endloop
  endfacet
  facet normal 0 0.737313 0.675552
    outer loop
      vertex 37.5 7.98327 8.68327
      vertex 35 7.88603 8.7894
      vertex 37.5 7.88603 8.7894
    endloop
  endfacet
  facet normal 0 0.737313 0.675552
    outer loop
      vertex 35 7.88603 8.7894
      vertex 37.5 7.98327 8.68327
      vertex 35 7.98327 8.68327
    endloop
  endfacet
  facet normal 0 -0.976376 0.216077
    outer loop
      vertex 35 10.7438 9.42295
      vertex 37.5 10.7749 9.56348
      vertex 35 10.7749 9.56348
    endloop
  endfacet
  facet normal 0 -0.976376 0.216077
    outer loop
      vertex 37.5 10.7749 9.56348
      vertex 35 10.7438 9.42295
      vertex 37.5 10.7438 9.42295
    endloop
  endfacet
  facet normal 0 0.793349 -0.608767
    outer loop
      vertex 37.5 7.7984 10.7964
      vertex 35 7.88603 10.9106
      vertex 37.5 7.88603 10.9106
    endloop
  endfacet
  facet normal 0 0.793349 -0.608767
    outer loop
      vertex 35 7.88603 10.9106
      vertex 37.5 7.7984 10.7964
      vertex 35 7.7984 10.7964
    endloop
  endfacet
  facet normal 0 -0.461934 -0.886914
    outer loop
      vertex 35 9.84732 11.3454
      vertex 37.5 9.975 11.2789
      vertex 37.5 9.84732 11.3454
    endloop
  endfacet
  facet normal -0 -0.461934 -0.886914
    outer loop
      vertex 37.5 9.975 11.2789
      vertex 35 9.84732 11.3454
      vertex 35 9.975 11.2789
    endloop
  endfacet
  facet normal 0 -0.130618 0.991433
    outer loop
      vertex 35 1.40655 11.0231
      vertex 37.5 0.705961 10.9308
      vertex 37.5 1.40655 11.0231
    endloop
  endfacet
  facet normal 0 -0.130618 0.991433
    outer loop
      vertex 37.5 0.705961 10.9308
      vertex 35 1.40655 11.0231
      vertex 35 0.705961 10.9308
    endloop
  endfacet
  facet normal 0 -0.043587 0.99905
    outer loop
      vertex 35 0.705961 10.9308
      vertex 37.5 0 10.9
      vertex 37.5 0.705961 10.9308
    endloop
  endfacet
  facet normal 0 -0.043587 0.99905
    outer loop
      vertex 37.5 0 10.9
      vertex 35 0.705961 10.9308
      vertex 35 0 10.9
    endloop
  endfacet
  facet normal 0 -0.216382 0.976309
    outer loop
      vertex 35 2.09643 11.176
      vertex 37.5 1.40655 11.0231
      vertex 37.5 2.09643 11.176
    endloop
  endfacet
  facet normal 0 -0.216382 0.976309
    outer loop
      vertex 37.5 1.40655 11.0231
      vertex 35 2.09643 11.176
      vertex 35 1.40655 11.0231
    endloop
  endfacet
  facet normal 0 -0.843407 -0.537276
    outer loop
      vertex 35 7.0148 23.05
      vertex 37.5 6.63513 23.646
      vertex 35 6.63513 23.646
    endloop
  endfacet
  facet normal 0 -0.843407 -0.537276
    outer loop
      vertex 37.5 6.63513 23.646
      vertex 35 7.0148 23.05
      vertex 37.5 7.0148 23.05
    endloop
  endfacet
  facet normal -0 0.043587 0.99905
    outer loop
      vertex 35 0 10.9
      vertex 37.5 -0.705961 10.9308
      vertex 37.5 0 10.9
    endloop
  endfacet
  facet normal 0 0.043587 0.99905
    outer loop
      vertex 37.5 -0.705961 10.9308
      vertex 35 0 10.9
      vertex 35 -0.705961 10.9308
    endloop
  endfacet
  facet normal 0 -0.537325 -0.843375
    outer loop
      vertex 35 4.05 26.0148
      vertex 37.5 4.64597 25.6351
      vertex 37.5 4.05 26.0148
    endloop
  endfacet
  facet normal -0 -0.537325 -0.843375
    outer loop
      vertex 37.5 4.64597 25.6351
      vertex 35 4.05 26.0148
      vertex 35 4.64597 25.6351
    endloop
  endfacet
  facet normal 0 0.991442 0.13055
    outer loop
      vertex 37.5 -7.97694 17.5935
      vertex 35 -8.06918 18.294
      vertex 37.5 -8.06918 18.294
    endloop
  endfacet
  facet normal 0 0.991442 0.13055
    outer loop
      vertex 35 -8.06918 18.294
      vertex 37.5 -7.97694 17.5935
      vertex 35 -7.97694 17.5935
    endloop
  endfacet
  facet normal 0 -0.30072 0.953713
    outer loop
      vertex 35 2.77036 11.3885
      vertex 37.5 2.09643 11.176
      vertex 37.5 2.77036 11.3885
    endloop
  endfacet
  facet normal 0 -0.30072 0.953713
    outer loop
      vertex 37.5 2.09643 11.176
      vertex 35 2.77036 11.3885
      vertex 35 2.09643 11.176
    endloop
  endfacet
  facet normal 0 -0.675598 0.73727
    outer loop
      vertex 35 5.72756 13.2724
      vertex 37.5 5.20658 12.795
      vertex 37.5 5.72756 13.2724
    endloop
  endfacet
  facet normal 0 -0.675598 0.73727
    outer loop
      vertex 37.5 5.20658 12.795
      vertex 35 5.72756 13.2724
      vertex 35 5.20658 12.795
    endloop
  endfacet
  facet normal 0 0.537325 -0.843375
    outer loop
      vertex 35 -4.64597 25.6351
      vertex 37.5 -4.05 26.0148
      vertex 37.5 -4.64597 25.6351
    endloop
  endfacet
  facet normal 0 0.537325 -0.843375
    outer loop
      vertex 37.5 -4.05 26.0148
      vertex 35 -4.64597 25.6351
      vertex 35 -4.05 26.0148
    endloop
  endfacet
  facet normal 0 -0.843407 0.537276
    outer loop
      vertex 35 6.63513 14.354
      vertex 37.5 7.0148 14.95
      vertex 35 7.0148 14.95
    endloop
  endfacet
  facet normal 0 -0.843407 0.537276
    outer loop
      vertex 37.5 7.0148 14.95
      vertex 35 6.63513 14.354
      vertex 37.5 6.63513 14.354
    endloop
  endfacet
  facet normal 0 0.923869 -0.382709
    outer loop
      vertex 37.5 -7.61151 21.7704
      vertex 35 -7.34109 22.4232
      vertex 37.5 -7.34109 22.4232
    endloop
  endfacet
  facet normal 0 0.923869 -0.382709
    outer loop
      vertex 35 -7.34109 22.4232
      vertex 37.5 -7.61151 21.7704
      vertex 35 -7.61151 21.7704
    endloop
  endfacet
  facet normal 0 -0.923869 -0.382709
    outer loop
      vertex 35 7.61151 21.7704
      vertex 37.5 7.34109 22.4232
      vertex 35 7.34109 22.4232
    endloop
  endfacet
  facet normal 0 -0.923869 -0.382709
    outer loop
      vertex 37.5 7.34109 22.4232
      vertex 35 7.61151 21.7704
      vertex 37.5 7.61151 21.7704
    endloop
  endfacet
  facet normal -0 0.675598 0.73727
    outer loop
      vertex 35 -5.20658 12.795
      vertex 37.5 -5.72756 13.2724
      vertex 37.5 -5.20658 12.795
    endloop
  endfacet
  facet normal 0 0.675598 0.73727
    outer loop
      vertex 37.5 -5.72756 13.2724
      vertex 35 -5.20658 12.795
      vertex 35 -5.72756 13.2724
    endloop
  endfacet
  facet normal 0 -0.976298 0.21643
    outer loop
      vertex 35 7.824 16.9036
      vertex 37.5 7.97694 17.5935
      vertex 35 7.97694 17.5935
    endloop
  endfacet
  facet normal 0 -0.976298 0.21643
    outer loop
      vertex 37.5 7.97694 17.5935
      vertex 35 7.824 16.9036
      vertex 37.5 7.824 16.9036
    endloop
  endfacet
  facet normal 0 -0.976298 -0.21643
    outer loop
      vertex 35 7.97694 20.4065
      vertex 37.5 7.824 21.0964
      vertex 35 7.824 21.0964
    endloop
  endfacet
  facet normal 0 -0.976298 -0.21643
    outer loop
      vertex 37.5 7.824 21.0964
      vertex 35 7.97694 20.4065
      vertex 37.5 7.97694 20.4065
    endloop
  endfacet
  facet normal 0 0.608698 -0.793402
    outer loop
      vertex 35 -5.20658 25.205
      vertex 37.5 -4.64597 25.6351
      vertex 37.5 -5.20658 25.205
    endloop
  endfacet
  facet normal 0 0.608698 -0.793402
    outer loop
      vertex 37.5 -4.64597 25.6351
      vertex 35 -5.20658 25.205
      vertex 35 -4.64597 25.6351
    endloop
  endfacet
  facet normal 0 0.043587 -0.99905
    outer loop
      vertex 35 -0.705961 27.0692
      vertex 37.5 0 27.1
      vertex 37.5 -0.705961 27.0692
    endloop
  endfacet
  facet normal 0 0.043587 -0.99905
    outer loop
      vertex 37.5 0 27.1
      vertex 35 -0.705961 27.0692
      vertex 35 0 27.1
    endloop
  endfacet
  facet normal 0 0.737283 -0.675584
    outer loop
      vertex 37.5 -6.20496 24.2066
      vertex 35 -5.72756 24.7276
      vertex 37.5 -5.72756 24.7276
    endloop
  endfacet
  facet normal 0 0.737283 -0.675584
    outer loop
      vertex 35 -5.72756 24.7276
      vertex 37.5 -6.20496 24.2066
      vertex 35 -6.20496 24.2066
    endloop
  endfacet
  facet normal 0 -0.953726 0.300678
    outer loop
      vertex 35 7.61151 16.2296
      vertex 37.5 7.824 16.9036
      vertex 35 7.824 16.9036
    endloop
  endfacet
  facet normal 0 -0.953726 0.300678
    outer loop
      vertex 37.5 7.824 16.9036
      vertex 35 7.61151 16.2296
      vertex 37.5 7.61151 16.2296
    endloop
  endfacet
  facet normal 0 0.953726 0.300678
    outer loop
      vertex 37.5 -7.61151 16.2296
      vertex 35 -7.824 16.9036
      vertex 37.5 -7.824 16.9036
    endloop
  endfacet
  facet normal 0 0.953726 0.300678
    outer loop
      vertex 35 -7.824 16.9036
      vertex 37.5 -7.61151 16.2296
      vertex 35 -7.61151 16.2296
    endloop
  endfacet
  facet normal 0 -0.953726 -0.300678
    outer loop
      vertex 35 7.824 21.0964
      vertex 37.5 7.61151 21.7704
      vertex 35 7.61151 21.7704
    endloop
  endfacet
  facet normal 0 -0.953726 -0.300678
    outer loop
      vertex 37.5 7.61151 21.7704
      vertex 35 7.824 21.0964
      vertex 37.5 7.824 21.0964
    endloop
  endfacet
  facet normal 0 0.216382 -0.976309
    outer loop
      vertex 35 -2.09643 26.824
      vertex 37.5 -1.40655 26.9769
      vertex 37.5 -2.09643 26.824
    endloop
  endfacet
  facet normal 0 0.216382 -0.976309
    outer loop
      vertex 37.5 -1.40655 26.9769
      vertex 35 -2.09643 26.824
      vertex 35 -1.40655 26.9769
    endloop
  endfacet
  facet normal 0 -0.923869 0.382709
    outer loop
      vertex 35 7.34109 15.5768
      vertex 37.5 7.61151 16.2296
      vertex 35 7.61151 16.2296
    endloop
  endfacet
  facet normal 0 -0.923869 0.382709
    outer loop
      vertex 37.5 7.61151 16.2296
      vertex 35 7.34109 15.5768
      vertex 37.5 7.34109 15.5768
    endloop
  endfacet
  facet normal 0 -0.793349 -0.608767
    outer loop
      vertex 35 6.63513 23.646
      vertex 37.5 6.20496 24.2066
      vertex 35 6.20496 24.2066
    endloop
  endfacet
  facet normal 0 -0.793349 -0.608767
    outer loop
      vertex 37.5 6.20496 24.2066
      vertex 35 6.63513 23.646
      vertex 37.5 6.63513 23.646
    endloop
  endfacet
  facet normal 0 0.38266 -0.923889
    outer loop
      vertex 35 -3.42321 26.3411
      vertex 37.5 -2.77036 26.6115
      vertex 37.5 -3.42321 26.3411
    endloop
  endfacet
  facet normal 0 0.38266 -0.923889
    outer loop
      vertex 37.5 -2.77036 26.6115
      vertex 35 -3.42321 26.3411
      vertex 35 -2.77036 26.6115
    endloop
  endfacet
  facet normal 0 -0.38266 0.923889
    outer loop
      vertex 35 3.42321 11.6589
      vertex 37.5 2.77036 11.3885
      vertex 37.5 3.42321 11.6589
    endloop
  endfacet
  facet normal 0 -0.38266 0.923889
    outer loop
      vertex 37.5 2.77036 11.3885
      vertex 35 3.42321 11.6589
      vertex 35 2.77036 11.3885
    endloop
  endfacet
  facet normal 0 0.30072 -0.953713
    outer loop
      vertex 35 -2.77036 26.6115
      vertex 37.5 -2.09643 26.824
      vertex 37.5 -2.77036 26.6115
    endloop
  endfacet
  facet normal 0 0.30072 -0.953713
    outer loop
      vertex 37.5 -2.09643 26.824
      vertex 35 -2.77036 26.6115
      vertex 35 -2.09643 26.824
    endloop
  endfacet
  facet normal 0 0.976298 0.21643
    outer loop
      vertex 37.5 -7.824 16.9036
      vertex 35 -7.97694 17.5935
      vertex 37.5 -7.97694 17.5935
    endloop
  endfacet
  facet normal 0 0.976298 0.21643
    outer loop
      vertex 35 -7.97694 17.5935
      vertex 37.5 -7.824 16.9036
      vertex 35 -7.824 16.9036
    endloop
  endfacet
  facet normal 0 0.675598 -0.73727
    outer loop
      vertex 35 -5.72756 24.7276
      vertex 37.5 -5.20658 25.205
      vertex 37.5 -5.72756 24.7276
    endloop
  endfacet
  facet normal 0 0.675598 -0.73727
    outer loop
      vertex 37.5 -5.20658 25.205
      vertex 35 -5.72756 24.7276
      vertex 35 -5.20658 25.205
    endloop
  endfacet
  facet normal 0 0.843407 -0.537276
    outer loop
      vertex 37.5 -7.0148 23.05
      vertex 35 -6.63513 23.646
      vertex 37.5 -6.63513 23.646
    endloop
  endfacet
  facet normal 0 0.843407 -0.537276
    outer loop
      vertex 35 -6.63513 23.646
      vertex 37.5 -7.0148 23.05
      vertex 35 -7.0148 23.05
    endloop
  endfacet
  facet normal 0 0.976298 -0.21643
    outer loop
      vertex 37.5 -7.97694 20.4065
      vertex 35 -7.824 21.0964
      vertex 37.5 -7.824 21.0964
    endloop
  endfacet
  facet normal 0 0.976298 -0.21643
    outer loop
      vertex 35 -7.824 21.0964
      vertex 37.5 -7.97694 20.4065
      vertex 35 -7.97694 20.4065
    endloop
  endfacet
  facet normal 0 0.991442 -0.13055
    outer loop
      vertex 37.5 -8.06918 19.706
      vertex 35 -7.97694 20.4065
      vertex 37.5 -7.97694 20.4065
    endloop
  endfacet
  facet normal 0 0.991442 -0.13055
    outer loop
      vertex 35 -7.97694 20.4065
      vertex 37.5 -8.06918 19.706
      vertex 35 -8.06918 19.706
    endloop
  endfacet
  facet normal 0 0.793349 0.608767
    outer loop
      vertex 37.5 -6.20496 13.7934
      vertex 35 -6.63513 14.354
      vertex 37.5 -6.63513 14.354
    endloop
  endfacet
  facet normal 0 0.793349 0.608767
    outer loop
      vertex 35 -6.63513 14.354
      vertex 37.5 -6.20496 13.7934
      vertex 35 -6.20496 13.7934
    endloop
  endfacet
  facet normal -0 0.461764 0.887003
    outer loop
      vertex 35 -3.42321 11.6589
      vertex 37.5 -4.05 11.9852
      vertex 37.5 -3.42321 11.6589
    endloop
  endfacet
  facet normal 0 0.461764 0.887003
    outer loop
      vertex 37.5 -4.05 11.9852
      vertex 35 -3.42321 11.6589
      vertex 35 -4.05 11.9852
    endloop
  endfacet
  facet normal 0 -0.999049 0.0436129
    outer loop
      vertex 35 8.06918 18.294
      vertex 37.5 8.1 19
      vertex 35 8.1 19
    endloop
  endfacet
  facet normal 0 -0.999049 0.0436129
    outer loop
      vertex 37.5 8.1 19
      vertex 35 8.06918 18.294
      vertex 37.5 8.06918 18.294
    endloop
  endfacet
  facet normal 0 -0.30072 -0.953713
    outer loop
      vertex 35 2.09643 26.824
      vertex 37.5 2.77036 26.6115
      vertex 37.5 2.09643 26.824
    endloop
  endfacet
  facet normal -0 -0.30072 -0.953713
    outer loop
      vertex 37.5 2.77036 26.6115
      vertex 35 2.09643 26.824
      vertex 35 2.77036 26.6115
    endloop
  endfacet
  facet normal 0 -0.887012 -0.461747
    outer loop
      vertex 35 7.34109 22.4232
      vertex 37.5 7.0148 23.05
      vertex 35 7.0148 23.05
    endloop
  endfacet
  facet normal 0 -0.887012 -0.461747
    outer loop
      vertex 37.5 7.0148 23.05
      vertex 35 7.34109 22.4232
      vertex 37.5 7.34109 22.4232
    endloop
  endfacet
  facet normal 0 -0.461764 0.887003
    outer loop
      vertex 35 4.05 11.9852
      vertex 37.5 3.42321 11.6589
      vertex 37.5 4.05 11.9852
    endloop
  endfacet
  facet normal 0 -0.461764 0.887003
    outer loop
      vertex 37.5 3.42321 11.6589
      vertex 35 4.05 11.9852
      vertex 35 3.42321 11.6589
    endloop
  endfacet
  facet normal 0 -0.608698 0.793402
    outer loop
      vertex 35 5.20658 12.795
      vertex 37.5 4.64597 12.3649
      vertex 37.5 5.20658 12.795
    endloop
  endfacet
  facet normal 0 -0.608698 0.793402
    outer loop
      vertex 37.5 4.64597 12.3649
      vertex 35 5.20658 12.795
      vertex 35 4.64597 12.3649
    endloop
  endfacet
  facet normal 0 -0.793349 0.608767
    outer loop
      vertex 35 6.20496 13.7934
      vertex 37.5 6.63513 14.354
      vertex 35 6.63513 14.354
    endloop
  endfacet
  facet normal 0 -0.793349 0.608767
    outer loop
      vertex 37.5 6.63513 14.354
      vertex 35 6.20496 13.7934
      vertex 37.5 6.20496 13.7934
    endloop
  endfacet
  facet normal -0 0.608698 0.793402
    outer loop
      vertex 35 -4.64597 12.3649
      vertex 37.5 -5.20658 12.795
      vertex 37.5 -4.64597 12.3649
    endloop
  endfacet
  facet normal 0 0.608698 0.793402
    outer loop
      vertex 37.5 -5.20658 12.795
      vertex 35 -4.64597 12.3649
      vertex 35 -5.20658 12.795
    endloop
  endfacet
  facet normal 0 0.887012 0.461747
    outer loop
      vertex 37.5 -7.0148 14.95
      vertex 35 -7.34109 15.5768
      vertex 37.5 -7.34109 15.5768
    endloop
  endfacet
  facet normal 0 0.887012 0.461747
    outer loop
      vertex 35 -7.34109 15.5768
      vertex 37.5 -7.0148 14.95
      vertex 35 -7.0148 14.95
    endloop
  endfacet
  facet normal 0 -0.887012 0.461747
    outer loop
      vertex 35 7.0148 14.95
      vertex 37.5 7.34109 15.5768
      vertex 35 7.34109 15.5768
    endloop
  endfacet
  facet normal 0 -0.887012 0.461747
    outer loop
      vertex 37.5 7.34109 15.5768
      vertex 35 7.0148 14.95
      vertex 37.5 7.0148 14.95
    endloop
  endfacet
  facet normal 0 -0.991442 -0.13055
    outer loop
      vertex 35 8.06918 19.706
      vertex 37.5 7.97694 20.4065
      vertex 35 7.97694 20.4065
    endloop
  endfacet
  facet normal 0 -0.991442 -0.13055
    outer loop
      vertex 37.5 7.97694 20.4065
      vertex 35 8.06918 19.706
      vertex 37.5 8.06918 19.706
    endloop
  endfacet
  facet normal 0 -0.461764 -0.887003
    outer loop
      vertex 35 3.42321 26.3411
      vertex 37.5 4.05 26.0148
      vertex 37.5 3.42321 26.3411
    endloop
  endfacet
  facet normal -0 -0.461764 -0.887003
    outer loop
      vertex 37.5 4.05 26.0148
      vertex 35 3.42321 26.3411
      vertex 35 4.05 26.0148
    endloop
  endfacet
  facet normal -0 0.130618 0.991433
    outer loop
      vertex 35 -0.705961 10.9308
      vertex 37.5 -1.40655 11.0231
      vertex 37.5 -0.705961 10.9308
    endloop
  endfacet
  facet normal 0 0.130618 0.991433
    outer loop
      vertex 37.5 -1.40655 11.0231
      vertex 35 -0.705961 10.9308
      vertex 35 -1.40655 11.0231
    endloop
  endfacet
  facet normal -0 0.216382 0.976309
    outer loop
      vertex 35 -1.40655 11.0231
      vertex 37.5 -2.09643 11.176
      vertex 37.5 -1.40655 11.0231
    endloop
  endfacet
  facet normal 0 0.216382 0.976309
    outer loop
      vertex 37.5 -2.09643 11.176
      vertex 35 -1.40655 11.0231
      vertex 35 -2.09643 11.176
    endloop
  endfacet
  facet normal 0 -0.991442 0.13055
    outer loop
      vertex 35 7.97694 17.5935
      vertex 37.5 8.06918 18.294
      vertex 35 8.06918 18.294
    endloop
  endfacet
  facet normal 0 -0.991442 0.13055
    outer loop
      vertex 37.5 8.06918 18.294
      vertex 35 7.97694 17.5935
      vertex 37.5 7.97694 17.5935
    endloop
  endfacet
  facet normal 0 -0.999049 -0.0436129
    outer loop
      vertex 35 8.1 19
      vertex 37.5 8.06918 19.706
      vertex 35 8.06918 19.706
    endloop
  endfacet
  facet normal 0 -0.999049 -0.0436129
    outer loop
      vertex 37.5 8.06918 19.706
      vertex 35 8.1 19
      vertex 37.5 8.1 19
    endloop
  endfacet
  facet normal 0 0.461764 -0.887003
    outer loop
      vertex 35 -4.05 26.0148
      vertex 37.5 -3.42321 26.3411
      vertex 37.5 -4.05 26.0148
    endloop
  endfacet
  facet normal 0 0.461764 -0.887003
    outer loop
      vertex 37.5 -3.42321 26.3411
      vertex 35 -4.05 26.0148
      vertex 35 -3.42321 26.3411
    endloop
  endfacet
  facet normal 0 -0.043587 -0.99905
    outer loop
      vertex 35 0 27.1
      vertex 37.5 0.705961 27.0692
      vertex 37.5 0 27.1
    endloop
  endfacet
  facet normal -0 -0.043587 -0.99905
    outer loop
      vertex 37.5 0.705961 27.0692
      vertex 35 0 27.1
      vertex 35 0.705961 27.0692
    endloop
  endfacet
  facet normal 0 0.999049 0.0436129
    outer loop
      vertex 37.5 -8.06918 18.294
      vertex 35 -8.1 19
      vertex 37.5 -8.1 19
    endloop
  endfacet
  facet normal 0 0.999049 0.0436129
    outer loop
      vertex 35 -8.1 19
      vertex 37.5 -8.06918 18.294
      vertex 35 -8.06918 18.294
    endloop
  endfacet
  facet normal 0 -0.737283 -0.675584
    outer loop
      vertex 35 6.20496 24.2066
      vertex 37.5 5.72756 24.7276
      vertex 35 5.72756 24.7276
    endloop
  endfacet
  facet normal 0 -0.737283 -0.675584
    outer loop
      vertex 37.5 5.72756 24.7276
      vertex 35 6.20496 24.2066
      vertex 37.5 6.20496 24.2066
    endloop
  endfacet
  facet normal 0 -0.537325 0.843375
    outer loop
      vertex 35 4.64597 12.3649
      vertex 37.5 4.05 11.9852
      vertex 37.5 4.64597 12.3649
    endloop
  endfacet
  facet normal 0 -0.537325 0.843375
    outer loop
      vertex 37.5 4.05 11.9852
      vertex 35 4.64597 12.3649
      vertex 35 4.05 11.9852
    endloop
  endfacet
  facet normal 0 -0.675598 -0.73727
    outer loop
      vertex 35 5.20658 25.205
      vertex 37.5 5.72756 24.7276
      vertex 37.5 5.20658 25.205
    endloop
  endfacet
  facet normal -0 -0.675598 -0.73727
    outer loop
      vertex 37.5 5.72756 24.7276
      vertex 35 5.20658 25.205
      vertex 35 5.72756 24.7276
    endloop
  endfacet
  facet normal 0 -0.608698 -0.793402
    outer loop
      vertex 35 4.64597 25.6351
      vertex 37.5 5.20658 25.205
      vertex 37.5 4.64597 25.6351
    endloop
  endfacet
  facet normal -0 -0.608698 -0.793402
    outer loop
      vertex 37.5 5.20658 25.205
      vertex 35 4.64597 25.6351
      vertex 35 5.20658 25.205
    endloop
  endfacet
  facet normal -0 0.38266 0.923889
    outer loop
      vertex 35 -2.77036 11.3885
      vertex 37.5 -3.42321 11.6589
      vertex 37.5 -2.77036 11.3885
    endloop
  endfacet
  facet normal 0 0.38266 0.923889
    outer loop
      vertex 37.5 -3.42321 11.6589
      vertex 35 -2.77036 11.3885
      vertex 35 -3.42321 11.6589
    endloop
  endfacet
  facet normal 0 0.953726 -0.300678
    outer loop
      vertex 37.5 -7.824 21.0964
      vertex 35 -7.61151 21.7704
      vertex 37.5 -7.61151 21.7704
    endloop
  endfacet
  facet normal 0 0.953726 -0.300678
    outer loop
      vertex 35 -7.61151 21.7704
      vertex 37.5 -7.824 21.0964
      vertex 35 -7.824 21.0964
    endloop
  endfacet
  facet normal 0 0.887012 -0.461747
    outer loop
      vertex 37.5 -7.34109 22.4232
      vertex 35 -7.0148 23.05
      vertex 37.5 -7.0148 23.05
    endloop
  endfacet
  facet normal 0 0.887012 -0.461747
    outer loop
      vertex 35 -7.0148 23.05
      vertex 37.5 -7.34109 22.4232
      vertex 35 -7.34109 22.4232
    endloop
  endfacet
  facet normal 0 0.130618 -0.991433
    outer loop
      vertex 35 -1.40655 26.9769
      vertex 37.5 -0.705961 27.0692
      vertex 37.5 -1.40655 26.9769
    endloop
  endfacet
  facet normal 0 0.130618 -0.991433
    outer loop
      vertex 37.5 -0.705961 27.0692
      vertex 35 -1.40655 26.9769
      vertex 35 -0.705961 27.0692
    endloop
  endfacet
  facet normal 0 0.923869 0.382709
    outer loop
      vertex 37.5 -7.34109 15.5768
      vertex 35 -7.61151 16.2296
      vertex 37.5 -7.61151 16.2296
    endloop
  endfacet
  facet normal 0 0.923869 0.382709
    outer loop
      vertex 35 -7.61151 16.2296
      vertex 37.5 -7.34109 15.5768
      vertex 35 -7.34109 15.5768
    endloop
  endfacet
  facet normal 0 -0.737283 0.675584
    outer loop
      vertex 35 5.72756 13.2724
      vertex 37.5 6.20496 13.7934
      vertex 35 6.20496 13.7934
    endloop
  endfacet
  facet normal 0 -0.737283 0.675584
    outer loop
      vertex 37.5 6.20496 13.7934
      vertex 35 5.72756 13.2724
      vertex 37.5 5.72756 13.2724
    endloop
  endfacet
  facet normal -0 0.30072 0.953713
    outer loop
      vertex 35 -2.09643 11.176
      vertex 37.5 -2.77036 11.3885
      vertex 37.5 -2.09643 11.176
    endloop
  endfacet
  facet normal 0 0.30072 0.953713
    outer loop
      vertex 37.5 -2.77036 11.3885
      vertex 35 -2.09643 11.176
      vertex 35 -2.77036 11.3885
    endloop
  endfacet
  facet normal 0 -0.216382 -0.976309
    outer loop
      vertex 35 1.40655 26.9769
      vertex 37.5 2.09643 26.824
      vertex 37.5 1.40655 26.9769
    endloop
  endfacet
  facet normal -0 -0.216382 -0.976309
    outer loop
      vertex 37.5 2.09643 26.824
      vertex 35 1.40655 26.9769
      vertex 35 2.09643 26.824
    endloop
  endfacet
  facet normal 0 0.999049 -0.0436129
    outer loop
      vertex 37.5 -8.1 19
      vertex 35 -8.06918 19.706
      vertex 37.5 -8.06918 19.706
    endloop
  endfacet
  facet normal 0 0.999049 -0.0436129
    outer loop
      vertex 35 -8.06918 19.706
      vertex 37.5 -8.1 19
      vertex 35 -8.1 19
    endloop
  endfacet
  facet normal 0 0.737283 0.675584
    outer loop
      vertex 37.5 -5.72756 13.2724
      vertex 35 -6.20496 13.7934
      vertex 37.5 -6.20496 13.7934
    endloop
  endfacet
  facet normal 0 0.737283 0.675584
    outer loop
      vertex 35 -6.20496 13.7934
      vertex 37.5 -5.72756 13.2724
      vertex 35 -5.72756 13.2724
    endloop
  endfacet
  facet normal -0 0.537325 0.843375
    outer loop
      vertex 35 -4.05 11.9852
      vertex 37.5 -4.64597 12.3649
      vertex 37.5 -4.05 11.9852
    endloop
  endfacet
  facet normal 0 0.537325 0.843375
    outer loop
      vertex 37.5 -4.64597 12.3649
      vertex 35 -4.05 11.9852
      vertex 35 -4.64597 12.3649
    endloop
  endfacet
  facet normal 0 0.843407 0.537276
    outer loop
      vertex 37.5 -6.63513 14.354
      vertex 35 -7.0148 14.95
      vertex 37.5 -7.0148 14.95
    endloop
  endfacet
  facet normal 0 0.843407 0.537276
    outer loop
      vertex 35 -7.0148 14.95
      vertex 37.5 -6.63513 14.354
      vertex 35 -6.63513 14.354
    endloop
  endfacet
  facet normal 0 -0.130618 -0.991433
    outer loop
      vertex 35 0.705961 27.0692
      vertex 37.5 1.40655 26.9769
      vertex 37.5 0.705961 27.0692
    endloop
  endfacet
  facet normal -0 -0.130618 -0.991433
    outer loop
      vertex 37.5 1.40655 26.9769
      vertex 35 0.705961 27.0692
      vertex 35 1.40655 26.9769
    endloop
  endfacet
  facet normal 0 -0.38266 -0.923889
    outer loop
      vertex 35 2.77036 26.6115
      vertex 37.5 3.42321 26.3411
      vertex 37.5 2.77036 26.6115
    endloop
  endfacet
  facet normal -0 -0.38266 -0.923889
    outer loop
      vertex 37.5 3.42321 26.3411
      vertex 35 2.77036 26.6115
      vertex 35 3.42321 26.3411
    endloop
  endfacet
  facet normal 0 0.793349 -0.608767
    outer loop
      vertex 37.5 -6.63513 23.646
      vertex 35 -6.20496 24.2066
      vertex 37.5 -6.20496 24.2066
    endloop
  endfacet
  facet normal 0 0.793349 -0.608767
    outer loop
      vertex 35 -6.20496 24.2066
      vertex 37.5 -6.63513 23.646
      vertex 35 -6.63513 23.646
    endloop
  endfacet
  facet normal -0.991443 0 0.130541
    outer loop
      vertex 3.0529 25 18.4617
      vertex 3.0882 27.5 18.7298
      vertex 3.0529 27.5 18.4617
    endloop
  endfacet
  facet normal -0.991443 0 0.130541
    outer loop
      vertex 3.0882 27.5 18.7298
      vertex 3.0529 25 18.4617
      vertex 3.0882 25 18.7298
    endloop
  endfacet
  facet normal -0.999048 0 0.0436298
    outer loop
      vertex 3.0882 25 18.7298
      vertex 3.1 27.5 19
      vertex 3.0882 27.5 18.7298
    endloop
  endfacet
  facet normal -0.999048 0 0.0436298
    outer loop
      vertex 3.1 27.5 19
      vertex 3.0882 25 18.7298
      vertex 3.1 25 19
    endloop
  endfacet
  facet normal -0.976294 0 0.216449
    outer loop
      vertex 2.99437 25 18.1977
      vertex 3.0529 27.5 18.4617
      vertex 2.99437 27.5 18.1977
    endloop
  endfacet
  facet normal -0.976294 0 0.216449
    outer loop
      vertex 3.0529 27.5 18.4617
      vertex 2.99437 25 18.1977
      vertex 3.0529 25 18.4617
    endloop
  endfacet
  facet normal -0.999048 0 -0.0436298
    outer loop
      vertex 3.1 25 19
      vertex 3.0882 27.5 19.2702
      vertex 3.1 27.5 19
    endloop
  endfacet
  facet normal -0.999048 -0 -0.0436298
    outer loop
      vertex 3.0882 27.5 19.2702
      vertex 3.1 25 19
      vertex 3.0882 25 19.2702
    endloop
  endfacet
  facet normal 0.793285 -0 0.608851
    outer loop
      vertex -2.53937 25 17.2219
      vertex -2.37474 27.5 17.0074
      vertex -2.53937 27.5 17.2219
    endloop
  endfacet
  facet normal 0.793285 0 0.608851
    outer loop
      vertex -2.37474 27.5 17.0074
      vertex -2.53937 25 17.2219
      vertex -2.37474 25 17.0074
    endloop
  endfacet
  facet normal 0.300968 0 0.953634
    outer loop
      vertex -1.06026 27.5 16.087
      vertex -0.802339 25 16.0056
      vertex -0.802339 27.5 16.0056
    endloop
  endfacet
  facet normal 0.300968 0 0.953634
    outer loop
      vertex -0.802339 25 16.0056
      vertex -1.06026 27.5 16.087
      vertex -1.06026 25 16.087
    endloop
  endfacet
  facet normal -0.21632 0 -0.976323
    outer loop
      vertex 0.538309 25 22.0529
      vertex 0.802339 27.5 21.9944
      vertex 0.802339 25 21.9944
    endloop
  endfacet
  facet normal -0.21632 0 -0.976323
    outer loop
      vertex 0.802339 27.5 21.9944
      vertex 0.538309 25 22.0529
      vertex 0.538309 27.5 22.0529
    endloop
  endfacet
  facet normal -0.953746 0 -0.300615
    outer loop
      vertex 2.99437 25 19.8023
      vertex 2.91305 27.5 20.0603
      vertex 2.99437 27.5 19.8023
    endloop
  endfacet
  facet normal -0.953746 -0 -0.300615
    outer loop
      vertex 2.91305 27.5 20.0603
      vertex 2.99437 25 19.8023
      vertex 2.91305 25 20.0603
    endloop
  endfacet
  facet normal -0.300968 0 -0.953634
    outer loop
      vertex 0.802339 25 21.9944
      vertex 1.06026 27.5 21.913
      vertex 1.06026 25 21.913
    endloop
  endfacet
  facet normal -0.300968 0 -0.953634
    outer loop
      vertex 1.06026 27.5 21.913
      vertex 0.802339 25 21.9944
      vertex 0.802339 27.5 21.9944
    endloop
  endfacet
  facet normal 0.608924 0 0.793228
    outer loop
      vertex -1.99264 27.5 16.6253
      vertex -1.77809 25 16.4606
      vertex -1.77809 27.5 16.4606
    endloop
  endfacet
  facet normal 0.608924 0 0.793228
    outer loop
      vertex -1.77809 25 16.4606
      vertex -1.99264 27.5 16.6253
      vertex -1.99264 25 16.6253
    endloop
  endfacet
  facet normal -0.843401 0 -0.537285
    outer loop
      vertex 2.68468 25 20.55
      vertex 2.53937 27.5 20.7781
      vertex 2.68468 27.5 20.55
    endloop
  endfacet
  facet normal -0.843401 -0 -0.537285
    outer loop
      vertex 2.53937 27.5 20.7781
      vertex 2.68468 25 20.55
      vertex 2.53937 25 20.7781
    endloop
  endfacet
  facet normal 0.737289 0 -0.675577
    outer loop
      vertex -2.19203 25 21.192
      vertex -2.37474 27.5 20.9926
      vertex -2.19203 27.5 21.192
    endloop
  endfacet
  facet normal 0.737289 0 -0.675577
    outer loop
      vertex -2.37474 27.5 20.9926
      vertex -2.19203 25 21.192
      vertex -2.37474 25 20.9926
    endloop
  endfacet
  facet normal 0.675576 0 0.737291
    outer loop
      vertex -2.19203 27.5 16.808
      vertex -1.99264 25 16.6253
      vertex -1.99264 27.5 16.6253
    endloop
  endfacet
  facet normal 0.675576 0 0.737291
    outer loop
      vertex -1.99264 25 16.6253
      vertex -2.19203 27.5 16.808
      vertex -2.19203 25 16.808
    endloop
  endfacet
  facet normal 0.21632 0 0.976323
    outer loop
      vertex -0.802339 27.5 16.0056
      vertex -0.538309 25 15.9471
      vertex -0.538309 27.5 15.9471
    endloop
  endfacet
  facet normal 0.21632 0 0.976323
    outer loop
      vertex -0.538309 25 15.9471
      vertex -0.802339 27.5 16.0056
      vertex -0.802339 25 16.0056
    endloop
  endfacet
  facet normal -0.300968 0 0.953634
    outer loop
      vertex 0.802339 27.5 16.0056
      vertex 1.06026 25 16.087
      vertex 1.06026 27.5 16.087
    endloop
  endfacet
  facet normal -0.300968 0 0.953634
    outer loop
      vertex 1.06026 25 16.087
      vertex 0.802339 27.5 16.0056
      vertex 0.802339 25 16.0056
    endloop
  endfacet
  facet normal -0.675576 0 0.737291
    outer loop
      vertex 1.99264 27.5 16.6253
      vertex 2.19203 25 16.808
      vertex 2.19203 27.5 16.808
    endloop
  endfacet
  facet normal -0.675576 0 0.737291
    outer loop
      vertex 2.19203 25 16.808
      vertex 1.99264 27.5 16.6253
      vertex 1.99264 25 16.6253
    endloop
  endfacet
  facet normal -0.537275 0 0.843407
    outer loop
      vertex 1.55 27.5 16.3153
      vertex 1.77809 25 16.4606
      vertex 1.77809 27.5 16.4606
    endloop
  endfacet
  facet normal -0.537275 0 0.843407
    outer loop
      vertex 1.77809 25 16.4606
      vertex 1.55 27.5 16.3153
      vertex 1.55 25 16.3153
    endloop
  endfacet
  facet normal -0.887032 0 -0.461708
    outer loop
      vertex 2.80955 25 20.3101
      vertex 2.68468 27.5 20.55
      vertex 2.80955 27.5 20.3101
    endloop
  endfacet
  facet normal -0.887032 -0 -0.461708
    outer loop
      vertex 2.68468 27.5 20.55
      vertex 2.80955 25 20.3101
      vertex 2.68468 25 20.55
    endloop
  endfacet
  facet normal -0.976294 0 -0.216449
    outer loop
      vertex 3.0529 25 19.5383
      vertex 2.99437 27.5 19.8023
      vertex 3.0529 27.5 19.5383
    endloop
  endfacet
  facet normal -0.976294 -0 -0.216449
    outer loop
      vertex 2.99437 27.5 19.8023
      vertex 3.0529 25 19.5383
      vertex 2.99437 25 19.8023
    endloop
  endfacet
  facet normal -0.737289 0 0.675577
    outer loop
      vertex 2.19203 25 16.808
      vertex 2.37474 27.5 17.0074
      vertex 2.19203 27.5 16.808
    endloop
  endfacet
  facet normal -0.737289 0 0.675577
    outer loop
      vertex 2.37474 27.5 17.0074
      vertex 2.19203 25 16.808
      vertex 2.37474 25 17.0074
    endloop
  endfacet
  facet normal -0.0436325 0 -0.999048
    outer loop
      vertex 0 25 22.1
      vertex 0.270183 27.5 22.0882
      vertex 0.270183 25 22.0882
    endloop
  endfacet
  facet normal -0.0436325 0 -0.999048
    outer loop
      vertex 0.270183 27.5 22.0882
      vertex 0 25 22.1
      vertex 0 27.5 22.1
    endloop
  endfacet
  facet normal 0.887032 0 -0.461708
    outer loop
      vertex -2.68468 25 20.55
      vertex -2.80955 27.5 20.3101
      vertex -2.68468 27.5 20.55
    endloop
  endfacet
  facet normal 0.887032 0 -0.461708
    outer loop
      vertex -2.80955 27.5 20.3101
      vertex -2.68468 25 20.55
      vertex -2.80955 25 20.3101
    endloop
  endfacet
  facet normal -0.130528 0 -0.991445
    outer loop
      vertex 0.270183 25 22.0882
      vertex 0.538309 27.5 22.0529
      vertex 0.538309 25 22.0529
    endloop
  endfacet
  facet normal -0.130528 0 -0.991445
    outer loop
      vertex 0.538309 27.5 22.0529
      vertex 0.270183 25 22.0882
      vertex 0.270183 27.5 22.0882
    endloop
  endfacet
  facet normal 0.130528 0 -0.991445
    outer loop
      vertex -0.538309 25 22.0529
      vertex -0.270183 27.5 22.0882
      vertex -0.270183 25 22.0882
    endloop
  endfacet
  facet normal 0.130528 0 -0.991445
    outer loop
      vertex -0.270183 27.5 22.0882
      vertex -0.538309 25 22.0529
      vertex -0.538309 27.5 22.0529
    endloop
  endfacet
  facet normal 0.976294 0 -0.216449
    outer loop
      vertex -2.99437 25 19.8023
      vertex -3.0529 27.5 19.5383
      vertex -2.99437 27.5 19.8023
    endloop
  endfacet
  facet normal 0.976294 0 -0.216449
    outer loop
      vertex -3.0529 27.5 19.5383
      vertex -2.99437 25 19.8023
      vertex -3.0529 25 19.5383
    endloop
  endfacet
  facet normal 0.976294 -0 0.216449
    outer loop
      vertex -3.0529 25 18.4617
      vertex -2.99437 27.5 18.1977
      vertex -3.0529 27.5 18.4617
    endloop
  endfacet
  facet normal 0.976294 0 0.216449
    outer loop
      vertex -2.99437 27.5 18.1977
      vertex -3.0529 25 18.4617
      vertex -2.99437 25 18.1977
    endloop
  endfacet
  facet normal -0.887032 0 0.461708
    outer loop
      vertex 2.68468 25 17.45
      vertex 2.80955 27.5 17.6899
      vertex 2.68468 27.5 17.45
    endloop
  endfacet
  facet normal -0.887032 0 0.461708
    outer loop
      vertex 2.80955 27.5 17.6899
      vertex 2.68468 25 17.45
      vertex 2.80955 25 17.6899
    endloop
  endfacet
  facet normal -0.923841 0 0.382776
    outer loop
      vertex 2.80955 25 17.6899
      vertex 2.91305 27.5 17.9397
      vertex 2.80955 27.5 17.6899
    endloop
  endfacet
  facet normal -0.923841 0 0.382776
    outer loop
      vertex 2.91305 27.5 17.9397
      vertex 2.80955 25 17.6899
      vertex 2.91305 25 17.9397
    endloop
  endfacet
  facet normal -0.382382 0 -0.924004
    outer loop
      vertex 1.06026 25 21.913
      vertex 1.31012 27.5 21.8096
      vertex 1.31012 25 21.8096
    endloop
  endfacet
  facet normal -0.382382 0 -0.924004
    outer loop
      vertex 1.31012 27.5 21.8096
      vertex 1.06026 25 21.913
      vertex 1.06026 27.5 21.913
    endloop
  endfacet
  facet normal -0.793285 0 0.608851
    outer loop
      vertex 2.37474 25 17.0074
      vertex 2.53937 27.5 17.2219
      vertex 2.37474 27.5 17.0074
    endloop
  endfacet
  facet normal -0.793285 0 0.608851
    outer loop
      vertex 2.53937 27.5 17.2219
      vertex 2.37474 25 17.0074
      vertex 2.53937 25 17.2219
    endloop
  endfacet
  facet normal -0.382382 0 0.924004
    outer loop
      vertex 1.06026 27.5 16.087
      vertex 1.31012 25 16.1904
      vertex 1.31012 27.5 16.1904
    endloop
  endfacet
  facet normal -0.382382 0 0.924004
    outer loop
      vertex 1.31012 25 16.1904
      vertex 1.06026 27.5 16.087
      vertex 1.06026 25 16.087
    endloop
  endfacet
  facet normal 0.999048 0 -0.0436298
    outer loop
      vertex -3.0882 25 19.2702
      vertex -3.1 27.5 19
      vertex -3.0882 27.5 19.2702
    endloop
  endfacet
  facet normal 0.999048 0 -0.0436298
    outer loop
      vertex -3.1 27.5 19
      vertex -3.0882 25 19.2702
      vertex -3.1 25 19
    endloop
  endfacet
  facet normal -0.608924 0 0.793228
    outer loop
      vertex 1.77809 27.5 16.4606
      vertex 1.99264 25 16.6253
      vertex 1.99264 27.5 16.6253
    endloop
  endfacet
  facet normal -0.608924 0 0.793228
    outer loop
      vertex 1.99264 25 16.6253
      vertex 1.77809 27.5 16.4606
      vertex 1.77809 25 16.4606
    endloop
  endfacet
  facet normal -0.461825 0 0.886971
    outer loop
      vertex 1.31012 27.5 16.1904
      vertex 1.55 25 16.3153
      vertex 1.55 27.5 16.3153
    endloop
  endfacet
  facet normal -0.461825 0 0.886971
    outer loop
      vertex 1.55 25 16.3153
      vertex 1.31012 27.5 16.1904
      vertex 1.31012 25 16.1904
    endloop
  endfacet
  facet normal -0.953746 0 0.300615
    outer loop
      vertex 2.91305 25 17.9397
      vertex 2.99437 27.5 18.1977
      vertex 2.91305 27.5 17.9397
    endloop
  endfacet
  facet normal -0.953746 0 0.300615
    outer loop
      vertex 2.99437 27.5 18.1977
      vertex 2.91305 25 17.9397
      vertex 2.99437 25 18.1977
    endloop
  endfacet
  facet normal -0.923841 0 -0.382776
    outer loop
      vertex 2.91305 25 20.0603
      vertex 2.80955 27.5 20.3101
      vertex 2.91305 27.5 20.0603
    endloop
  endfacet
  facet normal -0.923841 -0 -0.382776
    outer loop
      vertex 2.80955 27.5 20.3101
      vertex 2.91305 25 20.0603
      vertex 2.80955 25 20.3101
    endloop
  endfacet
  facet normal 0.991443 0 -0.130541
    outer loop
      vertex -3.0529 25 19.5383
      vertex -3.0882 27.5 19.2702
      vertex -3.0529 27.5 19.5383
    endloop
  endfacet
  facet normal 0.991443 0 -0.130541
    outer loop
      vertex -3.0882 27.5 19.2702
      vertex -3.0529 25 19.5383
      vertex -3.0882 25 19.2702
    endloop
  endfacet
  facet normal -0.608924 0 -0.793228
    outer loop
      vertex 1.77809 25 21.5394
      vertex 1.99264 27.5 21.3747
      vertex 1.99264 25 21.3747
    endloop
  endfacet
  facet normal -0.608924 0 -0.793228
    outer loop
      vertex 1.99264 27.5 21.3747
      vertex 1.77809 25 21.5394
      vertex 1.77809 27.5 21.5394
    endloop
  endfacet
  facet normal 0.793285 0 -0.608851
    outer loop
      vertex -2.37474 25 20.9926
      vertex -2.53937 27.5 20.7781
      vertex -2.37474 27.5 20.9926
    endloop
  endfacet
  facet normal 0.793285 0 -0.608851
    outer loop
      vertex -2.53937 27.5 20.7781
      vertex -2.37474 25 20.9926
      vertex -2.53937 25 20.7781
    endloop
  endfacet
  facet normal 0.991443 -0 0.130541
    outer loop
      vertex -3.0882 25 18.7298
      vertex -3.0529 27.5 18.4617
      vertex -3.0882 27.5 18.7298
    endloop
  endfacet
  facet normal 0.991443 0 0.130541
    outer loop
      vertex -3.0529 27.5 18.4617
      vertex -3.0882 25 18.7298
      vertex -3.0529 25 18.4617
    endloop
  endfacet
  facet normal 0.130528 0 0.991445
    outer loop
      vertex -0.538309 27.5 15.9471
      vertex -0.270183 25 15.9118
      vertex -0.270183 27.5 15.9118
    endloop
  endfacet
  facet normal 0.130528 0 0.991445
    outer loop
      vertex -0.270183 25 15.9118
      vertex -0.538309 27.5 15.9471
      vertex -0.538309 25 15.9471
    endloop
  endfacet
  facet normal 0.0436325 0 0.999048
    outer loop
      vertex -0.270183 27.5 15.9118
      vertex 0 25 15.9
      vertex 0 27.5 15.9
    endloop
  endfacet
  facet normal 0.0436325 0 0.999048
    outer loop
      vertex 0 25 15.9
      vertex -0.270183 27.5 15.9118
      vertex -0.270183 25 15.9118
    endloop
  endfacet
  facet normal 0.382382 0 0.924004
    outer loop
      vertex -1.31012 27.5 16.1904
      vertex -1.06026 25 16.087
      vertex -1.06026 27.5 16.087
    endloop
  endfacet
  facet normal 0.382382 0 0.924004
    outer loop
      vertex -1.06026 25 16.087
      vertex -1.31012 27.5 16.1904
      vertex -1.31012 25 16.1904
    endloop
  endfacet
  facet normal 0.887032 -0 0.461708
    outer loop
      vertex -2.80955 25 17.6899
      vertex -2.68468 27.5 17.45
      vertex -2.80955 27.5 17.6899
    endloop
  endfacet
  facet normal 0.887032 0 0.461708
    outer loop
      vertex -2.68468 27.5 17.45
      vertex -2.80955 25 17.6899
      vertex -2.68468 25 17.45
    endloop
  endfacet
  facet normal 0.675576 0 -0.737291
    outer loop
      vertex -2.19203 25 21.192
      vertex -1.99264 27.5 21.3747
      vertex -1.99264 25 21.3747
    endloop
  endfacet
  facet normal 0.675576 0 -0.737291
    outer loop
      vertex -1.99264 27.5 21.3747
      vertex -2.19203 25 21.192
      vertex -2.19203 27.5 21.192
    endloop
  endfacet
  facet normal 0.300968 0 -0.953634
    outer loop
      vertex -1.06026 25 21.913
      vertex -0.802339 27.5 21.9944
      vertex -0.802339 25 21.9944
    endloop
  endfacet
  facet normal 0.300968 0 -0.953634
    outer loop
      vertex -0.802339 27.5 21.9944
      vertex -1.06026 25 21.913
      vertex -1.06026 27.5 21.913
    endloop
  endfacet
  facet normal -0.675576 0 -0.737291
    outer loop
      vertex 1.99264 25 21.3747
      vertex 2.19203 27.5 21.192
      vertex 2.19203 25 21.192
    endloop
  endfacet
  facet normal -0.675576 0 -0.737291
    outer loop
      vertex 2.19203 27.5 21.192
      vertex 1.99264 25 21.3747
      vertex 1.99264 27.5 21.3747
    endloop
  endfacet
  facet normal -0.461825 0 -0.886971
    outer loop
      vertex 1.31012 25 21.8096
      vertex 1.55 27.5 21.6847
      vertex 1.55 25 21.6847
    endloop
  endfacet
  facet normal -0.461825 0 -0.886971
    outer loop
      vertex 1.55 27.5 21.6847
      vertex 1.31012 25 21.8096
      vertex 1.31012 27.5 21.8096
    endloop
  endfacet
  facet normal 0.843401 0 -0.537285
    outer loop
      vertex -2.53937 25 20.7781
      vertex -2.68468 27.5 20.55
      vertex -2.53937 27.5 20.7781
    endloop
  endfacet
  facet normal 0.843401 0 -0.537285
    outer loop
      vertex -2.68468 27.5 20.55
      vertex -2.53937 25 20.7781
      vertex -2.68468 25 20.55
    endloop
  endfacet
  facet normal 0.0436325 0 -0.999048
    outer loop
      vertex -0.270183 25 22.0882
      vertex 0 27.5 22.1
      vertex 0 25 22.1
    endloop
  endfacet
  facet normal 0.0436325 0 -0.999048
    outer loop
      vertex 0 27.5 22.1
      vertex -0.270183 25 22.0882
      vertex -0.270183 27.5 22.0882
    endloop
  endfacet
  facet normal 0.737289 -0 0.675577
    outer loop
      vertex -2.37474 25 17.0074
      vertex -2.19203 27.5 16.808
      vertex -2.37474 27.5 17.0074
    endloop
  endfacet
  facet normal 0.737289 0 0.675577
    outer loop
      vertex -2.19203 27.5 16.808
      vertex -2.37474 25 17.0074
      vertex -2.19203 25 16.808
    endloop
  endfacet
  facet normal -0.737289 0 -0.675577
    outer loop
      vertex 2.37474 25 20.9926
      vertex 2.19203 27.5 21.192
      vertex 2.37474 27.5 20.9926
    endloop
  endfacet
  facet normal -0.737289 -0 -0.675577
    outer loop
      vertex 2.19203 27.5 21.192
      vertex 2.37474 25 20.9926
      vertex 2.19203 25 21.192
    endloop
  endfacet
  facet normal -0.793285 0 -0.608851
    outer loop
      vertex 2.53937 25 20.7781
      vertex 2.37474 27.5 20.9926
      vertex 2.53937 27.5 20.7781
    endloop
  endfacet
  facet normal -0.793285 -0 -0.608851
    outer loop
      vertex 2.37474 27.5 20.9926
      vertex 2.53937 25 20.7781
      vertex 2.37474 25 20.9926
    endloop
  endfacet
  facet normal -0.843401 0 0.537285
    outer loop
      vertex 2.53937 25 17.2219
      vertex 2.68468 27.5 17.45
      vertex 2.53937 27.5 17.2219
    endloop
  endfacet
  facet normal -0.843401 0 0.537285
    outer loop
      vertex 2.68468 27.5 17.45
      vertex 2.53937 25 17.2219
      vertex 2.68468 25 17.45
    endloop
  endfacet
  facet normal 0.843401 -0 0.537285
    outer loop
      vertex -2.68468 25 17.45
      vertex -2.53937 27.5 17.2219
      vertex -2.68468 27.5 17.45
    endloop
  endfacet
  facet normal 0.843401 0 0.537285
    outer loop
      vertex -2.53937 27.5 17.2219
      vertex -2.68468 25 17.45
      vertex -2.53937 25 17.2219
    endloop
  endfacet
  facet normal 0.923841 0 -0.382776
    outer loop
      vertex -2.80955 25 20.3101
      vertex -2.91305 27.5 20.0603
      vertex -2.80955 27.5 20.3101
    endloop
  endfacet
  facet normal 0.923841 0 -0.382776
    outer loop
      vertex -2.91305 27.5 20.0603
      vertex -2.80955 25 20.3101
      vertex -2.91305 25 20.0603
    endloop
  endfacet
  facet normal 0.953746 -0 0.300615
    outer loop
      vertex -2.99437 25 18.1977
      vertex -2.91305 27.5 17.9397
      vertex -2.99437 27.5 18.1977
    endloop
  endfacet
  facet normal 0.953746 0 0.300615
    outer loop
      vertex -2.91305 27.5 17.9397
      vertex -2.99437 25 18.1977
      vertex -2.91305 25 17.9397
    endloop
  endfacet
  facet normal 0.537275 0 0.843407
    outer loop
      vertex -1.77809 27.5 16.4606
      vertex -1.55 25 16.3153
      vertex -1.55 27.5 16.3153
    endloop
  endfacet
  facet normal 0.537275 0 0.843407
    outer loop
      vertex -1.55 25 16.3153
      vertex -1.77809 27.5 16.4606
      vertex -1.77809 25 16.4606
    endloop
  endfacet
  facet normal -0.0436325 0 0.999048
    outer loop
      vertex 0 27.5 15.9
      vertex 0.270183 25 15.9118
      vertex 0.270183 27.5 15.9118
    endloop
  endfacet
  facet normal -0.0436325 0 0.999048
    outer loop
      vertex 0.270183 25 15.9118
      vertex 0 27.5 15.9
      vertex 0 25 15.9
    endloop
  endfacet
  facet normal 0.537275 0 -0.843407
    outer loop
      vertex -1.77809 25 21.5394
      vertex -1.55 27.5 21.6847
      vertex -1.55 25 21.6847
    endloop
  endfacet
  facet normal 0.537275 0 -0.843407
    outer loop
      vertex -1.55 27.5 21.6847
      vertex -1.77809 25 21.5394
      vertex -1.77809 27.5 21.5394
    endloop
  endfacet
  facet normal 0.999048 -0 0.0436298
    outer loop
      vertex -3.1 25 19
      vertex -3.0882 27.5 18.7298
      vertex -3.1 27.5 19
    endloop
  endfacet
  facet normal 0.999048 0 0.0436298
    outer loop
      vertex -3.0882 27.5 18.7298
      vertex -3.1 25 19
      vertex -3.0882 25 18.7298
    endloop
  endfacet
  facet normal 0.461825 0 -0.886971
    outer loop
      vertex -1.55 25 21.6847
      vertex -1.31012 27.5 21.8096
      vertex -1.31012 25 21.8096
    endloop
  endfacet
  facet normal 0.461825 0 -0.886971
    outer loop
      vertex -1.31012 27.5 21.8096
      vertex -1.55 25 21.6847
      vertex -1.55 27.5 21.6847
    endloop
  endfacet
  facet normal 0.953746 0 -0.300615
    outer loop
      vertex -2.91305 25 20.0603
      vertex -2.99437 27.5 19.8023
      vertex -2.91305 27.5 20.0603
    endloop
  endfacet
  facet normal 0.953746 0 -0.300615
    outer loop
      vertex -2.99437 27.5 19.8023
      vertex -2.91305 25 20.0603
      vertex -2.99437 25 19.8023
    endloop
  endfacet
  facet normal -0.991443 0 -0.130541
    outer loop
      vertex 3.0882 25 19.2702
      vertex 3.0529 27.5 19.5383
      vertex 3.0882 27.5 19.2702
    endloop
  endfacet
  facet normal -0.991443 -0 -0.130541
    outer loop
      vertex 3.0529 27.5 19.5383
      vertex 3.0882 25 19.2702
      vertex 3.0529 25 19.5383
    endloop
  endfacet
  facet normal -0.21632 0 0.976323
    outer loop
      vertex 0.538309 27.5 15.9471
      vertex 0.802339 25 16.0056
      vertex 0.802339 27.5 16.0056
    endloop
  endfacet
  facet normal -0.21632 0 0.976323
    outer loop
      vertex 0.802339 25 16.0056
      vertex 0.538309 27.5 15.9471
      vertex 0.538309 25 15.9471
    endloop
  endfacet
  facet normal 0.923841 -0 0.382776
    outer loop
      vertex -2.91305 25 17.9397
      vertex -2.80955 27.5 17.6899
      vertex -2.91305 27.5 17.9397
    endloop
  endfacet
  facet normal 0.923841 0 0.382776
    outer loop
      vertex -2.80955 27.5 17.6899
      vertex -2.91305 25 17.9397
      vertex -2.80955 25 17.6899
    endloop
  endfacet
  facet normal 0.608924 0 -0.793228
    outer loop
      vertex -1.99264 25 21.3747
      vertex -1.77809 27.5 21.5394
      vertex -1.77809 25 21.5394
    endloop
  endfacet
  facet normal 0.608924 0 -0.793228
    outer loop
      vertex -1.77809 27.5 21.5394
      vertex -1.99264 25 21.3747
      vertex -1.99264 27.5 21.3747
    endloop
  endfacet
  facet normal -0.130528 0 0.991445
    outer loop
      vertex 0.270183 27.5 15.9118
      vertex 0.538309 25 15.9471
      vertex 0.538309 27.5 15.9471
    endloop
  endfacet
  facet normal -0.130528 0 0.991445
    outer loop
      vertex 0.538309 25 15.9471
      vertex 0.270183 27.5 15.9118
      vertex 0.270183 25 15.9118
    endloop
  endfacet
  facet normal 0.382382 0 -0.924004
    outer loop
      vertex -1.31012 25 21.8096
      vertex -1.06026 27.5 21.913
      vertex -1.06026 25 21.913
    endloop
  endfacet
  facet normal 0.382382 0 -0.924004
    outer loop
      vertex -1.06026 27.5 21.913
      vertex -1.31012 25 21.8096
      vertex -1.31012 27.5 21.8096
    endloop
  endfacet
  facet normal -0.537275 0 -0.843407
    outer loop
      vertex 1.55 25 21.6847
      vertex 1.77809 27.5 21.5394
      vertex 1.77809 25 21.5394
    endloop
  endfacet
  facet normal -0.537275 0 -0.843407
    outer loop
      vertex 1.77809 27.5 21.5394
      vertex 1.55 25 21.6847
      vertex 1.55 27.5 21.6847
    endloop
  endfacet
  facet normal 0.461825 0 0.886971
    outer loop
      vertex -1.55 27.5 16.3153
      vertex -1.31012 25 16.1904
      vertex -1.31012 27.5 16.1904
    endloop
  endfacet
  facet normal 0.461825 0 0.886971
    outer loop
      vertex -1.31012 25 16.1904
      vertex -1.55 27.5 16.3153
      vertex -1.55 25 16.3153
    endloop
  endfacet
  facet normal 0.21632 0 -0.976323
    outer loop
      vertex -0.802339 25 21.9944
      vertex -0.538309 27.5 22.0529
      vertex -0.538309 25 22.0529
    endloop
  endfacet
  facet normal 0.21632 0 -0.976323
    outer loop
      vertex -0.538309 27.5 22.0529
      vertex -0.802339 25 21.9944
      vertex -0.802339 27.5 21.9944
    endloop
  endfacet
endsolid OpenSCAD_Model
