solid OpenSCAD_Model
  facet normal -0.537296 0.843394 0
    outer loop
      vertex -63.5 44.5981 0
      vertex -63.7207 44.4575 45
      vertex -63.5 44.5981 45
    endloop
  endfacet
  facet normal -0.537296 0.843394 0
    outer loop
      vertex -63.7207 44.4575 45
      vertex -63.5 44.5981 0
      vertex -63.7207 44.4575 0
    endloop
  endfacet
  facet normal 0.461678 -0.887048 0
    outer loop
      vertex 63.2679 -44.7189 0
      vertex 63.5 -44.5981 45
      vertex 63.2679 -44.7189 45
    endloop
  endfacet
  facet normal 0.461678 -0.887048 0
    outer loop
      vertex 63.5 -44.5981 45
      vertex 63.2679 -44.7189 0
      vertex 63.5 -44.5981 0
    endloop
  endfacet
  facet normal 0.0435533 -0.999051 0
    outer loop
      vertex 62 -45 0
      vertex 62.2615 -44.9886 45
      vertex 62 -45 45
    endloop
  endfacet
  facet normal 0.0435533 -0.999051 0
    outer loop
      vertex 62.2615 -44.9886 45
      vertex 62 -45 0
      vertex 62.2615 -44.9886 0
    endloop
  endfacet
  facet normal 0 -1 0
    outer loop
      vertex 13.6251 -45 17.5453
      vertex 13.5 -45 21
      vertex 13.3138 -45 17.5863
    endloop
  endfacet
  facet normal 0 -1 0
    outer loop
      vertex 13.5 -45 21
      vertex 38.6862 -45 17.5863
      vertex 39 -45 17.6
    endloop
  endfacet
  facet normal 0 -1 0
    outer loop
      vertex 13.9317 -45 17.4773
      vertex 13.5 -45 21
      vertex 13.6251 -45 17.5453
    endloop
  endfacet
  facet normal 0 -1 0
    outer loop
      vertex 13.5 -45 21
      vertex 38.3749 -45 17.5453
      vertex 38.6862 -45 17.5863
    endloop
  endfacet
  facet normal 0 -1 0
    outer loop
      vertex 14.2313 -45 17.3829
      vertex 13.5 -45 21
      vertex 13.9317 -45 17.4773
    endloop
  endfacet
  facet normal 0 -1 0
    outer loop
      vertex 13.5 -45 21
      vertex 38.0683 -45 17.4773
      vertex 38.3749 -45 17.5453
    endloop
  endfacet
  facet normal 0 -1 0
    outer loop
      vertex 14.5214 -45 17.2627
      vertex 13.5 -45 21
      vertex 14.2313 -45 17.3829
    endloop
  endfacet
  facet normal 0 -1 0
    outer loop
      vertex 13.5 -45 21
      vertex 37.7687 -45 17.3829
      vertex 38.0683 -45 17.4773
    endloop
  endfacet
  facet normal 0 -1 0
    outer loop
      vertex 14.8 -45 17.1177
      vertex 13.5 -45 21
      vertex 14.5214 -45 17.2627
    endloop
  endfacet
  facet normal 0 -1 0
    outer loop
      vertex 13.5 -45 21
      vertex 37.4786 -45 17.2627
      vertex 37.7687 -45 17.3829
    endloop
  endfacet
  facet normal 0 -1 0
    outer loop
      vertex 15.0649 -45 16.9489
      vertex 13.5 -45 21
      vertex 14.8 -45 17.1177
    endloop
  endfacet
  facet normal 0 -1 0
    outer loop
      vertex 13.5 -45 21
      vertex 37.2 -45 17.1177
      vertex 37.4786 -45 17.2627
    endloop
  endfacet
  facet normal 0 -1 0
    outer loop
      vertex 15.314 -45 16.7578
      vertex 13.5 -45 21
      vertex 15.0649 -45 16.9489
    endloop
  endfacet
  facet normal 0 -1 0
    outer loop
      vertex 13.5 -45 21
      vertex 36.9351 -45 16.9489
      vertex 37.2 -45 17.1177
    endloop
  endfacet
  facet normal 0 -1 0
    outer loop
      vertex 15.5456 -45 16.5456
      vertex 13.5 -45 21
      vertex 15.314 -45 16.7578
    endloop
  endfacet
  facet normal 0 -1 0
    outer loop
      vertex 13.5 -45 21
      vertex 36.686 -45 16.7578
      vertex 36.9351 -45 16.9489
    endloop
  endfacet
  facet normal 0 -1 0
    outer loop
      vertex 15.7578 -45 16.314
      vertex 13.5 -45 21
      vertex 15.5456 -45 16.5456
    endloop
  endfacet
  facet normal 0 -1 0
    outer loop
      vertex 13.5 -45 21
      vertex 36.4544 -45 16.5456
      vertex 36.686 -45 16.7578
    endloop
  endfacet
  facet normal 0 -1 0
    outer loop
      vertex 36.2422 -45 16.314
      vertex 13.5 -45 21
      vertex 15.7578 -45 16.314
    endloop
  endfacet
  facet normal 0 -1 0
    outer loop
      vertex 13.5 -45 21
      vertex 36.2422 -45 16.314
      vertex 36.4544 -45 16.5456
    endloop
  endfacet
  facet normal 0 -1 0
    outer loop
      vertex 15.9489 -45 16.0649
      vertex 36.2422 -45 16.314
      vertex 15.7578 -45 16.314
    endloop
  endfacet
  facet normal 0 -1 0
    outer loop
      vertex 15.9489 -45 16.0649
      vertex 36.0511 -45 16.0649
      vertex 36.2422 -45 16.314
    endloop
  endfacet
  facet normal 0 -1 0
    outer loop
      vertex 16.1177 -45 15.8
      vertex 36.0511 -45 16.0649
      vertex 15.9489 -45 16.0649
    endloop
  endfacet
  facet normal 0 -1 0
    outer loop
      vertex 16.1177 -45 15.8
      vertex 35.8823 -45 15.8
      vertex 36.0511 -45 16.0649
    endloop
  endfacet
  facet normal 0 -1 0
    outer loop
      vertex 16.2627 -45 15.5214
      vertex 35.8823 -45 15.8
      vertex 16.1177 -45 15.8
    endloop
  endfacet
  facet normal 0 -1 0
    outer loop
      vertex 16.2627 -45 15.5214
      vertex 35.7373 -45 15.5214
      vertex 35.8823 -45 15.8
    endloop
  endfacet
  facet normal 0 -1 0
    outer loop
      vertex 16.3829 -45 15.2313
      vertex 35.7373 -45 15.5214
      vertex 16.2627 -45 15.5214
    endloop
  endfacet
  facet normal 0 -1 0
    outer loop
      vertex 16.3829 -45 15.2313
      vertex 35.6171 -45 15.2313
      vertex 35.7373 -45 15.5214
    endloop
  endfacet
  facet normal 0 -1 0
    outer loop
      vertex 16.4773 -45 14.9317
      vertex 35.6171 -45 15.2313
      vertex 16.3829 -45 15.2313
    endloop
  endfacet
  facet normal 0 -1 0
    outer loop
      vertex 16.4773 -45 14.9317
      vertex 35.5227 -45 14.9317
      vertex 35.6171 -45 15.2313
    endloop
  endfacet
  facet normal 0 -1 0
    outer loop
      vertex 16.5453 -45 14.6251
      vertex 35.5227 -45 14.9317
      vertex 16.4773 -45 14.9317
    endloop
  endfacet
  facet normal 0 -1 0
    outer loop
      vertex 16.5453 -45 14.6251
      vertex 35.4547 -45 14.6251
      vertex 35.5227 -45 14.9317
    endloop
  endfacet
  facet normal 0 -1 0
    outer loop
      vertex 16.5863 -45 14.3138
      vertex 35.4547 -45 14.6251
      vertex 16.5453 -45 14.6251
    endloop
  endfacet
  facet normal 0 -1 0
    outer loop
      vertex 16.5863 -45 14.3138
      vertex 35.4137 -45 14.3138
      vertex 35.4547 -45 14.6251
    endloop
  endfacet
  facet normal 0 -1 0
    outer loop
      vertex 16.6 -45 14
      vertex 35.4137 -45 14.3138
      vertex 16.5863 -45 14.3138
    endloop
  endfacet
  facet normal 0 -1 0
    outer loop
      vertex 16.6 -45 14
      vertex 35.4 -45 14
      vertex 35.4137 -45 14.3138
    endloop
  endfacet
  facet normal 0 -1 0
    outer loop
      vertex 16.5863 -45 13.6862
      vertex 35.4 -45 14
      vertex 16.6 -45 14
    endloop
  endfacet
  facet normal 0 -1 0
    outer loop
      vertex 16.5863 -45 13.6862
      vertex 35.4137 -45 13.6862
      vertex 35.4 -45 14
    endloop
  endfacet
  facet normal 0 -1 0
    outer loop
      vertex 16.5453 -45 13.3749
      vertex 35.4137 -45 13.6862
      vertex 16.5863 -45 13.6862
    endloop
  endfacet
  facet normal 0 -1 0
    outer loop
      vertex 16.5453 -45 13.3749
      vertex 35.4547 -45 13.3749
      vertex 35.4137 -45 13.6862
    endloop
  endfacet
  facet normal 0 -1 0
    outer loop
      vertex 16.4773 -45 13.0683
      vertex 35.4547 -45 13.3749
      vertex 16.5453 -45 13.3749
    endloop
  endfacet
  facet normal 0 -1 0
    outer loop
      vertex 16.4773 -45 13.0683
      vertex 35.5227 -45 13.0683
      vertex 35.4547 -45 13.3749
    endloop
  endfacet
  facet normal 0 -1 0
    outer loop
      vertex 16.3829 -45 12.7687
      vertex 35.5227 -45 13.0683
      vertex 16.4773 -45 13.0683
    endloop
  endfacet
  facet normal 0 -1 0
    outer loop
      vertex 16.3829 -45 12.7687
      vertex 35.6171 -45 12.7687
      vertex 35.5227 -45 13.0683
    endloop
  endfacet
  facet normal 0 -1 0
    outer loop
      vertex 16.2627 -45 12.4786
      vertex 35.6171 -45 12.7687
      vertex 16.3829 -45 12.7687
    endloop
  endfacet
  facet normal 0 -1 0
    outer loop
      vertex 16.2627 -45 12.4786
      vertex 35.7373 -45 12.4786
      vertex 35.6171 -45 12.7687
    endloop
  endfacet
  facet normal 0 -1 0
    outer loop
      vertex 16.1177 -45 12.2
      vertex 35.7373 -45 12.4786
      vertex 16.2627 -45 12.4786
    endloop
  endfacet
  facet normal 0 -1 0
    outer loop
      vertex 16.1177 -45 12.2
      vertex 35.8823 -45 12.2
      vertex 35.7373 -45 12.4786
    endloop
  endfacet
  facet normal 0 -1 0
    outer loop
      vertex 15.9489 -45 11.9351
      vertex 35.8823 -45 12.2
      vertex 16.1177 -45 12.2
    endloop
  endfacet
  facet normal 0 -1 0
    outer loop
      vertex 15.9489 -45 11.9351
      vertex 36.0511 -45 11.9351
      vertex 35.8823 -45 12.2
    endloop
  endfacet
  facet normal 0 -1 0
    outer loop
      vertex 15.7578 -45 11.686
      vertex 36.0511 -45 11.9351
      vertex 15.9489 -45 11.9351
    endloop
  endfacet
  facet normal 0 -1 0
    outer loop
      vertex 15.7578 -45 11.686
      vertex 36.2422 -45 11.686
      vertex 36.0511 -45 11.9351
    endloop
  endfacet
  facet normal 0 -1 0
    outer loop
      vertex 15.5456 -45 11.4544
      vertex 36.2422 -45 11.686
      vertex 15.7578 -45 11.686
    endloop
  endfacet
  facet normal 0 -1 0
    outer loop
      vertex 15.5456 -45 11.4544
      vertex 36.4544 -45 11.4544
      vertex 36.2422 -45 11.686
    endloop
  endfacet
  facet normal 0 -1 0
    outer loop
      vertex 15.314 -45 11.2422
      vertex 36.4544 -45 11.4544
      vertex 15.5456 -45 11.4544
    endloop
  endfacet
  facet normal 0 -1 0
    outer loop
      vertex 15.314 -45 11.2422
      vertex 36.686 -45 11.2422
      vertex 36.4544 -45 11.4544
    endloop
  endfacet
  facet normal 0 -1 0
    outer loop
      vertex 15.0649 -45 11.0511
      vertex 36.686 -45 11.2422
      vertex 15.314 -45 11.2422
    endloop
  endfacet
  facet normal 0 -1 0
    outer loop
      vertex 15.0649 -45 11.0511
      vertex 36.9351 -45 11.0511
      vertex 36.686 -45 11.2422
    endloop
  endfacet
  facet normal 0 -1 0
    outer loop
      vertex 14.8 -45 10.8823
      vertex 36.9351 -45 11.0511
      vertex 15.0649 -45 11.0511
    endloop
  endfacet
  facet normal 0 -1 0
    outer loop
      vertex 14.8 -45 10.8823
      vertex 37.2 -45 10.8823
      vertex 36.9351 -45 11.0511
    endloop
  endfacet
  facet normal 0 -1 0
    outer loop
      vertex 14.5214 -45 10.7373
      vertex 37.2 -45 10.8823
      vertex 14.8 -45 10.8823
    endloop
  endfacet
  facet normal 0 -1 0
    outer loop
      vertex 14.5214 -45 10.7373
      vertex 37.4786 -45 10.7373
      vertex 37.2 -45 10.8823
    endloop
  endfacet
  facet normal 0 -1 0
    outer loop
      vertex 14.2313 -45 10.6171
      vertex 37.4786 -45 10.7373
      vertex 14.5214 -45 10.7373
    endloop
  endfacet
  facet normal 0 -1 0
    outer loop
      vertex 14.2313 -45 10.6171
      vertex 37.7687 -45 10.6171
      vertex 37.4786 -45 10.7373
    endloop
  endfacet
  facet normal 0 -1 0
    outer loop
      vertex 13.9317 -45 10.5227
      vertex 37.7687 -45 10.6171
      vertex 14.2313 -45 10.6171
    endloop
  endfacet
  facet normal 0 -1 0
    outer loop
      vertex 13.9317 -45 10.5227
      vertex 38.0683 -45 10.5227
      vertex 37.7687 -45 10.6171
    endloop
  endfacet
  facet normal 0 -1 0
    outer loop
      vertex 13.6251 -45 10.4547
      vertex 38.0683 -45 10.5227
      vertex 13.9317 -45 10.5227
    endloop
  endfacet
  facet normal 0 -1 0
    outer loop
      vertex 13.6251 -45 10.4547
      vertex 38.3749 -45 10.4547
      vertex 38.0683 -45 10.5227
    endloop
  endfacet
  facet normal 0 -1 0
    outer loop
      vertex 62 -45 0
      vertex 13.6251 -45 10.4547
      vertex 13.3138 -45 10.4137
    endloop
  endfacet
  facet normal 0 -1 0
    outer loop
      vertex 13.6251 -45 10.4547
      vertex 62 -45 0
      vertex 38.3749 -45 10.4547
    endloop
  endfacet
  facet normal 0 -1 0
    outer loop
      vertex 62 -45 0
      vertex 13.3138 -45 10.4137
      vertex 13 -45 10.4
    endloop
  endfacet
  facet normal 0 -1 0
    outer loop
      vertex 38.3749 -45 10.4547
      vertex 62 -45 0
      vertex 38.6862 -45 10.4137
    endloop
  endfacet
  facet normal 0 -1 0
    outer loop
      vertex -12.0683 -45 17.4773
      vertex -13.5 -45 21
      vertex -12.3749 -45 17.5453
    endloop
  endfacet
  facet normal 0 -1 0
    outer loop
      vertex 13.5 -45 21
      vertex 12.6862 -45 17.5863
      vertex 13 -45 17.6
    endloop
  endfacet
  facet normal 0 -1 0
    outer loop
      vertex -11.7687 -45 17.3829
      vertex -13.5 -45 21
      vertex -12.0683 -45 17.4773
    endloop
  endfacet
  facet normal 0 -1 0
    outer loop
      vertex 13.5 -45 21
      vertex 12.3749 -45 17.5453
      vertex 12.6862 -45 17.5863
    endloop
  endfacet
  facet normal 0 -1 0
    outer loop
      vertex -11.4786 -45 17.2627
      vertex -13.5 -45 21
      vertex -11.7687 -45 17.3829
    endloop
  endfacet
  facet normal 0 -1 0
    outer loop
      vertex 13.5 -45 21
      vertex 12.0683 -45 17.4773
      vertex 12.3749 -45 17.5453
    endloop
  endfacet
  facet normal 0 -1 0
    outer loop
      vertex -11.2 -45 17.1177
      vertex -13.5 -45 21
      vertex -11.4786 -45 17.2627
    endloop
  endfacet
  facet normal 0 -1 0
    outer loop
      vertex 13.5 -45 21
      vertex 11.7687 -45 17.3829
      vertex 12.0683 -45 17.4773
    endloop
  endfacet
  facet normal 0 -1 0
    outer loop
      vertex -10.9351 -45 16.9489
      vertex -13.5 -45 21
      vertex -11.2 -45 17.1177
    endloop
  endfacet
  facet normal 0 -1 0
    outer loop
      vertex 13.5 -45 21
      vertex 11.4786 -45 17.2627
      vertex 11.7687 -45 17.3829
    endloop
  endfacet
  facet normal 0 -1 0
    outer loop
      vertex -10.686 -45 16.7578
      vertex -13.5 -45 21
      vertex -10.9351 -45 16.9489
    endloop
  endfacet
  facet normal 0 -1 0
    outer loop
      vertex 13.5 -45 21
      vertex 11.2 -45 17.1177
      vertex 11.4786 -45 17.2627
    endloop
  endfacet
  facet normal 0 -1 0
    outer loop
      vertex -10.4544 -45 16.5456
      vertex -13.5 -45 21
      vertex -10.686 -45 16.7578
    endloop
  endfacet
  facet normal 0 -1 0
    outer loop
      vertex 13.5 -45 21
      vertex 10.9351 -45 16.9489
      vertex 11.2 -45 17.1177
    endloop
  endfacet
  facet normal 0 -1 0
    outer loop
      vertex -13.5 -45 21
      vertex -10.4544 -45 16.5456
      vertex 13.5 -45 21
    endloop
  endfacet
  facet normal 0 -1 0
    outer loop
      vertex 13.5 -45 21
      vertex 10.686 -45 16.7578
      vertex 10.9351 -45 16.9489
    endloop
  endfacet
  facet normal 0 -1 0
    outer loop
      vertex 10.4544 -45 16.5456
      vertex 13.5 -45 21
      vertex -10.4544 -45 16.5456
    endloop
  endfacet
  facet normal 0 -1 0
    outer loop
      vertex 13.5 -45 21
      vertex 10.4544 -45 16.5456
      vertex 10.686 -45 16.7578
    endloop
  endfacet
  facet normal 0 -1 0
    outer loop
      vertex -10.2422 -45 16.314
      vertex 10.4544 -45 16.5456
      vertex -10.4544 -45 16.5456
    endloop
  endfacet
  facet normal 0 -1 0
    outer loop
      vertex -10.2422 -45 16.314
      vertex 10.2422 -45 16.314
      vertex 10.4544 -45 16.5456
    endloop
  endfacet
  facet normal 0 -1 0
    outer loop
      vertex -10.0511 -45 16.0649
      vertex 10.2422 -45 16.314
      vertex -10.2422 -45 16.314
    endloop
  endfacet
  facet normal 0 -1 0
    outer loop
      vertex -10.0511 -45 16.0649
      vertex 10.0511 -45 16.0649
      vertex 10.2422 -45 16.314
    endloop
  endfacet
  facet normal 0 -1 0
    outer loop
      vertex -9.88231 -45 15.8
      vertex 10.0511 -45 16.0649
      vertex -10.0511 -45 16.0649
    endloop
  endfacet
  facet normal 0 -1 0
    outer loop
      vertex -9.88231 -45 15.8
      vertex 9.88231 -45 15.8
      vertex 10.0511 -45 16.0649
    endloop
  endfacet
  facet normal 0 -1 0
    outer loop
      vertex -9.73729 -45 15.5214
      vertex 9.88231 -45 15.8
      vertex -9.88231 -45 15.8
    endloop
  endfacet
  facet normal 0 -1 0
    outer loop
      vertex -9.73729 -45 15.5214
      vertex 9.73729 -45 15.5214
      vertex 9.88231 -45 15.8
    endloop
  endfacet
  facet normal 0 -1 0
    outer loop
      vertex -9.61711 -45 15.2313
      vertex 9.73729 -45 15.5214
      vertex -9.73729 -45 15.5214
    endloop
  endfacet
  facet normal 0 -1 0
    outer loop
      vertex -9.61711 -45 15.2313
      vertex 9.61711 -45 15.2313
      vertex 9.73729 -45 15.5214
    endloop
  endfacet
  facet normal 0 -1 0
    outer loop
      vertex -9.52267 -45 14.9317
      vertex 9.61711 -45 15.2313
      vertex -9.61711 -45 15.2313
    endloop
  endfacet
  facet normal 0 -1 0
    outer loop
      vertex -9.52267 -45 14.9317
      vertex 9.52267 -45 14.9317
      vertex 9.61711 -45 15.2313
    endloop
  endfacet
  facet normal 0 -1 0
    outer loop
      vertex -9.45469 -45 14.6251
      vertex 9.52267 -45 14.9317
      vertex -9.52267 -45 14.9317
    endloop
  endfacet
  facet normal 0 -1 0
    outer loop
      vertex -9.45469 -45 14.6251
      vertex 9.45469 -45 14.6251
      vertex 9.52267 -45 14.9317
    endloop
  endfacet
  facet normal 0 -1 0
    outer loop
      vertex -9.4137 -45 14.3138
      vertex 9.45469 -45 14.6251
      vertex -9.45469 -45 14.6251
    endloop
  endfacet
  facet normal 0 -1 0
    outer loop
      vertex -9.4137 -45 14.3138
      vertex 9.4137 -45 14.3138
      vertex 9.45469 -45 14.6251
    endloop
  endfacet
  facet normal 0 -1 0
    outer loop
      vertex -9.4 -45 14
      vertex 9.4137 -45 14.3138
      vertex -9.4137 -45 14.3138
    endloop
  endfacet
  facet normal 0 -1 0
    outer loop
      vertex -9.4 -45 14
      vertex 9.4 -45 14
      vertex 9.4137 -45 14.3138
    endloop
  endfacet
  facet normal 0 -1 0
    outer loop
      vertex -9.4137 -45 13.6862
      vertex 9.4 -45 14
      vertex -9.4 -45 14
    endloop
  endfacet
  facet normal 0 -1 0
    outer loop
      vertex -9.4137 -45 13.6862
      vertex 9.4137 -45 13.6862
      vertex 9.4 -45 14
    endloop
  endfacet
  facet normal 0 -1 0
    outer loop
      vertex -9.45469 -45 13.3749
      vertex 9.4137 -45 13.6862
      vertex -9.4137 -45 13.6862
    endloop
  endfacet
  facet normal 0 -1 0
    outer loop
      vertex -9.45469 -45 13.3749
      vertex 9.45469 -45 13.3749
      vertex 9.4137 -45 13.6862
    endloop
  endfacet
  facet normal 0 -1 0
    outer loop
      vertex -9.52267 -45 13.0683
      vertex 9.45469 -45 13.3749
      vertex -9.45469 -45 13.3749
    endloop
  endfacet
  facet normal 0 -1 0
    outer loop
      vertex -9.52267 -45 13.0683
      vertex 9.52267 -45 13.0683
      vertex 9.45469 -45 13.3749
    endloop
  endfacet
  facet normal 0 -1 0
    outer loop
      vertex -9.61711 -45 12.7687
      vertex 9.52267 -45 13.0683
      vertex -9.52267 -45 13.0683
    endloop
  endfacet
  facet normal 0 -1 0
    outer loop
      vertex -9.61711 -45 12.7687
      vertex 9.61711 -45 12.7687
      vertex 9.52267 -45 13.0683
    endloop
  endfacet
  facet normal 0 -1 0
    outer loop
      vertex -9.73729 -45 12.4786
      vertex 9.61711 -45 12.7687
      vertex -9.61711 -45 12.7687
    endloop
  endfacet
  facet normal 0 -1 0
    outer loop
      vertex -9.73729 -45 12.4786
      vertex 9.73729 -45 12.4786
      vertex 9.61711 -45 12.7687
    endloop
  endfacet
  facet normal 0 -1 0
    outer loop
      vertex -9.88231 -45 12.2
      vertex 9.73729 -45 12.4786
      vertex -9.73729 -45 12.4786
    endloop
  endfacet
  facet normal 0 -1 0
    outer loop
      vertex -9.88231 -45 12.2
      vertex 9.88231 -45 12.2
      vertex 9.73729 -45 12.4786
    endloop
  endfacet
  facet normal 0 -1 0
    outer loop
      vertex -10.0511 -45 11.9351
      vertex 9.88231 -45 12.2
      vertex -9.88231 -45 12.2
    endloop
  endfacet
  facet normal 0 -1 0
    outer loop
      vertex -10.0511 -45 11.9351
      vertex 10.0511 -45 11.9351
      vertex 9.88231 -45 12.2
    endloop
  endfacet
  facet normal 0 -1 0
    outer loop
      vertex -10.2422 -45 11.686
      vertex 10.0511 -45 11.9351
      vertex -10.0511 -45 11.9351
    endloop
  endfacet
  facet normal 0 -1 0
    outer loop
      vertex -10.2422 -45 11.686
      vertex 10.2422 -45 11.686
      vertex 10.0511 -45 11.9351
    endloop
  endfacet
  facet normal 0 -1 0
    outer loop
      vertex -10.4544 -45 11.4544
      vertex 10.2422 -45 11.686
      vertex -10.2422 -45 11.686
    endloop
  endfacet
  facet normal 0 -1 0
    outer loop
      vertex -10.4544 -45 11.4544
      vertex 10.4544 -45 11.4544
      vertex 10.2422 -45 11.686
    endloop
  endfacet
  facet normal 0 -1 0
    outer loop
      vertex -10.686 -45 11.2422
      vertex 10.4544 -45 11.4544
      vertex -10.4544 -45 11.4544
    endloop
  endfacet
  facet normal 0 -1 0
    outer loop
      vertex -10.686 -45 11.2422
      vertex 10.686 -45 11.2422
      vertex 10.4544 -45 11.4544
    endloop
  endfacet
  facet normal 0 -1 0
    outer loop
      vertex -10.9351 -45 11.0511
      vertex 10.686 -45 11.2422
      vertex -10.686 -45 11.2422
    endloop
  endfacet
  facet normal 0 -1 0
    outer loop
      vertex -10.9351 -45 11.0511
      vertex 10.9351 -45 11.0511
      vertex 10.686 -45 11.2422
    endloop
  endfacet
  facet normal 0 -1 0
    outer loop
      vertex -11.2 -45 10.8823
      vertex 10.9351 -45 11.0511
      vertex -10.9351 -45 11.0511
    endloop
  endfacet
  facet normal 0 -1 0
    outer loop
      vertex -11.2 -45 10.8823
      vertex 11.2 -45 10.8823
      vertex 10.9351 -45 11.0511
    endloop
  endfacet
  facet normal 0 -1 0
    outer loop
      vertex -11.4786 -45 10.7373
      vertex 11.2 -45 10.8823
      vertex -11.2 -45 10.8823
    endloop
  endfacet
  facet normal 0 -1 0
    outer loop
      vertex -11.4786 -45 10.7373
      vertex 11.4786 -45 10.7373
      vertex 11.2 -45 10.8823
    endloop
  endfacet
  facet normal 0 -1 0
    outer loop
      vertex -11.7687 -45 10.6171
      vertex 11.4786 -45 10.7373
      vertex -11.4786 -45 10.7373
    endloop
  endfacet
  facet normal 0 -1 0
    outer loop
      vertex -11.7687 -45 10.6171
      vertex 11.7687 -45 10.6171
      vertex 11.4786 -45 10.7373
    endloop
  endfacet
  facet normal 0 -1 0
    outer loop
      vertex -12.0683 -45 10.5227
      vertex 11.7687 -45 10.6171
      vertex -11.7687 -45 10.6171
    endloop
  endfacet
  facet normal 0 -1 0
    outer loop
      vertex -12.0683 -45 10.5227
      vertex 12.0683 -45 10.5227
      vertex 11.7687 -45 10.6171
    endloop
  endfacet
  facet normal 0 -1 0
    outer loop
      vertex -12.3749 -45 10.4547
      vertex 12.0683 -45 10.5227
      vertex -12.0683 -45 10.5227
    endloop
  endfacet
  facet normal 0 -1 0
    outer loop
      vertex -12.3749 -45 10.4547
      vertex 12.3749 -45 10.4547
      vertex 12.0683 -45 10.5227
    endloop
  endfacet
  facet normal 0 -1 0
    outer loop
      vertex -12.6862 -45 10.4137
      vertex 12.3749 -45 10.4547
      vertex -12.3749 -45 10.4547
    endloop
  endfacet
  facet normal 0 -1 0
    outer loop
      vertex -12.6862 -45 10.4137
      vertex 12.6862 -45 10.4137
      vertex 12.3749 -45 10.4547
    endloop
  endfacet
  facet normal 0 -1 0
    outer loop
      vertex -62 -45 0
      vertex -12.6862 -45 10.4137
      vertex -13 -45 10.4
    endloop
  endfacet
  facet normal 0 -1 -0
    outer loop
      vertex -12.6862 -45 10.4137
      vertex -62 -45 0
      vertex 12.6862 -45 10.4137
    endloop
  endfacet
  facet normal 0 -1 0
    outer loop
      vertex -38.0683 -45 17.4773
      vertex -13.5 -45 37
      vertex -38.3749 -45 17.5453
    endloop
  endfacet
  facet normal 0 -1 0
    outer loop
      vertex -13.5 -45 21
      vertex -13.3138 -45 17.5863
      vertex -13 -45 17.6
    endloop
  endfacet
  facet normal 0 -1 0
    outer loop
      vertex -37.7687 -45 17.3829
      vertex -13.5 -45 37
      vertex -38.0683 -45 17.4773
    endloop
  endfacet
  facet normal 0 -1 -0
    outer loop
      vertex -13.5 -45 21
      vertex -13.6251 -45 17.5453
      vertex -13.3138 -45 17.5863
    endloop
  endfacet
  facet normal 0 -1 0
    outer loop
      vertex -37.4786 -45 17.2627
      vertex -13.5 -45 37
      vertex -37.7687 -45 17.3829
    endloop
  endfacet
  facet normal 0 -1 0
    outer loop
      vertex -13.5 -45 21
      vertex -13.9317 -45 17.4773
      vertex -13.6251 -45 17.5453
    endloop
  endfacet
  facet normal 0 -1 0
    outer loop
      vertex -37.2 -45 17.1177
      vertex -13.5 -45 37
      vertex -37.4786 -45 17.2627
    endloop
  endfacet
  facet normal 0 -1 0
    outer loop
      vertex -13.5 -45 21
      vertex -14.2313 -45 17.3829
      vertex -13.9317 -45 17.4773
    endloop
  endfacet
  facet normal 0 -1 0
    outer loop
      vertex -36.9351 -45 16.9489
      vertex -13.5 -45 37
      vertex -37.2 -45 17.1177
    endloop
  endfacet
  facet normal 0 -1 0
    outer loop
      vertex -13.5 -45 21
      vertex -14.5214 -45 17.2627
      vertex -14.2313 -45 17.3829
    endloop
  endfacet
  facet normal 0 -1 0
    outer loop
      vertex -36.686 -45 16.7578
      vertex -13.5 -45 37
      vertex -36.9351 -45 16.9489
    endloop
  endfacet
  facet normal 0 -1 0
    outer loop
      vertex -13.5 -45 21
      vertex -14.8 -45 17.1177
      vertex -14.5214 -45 17.2627
    endloop
  endfacet
  facet normal 0 -1 -0
    outer loop
      vertex -13.5 -45 37
      vertex -36.686 -45 16.7578
      vertex -13.5 -45 21
    endloop
  endfacet
  facet normal 0 -1 0
    outer loop
      vertex -13.5 -45 21
      vertex -15.0649 -45 16.9489
      vertex -14.8 -45 17.1177
    endloop
  endfacet
  facet normal 0 -1 0
    outer loop
      vertex -36.4544 -45 16.5456
      vertex -13.5 -45 21
      vertex -36.686 -45 16.7578
    endloop
  endfacet
  facet normal 0 -1 0
    outer loop
      vertex -13.5 -45 21
      vertex -15.314 -45 16.7578
      vertex -15.0649 -45 16.9489
    endloop
  endfacet
  facet normal 0 -1 0
    outer loop
      vertex -36.2422 -45 16.314
      vertex -13.5 -45 21
      vertex -36.4544 -45 16.5456
    endloop
  endfacet
  facet normal 0 -1 0
    outer loop
      vertex -13.5 -45 21
      vertex -15.5456 -45 16.5456
      vertex -15.314 -45 16.7578
    endloop
  endfacet
  facet normal 0 -1 0
    outer loop
      vertex -15.7578 -45 16.314
      vertex -13.5 -45 21
      vertex -36.2422 -45 16.314
    endloop
  endfacet
  facet normal 0 -1 0
    outer loop
      vertex -13.5 -45 21
      vertex -15.7578 -45 16.314
      vertex -15.5456 -45 16.5456
    endloop
  endfacet
  facet normal 0 -1 0
    outer loop
      vertex -36.0511 -45 16.0649
      vertex -15.7578 -45 16.314
      vertex -36.2422 -45 16.314
    endloop
  endfacet
  facet normal 0 -1 0
    outer loop
      vertex -36.0511 -45 16.0649
      vertex -15.9489 -45 16.0649
      vertex -15.7578 -45 16.314
    endloop
  endfacet
  facet normal 0 -1 0
    outer loop
      vertex -35.8823 -45 15.8
      vertex -15.9489 -45 16.0649
      vertex -36.0511 -45 16.0649
    endloop
  endfacet
  facet normal 0 -1 0
    outer loop
      vertex -35.8823 -45 15.8
      vertex -16.1177 -45 15.8
      vertex -15.9489 -45 16.0649
    endloop
  endfacet
  facet normal 0 -1 0
    outer loop
      vertex -35.7373 -45 15.5214
      vertex -16.1177 -45 15.8
      vertex -35.8823 -45 15.8
    endloop
  endfacet
  facet normal 0 -1 0
    outer loop
      vertex -35.7373 -45 15.5214
      vertex -16.2627 -45 15.5214
      vertex -16.1177 -45 15.8
    endloop
  endfacet
  facet normal 0 -1 0
    outer loop
      vertex -35.6171 -45 15.2313
      vertex -16.2627 -45 15.5214
      vertex -35.7373 -45 15.5214
    endloop
  endfacet
  facet normal 0 -1 0
    outer loop
      vertex -35.6171 -45 15.2313
      vertex -16.3829 -45 15.2313
      vertex -16.2627 -45 15.5214
    endloop
  endfacet
  facet normal 0 -1 0
    outer loop
      vertex -35.5227 -45 14.9317
      vertex -16.3829 -45 15.2313
      vertex -35.6171 -45 15.2313
    endloop
  endfacet
  facet normal 0 -1 0
    outer loop
      vertex -35.5227 -45 14.9317
      vertex -16.4773 -45 14.9317
      vertex -16.3829 -45 15.2313
    endloop
  endfacet
  facet normal 0 -1 0
    outer loop
      vertex -35.4547 -45 14.6251
      vertex -16.4773 -45 14.9317
      vertex -35.5227 -45 14.9317
    endloop
  endfacet
  facet normal 0 -1 0
    outer loop
      vertex -35.4547 -45 14.6251
      vertex -16.5453 -45 14.6251
      vertex -16.4773 -45 14.9317
    endloop
  endfacet
  facet normal 0 -1 0
    outer loop
      vertex -35.4137 -45 14.3138
      vertex -16.5453 -45 14.6251
      vertex -35.4547 -45 14.6251
    endloop
  endfacet
  facet normal 0 -1 0
    outer loop
      vertex -35.4137 -45 14.3138
      vertex -16.5863 -45 14.3138
      vertex -16.5453 -45 14.6251
    endloop
  endfacet
  facet normal 0 -1 0
    outer loop
      vertex -35.4 -45 14
      vertex -16.5863 -45 14.3138
      vertex -35.4137 -45 14.3138
    endloop
  endfacet
  facet normal 0 -1 0
    outer loop
      vertex -35.4 -45 14
      vertex -16.6 -45 14
      vertex -16.5863 -45 14.3138
    endloop
  endfacet
  facet normal 0 -1 0
    outer loop
      vertex -35.4137 -45 13.6862
      vertex -16.6 -45 14
      vertex -35.4 -45 14
    endloop
  endfacet
  facet normal 0 -1 0
    outer loop
      vertex -35.4137 -45 13.6862
      vertex -16.5863 -45 13.6862
      vertex -16.6 -45 14
    endloop
  endfacet
  facet normal 0 -1 0
    outer loop
      vertex -35.4547 -45 13.3749
      vertex -16.5863 -45 13.6862
      vertex -35.4137 -45 13.6862
    endloop
  endfacet
  facet normal 0 -1 0
    outer loop
      vertex -35.4547 -45 13.3749
      vertex -16.5453 -45 13.3749
      vertex -16.5863 -45 13.6862
    endloop
  endfacet
  facet normal 0 -1 0
    outer loop
      vertex -35.5227 -45 13.0683
      vertex -16.5453 -45 13.3749
      vertex -35.4547 -45 13.3749
    endloop
  endfacet
  facet normal 0 -1 0
    outer loop
      vertex -35.5227 -45 13.0683
      vertex -16.4773 -45 13.0683
      vertex -16.5453 -45 13.3749
    endloop
  endfacet
  facet normal 0 -1 0
    outer loop
      vertex -35.6171 -45 12.7687
      vertex -16.4773 -45 13.0683
      vertex -35.5227 -45 13.0683
    endloop
  endfacet
  facet normal 0 -1 0
    outer loop
      vertex -35.6171 -45 12.7687
      vertex -16.3829 -45 12.7687
      vertex -16.4773 -45 13.0683
    endloop
  endfacet
  facet normal 0 -1 0
    outer loop
      vertex -35.7373 -45 12.4786
      vertex -16.3829 -45 12.7687
      vertex -35.6171 -45 12.7687
    endloop
  endfacet
  facet normal 0 -1 0
    outer loop
      vertex -35.7373 -45 12.4786
      vertex -16.2627 -45 12.4786
      vertex -16.3829 -45 12.7687
    endloop
  endfacet
  facet normal 0 -1 0
    outer loop
      vertex -35.8823 -45 12.2
      vertex -16.2627 -45 12.4786
      vertex -35.7373 -45 12.4786
    endloop
  endfacet
  facet normal 0 -1 0
    outer loop
      vertex -35.8823 -45 12.2
      vertex -16.1177 -45 12.2
      vertex -16.2627 -45 12.4786
    endloop
  endfacet
  facet normal 0 -1 0
    outer loop
      vertex -36.0511 -45 11.9351
      vertex -16.1177 -45 12.2
      vertex -35.8823 -45 12.2
    endloop
  endfacet
  facet normal 0 -1 0
    outer loop
      vertex -36.0511 -45 11.9351
      vertex -15.9489 -45 11.9351
      vertex -16.1177 -45 12.2
    endloop
  endfacet
  facet normal 0 -1 0
    outer loop
      vertex -36.2422 -45 11.686
      vertex -15.9489 -45 11.9351
      vertex -36.0511 -45 11.9351
    endloop
  endfacet
  facet normal 0 -1 0
    outer loop
      vertex -36.2422 -45 11.686
      vertex -15.7578 -45 11.686
      vertex -15.9489 -45 11.9351
    endloop
  endfacet
  facet normal 0 -1 0
    outer loop
      vertex -36.4544 -45 11.4544
      vertex -15.7578 -45 11.686
      vertex -36.2422 -45 11.686
    endloop
  endfacet
  facet normal 0 -1 0
    outer loop
      vertex -36.4544 -45 11.4544
      vertex -15.5456 -45 11.4544
      vertex -15.7578 -45 11.686
    endloop
  endfacet
  facet normal 0 -1 0
    outer loop
      vertex -36.686 -45 11.2422
      vertex -15.5456 -45 11.4544
      vertex -36.4544 -45 11.4544
    endloop
  endfacet
  facet normal 0 -1 0
    outer loop
      vertex -36.686 -45 11.2422
      vertex -15.314 -45 11.2422
      vertex -15.5456 -45 11.4544
    endloop
  endfacet
  facet normal 0 -1 0
    outer loop
      vertex -36.9351 -45 11.0511
      vertex -15.314 -45 11.2422
      vertex -36.686 -45 11.2422
    endloop
  endfacet
  facet normal 0 -1 0
    outer loop
      vertex -36.9351 -45 11.0511
      vertex -15.0649 -45 11.0511
      vertex -15.314 -45 11.2422
    endloop
  endfacet
  facet normal 0 -1 0
    outer loop
      vertex -37.2 -45 10.8823
      vertex -15.0649 -45 11.0511
      vertex -36.9351 -45 11.0511
    endloop
  endfacet
  facet normal 0 -1 0
    outer loop
      vertex -37.2 -45 10.8823
      vertex -14.8 -45 10.8823
      vertex -15.0649 -45 11.0511
    endloop
  endfacet
  facet normal 0 -1 0
    outer loop
      vertex -37.4786 -45 10.7373
      vertex -14.8 -45 10.8823
      vertex -37.2 -45 10.8823
    endloop
  endfacet
  facet normal 0 -1 0
    outer loop
      vertex -37.4786 -45 10.7373
      vertex -14.5214 -45 10.7373
      vertex -14.8 -45 10.8823
    endloop
  endfacet
  facet normal 0 -1 0
    outer loop
      vertex -37.7687 -45 10.6171
      vertex -14.5214 -45 10.7373
      vertex -37.4786 -45 10.7373
    endloop
  endfacet
  facet normal 0 -1 0
    outer loop
      vertex -37.7687 -45 10.6171
      vertex -14.2313 -45 10.6171
      vertex -14.5214 -45 10.7373
    endloop
  endfacet
  facet normal 0 -1 0
    outer loop
      vertex -38.0683 -45 10.5227
      vertex -14.2313 -45 10.6171
      vertex -37.7687 -45 10.6171
    endloop
  endfacet
  facet normal 0 -1 0
    outer loop
      vertex -38.0683 -45 10.5227
      vertex -13.9317 -45 10.5227
      vertex -14.2313 -45 10.6171
    endloop
  endfacet
  facet normal 0 -1 0
    outer loop
      vertex -38.3749 -45 10.4547
      vertex -13.9317 -45 10.5227
      vertex -38.0683 -45 10.5227
    endloop
  endfacet
  facet normal 0 -1 0
    outer loop
      vertex -38.3749 -45 10.4547
      vertex -13.6251 -45 10.4547
      vertex -13.9317 -45 10.5227
    endloop
  endfacet
  facet normal 0 -1 0
    outer loop
      vertex -62 -45 0
      vertex -38.3749 -45 10.4547
      vertex -38.6862 -45 10.4137
    endloop
  endfacet
  facet normal 0 -1 -0
    outer loop
      vertex -38.3749 -45 10.4547
      vertex -62 -45 0
      vertex -13.6251 -45 10.4547
    endloop
  endfacet
  facet normal 0 -1 0
    outer loop
      vertex -62 -45 0
      vertex -38.6862 -45 10.4137
      vertex -39 -45 10.4
    endloop
  endfacet
  facet normal 0 -1 -0
    outer loop
      vertex -13.6251 -45 10.4547
      vertex -62 -45 0
      vertex -13.3138 -45 10.4137
    endloop
  endfacet
  facet normal 0 -1 0
    outer loop
      vertex -62 -45 45
      vertex -13.5 -45 37
      vertex 62 -45 45
    endloop
  endfacet
  facet normal 0 -1 0
    outer loop
      vertex -39 -45 17.6
      vertex -13.5 -45 37
      vertex -62 -45 45
    endloop
  endfacet
  facet normal 0 -1 0
    outer loop
      vertex -38.3749 -45 17.5453
      vertex -13.5 -45 37
      vertex -38.6862 -45 17.5863
    endloop
  endfacet
  facet normal 0 -1 0
    outer loop
      vertex -38.6862 -45 17.5863
      vertex -13.5 -45 37
      vertex -39 -45 17.6
    endloop
  endfacet
  facet normal 0 -1 0
    outer loop
      vertex -62 -45 45
      vertex -39.3138 -45 17.5863
      vertex -39 -45 17.6
    endloop
  endfacet
  facet normal 0 -1 0
    outer loop
      vertex -62 -45 45
      vertex -39.6251 -45 17.5453
      vertex -39.3138 -45 17.5863
    endloop
  endfacet
  facet normal 0 -1 0
    outer loop
      vertex -62 -45 45
      vertex -39.9317 -45 17.4773
      vertex -39.6251 -45 17.5453
    endloop
  endfacet
  facet normal 0 -1 0
    outer loop
      vertex -62 -45 45
      vertex -40.2313 -45 17.3829
      vertex -39.9317 -45 17.4773
    endloop
  endfacet
  facet normal 0 -1 0
    outer loop
      vertex -62 -45 45
      vertex -40.5214 -45 17.2627
      vertex -40.2313 -45 17.3829
    endloop
  endfacet
  facet normal 0 -1 0
    outer loop
      vertex -62 -45 45
      vertex -40.8 -45 17.1177
      vertex -40.5214 -45 17.2627
    endloop
  endfacet
  facet normal 0 -1 0
    outer loop
      vertex -62 -45 45
      vertex -41.0649 -45 16.9489
      vertex -40.8 -45 17.1177
    endloop
  endfacet
  facet normal 0 -1 0
    outer loop
      vertex -62 -45 45
      vertex -41.314 -45 16.7578
      vertex -41.0649 -45 16.9489
    endloop
  endfacet
  facet normal 0 -1 0
    outer loop
      vertex -62 -45 45
      vertex -41.5456 -45 16.5456
      vertex -41.314 -45 16.7578
    endloop
  endfacet
  facet normal 0 -1 0
    outer loop
      vertex -62 -45 45
      vertex -41.7578 -45 16.314
      vertex -41.5456 -45 16.5456
    endloop
  endfacet
  facet normal 0 -1 0
    outer loop
      vertex -62 -45 45
      vertex -41.9489 -45 16.0649
      vertex -41.7578 -45 16.314
    endloop
  endfacet
  facet normal 0 -1 0
    outer loop
      vertex -62 -45 45
      vertex -42.1177 -45 15.8
      vertex -41.9489 -45 16.0649
    endloop
  endfacet
  facet normal 0 -1 0
    outer loop
      vertex -62 -45 45
      vertex -42.2627 -45 15.5214
      vertex -42.1177 -45 15.8
    endloop
  endfacet
  facet normal 0 -1 0
    outer loop
      vertex -62 -45 45
      vertex -42.3829 -45 15.2313
      vertex -42.2627 -45 15.5214
    endloop
  endfacet
  facet normal 0 -1 0
    outer loop
      vertex -62 -45 0
      vertex -42.3829 -45 15.2313
      vertex -62 -45 45
    endloop
  endfacet
  facet normal 0 -1 0
    outer loop
      vertex -42.3829 -45 15.2313
      vertex -62 -45 0
      vertex -42.4773 -45 14.9317
    endloop
  endfacet
  facet normal 0 -1 0
    outer loop
      vertex -42.4773 -45 14.9317
      vertex -62 -45 0
      vertex -42.5453 -45 14.6251
    endloop
  endfacet
  facet normal 0 -1 0
    outer loop
      vertex -42.5453 -45 14.6251
      vertex -62 -45 0
      vertex -42.5863 -45 14.3138
    endloop
  endfacet
  facet normal 0 -1 0
    outer loop
      vertex -42.5863 -45 14.3138
      vertex -62 -45 0
      vertex -42.6 -45 14
    endloop
  endfacet
  facet normal 0 -1 -0
    outer loop
      vertex -42.6 -45 14
      vertex -62 -45 0
      vertex -42.5863 -45 13.6862
    endloop
  endfacet
  facet normal 0 -1 -0
    outer loop
      vertex -42.5863 -45 13.6862
      vertex -62 -45 0
      vertex -42.5453 -45 13.3749
    endloop
  endfacet
  facet normal 0 -1 -0
    outer loop
      vertex -42.5453 -45 13.3749
      vertex -62 -45 0
      vertex -42.4773 -45 13.0683
    endloop
  endfacet
  facet normal 0 -1 -0
    outer loop
      vertex -42.4773 -45 13.0683
      vertex -62 -45 0
      vertex -42.3829 -45 12.7687
    endloop
  endfacet
  facet normal 0 -1 -0
    outer loop
      vertex -42.3829 -45 12.7687
      vertex -62 -45 0
      vertex -42.2627 -45 12.4786
    endloop
  endfacet
  facet normal 0 -1 -0
    outer loop
      vertex -13.3138 -45 10.4137
      vertex -62 -45 0
      vertex -13 -45 10.4
    endloop
  endfacet
  facet normal 0 -1 0
    outer loop
      vertex 62 -45 0
      vertex 12.6862 -45 10.4137
      vertex -62 -45 0
    endloop
  endfacet
  facet normal 0 -1 0
    outer loop
      vertex 12.6862 -45 10.4137
      vertex 62 -45 0
      vertex 13 -45 10.4
    endloop
  endfacet
  facet normal 0 -1 -0
    outer loop
      vertex -39.3138 -45 10.4137
      vertex -62 -45 0
      vertex -39 -45 10.4
    endloop
  endfacet
  facet normal 0 -1 -0
    outer loop
      vertex -39.6251 -45 10.4547
      vertex -62 -45 0
      vertex -39.3138 -45 10.4137
    endloop
  endfacet
  facet normal 0 -1 -0
    outer loop
      vertex -39.9317 -45 10.5227
      vertex -62 -45 0
      vertex -39.6251 -45 10.4547
    endloop
  endfacet
  facet normal 0 -1 -0
    outer loop
      vertex -40.2313 -45 10.6171
      vertex -62 -45 0
      vertex -39.9317 -45 10.5227
    endloop
  endfacet
  facet normal 0 -1 -0
    outer loop
      vertex -40.5214 -45 10.7373
      vertex -62 -45 0
      vertex -40.2313 -45 10.6171
    endloop
  endfacet
  facet normal 0 -1 -0
    outer loop
      vertex -40.8 -45 10.8823
      vertex -62 -45 0
      vertex -40.5214 -45 10.7373
    endloop
  endfacet
  facet normal 0 -1 -0
    outer loop
      vertex -41.0649 -45 11.0511
      vertex -62 -45 0
      vertex -40.8 -45 10.8823
    endloop
  endfacet
  facet normal 0 -1 -0
    outer loop
      vertex -41.314 -45 11.2422
      vertex -62 -45 0
      vertex -41.0649 -45 11.0511
    endloop
  endfacet
  facet normal 0 -1 -0
    outer loop
      vertex -41.5456 -45 11.4544
      vertex -62 -45 0
      vertex -41.314 -45 11.2422
    endloop
  endfacet
  facet normal 0 -1 -0
    outer loop
      vertex -41.7578 -45 11.686
      vertex -62 -45 0
      vertex -41.5456 -45 11.4544
    endloop
  endfacet
  facet normal 0 -1 -0
    outer loop
      vertex -41.9489 -45 11.9351
      vertex -62 -45 0
      vertex -41.7578 -45 11.686
    endloop
  endfacet
  facet normal 0 -1 -0
    outer loop
      vertex -42.1177 -45 12.2
      vertex -62 -45 0
      vertex -41.9489 -45 11.9351
    endloop
  endfacet
  facet normal 0 -1 -0
    outer loop
      vertex -42.2627 -45 12.4786
      vertex -62 -45 0
      vertex -42.1177 -45 12.2
    endloop
  endfacet
  facet normal 0 -1 0
    outer loop
      vertex 13.5 -45 37
      vertex 62 -45 45
      vertex -13.5 -45 37
    endloop
  endfacet
  facet normal 0 -1 0
    outer loop
      vertex 39 -45 17.6
      vertex 13.5 -45 37
      vertex 13.5 -45 21
    endloop
  endfacet
  facet normal 0 -1 0
    outer loop
      vertex -12.6862 -45 17.5863
      vertex -13.5 -45 21
      vertex -13 -45 17.6
    endloop
  endfacet
  facet normal 0 -1 0
    outer loop
      vertex -12.3749 -45 17.5453
      vertex -13.5 -45 21
      vertex -12.6862 -45 17.5863
    endloop
  endfacet
  facet normal 0 -1 0
    outer loop
      vertex 13.3138 -45 17.5863
      vertex 13.5 -45 21
      vertex 13 -45 17.6
    endloop
  endfacet
  facet normal 0 -1 0
    outer loop
      vertex 13.5 -45 37
      vertex 39 -45 17.6
      vertex 62 -45 45
    endloop
  endfacet
  facet normal 0 -1 0
    outer loop
      vertex 39.3138 -45 17.5863
      vertex 62 -45 45
      vertex 39 -45 17.6
    endloop
  endfacet
  facet normal 0 -1 0
    outer loop
      vertex 39.6251 -45 17.5453
      vertex 62 -45 45
      vertex 39.3138 -45 17.5863
    endloop
  endfacet
  facet normal 0 -1 0
    outer loop
      vertex 39.9317 -45 17.4773
      vertex 62 -45 45
      vertex 39.6251 -45 17.5453
    endloop
  endfacet
  facet normal 0 -1 0
    outer loop
      vertex 40.2313 -45 17.3829
      vertex 62 -45 45
      vertex 39.9317 -45 17.4773
    endloop
  endfacet
  facet normal 0 -1 0
    outer loop
      vertex 40.5214 -45 17.2627
      vertex 62 -45 45
      vertex 40.2313 -45 17.3829
    endloop
  endfacet
  facet normal 0 -1 0
    outer loop
      vertex 40.8 -45 17.1177
      vertex 62 -45 45
      vertex 40.5214 -45 17.2627
    endloop
  endfacet
  facet normal 0 -1 0
    outer loop
      vertex 41.0649 -45 16.9489
      vertex 62 -45 45
      vertex 40.8 -45 17.1177
    endloop
  endfacet
  facet normal 0 -1 0
    outer loop
      vertex 41.314 -45 16.7578
      vertex 62 -45 45
      vertex 41.0649 -45 16.9489
    endloop
  endfacet
  facet normal 0 -1 0
    outer loop
      vertex 41.5456 -45 16.5456
      vertex 62 -45 45
      vertex 41.314 -45 16.7578
    endloop
  endfacet
  facet normal 0 -1 0
    outer loop
      vertex 41.7578 -45 16.314
      vertex 62 -45 45
      vertex 41.5456 -45 16.5456
    endloop
  endfacet
  facet normal 0 -1 0
    outer loop
      vertex 41.9489 -45 16.0649
      vertex 62 -45 45
      vertex 41.7578 -45 16.314
    endloop
  endfacet
  facet normal 0 -1 0
    outer loop
      vertex 42.1177 -45 15.8
      vertex 62 -45 45
      vertex 41.9489 -45 16.0649
    endloop
  endfacet
  facet normal 0 -1 0
    outer loop
      vertex 42.2627 -45 15.5214
      vertex 62 -45 45
      vertex 42.1177 -45 15.8
    endloop
  endfacet
  facet normal 0 -1 0
    outer loop
      vertex 42.3829 -45 15.2313
      vertex 62 -45 45
      vertex 42.2627 -45 15.5214
    endloop
  endfacet
  facet normal 0 -1 0
    outer loop
      vertex 62 -45 0
      vertex 42.3829 -45 15.2313
      vertex 42.4773 -45 14.9317
    endloop
  endfacet
  facet normal 0 -1 0
    outer loop
      vertex 62 -45 0
      vertex 42.4773 -45 14.9317
      vertex 42.5453 -45 14.6251
    endloop
  endfacet
  facet normal 0 -1 0
    outer loop
      vertex 62 -45 0
      vertex 42.5453 -45 14.6251
      vertex 42.5863 -45 14.3138
    endloop
  endfacet
  facet normal 0 -1 0
    outer loop
      vertex 62 -45 0
      vertex 42.5863 -45 14.3138
      vertex 42.6 -45 14
    endloop
  endfacet
  facet normal 0 -1 0
    outer loop
      vertex 62 -45 0
      vertex 42.6 -45 14
      vertex 42.5863 -45 13.6862
    endloop
  endfacet
  facet normal 0 -1 0
    outer loop
      vertex 62 -45 0
      vertex 42.5863 -45 13.6862
      vertex 42.5453 -45 13.3749
    endloop
  endfacet
  facet normal 0 -1 0
    outer loop
      vertex 62 -45 0
      vertex 42.5453 -45 13.3749
      vertex 42.4773 -45 13.0683
    endloop
  endfacet
  facet normal 0 -1 0
    outer loop
      vertex 62 -45 0
      vertex 42.4773 -45 13.0683
      vertex 42.3829 -45 12.7687
    endloop
  endfacet
  facet normal 0 -1 0
    outer loop
      vertex 62 -45 0
      vertex 42.3829 -45 12.7687
      vertex 42.2627 -45 12.4786
    endloop
  endfacet
  facet normal 0 -1 0
    outer loop
      vertex 62 -45 0
      vertex 42.2627 -45 12.4786
      vertex 42.1177 -45 12.2
    endloop
  endfacet
  facet normal 0 -1 0
    outer loop
      vertex 38.6862 -45 10.4137
      vertex 62 -45 0
      vertex 39 -45 10.4
    endloop
  endfacet
  facet normal 0 -1 0
    outer loop
      vertex 42.3829 -45 15.2313
      vertex 62 -45 0
      vertex 62 -45 45
    endloop
  endfacet
  facet normal 0 -1 0
    outer loop
      vertex 41.9489 -45 11.9351
      vertex 62 -45 0
      vertex 42.1177 -45 12.2
    endloop
  endfacet
  facet normal 0 -1 0
    outer loop
      vertex 41.7578 -45 11.686
      vertex 62 -45 0
      vertex 41.9489 -45 11.9351
    endloop
  endfacet
  facet normal 0 -1 0
    outer loop
      vertex 41.5456 -45 11.4544
      vertex 62 -45 0
      vertex 41.7578 -45 11.686
    endloop
  endfacet
  facet normal 0 -1 0
    outer loop
      vertex 41.314 -45 11.2422
      vertex 62 -45 0
      vertex 41.5456 -45 11.4544
    endloop
  endfacet
  facet normal 0 -1 0
    outer loop
      vertex 41.0649 -45 11.0511
      vertex 62 -45 0
      vertex 41.314 -45 11.2422
    endloop
  endfacet
  facet normal 0 -1 0
    outer loop
      vertex 40.8 -45 10.8823
      vertex 62 -45 0
      vertex 41.0649 -45 11.0511
    endloop
  endfacet
  facet normal 0 -1 0
    outer loop
      vertex 40.5214 -45 10.7373
      vertex 62 -45 0
      vertex 40.8 -45 10.8823
    endloop
  endfacet
  facet normal 0 -1 0
    outer loop
      vertex 40.2313 -45 10.6171
      vertex 62 -45 0
      vertex 40.5214 -45 10.7373
    endloop
  endfacet
  facet normal 0 -1 0
    outer loop
      vertex 39.9317 -45 10.5227
      vertex 62 -45 0
      vertex 40.2313 -45 10.6171
    endloop
  endfacet
  facet normal 0 -1 0
    outer loop
      vertex 39.6251 -45 10.4547
      vertex 62 -45 0
      vertex 39.9317 -45 10.5227
    endloop
  endfacet
  facet normal 0 -1 0
    outer loop
      vertex 39.3138 -45 10.4137
      vertex 62 -45 0
      vertex 39.6251 -45 10.4547
    endloop
  endfacet
  facet normal 0 -1 0
    outer loop
      vertex 39 -45 10.4
      vertex 62 -45 0
      vertex 39.3138 -45 10.4137
    endloop
  endfacet
  facet normal -0.843394 -0.537296 0
    outer loop
      vertex -64.4575 -43.7207 0
      vertex -64.5981 -43.5 45
      vertex -64.5981 -43.5 0
    endloop
  endfacet
  facet normal -0.843394 -0.537296 0
    outer loop
      vertex -64.5981 -43.5 45
      vertex -64.4575 -43.7207 0
      vertex -64.4575 -43.7207 45
    endloop
  endfacet
  facet normal 0.675673 -0.737202 0
    outer loop
      vertex 63.9284 -44.2981 0
      vertex 64.1213 -44.1213 45
      vertex 63.9284 -44.2981 45
    endloop
  endfacet
  facet normal 0.675673 -0.737202 0
    outer loop
      vertex 64.1213 -44.1213 45
      vertex 63.9284 -44.2981 0
      vertex 64.1213 -44.1213 0
    endloop
  endfacet
  facet normal 0.300711 -0.953715 0
    outer loop
      vertex 62.7765 -44.8978 0
      vertex 63.0261 -44.8191 45
      vertex 62.7765 -44.8978 45
    endloop
  endfacet
  facet normal 0.300711 -0.953715 0
    outer loop
      vertex 63.0261 -44.8191 45
      vertex 62.7765 -44.8978 0
      vertex 63.0261 -44.8191 0
    endloop
  endfacet
  facet normal -0.976331 -0.216283 0
    outer loop
      vertex -64.8978 -42.7765 0
      vertex -64.9544 -42.521 45
      vertex -64.9544 -42.521 0
    endloop
  endfacet
  facet normal -0.976331 -0.216283 0
    outer loop
      vertex -64.9544 -42.521 45
      vertex -64.8978 -42.7765 0
      vertex -64.8978 -42.7765 45
    endloop
  endfacet
  facet normal 0.300711 0.953715 -0
    outer loop
      vertex 63.0261 44.8191 0
      vertex 62.7765 44.8978 45
      vertex 63.0261 44.8191 45
    endloop
  endfacet
  facet normal 0.300711 0.953715 0
    outer loop
      vertex 62.7765 44.8978 45
      vertex 63.0261 44.8191 0
      vertex 62.7765 44.8978 0
    endloop
  endfacet
  facet normal -0.537296 -0.843394 0
    outer loop
      vertex -63.7207 -44.4575 0
      vertex -63.5 -44.5981 45
      vertex -63.7207 -44.4575 45
    endloop
  endfacet
  facet normal -0.537296 -0.843394 -0
    outer loop
      vertex -63.5 -44.5981 45
      vertex -63.7207 -44.4575 0
      vertex -63.5 -44.5981 0
    endloop
  endfacet
  facet normal 0.999051 -0.0435533 0
    outer loop
      vertex 64.9886 -42.2615 45
      vertex 65 -42 0
      vertex 65 -42 45
    endloop
  endfacet
  facet normal 0.999051 -0.0435533 0
    outer loop
      vertex 65 -42 0
      vertex 64.9886 -42.2615 45
      vertex 64.9886 -42.2615 0
    endloop
  endfacet
  facet normal -0.887048 -0.461678 0
    outer loop
      vertex -64.5981 -43.5 0
      vertex -64.7189 -43.2679 45
      vertex -64.7189 -43.2679 0
    endloop
  endfacet
  facet normal -0.887048 -0.461678 0
    outer loop
      vertex -64.7189 -43.2679 45
      vertex -64.5981 -43.5 0
      vertex -64.5981 -43.5 45
    endloop
  endfacet
  facet normal -0.991427 -0.130662 0
    outer loop
      vertex -64.9544 -42.521 0
      vertex -64.9886 -42.2615 45
      vertex -64.9886 -42.2615 0
    endloop
  endfacet
  facet normal -0.991427 -0.130662 0
    outer loop
      vertex -64.9886 -42.2615 45
      vertex -64.9544 -42.521 0
      vertex -64.9544 -42.521 45
    endloop
  endfacet
  facet normal 0.382824 0.923821 -0
    outer loop
      vertex 63.2679 44.7189 0
      vertex 63.0261 44.8191 45
      vertex 63.2679 44.7189 45
    endloop
  endfacet
  facet normal 0.382824 0.923821 0
    outer loop
      vertex 63.0261 44.8191 45
      vertex 63.2679 44.7189 0
      vertex 63.0261 44.8191 0
    endloop
  endfacet
  facet normal 0 1 0
    outer loop
      vertex -62 45 45
      vertex -39.6427 45 26.0844
      vertex -40 45 26.1
    endloop
  endfacet
  facet normal 0 1 0
    outer loop
      vertex -36.8592 45 24.6354
      vertex -16.6351 45 26.646
      vertex -17.0148 45 26.05
    endloop
  endfacet
  facet normal 0 1 0
    outer loop
      vertex -16.205 45 27.2066
      vertex -39.288 45 26.0377
      vertex -39.6427 45 26.0844
    endloop
  endfacet
  facet normal 0 1 0
    outer loop
      vertex -16.205 45 27.2066
      vertex -38.9388 45 25.9603
      vertex -39.288 45 26.0377
    endloop
  endfacet
  facet normal 0 1 0
    outer loop
      vertex -16.205 45 27.2066
      vertex -38.5977 45 25.8527
      vertex -38.9388 45 25.9603
    endloop
  endfacet
  facet normal 0 1 0
    outer loop
      vertex -16.205 45 27.2066
      vertex -38.2673 45 25.7159
      vertex -38.5977 45 25.8527
    endloop
  endfacet
  facet normal 0 1 0
    outer loop
      vertex -16.205 45 27.2066
      vertex -37.95 45 25.5507
      vertex -38.2673 45 25.7159
    endloop
  endfacet
  facet normal 0 1 0
    outer loop
      vertex -36.6415 45 24.3517
      vertex -17.0148 45 26.05
      vertex -17.3411 45 25.4232
    endloop
  endfacet
  facet normal 0 1 0
    outer loop
      vertex -16.205 45 27.2066
      vertex -37.6483 45 25.3585
      vertex -37.95 45 25.5507
    endloop
  endfacet
  facet normal 0 1 0
    outer loop
      vertex -16.205 45 27.2066
      vertex -37.3646 45 25.1408
      vertex -37.6483 45 25.3585
    endloop
  endfacet
  facet normal 0 1 0
    outer loop
      vertex -16.6351 45 26.646
      vertex -37.1009 45 24.8991
      vertex -37.3646 45 25.1408
    endloop
  endfacet
  facet normal 0 1 0
    outer loop
      vertex -36.4493 45 24.05
      vertex -17.3411 45 25.4232
      vertex -17.6115 45 24.7704
    endloop
  endfacet
  facet normal 0 1 0
    outer loop
      vertex -16.6351 45 26.646
      vertex -36.8592 45 24.6354
      vertex -37.1009 45 24.8991
    endloop
  endfacet
  facet normal 0 1 0
    outer loop
      vertex -17.0148 45 26.05
      vertex -36.6415 45 24.3517
      vertex -36.8592 45 24.6354
    endloop
  endfacet
  facet normal 0 1 0
    outer loop
      vertex -36.2841 45 23.7327
      vertex -17.6115 45 24.7704
      vertex -17.824 45 24.0964
    endloop
  endfacet
  facet normal 0 1 0
    outer loop
      vertex -17.3411 45 25.4232
      vertex -36.4493 45 24.05
      vertex -36.6415 45 24.3517
    endloop
  endfacet
  facet normal 0 1 0
    outer loop
      vertex -17.6115 45 24.7704
      vertex -36.2841 45 23.7327
      vertex -36.4493 45 24.05
    endloop
  endfacet
  facet normal 0 1 0
    outer loop
      vertex -36.0397 45 23.0612
      vertex -17.824 45 24.0964
      vertex -17.9769 45 23.4065
    endloop
  endfacet
  facet normal 0 1 0
    outer loop
      vertex -17.824 45 24.0964
      vertex -36.1473 45 23.4023
      vertex -36.2841 45 23.7327
    endloop
  endfacet
  facet normal 0 1 0
    outer loop
      vertex -17.824 45 24.0964
      vertex -36.0397 45 23.0612
      vertex -36.1473 45 23.4023
    endloop
  endfacet
  facet normal 0 1 0
    outer loop
      vertex -17.9769 45 23.4065
      vertex -35.9623 45 22.712
      vertex -36.0397 45 23.0612
    endloop
  endfacet
  facet normal 0 1 -0
    outer loop
      vertex -18.0692 45 22.706
      vertex -35.9623 45 22.712
      vertex -17.9769 45 23.4065
    endloop
  endfacet
  facet normal 0 1 0
    outer loop
      vertex -18.0692 45 22.706
      vertex -35.9156 45 22.3573
      vertex -35.9623 45 22.712
    endloop
  endfacet
  facet normal 0 1 -0
    outer loop
      vertex -18.1 45 22
      vertex -35.9156 45 22.3573
      vertex -18.0692 45 22.706
    endloop
  endfacet
  facet normal 0 1 0
    outer loop
      vertex -18.1 45 22
      vertex -35.9 45 22
      vertex -35.9156 45 22.3573
    endloop
  endfacet
  facet normal 0 1 0
    outer loop
      vertex -18.1 45 22
      vertex -35.9156 45 21.6427
      vertex -35.9 45 22
    endloop
  endfacet
  facet normal 0 1 0
    outer loop
      vertex -18.0692 45 21.294
      vertex -35.9156 45 21.6427
      vertex -18.1 45 22
    endloop
  endfacet
  facet normal 0 1 0
    outer loop
      vertex -18.0692 45 21.294
      vertex -35.9623 45 21.288
      vertex -35.9156 45 21.6427
    endloop
  endfacet
  facet normal 0 1 0
    outer loop
      vertex -17.9769 45 20.5934
      vertex -35.9623 45 21.288
      vertex -18.0692 45 21.294
    endloop
  endfacet
  facet normal 0 1 0
    outer loop
      vertex -35.9623 45 21.288
      vertex -17.9769 45 20.5934
      vertex -36.0397 45 20.9388
    endloop
  endfacet
  facet normal 0 1 0
    outer loop
      vertex -17.824 45 19.9036
      vertex -36.0397 45 20.9388
      vertex -17.9769 45 20.5934
    endloop
  endfacet
  facet normal 0 1 0
    outer loop
      vertex -36.0397 45 20.9388
      vertex -17.824 45 19.9036
      vertex -36.1473 45 20.5977
    endloop
  endfacet
  facet normal 0 1 0
    outer loop
      vertex -36.1473 45 20.5977
      vertex -17.824 45 19.9036
      vertex -36.2841 45 20.2673
    endloop
  endfacet
  facet normal 0 1 0
    outer loop
      vertex -17.6115 45 19.2296
      vertex -36.2841 45 20.2673
      vertex -17.824 45 19.9036
    endloop
  endfacet
  facet normal 0 1 0
    outer loop
      vertex -36.2841 45 20.2673
      vertex -17.6115 45 19.2296
      vertex -36.4493 45 19.95
    endloop
  endfacet
  facet normal 0 1 0
    outer loop
      vertex -17.3411 45 18.5768
      vertex -36.4493 45 19.95
      vertex -17.6115 45 19.2296
    endloop
  endfacet
  facet normal 0 1 0
    outer loop
      vertex -36.4493 45 19.95
      vertex -17.3411 45 18.5768
      vertex -36.6415 45 19.6483
    endloop
  endfacet
  facet normal 0 1 0
    outer loop
      vertex -17.0148 45 17.95
      vertex -36.6415 45 19.6483
      vertex -17.3411 45 18.5768
    endloop
  endfacet
  facet normal 0 1 0
    outer loop
      vertex -36.6415 45 19.6483
      vertex -17.0148 45 17.95
      vertex -36.8592 45 19.3646
    endloop
  endfacet
  facet normal 0 1 0
    outer loop
      vertex -16.6351 45 17.354
      vertex -36.8592 45 19.3646
      vertex -17.0148 45 17.95
    endloop
  endfacet
  facet normal 0 1 0
    outer loop
      vertex -36.8592 45 19.3646
      vertex -16.6351 45 17.354
      vertex -37.1009 45 19.1009
    endloop
  endfacet
  facet normal 0 1 0
    outer loop
      vertex -37.1009 45 19.1009
      vertex -16.6351 45 17.354
      vertex -37.3646 45 18.8592
    endloop
  endfacet
  facet normal 0 1 0
    outer loop
      vertex -16.205 45 16.7934
      vertex -37.3646 45 18.8592
      vertex -16.6351 45 17.354
    endloop
  endfacet
  facet normal 0 1 0
    outer loop
      vertex -37.3646 45 18.8592
      vertex -16.205 45 16.7934
      vertex -37.6483 45 18.6415
    endloop
  endfacet
  facet normal 0 1 0
    outer loop
      vertex -15.7276 45 16.2724
      vertex -37.6483 45 18.6415
      vertex -16.205 45 16.7934
    endloop
  endfacet
  facet normal 0 1 0
    outer loop
      vertex -37.6483 45 18.6415
      vertex -15.7276 45 16.2724
      vertex -37.95 45 18.4493
    endloop
  endfacet
  facet normal 0 1 0
    outer loop
      vertex -15.2066 45 15.795
      vertex -37.95 45 18.4493
      vertex -15.7276 45 16.2724
    endloop
  endfacet
  facet normal 0 1 0
    outer loop
      vertex -37.95 45 18.4493
      vertex -15.2066 45 15.795
      vertex -38.2673 45 18.2841
    endloop
  endfacet
  facet normal 0 1 0
    outer loop
      vertex -14.646 45 15.3649
      vertex -38.2673 45 18.2841
      vertex -15.2066 45 15.795
    endloop
  endfacet
  facet normal 0 1 0
    outer loop
      vertex -38.2673 45 18.2841
      vertex -14.646 45 15.3649
      vertex -38.5977 45 18.1473
    endloop
  endfacet
  facet normal 0 1 -0
    outer loop
      vertex -9.29404 45 30.0692
      vertex -62 45 45
      vertex 62 45 45
    endloop
  endfacet
  facet normal 0 1 0
    outer loop
      vertex -62 45 45
      vertex -9.29404 45 30.0692
      vertex -10 45 30.1
    endloop
  endfacet
  facet normal 0 1 0
    outer loop
      vertex 62 45 45
      vertex -8.59345 45 29.9769
      vertex -9.29404 45 30.0692
    endloop
  endfacet
  facet normal 0 1 0
    outer loop
      vertex 62 45 45
      vertex -7.90357 45 29.824
      vertex -8.59345 45 29.9769
    endloop
  endfacet
  facet normal 0 1 0
    outer loop
      vertex 62 45 45
      vertex -7.22964 45 29.6115
      vertex -7.90357 45 29.824
    endloop
  endfacet
  facet normal 0 1 -0
    outer loop
      vertex 18 45 25.1
      vertex -7.22964 45 29.6115
      vertex 62 45 45
    endloop
  endfacet
  facet normal 0 1 0
    outer loop
      vertex -7.22964 45 29.6115
      vertex 18 45 25.1
      vertex -6.57679 45 29.3411
    endloop
  endfacet
  facet normal 0 1 -0
    outer loop
      vertex 17.7298 45 25.0882
      vertex -6.57679 45 29.3411
      vertex 18 45 25.1
    endloop
  endfacet
  facet normal 0 1 -0
    outer loop
      vertex 17.4617 45 25.0529
      vertex -5.95 45 29.0148
      vertex 17.7298 45 25.0882
    endloop
  endfacet
  facet normal 0 1 -0
    outer loop
      vertex 17.1977 45 24.9944
      vertex -5.95 45 29.0148
      vertex 17.4617 45 25.0529
    endloop
  endfacet
  facet normal 0 1 0
    outer loop
      vertex -5.95 45 29.0148
      vertex 17.1977 45 24.9944
      vertex -5.35403 45 28.6351
    endloop
  endfacet
  facet normal 0 1 -0
    outer loop
      vertex 16.9397 45 24.913
      vertex -5.35403 45 28.6351
      vertex 17.1977 45 24.9944
    endloop
  endfacet
  facet normal 0 1 0
    outer loop
      vertex -5.35403 45 28.6351
      vertex 16.9397 45 24.913
      vertex -4.79342 45 28.205
    endloop
  endfacet
  facet normal 0 1 -0
    outer loop
      vertex 16.6899 45 24.8096
      vertex -4.79342 45 28.205
      vertex 16.9397 45 24.913
    endloop
  endfacet
  facet normal 0 1 0
    outer loop
      vertex -6.57679 45 29.3411
      vertex 17.7298 45 25.0882
      vertex -5.95 45 29.0148
    endloop
  endfacet
  facet normal 0 1 0
    outer loop
      vertex 62 45 45
      vertex 18.2702 45 25.0882
      vertex 18 45 25.1
    endloop
  endfacet
  facet normal 0 1 0
    outer loop
      vertex 62 45 45
      vertex 18.5383 45 25.0529
      vertex 18.2702 45 25.0882
    endloop
  endfacet
  facet normal 0 1 0
    outer loop
      vertex 62 45 45
      vertex 18.8023 45 24.9944
      vertex 18.5383 45 25.0529
    endloop
  endfacet
  facet normal 0 1 0
    outer loop
      vertex 62 45 45
      vertex 19.0603 45 24.913
      vertex 18.8023 45 24.9944
    endloop
  endfacet
  facet normal 0 1 0
    outer loop
      vertex 62 45 45
      vertex 19.3101 45 24.8096
      vertex 19.0603 45 24.913
    endloop
  endfacet
  facet normal 0 1 0
    outer loop
      vertex 62 45 45
      vertex 19.55 45 24.6847
      vertex 19.3101 45 24.8096
    endloop
  endfacet
  facet normal 0 1 0
    outer loop
      vertex 62 45 45
      vertex 19.7781 45 24.5394
      vertex 19.55 45 24.6847
    endloop
  endfacet
  facet normal 0 1 0
    outer loop
      vertex 62 45 45
      vertex 19.9926 45 24.3747
      vertex 19.7781 45 24.5394
    endloop
  endfacet
  facet normal 0 1 0
    outer loop
      vertex 62 45 45
      vertex 20.192 45 24.192
      vertex 19.9926 45 24.3747
    endloop
  endfacet
  facet normal 0 1 0
    outer loop
      vertex 62 45 45
      vertex 20.3747 45 23.9926
      vertex 20.192 45 24.192
    endloop
  endfacet
  facet normal 0 1 -0
    outer loop
      vertex 36 45 15.5
      vertex 20.3747 45 23.9926
      vertex 62 45 45
    endloop
  endfacet
  facet normal 0 1 0
    outer loop
      vertex 20.3747 45 23.9926
      vertex 36 45 15.5
      vertex 20.5394 45 23.7781
    endloop
  endfacet
  facet normal 0 1 0
    outer loop
      vertex 20.5394 45 23.7781
      vertex 36 45 15.5
      vertex 20.6847 45 23.55
    endloop
  endfacet
  facet normal 0 1 0
    outer loop
      vertex 20.6847 45 23.55
      vertex 36 45 15.5
      vertex 20.8096 45 23.3101
    endloop
  endfacet
  facet normal 0 1 0
    outer loop
      vertex 20.8096 45 23.3101
      vertex 36 45 15.5
      vertex 20.913 45 23.0603
    endloop
  endfacet
  facet normal 0 1 0
    outer loop
      vertex 20.913 45 23.0603
      vertex 36 45 15.5
      vertex 20.9944 45 22.8023
    endloop
  endfacet
  facet normal 0 1 0
    outer loop
      vertex 20.9944 45 22.8023
      vertex 36 45 15.5
      vertex 21.0529 45 22.5383
    endloop
  endfacet
  facet normal 0 1 0
    outer loop
      vertex 21.0529 45 22.5383
      vertex 36 45 15.5
      vertex 21.0882 45 22.2702
    endloop
  endfacet
  facet normal 0 1 0
    outer loop
      vertex 21.0882 45 22.2702
      vertex 36 45 15.5
      vertex 21.1 45 22
    endloop
  endfacet
  facet normal 0 1 0
    outer loop
      vertex 21.1 45 22
      vertex 36 45 15.5
      vertex 21.0882 45 21.7298
    endloop
  endfacet
  facet normal 0 1 0
    outer loop
      vertex 21.0882 45 21.7298
      vertex 36 45 15.5
      vertex 21.0529 45 21.4617
    endloop
  endfacet
  facet normal 0 1 0
    outer loop
      vertex 21.0529 45 21.4617
      vertex 36 45 15.5
      vertex 20.9944 45 21.1977
    endloop
  endfacet
  facet normal 0 1 0
    outer loop
      vertex 20.9944 45 21.1977
      vertex 36 45 15.5
      vertex 20.913 45 20.9397
    endloop
  endfacet
  facet normal 0 1 0
    outer loop
      vertex 20.913 45 20.9397
      vertex 36 45 15.5
      vertex 20.8096 45 20.6899
    endloop
  endfacet
  facet normal 0 1 0
    outer loop
      vertex 20.8096 45 20.6899
      vertex 36 45 15.5
      vertex 20.6847 45 20.45
    endloop
  endfacet
  facet normal 0 1 0
    outer loop
      vertex 20.6847 45 20.45
      vertex 36 45 15.5
      vertex 20.5394 45 20.2219
    endloop
  endfacet
  facet normal 0 1 0
    outer loop
      vertex 20.5394 45 20.2219
      vertex 36 45 15.5
      vertex 20.3747 45 20.0074
    endloop
  endfacet
  facet normal 0 1 0
    outer loop
      vertex 20.3747 45 20.0074
      vertex 36 45 15.5
      vertex 20.192 45 19.808
    endloop
  endfacet
  facet normal 0 1 0
    outer loop
      vertex 20.192 45 19.808
      vertex 36 45 15.5
      vertex 19.9926 45 19.6253
    endloop
  endfacet
  facet normal 0 1 -0
    outer loop
      vertex 36 45 8.5
      vertex 19.9926 45 19.6253
      vertex 36 45 15.5
    endloop
  endfacet
  facet normal 0 1 0
    outer loop
      vertex 15.6253 45 20.0074
      vertex -2.98519 45 17.95
      vertex -2.65891 45 18.5768
    endloop
  endfacet
  facet normal 0 1 0
    outer loop
      vertex 36 45 8.5
      vertex 18 45 18.9
      vertex 18.2702 45 18.9118
    endloop
  endfacet
  facet normal 0 1 0
    outer loop
      vertex 17.7298 45 18.9118
      vertex -3.36487 45 17.354
      vertex -2.98519 45 17.95
    endloop
  endfacet
  facet normal 0 1 0
    outer loop
      vertex 17.7298 45 18.9118
      vertex -3.79504 45 16.7934
      vertex -3.36487 45 17.354
    endloop
  endfacet
  facet normal 0 1 0
    outer loop
      vertex 17.7298 45 18.9118
      vertex -4.27243 45 16.2724
      vertex -3.79504 45 16.7934
    endloop
  endfacet
  facet normal 0 1 0
    outer loop
      vertex 17.7298 45 18.9118
      vertex -4.79342 45 15.795
      vertex -4.27243 45 16.2724
    endloop
  endfacet
  facet normal 0 1 0
    outer loop
      vertex 36 45 8.5
      vertex 18.2702 45 18.9118
      vertex 18.5383 45 18.9471
    endloop
  endfacet
  facet normal 0 1 0
    outer loop
      vertex 19.0603 45 19.087
      vertex 36 45 8.5
      vertex 18.8023 45 19.0056
    endloop
  endfacet
  facet normal 0 1 0
    outer loop
      vertex 19.3101 45 19.1904
      vertex 36 45 8.5
      vertex 19.0603 45 19.087
    endloop
  endfacet
  facet normal 0 1 0
    outer loop
      vertex 19.55 45 19.3153
      vertex 36 45 8.5
      vertex 19.3101 45 19.1904
    endloop
  endfacet
  facet normal 0 1 0
    outer loop
      vertex 19.7781 45 19.4606
      vertex 36 45 8.5
      vertex 19.55 45 19.3153
    endloop
  endfacet
  facet normal 0 1 0
    outer loop
      vertex 19.9926 45 19.6253
      vertex 36 45 8.5
      vertex 19.7781 45 19.4606
    endloop
  endfacet
  facet normal 0 1 0
    outer loop
      vertex 36 45 15.5
      vertex 62 45 45
      vertex 48 45 15.5
    endloop
  endfacet
  facet normal 0 1 -0
    outer loop
      vertex 62 45 0
      vertex 48 45 15.5
      vertex 62 45 45
    endloop
  endfacet
  facet normal 0 1 0
    outer loop
      vertex 48 45 8.5
      vertex 62 45 0
      vertex 36 45 8.5
    endloop
  endfacet
  facet normal 0 1 0
    outer loop
      vertex 48 45 15.5
      vertex 62 45 0
      vertex 48 45 8.5
    endloop
  endfacet
  facet normal 0 1 -0
    outer loop
      vertex -10.706 45 30.0692
      vertex -62 45 45
      vertex -10 45 30.1
    endloop
  endfacet
  facet normal 0 1 -0
    outer loop
      vertex -11.4065 45 29.9769
      vertex -62 45 45
      vertex -10.706 45 30.0692
    endloop
  endfacet
  facet normal 0 1 -0
    outer loop
      vertex -12.0964 45 29.824
      vertex -62 45 45
      vertex -11.4065 45 29.9769
    endloop
  endfacet
  facet normal 0 1 -0
    outer loop
      vertex -12.7704 45 29.6115
      vertex -62 45 45
      vertex -12.0964 45 29.824
    endloop
  endfacet
  facet normal 0 1 -0
    outer loop
      vertex -13.4232 45 29.3411
      vertex -62 45 45
      vertex -12.7704 45 29.6115
    endloop
  endfacet
  facet normal 0 1 -0
    outer loop
      vertex -14.05 45 29.0148
      vertex -62 45 45
      vertex -13.4232 45 29.3411
    endloop
  endfacet
  facet normal 0 1 0
    outer loop
      vertex -39.6427 45 26.0844
      vertex -14.05 45 29.0148
      vertex -14.646 45 28.6351
    endloop
  endfacet
  facet normal 0 1 0
    outer loop
      vertex -39.6427 45 26.0844
      vertex -14.646 45 28.6351
      vertex -15.2066 45 28.205
    endloop
  endfacet
  facet normal 0 1 0
    outer loop
      vertex -39.6427 45 26.0844
      vertex -15.2066 45 28.205
      vertex -15.7276 45 27.7276
    endloop
  endfacet
  facet normal 0 1 0
    outer loop
      vertex -39.6427 45 26.0844
      vertex -15.7276 45 27.7276
      vertex -16.205 45 27.2066
    endloop
  endfacet
  facet normal 0 1 0
    outer loop
      vertex -37.3646 45 25.1408
      vertex -16.205 45 27.2066
      vertex -16.6351 45 26.646
    endloop
  endfacet
  facet normal 0 1 -0
    outer loop
      vertex -39.6427 45 26.0844
      vertex -62 45 45
      vertex -14.05 45 29.0148
    endloop
  endfacet
  facet normal 0 1 -0
    outer loop
      vertex -40.3573 45 26.0844
      vertex -62 45 45
      vertex -40 45 26.1
    endloop
  endfacet
  facet normal 0 1 -0
    outer loop
      vertex -40.712 45 26.0377
      vertex -62 45 45
      vertex -40.3573 45 26.0844
    endloop
  endfacet
  facet normal 0 1 -0
    outer loop
      vertex -41.0612 45 25.9603
      vertex -62 45 45
      vertex -40.712 45 26.0377
    endloop
  endfacet
  facet normal 0 1 -0
    outer loop
      vertex -41.4023 45 25.8527
      vertex -62 45 45
      vertex -41.0612 45 25.9603
    endloop
  endfacet
  facet normal 0 1 -0
    outer loop
      vertex -41.7327 45 25.7159
      vertex -62 45 45
      vertex -41.4023 45 25.8527
    endloop
  endfacet
  facet normal 0 1 -0
    outer loop
      vertex -42.05 45 25.5507
      vertex -62 45 45
      vertex -41.7327 45 25.7159
    endloop
  endfacet
  facet normal 0 1 -0
    outer loop
      vertex -42.3517 45 25.3585
      vertex -62 45 45
      vertex -42.05 45 25.5507
    endloop
  endfacet
  facet normal 0 1 -0
    outer loop
      vertex -42.6354 45 25.1408
      vertex -62 45 45
      vertex -42.3517 45 25.3585
    endloop
  endfacet
  facet normal 0 1 -0
    outer loop
      vertex -42.8991 45 24.8991
      vertex -62 45 45
      vertex -42.6354 45 25.1408
    endloop
  endfacet
  facet normal 0 1 -0
    outer loop
      vertex -43.1408 45 24.6354
      vertex -62 45 45
      vertex -42.8991 45 24.8991
    endloop
  endfacet
  facet normal 0 1 -0
    outer loop
      vertex -43.3585 45 24.3517
      vertex -62 45 45
      vertex -43.1408 45 24.6354
    endloop
  endfacet
  facet normal 0 1 -0
    outer loop
      vertex -43.5507 45 24.05
      vertex -62 45 45
      vertex -43.3585 45 24.3517
    endloop
  endfacet
  facet normal 0 1 -0
    outer loop
      vertex -43.7159 45 23.7327
      vertex -62 45 45
      vertex -43.5507 45 24.05
    endloop
  endfacet
  facet normal 0 1 -0
    outer loop
      vertex -43.8527 45 23.4023
      vertex -62 45 45
      vertex -43.7159 45 23.7327
    endloop
  endfacet
  facet normal 0 1 -0
    outer loop
      vertex -43.9603 45 23.0612
      vertex -62 45 45
      vertex -43.8527 45 23.4023
    endloop
  endfacet
  facet normal 0 1 -0
    outer loop
      vertex -44.0377 45 22.712
      vertex -62 45 45
      vertex -43.9603 45 23.0612
    endloop
  endfacet
  facet normal 0 1 -0
    outer loop
      vertex -44.0844 45 22.3573
      vertex -62 45 45
      vertex -44.0377 45 22.712
    endloop
  endfacet
  facet normal 0 1 -0
    outer loop
      vertex -44.1 45 22
      vertex -62 45 45
      vertex -44.0844 45 22.3573
    endloop
  endfacet
  facet normal 0 1 0
    outer loop
      vertex -62 45 0
      vertex -44.1 45 22
      vertex -44.0844 45 21.6427
    endloop
  endfacet
  facet normal 0 1 0
    outer loop
      vertex -62 45 0
      vertex -44.0844 45 21.6427
      vertex -44.0377 45 21.288
    endloop
  endfacet
  facet normal 0 1 0
    outer loop
      vertex -62 45 0
      vertex -44.0377 45 21.288
      vertex -43.9603 45 20.9388
    endloop
  endfacet
  facet normal 0 1 0
    outer loop
      vertex -62 45 0
      vertex -43.9603 45 20.9388
      vertex -43.8527 45 20.5977
    endloop
  endfacet
  facet normal 0 1 0
    outer loop
      vertex -62 45 0
      vertex -43.8527 45 20.5977
      vertex -43.7159 45 20.2673
    endloop
  endfacet
  facet normal 0 1 0
    outer loop
      vertex -62 45 0
      vertex -43.7159 45 20.2673
      vertex -43.5507 45 19.95
    endloop
  endfacet
  facet normal 0 1 0
    outer loop
      vertex -62 45 0
      vertex -43.5507 45 19.95
      vertex -43.3585 45 19.6483
    endloop
  endfacet
  facet normal 0 1 0
    outer loop
      vertex -14.05 45 14.9852
      vertex -38.5977 45 18.1473
      vertex -14.646 45 15.3649
    endloop
  endfacet
  facet normal 0 1 0
    outer loop
      vertex -38.5977 45 18.1473
      vertex -14.05 45 14.9852
      vertex -38.9388 45 18.0397
    endloop
  endfacet
  facet normal 0 1 0
    outer loop
      vertex -62 45 0
      vertex -38.9388 45 18.0397
      vertex -14.05 45 14.9852
    endloop
  endfacet
  facet normal 0 1 0
    outer loop
      vertex -38.9388 45 18.0397
      vertex -62 45 0
      vertex -39.288 45 17.9623
    endloop
  endfacet
  facet normal 0 1 0
    outer loop
      vertex -39.288 45 17.9623
      vertex -62 45 0
      vertex -39.6427 45 17.9156
    endloop
  endfacet
  facet normal 0 1 0
    outer loop
      vertex -39.6427 45 17.9156
      vertex -62 45 0
      vertex -40 45 17.9
    endloop
  endfacet
  facet normal 0 1 0
    outer loop
      vertex -62 45 0
      vertex -14.05 45 14.9852
      vertex -13.4232 45 14.6589
    endloop
  endfacet
  facet normal 0 1 0
    outer loop
      vertex -62 45 0
      vertex -13.4232 45 14.6589
      vertex -12.7704 45 14.3885
    endloop
  endfacet
  facet normal 0 1 0
    outer loop
      vertex -62 45 0
      vertex -12.7704 45 14.3885
      vertex -12.0964 45 14.176
    endloop
  endfacet
  facet normal 0 1 0
    outer loop
      vertex -40 45 17.9
      vertex -62 45 0
      vertex -40.3573 45 17.9156
    endloop
  endfacet
  facet normal 0 1 0
    outer loop
      vertex -62 45 0
      vertex -12.0964 45 14.176
      vertex -11.4065 45 14.0231
    endloop
  endfacet
  facet normal 0 1 0
    outer loop
      vertex -9.29404 45 13.9308
      vertex -62 45 0
      vertex -10 45 13.9
    endloop
  endfacet
  facet normal 0 1 0
    outer loop
      vertex -62 45 0
      vertex 36 45 8.5
      vertex 62 45 0
    endloop
  endfacet
  facet normal 0 1 0
    outer loop
      vertex -10 45 13.9
      vertex -62 45 0
      vertex -10.706 45 13.9308
    endloop
  endfacet
  facet normal 0 1 0
    outer loop
      vertex -10.706 45 13.9308
      vertex -62 45 0
      vertex -11.4065 45 14.0231
    endloop
  endfacet
  facet normal 0 1 0
    outer loop
      vertex -44.1 45 22
      vertex -62 45 0
      vertex -62 45 45
    endloop
  endfacet
  facet normal 0 1 0
    outer loop
      vertex -43.1408 45 19.3646
      vertex -62 45 0
      vertex -43.3585 45 19.6483
    endloop
  endfacet
  facet normal 0 1 0
    outer loop
      vertex -42.8991 45 19.1009
      vertex -62 45 0
      vertex -43.1408 45 19.3646
    endloop
  endfacet
  facet normal 0 1 0
    outer loop
      vertex -42.6354 45 18.8592
      vertex -62 45 0
      vertex -42.8991 45 19.1009
    endloop
  endfacet
  facet normal 0 1 0
    outer loop
      vertex -42.3517 45 18.6415
      vertex -62 45 0
      vertex -42.6354 45 18.8592
    endloop
  endfacet
  facet normal 0 1 0
    outer loop
      vertex -42.05 45 18.4493
      vertex -62 45 0
      vertex -42.3517 45 18.6415
    endloop
  endfacet
  facet normal 0 1 0
    outer loop
      vertex -41.7327 45 18.2841
      vertex -62 45 0
      vertex -42.05 45 18.4493
    endloop
  endfacet
  facet normal 0 1 0
    outer loop
      vertex -41.4023 45 18.1473
      vertex -62 45 0
      vertex -41.7327 45 18.2841
    endloop
  endfacet
  facet normal 0 1 0
    outer loop
      vertex -41.0612 45 18.0397
      vertex -62 45 0
      vertex -41.4023 45 18.1473
    endloop
  endfacet
  facet normal 0 1 0
    outer loop
      vertex -40.712 45 17.9623
      vertex -62 45 0
      vertex -41.0612 45 18.0397
    endloop
  endfacet
  facet normal 0 1 0
    outer loop
      vertex -40.3573 45 17.9156
      vertex -62 45 0
      vertex -40.712 45 17.9623
    endloop
  endfacet
  facet normal 0 1 0
    outer loop
      vertex -4.79342 45 28.205
      vertex 16.6899 45 24.8096
      vertex -4.27243 45 27.7276
    endloop
  endfacet
  facet normal 0 1 -0
    outer loop
      vertex 16.45 45 24.6847
      vertex -4.27243 45 27.7276
      vertex 16.6899 45 24.8096
    endloop
  endfacet
  facet normal 0 1 0
    outer loop
      vertex -4.27243 45 27.7276
      vertex 16.45 45 24.6847
      vertex -3.79504 45 27.2066
    endloop
  endfacet
  facet normal 0 1 -0
    outer loop
      vertex 16.2219 45 24.5394
      vertex -3.79504 45 27.2066
      vertex 16.45 45 24.6847
    endloop
  endfacet
  facet normal 0 1 -0
    outer loop
      vertex 16.0074 45 24.3747
      vertex -3.79504 45 27.2066
      vertex 16.2219 45 24.5394
    endloop
  endfacet
  facet normal 0 1 0
    outer loop
      vertex -3.79504 45 27.2066
      vertex 16.0074 45 24.3747
      vertex -3.36487 45 26.646
    endloop
  endfacet
  facet normal 0 1 -0
    outer loop
      vertex 15.808 45 24.192
      vertex -3.36487 45 26.646
      vertex 16.0074 45 24.3747
    endloop
  endfacet
  facet normal 0 1 0
    outer loop
      vertex -3.36487 45 26.646
      vertex 15.808 45 24.192
      vertex -2.98519 45 26.05
    endloop
  endfacet
  facet normal 0 1 -0
    outer loop
      vertex 15.6253 45 23.9926
      vertex -2.98519 45 26.05
      vertex 15.808 45 24.192
    endloop
  endfacet
  facet normal 0 1 0
    outer loop
      vertex -2.98519 45 26.05
      vertex 15.6253 45 23.9926
      vertex -2.65891 45 25.4232
    endloop
  endfacet
  facet normal 0 1 -0
    outer loop
      vertex 15.4606 45 23.7781
      vertex -2.65891 45 25.4232
      vertex 15.6253 45 23.9926
    endloop
  endfacet
  facet normal 0 1 -0
    outer loop
      vertex 15.3153 45 23.55
      vertex -2.65891 45 25.4232
      vertex 15.4606 45 23.7781
    endloop
  endfacet
  facet normal 0 1 0
    outer loop
      vertex -2.65891 45 25.4232
      vertex 15.3153 45 23.55
      vertex -2.38849 45 24.7704
    endloop
  endfacet
  facet normal 0 1 -0
    outer loop
      vertex 15.1904 45 23.3101
      vertex -2.38849 45 24.7704
      vertex 15.3153 45 23.55
    endloop
  endfacet
  facet normal 0 1 0
    outer loop
      vertex -2.38849 45 24.7704
      vertex 15.1904 45 23.3101
      vertex -2.176 45 24.0964
    endloop
  endfacet
  facet normal 0 1 -0
    outer loop
      vertex 15.087 45 23.0603
      vertex -2.176 45 24.0964
      vertex 15.1904 45 23.3101
    endloop
  endfacet
  facet normal 0 1 0
    outer loop
      vertex -2.176 45 24.0964
      vertex 15.087 45 23.0603
      vertex -2.02306 45 23.4065
    endloop
  endfacet
  facet normal 0 1 -0
    outer loop
      vertex 15.0056 45 22.8023
      vertex -2.02306 45 23.4065
      vertex 15.087 45 23.0603
    endloop
  endfacet
  facet normal 0 1 -0
    outer loop
      vertex 14.9471 45 22.5383
      vertex -2.02306 45 23.4065
      vertex 15.0056 45 22.8023
    endloop
  endfacet
  facet normal 0 1 0
    outer loop
      vertex -2.02306 45 23.4065
      vertex 14.9471 45 22.5383
      vertex -1.93082 45 22.706
    endloop
  endfacet
  facet normal 0 1 -0
    outer loop
      vertex 14.9118 45 22.2702
      vertex -1.93082 45 22.706
      vertex 14.9471 45 22.5383
    endloop
  endfacet
  facet normal 0 1 0
    outer loop
      vertex -1.9 45 22
      vertex 14.9118 45 22.2702
      vertex 14.9 45 22
    endloop
  endfacet
  facet normal 0 1 0
    outer loop
      vertex 14.9118 45 22.2702
      vertex -1.9 45 22
      vertex -1.93082 45 22.706
    endloop
  endfacet
  facet normal 0 1 0
    outer loop
      vertex 14.9118 45 21.7298
      vertex -1.9 45 22
      vertex 14.9 45 22
    endloop
  endfacet
  facet normal 0 1 0
    outer loop
      vertex -1.93082 45 21.294
      vertex 14.9118 45 21.7298
      vertex 14.9471 45 21.4617
    endloop
  endfacet
  facet normal 0 1 0
    outer loop
      vertex 14.9118 45 21.7298
      vertex -1.93082 45 21.294
      vertex -1.9 45 22
    endloop
  endfacet
  facet normal 0 1 0
    outer loop
      vertex -2.02306 45 20.5934
      vertex 14.9471 45 21.4617
      vertex 15.0056 45 21.1977
    endloop
  endfacet
  facet normal 0 1 0
    outer loop
      vertex -2.02306 45 20.5934
      vertex 15.0056 45 21.1977
      vertex 15.087 45 20.9397
    endloop
  endfacet
  facet normal 0 1 0
    outer loop
      vertex -2.176 45 19.9036
      vertex 15.087 45 20.9397
      vertex 15.1904 45 20.6899
    endloop
  endfacet
  facet normal 0 1 0
    outer loop
      vertex 14.9471 45 21.4617
      vertex -2.02306 45 20.5934
      vertex -1.93082 45 21.294
    endloop
  endfacet
  facet normal 0 1 0
    outer loop
      vertex -2.38849 45 19.2296
      vertex 15.1904 45 20.6899
      vertex 15.3153 45 20.45
    endloop
  endfacet
  facet normal 0 1 0
    outer loop
      vertex -2.65891 45 18.5768
      vertex 15.3153 45 20.45
      vertex 15.4606 45 20.2219
    endloop
  endfacet
  facet normal 0 1 0
    outer loop
      vertex -2.65891 45 18.5768
      vertex 15.4606 45 20.2219
      vertex 15.6253 45 20.0074
    endloop
  endfacet
  facet normal 0 1 0
    outer loop
      vertex 15.087 45 20.9397
      vertex -2.176 45 19.9036
      vertex -2.02306 45 20.5934
    endloop
  endfacet
  facet normal 0 1 0
    outer loop
      vertex -2.98519 45 17.95
      vertex 15.6253 45 20.0074
      vertex 15.808 45 19.808
    endloop
  endfacet
  facet normal 0 1 0
    outer loop
      vertex -2.98519 45 17.95
      vertex 15.808 45 19.808
      vertex 16.0074 45 19.6253
    endloop
  endfacet
  facet normal 0 1 0
    outer loop
      vertex -2.98519 45 17.95
      vertex 16.0074 45 19.6253
      vertex 16.2219 45 19.4606
    endloop
  endfacet
  facet normal 0 1 0
    outer loop
      vertex -2.98519 45 17.95
      vertex 16.2219 45 19.4606
      vertex 16.45 45 19.3153
    endloop
  endfacet
  facet normal 0 1 0
    outer loop
      vertex 15.1904 45 20.6899
      vertex -2.38849 45 19.2296
      vertex -2.176 45 19.9036
    endloop
  endfacet
  facet normal 0 1 0
    outer loop
      vertex -2.98519 45 17.95
      vertex 16.45 45 19.3153
      vertex 16.6899 45 19.1904
    endloop
  endfacet
  facet normal 0 1 0
    outer loop
      vertex -2.98519 45 17.95
      vertex 16.6899 45 19.1904
      vertex 16.9397 45 19.087
    endloop
  endfacet
  facet normal 0 1 0
    outer loop
      vertex -2.98519 45 17.95
      vertex 16.9397 45 19.087
      vertex 17.1977 45 19.0056
    endloop
  endfacet
  facet normal 0 1 0
    outer loop
      vertex -2.98519 45 17.95
      vertex 17.1977 45 19.0056
      vertex 17.4617 45 18.9471
    endloop
  endfacet
  facet normal 0 1 0
    outer loop
      vertex -2.98519 45 17.95
      vertex 17.4617 45 18.9471
      vertex 17.7298 45 18.9118
    endloop
  endfacet
  facet normal 0 1 0
    outer loop
      vertex 36 45 8.5
      vertex 17.7298 45 18.9118
      vertex 18 45 18.9
    endloop
  endfacet
  facet normal 0 1 0
    outer loop
      vertex 15.3153 45 20.45
      vertex -2.65891 45 18.5768
      vertex -2.38849 45 19.2296
    endloop
  endfacet
  facet normal 0 1 0
    outer loop
      vertex 18.8023 45 19.0056
      vertex 36 45 8.5
      vertex 18.5383 45 18.9471
    endloop
  endfacet
  facet normal 0 1 0
    outer loop
      vertex 17.7298 45 18.9118
      vertex 36 45 8.5
      vertex -5.95 45 14.9852
    endloop
  endfacet
  facet normal 0 1 0
    outer loop
      vertex 17.7298 45 18.9118
      vertex -5.35403 45 15.3649
      vertex -4.79342 45 15.795
    endloop
  endfacet
  facet normal 0 1 0
    outer loop
      vertex 17.7298 45 18.9118
      vertex -5.95 45 14.9852
      vertex -5.35403 45 15.3649
    endloop
  endfacet
  facet normal 0 1 0
    outer loop
      vertex -5.95 45 14.9852
      vertex 36 45 8.5
      vertex -6.57679 45 14.6589
    endloop
  endfacet
  facet normal 0 1 0
    outer loop
      vertex -6.57679 45 14.6589
      vertex 36 45 8.5
      vertex -7.22964 45 14.3885
    endloop
  endfacet
  facet normal 0 1 0
    outer loop
      vertex -7.22964 45 14.3885
      vertex 36 45 8.5
      vertex -7.90357 45 14.176
    endloop
  endfacet
  facet normal 0 1 0
    outer loop
      vertex -7.90357 45 14.176
      vertex 36 45 8.5
      vertex -8.59345 45 14.0231
    endloop
  endfacet
  facet normal 0 1 0
    outer loop
      vertex -8.59345 45 14.0231
      vertex 36 45 8.5
      vertex -9.29404 45 13.9308
    endloop
  endfacet
  facet normal 0 1 0
    outer loop
      vertex -62 45 0
      vertex -9.29404 45 13.9308
      vertex 36 45 8.5
    endloop
  endfacet
  facet normal 0.976331 0.216283 0
    outer loop
      vertex 64.9544 42.521 45
      vertex 64.8978 42.7765 0
      vertex 64.8978 42.7765 45
    endloop
  endfacet
  facet normal 0.976331 0.216283 0
    outer loop
      vertex 64.8978 42.7765 0
      vertex 64.9544 42.521 45
      vertex 64.9544 42.521 0
    endloop
  endfacet
  facet normal -0.0435533 0.999051 0
    outer loop
      vertex -62 45 0
      vertex -62.2615 44.9886 45
      vertex -62 45 45
    endloop
  endfacet
  facet normal -0.0435533 0.999051 0
    outer loop
      vertex -62.2615 44.9886 45
      vertex -62 45 0
      vertex -62.2615 44.9886 0
    endloop
  endfacet
  facet normal -0.793305 0.608824 0
    outer loop
      vertex -64.4575 43.7207 0
      vertex -64.2981 43.9284 45
      vertex -64.2981 43.9284 0
    endloop
  endfacet
  facet normal -0.793305 0.608824 0
    outer loop
      vertex -64.2981 43.9284 45
      vertex -64.4575 43.7207 0
      vertex -64.4575 43.7207 45
    endloop
  endfacet
  facet normal -1 0 0
    outer loop
      vertex -65 -42 0
      vertex -65 42 45
      vertex -65 42 0
    endloop
  endfacet
  facet normal -1 -0 0
    outer loop
      vertex -65 42 45
      vertex -65 -42 0
      vertex -65 -42 45
    endloop
  endfacet
  facet normal -0.300711 0.953715 0
    outer loop
      vertex -62.7765 44.8978 0
      vertex -63.0261 44.8191 45
      vertex -62.7765 44.8978 45
    endloop
  endfacet
  facet normal -0.300711 0.953715 0
    outer loop
      vertex -63.0261 44.8191 45
      vertex -62.7765 44.8978 0
      vertex -63.0261 44.8191 0
    endloop
  endfacet
  facet normal -0.130662 0.991427 0
    outer loop
      vertex -62.2615 44.9886 0
      vertex -62.521 44.9544 45
      vertex -62.2615 44.9886 45
    endloop
  endfacet
  facet normal -0.130662 0.991427 0
    outer loop
      vertex -62.521 44.9544 45
      vertex -62.2615 44.9886 0
      vertex -62.521 44.9544 0
    endloop
  endfacet
  facet normal -0.0435533 -0.999051 0
    outer loop
      vertex -62.2615 -44.9886 0
      vertex -62 -45 45
      vertex -62.2615 -44.9886 45
    endloop
  endfacet
  facet normal -0.0435533 -0.999051 -0
    outer loop
      vertex -62 -45 45
      vertex -62.2615 -44.9886 0
      vertex -62 -45 0
    endloop
  endfacet
  facet normal 0.953715 0.300711 0
    outer loop
      vertex 64.8978 42.7765 45
      vertex 64.8191 43.0261 0
      vertex 64.8191 43.0261 45
    endloop
  endfacet
  facet normal 0.953715 0.300711 0
    outer loop
      vertex 64.8191 43.0261 0
      vertex 64.8978 42.7765 45
      vertex 64.8978 42.7765 0
    endloop
  endfacet
  facet normal 0.0435533 0.999051 -0
    outer loop
      vertex 62.2615 44.9886 0
      vertex 62 45 45
      vertex 62.2615 44.9886 45
    endloop
  endfacet
  facet normal 0.0435533 0.999051 0
    outer loop
      vertex 62 45 45
      vertex 62.2615 44.9886 0
      vertex 62 45 0
    endloop
  endfacet
  facet normal -0.999051 0.0435533 0
    outer loop
      vertex -65 42 0
      vertex -64.9886 42.2615 45
      vertex -64.9886 42.2615 0
    endloop
  endfacet
  facet normal -0.999051 0.0435533 0
    outer loop
      vertex -64.9886 42.2615 45
      vertex -65 42 0
      vertex -65 42 45
    endloop
  endfacet
  facet normal 0.461678 0.887048 -0
    outer loop
      vertex 63.5 44.5981 0
      vertex 63.2679 44.7189 45
      vertex 63.5 44.5981 45
    endloop
  endfacet
  facet normal 0.461678 0.887048 0
    outer loop
      vertex 63.2679 44.7189 45
      vertex 63.5 44.5981 0
      vertex 63.2679 44.7189 0
    endloop
  endfacet
  facet normal 0.737202 0.675673 0
    outer loop
      vertex 64.2981 43.9284 45
      vertex 64.1213 44.1213 0
      vertex 64.1213 44.1213 45
    endloop
  endfacet
  facet normal 0.737202 0.675673 0
    outer loop
      vertex 64.1213 44.1213 0
      vertex 64.2981 43.9284 45
      vertex 64.2981 43.9284 0
    endloop
  endfacet
  facet normal -0.130662 -0.991427 0
    outer loop
      vertex -62.521 -44.9544 0
      vertex -62.2615 -44.9886 45
      vertex -62.521 -44.9544 45
    endloop
  endfacet
  facet normal -0.130662 -0.991427 -0
    outer loop
      vertex -62.2615 -44.9886 45
      vertex -62.521 -44.9544 0
      vertex -62.2615 -44.9886 0
    endloop
  endfacet
  facet normal 0.953715 -0.300711 0
    outer loop
      vertex 64.8191 -43.0261 45
      vertex 64.8978 -42.7765 0
      vertex 64.8978 -42.7765 45
    endloop
  endfacet
  facet normal 0.953715 -0.300711 0
    outer loop
      vertex 64.8978 -42.7765 0
      vertex 64.8191 -43.0261 45
      vertex 64.8191 -43.0261 0
    endloop
  endfacet
  facet normal 0.216283 -0.976331 0
    outer loop
      vertex 62.521 -44.9544 0
      vertex 62.7765 -44.8978 45
      vertex 62.521 -44.9544 45
    endloop
  endfacet
  facet normal 0.216283 -0.976331 0
    outer loop
      vertex 62.7765 -44.8978 45
      vertex 62.521 -44.9544 0
      vertex 62.7765 -44.8978 0
    endloop
  endfacet
  facet normal 0.608824 -0.793305 0
    outer loop
      vertex 63.7207 -44.4575 0
      vertex 63.9284 -44.2981 45
      vertex 63.7207 -44.4575 45
    endloop
  endfacet
  facet normal 0.608824 -0.793305 0
    outer loop
      vertex 63.9284 -44.2981 45
      vertex 63.7207 -44.4575 0
      vertex 63.9284 -44.2981 0
    endloop
  endfacet
  facet normal -0.461678 -0.887048 0
    outer loop
      vertex -63.5 -44.5981 0
      vertex -63.2679 -44.7189 45
      vertex -63.5 -44.5981 45
    endloop
  endfacet
  facet normal -0.461678 -0.887048 -0
    outer loop
      vertex -63.2679 -44.7189 45
      vertex -63.5 -44.5981 0
      vertex -63.2679 -44.7189 0
    endloop
  endfacet
  facet normal 0.887048 -0.461678 0
    outer loop
      vertex 64.5981 -43.5 45
      vertex 64.7189 -43.2679 0
      vertex 64.7189 -43.2679 45
    endloop
  endfacet
  facet normal 0.887048 -0.461678 0
    outer loop
      vertex 64.7189 -43.2679 0
      vertex 64.5981 -43.5 45
      vertex 64.5981 -43.5 0
    endloop
  endfacet
  facet normal -0.461678 0.887048 0
    outer loop
      vertex -63.2679 44.7189 0
      vertex -63.5 44.5981 45
      vertex -63.2679 44.7189 45
    endloop
  endfacet
  facet normal -0.461678 0.887048 0
    outer loop
      vertex -63.5 44.5981 45
      vertex -63.2679 44.7189 0
      vertex -63.5 44.5981 0
    endloop
  endfacet
  facet normal -0.737202 0.675673 0
    outer loop
      vertex -64.2981 43.9284 0
      vertex -64.1213 44.1213 45
      vertex -64.1213 44.1213 0
    endloop
  endfacet
  facet normal -0.737202 0.675673 0
    outer loop
      vertex -64.1213 44.1213 45
      vertex -64.2981 43.9284 0
      vertex -64.2981 43.9284 45
    endloop
  endfacet
  facet normal 0.608824 0.793305 -0
    outer loop
      vertex 63.9284 44.2981 0
      vertex 63.7207 44.4575 45
      vertex 63.9284 44.2981 45
    endloop
  endfacet
  facet normal 0.608824 0.793305 0
    outer loop
      vertex 63.7207 44.4575 45
      vertex 63.9284 44.2981 0
      vertex 63.7207 44.4575 0
    endloop
  endfacet
  facet normal -0.216283 -0.976331 0
    outer loop
      vertex -62.7765 -44.8978 0
      vertex -62.521 -44.9544 45
      vertex -62.7765 -44.8978 45
    endloop
  endfacet
  facet normal -0.216283 -0.976331 -0
    outer loop
      vertex -62.521 -44.9544 45
      vertex -62.7765 -44.8978 0
      vertex -62.521 -44.9544 0
    endloop
  endfacet
  facet normal 1 -0 0
    outer loop
      vertex 65 -42 45
      vertex 65 42 0
      vertex 65 42 45
    endloop
  endfacet
  facet normal 1 0 0
    outer loop
      vertex 65 42 0
      vertex 65 -42 45
      vertex 65 -42 0
    endloop
  endfacet
  facet normal 0.537296 0.843394 -0
    outer loop
      vertex 63.7207 44.4575 0
      vertex 63.5 44.5981 45
      vertex 63.7207 44.4575 45
    endloop
  endfacet
  facet normal 0.537296 0.843394 0
    outer loop
      vertex 63.5 44.5981 45
      vertex 63.7207 44.4575 0
      vertex 63.5 44.5981 0
    endloop
  endfacet
  facet normal -0.382824 0.923821 0
    outer loop
      vertex -63.0261 44.8191 0
      vertex -63.2679 44.7189 45
      vertex -63.0261 44.8191 45
    endloop
  endfacet
  facet normal -0.382824 0.923821 0
    outer loop
      vertex -63.2679 44.7189 45
      vertex -63.0261 44.8191 0
      vertex -63.2679 44.7189 0
    endloop
  endfacet
  facet normal -0.991427 0.130662 0
    outer loop
      vertex -64.9886 42.2615 0
      vertex -64.9544 42.521 45
      vertex -64.9544 42.521 0
    endloop
  endfacet
  facet normal -0.991427 0.130662 0
    outer loop
      vertex -64.9544 42.521 45
      vertex -64.9886 42.2615 0
      vertex -64.9886 42.2615 45
    endloop
  endfacet
  facet normal 0.976331 -0.216283 0
    outer loop
      vertex 64.8978 -42.7765 45
      vertex 64.9544 -42.521 0
      vertex 64.9544 -42.521 45
    endloop
  endfacet
  facet normal 0.976331 -0.216283 0
    outer loop
      vertex 64.9544 -42.521 0
      vertex 64.8978 -42.7765 45
      vertex 64.8978 -42.7765 0
    endloop
  endfacet
  facet normal -0.608824 0.793305 0
    outer loop
      vertex -63.7207 44.4575 0
      vertex -63.9284 44.2981 45
      vertex -63.7207 44.4575 45
    endloop
  endfacet
  facet normal -0.608824 0.793305 0
    outer loop
      vertex -63.9284 44.2981 45
      vertex -63.7207 44.4575 0
      vertex -63.9284 44.2981 0
    endloop
  endfacet
  facet normal -0.216283 0.976331 0
    outer loop
      vertex -62.521 44.9544 0
      vertex -62.7765 44.8978 45
      vertex -62.521 44.9544 45
    endloop
  endfacet
  facet normal -0.216283 0.976331 0
    outer loop
      vertex -62.7765 44.8978 45
      vertex -62.521 44.9544 0
      vertex -62.7765 44.8978 0
    endloop
  endfacet
  facet normal 0.793305 0.608824 0
    outer loop
      vertex 64.4575 43.7207 45
      vertex 64.2981 43.9284 0
      vertex 64.2981 43.9284 45
    endloop
  endfacet
  facet normal 0.793305 0.608824 0
    outer loop
      vertex 64.2981 43.9284 0
      vertex 64.4575 43.7207 45
      vertex 64.4575 43.7207 0
    endloop
  endfacet
  facet normal 0.216283 0.976331 -0
    outer loop
      vertex 62.7765 44.8978 0
      vertex 62.521 44.9544 45
      vertex 62.7765 44.8978 45
    endloop
  endfacet
  facet normal 0.216283 0.976331 0
    outer loop
      vertex 62.521 44.9544 45
      vertex 62.7765 44.8978 0
      vertex 62.521 44.9544 0
    endloop
  endfacet
  facet normal 0.675673 0.737202 -0
    outer loop
      vertex 64.1213 44.1213 0
      vertex 63.9284 44.2981 45
      vertex 64.1213 44.1213 45
    endloop
  endfacet
  facet normal 0.675673 0.737202 0
    outer loop
      vertex 63.9284 44.2981 45
      vertex 64.1213 44.1213 0
      vertex 63.9284 44.2981 0
    endloop
  endfacet
  facet normal 0.130662 -0.991427 0
    outer loop
      vertex 62.2615 -44.9886 0
      vertex 62.521 -44.9544 45
      vertex 62.2615 -44.9886 45
    endloop
  endfacet
  facet normal 0.130662 -0.991427 0
    outer loop
      vertex 62.521 -44.9544 45
      vertex 62.2615 -44.9886 0
      vertex 62.521 -44.9544 0
    endloop
  endfacet
  facet normal -0.300711 -0.953715 0
    outer loop
      vertex -63.0261 -44.8191 0
      vertex -62.7765 -44.8978 45
      vertex -63.0261 -44.8191 45
    endloop
  endfacet
  facet normal -0.300711 -0.953715 -0
    outer loop
      vertex -62.7765 -44.8978 45
      vertex -63.0261 -44.8191 0
      vertex -62.7765 -44.8978 0
    endloop
  endfacet
  facet normal -0.953715 0.300711 0
    outer loop
      vertex -64.8978 42.7765 0
      vertex -64.8191 43.0261 45
      vertex -64.8191 43.0261 0
    endloop
  endfacet
  facet normal -0.953715 0.300711 0
    outer loop
      vertex -64.8191 43.0261 45
      vertex -64.8978 42.7765 0
      vertex -64.8978 42.7765 45
    endloop
  endfacet
  facet normal -0.999051 -0.0435533 0
    outer loop
      vertex -64.9886 -42.2615 0
      vertex -65 -42 45
      vertex -65 -42 0
    endloop
  endfacet
  facet normal -0.999051 -0.0435533 0
    outer loop
      vertex -65 -42 45
      vertex -64.9886 -42.2615 0
      vertex -64.9886 -42.2615 45
    endloop
  endfacet
  facet normal 0.130662 0.991427 -0
    outer loop
      vertex 62.521 44.9544 0
      vertex 62.2615 44.9886 45
      vertex 62.521 44.9544 45
    endloop
  endfacet
  facet normal 0.130662 0.991427 0
    outer loop
      vertex 62.2615 44.9886 45
      vertex 62.521 44.9544 0
      vertex 62.2615 44.9886 0
    endloop
  endfacet
  facet normal -0.382824 -0.923821 0
    outer loop
      vertex -63.2679 -44.7189 0
      vertex -63.0261 -44.8191 45
      vertex -63.2679 -44.7189 45
    endloop
  endfacet
  facet normal -0.382824 -0.923821 -0
    outer loop
      vertex -63.0261 -44.8191 45
      vertex -63.2679 -44.7189 0
      vertex -63.0261 -44.8191 0
    endloop
  endfacet
  facet normal -0.976331 0.216283 0
    outer loop
      vertex -64.9544 42.521 0
      vertex -64.8978 42.7765 45
      vertex -64.8978 42.7765 0
    endloop
  endfacet
  facet normal -0.976331 0.216283 0
    outer loop
      vertex -64.8978 42.7765 45
      vertex -64.9544 42.521 0
      vertex -64.9544 42.521 45
    endloop
  endfacet
  facet normal -0.953715 -0.300711 0
    outer loop
      vertex -64.8191 -43.0261 0
      vertex -64.8978 -42.7765 45
      vertex -64.8978 -42.7765 0
    endloop
  endfacet
  facet normal -0.953715 -0.300711 0
    outer loop
      vertex -64.8978 -42.7765 45
      vertex -64.8191 -43.0261 0
      vertex -64.8191 -43.0261 45
    endloop
  endfacet
  facet normal 0.737202 -0.675673 0
    outer loop
      vertex 64.1213 -44.1213 45
      vertex 64.2981 -43.9284 0
      vertex 64.2981 -43.9284 45
    endloop
  endfacet
  facet normal 0.737202 -0.675673 0
    outer loop
      vertex 64.2981 -43.9284 0
      vertex 64.1213 -44.1213 45
      vertex 64.1213 -44.1213 0
    endloop
  endfacet
  facet normal -0.887048 0.461678 0
    outer loop
      vertex -64.7189 43.2679 0
      vertex -64.5981 43.5 45
      vertex -64.5981 43.5 0
    endloop
  endfacet
  facet normal -0.887048 0.461678 0
    outer loop
      vertex -64.5981 43.5 45
      vertex -64.7189 43.2679 0
      vertex -64.7189 43.2679 45
    endloop
  endfacet
  facet normal -0.793305 -0.608824 0
    outer loop
      vertex -64.2981 -43.9284 0
      vertex -64.4575 -43.7207 45
      vertex -64.4575 -43.7207 0
    endloop
  endfacet
  facet normal -0.793305 -0.608824 0
    outer loop
      vertex -64.4575 -43.7207 45
      vertex -64.2981 -43.9284 0
      vertex -64.2981 -43.9284 45
    endloop
  endfacet
  facet normal -0.737202 -0.675673 0
    outer loop
      vertex -64.1213 -44.1213 0
      vertex -64.2981 -43.9284 45
      vertex -64.2981 -43.9284 0
    endloop
  endfacet
  facet normal -0.737202 -0.675673 0
    outer loop
      vertex -64.2981 -43.9284 45
      vertex -64.1213 -44.1213 0
      vertex -64.1213 -44.1213 45
    endloop
  endfacet
  facet normal -0.843394 0.537296 0
    outer loop
      vertex -64.5981 43.5 0
      vertex -64.4575 43.7207 45
      vertex -64.4575 43.7207 0
    endloop
  endfacet
  facet normal -0.843394 0.537296 0
    outer loop
      vertex -64.4575 43.7207 45
      vertex -64.5981 43.5 0
      vertex -64.5981 43.5 45
    endloop
  endfacet
  facet normal 0.843394 -0.537296 0
    outer loop
      vertex 64.4575 -43.7207 45
      vertex 64.5981 -43.5 0
      vertex 64.5981 -43.5 45
    endloop
  endfacet
  facet normal 0.843394 -0.537296 0
    outer loop
      vertex 64.5981 -43.5 0
      vertex 64.4575 -43.7207 45
      vertex 64.4575 -43.7207 0
    endloop
  endfacet
  facet normal 0.999051 0.0435533 0
    outer loop
      vertex 65 42 45
      vertex 64.9886 42.2615 0
      vertex 64.9886 42.2615 45
    endloop
  endfacet
  facet normal 0.999051 0.0435533 0
    outer loop
      vertex 64.9886 42.2615 0
      vertex 65 42 45
      vertex 65 42 0
    endloop
  endfacet
  facet normal -0.923821 0.382824 0
    outer loop
      vertex -64.8191 43.0261 0
      vertex -64.7189 43.2679 45
      vertex -64.7189 43.2679 0
    endloop
  endfacet
  facet normal -0.923821 0.382824 0
    outer loop
      vertex -64.7189 43.2679 45
      vertex -64.8191 43.0261 0
      vertex -64.8191 43.0261 45
    endloop
  endfacet
  facet normal 0.991427 -0.130662 0
    outer loop
      vertex 64.9544 -42.521 45
      vertex 64.9886 -42.2615 0
      vertex 64.9886 -42.2615 45
    endloop
  endfacet
  facet normal 0.991427 -0.130662 0
    outer loop
      vertex 64.9886 -42.2615 0
      vertex 64.9544 -42.521 45
      vertex 64.9544 -42.521 0
    endloop
  endfacet
  facet normal -0.675673 -0.737202 0
    outer loop
      vertex -64.1213 -44.1213 0
      vertex -63.9284 -44.2981 45
      vertex -64.1213 -44.1213 45
    endloop
  endfacet
  facet normal -0.675673 -0.737202 -0
    outer loop
      vertex -63.9284 -44.2981 45
      vertex -64.1213 -44.1213 0
      vertex -63.9284 -44.2981 0
    endloop
  endfacet
  facet normal -0.608824 -0.793305 0
    outer loop
      vertex -63.9284 -44.2981 0
      vertex -63.7207 -44.4575 45
      vertex -63.9284 -44.2981 45
    endloop
  endfacet
  facet normal -0.608824 -0.793305 -0
    outer loop
      vertex -63.7207 -44.4575 45
      vertex -63.9284 -44.2981 0
      vertex -63.7207 -44.4575 0
    endloop
  endfacet
  facet normal 0.382824 -0.923821 0
    outer loop
      vertex 63.0261 -44.8191 0
      vertex 63.2679 -44.7189 45
      vertex 63.0261 -44.8191 45
    endloop
  endfacet
  facet normal 0.382824 -0.923821 0
    outer loop
      vertex 63.2679 -44.7189 45
      vertex 63.0261 -44.8191 0
      vertex 63.2679 -44.7189 0
    endloop
  endfacet
  facet normal -0.923821 -0.382824 0
    outer loop
      vertex -64.7189 -43.2679 0
      vertex -64.8191 -43.0261 45
      vertex -64.8191 -43.0261 0
    endloop
  endfacet
  facet normal -0.923821 -0.382824 0
    outer loop
      vertex -64.8191 -43.0261 45
      vertex -64.7189 -43.2679 0
      vertex -64.7189 -43.2679 45
    endloop
  endfacet
  facet normal 0.991427 0.130662 0
    outer loop
      vertex 64.9886 42.2615 45
      vertex 64.9544 42.521 0
      vertex 64.9544 42.521 45
    endloop
  endfacet
  facet normal 0.991427 0.130662 0
    outer loop
      vertex 64.9544 42.521 0
      vertex 64.9886 42.2615 45
      vertex 64.9886 42.2615 0
    endloop
  endfacet
  facet normal 0.843394 0.537296 0
    outer loop
      vertex 64.5981 43.5 45
      vertex 64.4575 43.7207 0
      vertex 64.4575 43.7207 45
    endloop
  endfacet
  facet normal 0.843394 0.537296 0
    outer loop
      vertex 64.4575 43.7207 0
      vertex 64.5981 43.5 45
      vertex 64.5981 43.5 0
    endloop
  endfacet
  facet normal 0.887048 0.461678 0
    outer loop
      vertex 64.7189 43.2679 45
      vertex 64.5981 43.5 0
      vertex 64.5981 43.5 45
    endloop
  endfacet
  facet normal 0.887048 0.461678 0
    outer loop
      vertex 64.5981 43.5 0
      vertex 64.7189 43.2679 45
      vertex 64.7189 43.2679 0
    endloop
  endfacet
  facet normal 0.923821 -0.382824 0
    outer loop
      vertex 64.7189 -43.2679 45
      vertex 64.8191 -43.0261 0
      vertex 64.8191 -43.0261 45
    endloop
  endfacet
  facet normal 0.923821 -0.382824 0
    outer loop
      vertex 64.8191 -43.0261 0
      vertex 64.7189 -43.2679 45
      vertex 64.7189 -43.2679 0
    endloop
  endfacet
  facet normal 0.923821 0.382824 0
    outer loop
      vertex 64.8191 43.0261 45
      vertex 64.7189 43.2679 0
      vertex 64.7189 43.2679 45
    endloop
  endfacet
  facet normal 0.923821 0.382824 0
    outer loop
      vertex 64.7189 43.2679 0
      vertex 64.8191 43.0261 45
      vertex 64.8191 43.0261 0
    endloop
  endfacet
  facet normal 0.537296 -0.843394 0
    outer loop
      vertex 63.5 -44.5981 0
      vertex 63.7207 -44.4575 45
      vertex 63.5 -44.5981 45
    endloop
  endfacet
  facet normal 0.537296 -0.843394 0
    outer loop
      vertex 63.7207 -44.4575 45
      vertex 63.5 -44.5981 0
      vertex 63.7207 -44.4575 0
    endloop
  endfacet
  facet normal 0 0 1
    outer loop
      vertex -60.7688 -38.9083 45
      vertex -62.5 -37.7012 45
      vertex -60.8156 -39.0212 45
    endloop
  endfacet
  facet normal 0 0 1
    outer loop
      vertex -60.9 -39.5 45
      vertex -61.5075 -42.367 45
      vertex -61.2988 -42.5 45
    endloop
  endfacet
  facet normal 0 0 1
    outer loop
      vertex -60.8156 -39.0212 45
      vertex -62.5 -37.7012 45
      vertex -60.8523 -39.1377 45
    endloop
  endfacet
  facet normal 0 0 1
    outer loop
      vertex -60.9 -39.5 45
      vertex -61.7498 -42.1812 45
      vertex -61.5075 -42.367 45
    endloop
  endfacet
  facet normal 0 0 1
    outer loop
      vertex -60.8523 -39.1377 45
      vertex -62.5 -37.7012 45
      vertex -60.8787 -39.2569 45
    endloop
  endfacet
  facet normal 0 0 1
    outer loop
      vertex -60.9 -39.5 45
      vertex -61.9749 -41.9749 45
      vertex -61.7498 -42.1812 45
    endloop
  endfacet
  facet normal 0 0 1
    outer loop
      vertex -60.8787 -39.2569 45
      vertex -62.5 -37.7012 45
      vertex -60.8947 -39.378 45
    endloop
  endfacet
  facet normal 0 0 1
    outer loop
      vertex -60.9 -39.5 45
      vertex -62.1812 -41.7498 45
      vertex -61.9749 -41.9749 45
    endloop
  endfacet
  facet normal 0 0 1
    outer loop
      vertex -60.8947 -39.378 45
      vertex -62.5 -37.7012 45
      vertex -60.9 -39.5 45
    endloop
  endfacet
  facet normal 0 0 1
    outer loop
      vertex -60.9 -39.5 45
      vertex -62.367 -41.5075 45
      vertex -62.1812 -41.7498 45
    endloop
  endfacet
  facet normal 0 0 1
    outer loop
      vertex -62.5 -41.2988 45
      vertex -60.9 -39.5 45
      vertex -62.5 -37.7012 45
    endloop
  endfacet
  facet normal 0 0 1
    outer loop
      vertex -60.9 -39.5 45
      vertex -62.5 -41.2988 45
      vertex -62.367 -41.5075 45
    endloop
  endfacet
  facet normal 0 0 1
    outer loop
      vertex -60.7688 40.0917 45
      vertex -62.5 41.2988 45
      vertex -60.8156 39.9788 45
    endloop
  endfacet
  facet normal 0 0 1
    outer loop
      vertex -60.9 39.5 45
      vertex -61.5075 36.633 45
      vertex -61.25 36.4689 45
    endloop
  endfacet
  facet normal 0 0 1
    outer loop
      vertex -60.8156 39.9788 45
      vertex -62.5 41.2988 45
      vertex -60.8523 39.8623 45
    endloop
  endfacet
  facet normal 0 0 1
    outer loop
      vertex -60.9 39.5 45
      vertex -61.7498 36.8188 45
      vertex -61.5075 36.633 45
    endloop
  endfacet
  facet normal 0 0 1
    outer loop
      vertex -60.8523 39.8623 45
      vertex -62.5 41.2988 45
      vertex -60.8787 39.7431 45
    endloop
  endfacet
  facet normal 0 0 1
    outer loop
      vertex -60.9 39.5 45
      vertex -61.9749 37.0251 45
      vertex -61.7498 36.8188 45
    endloop
  endfacet
  facet normal 0 0 1
    outer loop
      vertex -60.8787 39.7431 45
      vertex -62.5 41.2988 45
      vertex -60.8947 39.622 45
    endloop
  endfacet
  facet normal 0 0 1
    outer loop
      vertex -60.9 39.5 45
      vertex -62.1812 37.2502 45
      vertex -61.9749 37.0251 45
    endloop
  endfacet
  facet normal 0 0 1
    outer loop
      vertex -60.8947 39.622 45
      vertex -62.5 41.2988 45
      vertex -60.9 39.5 45
    endloop
  endfacet
  facet normal 0 0 1
    outer loop
      vertex -60.9 39.5 45
      vertex -62.367 37.4925 45
      vertex -62.1812 37.2502 45
    endloop
  endfacet
  facet normal 0 0 1
    outer loop
      vertex -62.5 37.7012 45
      vertex -60.9 39.5 45
      vertex -62.5 41.2988 45
    endloop
  endfacet
  facet normal 0 0 1
    outer loop
      vertex -60.9 39.5 45
      vertex -62.5 37.7012 45
      vertex -62.367 37.4925 45
    endloop
  endfacet
  facet normal 0 0 1
    outer loop
      vertex -58.1 -39.5 45
      vertex -56 -39.5 45
      vertex -56.0133 -39.195 45
    endloop
  endfacet
  facet normal 0 0 1
    outer loop
      vertex -58.1053 -39.378 45
      vertex -56.0133 -39.195 45
      vertex -56.0532 -38.8922 45
    endloop
  endfacet
  facet normal 0 0 1
    outer loop
      vertex -56 -39.5 45
      vertex -58.1 -39.5 45
      vertex -56.0133 -39.805 45
    endloop
  endfacet
  facet normal 0 0 1
    outer loop
      vertex -58.1213 -39.2569 45
      vertex -56.0532 -38.8922 45
      vertex -56.1193 -38.5941 45
    endloop
  endfacet
  facet normal -0 0 1
    outer loop
      vertex -58.1053 -39.622 45
      vertex -56.0133 -39.805 45
      vertex -58.1 -39.5 45
    endloop
  endfacet
  facet normal 0 0 1
    outer loop
      vertex -58.1477 -39.1377 45
      vertex -56.1193 -38.5941 45
      vertex -56.2111 -38.3029 45
    endloop
  endfacet
  facet normal 0 0 1
    outer loop
      vertex -56.0133 -39.805 45
      vertex -58.1053 -39.622 45
      vertex -56.0532 -40.1078 45
    endloop
  endfacet
  facet normal 0 0 1
    outer loop
      vertex -58.1844 -39.0212 45
      vertex -56.2111 -38.3029 45
      vertex -56.3279 -38.0208 45
    endloop
  endfacet
  facet normal -0 0 1
    outer loop
      vertex -58.1213 -39.7431 45
      vertex -56.0532 -40.1078 45
      vertex -58.1053 -39.622 45
    endloop
  endfacet
  facet normal 0 0 1
    outer loop
      vertex -58.2312 -38.9083 45
      vertex -56.3279 -38.0208 45
      vertex -56.4689 -37.75 45
    endloop
  endfacet
  facet normal 0 0 1
    outer loop
      vertex -56.0532 -40.1078 45
      vertex -58.1213 -39.7431 45
      vertex -56.1193 -40.4059 45
    endloop
  endfacet
  facet normal 0 0 1
    outer loop
      vertex -58.2876 -38.8 45
      vertex -56.4689 -37.75 45
      vertex -56.633 -37.4925 45
    endloop
  endfacet
  facet normal -0 0 1
    outer loop
      vertex -58.1477 -39.8623 45
      vertex -56.1193 -40.4059 45
      vertex -58.1213 -39.7431 45
    endloop
  endfacet
  facet normal 0 0 1
    outer loop
      vertex -58.3532 -38.697 45
      vertex -56.633 -37.4925 45
      vertex -56.8188 -37.2502 45
    endloop
  endfacet
  facet normal 0 0 1
    outer loop
      vertex -56.1193 -40.4059 45
      vertex -58.1477 -39.8623 45
      vertex -56.2111 -40.6971 45
    endloop
  endfacet
  facet normal 0 0 1
    outer loop
      vertex -58.4275 -38.6001 45
      vertex -56.8188 -37.2502 45
      vertex -57.0251 -37.0251 45
    endloop
  endfacet
  facet normal -0 0 1
    outer loop
      vertex -58.1844 -39.9788 45
      vertex -56.2111 -40.6971 45
      vertex -58.1477 -39.8623 45
    endloop
  endfacet
  facet normal 0 0 1
    outer loop
      vertex -58.5101 -38.5101 45
      vertex -57.0251 -37.0251 45
      vertex -57.2502 -36.8188 45
    endloop
  endfacet
  facet normal 0 0 1
    outer loop
      vertex -56.2111 -40.6971 45
      vertex -58.1844 -39.9788 45
      vertex -56.3279 -40.9792 45
    endloop
  endfacet
  facet normal 0 0 1
    outer loop
      vertex -58.6001 -38.4275 45
      vertex -57.2502 -36.8188 45
      vertex -57.4925 -36.633 45
    endloop
  endfacet
  facet normal -0 0 1
    outer loop
      vertex -58.2312 -40.0917 45
      vertex -56.3279 -40.9792 45
      vertex -58.1844 -39.9788 45
    endloop
  endfacet
  facet normal 0 0 1
    outer loop
      vertex -56.3279 -40.9792 45
      vertex -58.2312 -40.0917 45
      vertex -56.4689 -41.25 45
    endloop
  endfacet
  facet normal 0 0 1
    outer loop
      vertex -58.697 -38.3532 45
      vertex -57.4925 -36.633 45
      vertex -57.75 -36.4689 45
    endloop
  endfacet
  facet normal -0 0 1
    outer loop
      vertex 56.3279 -38.0208 45
      vertex 58.2312 -38.9083 45
      vertex 56.4689 -37.75 45
    endloop
  endfacet
  facet normal 0 0 1
    outer loop
      vertex 58.1 -39.5 45
      vertex 57.4925 -42.367 45
      vertex 57.7012 -42.5 45
    endloop
  endfacet
  facet normal 0 0 1
    outer loop
      vertex 58.2312 -38.9083 45
      vertex 56.3279 -38.0208 45
      vertex 58.1844 -39.0212 45
    endloop
  endfacet
  facet normal 0 0 1
    outer loop
      vertex 58.1 -39.5 45
      vertex 57.2502 -42.1812 45
      vertex 57.4925 -42.367 45
    endloop
  endfacet
  facet normal -0 0 1
    outer loop
      vertex 56.2111 -38.3029 45
      vertex 58.1844 -39.0212 45
      vertex 56.3279 -38.0208 45
    endloop
  endfacet
  facet normal 0 0 1
    outer loop
      vertex 58.1 -39.5 45
      vertex 57.0251 -41.9749 45
      vertex 57.2502 -42.1812 45
    endloop
  endfacet
  facet normal 0 0 1
    outer loop
      vertex 58.1844 -39.0212 45
      vertex 56.2111 -38.3029 45
      vertex 58.1477 -39.1377 45
    endloop
  endfacet
  facet normal 0 0 1
    outer loop
      vertex 58.1 -39.5 45
      vertex 56.8188 -41.7498 45
      vertex 57.0251 -41.9749 45
    endloop
  endfacet
  facet normal -0 0 1
    outer loop
      vertex 56.1193 -38.5941 45
      vertex 58.1477 -39.1377 45
      vertex 56.2111 -38.3029 45
    endloop
  endfacet
  facet normal 0 0 1
    outer loop
      vertex 58.1 -39.5 45
      vertex 56.633 -41.5075 45
      vertex 56.8188 -41.7498 45
    endloop
  endfacet
  facet normal 0 0 1
    outer loop
      vertex 58.1477 -39.1377 45
      vertex 56.1193 -38.5941 45
      vertex 58.1213 -39.2569 45
    endloop
  endfacet
  facet normal 0 0 1
    outer loop
      vertex 58.1 -39.5 45
      vertex 56.4689 -41.25 45
      vertex 56.633 -41.5075 45
    endloop
  endfacet
  facet normal -0 0 1
    outer loop
      vertex 56.0532 -38.8922 45
      vertex 58.1213 -39.2569 45
      vertex 56.1193 -38.5941 45
    endloop
  endfacet
  facet normal 0 0 1
    outer loop
      vertex 58.1 -39.5 45
      vertex 56.3279 -40.9792 45
      vertex 56.4689 -41.25 45
    endloop
  endfacet
  facet normal 0 0 1
    outer loop
      vertex 58.1213 -39.2569 45
      vertex 56.0532 -38.8922 45
      vertex 58.1053 -39.378 45
    endloop
  endfacet
  facet normal 0 0 1
    outer loop
      vertex 58.1 -39.5 45
      vertex 56.2111 -40.6971 45
      vertex 56.3279 -40.9792 45
    endloop
  endfacet
  facet normal -0 0 1
    outer loop
      vertex 56.0133 -39.195 45
      vertex 58.1053 -39.378 45
      vertex 56.0532 -38.8922 45
    endloop
  endfacet
  facet normal 0 0 1
    outer loop
      vertex 58.1 -39.5 45
      vertex 56.1193 -40.4059 45
      vertex 56.2111 -40.6971 45
    endloop
  endfacet
  facet normal 0 0 1
    outer loop
      vertex 58.1053 -39.378 45
      vertex 56.0133 -39.195 45
      vertex 58.1 -39.5 45
    endloop
  endfacet
  facet normal 0 0 1
    outer loop
      vertex 58.1 -39.5 45
      vertex 56.0532 -40.1078 45
      vertex 56.1193 -40.4059 45
    endloop
  endfacet
  facet normal 0 0 1
    outer loop
      vertex 56 -39.5 45
      vertex 58.1 -39.5 45
      vertex 56.0133 -39.195 45
    endloop
  endfacet
  facet normal 0 0 1
    outer loop
      vertex 58.1 -39.5 45
      vertex 56.0133 -39.805 45
      vertex 56.0532 -40.1078 45
    endloop
  endfacet
  facet normal 0 0 1
    outer loop
      vertex 58.1 -39.5 45
      vertex 56 -39.5 45
      vertex 56.0133 -39.805 45
    endloop
  endfacet
  facet normal -0 0 1
    outer loop
      vertex 56.3279 40.9792 45
      vertex 58.2312 40.0917 45
      vertex 56.4689 41.25 45
    endloop
  endfacet
  facet normal 0 0 1
    outer loop
      vertex 58.1 39.5 45
      vertex 57.4925 36.633 45
      vertex 57.75 36.4689 45
    endloop
  endfacet
  facet normal 0 0 1
    outer loop
      vertex 58.2312 40.0917 45
      vertex 56.3279 40.9792 45
      vertex 58.1844 39.9788 45
    endloop
  endfacet
  facet normal 0 0 1
    outer loop
      vertex 58.1 39.5 45
      vertex 57.2502 36.8188 45
      vertex 57.4925 36.633 45
    endloop
  endfacet
  facet normal -0 0 1
    outer loop
      vertex 56.2111 40.6971 45
      vertex 58.1844 39.9788 45
      vertex 56.3279 40.9792 45
    endloop
  endfacet
  facet normal 0 0 1
    outer loop
      vertex 58.1 39.5 45
      vertex 57.0251 37.0251 45
      vertex 57.2502 36.8188 45
    endloop
  endfacet
  facet normal 0 0 1
    outer loop
      vertex 58.1844 39.9788 45
      vertex 56.2111 40.6971 45
      vertex 58.1477 39.8623 45
    endloop
  endfacet
  facet normal 0 0 1
    outer loop
      vertex 58.1 39.5 45
      vertex 56.8188 37.2502 45
      vertex 57.0251 37.0251 45
    endloop
  endfacet
  facet normal -0 0 1
    outer loop
      vertex 56.1193 40.4059 45
      vertex 58.1477 39.8623 45
      vertex 56.2111 40.6971 45
    endloop
  endfacet
  facet normal 0 0 1
    outer loop
      vertex 58.1 39.5 45
      vertex 56.633 37.4925 45
      vertex 56.8188 37.2502 45
    endloop
  endfacet
  facet normal 0 0 1
    outer loop
      vertex 58.1477 39.8623 45
      vertex 56.1193 40.4059 45
      vertex 58.1213 39.7431 45
    endloop
  endfacet
  facet normal 0 0 1
    outer loop
      vertex 58.1 39.5 45
      vertex 56.4689 37.75 45
      vertex 56.633 37.4925 45
    endloop
  endfacet
  facet normal -0 0 1
    outer loop
      vertex 56.0532 40.1078 45
      vertex 58.1213 39.7431 45
      vertex 56.1193 40.4059 45
    endloop
  endfacet
  facet normal 0 0 1
    outer loop
      vertex 58.1 39.5 45
      vertex 56.3279 38.0208 45
      vertex 56.4689 37.75 45
    endloop
  endfacet
  facet normal 0 0 1
    outer loop
      vertex 58.1213 39.7431 45
      vertex 56.0532 40.1078 45
      vertex 58.1053 39.622 45
    endloop
  endfacet
  facet normal 0 0 1
    outer loop
      vertex 58.1 39.5 45
      vertex 56.2111 38.3029 45
      vertex 56.3279 38.0208 45
    endloop
  endfacet
  facet normal -0 0 1
    outer loop
      vertex 56.0133 39.805 45
      vertex 58.1053 39.622 45
      vertex 56.0532 40.1078 45
    endloop
  endfacet
  facet normal 0 0 1
    outer loop
      vertex 58.1 39.5 45
      vertex 56.1193 38.5941 45
      vertex 56.2111 38.3029 45
    endloop
  endfacet
  facet normal 0 0 1
    outer loop
      vertex 58.1053 39.622 45
      vertex 56.0133 39.805 45
      vertex 58.1 39.5 45
    endloop
  endfacet
  facet normal 0 0 1
    outer loop
      vertex 58.1 39.5 45
      vertex 56.0532 38.8922 45
      vertex 56.1193 38.5941 45
    endloop
  endfacet
  facet normal 0 0 1
    outer loop
      vertex 56 39.5 45
      vertex 58.1 39.5 45
      vertex 56.0133 39.805 45
    endloop
  endfacet
  facet normal 0 0 1
    outer loop
      vertex 58.1 39.5 45
      vertex 56.0133 39.195 45
      vertex 56.0532 38.8922 45
    endloop
  endfacet
  facet normal 0 0 1
    outer loop
      vertex 58.1 39.5 45
      vertex 56 39.5 45
      vertex 56.0133 39.195 45
    endloop
  endfacet
  facet normal 0 0 1
    outer loop
      vertex -58.1 39.5 45
      vertex -56 39.5 45
      vertex -56.0133 39.805 45
    endloop
  endfacet
  facet normal 0 0 1
    outer loop
      vertex -58.1053 39.622 45
      vertex -56.0133 39.805 45
      vertex -56.0532 40.1078 45
    endloop
  endfacet
  facet normal 0 0 1
    outer loop
      vertex -56 39.5 45
      vertex -58.1 39.5 45
      vertex -56.0133 39.195 45
    endloop
  endfacet
  facet normal 0 0 1
    outer loop
      vertex -58.1213 39.7431 45
      vertex -56.0532 40.1078 45
      vertex -56.1193 40.4059 45
    endloop
  endfacet
  facet normal -0 0 1
    outer loop
      vertex -58.1053 39.378 45
      vertex -56.0133 39.195 45
      vertex -58.1 39.5 45
    endloop
  endfacet
  facet normal 0 0 1
    outer loop
      vertex -58.1477 39.8623 45
      vertex -56.1193 40.4059 45
      vertex -56.2111 40.6971 45
    endloop
  endfacet
  facet normal 0 0 1
    outer loop
      vertex -56.0133 39.195 45
      vertex -58.1053 39.378 45
      vertex -56.0532 38.8922 45
    endloop
  endfacet
  facet normal 0 0 1
    outer loop
      vertex -58.1844 39.9788 45
      vertex -56.2111 40.6971 45
      vertex -56.3279 40.9792 45
    endloop
  endfacet
  facet normal -0 0 1
    outer loop
      vertex -58.1213 39.2569 45
      vertex -56.0532 38.8922 45
      vertex -58.1053 39.378 45
    endloop
  endfacet
  facet normal 0 0 1
    outer loop
      vertex -58.2312 40.0917 45
      vertex -56.3279 40.9792 45
      vertex -56.4689 41.25 45
    endloop
  endfacet
  facet normal 0 0 1
    outer loop
      vertex -56.0532 38.8922 45
      vertex -58.1213 39.2569 45
      vertex -56.1193 38.5941 45
    endloop
  endfacet
  facet normal 0 0 1
    outer loop
      vertex -58.2876 40.2 45
      vertex -56.4689 41.25 45
      vertex -56.633 41.5075 45
    endloop
  endfacet
  facet normal -0 0 1
    outer loop
      vertex -58.1477 39.1377 45
      vertex -56.1193 38.5941 45
      vertex -58.1213 39.2569 45
    endloop
  endfacet
  facet normal 0 0 1
    outer loop
      vertex -58.3532 40.303 45
      vertex -56.633 41.5075 45
      vertex -56.8188 41.7498 45
    endloop
  endfacet
  facet normal 0 0 1
    outer loop
      vertex -56.1193 38.5941 45
      vertex -58.1477 39.1377 45
      vertex -56.2111 38.3029 45
    endloop
  endfacet
  facet normal 0 0 1
    outer loop
      vertex -58.4275 40.3999 45
      vertex -56.8188 41.7498 45
      vertex -57.0251 41.9749 45
    endloop
  endfacet
  facet normal -0 0 1
    outer loop
      vertex -58.1844 39.0212 45
      vertex -56.2111 38.3029 45
      vertex -58.1477 39.1377 45
    endloop
  endfacet
  facet normal 0 0 1
    outer loop
      vertex -58.5101 40.4899 45
      vertex -57.0251 41.9749 45
      vertex -57.2502 42.1812 45
    endloop
  endfacet
  facet normal 0 0 1
    outer loop
      vertex -56.2111 38.3029 45
      vertex -58.1844 39.0212 45
      vertex -56.3279 38.0208 45
    endloop
  endfacet
  facet normal 0 0 1
    outer loop
      vertex -58.6001 40.5725 45
      vertex -57.2502 42.1812 45
      vertex -57.4925 42.367 45
    endloop
  endfacet
  facet normal -0 0 1
    outer loop
      vertex -58.2312 38.9083 45
      vertex -56.3279 38.0208 45
      vertex -58.1844 39.0212 45
    endloop
  endfacet
  facet normal 0 0 1
    outer loop
      vertex -58.697 40.6468 45
      vertex -57.4925 42.367 45
      vertex -57.7012 42.5 45
    endloop
  endfacet
  facet normal 0 0 1
    outer loop
      vertex -56.3279 38.0208 45
      vertex -58.2312 38.9083 45
      vertex -56.4689 37.75 45
    endloop
  endfacet
  facet normal 0 0 1
    outer loop
      vertex -56.0133 -39.195 45
      vertex -58.1053 -39.378 45
      vertex -58.1 -39.5 45
    endloop
  endfacet
  facet normal 0 0 1
    outer loop
      vertex -56.0532 -38.8922 45
      vertex -58.1213 -39.2569 45
      vertex -58.1053 -39.378 45
    endloop
  endfacet
  facet normal 0 0 1
    outer loop
      vertex -56.1193 -38.5941 45
      vertex -58.1477 -39.1377 45
      vertex -58.1213 -39.2569 45
    endloop
  endfacet
  facet normal 0 0 1
    outer loop
      vertex -56.2111 -38.3029 45
      vertex -58.1844 -39.0212 45
      vertex -58.1477 -39.1377 45
    endloop
  endfacet
  facet normal 0 0 1
    outer loop
      vertex -56.3279 -38.0208 45
      vertex -58.2312 -38.9083 45
      vertex -58.1844 -39.0212 45
    endloop
  endfacet
  facet normal 0 0 1
    outer loop
      vertex -56.4689 -37.75 45
      vertex -58.2876 -38.8 45
      vertex -58.2312 -38.9083 45
    endloop
  endfacet
  facet normal 0 0 1
    outer loop
      vertex -58.9083 -38.2312 45
      vertex -58.0208 -36.3279 45
      vertex -58.3029 -36.2111 45
    endloop
  endfacet
  facet normal 0 0 1
    outer loop
      vertex -56.633 -37.4925 45
      vertex -58.3532 -38.697 45
      vertex -58.2876 -38.8 45
    endloop
  endfacet
  facet normal 0 0 1
    outer loop
      vertex -56.8188 -37.2502 45
      vertex -58.4275 -38.6001 45
      vertex -58.3532 -38.697 45
    endloop
  endfacet
  facet normal 0 0 1
    outer loop
      vertex -57.0251 -37.0251 45
      vertex -58.5101 -38.5101 45
      vertex -58.4275 -38.6001 45
    endloop
  endfacet
  facet normal 0 0 1
    outer loop
      vertex -59.0212 -38.1844 45
      vertex -58.3029 -36.2111 45
      vertex -58.5941 -36.1193 45
    endloop
  endfacet
  facet normal 0 0 1
    outer loop
      vertex -57.2502 -36.8188 45
      vertex -58.6001 -38.4275 45
      vertex -58.5101 -38.5101 45
    endloop
  endfacet
  facet normal 0 0 1
    outer loop
      vertex -57.4925 -36.633 45
      vertex -58.697 -38.3532 45
      vertex -58.6001 -38.4275 45
    endloop
  endfacet
  facet normal 0 0 1
    outer loop
      vertex -57.75 -36.4689 45
      vertex -58.8 -38.2876 45
      vertex -58.697 -38.3532 45
    endloop
  endfacet
  facet normal 0 0 1
    outer loop
      vertex -59.1377 -38.1477 45
      vertex -58.5941 -36.1193 45
      vertex -58.8922 -36.0532 45
    endloop
  endfacet
  facet normal 0 0 1
    outer loop
      vertex -58.0208 -36.3279 45
      vertex -58.9083 -38.2312 45
      vertex -58.8 -38.2876 45
    endloop
  endfacet
  facet normal 0 0 1
    outer loop
      vertex -58.3029 -36.2111 45
      vertex -59.0212 -38.1844 45
      vertex -58.9083 -38.2312 45
    endloop
  endfacet
  facet normal 0 0 1
    outer loop
      vertex -58.5941 -36.1193 45
      vertex -59.1377 -38.1477 45
      vertex -59.0212 -38.1844 45
    endloop
  endfacet
  facet normal 0 0 1
    outer loop
      vertex -59.2569 -38.1213 45
      vertex -58.8922 -36.0532 45
      vertex -59.195 -36.0133 45
    endloop
  endfacet
  facet normal 0 0 1
    outer loop
      vertex -58.8922 -36.0532 45
      vertex -59.2569 -38.1213 45
      vertex -59.1377 -38.1477 45
    endloop
  endfacet
  facet normal 0 0 1
    outer loop
      vertex -59.195 -36.0133 45
      vertex -59.378 -38.1053 45
      vertex -59.2569 -38.1213 45
    endloop
  endfacet
  facet normal 0 0 1
    outer loop
      vertex -59.5 -36 45
      vertex -59.378 -38.1053 45
      vertex -59.195 -36.0133 45
    endloop
  endfacet
  facet normal 0 0 1
    outer loop
      vertex -59.5 -36 45
      vertex -59.5 -38.1 45
      vertex -59.378 -38.1053 45
    endloop
  endfacet
  facet normal 0 0 1
    outer loop
      vertex -59.5 -36 45
      vertex -59.622 -38.1053 45
      vertex -59.5 -38.1 45
    endloop
  endfacet
  facet normal -0 0 1
    outer loop
      vertex -59.805 -36.0133 45
      vertex -59.622 -38.1053 45
      vertex -59.5 -36 45
    endloop
  endfacet
  facet normal 0 0 1
    outer loop
      vertex -59.622 -38.1053 45
      vertex -59.805 -36.0133 45
      vertex -59.7431 -38.1213 45
    endloop
  endfacet
  facet normal -0 0 1
    outer loop
      vertex -60.1078 -36.0532 45
      vertex -59.7431 -38.1213 45
      vertex -59.805 -36.0133 45
    endloop
  endfacet
  facet normal 0 0 1
    outer loop
      vertex -59.7431 -38.1213 45
      vertex -60.1078 -36.0532 45
      vertex -59.8623 -38.1477 45
    endloop
  endfacet
  facet normal -0 0 1
    outer loop
      vertex -60.4059 -36.1193 45
      vertex -59.8623 -38.1477 45
      vertex -60.1078 -36.0532 45
    endloop
  endfacet
  facet normal 0 0 1
    outer loop
      vertex -59.8623 -38.1477 45
      vertex -60.4059 -36.1193 45
      vertex -59.9788 -38.1844 45
    endloop
  endfacet
  facet normal -0 0 1
    outer loop
      vertex -60.6971 -36.2111 45
      vertex -59.9788 -38.1844 45
      vertex -60.4059 -36.1193 45
    endloop
  endfacet
  facet normal 0 0 1
    outer loop
      vertex -59.9788 -38.1844 45
      vertex -60.6971 -36.2111 45
      vertex -60.0917 -38.2312 45
    endloop
  endfacet
  facet normal -0 0 1
    outer loop
      vertex -60.9792 -36.3279 45
      vertex -60.0917 -38.2312 45
      vertex -60.6971 -36.2111 45
    endloop
  endfacet
  facet normal 0 0 1
    outer loop
      vertex -60.0917 -38.2312 45
      vertex -60.9792 -36.3279 45
      vertex -60.2 -38.2876 45
    endloop
  endfacet
  facet normal -0 0 1
    outer loop
      vertex -61.25 -36.4689 45
      vertex -60.2 -38.2876 45
      vertex -60.9792 -36.3279 45
    endloop
  endfacet
  facet normal 0 0 1
    outer loop
      vertex -60.2 -38.2876 45
      vertex -61.25 -36.4689 45
      vertex -60.303 -38.3532 45
    endloop
  endfacet
  facet normal -0 0 1
    outer loop
      vertex -61.5075 -36.633 45
      vertex -60.303 -38.3532 45
      vertex -61.25 -36.4689 45
    endloop
  endfacet
  facet normal 0 0 1
    outer loop
      vertex -60.303 -38.3532 45
      vertex -61.5075 -36.633 45
      vertex -60.3999 -38.4275 45
    endloop
  endfacet
  facet normal -0 0 1
    outer loop
      vertex -61.7498 -36.8188 45
      vertex -60.3999 -38.4275 45
      vertex -61.5075 -36.633 45
    endloop
  endfacet
  facet normal 0 0 1
    outer loop
      vertex -60.3999 -38.4275 45
      vertex -61.7498 -36.8188 45
      vertex -60.4899 -38.5101 45
    endloop
  endfacet
  facet normal -0 0 1
    outer loop
      vertex -61.9749 -37.0251 45
      vertex -60.4899 -38.5101 45
      vertex -61.7498 -36.8188 45
    endloop
  endfacet
  facet normal 0 0 1
    outer loop
      vertex -60.4899 -38.5101 45
      vertex -61.9749 -37.0251 45
      vertex -60.5725 -38.6001 45
    endloop
  endfacet
  facet normal -0 0 1
    outer loop
      vertex -62.1812 -37.2502 45
      vertex -60.5725 -38.6001 45
      vertex -61.9749 -37.0251 45
    endloop
  endfacet
  facet normal 0 0 1
    outer loop
      vertex -60.5725 -38.6001 45
      vertex -62.1812 -37.2502 45
      vertex -60.6468 -38.697 45
    endloop
  endfacet
  facet normal -0 0 1
    outer loop
      vertex -62.5 -37.7012 45
      vertex -60.6468 -38.697 45
      vertex -62.367 -37.4925 45
    endloop
  endfacet
  facet normal -0 0 1
    outer loop
      vertex -62.367 -37.4925 45
      vertex -60.6468 -38.697 45
      vertex -62.1812 -37.2502 45
    endloop
  endfacet
  facet normal -0 0 1
    outer loop
      vertex -58.3532 38.697 45
      vertex -56.633 37.4925 45
      vertex -58.2876 38.8 45
    endloop
  endfacet
  facet normal 0 0 1
    outer loop
      vertex -56.633 37.4925 45
      vertex -58.3532 38.697 45
      vertex -56.8188 37.2502 45
    endloop
  endfacet
  facet normal -0 0 1
    outer loop
      vertex -58.4275 38.6001 45
      vertex -56.8188 37.2502 45
      vertex -58.3532 38.697 45
    endloop
  endfacet
  facet normal 0 0 1
    outer loop
      vertex -56.8188 37.2502 45
      vertex -58.4275 38.6001 45
      vertex -57.0251 37.0251 45
    endloop
  endfacet
  facet normal -0 0 1
    outer loop
      vertex -58.5101 38.5101 45
      vertex -57.0251 37.0251 45
      vertex -58.4275 38.6001 45
    endloop
  endfacet
  facet normal 0 0 1
    outer loop
      vertex -57.0251 37.0251 45
      vertex -58.5101 38.5101 45
      vertex -57.2502 36.8188 45
    endloop
  endfacet
  facet normal -0 0 1
    outer loop
      vertex -58.6001 38.4275 45
      vertex -57.2502 36.8188 45
      vertex -58.5101 38.5101 45
    endloop
  endfacet
  facet normal 0 0 1
    outer loop
      vertex -57.2502 36.8188 45
      vertex -58.6001 38.4275 45
      vertex -57.4925 36.633 45
    endloop
  endfacet
  facet normal -0 0 1
    outer loop
      vertex -58.697 38.3532 45
      vertex -57.4925 36.633 45
      vertex -58.6001 38.4275 45
    endloop
  endfacet
  facet normal 0 0 1
    outer loop
      vertex -57.4925 36.633 45
      vertex -58.697 38.3532 45
      vertex -57.75 36.4689 45
    endloop
  endfacet
  facet normal -0 0 1
    outer loop
      vertex -58.8 38.2876 45
      vertex -57.75 36.4689 45
      vertex -58.697 38.3532 45
    endloop
  endfacet
  facet normal 0 0 1
    outer loop
      vertex -57.75 36.4689 45
      vertex -58.8 38.2876 45
      vertex -58.0208 36.3279 45
    endloop
  endfacet
  facet normal -0 0 1
    outer loop
      vertex -58.9083 38.2312 45
      vertex -58.0208 36.3279 45
      vertex -58.8 38.2876 45
    endloop
  endfacet
  facet normal 0 0 1
    outer loop
      vertex -58.0208 36.3279 45
      vertex -58.9083 38.2312 45
      vertex -58.3029 36.2111 45
    endloop
  endfacet
  facet normal -0 0 1
    outer loop
      vertex -59.0212 38.1844 45
      vertex -58.3029 36.2111 45
      vertex -58.9083 38.2312 45
    endloop
  endfacet
  facet normal 0 0 1
    outer loop
      vertex -58.3029 36.2111 45
      vertex -59.0212 38.1844 45
      vertex -58.5941 36.1193 45
    endloop
  endfacet
  facet normal -0 0 1
    outer loop
      vertex -59.1377 38.1477 45
      vertex -58.5941 36.1193 45
      vertex -59.0212 38.1844 45
    endloop
  endfacet
  facet normal 0 0 1
    outer loop
      vertex -58.5941 36.1193 45
      vertex -59.1377 38.1477 45
      vertex -58.8922 36.0532 45
    endloop
  endfacet
  facet normal -0 0 1
    outer loop
      vertex -59.2569 38.1213 45
      vertex -58.8922 36.0532 45
      vertex -59.1377 38.1477 45
    endloop
  endfacet
  facet normal 0 0 1
    outer loop
      vertex -58.8922 36.0532 45
      vertex -59.2569 38.1213 45
      vertex -59.195 36.0133 45
    endloop
  endfacet
  facet normal -0 0 1
    outer loop
      vertex -59.378 38.1053 45
      vertex -59.195 36.0133 45
      vertex -59.2569 38.1213 45
    endloop
  endfacet
  facet normal -0 0 1
    outer loop
      vertex -59.5 38.1 45
      vertex -59.195 36.0133 45
      vertex -59.378 38.1053 45
    endloop
  endfacet
  facet normal 0 0 1
    outer loop
      vertex -59.5 38.1 45
      vertex -59.5 36 45
      vertex -59.195 36.0133 45
    endloop
  endfacet
  facet normal 0 0 1
    outer loop
      vertex -59.622 38.1053 45
      vertex -59.5 36 45
      vertex -59.5 38.1 45
    endloop
  endfacet
  facet normal 0 0 1
    outer loop
      vertex -59.805 36.0133 45
      vertex -59.622 38.1053 45
      vertex -59.7431 38.1213 45
    endloop
  endfacet
  facet normal 0 0 1
    outer loop
      vertex -59.622 38.1053 45
      vertex -59.805 36.0133 45
      vertex -59.5 36 45
    endloop
  endfacet
  facet normal 0 0 1
    outer loop
      vertex -60.1078 36.0532 45
      vertex -59.7431 38.1213 45
      vertex -59.8623 38.1477 45
    endloop
  endfacet
  facet normal 0 0 1
    outer loop
      vertex -60.4059 36.1193 45
      vertex -59.8623 38.1477 45
      vertex -59.9788 38.1844 45
    endloop
  endfacet
  facet normal 0 0 1
    outer loop
      vertex -60.6971 36.2111 45
      vertex -59.9788 38.1844 45
      vertex -60.0917 38.2312 45
    endloop
  endfacet
  facet normal 0 0 1
    outer loop
      vertex -59.7431 38.1213 45
      vertex -60.1078 36.0532 45
      vertex -59.805 36.0133 45
    endloop
  endfacet
  facet normal 0 0 1
    outer loop
      vertex -60.9792 36.3279 45
      vertex -60.0917 38.2312 45
      vertex -60.2 38.2876 45
    endloop
  endfacet
  facet normal 0 0 1
    outer loop
      vertex -61.25 36.4689 45
      vertex -60.2 38.2876 45
      vertex -60.303 38.3532 45
    endloop
  endfacet
  facet normal 0 0 1
    outer loop
      vertex -61.25 36.4689 45
      vertex -60.303 38.3532 45
      vertex -60.3999 38.4275 45
    endloop
  endfacet
  facet normal 0 0 1
    outer loop
      vertex -59.8623 38.1477 45
      vertex -60.4059 36.1193 45
      vertex -60.1078 36.0532 45
    endloop
  endfacet
  facet normal 0 0 1
    outer loop
      vertex -61.25 36.4689 45
      vertex -60.3999 38.4275 45
      vertex -60.4899 38.5101 45
    endloop
  endfacet
  facet normal 0 0 1
    outer loop
      vertex -61.25 36.4689 45
      vertex -60.4899 38.5101 45
      vertex -60.5725 38.6001 45
    endloop
  endfacet
  facet normal 0 0 1
    outer loop
      vertex -61.25 36.4689 45
      vertex -60.5725 38.6001 45
      vertex -60.6468 38.697 45
    endloop
  endfacet
  facet normal 0 0 1
    outer loop
      vertex -59.9788 38.1844 45
      vertex -60.6971 36.2111 45
      vertex -60.4059 36.1193 45
    endloop
  endfacet
  facet normal 0 0 1
    outer loop
      vertex -61.25 36.4689 45
      vertex -60.6468 38.697 45
      vertex -60.7124 38.8 45
    endloop
  endfacet
  facet normal 0 0 1
    outer loop
      vertex -61.25 36.4689 45
      vertex -60.7124 38.8 45
      vertex -60.7688 38.9083 45
    endloop
  endfacet
  facet normal 0 0 1
    outer loop
      vertex -61.25 36.4689 45
      vertex -60.7688 38.9083 45
      vertex -60.8156 39.0212 45
    endloop
  endfacet
  facet normal 0 0 1
    outer loop
      vertex -61.25 36.4689 45
      vertex -60.8156 39.0212 45
      vertex -60.8523 39.1377 45
    endloop
  endfacet
  facet normal 0 0 1
    outer loop
      vertex -61.25 36.4689 45
      vertex -60.8523 39.1377 45
      vertex -60.8787 39.2569 45
    endloop
  endfacet
  facet normal 0 0 1
    outer loop
      vertex -61.25 36.4689 45
      vertex -60.8787 39.2569 45
      vertex -60.8947 39.378 45
    endloop
  endfacet
  facet normal 0 0 1
    outer loop
      vertex -60.0917 38.2312 45
      vertex -60.9792 36.3279 45
      vertex -60.6971 36.2111 45
    endloop
  endfacet
  facet normal 0 0 1
    outer loop
      vertex -61.25 36.4689 45
      vertex -60.8947 39.378 45
      vertex -60.9 39.5 45
    endloop
  endfacet
  facet normal 0 0 1
    outer loop
      vertex 62.5 -37.7012 45
      vertex 60.8947 -39.378 45
      vertex 60.9 -39.5 45
    endloop
  endfacet
  facet normal 0 0 1
    outer loop
      vertex 61.25 -36.4689 45
      vertex 60.8787 -39.2569 45
      vertex 60.8947 -39.378 45
    endloop
  endfacet
  facet normal 0 0 1
    outer loop
      vertex 61.25 -36.4689 45
      vertex 60.8523 -39.1377 45
      vertex 60.8787 -39.2569 45
    endloop
  endfacet
  facet normal 0 0 1
    outer loop
      vertex 61.25 -36.4689 45
      vertex 60.8156 -39.0212 45
      vertex 60.8523 -39.1377 45
    endloop
  endfacet
  facet normal 0 0 1
    outer loop
      vertex 61.25 -36.4689 45
      vertex 60.7688 -38.9083 45
      vertex 60.8156 -39.0212 45
    endloop
  endfacet
  facet normal 0 0 1
    outer loop
      vertex 61.25 -36.4689 45
      vertex 60.7124 -38.8 45
      vertex 60.7688 -38.9083 45
    endloop
  endfacet
  facet normal 0 0 1
    outer loop
      vertex 60.0917 -38.2312 45
      vertex 60.9792 -36.3279 45
      vertex 60.6971 -36.2111 45
    endloop
  endfacet
  facet normal 0 0 1
    outer loop
      vertex 61.25 -36.4689 45
      vertex 60.6468 -38.697 45
      vertex 60.7124 -38.8 45
    endloop
  endfacet
  facet normal 0 0 1
    outer loop
      vertex 61.25 -36.4689 45
      vertex 60.5725 -38.6001 45
      vertex 60.6468 -38.697 45
    endloop
  endfacet
  facet normal 0 0 1
    outer loop
      vertex 61.25 -36.4689 45
      vertex 60.4899 -38.5101 45
      vertex 60.5725 -38.6001 45
    endloop
  endfacet
  facet normal 0 0 1
    outer loop
      vertex 59.9788 -38.1844 45
      vertex 60.6971 -36.2111 45
      vertex 60.4059 -36.1193 45
    endloop
  endfacet
  facet normal 0 0 1
    outer loop
      vertex 61.25 -36.4689 45
      vertex 60.3999 -38.4275 45
      vertex 60.4899 -38.5101 45
    endloop
  endfacet
  facet normal 0 0 1
    outer loop
      vertex 61.25 -36.4689 45
      vertex 60.303 -38.3532 45
      vertex 60.3999 -38.4275 45
    endloop
  endfacet
  facet normal 0 0 1
    outer loop
      vertex 61.25 -36.4689 45
      vertex 60.2 -38.2876 45
      vertex 60.303 -38.3532 45
    endloop
  endfacet
  facet normal 0 0 1
    outer loop
      vertex 59.8623 -38.1477 45
      vertex 60.4059 -36.1193 45
      vertex 60.1078 -36.0532 45
    endloop
  endfacet
  facet normal 0 0 1
    outer loop
      vertex 60.9792 -36.3279 45
      vertex 60.0917 -38.2312 45
      vertex 60.2 -38.2876 45
    endloop
  endfacet
  facet normal 0 0 1
    outer loop
      vertex 60.6971 -36.2111 45
      vertex 59.9788 -38.1844 45
      vertex 60.0917 -38.2312 45
    endloop
  endfacet
  facet normal 0 0 1
    outer loop
      vertex 60.4059 -36.1193 45
      vertex 59.8623 -38.1477 45
      vertex 59.9788 -38.1844 45
    endloop
  endfacet
  facet normal 0 0 1
    outer loop
      vertex 59.7431 -38.1213 45
      vertex 60.1078 -36.0532 45
      vertex 59.805 -36.0133 45
    endloop
  endfacet
  facet normal 0 0 1
    outer loop
      vertex 60.1078 -36.0532 45
      vertex 59.7431 -38.1213 45
      vertex 59.8623 -38.1477 45
    endloop
  endfacet
  facet normal 0 0 1
    outer loop
      vertex 59.805 -36.0133 45
      vertex 59.622 -38.1053 45
      vertex 59.7431 -38.1213 45
    endloop
  endfacet
  facet normal 0 0 1
    outer loop
      vertex 59.5 -36 45
      vertex 59.622 -38.1053 45
      vertex 59.805 -36.0133 45
    endloop
  endfacet
  facet normal 0 0 1
    outer loop
      vertex 59.5 -36 45
      vertex 59.5 -38.1 45
      vertex 59.622 -38.1053 45
    endloop
  endfacet
  facet normal 0 0 1
    outer loop
      vertex 59.5 -36 45
      vertex 59.378 -38.1053 45
      vertex 59.5 -38.1 45
    endloop
  endfacet
  facet normal -0 0 1
    outer loop
      vertex 59.195 -36.0133 45
      vertex 59.378 -38.1053 45
      vertex 59.5 -36 45
    endloop
  endfacet
  facet normal 0 0 1
    outer loop
      vertex 59.378 -38.1053 45
      vertex 59.195 -36.0133 45
      vertex 59.2569 -38.1213 45
    endloop
  endfacet
  facet normal -0 0 1
    outer loop
      vertex 58.8922 -36.0532 45
      vertex 59.2569 -38.1213 45
      vertex 59.195 -36.0133 45
    endloop
  endfacet
  facet normal 0 0 1
    outer loop
      vertex 59.2569 -38.1213 45
      vertex 58.8922 -36.0532 45
      vertex 59.1377 -38.1477 45
    endloop
  endfacet
  facet normal -0 0 1
    outer loop
      vertex 58.5941 -36.1193 45
      vertex 59.1377 -38.1477 45
      vertex 58.8922 -36.0532 45
    endloop
  endfacet
  facet normal 0 0 1
    outer loop
      vertex 59.1377 -38.1477 45
      vertex 58.5941 -36.1193 45
      vertex 59.0212 -38.1844 45
    endloop
  endfacet
  facet normal -0 0 1
    outer loop
      vertex 58.3029 -36.2111 45
      vertex 59.0212 -38.1844 45
      vertex 58.5941 -36.1193 45
    endloop
  endfacet
  facet normal 0 0 1
    outer loop
      vertex 59.0212 -38.1844 45
      vertex 58.3029 -36.2111 45
      vertex 58.9083 -38.2312 45
    endloop
  endfacet
  facet normal -0 0 1
    outer loop
      vertex 58.0208 -36.3279 45
      vertex 58.9083 -38.2312 45
      vertex 58.3029 -36.2111 45
    endloop
  endfacet
  facet normal 0 0 1
    outer loop
      vertex 58.9083 -38.2312 45
      vertex 58.0208 -36.3279 45
      vertex 58.8 -38.2876 45
    endloop
  endfacet
  facet normal -0 0 1
    outer loop
      vertex 57.75 -36.4689 45
      vertex 58.8 -38.2876 45
      vertex 58.0208 -36.3279 45
    endloop
  endfacet
  facet normal 0 0 1
    outer loop
      vertex 58.8 -38.2876 45
      vertex 57.75 -36.4689 45
      vertex 58.697 -38.3532 45
    endloop
  endfacet
  facet normal -0 0 1
    outer loop
      vertex 57.4925 -36.633 45
      vertex 58.697 -38.3532 45
      vertex 57.75 -36.4689 45
    endloop
  endfacet
  facet normal 0 0 1
    outer loop
      vertex 58.697 -38.3532 45
      vertex 57.4925 -36.633 45
      vertex 58.6001 -38.4275 45
    endloop
  endfacet
  facet normal -0 0 1
    outer loop
      vertex 57.2502 -36.8188 45
      vertex 58.6001 -38.4275 45
      vertex 57.4925 -36.633 45
    endloop
  endfacet
  facet normal 0 0 1
    outer loop
      vertex 58.6001 -38.4275 45
      vertex 57.2502 -36.8188 45
      vertex 58.5101 -38.5101 45
    endloop
  endfacet
  facet normal -0 0 1
    outer loop
      vertex 57.0251 -37.0251 45
      vertex 58.5101 -38.5101 45
      vertex 57.2502 -36.8188 45
    endloop
  endfacet
  facet normal 0 0 1
    outer loop
      vertex 58.5101 -38.5101 45
      vertex 57.0251 -37.0251 45
      vertex 58.4275 -38.6001 45
    endloop
  endfacet
  facet normal -0 0 1
    outer loop
      vertex 56.8188 -37.2502 45
      vertex 58.4275 -38.6001 45
      vertex 57.0251 -37.0251 45
    endloop
  endfacet
  facet normal 0 0 1
    outer loop
      vertex 58.4275 -38.6001 45
      vertex 56.8188 -37.2502 45
      vertex 58.3532 -38.697 45
    endloop
  endfacet
  facet normal 0 0 1
    outer loop
      vertex 58.3532 -38.697 45
      vertex 56.633 -37.4925 45
      vertex 58.2876 -38.8 45
    endloop
  endfacet
  facet normal -0 0 1
    outer loop
      vertex 56.633 -37.4925 45
      vertex 58.3532 -38.697 45
      vertex 56.8188 -37.2502 45
    endloop
  endfacet
  facet normal 0 0 1
    outer loop
      vertex 62.5 37.7012 45
      vertex 60.6468 38.697 45
      vertex 62.367 37.4925 45
    endloop
  endfacet
  facet normal 0 0 1
    outer loop
      vertex 62.367 37.4925 45
      vertex 60.6468 38.697 45
      vertex 62.1812 37.2502 45
    endloop
  endfacet
  facet normal -0 0 1
    outer loop
      vertex 60.5725 38.6001 45
      vertex 62.1812 37.2502 45
      vertex 60.6468 38.697 45
    endloop
  endfacet
  facet normal 0 0 1
    outer loop
      vertex 62.1812 37.2502 45
      vertex 60.5725 38.6001 45
      vertex 61.9749 37.0251 45
    endloop
  endfacet
  facet normal -0 0 1
    outer loop
      vertex 60.4899 38.5101 45
      vertex 61.9749 37.0251 45
      vertex 60.5725 38.6001 45
    endloop
  endfacet
  facet normal 0 0 1
    outer loop
      vertex 61.9749 37.0251 45
      vertex 60.4899 38.5101 45
      vertex 61.7498 36.8188 45
    endloop
  endfacet
  facet normal -0 0 1
    outer loop
      vertex 60.3999 38.4275 45
      vertex 61.7498 36.8188 45
      vertex 60.4899 38.5101 45
    endloop
  endfacet
  facet normal 0 0 1
    outer loop
      vertex 61.7498 36.8188 45
      vertex 60.3999 38.4275 45
      vertex 61.5075 36.633 45
    endloop
  endfacet
  facet normal -0 0 1
    outer loop
      vertex 60.303 38.3532 45
      vertex 61.5075 36.633 45
      vertex 60.3999 38.4275 45
    endloop
  endfacet
  facet normal 0 0 1
    outer loop
      vertex 61.5075 36.633 45
      vertex 60.303 38.3532 45
      vertex 61.25 36.4689 45
    endloop
  endfacet
  facet normal -0 0 1
    outer loop
      vertex 60.2 38.2876 45
      vertex 61.25 36.4689 45
      vertex 60.303 38.3532 45
    endloop
  endfacet
  facet normal 0 0 1
    outer loop
      vertex 61.25 36.4689 45
      vertex 60.2 38.2876 45
      vertex 60.9792 36.3279 45
    endloop
  endfacet
  facet normal -0 0 1
    outer loop
      vertex 60.0917 38.2312 45
      vertex 60.9792 36.3279 45
      vertex 60.2 38.2876 45
    endloop
  endfacet
  facet normal 0 0 1
    outer loop
      vertex 60.9792 36.3279 45
      vertex 60.0917 38.2312 45
      vertex 60.6971 36.2111 45
    endloop
  endfacet
  facet normal -0 0 1
    outer loop
      vertex 59.9788 38.1844 45
      vertex 60.6971 36.2111 45
      vertex 60.0917 38.2312 45
    endloop
  endfacet
  facet normal 0 0 1
    outer loop
      vertex 60.6971 36.2111 45
      vertex 59.9788 38.1844 45
      vertex 60.4059 36.1193 45
    endloop
  endfacet
  facet normal -0 0 1
    outer loop
      vertex 59.8623 38.1477 45
      vertex 60.4059 36.1193 45
      vertex 59.9788 38.1844 45
    endloop
  endfacet
  facet normal 0 0 1
    outer loop
      vertex 60.4059 36.1193 45
      vertex 59.8623 38.1477 45
      vertex 60.1078 36.0532 45
    endloop
  endfacet
  facet normal -0 0 1
    outer loop
      vertex 59.7431 38.1213 45
      vertex 60.1078 36.0532 45
      vertex 59.8623 38.1477 45
    endloop
  endfacet
  facet normal 0 0 1
    outer loop
      vertex 60.1078 36.0532 45
      vertex 59.7431 38.1213 45
      vertex 59.805 36.0133 45
    endloop
  endfacet
  facet normal -0 0 1
    outer loop
      vertex 59.622 38.1053 45
      vertex 59.805 36.0133 45
      vertex 59.7431 38.1213 45
    endloop
  endfacet
  facet normal -0 0 1
    outer loop
      vertex 59.5 38.1 45
      vertex 59.805 36.0133 45
      vertex 59.622 38.1053 45
    endloop
  endfacet
  facet normal 0 0 1
    outer loop
      vertex 59.5 38.1 45
      vertex 59.5 36 45
      vertex 59.805 36.0133 45
    endloop
  endfacet
  facet normal 0 0 1
    outer loop
      vertex 59.378 38.1053 45
      vertex 59.5 36 45
      vertex 59.5 38.1 45
    endloop
  endfacet
  facet normal 0 0 1
    outer loop
      vertex 59.195 36.0133 45
      vertex 59.378 38.1053 45
      vertex 59.2569 38.1213 45
    endloop
  endfacet
  facet normal 0 0 1
    outer loop
      vertex 59.378 38.1053 45
      vertex 59.195 36.0133 45
      vertex 59.5 36 45
    endloop
  endfacet
  facet normal 0 0 1
    outer loop
      vertex 58.8922 36.0532 45
      vertex 59.2569 38.1213 45
      vertex 59.1377 38.1477 45
    endloop
  endfacet
  facet normal 0 0 1
    outer loop
      vertex 58.5941 36.1193 45
      vertex 59.1377 38.1477 45
      vertex 59.0212 38.1844 45
    endloop
  endfacet
  facet normal 0 0 1
    outer loop
      vertex 58.3029 36.2111 45
      vertex 59.0212 38.1844 45
      vertex 58.9083 38.2312 45
    endloop
  endfacet
  facet normal 0 0 1
    outer loop
      vertex 59.2569 38.1213 45
      vertex 58.8922 36.0532 45
      vertex 59.195 36.0133 45
    endloop
  endfacet
  facet normal 0 0 1
    outer loop
      vertex 58.0208 36.3279 45
      vertex 58.9083 38.2312 45
      vertex 58.8 38.2876 45
    endloop
  endfacet
  facet normal 0 0 1
    outer loop
      vertex 57.75 36.4689 45
      vertex 58.8 38.2876 45
      vertex 58.697 38.3532 45
    endloop
  endfacet
  facet normal 0 0 1
    outer loop
      vertex 57.75 36.4689 45
      vertex 58.697 38.3532 45
      vertex 58.6001 38.4275 45
    endloop
  endfacet
  facet normal 0 0 1
    outer loop
      vertex 59.1377 38.1477 45
      vertex 58.5941 36.1193 45
      vertex 58.8922 36.0532 45
    endloop
  endfacet
  facet normal 0 0 1
    outer loop
      vertex 57.75 36.4689 45
      vertex 58.6001 38.4275 45
      vertex 58.5101 38.5101 45
    endloop
  endfacet
  facet normal 0 0 1
    outer loop
      vertex 57.75 36.4689 45
      vertex 58.5101 38.5101 45
      vertex 58.4275 38.6001 45
    endloop
  endfacet
  facet normal 0 0 1
    outer loop
      vertex 57.75 36.4689 45
      vertex 58.4275 38.6001 45
      vertex 58.3532 38.697 45
    endloop
  endfacet
  facet normal 0 0 1
    outer loop
      vertex 59.0212 38.1844 45
      vertex 58.3029 36.2111 45
      vertex 58.5941 36.1193 45
    endloop
  endfacet
  facet normal 0 0 1
    outer loop
      vertex 57.75 36.4689 45
      vertex 58.3532 38.697 45
      vertex 58.2876 38.8 45
    endloop
  endfacet
  facet normal 0 0 1
    outer loop
      vertex 57.75 36.4689 45
      vertex 58.2876 38.8 45
      vertex 58.2312 38.9083 45
    endloop
  endfacet
  facet normal 0 0 1
    outer loop
      vertex 57.75 36.4689 45
      vertex 58.2312 38.9083 45
      vertex 58.1844 39.0212 45
    endloop
  endfacet
  facet normal 0 0 1
    outer loop
      vertex 57.75 36.4689 45
      vertex 58.1844 39.0212 45
      vertex 58.1477 39.1377 45
    endloop
  endfacet
  facet normal 0 0 1
    outer loop
      vertex 57.75 36.4689 45
      vertex 58.1477 39.1377 45
      vertex 58.1213 39.2569 45
    endloop
  endfacet
  facet normal 0 0 1
    outer loop
      vertex 57.75 36.4689 45
      vertex 58.1213 39.2569 45
      vertex 58.1053 39.378 45
    endloop
  endfacet
  facet normal 0 0 1
    outer loop
      vertex 58.9083 38.2312 45
      vertex 58.0208 36.3279 45
      vertex 58.3029 36.2111 45
    endloop
  endfacet
  facet normal 0 0 1
    outer loop
      vertex 57.75 36.4689 45
      vertex 58.1053 39.378 45
      vertex 58.1 39.5 45
    endloop
  endfacet
  facet normal 0 0 1
    outer loop
      vertex 60.8947 -39.378 45
      vertex 62.5 -37.7012 45
      vertex 62.367 -37.4925 45
    endloop
  endfacet
  facet normal 0 0 1
    outer loop
      vertex 62.5 -37.7012 45
      vertex 60.9 -39.5 45
      vertex 62.5 -41.2988 45
    endloop
  endfacet
  facet normal 0 0 1
    outer loop
      vertex 60.8947 -39.378 45
      vertex 62.367 -37.4925 45
      vertex 62.1812 -37.2502 45
    endloop
  endfacet
  facet normal -0 0 1
    outer loop
      vertex 60.8947 -39.622 45
      vertex 62.5 -41.2988 45
      vertex 60.9 -39.5 45
    endloop
  endfacet
  facet normal 0 0 1
    outer loop
      vertex 60.8947 -39.378 45
      vertex 62.1812 -37.2502 45
      vertex 61.9749 -37.0251 45
    endloop
  endfacet
  facet normal -0 0 1
    outer loop
      vertex 60.8787 -39.7431 45
      vertex 62.5 -41.2988 45
      vertex 60.8947 -39.622 45
    endloop
  endfacet
  facet normal 0 0 1
    outer loop
      vertex 60.8947 -39.378 45
      vertex 61.9749 -37.0251 45
      vertex 61.7498 -36.8188 45
    endloop
  endfacet
  facet normal -0 0 1
    outer loop
      vertex 60.8523 -39.8623 45
      vertex 62.5 -41.2988 45
      vertex 60.8787 -39.7431 45
    endloop
  endfacet
  facet normal 0 0 1
    outer loop
      vertex 60.8947 -39.378 45
      vertex 61.7498 -36.8188 45
      vertex 61.5075 -36.633 45
    endloop
  endfacet
  facet normal -0 0 1
    outer loop
      vertex 60.8156 -39.9788 45
      vertex 62.5 -41.2988 45
      vertex 60.8523 -39.8623 45
    endloop
  endfacet
  facet normal -0 0 1
    outer loop
      vertex 60.7688 -40.0917 45
      vertex 62.5 -41.2988 45
      vertex 60.8156 -39.9788 45
    endloop
  endfacet
  facet normal 0 0 1
    outer loop
      vertex 60.8947 -39.378 45
      vertex 61.5075 -36.633 45
      vertex 61.25 -36.4689 45
    endloop
  endfacet
  facet normal 0 0 1
    outer loop
      vertex 60.6468 40.303 45
      vertex 62.5 41.2988 45
      vertex 62.367 41.5075 45
    endloop
  endfacet
  facet normal 0 0 1
    outer loop
      vertex 62.5 41.2988 45
      vertex 60.9 39.5 45
      vertex 62.5 37.7012 45
    endloop
  endfacet
  facet normal 0 0 1
    outer loop
      vertex 60.6468 40.303 45
      vertex 62.367 41.5075 45
      vertex 62.1812 41.7498 45
    endloop
  endfacet
  facet normal -0 0 1
    outer loop
      vertex 60.8947 39.378 45
      vertex 62.5 37.7012 45
      vertex 60.9 39.5 45
    endloop
  endfacet
  facet normal 0 0 1
    outer loop
      vertex 60.5725 40.3999 45
      vertex 62.1812 41.7498 45
      vertex 61.9749 41.9749 45
    endloop
  endfacet
  facet normal -0 0 1
    outer loop
      vertex 60.8787 39.2569 45
      vertex 62.5 37.7012 45
      vertex 60.8947 39.378 45
    endloop
  endfacet
  facet normal 0 0 1
    outer loop
      vertex 60.4899 40.4899 45
      vertex 61.9749 41.9749 45
      vertex 61.7498 42.1812 45
    endloop
  endfacet
  facet normal -0 0 1
    outer loop
      vertex 60.8523 39.1377 45
      vertex 62.5 37.7012 45
      vertex 60.8787 39.2569 45
    endloop
  endfacet
  facet normal 0 0 1
    outer loop
      vertex 60.3999 40.5725 45
      vertex 61.7498 42.1812 45
      vertex 61.5075 42.367 45
    endloop
  endfacet
  facet normal -0 0 1
    outer loop
      vertex 60.8156 39.0212 45
      vertex 62.5 37.7012 45
      vertex 60.8523 39.1377 45
    endloop
  endfacet
  facet normal 0 0 1
    outer loop
      vertex 60.303 40.6468 45
      vertex 61.5075 42.367 45
      vertex 61.2988 42.5 45
    endloop
  endfacet
  facet normal -0 0 1
    outer loop
      vertex 60.7688 38.9083 45
      vertex 62.5 37.7012 45
      vertex 60.8156 39.0212 45
    endloop
  endfacet
  facet normal 0 0 1
    outer loop
      vertex 62.5 42 45
      vertex 65 42 45
      vertex 64.9886 42.2615 45
    endloop
  endfacet
  facet normal 0 0 1
    outer loop
      vertex 65 42 45
      vertex 62.5 37.7012 45
      vertex 65 -42 45
    endloop
  endfacet
  facet normal 0 0 1
    outer loop
      vertex 62.4981 42.0436 45
      vertex 64.9886 42.2615 45
      vertex 64.9544 42.521 45
    endloop
  endfacet
  facet normal -0 0 1
    outer loop
      vertex 62.5 -37.7012 45
      vertex 65 -42 45
      vertex 62.5 37.7012 45
    endloop
  endfacet
  facet normal 0 0 1
    outer loop
      vertex 62.4924 42.0868 45
      vertex 64.9544 42.521 45
      vertex 64.8978 42.7765 45
    endloop
  endfacet
  facet normal -0 0 1
    outer loop
      vertex 62.5 -41.2988 45
      vertex 65 -42 45
      vertex 62.5 -37.7012 45
    endloop
  endfacet
  facet normal 0 0 1
    outer loop
      vertex 62.483 42.1294 45
      vertex 64.8978 42.7765 45
      vertex 64.8191 43.0261 45
    endloop
  endfacet
  facet normal 0 0 1
    outer loop
      vertex 62.5 -42 45
      vertex 65 -42 45
      vertex 62.5 -41.2988 45
    endloop
  endfacet
  facet normal 0 0 1
    outer loop
      vertex 62.4698 42.171 45
      vertex 64.8191 43.0261 45
      vertex 64.7189 43.2679 45
    endloop
  endfacet
  facet normal 0 0 1
    outer loop
      vertex 65 -42 45
      vertex 62.5 -42 45
      vertex 64.9886 -42.2615 45
    endloop
  endfacet
  facet normal 0 0 1
    outer loop
      vertex 62.4532 42.2113 45
      vertex 64.7189 43.2679 45
      vertex 64.5981 43.5 45
    endloop
  endfacet
  facet normal -0 0 1
    outer loop
      vertex 62.4981 -42.0436 45
      vertex 64.9886 -42.2615 45
      vertex 62.5 -42 45
    endloop
  endfacet
  facet normal 0 0 1
    outer loop
      vertex 62.433 42.25 45
      vertex 64.5981 43.5 45
      vertex 64.4575 43.7207 45
    endloop
  endfacet
  facet normal 0 0 1
    outer loop
      vertex 64.9886 -42.2615 45
      vertex 62.4981 -42.0436 45
      vertex 64.9544 -42.521 45
    endloop
  endfacet
  facet normal 0 0 1
    outer loop
      vertex 62.4096 42.2868 45
      vertex 64.4575 43.7207 45
      vertex 64.2981 43.9284 45
    endloop
  endfacet
  facet normal -0 0 1
    outer loop
      vertex 62.4924 -42.0868 45
      vertex 64.9544 -42.521 45
      vertex 62.4981 -42.0436 45
    endloop
  endfacet
  facet normal 0 0 1
    outer loop
      vertex 62.383 42.3214 45
      vertex 64.2981 43.9284 45
      vertex 64.1213 44.1213 45
    endloop
  endfacet
  facet normal 0 0 1
    outer loop
      vertex 64.9544 -42.521 45
      vertex 62.4924 -42.0868 45
      vertex 64.8978 -42.7765 45
    endloop
  endfacet
  facet normal 0 0 1
    outer loop
      vertex 62.3535 42.3535 45
      vertex 64.1213 44.1213 45
      vertex 63.9284 44.2981 45
    endloop
  endfacet
  facet normal -0 0 1
    outer loop
      vertex 62.483 -42.1294 45
      vertex 64.8978 -42.7765 45
      vertex 62.4924 -42.0868 45
    endloop
  endfacet
  facet normal 0 0 1
    outer loop
      vertex 62.3214 42.383 45
      vertex 63.9284 44.2981 45
      vertex 63.7207 44.4575 45
    endloop
  endfacet
  facet normal 0 0 1
    outer loop
      vertex 64.8978 -42.7765 45
      vertex 62.483 -42.1294 45
      vertex 64.8191 -43.0261 45
    endloop
  endfacet
  facet normal 0 0 1
    outer loop
      vertex 62.2868 42.4096 45
      vertex 63.7207 44.4575 45
      vertex 63.5 44.5981 45
    endloop
  endfacet
  facet normal -0 0 1
    outer loop
      vertex 62.4698 -42.171 45
      vertex 64.8191 -43.0261 45
      vertex 62.483 -42.1294 45
    endloop
  endfacet
  facet normal 0 0 1
    outer loop
      vertex 62.25 42.433 45
      vertex 63.5 44.5981 45
      vertex 63.2679 44.7189 45
    endloop
  endfacet
  facet normal 0 0 1
    outer loop
      vertex 64.8191 -43.0261 45
      vertex 62.4698 -42.171 45
      vertex 64.7189 -43.2679 45
    endloop
  endfacet
  facet normal 0 0 1
    outer loop
      vertex 62.2113 42.4532 45
      vertex 63.2679 44.7189 45
      vertex 63.0261 44.8191 45
    endloop
  endfacet
  facet normal -0 0 1
    outer loop
      vertex 62.4532 -42.2113 45
      vertex 64.7189 -43.2679 45
      vertex 62.4698 -42.171 45
    endloop
  endfacet
  facet normal 0 0 1
    outer loop
      vertex 62.171 42.4698 45
      vertex 63.0261 44.8191 45
      vertex 62.7765 44.8978 45
    endloop
  endfacet
  facet normal 0 0 1
    outer loop
      vertex 64.7189 -43.2679 45
      vertex 62.4532 -42.2113 45
      vertex 64.5981 -43.5 45
    endloop
  endfacet
  facet normal 0 0 1
    outer loop
      vertex 62.1294 42.483 45
      vertex 62.7765 44.8978 45
      vertex 62.521 44.9544 45
    endloop
  endfacet
  facet normal 0 0 1
    outer loop
      vertex 65 42 45
      vertex 62.5 42 45
      vertex 62.5 41.2988 45
    endloop
  endfacet
  facet normal 0 0 1
    outer loop
      vertex 65 42 45
      vertex 62.5 41.2988 45
      vertex 62.5 37.7012 45
    endloop
  endfacet
  facet normal 0 0 1
    outer loop
      vertex 64.9886 42.2615 45
      vertex 62.4981 42.0436 45
      vertex 62.5 42 45
    endloop
  endfacet
  facet normal 0 0 1
    outer loop
      vertex 64.9544 42.521 45
      vertex 62.4924 42.0868 45
      vertex 62.4981 42.0436 45
    endloop
  endfacet
  facet normal 0 0 1
    outer loop
      vertex 64.8978 42.7765 45
      vertex 62.483 42.1294 45
      vertex 62.4924 42.0868 45
    endloop
  endfacet
  facet normal 0 0 1
    outer loop
      vertex 64.8191 43.0261 45
      vertex 62.4698 42.171 45
      vertex 62.483 42.1294 45
    endloop
  endfacet
  facet normal 0 0 1
    outer loop
      vertex 64.7189 43.2679 45
      vertex 62.4532 42.2113 45
      vertex 62.4698 42.171 45
    endloop
  endfacet
  facet normal 0 0 1
    outer loop
      vertex 64.5981 43.5 45
      vertex 62.433 42.25 45
      vertex 62.4532 42.2113 45
    endloop
  endfacet
  facet normal 0 0 1
    outer loop
      vertex 64.4575 43.7207 45
      vertex 62.4096 42.2868 45
      vertex 62.433 42.25 45
    endloop
  endfacet
  facet normal 0 0 1
    outer loop
      vertex 64.2981 43.9284 45
      vertex 62.383 42.3214 45
      vertex 62.4096 42.2868 45
    endloop
  endfacet
  facet normal 0 0 1
    outer loop
      vertex 64.1213 44.1213 45
      vertex 62.3535 42.3535 45
      vertex 62.383 42.3214 45
    endloop
  endfacet
  facet normal 0 0 1
    outer loop
      vertex 63.9284 44.2981 45
      vertex 62.3214 42.383 45
      vertex 62.3535 42.3535 45
    endloop
  endfacet
  facet normal 0 0 1
    outer loop
      vertex 63.7207 44.4575 45
      vertex 62.2868 42.4096 45
      vertex 62.3214 42.383 45
    endloop
  endfacet
  facet normal 0 0 1
    outer loop
      vertex 62.0868 42.4924 45
      vertex 62.521 44.9544 45
      vertex 62.2615 44.9886 45
    endloop
  endfacet
  facet normal 0 0 1
    outer loop
      vertex 63.5 44.5981 45
      vertex 62.25 42.433 45
      vertex 62.2868 42.4096 45
    endloop
  endfacet
  facet normal 0 0 1
    outer loop
      vertex 63.2679 44.7189 45
      vertex 62.2113 42.4532 45
      vertex 62.25 42.433 45
    endloop
  endfacet
  facet normal 0 0 1
    outer loop
      vertex 63.0261 44.8191 45
      vertex 62.171 42.4698 45
      vertex 62.2113 42.4532 45
    endloop
  endfacet
  facet normal 0 0 1
    outer loop
      vertex 62.7765 44.8978 45
      vertex 62.1294 42.483 45
      vertex 62.171 42.4698 45
    endloop
  endfacet
  facet normal 0 0 1
    outer loop
      vertex 62.521 44.9544 45
      vertex 62.0868 42.4924 45
      vertex 62.1294 42.483 45
    endloop
  endfacet
  facet normal 0 0 1
    outer loop
      vertex 62.2615 44.9886 45
      vertex 62.0436 42.4981 45
      vertex 62.0868 42.4924 45
    endloop
  endfacet
  facet normal 0 0 1
    outer loop
      vertex 62 45 45
      vertex 62.0436 42.4981 45
      vertex 62.2615 44.9886 45
    endloop
  endfacet
  facet normal 0 0 1
    outer loop
      vertex 62 45 45
      vertex 62 42.5 45
      vertex 62.0436 42.4981 45
    endloop
  endfacet
  facet normal 0 0 1
    outer loop
      vertex 62 45 45
      vertex 61.2988 42.5 45
      vertex 62 42.5 45
    endloop
  endfacet
  facet normal -0 0 1
    outer loop
      vertex 60.7124 38.8 45
      vertex 62.5 37.7012 45
      vertex 60.7688 38.9083 45
    endloop
  endfacet
  facet normal -0 0 1
    outer loop
      vertex 60.6468 38.697 45
      vertex 62.5 37.7012 45
      vertex 60.7124 38.8 45
    endloop
  endfacet
  facet normal 0 0 1
    outer loop
      vertex 62.5 41.2988 45
      vertex 60.8947 39.622 45
      vertex 60.9 39.5 45
    endloop
  endfacet
  facet normal 0 0 1
    outer loop
      vertex 62.5 41.2988 45
      vertex 60.8787 39.7431 45
      vertex 60.8947 39.622 45
    endloop
  endfacet
  facet normal 0 0 1
    outer loop
      vertex 62.5 41.2988 45
      vertex 60.8523 39.8623 45
      vertex 60.8787 39.7431 45
    endloop
  endfacet
  facet normal 0 0 1
    outer loop
      vertex 62.5 41.2988 45
      vertex 60.8156 39.9788 45
      vertex 60.8523 39.8623 45
    endloop
  endfacet
  facet normal 0 0 1
    outer loop
      vertex 62.5 41.2988 45
      vertex 60.7688 40.0917 45
      vertex 60.8156 39.9788 45
    endloop
  endfacet
  facet normal 0 0 1
    outer loop
      vertex 62.5 41.2988 45
      vertex 60.7124 40.2 45
      vertex 60.7688 40.0917 45
    endloop
  endfacet
  facet normal 0 0 1
    outer loop
      vertex 62.5 41.2988 45
      vertex 60.6468 40.303 45
      vertex 60.7124 40.2 45
    endloop
  endfacet
  facet normal 0 0 1
    outer loop
      vertex 57.7012 42.5 45
      vertex 61.2988 42.5 45
      vertex 62 45 45
    endloop
  endfacet
  facet normal 0 0 1
    outer loop
      vertex 62.1812 41.7498 45
      vertex 60.5725 40.3999 45
      vertex 60.6468 40.303 45
    endloop
  endfacet
  facet normal 0 0 1
    outer loop
      vertex 61.9749 41.9749 45
      vertex 60.4899 40.4899 45
      vertex 60.5725 40.3999 45
    endloop
  endfacet
  facet normal 0 0 1
    outer loop
      vertex 61.7498 42.1812 45
      vertex 60.3999 40.5725 45
      vertex 60.4899 40.4899 45
    endloop
  endfacet
  facet normal 0 0 1
    outer loop
      vertex 61.5075 42.367 45
      vertex 60.303 40.6468 45
      vertex 60.3999 40.5725 45
    endloop
  endfacet
  facet normal 0 0 1
    outer loop
      vertex 61.2988 42.5 45
      vertex 60.2 40.7124 45
      vertex 60.303 40.6468 45
    endloop
  endfacet
  facet normal 0 0 1
    outer loop
      vertex 61.2988 42.5 45
      vertex 60.0917 40.7688 45
      vertex 60.2 40.7124 45
    endloop
  endfacet
  facet normal 0 0 1
    outer loop
      vertex 61.2988 42.5 45
      vertex 59.9788 40.8156 45
      vertex 60.0917 40.7688 45
    endloop
  endfacet
  facet normal 0 0 1
    outer loop
      vertex 61.2988 42.5 45
      vertex 59.8623 40.8523 45
      vertex 59.9788 40.8156 45
    endloop
  endfacet
  facet normal 0 0 1
    outer loop
      vertex 61.2988 42.5 45
      vertex 59.7431 40.8787 45
      vertex 59.8623 40.8523 45
    endloop
  endfacet
  facet normal 0 -0 1
    outer loop
      vertex 59.5 40.9 45
      vertex 61.2988 42.5 45
      vertex 57.7012 42.5 45
    endloop
  endfacet
  facet normal 0 0 1
    outer loop
      vertex 61.2988 42.5 45
      vertex 59.622 40.8947 45
      vertex 59.7431 40.8787 45
    endloop
  endfacet
  facet normal 0 0 1
    outer loop
      vertex 61.2988 42.5 45
      vertex 59.5 40.9 45
      vertex 59.622 40.8947 45
    endloop
  endfacet
  facet normal 0 0 1
    outer loop
      vertex 59.5 40.9 45
      vertex 57.7012 42.5 45
      vertex 59.378 40.8947 45
    endloop
  endfacet
  facet normal 0 0 1
    outer loop
      vertex 59.378 40.8947 45
      vertex 57.7012 42.5 45
      vertex 59.2569 40.8787 45
    endloop
  endfacet
  facet normal 0 0 1
    outer loop
      vertex 59.2569 40.8787 45
      vertex 57.7012 42.5 45
      vertex 59.1377 40.8523 45
    endloop
  endfacet
  facet normal 0 0 1
    outer loop
      vertex 59.1377 40.8523 45
      vertex 57.7012 42.5 45
      vertex 59.0212 40.8156 45
    endloop
  endfacet
  facet normal 0 0 1
    outer loop
      vertex 59.0212 40.8156 45
      vertex 57.7012 42.5 45
      vertex 58.9083 40.7688 45
    endloop
  endfacet
  facet normal 0 0 1
    outer loop
      vertex 58.9083 40.7688 45
      vertex 57.7012 42.5 45
      vertex 58.8 40.7124 45
    endloop
  endfacet
  facet normal 0 0 1
    outer loop
      vertex 58.8 40.7124 45
      vertex 57.7012 42.5 45
      vertex 58.697 40.6468 45
    endloop
  endfacet
  facet normal -0 0 1
    outer loop
      vertex 57.4925 42.367 45
      vertex 58.697 40.6468 45
      vertex 57.7012 42.5 45
    endloop
  endfacet
  facet normal 0 0 1
    outer loop
      vertex 58.697 40.6468 45
      vertex 57.4925 42.367 45
      vertex 58.6001 40.5725 45
    endloop
  endfacet
  facet normal 0 0 1
    outer loop
      vertex 58.8 38.2876 45
      vertex 57.75 36.4689 45
      vertex 58.0208 36.3279 45
    endloop
  endfacet
  facet normal -0 0 1
    outer loop
      vertex 56.4689 41.25 45
      vertex 58.2876 40.2 45
      vertex 56.633 41.5075 45
    endloop
  endfacet
  facet normal 0 0 1
    outer loop
      vertex 58.2876 40.2 45
      vertex 56.4689 41.25 45
      vertex 58.2312 40.0917 45
    endloop
  endfacet
  facet normal 0 0 1
    outer loop
      vertex 58.3532 40.303 45
      vertex 56.633 41.5075 45
      vertex 58.2876 40.2 45
    endloop
  endfacet
  facet normal -0 0 1
    outer loop
      vertex 56.633 41.5075 45
      vertex 58.3532 40.303 45
      vertex 56.8188 41.7498 45
    endloop
  endfacet
  facet normal 0 0 1
    outer loop
      vertex 58.4275 40.3999 45
      vertex 56.8188 41.7498 45
      vertex 58.3532 40.303 45
    endloop
  endfacet
  facet normal -0 0 1
    outer loop
      vertex 56.8188 41.7498 45
      vertex 58.4275 40.3999 45
      vertex 57.0251 41.9749 45
    endloop
  endfacet
  facet normal 0 0 1
    outer loop
      vertex 58.5101 40.4899 45
      vertex 57.0251 41.9749 45
      vertex 58.4275 40.3999 45
    endloop
  endfacet
  facet normal -0 0 1
    outer loop
      vertex 57.0251 41.9749 45
      vertex 58.5101 40.4899 45
      vertex 57.2502 42.1812 45
    endloop
  endfacet
  facet normal 0 0 1
    outer loop
      vertex 58.6001 40.5725 45
      vertex 57.2502 42.1812 45
      vertex 58.5101 40.4899 45
    endloop
  endfacet
  facet normal -0 0 1
    outer loop
      vertex 57.2502 42.1812 45
      vertex 58.6001 40.5725 45
      vertex 57.4925 42.367 45
    endloop
  endfacet
  facet normal 0 0 1
    outer loop
      vertex 62 45 45
      vertex -57.7012 42.5 45
      vertex 57.7012 42.5 45
    endloop
  endfacet
  facet normal -0 0 1
    outer loop
      vertex -58.2876 38.8 45
      vertex -56.4689 37.75 45
      vertex -58.2312 38.9083 45
    endloop
  endfacet
  facet normal 0 0 1
    outer loop
      vertex -56.4689 37.75 45
      vertex -58.2876 38.8 45
      vertex -56.633 37.4925 45
    endloop
  endfacet
  facet normal 0 0 1
    outer loop
      vertex -56.0133 39.805 45
      vertex -58.1053 39.622 45
      vertex -58.1 39.5 45
    endloop
  endfacet
  facet normal 0 0 1
    outer loop
      vertex -56.0532 40.1078 45
      vertex -58.1213 39.7431 45
      vertex -58.1053 39.622 45
    endloop
  endfacet
  facet normal 0 0 1
    outer loop
      vertex -56.1193 40.4059 45
      vertex -58.1477 39.8623 45
      vertex -58.1213 39.7431 45
    endloop
  endfacet
  facet normal 0 0 1
    outer loop
      vertex -56.2111 40.6971 45
      vertex -58.1844 39.9788 45
      vertex -58.1477 39.8623 45
    endloop
  endfacet
  facet normal 0 0 1
    outer loop
      vertex -56.3279 40.9792 45
      vertex -58.2312 40.0917 45
      vertex -58.1844 39.9788 45
    endloop
  endfacet
  facet normal 0 0 1
    outer loop
      vertex -56.4689 41.25 45
      vertex -58.2876 40.2 45
      vertex -58.2312 40.0917 45
    endloop
  endfacet
  facet normal 0 0 1
    outer loop
      vertex -56.633 41.5075 45
      vertex -58.3532 40.303 45
      vertex -58.2876 40.2 45
    endloop
  endfacet
  facet normal 0 0 1
    outer loop
      vertex -56.8188 41.7498 45
      vertex -58.4275 40.3999 45
      vertex -58.3532 40.303 45
    endloop
  endfacet
  facet normal 0 0 1
    outer loop
      vertex -57.0251 41.9749 45
      vertex -58.5101 40.4899 45
      vertex -58.4275 40.3999 45
    endloop
  endfacet
  facet normal 0 0 1
    outer loop
      vertex -57.2502 42.1812 45
      vertex -58.6001 40.5725 45
      vertex -58.5101 40.4899 45
    endloop
  endfacet
  facet normal 0 0 1
    outer loop
      vertex -57.4925 42.367 45
      vertex -58.697 40.6468 45
      vertex -58.6001 40.5725 45
    endloop
  endfacet
  facet normal 0 0 1
    outer loop
      vertex -57.7012 42.5 45
      vertex -58.8 40.7124 45
      vertex -58.697 40.6468 45
    endloop
  endfacet
  facet normal 0 0 1
    outer loop
      vertex -57.7012 42.5 45
      vertex -58.9083 40.7688 45
      vertex -58.8 40.7124 45
    endloop
  endfacet
  facet normal 0 0 1
    outer loop
      vertex -57.7012 42.5 45
      vertex -59.0212 40.8156 45
      vertex -58.9083 40.7688 45
    endloop
  endfacet
  facet normal 0 0 1
    outer loop
      vertex -57.7012 42.5 45
      vertex -59.1377 40.8523 45
      vertex -59.0212 40.8156 45
    endloop
  endfacet
  facet normal 0 0 1
    outer loop
      vertex -57.7012 42.5 45
      vertex -59.2569 40.8787 45
      vertex -59.1377 40.8523 45
    endloop
  endfacet
  facet normal 0 0 1
    outer loop
      vertex -57.7012 42.5 45
      vertex -59.378 40.8947 45
      vertex -59.2569 40.8787 45
    endloop
  endfacet
  facet normal 0 0 1
    outer loop
      vertex -57.7012 42.5 45
      vertex -59.5 40.9 45
      vertex -59.378 40.8947 45
    endloop
  endfacet
  facet normal -0 0 1
    outer loop
      vertex -61.2988 42.5 45
      vertex -59.5 40.9 45
      vertex -57.7012 42.5 45
    endloop
  endfacet
  facet normal 0 0 1
    outer loop
      vertex -59.5 40.9 45
      vertex -61.2988 42.5 45
      vertex -59.622 40.8947 45
    endloop
  endfacet
  facet normal 0 0 1
    outer loop
      vertex -59.622 40.8947 45
      vertex -61.2988 42.5 45
      vertex -59.7431 40.8787 45
    endloop
  endfacet
  facet normal 0 0 1
    outer loop
      vertex -59.7431 40.8787 45
      vertex -61.2988 42.5 45
      vertex -59.8623 40.8523 45
    endloop
  endfacet
  facet normal 0 0 1
    outer loop
      vertex -59.8623 40.8523 45
      vertex -61.2988 42.5 45
      vertex -59.9788 40.8156 45
    endloop
  endfacet
  facet normal 0 0 1
    outer loop
      vertex -59.9788 40.8156 45
      vertex -61.2988 42.5 45
      vertex -60.0917 40.7688 45
    endloop
  endfacet
  facet normal 0 0 1
    outer loop
      vertex -60.0917 40.7688 45
      vertex -61.2988 42.5 45
      vertex -60.2 40.7124 45
    endloop
  endfacet
  facet normal 0 0 1
    outer loop
      vertex -60.2 38.2876 45
      vertex -61.25 36.4689 45
      vertex -60.9792 36.3279 45
    endloop
  endfacet
  facet normal 0 0 1
    outer loop
      vertex -60.6468 40.303 45
      vertex -62.5 41.2988 45
      vertex -60.7124 40.2 45
    endloop
  endfacet
  facet normal 0 0 1
    outer loop
      vertex -60.7124 40.2 45
      vertex -62.5 41.2988 45
      vertex -60.7688 40.0917 45
    endloop
  endfacet
  facet normal -0 0 1
    outer loop
      vertex -62.5 41.2988 45
      vertex -60.6468 40.303 45
      vertex -62.367 41.5075 45
    endloop
  endfacet
  facet normal -0 0 1
    outer loop
      vertex -62.367 41.5075 45
      vertex -60.6468 40.303 45
      vertex -62.1812 41.7498 45
    endloop
  endfacet
  facet normal 0 0 1
    outer loop
      vertex -60.5725 40.3999 45
      vertex -62.1812 41.7498 45
      vertex -60.6468 40.303 45
    endloop
  endfacet
  facet normal -0 0 1
    outer loop
      vertex -62.1812 41.7498 45
      vertex -60.5725 40.3999 45
      vertex -61.9749 41.9749 45
    endloop
  endfacet
  facet normal 0 0 1
    outer loop
      vertex -60.4899 40.4899 45
      vertex -61.9749 41.9749 45
      vertex -60.5725 40.3999 45
    endloop
  endfacet
  facet normal -0 0 1
    outer loop
      vertex -61.9749 41.9749 45
      vertex -60.4899 40.4899 45
      vertex -61.7498 42.1812 45
    endloop
  endfacet
  facet normal 0 0 1
    outer loop
      vertex -60.3999 40.5725 45
      vertex -61.7498 42.1812 45
      vertex -60.4899 40.4899 45
    endloop
  endfacet
  facet normal -0 0 1
    outer loop
      vertex -61.7498 42.1812 45
      vertex -60.3999 40.5725 45
      vertex -61.5075 42.367 45
    endloop
  endfacet
  facet normal 0 0 1
    outer loop
      vertex -60.303 40.6468 45
      vertex -61.5075 42.367 45
      vertex -60.3999 40.5725 45
    endloop
  endfacet
  facet normal -0 0 1
    outer loop
      vertex -61.5075 42.367 45
      vertex -60.303 40.6468 45
      vertex -61.2988 42.5 45
    endloop
  endfacet
  facet normal 0 0 1
    outer loop
      vertex -60.2 40.7124 45
      vertex -61.2988 42.5 45
      vertex -60.303 40.6468 45
    endloop
  endfacet
  facet normal -0 0 1
    outer loop
      vertex -62 45 45
      vertex -57.7012 42.5 45
      vertex 62 45 45
    endloop
  endfacet
  facet normal 0 0 1
    outer loop
      vertex -57.7012 42.5 45
      vertex -62 45 45
      vertex -61.2988 42.5 45
    endloop
  endfacet
  facet normal 0 0 1
    outer loop
      vertex -62 45 45
      vertex -62 42.5 45
      vertex -61.2988 42.5 45
    endloop
  endfacet
  facet normal 0 0 1
    outer loop
      vertex -62 45 45
      vertex -62.0436 42.4981 45
      vertex -62 42.5 45
    endloop
  endfacet
  facet normal -0 0 1
    outer loop
      vertex -62.2615 44.9886 45
      vertex -62.0436 42.4981 45
      vertex -62 45 45
    endloop
  endfacet
  facet normal 0 0 1
    outer loop
      vertex -62.0436 42.4981 45
      vertex -62.2615 44.9886 45
      vertex -62.0868 42.4924 45
    endloop
  endfacet
  facet normal -0 0 1
    outer loop
      vertex -62.521 44.9544 45
      vertex -62.0868 42.4924 45
      vertex -62.2615 44.9886 45
    endloop
  endfacet
  facet normal 0 0 1
    outer loop
      vertex -62.0868 42.4924 45
      vertex -62.521 44.9544 45
      vertex -62.1294 42.483 45
    endloop
  endfacet
  facet normal -0 0 1
    outer loop
      vertex -62.7765 44.8978 45
      vertex -62.1294 42.483 45
      vertex -62.521 44.9544 45
    endloop
  endfacet
  facet normal 0 0 1
    outer loop
      vertex -62.1294 42.483 45
      vertex -62.7765 44.8978 45
      vertex -62.171 42.4698 45
    endloop
  endfacet
  facet normal -0 0 1
    outer loop
      vertex -63.0261 44.8191 45
      vertex -62.171 42.4698 45
      vertex -62.7765 44.8978 45
    endloop
  endfacet
  facet normal 0 0 1
    outer loop
      vertex -62.171 42.4698 45
      vertex -63.0261 44.8191 45
      vertex -62.2113 42.4532 45
    endloop
  endfacet
  facet normal -0 0 1
    outer loop
      vertex -63.2679 44.7189 45
      vertex -62.2113 42.4532 45
      vertex -63.0261 44.8191 45
    endloop
  endfacet
  facet normal 0 0 1
    outer loop
      vertex -62.2113 42.4532 45
      vertex -63.2679 44.7189 45
      vertex -62.25 42.433 45
    endloop
  endfacet
  facet normal -0 0 1
    outer loop
      vertex -63.5 44.5981 45
      vertex -62.25 42.433 45
      vertex -63.2679 44.7189 45
    endloop
  endfacet
  facet normal 0 0 1
    outer loop
      vertex -62.25 42.433 45
      vertex -63.5 44.5981 45
      vertex -62.2868 42.4096 45
    endloop
  endfacet
  facet normal -0 0 1
    outer loop
      vertex -63.7207 44.4575 45
      vertex -62.2868 42.4096 45
      vertex -63.5 44.5981 45
    endloop
  endfacet
  facet normal 0 0 1
    outer loop
      vertex -62.2868 42.4096 45
      vertex -63.7207 44.4575 45
      vertex -62.3214 42.383 45
    endloop
  endfacet
  facet normal -0 0 1
    outer loop
      vertex -63.9284 44.2981 45
      vertex -62.3214 42.383 45
      vertex -63.7207 44.4575 45
    endloop
  endfacet
  facet normal 0 0 1
    outer loop
      vertex -62.3214 42.383 45
      vertex -63.9284 44.2981 45
      vertex -62.3535 42.3535 45
    endloop
  endfacet
  facet normal -0 0 1
    outer loop
      vertex -64.1213 44.1213 45
      vertex -62.3535 42.3535 45
      vertex -63.9284 44.2981 45
    endloop
  endfacet
  facet normal -0 0 1
    outer loop
      vertex -65 42 45
      vertex -62.5 41.2988 45
      vertex -62.5 42 45
    endloop
  endfacet
  facet normal 0 0 1
    outer loop
      vertex -62.5 41.2988 45
      vertex -65 42 45
      vertex -62.5 37.7012 45
    endloop
  endfacet
  facet normal 0 0 1
    outer loop
      vertex -62.5 37.7012 45
      vertex -65 42 45
      vertex -62.5 -37.7012 45
    endloop
  endfacet
  facet normal 0 0 1
    outer loop
      vertex -65 -42 45
      vertex -62.5 -37.7012 45
      vertex -65 42 45
    endloop
  endfacet
  facet normal 0 0 1
    outer loop
      vertex -62.383 42.3214 45
      vertex -64.2981 43.9284 45
      vertex -62.4096 42.2868 45
    endloop
  endfacet
  facet normal -0 0 1
    outer loop
      vertex -64.2981 43.9284 45
      vertex -62.383 42.3214 45
      vertex -64.1213 44.1213 45
    endloop
  endfacet
  facet normal 0 0 1
    outer loop
      vertex -62.3535 42.3535 45
      vertex -64.1213 44.1213 45
      vertex -62.383 42.3214 45
    endloop
  endfacet
  facet normal -0 0 1
    outer loop
      vertex 62.433 -42.25 45
      vertex 64.5981 -43.5 45
      vertex 62.4532 -42.2113 45
    endloop
  endfacet
  facet normal 0 0 1
    outer loop
      vertex 64.5981 -43.5 45
      vertex 62.433 -42.25 45
      vertex 64.4575 -43.7207 45
    endloop
  endfacet
  facet normal -0 0 1
    outer loop
      vertex 62.4096 -42.2868 45
      vertex 64.4575 -43.7207 45
      vertex 62.433 -42.25 45
    endloop
  endfacet
  facet normal 0 0 1
    outer loop
      vertex 64.4575 -43.7207 45
      vertex 62.4096 -42.2868 45
      vertex 64.2981 -43.9284 45
    endloop
  endfacet
  facet normal -0 0 1
    outer loop
      vertex 62.383 -42.3214 45
      vertex 64.2981 -43.9284 45
      vertex 62.4096 -42.2868 45
    endloop
  endfacet
  facet normal 0 0 1
    outer loop
      vertex 64.2981 -43.9284 45
      vertex 62.383 -42.3214 45
      vertex 64.1213 -44.1213 45
    endloop
  endfacet
  facet normal -0 0 1
    outer loop
      vertex 62.3535 -42.3535 45
      vertex 64.1213 -44.1213 45
      vertex 62.383 -42.3214 45
    endloop
  endfacet
  facet normal 0 0 1
    outer loop
      vertex 64.1213 -44.1213 45
      vertex 62.3535 -42.3535 45
      vertex 63.9284 -44.2981 45
    endloop
  endfacet
  facet normal -0 0 1
    outer loop
      vertex 62.3214 -42.383 45
      vertex 63.9284 -44.2981 45
      vertex 62.3535 -42.3535 45
    endloop
  endfacet
  facet normal 0 0 1
    outer loop
      vertex 63.9284 -44.2981 45
      vertex 62.3214 -42.383 45
      vertex 63.7207 -44.4575 45
    endloop
  endfacet
  facet normal -0 0 1
    outer loop
      vertex 62.2868 -42.4096 45
      vertex 63.7207 -44.4575 45
      vertex 62.3214 -42.383 45
    endloop
  endfacet
  facet normal 0 0 1
    outer loop
      vertex 63.7207 -44.4575 45
      vertex 62.2868 -42.4096 45
      vertex 63.5 -44.5981 45
    endloop
  endfacet
  facet normal -0 0 1
    outer loop
      vertex 62.25 -42.433 45
      vertex 63.5 -44.5981 45
      vertex 62.2868 -42.4096 45
    endloop
  endfacet
  facet normal 0 0 1
    outer loop
      vertex 63.5 -44.5981 45
      vertex 62.25 -42.433 45
      vertex 63.2679 -44.7189 45
    endloop
  endfacet
  facet normal -0 0 1
    outer loop
      vertex 62.2113 -42.4532 45
      vertex 63.2679 -44.7189 45
      vertex 62.25 -42.433 45
    endloop
  endfacet
  facet normal 0 0 1
    outer loop
      vertex 63.2679 -44.7189 45
      vertex 62.2113 -42.4532 45
      vertex 63.0261 -44.8191 45
    endloop
  endfacet
  facet normal -0 0 1
    outer loop
      vertex 62.171 -42.4698 45
      vertex 63.0261 -44.8191 45
      vertex 62.2113 -42.4532 45
    endloop
  endfacet
  facet normal 0 0 1
    outer loop
      vertex 63.0261 -44.8191 45
      vertex 62.171 -42.4698 45
      vertex 62.7765 -44.8978 45
    endloop
  endfacet
  facet normal -0 0 1
    outer loop
      vertex 62.1294 -42.483 45
      vertex 62.7765 -44.8978 45
      vertex 62.171 -42.4698 45
    endloop
  endfacet
  facet normal 0 0 1
    outer loop
      vertex 62.7765 -44.8978 45
      vertex 62.1294 -42.483 45
      vertex 62.521 -44.9544 45
    endloop
  endfacet
  facet normal -0 0 1
    outer loop
      vertex 62.0868 -42.4924 45
      vertex 62.521 -44.9544 45
      vertex 62.1294 -42.483 45
    endloop
  endfacet
  facet normal 0 0 1
    outer loop
      vertex 62.521 -44.9544 45
      vertex 62.0868 -42.4924 45
      vertex 62.2615 -44.9886 45
    endloop
  endfacet
  facet normal -0 0 1
    outer loop
      vertex 62.0436 -42.4981 45
      vertex 62.2615 -44.9886 45
      vertex 62.0868 -42.4924 45
    endloop
  endfacet
  facet normal -0 0 1
    outer loop
      vertex 62 -42.5 45
      vertex 62.2615 -44.9886 45
      vertex 62.0436 -42.4981 45
    endloop
  endfacet
  facet normal 0 0 1
    outer loop
      vertex 62 -42.5 45
      vertex 62 -45 45
      vertex 62.2615 -44.9886 45
    endloop
  endfacet
  facet normal -0 0 1
    outer loop
      vertex 61.2988 -42.5 45
      vertex 62 -45 45
      vertex 62 -42.5 45
    endloop
  endfacet
  facet normal 0 0 1
    outer loop
      vertex 60.2 -38.2876 45
      vertex 61.25 -36.4689 45
      vertex 60.9792 -36.3279 45
    endloop
  endfacet
  facet normal -0 0 1
    outer loop
      vertex 60.7124 -40.2 45
      vertex 62.5 -41.2988 45
      vertex 60.7688 -40.0917 45
    endloop
  endfacet
  facet normal -0 0 1
    outer loop
      vertex 60.6468 -40.303 45
      vertex 62.5 -41.2988 45
      vertex 60.7124 -40.2 45
    endloop
  endfacet
  facet normal 0 0 1
    outer loop
      vertex 62.5 -41.2988 45
      vertex 60.6468 -40.303 45
      vertex 62.367 -41.5075 45
    endloop
  endfacet
  facet normal 0 0 1
    outer loop
      vertex 62.367 -41.5075 45
      vertex 60.6468 -40.303 45
      vertex 62.1812 -41.7498 45
    endloop
  endfacet
  facet normal -0 0 1
    outer loop
      vertex 60.5725 -40.3999 45
      vertex 62.1812 -41.7498 45
      vertex 60.6468 -40.303 45
    endloop
  endfacet
  facet normal 0 0 1
    outer loop
      vertex 62.1812 -41.7498 45
      vertex 60.5725 -40.3999 45
      vertex 61.9749 -41.9749 45
    endloop
  endfacet
  facet normal -0 0 1
    outer loop
      vertex 60.4899 -40.4899 45
      vertex 61.9749 -41.9749 45
      vertex 60.5725 -40.3999 45
    endloop
  endfacet
  facet normal 0 0 1
    outer loop
      vertex 61.9749 -41.9749 45
      vertex 60.4899 -40.4899 45
      vertex 61.7498 -42.1812 45
    endloop
  endfacet
  facet normal -0 0 1
    outer loop
      vertex 60.3999 -40.5725 45
      vertex 61.7498 -42.1812 45
      vertex 60.4899 -40.4899 45
    endloop
  endfacet
  facet normal 0 0 1
    outer loop
      vertex 61.7498 -42.1812 45
      vertex 60.3999 -40.5725 45
      vertex 61.5075 -42.367 45
    endloop
  endfacet
  facet normal -0 0 1
    outer loop
      vertex 60.303 -40.6468 45
      vertex 61.5075 -42.367 45
      vertex 60.3999 -40.5725 45
    endloop
  endfacet
  facet normal 0 0 1
    outer loop
      vertex 61.5075 -42.367 45
      vertex 60.303 -40.6468 45
      vertex 61.2988 -42.5 45
    endloop
  endfacet
  facet normal -0 0 1
    outer loop
      vertex 60.2 -40.7124 45
      vertex 61.2988 -42.5 45
      vertex 60.303 -40.6468 45
    endloop
  endfacet
  facet normal -0 0 1
    outer loop
      vertex 60.0917 -40.7688 45
      vertex 61.2988 -42.5 45
      vertex 60.2 -40.7124 45
    endloop
  endfacet
  facet normal -0 0 1
    outer loop
      vertex 59.9788 -40.8156 45
      vertex 61.2988 -42.5 45
      vertex 60.0917 -40.7688 45
    endloop
  endfacet
  facet normal -0 0 1
    outer loop
      vertex 59.8623 -40.8523 45
      vertex 61.2988 -42.5 45
      vertex 59.9788 -40.8156 45
    endloop
  endfacet
  facet normal -0 0 1
    outer loop
      vertex 59.7431 -40.8787 45
      vertex 61.2988 -42.5 45
      vertex 59.8623 -40.8523 45
    endloop
  endfacet
  facet normal -0 0 1
    outer loop
      vertex 59.622 -40.8947 45
      vertex 61.2988 -42.5 45
      vertex 59.7431 -40.8787 45
    endloop
  endfacet
  facet normal -0 0 1
    outer loop
      vertex 59.5 -40.9 45
      vertex 61.2988 -42.5 45
      vertex 59.622 -40.8947 45
    endloop
  endfacet
  facet normal 0 0 1
    outer loop
      vertex 61.2988 -42.5 45
      vertex 59.5 -40.9 45
      vertex 57.7012 -42.5 45
    endloop
  endfacet
  facet normal 0 0 1
    outer loop
      vertex 57.7012 -42.5 45
      vertex 59.5 -40.9 45
      vertex 59.378 -40.8947 45
    endloop
  endfacet
  facet normal 0 0 1
    outer loop
      vertex 57.7012 -42.5 45
      vertex 59.378 -40.8947 45
      vertex 59.2569 -40.8787 45
    endloop
  endfacet
  facet normal 0 0 1
    outer loop
      vertex 57.7012 -42.5 45
      vertex 59.2569 -40.8787 45
      vertex 59.1377 -40.8523 45
    endloop
  endfacet
  facet normal 0 0 1
    outer loop
      vertex 57.7012 -42.5 45
      vertex 59.1377 -40.8523 45
      vertex 59.0212 -40.8156 45
    endloop
  endfacet
  facet normal 0 0 1
    outer loop
      vertex 57.7012 -42.5 45
      vertex 59.0212 -40.8156 45
      vertex 58.9083 -40.7688 45
    endloop
  endfacet
  facet normal 0 0 1
    outer loop
      vertex 57.7012 -42.5 45
      vertex 58.9083 -40.7688 45
      vertex 58.8 -40.7124 45
    endloop
  endfacet
  facet normal 0 0 1
    outer loop
      vertex 57.7012 -42.5 45
      vertex 58.8 -40.7124 45
      vertex 58.697 -40.6468 45
    endloop
  endfacet
  facet normal 0 0 1
    outer loop
      vertex 57.7012 -42.5 45
      vertex 58.697 -40.6468 45
      vertex 58.6001 -40.5725 45
    endloop
  endfacet
  facet normal 0 0 1
    outer loop
      vertex 57.7012 -42.5 45
      vertex 58.6001 -40.5725 45
      vertex 58.5101 -40.4899 45
    endloop
  endfacet
  facet normal 0 0 1
    outer loop
      vertex 57.7012 -42.5 45
      vertex 58.5101 -40.4899 45
      vertex 58.4275 -40.3999 45
    endloop
  endfacet
  facet normal -0 0 1
    outer loop
      vertex 56.4689 -37.75 45
      vertex 58.2876 -38.8 45
      vertex 56.633 -37.4925 45
    endloop
  endfacet
  facet normal 0 0 1
    outer loop
      vertex 58.2876 -38.8 45
      vertex 56.4689 -37.75 45
      vertex 58.2312 -38.9083 45
    endloop
  endfacet
  facet normal 0 0 1
    outer loop
      vertex 58.1 -39.5 45
      vertex 57.7012 -42.5 45
      vertex 58.1053 -39.622 45
    endloop
  endfacet
  facet normal 0 0 1
    outer loop
      vertex 57.7012 -42.5 45
      vertex 58.1213 -39.7431 45
      vertex 58.1053 -39.622 45
    endloop
  endfacet
  facet normal 0 0 1
    outer loop
      vertex 57.7012 -42.5 45
      vertex 58.1477 -39.8623 45
      vertex 58.1213 -39.7431 45
    endloop
  endfacet
  facet normal 0 0 1
    outer loop
      vertex 57.7012 -42.5 45
      vertex 58.1844 -39.9788 45
      vertex 58.1477 -39.8623 45
    endloop
  endfacet
  facet normal 0 0 1
    outer loop
      vertex 57.7012 -42.5 45
      vertex 58.2312 -40.0917 45
      vertex 58.1844 -39.9788 45
    endloop
  endfacet
  facet normal 0 0 1
    outer loop
      vertex 57.7012 -42.5 45
      vertex 58.2876 -40.2 45
      vertex 58.2312 -40.0917 45
    endloop
  endfacet
  facet normal 0 0 1
    outer loop
      vertex 57.7012 -42.5 45
      vertex 58.3532 -40.303 45
      vertex 58.2876 -40.2 45
    endloop
  endfacet
  facet normal 0 0 1
    outer loop
      vertex 57.7012 -42.5 45
      vertex 58.4275 -40.3999 45
      vertex 58.3532 -40.303 45
    endloop
  endfacet
  facet normal 0 0 1
    outer loop
      vertex 61.2988 -42.5 45
      vertex 57.7012 -42.5 45
      vertex 62 -45 45
    endloop
  endfacet
  facet normal -0 0 1
    outer loop
      vertex -57.7012 -42.5 45
      vertex 62 -45 45
      vertex 57.7012 -42.5 45
    endloop
  endfacet
  facet normal 0 0 1
    outer loop
      vertex -58.8 -38.2876 45
      vertex -57.75 -36.4689 45
      vertex -58.0208 -36.3279 45
    endloop
  endfacet
  facet normal -0 0 1
    outer loop
      vertex -58.2876 -40.2 45
      vertex -56.4689 -41.25 45
      vertex -58.2312 -40.0917 45
    endloop
  endfacet
  facet normal 0 0 1
    outer loop
      vertex -56.4689 -41.25 45
      vertex -58.2876 -40.2 45
      vertex -56.633 -41.5075 45
    endloop
  endfacet
  facet normal -0 0 1
    outer loop
      vertex -58.3532 -40.303 45
      vertex -56.633 -41.5075 45
      vertex -58.2876 -40.2 45
    endloop
  endfacet
  facet normal 0 0 1
    outer loop
      vertex -56.633 -41.5075 45
      vertex -58.3532 -40.303 45
      vertex -56.8188 -41.7498 45
    endloop
  endfacet
  facet normal -0 0 1
    outer loop
      vertex -58.4275 -40.3999 45
      vertex -56.8188 -41.7498 45
      vertex -58.3532 -40.303 45
    endloop
  endfacet
  facet normal 0 0 1
    outer loop
      vertex -56.8188 -41.7498 45
      vertex -58.4275 -40.3999 45
      vertex -57.0251 -41.9749 45
    endloop
  endfacet
  facet normal -0 0 1
    outer loop
      vertex -58.5101 -40.4899 45
      vertex -57.0251 -41.9749 45
      vertex -58.4275 -40.3999 45
    endloop
  endfacet
  facet normal 0 0 1
    outer loop
      vertex -57.0251 -41.9749 45
      vertex -58.5101 -40.4899 45
      vertex -57.2502 -42.1812 45
    endloop
  endfacet
  facet normal -0 0 1
    outer loop
      vertex -58.6001 -40.5725 45
      vertex -57.2502 -42.1812 45
      vertex -58.5101 -40.4899 45
    endloop
  endfacet
  facet normal 0 0 1
    outer loop
      vertex -57.2502 -42.1812 45
      vertex -58.6001 -40.5725 45
      vertex -57.4925 -42.367 45
    endloop
  endfacet
  facet normal -0 0 1
    outer loop
      vertex -58.697 -40.6468 45
      vertex -57.4925 -42.367 45
      vertex -58.6001 -40.5725 45
    endloop
  endfacet
  facet normal 0 0 1
    outer loop
      vertex -57.4925 -42.367 45
      vertex -58.697 -40.6468 45
      vertex -57.7012 -42.5 45
    endloop
  endfacet
  facet normal -0 0 1
    outer loop
      vertex -58.8 -40.7124 45
      vertex -57.7012 -42.5 45
      vertex -58.697 -40.6468 45
    endloop
  endfacet
  facet normal -0 0 1
    outer loop
      vertex -58.9083 -40.7688 45
      vertex -57.7012 -42.5 45
      vertex -58.8 -40.7124 45
    endloop
  endfacet
  facet normal -0 0 1
    outer loop
      vertex -59.0212 -40.8156 45
      vertex -57.7012 -42.5 45
      vertex -58.9083 -40.7688 45
    endloop
  endfacet
  facet normal -0 0 1
    outer loop
      vertex -59.1377 -40.8523 45
      vertex -57.7012 -42.5 45
      vertex -59.0212 -40.8156 45
    endloop
  endfacet
  facet normal -0 0 1
    outer loop
      vertex -59.2569 -40.8787 45
      vertex -57.7012 -42.5 45
      vertex -59.1377 -40.8523 45
    endloop
  endfacet
  facet normal -0 0 1
    outer loop
      vertex -59.378 -40.8947 45
      vertex -57.7012 -42.5 45
      vertex -59.2569 -40.8787 45
    endloop
  endfacet
  facet normal -0 0 1
    outer loop
      vertex -59.5 -40.9 45
      vertex -57.7012 -42.5 45
      vertex -59.378 -40.8947 45
    endloop
  endfacet
  facet normal 0 0 1
    outer loop
      vertex -61.2988 -42.5 45
      vertex -59.5 -40.9 45
      vertex -59.622 -40.8947 45
    endloop
  endfacet
  facet normal 0 0 1
    outer loop
      vertex -61.2988 -42.5 45
      vertex -59.622 -40.8947 45
      vertex -59.7431 -40.8787 45
    endloop
  endfacet
  facet normal 0 0 1
    outer loop
      vertex -61.2988 -42.5 45
      vertex -59.7431 -40.8787 45
      vertex -59.8623 -40.8523 45
    endloop
  endfacet
  facet normal 0 0 1
    outer loop
      vertex -61.2988 -42.5 45
      vertex -59.8623 -40.8523 45
      vertex -59.9788 -40.8156 45
    endloop
  endfacet
  facet normal 0 0 1
    outer loop
      vertex -61.2988 -42.5 45
      vertex -59.9788 -40.8156 45
      vertex -60.0917 -40.7688 45
    endloop
  endfacet
  facet normal 0 0 1
    outer loop
      vertex -61.2988 -42.5 45
      vertex -60.0917 -40.7688 45
      vertex -60.2 -40.7124 45
    endloop
  endfacet
  facet normal 0 0 1
    outer loop
      vertex -61.2988 -42.5 45
      vertex -60.2 -40.7124 45
      vertex -60.303 -40.6468 45
    endloop
  endfacet
  facet normal 0 0 1
    outer loop
      vertex -60.6468 -38.697 45
      vertex -62.5 -37.7012 45
      vertex -60.7124 -38.8 45
    endloop
  endfacet
  facet normal 0 0 1
    outer loop
      vertex -60.7124 -38.8 45
      vertex -62.5 -37.7012 45
      vertex -60.7688 -38.9083 45
    endloop
  endfacet
  facet normal 0 0 1
    outer loop
      vertex -60.9 -39.5 45
      vertex -61.2988 -42.5 45
      vertex -60.8947 -39.622 45
    endloop
  endfacet
  facet normal 0 0 1
    outer loop
      vertex -61.2988 -42.5 45
      vertex -60.8787 -39.7431 45
      vertex -60.8947 -39.622 45
    endloop
  endfacet
  facet normal 0 0 1
    outer loop
      vertex -61.2988 -42.5 45
      vertex -60.8523 -39.8623 45
      vertex -60.8787 -39.7431 45
    endloop
  endfacet
  facet normal 0 0 1
    outer loop
      vertex -61.2988 -42.5 45
      vertex -60.8156 -39.9788 45
      vertex -60.8523 -39.8623 45
    endloop
  endfacet
  facet normal 0 0 1
    outer loop
      vertex -61.2988 -42.5 45
      vertex -60.7688 -40.0917 45
      vertex -60.8156 -39.9788 45
    endloop
  endfacet
  facet normal 0 0 1
    outer loop
      vertex -61.2988 -42.5 45
      vertex -60.7124 -40.2 45
      vertex -60.7688 -40.0917 45
    endloop
  endfacet
  facet normal 0 0 1
    outer loop
      vertex -61.2988 -42.5 45
      vertex -60.6468 -40.303 45
      vertex -60.7124 -40.2 45
    endloop
  endfacet
  facet normal 0 0 1
    outer loop
      vertex -61.2988 -42.5 45
      vertex -60.5725 -40.3999 45
      vertex -60.6468 -40.303 45
    endloop
  endfacet
  facet normal 0 0 1
    outer loop
      vertex -61.2988 -42.5 45
      vertex -60.4899 -40.4899 45
      vertex -60.5725 -40.3999 45
    endloop
  endfacet
  facet normal 0 0 1
    outer loop
      vertex -61.2988 -42.5 45
      vertex -60.3999 -40.5725 45
      vertex -60.4899 -40.4899 45
    endloop
  endfacet
  facet normal 0 0 1
    outer loop
      vertex -61.2988 -42.5 45
      vertex -60.303 -40.6468 45
      vertex -60.3999 -40.5725 45
    endloop
  endfacet
  facet normal 0 0 1
    outer loop
      vertex -59.5 -40.9 45
      vertex -61.2988 -42.5 45
      vertex -57.7012 -42.5 45
    endloop
  endfacet
  facet normal 0 0 1
    outer loop
      vertex -62 -45 45
      vertex -57.7012 -42.5 45
      vertex -61.2988 -42.5 45
    endloop
  endfacet
  facet normal 0 0 1
    outer loop
      vertex -62 -45 45
      vertex -61.2988 -42.5 45
      vertex -62 -42.5 45
    endloop
  endfacet
  facet normal 0 0 1
    outer loop
      vertex -57.7012 -42.5 45
      vertex -62 -45 45
      vertex 62 -45 45
    endloop
  endfacet
  facet normal 0 0 1
    outer loop
      vertex -62.0436 -42.4981 45
      vertex -62 -45 45
      vertex -62 -42.5 45
    endloop
  endfacet
  facet normal 0 0 1
    outer loop
      vertex -62.2615 -44.9886 45
      vertex -62.0436 -42.4981 45
      vertex -62.0868 -42.4924 45
    endloop
  endfacet
  facet normal 0 0 1
    outer loop
      vertex -62.521 -44.9544 45
      vertex -62.0868 -42.4924 45
      vertex -62.1294 -42.483 45
    endloop
  endfacet
  facet normal 0 0 1
    outer loop
      vertex -62.7765 -44.8978 45
      vertex -62.1294 -42.483 45
      vertex -62.171 -42.4698 45
    endloop
  endfacet
  facet normal 0 0 1
    outer loop
      vertex -63.0261 -44.8191 45
      vertex -62.171 -42.4698 45
      vertex -62.2113 -42.4532 45
    endloop
  endfacet
  facet normal 0 0 1
    outer loop
      vertex -63.2679 -44.7189 45
      vertex -62.2113 -42.4532 45
      vertex -62.25 -42.433 45
    endloop
  endfacet
  facet normal 0 0 1
    outer loop
      vertex -62.0436 -42.4981 45
      vertex -62.2615 -44.9886 45
      vertex -62 -45 45
    endloop
  endfacet
  facet normal 0 0 1
    outer loop
      vertex -63.5 -44.5981 45
      vertex -62.25 -42.433 45
      vertex -62.2868 -42.4096 45
    endloop
  endfacet
  facet normal 0 0 1
    outer loop
      vertex -63.7207 -44.4575 45
      vertex -62.2868 -42.4096 45
      vertex -62.3214 -42.383 45
    endloop
  endfacet
  facet normal 0 0 1
    outer loop
      vertex -63.9284 -44.2981 45
      vertex -62.3214 -42.383 45
      vertex -62.3535 -42.3535 45
    endloop
  endfacet
  facet normal 0 0 1
    outer loop
      vertex -64.1213 -44.1213 45
      vertex -62.3535 -42.3535 45
      vertex -62.383 -42.3214 45
    endloop
  endfacet
  facet normal 0 0 1
    outer loop
      vertex -64.2981 -43.9284 45
      vertex -62.383 -42.3214 45
      vertex -62.4096 -42.2868 45
    endloop
  endfacet
  facet normal 0 0 1
    outer loop
      vertex -64.4575 -43.7207 45
      vertex -62.4096 -42.2868 45
      vertex -62.433 -42.25 45
    endloop
  endfacet
  facet normal 0 0 1
    outer loop
      vertex -64.5981 -43.5 45
      vertex -62.433 -42.25 45
      vertex -62.4532 -42.2113 45
    endloop
  endfacet
  facet normal 0 0 1
    outer loop
      vertex -64.7189 -43.2679 45
      vertex -62.4532 -42.2113 45
      vertex -62.4698 -42.171 45
    endloop
  endfacet
  facet normal 0 0 1
    outer loop
      vertex -64.8191 -43.0261 45
      vertex -62.4698 -42.171 45
      vertex -62.483 -42.1294 45
    endloop
  endfacet
  facet normal 0 0 1
    outer loop
      vertex -64.8978 -42.7765 45
      vertex -62.483 -42.1294 45
      vertex -62.4924 -42.0868 45
    endloop
  endfacet
  facet normal 0 0 1
    outer loop
      vertex -64.9544 -42.521 45
      vertex -62.4924 -42.0868 45
      vertex -62.4981 -42.0436 45
    endloop
  endfacet
  facet normal 0 0 1
    outer loop
      vertex -62.0868 -42.4924 45
      vertex -62.521 -44.9544 45
      vertex -62.2615 -44.9886 45
    endloop
  endfacet
  facet normal 0 0 1
    outer loop
      vertex -64.9886 -42.2615 45
      vertex -62.4981 -42.0436 45
      vertex -62.5 -42 45
    endloop
  endfacet
  facet normal 0 0 1
    outer loop
      vertex -62.5 -37.7012 45
      vertex -65 -42 45
      vertex -62.5 -41.2988 45
    endloop
  endfacet
  facet normal -0 0 1
    outer loop
      vertex -64.4575 43.7207 45
      vertex -62.4096 42.2868 45
      vertex -64.2981 43.9284 45
    endloop
  endfacet
  facet normal 0 0 1
    outer loop
      vertex -62.5 -41.2988 45
      vertex -65 -42 45
      vertex -62.5 -42 45
    endloop
  endfacet
  facet normal 0 0 1
    outer loop
      vertex -62.4096 42.2868 45
      vertex -64.4575 43.7207 45
      vertex -62.433 42.25 45
    endloop
  endfacet
  facet normal 0 -0 1
    outer loop
      vertex -64.9886 -42.2615 45
      vertex -62.5 -42 45
      vertex -65 -42 45
    endloop
  endfacet
  facet normal -0 0 1
    outer loop
      vertex -64.5981 43.5 45
      vertex -62.433 42.25 45
      vertex -64.4575 43.7207 45
    endloop
  endfacet
  facet normal 0 0 1
    outer loop
      vertex -62.1294 -42.483 45
      vertex -62.7765 -44.8978 45
      vertex -62.521 -44.9544 45
    endloop
  endfacet
  facet normal 0 0 1
    outer loop
      vertex -62.433 42.25 45
      vertex -64.5981 43.5 45
      vertex -62.4532 42.2113 45
    endloop
  endfacet
  facet normal 0 0 1
    outer loop
      vertex -62.171 -42.4698 45
      vertex -63.0261 -44.8191 45
      vertex -62.7765 -44.8978 45
    endloop
  endfacet
  facet normal -0 0 1
    outer loop
      vertex -64.7189 43.2679 45
      vertex -62.4532 42.2113 45
      vertex -64.5981 43.5 45
    endloop
  endfacet
  facet normal 0 0 1
    outer loop
      vertex -62.2113 -42.4532 45
      vertex -63.2679 -44.7189 45
      vertex -63.0261 -44.8191 45
    endloop
  endfacet
  facet normal 0 0 1
    outer loop
      vertex -62.4532 42.2113 45
      vertex -64.7189 43.2679 45
      vertex -62.4698 42.171 45
    endloop
  endfacet
  facet normal 0 0 1
    outer loop
      vertex -62.25 -42.433 45
      vertex -63.5 -44.5981 45
      vertex -63.2679 -44.7189 45
    endloop
  endfacet
  facet normal -0 0 1
    outer loop
      vertex -64.8191 43.0261 45
      vertex -62.4698 42.171 45
      vertex -64.7189 43.2679 45
    endloop
  endfacet
  facet normal 0 0 1
    outer loop
      vertex -62.2868 -42.4096 45
      vertex -63.7207 -44.4575 45
      vertex -63.5 -44.5981 45
    endloop
  endfacet
  facet normal 0 0 1
    outer loop
      vertex -62.4698 42.171 45
      vertex -64.8191 43.0261 45
      vertex -62.483 42.1294 45
    endloop
  endfacet
  facet normal 0 0 1
    outer loop
      vertex -62.3214 -42.383 45
      vertex -63.9284 -44.2981 45
      vertex -63.7207 -44.4575 45
    endloop
  endfacet
  facet normal -0 0 1
    outer loop
      vertex -64.8978 42.7765 45
      vertex -62.483 42.1294 45
      vertex -64.8191 43.0261 45
    endloop
  endfacet
  facet normal 0 0 1
    outer loop
      vertex -62.3535 -42.3535 45
      vertex -64.1213 -44.1213 45
      vertex -63.9284 -44.2981 45
    endloop
  endfacet
  facet normal 0 0 1
    outer loop
      vertex -62.483 42.1294 45
      vertex -64.8978 42.7765 45
      vertex -62.4924 42.0868 45
    endloop
  endfacet
  facet normal 0 0 1
    outer loop
      vertex -62.383 -42.3214 45
      vertex -64.2981 -43.9284 45
      vertex -64.1213 -44.1213 45
    endloop
  endfacet
  facet normal -0 0 1
    outer loop
      vertex -64.9544 42.521 45
      vertex -62.4924 42.0868 45
      vertex -64.8978 42.7765 45
    endloop
  endfacet
  facet normal 0 0 1
    outer loop
      vertex -62.4096 -42.2868 45
      vertex -64.4575 -43.7207 45
      vertex -64.2981 -43.9284 45
    endloop
  endfacet
  facet normal 0 0 1
    outer loop
      vertex -62.4924 42.0868 45
      vertex -64.9544 42.521 45
      vertex -62.4981 42.0436 45
    endloop
  endfacet
  facet normal 0 0 1
    outer loop
      vertex -62.433 -42.25 45
      vertex -64.5981 -43.5 45
      vertex -64.4575 -43.7207 45
    endloop
  endfacet
  facet normal -0 0 1
    outer loop
      vertex -64.9886 42.2615 45
      vertex -62.4981 42.0436 45
      vertex -64.9544 42.521 45
    endloop
  endfacet
  facet normal 0 0 1
    outer loop
      vertex -62.4532 -42.2113 45
      vertex -64.7189 -43.2679 45
      vertex -64.5981 -43.5 45
    endloop
  endfacet
  facet normal 0 0 1
    outer loop
      vertex -62.4981 42.0436 45
      vertex -64.9886 42.2615 45
      vertex -62.5 42 45
    endloop
  endfacet
  facet normal 0 0 1
    outer loop
      vertex -62.4698 -42.171 45
      vertex -64.8191 -43.0261 45
      vertex -64.7189 -43.2679 45
    endloop
  endfacet
  facet normal 0 0 1
    outer loop
      vertex -62.5 42 45
      vertex -64.9886 42.2615 45
      vertex -65 42 45
    endloop
  endfacet
  facet normal 0 0 1
    outer loop
      vertex -62.483 -42.1294 45
      vertex -64.8978 -42.7765 45
      vertex -64.8191 -43.0261 45
    endloop
  endfacet
  facet normal 0 0 1
    outer loop
      vertex -62.4924 -42.0868 45
      vertex -64.9544 -42.521 45
      vertex -64.8978 -42.7765 45
    endloop
  endfacet
  facet normal 0 0 1
    outer loop
      vertex -62.4981 -42.0436 45
      vertex -64.9886 -42.2615 45
      vertex -64.9544 -42.521 45
    endloop
  endfacet
  facet normal -0.675673 0.737202 0
    outer loop
      vertex -63.9284 44.2981 0
      vertex -64.1213 44.1213 45
      vertex -63.9284 44.2981 45
    endloop
  endfacet
  facet normal -0.675673 0.737202 0
    outer loop
      vertex -64.1213 44.1213 45
      vertex -63.9284 44.2981 0
      vertex -64.1213 44.1213 0
    endloop
  endfacet
  facet normal 0.793305 -0.608824 0
    outer loop
      vertex 64.2981 -43.9284 45
      vertex 64.4575 -43.7207 0
      vertex 64.4575 -43.7207 45
    endloop
  endfacet
  facet normal 0.793305 -0.608824 0
    outer loop
      vertex 64.4575 -43.7207 0
      vertex 64.2981 -43.9284 45
      vertex 64.2981 -43.9284 0
    endloop
  endfacet
  facet normal 0 0 -1
    outer loop
      vertex -31.5499 -22.3238 0
      vertex 31.5499 -22.3238 0
      vertex -31.4965 -22.4528 0
    endloop
  endfacet
  facet normal 0 0 -1
    outer loop
      vertex 31.6894 22.0823 0
      vertex -31.4061 22.8605 0
      vertex -31.4 23 0
    endloop
  endfacet
  facet normal 0 0 -1
    outer loop
      vertex 31.5499 -22.3238 0
      vertex -31.5499 -22.3238 0
      vertex 31.6144 -22.2 0
    endloop
  endfacet
  facet normal 0 0 -1
    outer loop
      vertex 31.6894 22.0823 0
      vertex -31.4243 22.7222 0
      vertex -31.4061 22.8605 0
    endloop
  endfacet
  facet normal 0 0 -1
    outer loop
      vertex -31.6144 -22.2 0
      vertex 31.6144 -22.2 0
      vertex -31.5499 -22.3238 0
    endloop
  endfacet
  facet normal 0 0 -1
    outer loop
      vertex 31.6894 22.0823 0
      vertex -31.4545 22.5859 0
      vertex -31.4243 22.7222 0
    endloop
  endfacet
  facet normal 0 0 -1
    outer loop
      vertex 31.6144 -22.2 0
      vertex -31.6144 -22.2 0
      vertex 31.6894 -22.0823 0
    endloop
  endfacet
  facet normal 0 0 -1
    outer loop
      vertex 31.6894 22.0823 0
      vertex -31.4965 22.4528 0
      vertex -31.4545 22.5859 0
    endloop
  endfacet
  facet normal 0 0 -1
    outer loop
      vertex -31.6894 -22.0823 0
      vertex 31.6894 -22.0823 0
      vertex -31.6144 -22.2 0
    endloop
  endfacet
  facet normal 0 0 -1
    outer loop
      vertex 31.6894 22.0823 0
      vertex -31.5499 22.3238 0
      vertex -31.4965 22.4528 0
    endloop
  endfacet
  facet normal 0 0 -1
    outer loop
      vertex 31.6894 -22.0823 0
      vertex -31.6894 -22.0823 0
      vertex 31.6894 22.0823 0
    endloop
  endfacet
  facet normal 0 0 -1
    outer loop
      vertex 31.6894 22.0823 0
      vertex -31.6144 22.2 0
      vertex -31.5499 22.3238 0
    endloop
  endfacet
  facet normal 0 0 -1
    outer loop
      vertex -31.6894 22.0823 0
      vertex 31.6894 22.0823 0
      vertex -31.6894 -22.0823 0
    endloop
  endfacet
  facet normal 0 0 -1
    outer loop
      vertex 31.6894 22.0823 0
      vertex -31.6894 22.0823 0
      vertex -31.6144 22.2 0
    endloop
  endfacet
  facet normal 0 0 -1
    outer loop
      vertex -31.7743 -21.9715 0
      vertex -31.6894 22.0823 0
      vertex -31.6894 -22.0823 0
    endloop
  endfacet
  facet normal 0 0 -1
    outer loop
      vertex -31.7743 -21.9715 0
      vertex -31.7743 21.9715 0
      vertex -31.6894 22.0823 0
    endloop
  endfacet
  facet normal 0 0 -1
    outer loop
      vertex -31.8686 -21.8686 0
      vertex -31.7743 21.9715 0
      vertex -31.7743 -21.9715 0
    endloop
  endfacet
  facet normal 0 0 -1
    outer loop
      vertex -31.8686 -21.8686 0
      vertex -31.8686 21.8686 0
      vertex -31.7743 21.9715 0
    endloop
  endfacet
  facet normal 0 0 -1
    outer loop
      vertex -31.9715 -21.7743 0
      vertex -31.8686 21.8686 0
      vertex -31.8686 -21.8686 0
    endloop
  endfacet
  facet normal 0 0 -1
    outer loop
      vertex -31.9715 -21.7743 0
      vertex -31.9715 21.7743 0
      vertex -31.8686 21.8686 0
    endloop
  endfacet
  facet normal 0 0 -1
    outer loop
      vertex -32.0823 -21.6894 0
      vertex -31.9715 21.7743 0
      vertex -31.9715 -21.7743 0
    endloop
  endfacet
  facet normal 0 0 -1
    outer loop
      vertex -32.0823 -21.6894 0
      vertex -32.0823 21.6894 0
      vertex -31.9715 21.7743 0
    endloop
  endfacet
  facet normal 0 0 -1
    outer loop
      vertex -32.2 -21.6144 0
      vertex -32.0823 21.6894 0
      vertex -32.0823 -21.6894 0
    endloop
  endfacet
  facet normal 0 0 -1
    outer loop
      vertex -32.2 -21.6144 0
      vertex -32.2 21.6144 0
      vertex -32.0823 21.6894 0
    endloop
  endfacet
  facet normal 0 0 -1
    outer loop
      vertex -32.3238 -21.5499 0
      vertex -32.2 21.6144 0
      vertex -32.2 -21.6144 0
    endloop
  endfacet
  facet normal 0 0 -1
    outer loop
      vertex -32.3238 -21.5499 0
      vertex -32.3238 21.5499 0
      vertex -32.2 21.6144 0
    endloop
  endfacet
  facet normal 0 0 -1
    outer loop
      vertex -32.4528 -21.4965 0
      vertex -32.3238 21.5499 0
      vertex -32.3238 -21.5499 0
    endloop
  endfacet
  facet normal 0 0 -1
    outer loop
      vertex -32.4528 -21.4965 0
      vertex -32.4528 21.4965 0
      vertex -32.3238 21.5499 0
    endloop
  endfacet
  facet normal 0 0 -1
    outer loop
      vertex -32.5859 -21.4545 0
      vertex -32.4528 21.4965 0
      vertex -32.4528 -21.4965 0
    endloop
  endfacet
  facet normal 0 0 -1
    outer loop
      vertex -32.5859 -21.4545 0
      vertex -32.5859 21.4545 0
      vertex -32.4528 21.4965 0
    endloop
  endfacet
  facet normal 0 0 -1
    outer loop
      vertex -32.7222 -21.4243 0
      vertex -32.5859 21.4545 0
      vertex -32.5859 -21.4545 0
    endloop
  endfacet
  facet normal 0 0 -1
    outer loop
      vertex -32.7222 -21.4243 0
      vertex -32.7222 21.4243 0
      vertex -32.5859 21.4545 0
    endloop
  endfacet
  facet normal 0 0 -1
    outer loop
      vertex -32.8605 -21.4061 0
      vertex -32.7222 21.4243 0
      vertex -32.7222 -21.4243 0
    endloop
  endfacet
  facet normal 0 0 -1
    outer loop
      vertex -32.8605 -21.4061 0
      vertex -32.8605 21.4061 0
      vertex -32.7222 21.4243 0
    endloop
  endfacet
  facet normal 0 0 -1
    outer loop
      vertex -33 -21.4 0
      vertex -32.8605 21.4061 0
      vertex -32.8605 -21.4061 0
    endloop
  endfacet
  facet normal 0 0 -1
    outer loop
      vertex -33 -21.4 0
      vertex -33 21.4 0
      vertex -32.8605 21.4061 0
    endloop
  endfacet
  facet normal 0 0 -1
    outer loop
      vertex -33.1395 -21.4061 0
      vertex -33 21.4 0
      vertex -33 -21.4 0
    endloop
  endfacet
  facet normal 0 0 -1
    outer loop
      vertex -33.1395 -21.4061 0
      vertex -33.1395 21.4061 0
      vertex -33 21.4 0
    endloop
  endfacet
  facet normal 0 0 -1
    outer loop
      vertex -33.2778 -21.4243 0
      vertex -33.1395 21.4061 0
      vertex -33.1395 -21.4061 0
    endloop
  endfacet
  facet normal 0 0 -1
    outer loop
      vertex -33.2778 -21.4243 0
      vertex -33.2778 21.4243 0
      vertex -33.1395 21.4061 0
    endloop
  endfacet
  facet normal 0 0 -1
    outer loop
      vertex -33.4141 -21.4545 0
      vertex -33.2778 21.4243 0
      vertex -33.2778 -21.4243 0
    endloop
  endfacet
  facet normal 0 0 -1
    outer loop
      vertex -33.4141 -21.4545 0
      vertex -33.4141 21.4545 0
      vertex -33.2778 21.4243 0
    endloop
  endfacet
  facet normal 0 0 -1
    outer loop
      vertex -33.5472 -21.4965 0
      vertex -33.4141 21.4545 0
      vertex -33.4141 -21.4545 0
    endloop
  endfacet
  facet normal 0 0 -1
    outer loop
      vertex -33.5472 -21.4965 0
      vertex -33.5472 21.4965 0
      vertex -33.4141 21.4545 0
    endloop
  endfacet
  facet normal 0 0 -1
    outer loop
      vertex -33.6762 -21.5499 0
      vertex -33.5472 21.4965 0
      vertex -33.5472 -21.4965 0
    endloop
  endfacet
  facet normal 0 0 -1
    outer loop
      vertex -33.6762 -21.5499 0
      vertex -33.6762 21.5499 0
      vertex -33.5472 21.4965 0
    endloop
  endfacet
  facet normal 0 0 -1
    outer loop
      vertex -33.8 -21.6144 0
      vertex -33.6762 21.5499 0
      vertex -33.6762 -21.5499 0
    endloop
  endfacet
  facet normal 0 0 -1
    outer loop
      vertex -33.8 -21.6144 0
      vertex -33.8 21.6144 0
      vertex -33.6762 21.5499 0
    endloop
  endfacet
  facet normal 0 0 -1
    outer loop
      vertex -33.9177 -21.6894 0
      vertex -33.8 21.6144 0
      vertex -33.8 -21.6144 0
    endloop
  endfacet
  facet normal 0 0 -1
    outer loop
      vertex -33.9177 -21.6894 0
      vertex -33.9177 21.6894 0
      vertex -33.8 21.6144 0
    endloop
  endfacet
  facet normal 0 0 -1
    outer loop
      vertex -34.0285 -21.7743 0
      vertex -33.9177 21.6894 0
      vertex -33.9177 -21.6894 0
    endloop
  endfacet
  facet normal 0 0 -1
    outer loop
      vertex -34.0285 -21.7743 0
      vertex -34.0285 21.7743 0
      vertex -33.9177 21.6894 0
    endloop
  endfacet
  facet normal 0 0 -1
    outer loop
      vertex -34.1314 -21.8686 0
      vertex -34.0285 21.7743 0
      vertex -34.0285 -21.7743 0
    endloop
  endfacet
  facet normal 0 0 -1
    outer loop
      vertex -34.1314 -21.8686 0
      vertex -34.1314 21.8686 0
      vertex -34.0285 21.7743 0
    endloop
  endfacet
  facet normal 0 0 -1
    outer loop
      vertex -34.2257 -21.9715 0
      vertex -34.1314 21.8686 0
      vertex -34.1314 -21.8686 0
    endloop
  endfacet
  facet normal 0 0 -1
    outer loop
      vertex -34.2257 -21.9715 0
      vertex -34.2257 21.9715 0
      vertex -34.1314 21.8686 0
    endloop
  endfacet
  facet normal 0 0 -1
    outer loop
      vertex -34.3106 -22.0823 0
      vertex -34.2257 21.9715 0
      vertex -34.2257 -21.9715 0
    endloop
  endfacet
  facet normal 0 0 -1
    outer loop
      vertex -34.3106 -22.0823 0
      vertex -34.3106 22.0823 0
      vertex -34.2257 21.9715 0
    endloop
  endfacet
  facet normal 0 0 -1
    outer loop
      vertex -34.3856 -22.2 0
      vertex -34.3106 22.0823 0
      vertex -34.3106 -22.0823 0
    endloop
  endfacet
  facet normal 0 0 -1
    outer loop
      vertex -34.3856 -22.2 0
      vertex -34.3856 22.2 0
      vertex -34.3106 22.0823 0
    endloop
  endfacet
  facet normal 0 0 -1
    outer loop
      vertex -65 -42 0
      vertex -34.3856 -22.2 0
      vertex -34.4501 -22.3238 0
    endloop
  endfacet
  facet normal -0 0 -1
    outer loop
      vertex -34.3856 -22.2 0
      vertex -65 -42 0
      vertex -34.3856 22.2 0
    endloop
  endfacet
  facet normal 0 0 -1
    outer loop
      vertex -65 -42 0
      vertex -34.4501 -22.3238 0
      vertex -34.5035 -22.4528 0
    endloop
  endfacet
  facet normal 0 0 -1
    outer loop
      vertex -65 42 0
      vertex -34.3856 22.2 0
      vertex -65 -42 0
    endloop
  endfacet
  facet normal 0 0 -1
    outer loop
      vertex -65 -42 0
      vertex -34.5035 -22.4528 0
      vertex -34.5455 -22.5859 0
    endloop
  endfacet
  facet normal 0 0 -1
    outer loop
      vertex -34.3856 22.2 0
      vertex -65 42 0
      vertex -34.4501 22.3238 0
    endloop
  endfacet
  facet normal 0 0 -1
    outer loop
      vertex -65 -42 0
      vertex -34.5455 -22.5859 0
      vertex -34.5757 -22.7222 0
    endloop
  endfacet
  facet normal 0 0 -1
    outer loop
      vertex -34.4501 22.3238 0
      vertex -65 42 0
      vertex -34.5035 22.4528 0
    endloop
  endfacet
  facet normal 0 0 -1
    outer loop
      vertex -65 -42 0
      vertex -34.5757 -22.7222 0
      vertex -34.5939 -22.8605 0
    endloop
  endfacet
  facet normal 0 0 -1
    outer loop
      vertex -34.5035 22.4528 0
      vertex -65 42 0
      vertex -34.5455 22.5859 0
    endloop
  endfacet
  facet normal 0 0 -1
    outer loop
      vertex -65 -42 0
      vertex -34.5939 -22.8605 0
      vertex -34.6 -23 0
    endloop
  endfacet
  facet normal 0 0 -1
    outer loop
      vertex -34.5455 22.5859 0
      vertex -65 42 0
      vertex -34.5757 22.7222 0
    endloop
  endfacet
  facet normal 0 0 -1
    outer loop
      vertex 34.5455 -22.5859 0
      vertex 65 -42 0
      vertex 34.5757 -22.7222 0
    endloop
  endfacet
  facet normal 0 0 -1
    outer loop
      vertex 65 42 0
      vertex 34.5939 22.8605 0
      vertex 34.6 23 0
    endloop
  endfacet
  facet normal 0 0 -1
    outer loop
      vertex 34.5035 -22.4528 0
      vertex 65 -42 0
      vertex 34.5455 -22.5859 0
    endloop
  endfacet
  facet normal 0 0 -1
    outer loop
      vertex 65 42 0
      vertex 34.5757 22.7222 0
      vertex 34.5939 22.8605 0
    endloop
  endfacet
  facet normal 0 0 -1
    outer loop
      vertex 34.4501 -22.3238 0
      vertex 65 -42 0
      vertex 34.5035 -22.4528 0
    endloop
  endfacet
  facet normal 0 0 -1
    outer loop
      vertex 65 42 0
      vertex 34.5455 22.5859 0
      vertex 34.5757 22.7222 0
    endloop
  endfacet
  facet normal 0 0 -1
    outer loop
      vertex 34.3856 -22.2 0
      vertex 65 -42 0
      vertex 34.4501 -22.3238 0
    endloop
  endfacet
  facet normal 0 0 -1
    outer loop
      vertex 65 42 0
      vertex 34.5035 22.4528 0
      vertex 34.5455 22.5859 0
    endloop
  endfacet
  facet normal 0 0 -1
    outer loop
      vertex 65 -42 0
      vertex 34.3856 -22.2 0
      vertex 65 42 0
    endloop
  endfacet
  facet normal 0 0 -1
    outer loop
      vertex 65 42 0
      vertex 34.4501 22.3238 0
      vertex 34.5035 22.4528 0
    endloop
  endfacet
  facet normal 0 0 -1
    outer loop
      vertex 34.3856 22.2 0
      vertex 65 42 0
      vertex 34.3856 -22.2 0
    endloop
  endfacet
  facet normal 0 0 -1
    outer loop
      vertex 65 42 0
      vertex 34.3856 22.2 0
      vertex 34.4501 22.3238 0
    endloop
  endfacet
  facet normal 0 0 -1
    outer loop
      vertex 34.3106 -22.0823 0
      vertex 34.3856 22.2 0
      vertex 34.3856 -22.2 0
    endloop
  endfacet
  facet normal 0 0 -1
    outer loop
      vertex 34.3106 -22.0823 0
      vertex 34.3106 22.0823 0
      vertex 34.3856 22.2 0
    endloop
  endfacet
  facet normal 0 0 -1
    outer loop
      vertex 34.2257 -21.9715 0
      vertex 34.3106 22.0823 0
      vertex 34.3106 -22.0823 0
    endloop
  endfacet
  facet normal 0 0 -1
    outer loop
      vertex 34.2257 -21.9715 0
      vertex 34.2257 21.9715 0
      vertex 34.3106 22.0823 0
    endloop
  endfacet
  facet normal 0 0 -1
    outer loop
      vertex 34.1314 -21.8686 0
      vertex 34.2257 21.9715 0
      vertex 34.2257 -21.9715 0
    endloop
  endfacet
  facet normal 0 0 -1
    outer loop
      vertex 34.1314 -21.8686 0
      vertex 34.1314 21.8686 0
      vertex 34.2257 21.9715 0
    endloop
  endfacet
  facet normal 0 0 -1
    outer loop
      vertex 34.0285 -21.7743 0
      vertex 34.1314 21.8686 0
      vertex 34.1314 -21.8686 0
    endloop
  endfacet
  facet normal 0 0 -1
    outer loop
      vertex 34.0285 -21.7743 0
      vertex 34.0285 21.7743 0
      vertex 34.1314 21.8686 0
    endloop
  endfacet
  facet normal 0 0 -1
    outer loop
      vertex 33.9177 -21.6894 0
      vertex 34.0285 21.7743 0
      vertex 34.0285 -21.7743 0
    endloop
  endfacet
  facet normal 0 0 -1
    outer loop
      vertex 33.9177 -21.6894 0
      vertex 33.9177 21.6894 0
      vertex 34.0285 21.7743 0
    endloop
  endfacet
  facet normal 0 0 -1
    outer loop
      vertex 33.8 -21.6144 0
      vertex 33.9177 21.6894 0
      vertex 33.9177 -21.6894 0
    endloop
  endfacet
  facet normal 0 0 -1
    outer loop
      vertex 33.8 -21.6144 0
      vertex 33.8 21.6144 0
      vertex 33.9177 21.6894 0
    endloop
  endfacet
  facet normal 0 0 -1
    outer loop
      vertex 33.6762 -21.5499 0
      vertex 33.8 21.6144 0
      vertex 33.8 -21.6144 0
    endloop
  endfacet
  facet normal 0 0 -1
    outer loop
      vertex 33.6762 -21.5499 0
      vertex 33.6762 21.5499 0
      vertex 33.8 21.6144 0
    endloop
  endfacet
  facet normal 0 0 -1
    outer loop
      vertex 33.5472 -21.4965 0
      vertex 33.6762 21.5499 0
      vertex 33.6762 -21.5499 0
    endloop
  endfacet
  facet normal 0 0 -1
    outer loop
      vertex 33.5472 -21.4965 0
      vertex 33.5472 21.4965 0
      vertex 33.6762 21.5499 0
    endloop
  endfacet
  facet normal 0 0 -1
    outer loop
      vertex 33.4141 -21.4545 0
      vertex 33.5472 21.4965 0
      vertex 33.5472 -21.4965 0
    endloop
  endfacet
  facet normal 0 0 -1
    outer loop
      vertex 33.4141 -21.4545 0
      vertex 33.4141 21.4545 0
      vertex 33.5472 21.4965 0
    endloop
  endfacet
  facet normal 0 0 -1
    outer loop
      vertex 33.2778 -21.4243 0
      vertex 33.4141 21.4545 0
      vertex 33.4141 -21.4545 0
    endloop
  endfacet
  facet normal 0 0 -1
    outer loop
      vertex 33.2778 -21.4243 0
      vertex 33.2778 21.4243 0
      vertex 33.4141 21.4545 0
    endloop
  endfacet
  facet normal 0 0 -1
    outer loop
      vertex 33.1395 -21.4061 0
      vertex 33.2778 21.4243 0
      vertex 33.2778 -21.4243 0
    endloop
  endfacet
  facet normal 0 0 -1
    outer loop
      vertex 33.1395 -21.4061 0
      vertex 33.1395 21.4061 0
      vertex 33.2778 21.4243 0
    endloop
  endfacet
  facet normal 0 0 -1
    outer loop
      vertex 33 -21.4 0
      vertex 33.1395 21.4061 0
      vertex 33.1395 -21.4061 0
    endloop
  endfacet
  facet normal 0 0 -1
    outer loop
      vertex 33 -21.4 0
      vertex 33 21.4 0
      vertex 33.1395 21.4061 0
    endloop
  endfacet
  facet normal 0 0 -1
    outer loop
      vertex 32.8605 -21.4061 0
      vertex 33 21.4 0
      vertex 33 -21.4 0
    endloop
  endfacet
  facet normal 0 0 -1
    outer loop
      vertex 32.8605 -21.4061 0
      vertex 32.8605 21.4061 0
      vertex 33 21.4 0
    endloop
  endfacet
  facet normal 0 0 -1
    outer loop
      vertex 32.7222 -21.4243 0
      vertex 32.8605 21.4061 0
      vertex 32.8605 -21.4061 0
    endloop
  endfacet
  facet normal 0 0 -1
    outer loop
      vertex 32.7222 -21.4243 0
      vertex 32.7222 21.4243 0
      vertex 32.8605 21.4061 0
    endloop
  endfacet
  facet normal 0 0 -1
    outer loop
      vertex 32.5859 -21.4545 0
      vertex 32.7222 21.4243 0
      vertex 32.7222 -21.4243 0
    endloop
  endfacet
  facet normal 0 0 -1
    outer loop
      vertex 32.5859 -21.4545 0
      vertex 32.5859 21.4545 0
      vertex 32.7222 21.4243 0
    endloop
  endfacet
  facet normal 0 0 -1
    outer loop
      vertex 32.4528 -21.4965 0
      vertex 32.5859 21.4545 0
      vertex 32.5859 -21.4545 0
    endloop
  endfacet
  facet normal 0 0 -1
    outer loop
      vertex 32.4528 -21.4965 0
      vertex 32.4528 21.4965 0
      vertex 32.5859 21.4545 0
    endloop
  endfacet
  facet normal 0 0 -1
    outer loop
      vertex 32.3238 -21.5499 0
      vertex 32.4528 21.4965 0
      vertex 32.4528 -21.4965 0
    endloop
  endfacet
  facet normal 0 0 -1
    outer loop
      vertex 32.3238 -21.5499 0
      vertex 32.3238 21.5499 0
      vertex 32.4528 21.4965 0
    endloop
  endfacet
  facet normal 0 0 -1
    outer loop
      vertex 32.2 -21.6144 0
      vertex 32.3238 21.5499 0
      vertex 32.3238 -21.5499 0
    endloop
  endfacet
  facet normal 0 0 -1
    outer loop
      vertex 32.2 -21.6144 0
      vertex 32.2 21.6144 0
      vertex 32.3238 21.5499 0
    endloop
  endfacet
  facet normal 0 0 -1
    outer loop
      vertex 32.0823 -21.6894 0
      vertex 32.2 21.6144 0
      vertex 32.2 -21.6144 0
    endloop
  endfacet
  facet normal 0 0 -1
    outer loop
      vertex 32.0823 -21.6894 0
      vertex 32.0823 21.6894 0
      vertex 32.2 21.6144 0
    endloop
  endfacet
  facet normal 0 0 -1
    outer loop
      vertex 31.9715 -21.7743 0
      vertex 32.0823 21.6894 0
      vertex 32.0823 -21.6894 0
    endloop
  endfacet
  facet normal 0 0 -1
    outer loop
      vertex 31.9715 -21.7743 0
      vertex 31.9715 21.7743 0
      vertex 32.0823 21.6894 0
    endloop
  endfacet
  facet normal 0 0 -1
    outer loop
      vertex 31.8686 -21.8686 0
      vertex 31.9715 21.7743 0
      vertex 31.9715 -21.7743 0
    endloop
  endfacet
  facet normal 0 0 -1
    outer loop
      vertex 31.8686 -21.8686 0
      vertex 31.8686 21.8686 0
      vertex 31.9715 21.7743 0
    endloop
  endfacet
  facet normal 0 0 -1
    outer loop
      vertex 31.7743 -21.9715 0
      vertex 31.8686 21.8686 0
      vertex 31.8686 -21.8686 0
    endloop
  endfacet
  facet normal 0 0 -1
    outer loop
      vertex 31.7743 -21.9715 0
      vertex 31.7743 21.9715 0
      vertex 31.8686 21.8686 0
    endloop
  endfacet
  facet normal 0 0 -1
    outer loop
      vertex 31.6894 -22.0823 0
      vertex 31.7743 21.9715 0
      vertex 31.7743 -21.9715 0
    endloop
  endfacet
  facet normal 0 0 -1
    outer loop
      vertex 31.6894 -22.0823 0
      vertex 31.6894 22.0823 0
      vertex 31.7743 21.9715 0
    endloop
  endfacet
  facet normal 0 0 -1
    outer loop
      vertex 31.4545 -22.5859 0
      vertex -31.4545 -22.5859 0
      vertex 31.4965 -22.4528 0
    endloop
  endfacet
  facet normal 0 0 -1
    outer loop
      vertex -31.4965 -22.4528 0
      vertex 31.4965 -22.4528 0
      vertex -31.4545 -22.5859 0
    endloop
  endfacet
  facet normal 0 0 -1
    outer loop
      vertex -31.4545 -22.5859 0
      vertex 31.4545 -22.5859 0
      vertex -31.4243 -22.7222 0
    endloop
  endfacet
  facet normal 0 0 -1
    outer loop
      vertex 31.4965 -22.4528 0
      vertex -31.4965 -22.4528 0
      vertex 31.5499 -22.3238 0
    endloop
  endfacet
  facet normal 0 0 -1
    outer loop
      vertex 31.4243 -22.7222 0
      vertex -31.4243 -22.7222 0
      vertex 31.4545 -22.5859 0
    endloop
  endfacet
  facet normal 0 0 -1
    outer loop
      vertex 31.6894 22.0823 0
      vertex -31.4 23 0
      vertex 31.6144 22.2 0
    endloop
  endfacet
  facet normal 0 0 -1
    outer loop
      vertex -31.4243 -22.7222 0
      vertex 31.4243 -22.7222 0
      vertex -31.4061 -22.8605 0
    endloop
  endfacet
  facet normal 0 0 -1
    outer loop
      vertex 31.6144 22.2 0
      vertex -31.4 23 0
      vertex 31.5499 22.3238 0
    endloop
  endfacet
  facet normal 0 0 -1
    outer loop
      vertex 31.4061 -22.8605 0
      vertex -31.4061 -22.8605 0
      vertex 31.4243 -22.7222 0
    endloop
  endfacet
  facet normal 0 0 -1
    outer loop
      vertex 31.5499 22.3238 0
      vertex -31.4 23 0
      vertex 31.4965 22.4528 0
    endloop
  endfacet
  facet normal 0 0 -1
    outer loop
      vertex -31.4061 -22.8605 0
      vertex 31.4061 -22.8605 0
      vertex -31.4 -23 0
    endloop
  endfacet
  facet normal 0 0 -1
    outer loop
      vertex 31.4965 22.4528 0
      vertex -31.4 23 0
      vertex 31.4545 22.5859 0
    endloop
  endfacet
  facet normal 0 0 -1
    outer loop
      vertex -31.4 -23 0
      vertex 31.4061 -22.8605 0
      vertex 31.4 -23 0
    endloop
  endfacet
  facet normal 0 0 -1
    outer loop
      vertex 31.4545 22.5859 0
      vertex -31.4 23 0
      vertex 31.4243 22.7222 0
    endloop
  endfacet
  facet normal 0 0 -1
    outer loop
      vertex 62 -45 0
      vertex 65 -42 0
      vertex 64.9886 -42.2615 0
    endloop
  endfacet
  facet normal 0 0 -1
    outer loop
      vertex 34.5939 -22.8605 0
      vertex 65 -42 0
      vertex 34.6 -23 0
    endloop
  endfacet
  facet normal 0 0 -1
    outer loop
      vertex 62 -45 0
      vertex 64.9886 -42.2615 0
      vertex 64.9544 -42.521 0
    endloop
  endfacet
  facet normal 0 0 -1
    outer loop
      vertex 34.5757 -22.7222 0
      vertex 65 -42 0
      vertex 34.5939 -22.8605 0
    endloop
  endfacet
  facet normal 0 0 -1
    outer loop
      vertex 62 -45 0
      vertex 64.9544 -42.521 0
      vertex 64.8978 -42.7765 0
    endloop
  endfacet
  facet normal 0 0 -1
    outer loop
      vertex 34.5939 23.1395 0
      vertex 65 42 0
      vertex 34.6 23 0
    endloop
  endfacet
  facet normal 0 0 -1
    outer loop
      vertex 62 -45 0
      vertex 64.8978 -42.7765 0
      vertex 64.8191 -43.0261 0
    endloop
  endfacet
  facet normal 0 0 -1
    outer loop
      vertex 34.5757 23.2778 0
      vertex 65 42 0
      vertex 34.5939 23.1395 0
    endloop
  endfacet
  facet normal 0 0 -1
    outer loop
      vertex 62 -45 0
      vertex 64.8191 -43.0261 0
      vertex 64.7189 -43.2679 0
    endloop
  endfacet
  facet normal 0 0 -1
    outer loop
      vertex 34.5455 23.4141 0
      vertex 65 42 0
      vertex 34.5757 23.2778 0
    endloop
  endfacet
  facet normal 0 0 -1
    outer loop
      vertex 62 -45 0
      vertex 64.7189 -43.2679 0
      vertex 64.5981 -43.5 0
    endloop
  endfacet
  facet normal 0 0 -1
    outer loop
      vertex 34.5035 23.5472 0
      vertex 65 42 0
      vertex 34.5455 23.4141 0
    endloop
  endfacet
  facet normal 0 0 -1
    outer loop
      vertex 62 -45 0
      vertex 64.5981 -43.5 0
      vertex 64.4575 -43.7207 0
    endloop
  endfacet
  facet normal 0 0 -1
    outer loop
      vertex 34.4501 23.6762 0
      vertex 65 42 0
      vertex 34.5035 23.5472 0
    endloop
  endfacet
  facet normal 0 0 -1
    outer loop
      vertex 62 -45 0
      vertex 64.4575 -43.7207 0
      vertex 64.2981 -43.9284 0
    endloop
  endfacet
  facet normal 0 0 -1
    outer loop
      vertex 65 42 0
      vertex 62 45 0
      vertex 64.9886 42.2615 0
    endloop
  endfacet
  facet normal 0 0 -1
    outer loop
      vertex 62 -45 0
      vertex 64.2981 -43.9284 0
      vertex 64.1213 -44.1213 0
    endloop
  endfacet
  facet normal 0 0 -1
    outer loop
      vertex 64.9544 42.521 0
      vertex 62 45 0
      vertex 64.8978 42.7765 0
    endloop
  endfacet
  facet normal 0 0 -1
    outer loop
      vertex 62 -45 0
      vertex 64.1213 -44.1213 0
      vertex 63.9284 -44.2981 0
    endloop
  endfacet
  facet normal 0 0 -1
    outer loop
      vertex 64.8978 42.7765 0
      vertex 62 45 0
      vertex 64.8191 43.0261 0
    endloop
  endfacet
  facet normal 0 0 -1
    outer loop
      vertex 62 -45 0
      vertex 63.9284 -44.2981 0
      vertex 63.7207 -44.4575 0
    endloop
  endfacet
  facet normal 0 0 -1
    outer loop
      vertex 64.7189 43.2679 0
      vertex 62 45 0
      vertex 64.5981 43.5 0
    endloop
  endfacet
  facet normal 0 0 -1
    outer loop
      vertex 62 -45 0
      vertex 63.7207 -44.4575 0
      vertex 63.5 -44.5981 0
    endloop
  endfacet
  facet normal 0 0 -1
    outer loop
      vertex 64.5981 43.5 0
      vertex 62 45 0
      vertex 64.4575 43.7207 0
    endloop
  endfacet
  facet normal 0 0 -1
    outer loop
      vertex 62 -45 0
      vertex 63.5 -44.5981 0
      vertex 63.2679 -44.7189 0
    endloop
  endfacet
  facet normal 0 0 -1
    outer loop
      vertex 64.2981 43.9284 0
      vertex 62 45 0
      vertex 64.1213 44.1213 0
    endloop
  endfacet
  facet normal 0 0 -1
    outer loop
      vertex 62 -45 0
      vertex 63.2679 -44.7189 0
      vertex 63.0261 -44.8191 0
    endloop
  endfacet
  facet normal 0 0 -1
    outer loop
      vertex 63.9284 44.2981 0
      vertex 62 45 0
      vertex 63.7207 44.4575 0
    endloop
  endfacet
  facet normal 0 0 -1
    outer loop
      vertex 62 -45 0
      vertex 63.0261 -44.8191 0
      vertex 62.7765 -44.8978 0
    endloop
  endfacet
  facet normal 0 0 -1
    outer loop
      vertex 63.7207 44.4575 0
      vertex 62 45 0
      vertex 63.5 44.5981 0
    endloop
  endfacet
  facet normal 0 0 -1
    outer loop
      vertex 62 -45 0
      vertex 62.7765 -44.8978 0
      vertex 62.521 -44.9544 0
    endloop
  endfacet
  facet normal 0 0 -1
    outer loop
      vertex 63.5 44.5981 0
      vertex 62 45 0
      vertex 63.2679 44.7189 0
    endloop
  endfacet
  facet normal 0 0 -1
    outer loop
      vertex 62 -45 0
      vertex 62.521 -44.9544 0
      vertex 62.2615 -44.9886 0
    endloop
  endfacet
  facet normal 0 0 -1
    outer loop
      vertex 63.2679 44.7189 0
      vertex 62 45 0
      vertex 63.0261 44.8191 0
    endloop
  endfacet
  facet normal 0 0 -1
    outer loop
      vertex 34.4501 -23.6762 0
      vertex 65 -42 0
      vertex 62 -45 0
    endloop
  endfacet
  facet normal 0 0 -1
    outer loop
      vertex 63.0261 44.8191 0
      vertex 62 45 0
      vertex 62.7765 44.8978 0
    endloop
  endfacet
  facet normal 0 0 -1
    outer loop
      vertex 62.7765 44.8978 0
      vertex 62 45 0
      vertex 62.521 44.9544 0
    endloop
  endfacet
  facet normal 0 0 -1
    outer loop
      vertex 65 -42 0
      vertex 34.5939 -23.1395 0
      vertex 34.6 -23 0
    endloop
  endfacet
  facet normal 0 0 -1
    outer loop
      vertex 65 -42 0
      vertex 34.5757 -23.2778 0
      vertex 34.5939 -23.1395 0
    endloop
  endfacet
  facet normal 0 0 -1
    outer loop
      vertex 65 -42 0
      vertex 34.5455 -23.4141 0
      vertex 34.5757 -23.2778 0
    endloop
  endfacet
  facet normal 0 0 -1
    outer loop
      vertex 65 -42 0
      vertex 34.5035 -23.5472 0
      vertex 34.5455 -23.4141 0
    endloop
  endfacet
  facet normal 0 0 -1
    outer loop
      vertex 65 -42 0
      vertex 34.4501 -23.6762 0
      vertex 34.5035 -23.5472 0
    endloop
  endfacet
  facet normal 0 0 -1
    outer loop
      vertex 62 -45 0
      vertex 34.3856 -23.8 0
      vertex 34.4501 -23.6762 0
    endloop
  endfacet
  facet normal 0 0 -1
    outer loop
      vertex 62 -45 0
      vertex 34.3106 -23.9177 0
      vertex 34.3856 -23.8 0
    endloop
  endfacet
  facet normal 0 0 -1
    outer loop
      vertex 62 -45 0
      vertex 34.2257 -24.0285 0
      vertex 34.3106 -23.9177 0
    endloop
  endfacet
  facet normal 0 0 -1
    outer loop
      vertex 62 -45 0
      vertex 34.1314 -24.1314 0
      vertex 34.2257 -24.0285 0
    endloop
  endfacet
  facet normal 0 0 -1
    outer loop
      vertex 62 -45 0
      vertex 34.0285 -24.2257 0
      vertex 34.1314 -24.1314 0
    endloop
  endfacet
  facet normal 0 0 -1
    outer loop
      vertex 62 -45 0
      vertex 33.9177 -24.3106 0
      vertex 34.0285 -24.2257 0
    endloop
  endfacet
  facet normal 0 0 -1
    outer loop
      vertex 62 -45 0
      vertex 33.8 -24.3856 0
      vertex 33.9177 -24.3106 0
    endloop
  endfacet
  facet normal 0 0 -1
    outer loop
      vertex 62 -45 0
      vertex 33.6762 -24.4501 0
      vertex 33.8 -24.3856 0
    endloop
  endfacet
  facet normal 0 0 -1
    outer loop
      vertex 62 -45 0
      vertex 33.5472 -24.5035 0
      vertex 33.6762 -24.4501 0
    endloop
  endfacet
  facet normal 0 0 -1
    outer loop
      vertex 62 -45 0
      vertex 33.4141 -24.5455 0
      vertex 33.5472 -24.5035 0
    endloop
  endfacet
  facet normal 0 0 -1
    outer loop
      vertex 62 -45 0
      vertex 33.2778 -24.5757 0
      vertex 33.4141 -24.5455 0
    endloop
  endfacet
  facet normal 0 0 -1
    outer loop
      vertex 62 -45 0
      vertex 33.1395 -24.5939 0
      vertex 33.2778 -24.5757 0
    endloop
  endfacet
  facet normal 0 0 -1
    outer loop
      vertex 62 -45 0
      vertex 33 -24.6 0
      vertex 33.1395 -24.5939 0
    endloop
  endfacet
  facet normal 0 0 -1
    outer loop
      vertex 62 -45 0
      vertex 32.8605 -24.5939 0
      vertex 33 -24.6 0
    endloop
  endfacet
  facet normal 0 0 -1
    outer loop
      vertex 62 -45 0
      vertex 32.7222 -24.5757 0
      vertex 32.8605 -24.5939 0
    endloop
  endfacet
  facet normal 0 0 -1
    outer loop
      vertex 62 -45 0
      vertex 32.5859 -24.5455 0
      vertex 32.7222 -24.5757 0
    endloop
  endfacet
  facet normal 0 0 -1
    outer loop
      vertex 62 -45 0
      vertex 32.4528 -24.5035 0
      vertex 32.5859 -24.5455 0
    endloop
  endfacet
  facet normal 0 0 -1
    outer loop
      vertex 62 -45 0
      vertex 32.3238 -24.4501 0
      vertex 32.4528 -24.5035 0
    endloop
  endfacet
  facet normal 0 0 -1
    outer loop
      vertex -32.3238 -24.4501 0
      vertex 32.3238 -24.4501 0
      vertex 62 -45 0
    endloop
  endfacet
  facet normal 0 0 -1
    outer loop
      vertex 32.3238 -24.4501 0
      vertex -32.3238 -24.4501 0
      vertex 32.2 -24.3856 0
    endloop
  endfacet
  facet normal 0 0 -1
    outer loop
      vertex 31.4243 22.7222 0
      vertex -31.4 23 0
      vertex 31.4061 22.8605 0
    endloop
  endfacet
  facet normal 0 0 -1
    outer loop
      vertex 31.4061 -23.1395 0
      vertex -31.4 -23 0
      vertex 31.4 -23 0
    endloop
  endfacet
  facet normal 0 0 -1
    outer loop
      vertex -31.4061 -23.1395 0
      vertex 31.4061 -23.1395 0
      vertex 31.4243 -23.2778 0
    endloop
  endfacet
  facet normal 0 0 -1
    outer loop
      vertex -31.4243 -23.2778 0
      vertex 31.4243 -23.2778 0
      vertex 31.4545 -23.4141 0
    endloop
  endfacet
  facet normal 0 0 -1
    outer loop
      vertex -31.4545 -23.4141 0
      vertex 31.4545 -23.4141 0
      vertex 31.4965 -23.5472 0
    endloop
  endfacet
  facet normal 0 0 -1
    outer loop
      vertex -31.4965 -23.5472 0
      vertex 31.4965 -23.5472 0
      vertex 31.5499 -23.6762 0
    endloop
  endfacet
  facet normal 0 0 -1
    outer loop
      vertex -31.5499 -23.6762 0
      vertex 31.5499 -23.6762 0
      vertex 31.6144 -23.8 0
    endloop
  endfacet
  facet normal 0 0 -1
    outer loop
      vertex -31.6144 -23.8 0
      vertex 31.6144 -23.8 0
      vertex 31.6894 -23.9177 0
    endloop
  endfacet
  facet normal 0 0 -1
    outer loop
      vertex -31.6894 -23.9177 0
      vertex 31.6894 -23.9177 0
      vertex 31.7743 -24.0285 0
    endloop
  endfacet
  facet normal 0 0 -1
    outer loop
      vertex -31.7743 -24.0285 0
      vertex 31.7743 -24.0285 0
      vertex 31.8686 -24.1314 0
    endloop
  endfacet
  facet normal 0 0 -1
    outer loop
      vertex -31.8686 -24.1314 0
      vertex 31.8686 -24.1314 0
      vertex 31.9715 -24.2257 0
    endloop
  endfacet
  facet normal 0 0 -1
    outer loop
      vertex -31.9715 -24.2257 0
      vertex 31.9715 -24.2257 0
      vertex 32.0823 -24.3106 0
    endloop
  endfacet
  facet normal 0 -0 -1
    outer loop
      vertex -32.2 -24.3856 0
      vertex 32.2 -24.3856 0
      vertex -32.3238 -24.4501 0
    endloop
  endfacet
  facet normal 0 0 -1
    outer loop
      vertex 31.4061 -23.1395 0
      vertex -31.4061 -23.1395 0
      vertex -31.4 -23 0
    endloop
  endfacet
  facet normal 0 0 -1
    outer loop
      vertex 31.4243 -23.2778 0
      vertex -31.4243 -23.2778 0
      vertex -31.4061 -23.1395 0
    endloop
  endfacet
  facet normal 0 0 -1
    outer loop
      vertex 31.4545 -23.4141 0
      vertex -31.4545 -23.4141 0
      vertex -31.4243 -23.2778 0
    endloop
  endfacet
  facet normal 0 0 -1
    outer loop
      vertex 31.4965 -23.5472 0
      vertex -31.4965 -23.5472 0
      vertex -31.4545 -23.4141 0
    endloop
  endfacet
  facet normal 0 0 -1
    outer loop
      vertex 31.5499 -23.6762 0
      vertex -31.5499 -23.6762 0
      vertex -31.4965 -23.5472 0
    endloop
  endfacet
  facet normal 0 0 -1
    outer loop
      vertex 31.6144 -23.8 0
      vertex -31.6144 -23.8 0
      vertex -31.5499 -23.6762 0
    endloop
  endfacet
  facet normal 0 0 -1
    outer loop
      vertex 31.6894 -23.9177 0
      vertex -31.6894 -23.9177 0
      vertex -31.6144 -23.8 0
    endloop
  endfacet
  facet normal 0 0 -1
    outer loop
      vertex 31.7743 -24.0285 0
      vertex -31.7743 -24.0285 0
      vertex -31.6894 -23.9177 0
    endloop
  endfacet
  facet normal 0 0 -1
    outer loop
      vertex 31.8686 -24.1314 0
      vertex -31.8686 -24.1314 0
      vertex -31.7743 -24.0285 0
    endloop
  endfacet
  facet normal 0 0 -1
    outer loop
      vertex 31.9715 -24.2257 0
      vertex -31.9715 -24.2257 0
      vertex -31.8686 -24.1314 0
    endloop
  endfacet
  facet normal 0 0 -1
    outer loop
      vertex 32.0823 -24.3106 0
      vertex -32.0823 -24.3106 0
      vertex -31.9715 -24.2257 0
    endloop
  endfacet
  facet normal -0 0 -1
    outer loop
      vertex 32.0823 -24.3106 0
      vertex -32.2 -24.3856 0
      vertex -32.0823 -24.3106 0
    endloop
  endfacet
  facet normal 0 0 -1
    outer loop
      vertex 32.2 -24.3856 0
      vertex -32.2 -24.3856 0
      vertex 32.0823 -24.3106 0
    endloop
  endfacet
  facet normal 0 0 -1
    outer loop
      vertex 62 -45 0
      vertex -32.4528 -24.5035 0
      vertex -32.3238 -24.4501 0
    endloop
  endfacet
  facet normal 0 0 -1
    outer loop
      vertex -62 -45 0
      vertex -32.4528 -24.5035 0
      vertex 62 -45 0
    endloop
  endfacet
  facet normal 0 0 -1
    outer loop
      vertex -32.4528 -24.5035 0
      vertex -62 -45 0
      vertex -32.5859 -24.5455 0
    endloop
  endfacet
  facet normal 0 0 -1
    outer loop
      vertex -32.5859 -24.5455 0
      vertex -62 -45 0
      vertex -32.7222 -24.5757 0
    endloop
  endfacet
  facet normal 0 0 -1
    outer loop
      vertex -32.7222 -24.5757 0
      vertex -62 -45 0
      vertex -32.8605 -24.5939 0
    endloop
  endfacet
  facet normal 0 0 -1
    outer loop
      vertex -32.8605 -24.5939 0
      vertex -62 -45 0
      vertex -33 -24.6 0
    endloop
  endfacet
  facet normal -0 0 -1
    outer loop
      vertex -33 -24.6 0
      vertex -62 -45 0
      vertex -33.1395 -24.5939 0
    endloop
  endfacet
  facet normal -0 0 -1
    outer loop
      vertex -34.5939 -23.1395 0
      vertex -65 -42 0
      vertex -34.6 -23 0
    endloop
  endfacet
  facet normal -0 0 -1
    outer loop
      vertex -34.5757 -23.2778 0
      vertex -65 -42 0
      vertex -34.5939 -23.1395 0
    endloop
  endfacet
  facet normal -0 0 -1
    outer loop
      vertex -34.5455 -23.4141 0
      vertex -65 -42 0
      vertex -34.5757 -23.2778 0
    endloop
  endfacet
  facet normal -0 0 -1
    outer loop
      vertex -34.5035 -23.5472 0
      vertex -65 -42 0
      vertex -34.5455 -23.4141 0
    endloop
  endfacet
  facet normal -0 0 -1
    outer loop
      vertex -34.4501 -23.6762 0
      vertex -65 -42 0
      vertex -34.5035 -23.5472 0
    endloop
  endfacet
  facet normal 0 0 -1
    outer loop
      vertex -65 -42 0
      vertex -34.4501 -23.6762 0
      vertex -62 -45 0
    endloop
  endfacet
  facet normal -0 0 -1
    outer loop
      vertex -34.3856 -23.8 0
      vertex -62 -45 0
      vertex -34.4501 -23.6762 0
    endloop
  endfacet
  facet normal -0 0 -1
    outer loop
      vertex -34.3106 -23.9177 0
      vertex -62 -45 0
      vertex -34.3856 -23.8 0
    endloop
  endfacet
  facet normal -0 0 -1
    outer loop
      vertex -34.2257 -24.0285 0
      vertex -62 -45 0
      vertex -34.3106 -23.9177 0
    endloop
  endfacet
  facet normal -0 0 -1
    outer loop
      vertex -34.1314 -24.1314 0
      vertex -62 -45 0
      vertex -34.2257 -24.0285 0
    endloop
  endfacet
  facet normal -0 0 -1
    outer loop
      vertex -34.0285 -24.2257 0
      vertex -62 -45 0
      vertex -34.1314 -24.1314 0
    endloop
  endfacet
  facet normal -0 0 -1
    outer loop
      vertex -33.9177 -24.3106 0
      vertex -62 -45 0
      vertex -34.0285 -24.2257 0
    endloop
  endfacet
  facet normal -0 0 -1
    outer loop
      vertex -33.8 -24.3856 0
      vertex -62 -45 0
      vertex -33.9177 -24.3106 0
    endloop
  endfacet
  facet normal -0 0 -1
    outer loop
      vertex -33.6762 -24.4501 0
      vertex -62 -45 0
      vertex -33.8 -24.3856 0
    endloop
  endfacet
  facet normal -0 0 -1
    outer loop
      vertex -33.5472 -24.5035 0
      vertex -62 -45 0
      vertex -33.6762 -24.4501 0
    endloop
  endfacet
  facet normal -0 0 -1
    outer loop
      vertex -33.4141 -24.5455 0
      vertex -62 -45 0
      vertex -33.5472 -24.5035 0
    endloop
  endfacet
  facet normal -0 0 -1
    outer loop
      vertex -33.2778 -24.5757 0
      vertex -62 -45 0
      vertex -33.4141 -24.5455 0
    endloop
  endfacet
  facet normal -0 0 -1
    outer loop
      vertex -33.1395 -24.5939 0
      vertex -62 -45 0
      vertex -33.2778 -24.5757 0
    endloop
  endfacet
  facet normal 0 0 -1
    outer loop
      vertex 62.521 44.9544 0
      vertex 62 45 0
      vertex 62.2615 44.9886 0
    endloop
  endfacet
  facet normal 0 0 -1
    outer loop
      vertex 64.1213 44.1213 0
      vertex 62 45 0
      vertex 63.9284 44.2981 0
    endloop
  endfacet
  facet normal 0 0 -1
    outer loop
      vertex 64.4575 43.7207 0
      vertex 62 45 0
      vertex 64.2981 43.9284 0
    endloop
  endfacet
  facet normal 0 0 -1
    outer loop
      vertex 64.8191 43.0261 0
      vertex 62 45 0
      vertex 64.7189 43.2679 0
    endloop
  endfacet
  facet normal 0 0 -1
    outer loop
      vertex 64.9886 42.2615 0
      vertex 62 45 0
      vertex 64.9544 42.521 0
    endloop
  endfacet
  facet normal -0 0 -1
    outer loop
      vertex 65 42 0
      vertex 34.4501 23.6762 0
      vertex 62 45 0
    endloop
  endfacet
  facet normal 0 0 -1
    outer loop
      vertex 34.3856 23.8 0
      vertex 62 45 0
      vertex 34.4501 23.6762 0
    endloop
  endfacet
  facet normal 0 0 -1
    outer loop
      vertex 34.3106 23.9177 0
      vertex 62 45 0
      vertex 34.3856 23.8 0
    endloop
  endfacet
  facet normal 0 0 -1
    outer loop
      vertex 34.2257 24.0285 0
      vertex 62 45 0
      vertex 34.3106 23.9177 0
    endloop
  endfacet
  facet normal 0 0 -1
    outer loop
      vertex 34.1314 24.1314 0
      vertex 62 45 0
      vertex 34.2257 24.0285 0
    endloop
  endfacet
  facet normal 0 0 -1
    outer loop
      vertex 34.0285 24.2257 0
      vertex 62 45 0
      vertex 34.1314 24.1314 0
    endloop
  endfacet
  facet normal 0 0 -1
    outer loop
      vertex 33.9177 24.3106 0
      vertex 62 45 0
      vertex 34.0285 24.2257 0
    endloop
  endfacet
  facet normal 0 0 -1
    outer loop
      vertex 33.8 24.3856 0
      vertex 62 45 0
      vertex 33.9177 24.3106 0
    endloop
  endfacet
  facet normal 0 0 -1
    outer loop
      vertex 33.6762 24.4501 0
      vertex 62 45 0
      vertex 33.8 24.3856 0
    endloop
  endfacet
  facet normal 0 0 -1
    outer loop
      vertex 33.5472 24.5035 0
      vertex 62 45 0
      vertex 33.6762 24.4501 0
    endloop
  endfacet
  facet normal 0 0 -1
    outer loop
      vertex 33.4141 24.5455 0
      vertex 62 45 0
      vertex 33.5472 24.5035 0
    endloop
  endfacet
  facet normal 0 0 -1
    outer loop
      vertex 33.2778 24.5757 0
      vertex 62 45 0
      vertex 33.4141 24.5455 0
    endloop
  endfacet
  facet normal 0 0 -1
    outer loop
      vertex 33.1395 24.5939 0
      vertex 62 45 0
      vertex 33.2778 24.5757 0
    endloop
  endfacet
  facet normal 0 0 -1
    outer loop
      vertex 33 24.6 0
      vertex 62 45 0
      vertex 33.1395 24.5939 0
    endloop
  endfacet
  facet normal 0 0 -1
    outer loop
      vertex 32.8605 24.5939 0
      vertex 62 45 0
      vertex 33 24.6 0
    endloop
  endfacet
  facet normal 0 0 -1
    outer loop
      vertex 32.7222 24.5757 0
      vertex 62 45 0
      vertex 32.8605 24.5939 0
    endloop
  endfacet
  facet normal 0 0 -1
    outer loop
      vertex 32.5859 24.5455 0
      vertex 62 45 0
      vertex 32.7222 24.5757 0
    endloop
  endfacet
  facet normal 0 0 -1
    outer loop
      vertex 32.4528 24.5035 0
      vertex 62 45 0
      vertex 32.5859 24.5455 0
    endloop
  endfacet
  facet normal 0 0 -1
    outer loop
      vertex 32.3238 24.4501 0
      vertex 62 45 0
      vertex 32.4528 24.5035 0
    endloop
  endfacet
  facet normal 0 0 -1
    outer loop
      vertex -32.3238 24.4501 0
      vertex 32.3238 24.4501 0
      vertex 32.2 24.3856 0
    endloop
  endfacet
  facet normal 0 0 -1
    outer loop
      vertex -32.2 24.3856 0
      vertex 32.2 24.3856 0
      vertex 32.0823 24.3106 0
    endloop
  endfacet
  facet normal 0 0 -1
    outer loop
      vertex 31.4061 22.8605 0
      vertex -31.4 23 0
      vertex 31.4 23 0
    endloop
  endfacet
  facet normal 0 0 -1
    outer loop
      vertex 31.4 23 0
      vertex -31.4 23 0
      vertex 31.4061 23.1395 0
    endloop
  endfacet
  facet normal 0 0 -1
    outer loop
      vertex -31.4061 23.1395 0
      vertex 31.4061 23.1395 0
      vertex -31.4 23 0
    endloop
  endfacet
  facet normal 0 0 -1
    outer loop
      vertex 31.4061 23.1395 0
      vertex -31.4061 23.1395 0
      vertex 31.4243 23.2778 0
    endloop
  endfacet
  facet normal 0 0 -1
    outer loop
      vertex -31.4243 23.2778 0
      vertex 31.4243 23.2778 0
      vertex -31.4061 23.1395 0
    endloop
  endfacet
  facet normal 0 0 -1
    outer loop
      vertex 31.4243 23.2778 0
      vertex -31.4243 23.2778 0
      vertex 31.4545 23.4141 0
    endloop
  endfacet
  facet normal 0 0 -1
    outer loop
      vertex -31.4545 23.4141 0
      vertex 31.4545 23.4141 0
      vertex -31.4243 23.2778 0
    endloop
  endfacet
  facet normal 0 0 -1
    outer loop
      vertex 31.4545 23.4141 0
      vertex -31.4545 23.4141 0
      vertex 31.4965 23.5472 0
    endloop
  endfacet
  facet normal 0 0 -1
    outer loop
      vertex -31.4965 23.5472 0
      vertex 31.4965 23.5472 0
      vertex -31.4545 23.4141 0
    endloop
  endfacet
  facet normal 0 0 -1
    outer loop
      vertex 31.4965 23.5472 0
      vertex -31.4965 23.5472 0
      vertex 31.5499 23.6762 0
    endloop
  endfacet
  facet normal 0 0 -1
    outer loop
      vertex -31.5499 23.6762 0
      vertex 31.5499 23.6762 0
      vertex -31.4965 23.5472 0
    endloop
  endfacet
  facet normal 0 0 -1
    outer loop
      vertex 31.5499 23.6762 0
      vertex -31.5499 23.6762 0
      vertex 31.6144 23.8 0
    endloop
  endfacet
  facet normal 0 0 -1
    outer loop
      vertex -31.6144 23.8 0
      vertex 31.6144 23.8 0
      vertex -31.5499 23.6762 0
    endloop
  endfacet
  facet normal 0 0 -1
    outer loop
      vertex 31.6144 23.8 0
      vertex -31.6144 23.8 0
      vertex 31.6894 23.9177 0
    endloop
  endfacet
  facet normal 0 0 -1
    outer loop
      vertex -31.6894 23.9177 0
      vertex 31.6894 23.9177 0
      vertex -31.6144 23.8 0
    endloop
  endfacet
  facet normal 0 0 -1
    outer loop
      vertex 31.6894 23.9177 0
      vertex -31.6894 23.9177 0
      vertex 31.7743 24.0285 0
    endloop
  endfacet
  facet normal 0 0 -1
    outer loop
      vertex -31.7743 24.0285 0
      vertex 31.7743 24.0285 0
      vertex -31.6894 23.9177 0
    endloop
  endfacet
  facet normal 0 0 -1
    outer loop
      vertex 31.7743 24.0285 0
      vertex -31.7743 24.0285 0
      vertex 31.8686 24.1314 0
    endloop
  endfacet
  facet normal 0 0 -1
    outer loop
      vertex -31.8686 24.1314 0
      vertex 31.8686 24.1314 0
      vertex -31.7743 24.0285 0
    endloop
  endfacet
  facet normal 0 0 -1
    outer loop
      vertex 31.8686 24.1314 0
      vertex -31.8686 24.1314 0
      vertex 31.9715 24.2257 0
    endloop
  endfacet
  facet normal 0 0 -1
    outer loop
      vertex -31.9715 24.2257 0
      vertex 31.9715 24.2257 0
      vertex -31.8686 24.1314 0
    endloop
  endfacet
  facet normal 0 0 -1
    outer loop
      vertex 31.9715 24.2257 0
      vertex -31.9715 24.2257 0
      vertex 32.0823 24.3106 0
    endloop
  endfacet
  facet normal 0 0 -1
    outer loop
      vertex -32.0823 24.3106 0
      vertex 32.0823 24.3106 0
      vertex -31.9715 24.2257 0
    endloop
  endfacet
  facet normal 0 0 -1
    outer loop
      vertex -32.2 24.3856 0
      vertex 32.0823 24.3106 0
      vertex -32.0823 24.3106 0
    endloop
  endfacet
  facet normal 0 0 -1
    outer loop
      vertex 32.2 24.3856 0
      vertex -32.2 24.3856 0
      vertex -32.3238 24.4501 0
    endloop
  endfacet
  facet normal 0 0 -1
    outer loop
      vertex 32.3238 24.4501 0
      vertex -32.3238 24.4501 0
      vertex 62 45 0
    endloop
  endfacet
  facet normal 0 0 -1
    outer loop
      vertex -32.4528 24.5035 0
      vertex 62 45 0
      vertex -32.3238 24.4501 0
    endloop
  endfacet
  facet normal 0 0 -1
    outer loop
      vertex -62 45 0
      vertex -32.4528 24.5035 0
      vertex -32.5859 24.5455 0
    endloop
  endfacet
  facet normal 0 0 -1
    outer loop
      vertex -62 45 0
      vertex -32.5859 24.5455 0
      vertex -32.7222 24.5757 0
    endloop
  endfacet
  facet normal 0 0 -1
    outer loop
      vertex -62 45 0
      vertex -32.7222 24.5757 0
      vertex -32.8605 24.5939 0
    endloop
  endfacet
  facet normal 0 0 -1
    outer loop
      vertex -62 45 0
      vertex -32.8605 24.5939 0
      vertex -33 24.6 0
    endloop
  endfacet
  facet normal 0 0 -1
    outer loop
      vertex -62 45 0
      vertex -33 24.6 0
      vertex -33.1395 24.5939 0
    endloop
  endfacet
  facet normal 0 0 -1
    outer loop
      vertex -62 45 0
      vertex -33.1395 24.5939 0
      vertex -33.2778 24.5757 0
    endloop
  endfacet
  facet normal 0 0 -1
    outer loop
      vertex -34.5757 22.7222 0
      vertex -65 42 0
      vertex -34.5939 22.8605 0
    endloop
  endfacet
  facet normal 0 0 -1
    outer loop
      vertex -34.5939 22.8605 0
      vertex -65 42 0
      vertex -34.6 23 0
    endloop
  endfacet
  facet normal 0 0 -1
    outer loop
      vertex -34.6 23 0
      vertex -65 42 0
      vertex -34.5939 23.1395 0
    endloop
  endfacet
  facet normal 0 0 -1
    outer loop
      vertex -34.5939 23.1395 0
      vertex -65 42 0
      vertex -34.5757 23.2778 0
    endloop
  endfacet
  facet normal 0 0 -1
    outer loop
      vertex -32.4528 24.5035 0
      vertex -62 45 0
      vertex 62 45 0
    endloop
  endfacet
  facet normal 0 0 -1
    outer loop
      vertex -33.4141 24.5455 0
      vertex -62 45 0
      vertex -33.2778 24.5757 0
    endloop
  endfacet
  facet normal 0 0 -1
    outer loop
      vertex -33.5472 24.5035 0
      vertex -62 45 0
      vertex -33.4141 24.5455 0
    endloop
  endfacet
  facet normal 0 0 -1
    outer loop
      vertex -33.6762 24.4501 0
      vertex -62 45 0
      vertex -33.5472 24.5035 0
    endloop
  endfacet
  facet normal 0 0 -1
    outer loop
      vertex -33.8 24.3856 0
      vertex -62 45 0
      vertex -33.6762 24.4501 0
    endloop
  endfacet
  facet normal 0 0 -1
    outer loop
      vertex -33.9177 24.3106 0
      vertex -62 45 0
      vertex -33.8 24.3856 0
    endloop
  endfacet
  facet normal 0 0 -1
    outer loop
      vertex -34.0285 24.2257 0
      vertex -62 45 0
      vertex -33.9177 24.3106 0
    endloop
  endfacet
  facet normal 0 0 -1
    outer loop
      vertex -34.1314 24.1314 0
      vertex -62 45 0
      vertex -34.0285 24.2257 0
    endloop
  endfacet
  facet normal 0 0 -1
    outer loop
      vertex -34.2257 24.0285 0
      vertex -62 45 0
      vertex -34.1314 24.1314 0
    endloop
  endfacet
  facet normal 0 0 -1
    outer loop
      vertex -34.3106 23.9177 0
      vertex -62 45 0
      vertex -34.2257 24.0285 0
    endloop
  endfacet
  facet normal 0 0 -1
    outer loop
      vertex -34.3856 23.8 0
      vertex -62 45 0
      vertex -34.3106 23.9177 0
    endloop
  endfacet
  facet normal 0 0 -1
    outer loop
      vertex -34.4501 23.6762 0
      vertex -62 45 0
      vertex -34.3856 23.8 0
    endloop
  endfacet
  facet normal 0 0 -1
    outer loop
      vertex -65 42 0
      vertex -34.4501 23.6762 0
      vertex -34.5035 23.5472 0
    endloop
  endfacet
  facet normal 0 0 -1
    outer loop
      vertex -34.5757 23.2778 0
      vertex -65 42 0
      vertex -34.5455 23.4141 0
    endloop
  endfacet
  facet normal 0 0 -1
    outer loop
      vertex -65 -42 0
      vertex -62 -45 0
      vertex -62.2615 -44.9886 0
    endloop
  endfacet
  facet normal 0 0 -1
    outer loop
      vertex -34.5455 23.4141 0
      vertex -65 42 0
      vertex -34.5035 23.5472 0
    endloop
  endfacet
  facet normal 0 0 -1
    outer loop
      vertex -65 -42 0
      vertex -62.2615 -44.9886 0
      vertex -62.521 -44.9544 0
    endloop
  endfacet
  facet normal 0 0 -1
    outer loop
      vertex -34.4501 23.6762 0
      vertex -65 42 0
      vertex -62 45 0
    endloop
  endfacet
  facet normal 0 0 -1
    outer loop
      vertex -65 -42 0
      vertex -62.521 -44.9544 0
      vertex -62.7765 -44.8978 0
    endloop
  endfacet
  facet normal 0 0 -1
    outer loop
      vertex -62 45 0
      vertex -65 42 0
      vertex -62.2615 44.9886 0
    endloop
  endfacet
  facet normal 0 0 -1
    outer loop
      vertex -65 -42 0
      vertex -62.7765 -44.8978 0
      vertex -63.0261 -44.8191 0
    endloop
  endfacet
  facet normal 0 0 -1
    outer loop
      vertex -62.2615 44.9886 0
      vertex -65 42 0
      vertex -62.521 44.9544 0
    endloop
  endfacet
  facet normal 0 0 -1
    outer loop
      vertex -65 -42 0
      vertex -63.0261 -44.8191 0
      vertex -63.2679 -44.7189 0
    endloop
  endfacet
  facet normal 0 0 -1
    outer loop
      vertex -62.521 44.9544 0
      vertex -65 42 0
      vertex -62.7765 44.8978 0
    endloop
  endfacet
  facet normal 0 0 -1
    outer loop
      vertex -65 -42 0
      vertex -63.2679 -44.7189 0
      vertex -63.5 -44.5981 0
    endloop
  endfacet
  facet normal 0 0 -1
    outer loop
      vertex -62.7765 44.8978 0
      vertex -65 42 0
      vertex -63.0261 44.8191 0
    endloop
  endfacet
  facet normal 0 0 -1
    outer loop
      vertex -65 -42 0
      vertex -63.5 -44.5981 0
      vertex -63.7207 -44.4575 0
    endloop
  endfacet
  facet normal 0 0 -1
    outer loop
      vertex -63.0261 44.8191 0
      vertex -65 42 0
      vertex -63.2679 44.7189 0
    endloop
  endfacet
  facet normal 0 0 -1
    outer loop
      vertex -65 -42 0
      vertex -63.7207 -44.4575 0
      vertex -63.9284 -44.2981 0
    endloop
  endfacet
  facet normal 0 0 -1
    outer loop
      vertex -63.2679 44.7189 0
      vertex -65 42 0
      vertex -63.5 44.5981 0
    endloop
  endfacet
  facet normal 0 0 -1
    outer loop
      vertex -65 -42 0
      vertex -63.9284 -44.2981 0
      vertex -64.1213 -44.1213 0
    endloop
  endfacet
  facet normal 0 0 -1
    outer loop
      vertex -63.5 44.5981 0
      vertex -65 42 0
      vertex -63.7207 44.4575 0
    endloop
  endfacet
  facet normal 0 0 -1
    outer loop
      vertex -65 -42 0
      vertex -64.1213 -44.1213 0
      vertex -64.2981 -43.9284 0
    endloop
  endfacet
  facet normal 0 0 -1
    outer loop
      vertex -63.7207 44.4575 0
      vertex -65 42 0
      vertex -63.9284 44.2981 0
    endloop
  endfacet
  facet normal 0 0 -1
    outer loop
      vertex -65 -42 0
      vertex -64.2981 -43.9284 0
      vertex -64.4575 -43.7207 0
    endloop
  endfacet
  facet normal 0 0 -1
    outer loop
      vertex -63.9284 44.2981 0
      vertex -65 42 0
      vertex -64.1213 44.1213 0
    endloop
  endfacet
  facet normal 0 0 -1
    outer loop
      vertex -65 -42 0
      vertex -64.4575 -43.7207 0
      vertex -64.5981 -43.5 0
    endloop
  endfacet
  facet normal 0 0 -1
    outer loop
      vertex -64.1213 44.1213 0
      vertex -65 42 0
      vertex -64.2981 43.9284 0
    endloop
  endfacet
  facet normal 0 0 -1
    outer loop
      vertex -65 -42 0
      vertex -64.5981 -43.5 0
      vertex -64.7189 -43.2679 0
    endloop
  endfacet
  facet normal 0 0 -1
    outer loop
      vertex -64.2981 43.9284 0
      vertex -65 42 0
      vertex -64.4575 43.7207 0
    endloop
  endfacet
  facet normal 0 0 -1
    outer loop
      vertex -65 -42 0
      vertex -64.7189 -43.2679 0
      vertex -64.8191 -43.0261 0
    endloop
  endfacet
  facet normal 0 0 -1
    outer loop
      vertex -64.4575 43.7207 0
      vertex -65 42 0
      vertex -64.5981 43.5 0
    endloop
  endfacet
  facet normal 0 0 -1
    outer loop
      vertex -65 -42 0
      vertex -64.8191 -43.0261 0
      vertex -64.8978 -42.7765 0
    endloop
  endfacet
  facet normal 0 0 -1
    outer loop
      vertex -64.5981 43.5 0
      vertex -65 42 0
      vertex -64.7189 43.2679 0
    endloop
  endfacet
  facet normal 0 0 -1
    outer loop
      vertex -65 -42 0
      vertex -64.8978 -42.7765 0
      vertex -64.9544 -42.521 0
    endloop
  endfacet
  facet normal 0 0 -1
    outer loop
      vertex -64.7189 43.2679 0
      vertex -65 42 0
      vertex -64.8191 43.0261 0
    endloop
  endfacet
  facet normal 0 0 -1
    outer loop
      vertex -65 -42 0
      vertex -64.9544 -42.521 0
      vertex -64.9886 -42.2615 0
    endloop
  endfacet
  facet normal 0 0 -1
    outer loop
      vertex -64.8191 43.0261 0
      vertex -65 42 0
      vertex -64.8978 42.7765 0
    endloop
  endfacet
  facet normal 0 0 -1
    outer loop
      vertex -64.8978 42.7765 0
      vertex -65 42 0
      vertex -64.9544 42.521 0
    endloop
  endfacet
  facet normal 0 0 -1
    outer loop
      vertex -64.9544 42.521 0
      vertex -65 42 0
      vertex -64.9886 42.2615 0
    endloop
  endfacet
  facet normal -0.215474 0.97651 0
    outer loop
      vertex 62.1294 -42.483 2.5
      vertex 62.0868 -42.4924 45
      vertex 62.1294 -42.483 45
    endloop
  endfacet
  facet normal -0.215474 0.97651 0
    outer loop
      vertex 62.0868 -42.4924 45
      vertex 62.1294 -42.483 2.5
      vertex 62.0868 -42.4924 2.5
    endloop
  endfacet
  facet normal 0 1 -0
    outer loop
      vertex 62 -42.5 2.5
      vertex 61.2988 -42.5 45
      vertex 62 -42.5 45
    endloop
  endfacet
  facet normal 0 1 0
    outer loop
      vertex 61.2988 -42.5 45
      vertex 62 -42.5 2.5
      vertex 61.2988 -42.5 2.5
    endloop
  endfacet
  facet normal 0 1 -0
    outer loop
      vertex -61.2988 -42.5 2.5
      vertex -62 -42.5 45
      vertex -61.2988 -42.5 45
    endloop
  endfacet
  facet normal 0 1 0
    outer loop
      vertex -62 -42.5 45
      vertex -61.2988 -42.5 2.5
      vertex -62 -42.5 2.5
    endloop
  endfacet
  facet normal 0 1 -0
    outer loop
      vertex -13.6251 -42.5 17.5453
      vertex -57.7012 -42.5 45
      vertex -13.3138 -42.5 17.5863
    endloop
  endfacet
  facet normal 0 1 0
    outer loop
      vertex -57.7012 -42.5 45
      vertex -38.6862 -42.5 17.5863
      vertex -39 -42.5 17.6
    endloop
  endfacet
  facet normal 0 1 -0
    outer loop
      vertex -13.9317 -42.5 17.4773
      vertex -57.7012 -42.5 45
      vertex -13.6251 -42.5 17.5453
    endloop
  endfacet
  facet normal 0 1 0
    outer loop
      vertex -57.7012 -42.5 45
      vertex -38.3749 -42.5 17.5453
      vertex -38.6862 -42.5 17.5863
    endloop
  endfacet
  facet normal 0 1 -0
    outer loop
      vertex -14.2313 -42.5 17.3829
      vertex -57.7012 -42.5 45
      vertex -13.9317 -42.5 17.4773
    endloop
  endfacet
  facet normal 0 1 0
    outer loop
      vertex -57.7012 -42.5 45
      vertex -38.0683 -42.5 17.4773
      vertex -38.3749 -42.5 17.5453
    endloop
  endfacet
  facet normal 0 1 -0
    outer loop
      vertex -37.7687 -42.5 17.3829
      vertex -57.7012 -42.5 45
      vertex -14.2313 -42.5 17.3829
    endloop
  endfacet
  facet normal 0 1 0
    outer loop
      vertex -57.7012 -42.5 45
      vertex -37.7687 -42.5 17.3829
      vertex -38.0683 -42.5 17.4773
    endloop
  endfacet
  facet normal 0 1 -0
    outer loop
      vertex -14.5214 -42.5 17.2627
      vertex -37.7687 -42.5 17.3829
      vertex -14.2313 -42.5 17.3829
    endloop
  endfacet
  facet normal 0 1 0
    outer loop
      vertex -14.5214 -42.5 17.2627
      vertex -37.4786 -42.5 17.2627
      vertex -37.7687 -42.5 17.3829
    endloop
  endfacet
  facet normal 0 1 -0
    outer loop
      vertex -14.8 -42.5 17.1177
      vertex -37.4786 -42.5 17.2627
      vertex -14.5214 -42.5 17.2627
    endloop
  endfacet
  facet normal 0 1 0
    outer loop
      vertex -14.8 -42.5 17.1177
      vertex -37.2 -42.5 17.1177
      vertex -37.4786 -42.5 17.2627
    endloop
  endfacet
  facet normal 0 1 -0
    outer loop
      vertex -15.0649 -42.5 16.9489
      vertex -37.2 -42.5 17.1177
      vertex -14.8 -42.5 17.1177
    endloop
  endfacet
  facet normal 0 1 0
    outer loop
      vertex -15.0649 -42.5 16.9489
      vertex -36.9351 -42.5 16.9489
      vertex -37.2 -42.5 17.1177
    endloop
  endfacet
  facet normal 0 1 -0
    outer loop
      vertex -15.314 -42.5 16.7578
      vertex -36.9351 -42.5 16.9489
      vertex -15.0649 -42.5 16.9489
    endloop
  endfacet
  facet normal 0 1 0
    outer loop
      vertex -15.314 -42.5 16.7578
      vertex -36.686 -42.5 16.7578
      vertex -36.9351 -42.5 16.9489
    endloop
  endfacet
  facet normal 0 1 -0
    outer loop
      vertex -15.5456 -42.5 16.5456
      vertex -36.686 -42.5 16.7578
      vertex -15.314 -42.5 16.7578
    endloop
  endfacet
  facet normal 0 1 0
    outer loop
      vertex -15.5456 -42.5 16.5456
      vertex -36.4544 -42.5 16.5456
      vertex -36.686 -42.5 16.7578
    endloop
  endfacet
  facet normal 0 1 -0
    outer loop
      vertex -15.7578 -42.5 16.314
      vertex -36.4544 -42.5 16.5456
      vertex -15.5456 -42.5 16.5456
    endloop
  endfacet
  facet normal 0 1 0
    outer loop
      vertex -15.7578 -42.5 16.314
      vertex -36.2422 -42.5 16.314
      vertex -36.4544 -42.5 16.5456
    endloop
  endfacet
  facet normal 0 1 -0
    outer loop
      vertex -15.9489 -42.5 16.0649
      vertex -36.2422 -42.5 16.314
      vertex -15.7578 -42.5 16.314
    endloop
  endfacet
  facet normal 0 1 0
    outer loop
      vertex -15.9489 -42.5 16.0649
      vertex -36.0511 -42.5 16.0649
      vertex -36.2422 -42.5 16.314
    endloop
  endfacet
  facet normal 0 1 -0
    outer loop
      vertex -16.1177 -42.5 15.8
      vertex -36.0511 -42.5 16.0649
      vertex -15.9489 -42.5 16.0649
    endloop
  endfacet
  facet normal 0 1 0
    outer loop
      vertex -16.1177 -42.5 15.8
      vertex -35.8823 -42.5 15.8
      vertex -36.0511 -42.5 16.0649
    endloop
  endfacet
  facet normal 0 1 -0
    outer loop
      vertex -16.2627 -42.5 15.5214
      vertex -35.8823 -42.5 15.8
      vertex -16.1177 -42.5 15.8
    endloop
  endfacet
  facet normal 0 1 0
    outer loop
      vertex -16.2627 -42.5 15.5214
      vertex -35.7373 -42.5 15.5214
      vertex -35.8823 -42.5 15.8
    endloop
  endfacet
  facet normal 0 1 -0
    outer loop
      vertex -16.3829 -42.5 15.2313
      vertex -35.7373 -42.5 15.5214
      vertex -16.2627 -42.5 15.5214
    endloop
  endfacet
  facet normal 0 1 0
    outer loop
      vertex -16.3829 -42.5 15.2313
      vertex -35.6171 -42.5 15.2313
      vertex -35.7373 -42.5 15.5214
    endloop
  endfacet
  facet normal 0 1 -0
    outer loop
      vertex -16.4773 -42.5 14.9317
      vertex -35.6171 -42.5 15.2313
      vertex -16.3829 -42.5 15.2313
    endloop
  endfacet
  facet normal 0 1 0
    outer loop
      vertex -16.4773 -42.5 14.9317
      vertex -35.5227 -42.5 14.9317
      vertex -35.6171 -42.5 15.2313
    endloop
  endfacet
  facet normal 0 1 -0
    outer loop
      vertex -16.5453 -42.5 14.6251
      vertex -35.5227 -42.5 14.9317
      vertex -16.4773 -42.5 14.9317
    endloop
  endfacet
  facet normal 0 1 0
    outer loop
      vertex -16.5453 -42.5 14.6251
      vertex -35.4547 -42.5 14.6251
      vertex -35.5227 -42.5 14.9317
    endloop
  endfacet
  facet normal 0 1 -0
    outer loop
      vertex -16.5863 -42.5 14.3138
      vertex -35.4547 -42.5 14.6251
      vertex -16.5453 -42.5 14.6251
    endloop
  endfacet
  facet normal 0 1 0
    outer loop
      vertex -16.5863 -42.5 14.3138
      vertex -35.4137 -42.5 14.3138
      vertex -35.4547 -42.5 14.6251
    endloop
  endfacet
  facet normal 0 1 -0
    outer loop
      vertex -16.6 -42.5 14
      vertex -35.4137 -42.5 14.3138
      vertex -16.5863 -42.5 14.3138
    endloop
  endfacet
  facet normal 0 1 0
    outer loop
      vertex -16.6 -42.5 14
      vertex -35.4 -42.5 14
      vertex -35.4137 -42.5 14.3138
    endloop
  endfacet
  facet normal 0 1 0
    outer loop
      vertex -16.5863 -42.5 13.6862
      vertex -35.4 -42.5 14
      vertex -16.6 -42.5 14
    endloop
  endfacet
  facet normal 0 1 0
    outer loop
      vertex -16.5863 -42.5 13.6862
      vertex -35.4137 -42.5 13.6862
      vertex -35.4 -42.5 14
    endloop
  endfacet
  facet normal 0 1 0
    outer loop
      vertex -16.5453 -42.5 13.3749
      vertex -35.4137 -42.5 13.6862
      vertex -16.5863 -42.5 13.6862
    endloop
  endfacet
  facet normal 0 1 0
    outer loop
      vertex -16.5453 -42.5 13.3749
      vertex -35.4547 -42.5 13.3749
      vertex -35.4137 -42.5 13.6862
    endloop
  endfacet
  facet normal 0 1 0
    outer loop
      vertex -16.4773 -42.5 13.0683
      vertex -35.4547 -42.5 13.3749
      vertex -16.5453 -42.5 13.3749
    endloop
  endfacet
  facet normal 0 1 0
    outer loop
      vertex -16.4773 -42.5 13.0683
      vertex -35.5227 -42.5 13.0683
      vertex -35.4547 -42.5 13.3749
    endloop
  endfacet
  facet normal 0 1 0
    outer loop
      vertex -16.3829 -42.5 12.7687
      vertex -35.5227 -42.5 13.0683
      vertex -16.4773 -42.5 13.0683
    endloop
  endfacet
  facet normal 0 1 0
    outer loop
      vertex -16.3829 -42.5 12.7687
      vertex -35.6171 -42.5 12.7687
      vertex -35.5227 -42.5 13.0683
    endloop
  endfacet
  facet normal 0 1 0
    outer loop
      vertex -16.2627 -42.5 12.4786
      vertex -35.6171 -42.5 12.7687
      vertex -16.3829 -42.5 12.7687
    endloop
  endfacet
  facet normal 0 1 0
    outer loop
      vertex -16.2627 -42.5 12.4786
      vertex -35.7373 -42.5 12.4786
      vertex -35.6171 -42.5 12.7687
    endloop
  endfacet
  facet normal 0 1 0
    outer loop
      vertex -16.1177 -42.5 12.2
      vertex -35.7373 -42.5 12.4786
      vertex -16.2627 -42.5 12.4786
    endloop
  endfacet
  facet normal 0 1 0
    outer loop
      vertex -16.1177 -42.5 12.2
      vertex -35.8823 -42.5 12.2
      vertex -35.7373 -42.5 12.4786
    endloop
  endfacet
  facet normal 0 1 0
    outer loop
      vertex -15.9489 -42.5 11.9351
      vertex -35.8823 -42.5 12.2
      vertex -16.1177 -42.5 12.2
    endloop
  endfacet
  facet normal 0 1 0
    outer loop
      vertex -15.9489 -42.5 11.9351
      vertex -36.0511 -42.5 11.9351
      vertex -35.8823 -42.5 12.2
    endloop
  endfacet
  facet normal 0 1 0
    outer loop
      vertex -15.7578 -42.5 11.686
      vertex -36.0511 -42.5 11.9351
      vertex -15.9489 -42.5 11.9351
    endloop
  endfacet
  facet normal 0 1 0
    outer loop
      vertex -15.7578 -42.5 11.686
      vertex -36.2422 -42.5 11.686
      vertex -36.0511 -42.5 11.9351
    endloop
  endfacet
  facet normal 0 1 0
    outer loop
      vertex -15.5456 -42.5 11.4544
      vertex -36.2422 -42.5 11.686
      vertex -15.7578 -42.5 11.686
    endloop
  endfacet
  facet normal 0 1 0
    outer loop
      vertex -15.5456 -42.5 11.4544
      vertex -36.4544 -42.5 11.4544
      vertex -36.2422 -42.5 11.686
    endloop
  endfacet
  facet normal 0 1 0
    outer loop
      vertex -15.314 -42.5 11.2422
      vertex -36.4544 -42.5 11.4544
      vertex -15.5456 -42.5 11.4544
    endloop
  endfacet
  facet normal 0 1 0
    outer loop
      vertex -15.314 -42.5 11.2422
      vertex -36.686 -42.5 11.2422
      vertex -36.4544 -42.5 11.4544
    endloop
  endfacet
  facet normal 0 1 0
    outer loop
      vertex -15.0649 -42.5 11.0511
      vertex -36.686 -42.5 11.2422
      vertex -15.314 -42.5 11.2422
    endloop
  endfacet
  facet normal 0 1 0
    outer loop
      vertex -15.0649 -42.5 11.0511
      vertex -36.9351 -42.5 11.0511
      vertex -36.686 -42.5 11.2422
    endloop
  endfacet
  facet normal 0 1 0
    outer loop
      vertex -14.8 -42.5 10.8823
      vertex -36.9351 -42.5 11.0511
      vertex -15.0649 -42.5 11.0511
    endloop
  endfacet
  facet normal 0 1 0
    outer loop
      vertex -14.8 -42.5 10.8823
      vertex -37.2 -42.5 10.8823
      vertex -36.9351 -42.5 11.0511
    endloop
  endfacet
  facet normal 0 1 0
    outer loop
      vertex -14.5214 -42.5 10.7373
      vertex -37.2 -42.5 10.8823
      vertex -14.8 -42.5 10.8823
    endloop
  endfacet
  facet normal 0 1 0
    outer loop
      vertex -14.5214 -42.5 10.7373
      vertex -37.4786 -42.5 10.7373
      vertex -37.2 -42.5 10.8823
    endloop
  endfacet
  facet normal 0 1 0
    outer loop
      vertex -14.2313 -42.5 10.6171
      vertex -37.4786 -42.5 10.7373
      vertex -14.5214 -42.5 10.7373
    endloop
  endfacet
  facet normal 0 1 0
    outer loop
      vertex -14.2313 -42.5 10.6171
      vertex -37.7687 -42.5 10.6171
      vertex -37.4786 -42.5 10.7373
    endloop
  endfacet
  facet normal 0 1 0
    outer loop
      vertex -13.9317 -42.5 10.5227
      vertex -37.7687 -42.5 10.6171
      vertex -14.2313 -42.5 10.6171
    endloop
  endfacet
  facet normal 0 1 0
    outer loop
      vertex -13.9317 -42.5 10.5227
      vertex -38.0683 -42.5 10.5227
      vertex -37.7687 -42.5 10.6171
    endloop
  endfacet
  facet normal 0 1 0
    outer loop
      vertex -13.6251 -42.5 10.4547
      vertex -38.0683 -42.5 10.5227
      vertex -13.9317 -42.5 10.5227
    endloop
  endfacet
  facet normal 0 1 0
    outer loop
      vertex -13.6251 -42.5 10.4547
      vertex -38.3749 -42.5 10.4547
      vertex -38.0683 -42.5 10.5227
    endloop
  endfacet
  facet normal 0 1 0
    outer loop
      vertex -57.7012 -42.5 2.5
      vertex -13.6251 -42.5 10.4547
      vertex -13.3138 -42.5 10.4137
    endloop
  endfacet
  facet normal 0 1 0
    outer loop
      vertex -13.6251 -42.5 10.4547
      vertex -57.7012 -42.5 2.5
      vertex -38.3749 -42.5 10.4547
    endloop
  endfacet
  facet normal 0 1 0
    outer loop
      vertex -57.7012 -42.5 2.5
      vertex -13.3138 -42.5 10.4137
      vertex -13 -42.5 10.4
    endloop
  endfacet
  facet normal 0 1 0
    outer loop
      vertex -38.3749 -42.5 10.4547
      vertex -57.7012 -42.5 2.5
      vertex -38.6862 -42.5 10.4137
    endloop
  endfacet
  facet normal 0 1 0
    outer loop
      vertex 57.7012 -42.5 45
      vertex 12.3749 -42.5 17.5453
      vertex -57.7012 -42.5 45
    endloop
  endfacet
  facet normal 0 1 0
    outer loop
      vertex -57.7012 -42.5 45
      vertex -12.6862 -42.5 17.5863
      vertex -13 -42.5 17.6
    endloop
  endfacet
  facet normal 0 1 -0
    outer loop
      vertex -12.3749 -42.5 17.5453
      vertex -57.7012 -42.5 45
      vertex 12.3749 -42.5 17.5453
    endloop
  endfacet
  facet normal 0 1 0
    outer loop
      vertex -57.7012 -42.5 45
      vertex -12.3749 -42.5 17.5453
      vertex -12.6862 -42.5 17.5863
    endloop
  endfacet
  facet normal 0 1 -0
    outer loop
      vertex 12.0683 -42.5 17.4773
      vertex -12.3749 -42.5 17.5453
      vertex 12.3749 -42.5 17.5453
    endloop
  endfacet
  facet normal 0 1 0
    outer loop
      vertex 12.0683 -42.5 17.4773
      vertex -12.0683 -42.5 17.4773
      vertex -12.3749 -42.5 17.5453
    endloop
  endfacet
  facet normal 0 1 -0
    outer loop
      vertex 11.7687 -42.5 17.3829
      vertex -12.0683 -42.5 17.4773
      vertex 12.0683 -42.5 17.4773
    endloop
  endfacet
  facet normal 0 1 0
    outer loop
      vertex 11.7687 -42.5 17.3829
      vertex -11.7687 -42.5 17.3829
      vertex -12.0683 -42.5 17.4773
    endloop
  endfacet
  facet normal 0 1 -0
    outer loop
      vertex 11.4786 -42.5 17.2627
      vertex -11.7687 -42.5 17.3829
      vertex 11.7687 -42.5 17.3829
    endloop
  endfacet
  facet normal 0 1 0
    outer loop
      vertex 11.4786 -42.5 17.2627
      vertex -11.4786 -42.5 17.2627
      vertex -11.7687 -42.5 17.3829
    endloop
  endfacet
  facet normal 0 1 -0
    outer loop
      vertex 11.2 -42.5 17.1177
      vertex -11.4786 -42.5 17.2627
      vertex 11.4786 -42.5 17.2627
    endloop
  endfacet
  facet normal 0 1 0
    outer loop
      vertex 11.2 -42.5 17.1177
      vertex -11.2 -42.5 17.1177
      vertex -11.4786 -42.5 17.2627
    endloop
  endfacet
  facet normal 0 1 -0
    outer loop
      vertex 10.9351 -42.5 16.9489
      vertex -11.2 -42.5 17.1177
      vertex 11.2 -42.5 17.1177
    endloop
  endfacet
  facet normal 0 1 0
    outer loop
      vertex 10.9351 -42.5 16.9489
      vertex -10.9351 -42.5 16.9489
      vertex -11.2 -42.5 17.1177
    endloop
  endfacet
  facet normal 0 1 -0
    outer loop
      vertex 10.686 -42.5 16.7578
      vertex -10.9351 -42.5 16.9489
      vertex 10.9351 -42.5 16.9489
    endloop
  endfacet
  facet normal 0 1 0
    outer loop
      vertex 10.686 -42.5 16.7578
      vertex -10.686 -42.5 16.7578
      vertex -10.9351 -42.5 16.9489
    endloop
  endfacet
  facet normal 0 1 -0
    outer loop
      vertex 10.4544 -42.5 16.5456
      vertex -10.686 -42.5 16.7578
      vertex 10.686 -42.5 16.7578
    endloop
  endfacet
  facet normal 0 1 0
    outer loop
      vertex 10.4544 -42.5 16.5456
      vertex -10.4544 -42.5 16.5456
      vertex -10.686 -42.5 16.7578
    endloop
  endfacet
  facet normal 0 1 -0
    outer loop
      vertex 10.2422 -42.5 16.314
      vertex -10.4544 -42.5 16.5456
      vertex 10.4544 -42.5 16.5456
    endloop
  endfacet
  facet normal 0 1 0
    outer loop
      vertex 10.2422 -42.5 16.314
      vertex -10.2422 -42.5 16.314
      vertex -10.4544 -42.5 16.5456
    endloop
  endfacet
  facet normal 0 1 -0
    outer loop
      vertex 10.0511 -42.5 16.0649
      vertex -10.2422 -42.5 16.314
      vertex 10.2422 -42.5 16.314
    endloop
  endfacet
  facet normal 0 1 0
    outer loop
      vertex 10.0511 -42.5 16.0649
      vertex -10.0511 -42.5 16.0649
      vertex -10.2422 -42.5 16.314
    endloop
  endfacet
  facet normal 0 1 -0
    outer loop
      vertex 9.88231 -42.5 15.8
      vertex -10.0511 -42.5 16.0649
      vertex 10.0511 -42.5 16.0649
    endloop
  endfacet
  facet normal 0 1 0
    outer loop
      vertex 9.88231 -42.5 15.8
      vertex -9.88231 -42.5 15.8
      vertex -10.0511 -42.5 16.0649
    endloop
  endfacet
  facet normal 0 1 -0
    outer loop
      vertex 9.73729 -42.5 15.5214
      vertex -9.88231 -42.5 15.8
      vertex 9.88231 -42.5 15.8
    endloop
  endfacet
  facet normal 0 1 0
    outer loop
      vertex 9.73729 -42.5 15.5214
      vertex -9.73729 -42.5 15.5214
      vertex -9.88231 -42.5 15.8
    endloop
  endfacet
  facet normal 0 1 -0
    outer loop
      vertex 9.61711 -42.5 15.2313
      vertex -9.73729 -42.5 15.5214
      vertex 9.73729 -42.5 15.5214
    endloop
  endfacet
  facet normal 0 1 0
    outer loop
      vertex 9.61711 -42.5 15.2313
      vertex -9.61711 -42.5 15.2313
      vertex -9.73729 -42.5 15.5214
    endloop
  endfacet
  facet normal 0 1 -0
    outer loop
      vertex 9.52267 -42.5 14.9317
      vertex -9.61711 -42.5 15.2313
      vertex 9.61711 -42.5 15.2313
    endloop
  endfacet
  facet normal 0 1 0
    outer loop
      vertex 9.52267 -42.5 14.9317
      vertex -9.52267 -42.5 14.9317
      vertex -9.61711 -42.5 15.2313
    endloop
  endfacet
  facet normal 0 1 -0
    outer loop
      vertex 9.45469 -42.5 14.6251
      vertex -9.52267 -42.5 14.9317
      vertex 9.52267 -42.5 14.9317
    endloop
  endfacet
  facet normal 0 1 0
    outer loop
      vertex 9.45469 -42.5 14.6251
      vertex -9.45469 -42.5 14.6251
      vertex -9.52267 -42.5 14.9317
    endloop
  endfacet
  facet normal 0 1 -0
    outer loop
      vertex 9.4137 -42.5 14.3138
      vertex -9.45469 -42.5 14.6251
      vertex 9.45469 -42.5 14.6251
    endloop
  endfacet
  facet normal 0 1 0
    outer loop
      vertex 9.4137 -42.5 14.3138
      vertex -9.4137 -42.5 14.3138
      vertex -9.45469 -42.5 14.6251
    endloop
  endfacet
  facet normal 0 1 -0
    outer loop
      vertex 9.4 -42.5 14
      vertex -9.4137 -42.5 14.3138
      vertex 9.4137 -42.5 14.3138
    endloop
  endfacet
  facet normal 0 1 0
    outer loop
      vertex 9.4 -42.5 14
      vertex -9.4 -42.5 14
      vertex -9.4137 -42.5 14.3138
    endloop
  endfacet
  facet normal 0 1 0
    outer loop
      vertex 9.4137 -42.5 13.6862
      vertex -9.4 -42.5 14
      vertex 9.4 -42.5 14
    endloop
  endfacet
  facet normal 0 1 0
    outer loop
      vertex 9.4137 -42.5 13.6862
      vertex -9.4137 -42.5 13.6862
      vertex -9.4 -42.5 14
    endloop
  endfacet
  facet normal 0 1 0
    outer loop
      vertex 9.45469 -42.5 13.3749
      vertex -9.4137 -42.5 13.6862
      vertex 9.4137 -42.5 13.6862
    endloop
  endfacet
  facet normal 0 1 0
    outer loop
      vertex 9.45469 -42.5 13.3749
      vertex -9.45469 -42.5 13.3749
      vertex -9.4137 -42.5 13.6862
    endloop
  endfacet
  facet normal 0 1 0
    outer loop
      vertex 9.52267 -42.5 13.0683
      vertex -9.45469 -42.5 13.3749
      vertex 9.45469 -42.5 13.3749
    endloop
  endfacet
  facet normal 0 1 0
    outer loop
      vertex 9.52267 -42.5 13.0683
      vertex -9.52267 -42.5 13.0683
      vertex -9.45469 -42.5 13.3749
    endloop
  endfacet
  facet normal 0 1 0
    outer loop
      vertex 9.61711 -42.5 12.7687
      vertex -9.52267 -42.5 13.0683
      vertex 9.52267 -42.5 13.0683
    endloop
  endfacet
  facet normal 0 1 0
    outer loop
      vertex 9.61711 -42.5 12.7687
      vertex -9.61711 -42.5 12.7687
      vertex -9.52267 -42.5 13.0683
    endloop
  endfacet
  facet normal 0 1 0
    outer loop
      vertex 9.73729 -42.5 12.4786
      vertex -9.61711 -42.5 12.7687
      vertex 9.61711 -42.5 12.7687
    endloop
  endfacet
  facet normal 0 1 0
    outer loop
      vertex 9.73729 -42.5 12.4786
      vertex -9.73729 -42.5 12.4786
      vertex -9.61711 -42.5 12.7687
    endloop
  endfacet
  facet normal 0 1 0
    outer loop
      vertex 9.88231 -42.5 12.2
      vertex -9.73729 -42.5 12.4786
      vertex 9.73729 -42.5 12.4786
    endloop
  endfacet
  facet normal 0 1 0
    outer loop
      vertex 9.88231 -42.5 12.2
      vertex -9.88231 -42.5 12.2
      vertex -9.73729 -42.5 12.4786
    endloop
  endfacet
  facet normal 0 1 0
    outer loop
      vertex 10.0511 -42.5 11.9351
      vertex -9.88231 -42.5 12.2
      vertex 9.88231 -42.5 12.2
    endloop
  endfacet
  facet normal 0 1 0
    outer loop
      vertex 10.0511 -42.5 11.9351
      vertex -10.0511 -42.5 11.9351
      vertex -9.88231 -42.5 12.2
    endloop
  endfacet
  facet normal 0 1 0
    outer loop
      vertex 10.2422 -42.5 11.686
      vertex -10.0511 -42.5 11.9351
      vertex 10.0511 -42.5 11.9351
    endloop
  endfacet
  facet normal 0 1 0
    outer loop
      vertex 10.2422 -42.5 11.686
      vertex -10.2422 -42.5 11.686
      vertex -10.0511 -42.5 11.9351
    endloop
  endfacet
  facet normal 0 1 0
    outer loop
      vertex 10.4544 -42.5 11.4544
      vertex -10.2422 -42.5 11.686
      vertex 10.2422 -42.5 11.686
    endloop
  endfacet
  facet normal 0 1 0
    outer loop
      vertex 10.4544 -42.5 11.4544
      vertex -10.4544 -42.5 11.4544
      vertex -10.2422 -42.5 11.686
    endloop
  endfacet
  facet normal 0 1 0
    outer loop
      vertex 10.686 -42.5 11.2422
      vertex -10.4544 -42.5 11.4544
      vertex 10.4544 -42.5 11.4544
    endloop
  endfacet
  facet normal 0 1 0
    outer loop
      vertex 10.686 -42.5 11.2422
      vertex -10.686 -42.5 11.2422
      vertex -10.4544 -42.5 11.4544
    endloop
  endfacet
  facet normal 0 1 0
    outer loop
      vertex 10.9351 -42.5 11.0511
      vertex -10.686 -42.5 11.2422
      vertex 10.686 -42.5 11.2422
    endloop
  endfacet
  facet normal 0 1 0
    outer loop
      vertex 10.9351 -42.5 11.0511
      vertex -10.9351 -42.5 11.0511
      vertex -10.686 -42.5 11.2422
    endloop
  endfacet
  facet normal 0 1 0
    outer loop
      vertex 11.2 -42.5 10.8823
      vertex -10.9351 -42.5 11.0511
      vertex 10.9351 -42.5 11.0511
    endloop
  endfacet
  facet normal 0 1 0
    outer loop
      vertex 11.2 -42.5 10.8823
      vertex -11.2 -42.5 10.8823
      vertex -10.9351 -42.5 11.0511
    endloop
  endfacet
  facet normal 0 1 0
    outer loop
      vertex 11.4786 -42.5 10.7373
      vertex -11.2 -42.5 10.8823
      vertex 11.2 -42.5 10.8823
    endloop
  endfacet
  facet normal 0 1 0
    outer loop
      vertex 11.4786 -42.5 10.7373
      vertex -11.4786 -42.5 10.7373
      vertex -11.2 -42.5 10.8823
    endloop
  endfacet
  facet normal 0 1 0
    outer loop
      vertex 11.7687 -42.5 10.6171
      vertex -11.4786 -42.5 10.7373
      vertex 11.4786 -42.5 10.7373
    endloop
  endfacet
  facet normal 0 1 0
    outer loop
      vertex 11.7687 -42.5 10.6171
      vertex -11.7687 -42.5 10.6171
      vertex -11.4786 -42.5 10.7373
    endloop
  endfacet
  facet normal 0 1 0
    outer loop
      vertex 12.0683 -42.5 10.5227
      vertex -11.7687 -42.5 10.6171
      vertex 11.7687 -42.5 10.6171
    endloop
  endfacet
  facet normal 0 1 0
    outer loop
      vertex 12.0683 -42.5 10.5227
      vertex -12.0683 -42.5 10.5227
      vertex -11.7687 -42.5 10.6171
    endloop
  endfacet
  facet normal 0 1 0
    outer loop
      vertex 12.3749 -42.5 10.4547
      vertex -12.0683 -42.5 10.5227
      vertex 12.0683 -42.5 10.5227
    endloop
  endfacet
  facet normal 0 1 0
    outer loop
      vertex 12.3749 -42.5 10.4547
      vertex -12.3749 -42.5 10.4547
      vertex -12.0683 -42.5 10.5227
    endloop
  endfacet
  facet normal 0 1 0
    outer loop
      vertex 12.6862 -42.5 10.4137
      vertex -12.3749 -42.5 10.4547
      vertex 12.3749 -42.5 10.4547
    endloop
  endfacet
  facet normal 0 1 0
    outer loop
      vertex 12.6862 -42.5 10.4137
      vertex -12.6862 -42.5 10.4137
      vertex -12.3749 -42.5 10.4547
    endloop
  endfacet
  facet normal 0 1 0
    outer loop
      vertex 57.7012 -42.5 2.5
      vertex 12.6862 -42.5 10.4137
      vertex 13 -42.5 10.4
    endloop
  endfacet
  facet normal 0 1 0
    outer loop
      vertex 12.6862 -42.5 10.4137
      vertex 57.7012 -42.5 2.5
      vertex -12.6862 -42.5 10.4137
    endloop
  endfacet
  facet normal 0 1 0
    outer loop
      vertex 38.3749 -42.5 17.5453
      vertex 57.7012 -42.5 45
      vertex 38.6862 -42.5 17.5863
    endloop
  endfacet
  facet normal 0 1 0
    outer loop
      vertex 57.7012 -42.5 45
      vertex 13.3138 -42.5 17.5863
      vertex 13 -42.5 17.6
    endloop
  endfacet
  facet normal 0 1 0
    outer loop
      vertex 38.0683 -42.5 17.4773
      vertex 57.7012 -42.5 45
      vertex 38.3749 -42.5 17.5453
    endloop
  endfacet
  facet normal 0 1 0
    outer loop
      vertex 57.7012 -42.5 45
      vertex 13.6251 -42.5 17.5453
      vertex 13.3138 -42.5 17.5863
    endloop
  endfacet
  facet normal 0 1 0
    outer loop
      vertex 37.7687 -42.5 17.3829
      vertex 57.7012 -42.5 45
      vertex 38.0683 -42.5 17.4773
    endloop
  endfacet
  facet normal 0 1 0
    outer loop
      vertex 57.7012 -42.5 45
      vertex 13.9317 -42.5 17.4773
      vertex 13.6251 -42.5 17.5453
    endloop
  endfacet
  facet normal 0 1 0
    outer loop
      vertex 14.2313 -42.5 17.3829
      vertex 57.7012 -42.5 45
      vertex 37.7687 -42.5 17.3829
    endloop
  endfacet
  facet normal 0 1 0
    outer loop
      vertex 57.7012 -42.5 45
      vertex 14.2313 -42.5 17.3829
      vertex 13.9317 -42.5 17.4773
    endloop
  endfacet
  facet normal 0 1 -0
    outer loop
      vertex 37.4786 -42.5 17.2627
      vertex 14.2313 -42.5 17.3829
      vertex 37.7687 -42.5 17.3829
    endloop
  endfacet
  facet normal 0 1 0
    outer loop
      vertex 37.4786 -42.5 17.2627
      vertex 14.5214 -42.5 17.2627
      vertex 14.2313 -42.5 17.3829
    endloop
  endfacet
  facet normal 0 1 -0
    outer loop
      vertex 37.2 -42.5 17.1177
      vertex 14.5214 -42.5 17.2627
      vertex 37.4786 -42.5 17.2627
    endloop
  endfacet
  facet normal 0 1 0
    outer loop
      vertex 37.2 -42.5 17.1177
      vertex 14.8 -42.5 17.1177
      vertex 14.5214 -42.5 17.2627
    endloop
  endfacet
  facet normal 0 1 -0
    outer loop
      vertex 36.9351 -42.5 16.9489
      vertex 14.8 -42.5 17.1177
      vertex 37.2 -42.5 17.1177
    endloop
  endfacet
  facet normal 0 1 0
    outer loop
      vertex 36.9351 -42.5 16.9489
      vertex 15.0649 -42.5 16.9489
      vertex 14.8 -42.5 17.1177
    endloop
  endfacet
  facet normal 0 1 -0
    outer loop
      vertex 36.686 -42.5 16.7578
      vertex 15.0649 -42.5 16.9489
      vertex 36.9351 -42.5 16.9489
    endloop
  endfacet
  facet normal 0 1 0
    outer loop
      vertex 36.686 -42.5 16.7578
      vertex 15.314 -42.5 16.7578
      vertex 15.0649 -42.5 16.9489
    endloop
  endfacet
  facet normal 0 1 -0
    outer loop
      vertex 36.4544 -42.5 16.5456
      vertex 15.314 -42.5 16.7578
      vertex 36.686 -42.5 16.7578
    endloop
  endfacet
  facet normal 0 1 0
    outer loop
      vertex 36.4544 -42.5 16.5456
      vertex 15.5456 -42.5 16.5456
      vertex 15.314 -42.5 16.7578
    endloop
  endfacet
  facet normal 0 1 -0
    outer loop
      vertex 36.2422 -42.5 16.314
      vertex 15.5456 -42.5 16.5456
      vertex 36.4544 -42.5 16.5456
    endloop
  endfacet
  facet normal 0 1 0
    outer loop
      vertex 36.2422 -42.5 16.314
      vertex 15.7578 -42.5 16.314
      vertex 15.5456 -42.5 16.5456
    endloop
  endfacet
  facet normal 0 1 -0
    outer loop
      vertex 36.0511 -42.5 16.0649
      vertex 15.7578 -42.5 16.314
      vertex 36.2422 -42.5 16.314
    endloop
  endfacet
  facet normal 0 1 0
    outer loop
      vertex 36.0511 -42.5 16.0649
      vertex 15.9489 -42.5 16.0649
      vertex 15.7578 -42.5 16.314
    endloop
  endfacet
  facet normal 0 1 -0
    outer loop
      vertex 35.8823 -42.5 15.8
      vertex 15.9489 -42.5 16.0649
      vertex 36.0511 -42.5 16.0649
    endloop
  endfacet
  facet normal 0 1 0
    outer loop
      vertex 35.8823 -42.5 15.8
      vertex 16.1177 -42.5 15.8
      vertex 15.9489 -42.5 16.0649
    endloop
  endfacet
  facet normal 0 1 -0
    outer loop
      vertex 35.7373 -42.5 15.5214
      vertex 16.1177 -42.5 15.8
      vertex 35.8823 -42.5 15.8
    endloop
  endfacet
  facet normal 0 1 0
    outer loop
      vertex 35.7373 -42.5 15.5214
      vertex 16.2627 -42.5 15.5214
      vertex 16.1177 -42.5 15.8
    endloop
  endfacet
  facet normal 0 1 -0
    outer loop
      vertex 35.6171 -42.5 15.2313
      vertex 16.2627 -42.5 15.5214
      vertex 35.7373 -42.5 15.5214
    endloop
  endfacet
  facet normal 0 1 0
    outer loop
      vertex 35.6171 -42.5 15.2313
      vertex 16.3829 -42.5 15.2313
      vertex 16.2627 -42.5 15.5214
    endloop
  endfacet
  facet normal 0 1 -0
    outer loop
      vertex 35.5227 -42.5 14.9317
      vertex 16.3829 -42.5 15.2313
      vertex 35.6171 -42.5 15.2313
    endloop
  endfacet
  facet normal 0 1 0
    outer loop
      vertex 35.5227 -42.5 14.9317
      vertex 16.4773 -42.5 14.9317
      vertex 16.3829 -42.5 15.2313
    endloop
  endfacet
  facet normal 0 1 -0
    outer loop
      vertex 35.4547 -42.5 14.6251
      vertex 16.4773 -42.5 14.9317
      vertex 35.5227 -42.5 14.9317
    endloop
  endfacet
  facet normal 0 1 0
    outer loop
      vertex 35.4547 -42.5 14.6251
      vertex 16.5453 -42.5 14.6251
      vertex 16.4773 -42.5 14.9317
    endloop
  endfacet
  facet normal 0 1 -0
    outer loop
      vertex 35.4137 -42.5 14.3138
      vertex 16.5453 -42.5 14.6251
      vertex 35.4547 -42.5 14.6251
    endloop
  endfacet
  facet normal 0 1 0
    outer loop
      vertex 35.4137 -42.5 14.3138
      vertex 16.5863 -42.5 14.3138
      vertex 16.5453 -42.5 14.6251
    endloop
  endfacet
  facet normal 0 1 -0
    outer loop
      vertex 35.4 -42.5 14
      vertex 16.5863 -42.5 14.3138
      vertex 35.4137 -42.5 14.3138
    endloop
  endfacet
  facet normal 0 1 0
    outer loop
      vertex 35.4 -42.5 14
      vertex 16.6 -42.5 14
      vertex 16.5863 -42.5 14.3138
    endloop
  endfacet
  facet normal 0 1 0
    outer loop
      vertex 35.4137 -42.5 13.6862
      vertex 16.6 -42.5 14
      vertex 35.4 -42.5 14
    endloop
  endfacet
  facet normal 0 1 0
    outer loop
      vertex 35.4137 -42.5 13.6862
      vertex 16.5863 -42.5 13.6862
      vertex 16.6 -42.5 14
    endloop
  endfacet
  facet normal 0 1 0
    outer loop
      vertex 35.4547 -42.5 13.3749
      vertex 16.5863 -42.5 13.6862
      vertex 35.4137 -42.5 13.6862
    endloop
  endfacet
  facet normal 0 1 0
    outer loop
      vertex 35.4547 -42.5 13.3749
      vertex 16.5453 -42.5 13.3749
      vertex 16.5863 -42.5 13.6862
    endloop
  endfacet
  facet normal 0 1 0
    outer loop
      vertex 35.5227 -42.5 13.0683
      vertex 16.5453 -42.5 13.3749
      vertex 35.4547 -42.5 13.3749
    endloop
  endfacet
  facet normal 0 1 0
    outer loop
      vertex 35.5227 -42.5 13.0683
      vertex 16.4773 -42.5 13.0683
      vertex 16.5453 -42.5 13.3749
    endloop
  endfacet
  facet normal 0 1 0
    outer loop
      vertex 35.6171 -42.5 12.7687
      vertex 16.4773 -42.5 13.0683
      vertex 35.5227 -42.5 13.0683
    endloop
  endfacet
  facet normal 0 1 0
    outer loop
      vertex 35.6171 -42.5 12.7687
      vertex 16.3829 -42.5 12.7687
      vertex 16.4773 -42.5 13.0683
    endloop
  endfacet
  facet normal 0 1 0
    outer loop
      vertex 35.7373 -42.5 12.4786
      vertex 16.3829 -42.5 12.7687
      vertex 35.6171 -42.5 12.7687
    endloop
  endfacet
  facet normal 0 1 0
    outer loop
      vertex 35.7373 -42.5 12.4786
      vertex 16.2627 -42.5 12.4786
      vertex 16.3829 -42.5 12.7687
    endloop
  endfacet
  facet normal 0 1 0
    outer loop
      vertex 35.8823 -42.5 12.2
      vertex 16.2627 -42.5 12.4786
      vertex 35.7373 -42.5 12.4786
    endloop
  endfacet
  facet normal 0 1 0
    outer loop
      vertex 35.8823 -42.5 12.2
      vertex 16.1177 -42.5 12.2
      vertex 16.2627 -42.5 12.4786
    endloop
  endfacet
  facet normal 0 1 0
    outer loop
      vertex 36.0511 -42.5 11.9351
      vertex 16.1177 -42.5 12.2
      vertex 35.8823 -42.5 12.2
    endloop
  endfacet
  facet normal 0 1 0
    outer loop
      vertex 36.0511 -42.5 11.9351
      vertex 15.9489 -42.5 11.9351
      vertex 16.1177 -42.5 12.2
    endloop
  endfacet
  facet normal 0 1 0
    outer loop
      vertex 36.2422 -42.5 11.686
      vertex 15.9489 -42.5 11.9351
      vertex 36.0511 -42.5 11.9351
    endloop
  endfacet
  facet normal 0 1 0
    outer loop
      vertex 36.2422 -42.5 11.686
      vertex 15.7578 -42.5 11.686
      vertex 15.9489 -42.5 11.9351
    endloop
  endfacet
  facet normal 0 1 0
    outer loop
      vertex 36.4544 -42.5 11.4544
      vertex 15.7578 -42.5 11.686
      vertex 36.2422 -42.5 11.686
    endloop
  endfacet
  facet normal 0 1 0
    outer loop
      vertex 36.4544 -42.5 11.4544
      vertex 15.5456 -42.5 11.4544
      vertex 15.7578 -42.5 11.686
    endloop
  endfacet
  facet normal 0 1 0
    outer loop
      vertex 36.686 -42.5 11.2422
      vertex 15.5456 -42.5 11.4544
      vertex 36.4544 -42.5 11.4544
    endloop
  endfacet
  facet normal 0 1 0
    outer loop
      vertex 36.686 -42.5 11.2422
      vertex 15.314 -42.5 11.2422
      vertex 15.5456 -42.5 11.4544
    endloop
  endfacet
  facet normal 0 1 0
    outer loop
      vertex 36.9351 -42.5 11.0511
      vertex 15.314 -42.5 11.2422
      vertex 36.686 -42.5 11.2422
    endloop
  endfacet
  facet normal 0 1 0
    outer loop
      vertex 36.9351 -42.5 11.0511
      vertex 15.0649 -42.5 11.0511
      vertex 15.314 -42.5 11.2422
    endloop
  endfacet
  facet normal 0 1 0
    outer loop
      vertex 37.2 -42.5 10.8823
      vertex 15.0649 -42.5 11.0511
      vertex 36.9351 -42.5 11.0511
    endloop
  endfacet
  facet normal 0 1 0
    outer loop
      vertex 37.2 -42.5 10.8823
      vertex 14.8 -42.5 10.8823
      vertex 15.0649 -42.5 11.0511
    endloop
  endfacet
  facet normal 0 1 0
    outer loop
      vertex 37.4786 -42.5 10.7373
      vertex 14.8 -42.5 10.8823
      vertex 37.2 -42.5 10.8823
    endloop
  endfacet
  facet normal 0 1 0
    outer loop
      vertex 37.4786 -42.5 10.7373
      vertex 14.5214 -42.5 10.7373
      vertex 14.8 -42.5 10.8823
    endloop
  endfacet
  facet normal 0 1 0
    outer loop
      vertex 37.7687 -42.5 10.6171
      vertex 14.5214 -42.5 10.7373
      vertex 37.4786 -42.5 10.7373
    endloop
  endfacet
  facet normal 0 1 0
    outer loop
      vertex 37.7687 -42.5 10.6171
      vertex 14.2313 -42.5 10.6171
      vertex 14.5214 -42.5 10.7373
    endloop
  endfacet
  facet normal 0 1 0
    outer loop
      vertex 38.0683 -42.5 10.5227
      vertex 14.2313 -42.5 10.6171
      vertex 37.7687 -42.5 10.6171
    endloop
  endfacet
  facet normal 0 1 0
    outer loop
      vertex 38.0683 -42.5 10.5227
      vertex 13.9317 -42.5 10.5227
      vertex 14.2313 -42.5 10.6171
    endloop
  endfacet
  facet normal 0 1 0
    outer loop
      vertex 38.3749 -42.5 10.4547
      vertex 13.9317 -42.5 10.5227
      vertex 38.0683 -42.5 10.5227
    endloop
  endfacet
  facet normal 0 1 0
    outer loop
      vertex 38.3749 -42.5 10.4547
      vertex 13.6251 -42.5 10.4547
      vertex 13.9317 -42.5 10.5227
    endloop
  endfacet
  facet normal 0 1 0
    outer loop
      vertex 57.7012 -42.5 2.5
      vertex 38.3749 -42.5 10.4547
      vertex 38.6862 -42.5 10.4137
    endloop
  endfacet
  facet normal 0 1 0
    outer loop
      vertex 38.3749 -42.5 10.4547
      vertex 57.7012 -42.5 2.5
      vertex 13.6251 -42.5 10.4547
    endloop
  endfacet
  facet normal 0 1 0
    outer loop
      vertex 57.7012 -42.5 2.5
      vertex 38.6862 -42.5 10.4137
      vertex 39 -42.5 10.4
    endloop
  endfacet
  facet normal 0 1 0
    outer loop
      vertex 13.6251 -42.5 10.4547
      vertex 57.7012 -42.5 2.5
      vertex 13.3138 -42.5 10.4137
    endloop
  endfacet
  facet normal 0 1 0
    outer loop
      vertex 38.6862 -42.5 17.5863
      vertex 57.7012 -42.5 45
      vertex 39 -42.5 17.6
    endloop
  endfacet
  facet normal 0 1 0
    outer loop
      vertex 57.7012 -42.5 45
      vertex 39.3138 -42.5 17.5863
      vertex 39 -42.5 17.6
    endloop
  endfacet
  facet normal 0 1 0
    outer loop
      vertex 57.7012 -42.5 45
      vertex 39.6251 -42.5 17.5453
      vertex 39.3138 -42.5 17.5863
    endloop
  endfacet
  facet normal 0 1 0
    outer loop
      vertex 57.7012 -42.5 45
      vertex 39.9317 -42.5 17.4773
      vertex 39.6251 -42.5 17.5453
    endloop
  endfacet
  facet normal 0 1 0
    outer loop
      vertex 57.7012 -42.5 45
      vertex 40.2313 -42.5 17.3829
      vertex 39.9317 -42.5 17.4773
    endloop
  endfacet
  facet normal 0 1 0
    outer loop
      vertex 57.7012 -42.5 45
      vertex 40.5214 -42.5 17.2627
      vertex 40.2313 -42.5 17.3829
    endloop
  endfacet
  facet normal 0 1 0
    outer loop
      vertex 57.7012 -42.5 45
      vertex 40.8 -42.5 17.1177
      vertex 40.5214 -42.5 17.2627
    endloop
  endfacet
  facet normal 0 1 0
    outer loop
      vertex 57.7012 -42.5 45
      vertex 41.0649 -42.5 16.9489
      vertex 40.8 -42.5 17.1177
    endloop
  endfacet
  facet normal 0 1 0
    outer loop
      vertex 57.7012 -42.5 45
      vertex 41.314 -42.5 16.7578
      vertex 41.0649 -42.5 16.9489
    endloop
  endfacet
  facet normal 0 1 0
    outer loop
      vertex 57.7012 -42.5 45
      vertex 41.5456 -42.5 16.5456
      vertex 41.314 -42.5 16.7578
    endloop
  endfacet
  facet normal 0 1 0
    outer loop
      vertex 57.7012 -42.5 45
      vertex 41.7578 -42.5 16.314
      vertex 41.5456 -42.5 16.5456
    endloop
  endfacet
  facet normal 0 1 0
    outer loop
      vertex 57.7012 -42.5 45
      vertex 41.9489 -42.5 16.0649
      vertex 41.7578 -42.5 16.314
    endloop
  endfacet
  facet normal 0 1 0
    outer loop
      vertex 57.7012 -42.5 45
      vertex 42.1177 -42.5 15.8
      vertex 41.9489 -42.5 16.0649
    endloop
  endfacet
  facet normal 0 1 0
    outer loop
      vertex 57.7012 -42.5 45
      vertex 42.2627 -42.5 15.5214
      vertex 42.1177 -42.5 15.8
    endloop
  endfacet
  facet normal 0 1 0
    outer loop
      vertex 57.7012 -42.5 45
      vertex 42.3829 -42.5 15.2313
      vertex 42.2627 -42.5 15.5214
    endloop
  endfacet
  facet normal 0 1 -0
    outer loop
      vertex 57.7012 -42.5 2.5
      vertex 42.3829 -42.5 15.2313
      vertex 57.7012 -42.5 45
    endloop
  endfacet
  facet normal 0 1 0
    outer loop
      vertex 42.3829 -42.5 15.2313
      vertex 57.7012 -42.5 2.5
      vertex 42.4773 -42.5 14.9317
    endloop
  endfacet
  facet normal 0 1 0
    outer loop
      vertex 42.4773 -42.5 14.9317
      vertex 57.7012 -42.5 2.5
      vertex 42.5453 -42.5 14.6251
    endloop
  endfacet
  facet normal 0 1 0
    outer loop
      vertex 42.5453 -42.5 14.6251
      vertex 57.7012 -42.5 2.5
      vertex 42.5863 -42.5 14.3138
    endloop
  endfacet
  facet normal 0 1 0
    outer loop
      vertex 42.5863 -42.5 14.3138
      vertex 57.7012 -42.5 2.5
      vertex 42.6 -42.5 14
    endloop
  endfacet
  facet normal 0 1 0
    outer loop
      vertex 42.6 -42.5 14
      vertex 57.7012 -42.5 2.5
      vertex 42.5863 -42.5 13.6862
    endloop
  endfacet
  facet normal 0 1 0
    outer loop
      vertex 42.5863 -42.5 13.6862
      vertex 57.7012 -42.5 2.5
      vertex 42.5453 -42.5 13.3749
    endloop
  endfacet
  facet normal 0 1 0
    outer loop
      vertex 42.5453 -42.5 13.3749
      vertex 57.7012 -42.5 2.5
      vertex 42.4773 -42.5 13.0683
    endloop
  endfacet
  facet normal 0 1 0
    outer loop
      vertex 42.4773 -42.5 13.0683
      vertex 57.7012 -42.5 2.5
      vertex 42.3829 -42.5 12.7687
    endloop
  endfacet
  facet normal 0 1 0
    outer loop
      vertex 13.3138 -42.5 10.4137
      vertex 57.7012 -42.5 2.5
      vertex 13 -42.5 10.4
    endloop
  endfacet
  facet normal 0 1 0
    outer loop
      vertex -57.7012 -42.5 2.5
      vertex -12.6862 -42.5 10.4137
      vertex 57.7012 -42.5 2.5
    endloop
  endfacet
  facet normal 0 1 0
    outer loop
      vertex -12.6862 -42.5 10.4137
      vertex -57.7012 -42.5 2.5
      vertex -13 -42.5 10.4
    endloop
  endfacet
  facet normal 0 1 0
    outer loop
      vertex 39.3138 -42.5 10.4137
      vertex 57.7012 -42.5 2.5
      vertex 39 -42.5 10.4
    endloop
  endfacet
  facet normal 0 1 0
    outer loop
      vertex 39.6251 -42.5 10.4547
      vertex 57.7012 -42.5 2.5
      vertex 39.3138 -42.5 10.4137
    endloop
  endfacet
  facet normal 0 1 0
    outer loop
      vertex 39.9317 -42.5 10.5227
      vertex 57.7012 -42.5 2.5
      vertex 39.6251 -42.5 10.4547
    endloop
  endfacet
  facet normal 0 1 0
    outer loop
      vertex 40.2313 -42.5 10.6171
      vertex 57.7012 -42.5 2.5
      vertex 39.9317 -42.5 10.5227
    endloop
  endfacet
  facet normal 0 1 0
    outer loop
      vertex 40.5214 -42.5 10.7373
      vertex 57.7012 -42.5 2.5
      vertex 40.2313 -42.5 10.6171
    endloop
  endfacet
  facet normal 0 1 0
    outer loop
      vertex 40.8 -42.5 10.8823
      vertex 57.7012 -42.5 2.5
      vertex 40.5214 -42.5 10.7373
    endloop
  endfacet
  facet normal 0 1 0
    outer loop
      vertex 41.0649 -42.5 11.0511
      vertex 57.7012 -42.5 2.5
      vertex 40.8 -42.5 10.8823
    endloop
  endfacet
  facet normal 0 1 0
    outer loop
      vertex 41.314 -42.5 11.2422
      vertex 57.7012 -42.5 2.5
      vertex 41.0649 -42.5 11.0511
    endloop
  endfacet
  facet normal 0 1 0
    outer loop
      vertex 41.5456 -42.5 11.4544
      vertex 57.7012 -42.5 2.5
      vertex 41.314 -42.5 11.2422
    endloop
  endfacet
  facet normal 0 1 0
    outer loop
      vertex 41.7578 -42.5 11.686
      vertex 57.7012 -42.5 2.5
      vertex 41.5456 -42.5 11.4544
    endloop
  endfacet
  facet normal 0 1 0
    outer loop
      vertex 41.9489 -42.5 11.9351
      vertex 57.7012 -42.5 2.5
      vertex 41.7578 -42.5 11.686
    endloop
  endfacet
  facet normal 0 1 0
    outer loop
      vertex 42.1177 -42.5 12.2
      vertex 57.7012 -42.5 2.5
      vertex 41.9489 -42.5 11.9351
    endloop
  endfacet
  facet normal 0 1 0
    outer loop
      vertex 42.2627 -42.5 12.4786
      vertex 57.7012 -42.5 2.5
      vertex 42.1177 -42.5 12.2
    endloop
  endfacet
  facet normal 0 1 0
    outer loop
      vertex 42.3829 -42.5 12.7687
      vertex 57.7012 -42.5 2.5
      vertex 42.2627 -42.5 12.4786
    endloop
  endfacet
  facet normal 0 1 0
    outer loop
      vertex 12.6862 -42.5 17.5863
      vertex 57.7012 -42.5 45
      vertex 13 -42.5 17.6
    endloop
  endfacet
  facet normal 0 1 0
    outer loop
      vertex 12.3749 -42.5 17.5453
      vertex 57.7012 -42.5 45
      vertex 12.6862 -42.5 17.5863
    endloop
  endfacet
  facet normal 0 1 -0
    outer loop
      vertex -13.3138 -42.5 17.5863
      vertex -57.7012 -42.5 45
      vertex -13 -42.5 17.6
    endloop
  endfacet
  facet normal 0 1 -0
    outer loop
      vertex -39.3138 -42.5 17.5863
      vertex -57.7012 -42.5 45
      vertex -39 -42.5 17.6
    endloop
  endfacet
  facet normal 0 1 -0
    outer loop
      vertex -39.6251 -42.5 17.5453
      vertex -57.7012 -42.5 45
      vertex -39.3138 -42.5 17.5863
    endloop
  endfacet
  facet normal 0 1 -0
    outer loop
      vertex -39.9317 -42.5 17.4773
      vertex -57.7012 -42.5 45
      vertex -39.6251 -42.5 17.5453
    endloop
  endfacet
  facet normal 0 1 -0
    outer loop
      vertex -40.2313 -42.5 17.3829
      vertex -57.7012 -42.5 45
      vertex -39.9317 -42.5 17.4773
    endloop
  endfacet
  facet normal 0 1 -0
    outer loop
      vertex -40.5214 -42.5 17.2627
      vertex -57.7012 -42.5 45
      vertex -40.2313 -42.5 17.3829
    endloop
  endfacet
  facet normal 0 1 -0
    outer loop
      vertex -40.8 -42.5 17.1177
      vertex -57.7012 -42.5 45
      vertex -40.5214 -42.5 17.2627
    endloop
  endfacet
  facet normal 0 1 -0
    outer loop
      vertex -41.0649 -42.5 16.9489
      vertex -57.7012 -42.5 45
      vertex -40.8 -42.5 17.1177
    endloop
  endfacet
  facet normal 0 1 -0
    outer loop
      vertex -41.314 -42.5 16.7578
      vertex -57.7012 -42.5 45
      vertex -41.0649 -42.5 16.9489
    endloop
  endfacet
  facet normal 0 1 -0
    outer loop
      vertex -41.5456 -42.5 16.5456
      vertex -57.7012 -42.5 45
      vertex -41.314 -42.5 16.7578
    endloop
  endfacet
  facet normal 0 1 -0
    outer loop
      vertex -41.7578 -42.5 16.314
      vertex -57.7012 -42.5 45
      vertex -41.5456 -42.5 16.5456
    endloop
  endfacet
  facet normal 0 1 -0
    outer loop
      vertex -41.9489 -42.5 16.0649
      vertex -57.7012 -42.5 45
      vertex -41.7578 -42.5 16.314
    endloop
  endfacet
  facet normal 0 1 -0
    outer loop
      vertex -42.1177 -42.5 15.8
      vertex -57.7012 -42.5 45
      vertex -41.9489 -42.5 16.0649
    endloop
  endfacet
  facet normal 0 1 -0
    outer loop
      vertex -42.2627 -42.5 15.5214
      vertex -57.7012 -42.5 45
      vertex -42.1177 -42.5 15.8
    endloop
  endfacet
  facet normal 0 1 -0
    outer loop
      vertex -42.3829 -42.5 15.2313
      vertex -57.7012 -42.5 45
      vertex -42.2627 -42.5 15.5214
    endloop
  endfacet
  facet normal 0 1 0
    outer loop
      vertex -57.7012 -42.5 2.5
      vertex -42.3829 -42.5 15.2313
      vertex -42.4773 -42.5 14.9317
    endloop
  endfacet
  facet normal 0 1 0
    outer loop
      vertex -57.7012 -42.5 2.5
      vertex -42.4773 -42.5 14.9317
      vertex -42.5453 -42.5 14.6251
    endloop
  endfacet
  facet normal 0 1 0
    outer loop
      vertex -57.7012 -42.5 2.5
      vertex -42.5453 -42.5 14.6251
      vertex -42.5863 -42.5 14.3138
    endloop
  endfacet
  facet normal 0 1 0
    outer loop
      vertex -57.7012 -42.5 2.5
      vertex -42.5863 -42.5 14.3138
      vertex -42.6 -42.5 14
    endloop
  endfacet
  facet normal 0 1 0
    outer loop
      vertex -57.7012 -42.5 2.5
      vertex -42.6 -42.5 14
      vertex -42.5863 -42.5 13.6862
    endloop
  endfacet
  facet normal 0 1 0
    outer loop
      vertex -57.7012 -42.5 2.5
      vertex -42.5863 -42.5 13.6862
      vertex -42.5453 -42.5 13.3749
    endloop
  endfacet
  facet normal 0 1 0
    outer loop
      vertex -57.7012 -42.5 2.5
      vertex -42.5453 -42.5 13.3749
      vertex -42.4773 -42.5 13.0683
    endloop
  endfacet
  facet normal 0 1 0
    outer loop
      vertex -57.7012 -42.5 2.5
      vertex -42.4773 -42.5 13.0683
      vertex -42.3829 -42.5 12.7687
    endloop
  endfacet
  facet normal 0 1 0
    outer loop
      vertex -57.7012 -42.5 2.5
      vertex -42.3829 -42.5 12.7687
      vertex -42.2627 -42.5 12.4786
    endloop
  endfacet
  facet normal 0 1 0
    outer loop
      vertex -38.6862 -42.5 10.4137
      vertex -57.7012 -42.5 2.5
      vertex -39 -42.5 10.4
    endloop
  endfacet
  facet normal 0 1 0
    outer loop
      vertex -42.3829 -42.5 15.2313
      vertex -57.7012 -42.5 2.5
      vertex -57.7012 -42.5 45
    endloop
  endfacet
  facet normal 0 1 0
    outer loop
      vertex -42.1177 -42.5 12.2
      vertex -57.7012 -42.5 2.5
      vertex -42.2627 -42.5 12.4786
    endloop
  endfacet
  facet normal 0 1 0
    outer loop
      vertex -41.9489 -42.5 11.9351
      vertex -57.7012 -42.5 2.5
      vertex -42.1177 -42.5 12.2
    endloop
  endfacet
  facet normal 0 1 0
    outer loop
      vertex -41.7578 -42.5 11.686
      vertex -57.7012 -42.5 2.5
      vertex -41.9489 -42.5 11.9351
    endloop
  endfacet
  facet normal 0 1 0
    outer loop
      vertex -41.5456 -42.5 11.4544
      vertex -57.7012 -42.5 2.5
      vertex -41.7578 -42.5 11.686
    endloop
  endfacet
  facet normal 0 1 0
    outer loop
      vertex -41.314 -42.5 11.2422
      vertex -57.7012 -42.5 2.5
      vertex -41.5456 -42.5 11.4544
    endloop
  endfacet
  facet normal 0 1 0
    outer loop
      vertex -41.0649 -42.5 11.0511
      vertex -57.7012 -42.5 2.5
      vertex -41.314 -42.5 11.2422
    endloop
  endfacet
  facet normal 0 1 0
    outer loop
      vertex -40.8 -42.5 10.8823
      vertex -57.7012 -42.5 2.5
      vertex -41.0649 -42.5 11.0511
    endloop
  endfacet
  facet normal 0 1 0
    outer loop
      vertex -40.5214 -42.5 10.7373
      vertex -57.7012 -42.5 2.5
      vertex -40.8 -42.5 10.8823
    endloop
  endfacet
  facet normal 0 1 0
    outer loop
      vertex -40.2313 -42.5 10.6171
      vertex -57.7012 -42.5 2.5
      vertex -40.5214 -42.5 10.7373
    endloop
  endfacet
  facet normal 0 1 0
    outer loop
      vertex -39.9317 -42.5 10.5227
      vertex -57.7012 -42.5 2.5
      vertex -40.2313 -42.5 10.6171
    endloop
  endfacet
  facet normal 0 1 0
    outer loop
      vertex -39.6251 -42.5 10.4547
      vertex -57.7012 -42.5 2.5
      vertex -39.9317 -42.5 10.5227
    endloop
  endfacet
  facet normal 0 1 0
    outer loop
      vertex -39.3138 -42.5 10.4137
      vertex -57.7012 -42.5 2.5
      vertex -39.6251 -42.5 10.4547
    endloop
  endfacet
  facet normal 0 1 0
    outer loop
      vertex -39 -42.5 10.4
      vertex -57.7012 -42.5 2.5
      vertex -39.3138 -42.5 10.4137
    endloop
  endfacet
  facet normal -0.130811 0.991407 0
    outer loop
      vertex 62.0868 -42.4924 2.5
      vertex 62.0436 -42.4981 45
      vertex 62.0868 -42.4924 45
    endloop
  endfacet
  facet normal -0.130811 0.991407 0
    outer loop
      vertex 62.0436 -42.4981 45
      vertex 62.0868 -42.4924 2.5
      vertex 62.0436 -42.4981 2.5
    endloop
  endfacet
  facet normal -0.84385 0.536579 0
    outer loop
      vertex 62.4096 -42.2868 2.5
      vertex 62.433 -42.25 45
      vertex 62.433 -42.25 2.5
    endloop
  endfacet
  facet normal -0.84385 0.536579 0
    outer loop
      vertex 62.433 -42.25 45
      vertex 62.4096 -42.2868 2.5
      vertex 62.4096 -42.2868 45
    endloop
  endfacet
  facet normal -0.0435367 0.999052 0
    outer loop
      vertex 62.0436 -42.4981 2.5
      vertex 62 -42.5 45
      vertex 62.0436 -42.4981 45
    endloop
  endfacet
  facet normal -0.0435367 0.999052 0
    outer loop
      vertex 62 -42.5 45
      vertex 62.0436 -42.4981 2.5
      vertex 62 -42.5 2.5
    endloop
  endfacet
  facet normal -0.462723 -0.886503 0
    outer loop
      vertex 62.2113 42.4532 2.5
      vertex 62.25 42.433 45
      vertex 62.2113 42.4532 45
    endloop
  endfacet
  facet normal -0.462723 -0.886503 -0
    outer loop
      vertex 62.25 42.433 45
      vertex 62.2113 42.4532 2.5
      vertex 62.25 42.433 2.5
    endloop
  endfacet
  facet normal 0.609489 0.792794 -0
    outer loop
      vertex -62.2868 -42.4096 2.5
      vertex -62.3214 -42.383 45
      vertex -62.2868 -42.4096 45
    endloop
  endfacet
  facet normal 0.609489 0.792794 0
    outer loop
      vertex -62.3214 -42.383 45
      vertex -62.2868 -42.4096 2.5
      vertex -62.3214 -42.383 2.5
    endloop
  endfacet
  facet normal 0.302447 0.953166 -0
    outer loop
      vertex -62.1294 -42.483 2.5
      vertex -62.171 -42.4698 45
      vertex -62.1294 -42.483 45
    endloop
  endfacet
  facet normal 0.302447 0.953166 0
    outer loop
      vertex -62.171 -42.4698 45
      vertex -62.1294 -42.483 2.5
      vertex -62.171 -42.4698 2.5
    endloop
  endfacet
  facet normal 0.380865 -0.924631 0
    outer loop
      vertex -62.2113 42.4532 2.5
      vertex -62.171 42.4698 45
      vertex -62.2113 42.4532 45
    endloop
  endfacet
  facet normal 0.380865 -0.924631 0
    outer loop
      vertex -62.171 42.4698 45
      vertex -62.2113 42.4532 2.5
      vertex -62.171 42.4698 2.5
    endloop
  endfacet
  facet normal -1 0 0
    outer loop
      vertex 62.5 41.2988 2.5
      vertex 62.5 42 45
      vertex 62.5 42 2.5
    endloop
  endfacet
  facet normal -1 -0 0
    outer loop
      vertex 62.5 42 45
      vertex 62.5 41.2988 2.5
      vertex 62.5 41.2988 45
    endloop
  endfacet
  facet normal -1 0 0
    outer loop
      vertex 62.5 -42 2.5
      vertex 62.5 -41.2988 45
      vertex 62.5 -41.2988 2.5
    endloop
  endfacet
  facet normal -1 -0 0
    outer loop
      vertex 62.5 -41.2988 45
      vertex 62.5 -42 2.5
      vertex 62.5 -42 45
    endloop
  endfacet
  facet normal -1 0 0
    outer loop
      vertex 62.5 -37.7012 2.5
      vertex 62.5 37.7012 45
      vertex 62.5 37.7012 2.5
    endloop
  endfacet
  facet normal -1 -0 0
    outer loop
      vertex 62.5 37.7012 45
      vertex 62.5 -37.7012 2.5
      vertex 62.5 -37.7012 45
    endloop
  endfacet
  facet normal 1 -0 0
    outer loop
      vertex -62.5 -42 45
      vertex -62.5 -41.2988 2.5
      vertex -62.5 -41.2988 45
    endloop
  endfacet
  facet normal 1 0 0
    outer loop
      vertex -62.5 -41.2988 2.5
      vertex -62.5 -42 45
      vertex -62.5 -42 2.5
    endloop
  endfacet
  facet normal 1 -0 0
    outer loop
      vertex -62.5 41.2988 45
      vertex -62.5 42 2.5
      vertex -62.5 42 45
    endloop
  endfacet
  facet normal 1 0 0
    outer loop
      vertex -62.5 42 2.5
      vertex -62.5 41.2988 45
      vertex -62.5 41.2988 2.5
    endloop
  endfacet
  facet normal 1 -0 0
    outer loop
      vertex -62.5 -37.7012 45
      vertex -62.5 37.7012 2.5
      vertex -62.5 37.7012 45
    endloop
  endfacet
  facet normal 1 0 0
    outer loop
      vertex -62.5 37.7012 2.5
      vertex -62.5 -37.7012 45
      vertex -62.5 -37.7012 2.5
    endloop
  endfacet
  facet normal -0.609489 -0.792794 0
    outer loop
      vertex 62.2868 42.4096 2.5
      vertex 62.3214 42.383 45
      vertex 62.2868 42.4096 45
    endloop
  endfacet
  facet normal -0.609489 -0.792794 -0
    outer loop
      vertex 62.3214 42.383 45
      vertex 62.2868 42.4096 2.5
      vertex 62.3214 42.383 2.5
    endloop
  endfacet
  facet normal 0.0435367 -0.999052 0
    outer loop
      vertex -62.0436 42.4981 2.5
      vertex -62 42.5 45
      vertex -62.0436 42.4981 45
    endloop
  endfacet
  facet normal 0.0435367 -0.999052 0
    outer loop
      vertex -62 42.5 45
      vertex -62.0436 42.4981 2.5
      vertex -62 42.5 2.5
    endloop
  endfacet
  facet normal 0.84385 0.536579 0
    outer loop
      vertex -62.4096 -42.2868 45
      vertex -62.433 -42.25 2.5
      vertex -62.433 -42.25 45
    endloop
  endfacet
  facet normal 0.84385 0.536579 0
    outer loop
      vertex -62.433 -42.25 2.5
      vertex -62.4096 -42.2868 45
      vertex -62.4096 -42.2868 2.5
    endloop
  endfacet
  facet normal 0.302447 -0.953166 0
    outer loop
      vertex -62.171 42.4698 2.5
      vertex -62.1294 42.483 45
      vertex -62.171 42.4698 45
    endloop
  endfacet
  facet normal 0.302447 -0.953166 0
    outer loop
      vertex -62.1294 42.483 45
      vertex -62.171 42.4698 2.5
      vertex -62.1294 42.483 2.5
    endloop
  endfacet
  facet normal 0.536579 0.84385 -0
    outer loop
      vertex -62.25 -42.433 2.5
      vertex -62.2868 -42.4096 45
      vertex -62.25 -42.433 45
    endloop
  endfacet
  facet normal 0.536579 0.84385 0
    outer loop
      vertex -62.2868 -42.4096 45
      vertex -62.25 -42.433 2.5
      vertex -62.2868 -42.4096 2.5
    endloop
  endfacet
  facet normal 0 -1 0
    outer loop
      vertex 61.2988 42.5 2.5
      vertex 62 42.5 45
      vertex 61.2988 42.5 45
    endloop
  endfacet
  facet normal 0 -1 -0
    outer loop
      vertex 62 42.5 45
      vertex 61.2988 42.5 2.5
      vertex 62 42.5 2.5
    endloop
  endfacet
  facet normal 0 -1 0
    outer loop
      vertex -62 42.5 2.5
      vertex -61.2988 42.5 45
      vertex -62 42.5 45
    endloop
  endfacet
  facet normal 0 -1 -0
    outer loop
      vertex -61.2988 42.5 45
      vertex -62 42.5 2.5
      vertex -61.2988 42.5 2.5
    endloop
  endfacet
  facet normal 0 -1 0
    outer loop
      vertex -6.57679 42.5 29.3411
      vertex 17.7298 42.5 25.0882
      vertex 18 42.5 25.1
    endloop
  endfacet
  facet normal 0 -1 0
    outer loop
      vertex -2.98519 42.5 26.05
      vertex 17.4617 42.5 25.0529
      vertex 17.7298 42.5 25.0882
    endloop
  endfacet
  facet normal 0 -1 0
    outer loop
      vertex -2.98519 42.5 26.05
      vertex 17.1977 42.5 24.9944
      vertex 17.4617 42.5 25.0529
    endloop
  endfacet
  facet normal 0 -1 0
    outer loop
      vertex -2.98519 42.5 26.05
      vertex 16.9397 42.5 24.913
      vertex 17.1977 42.5 24.9944
    endloop
  endfacet
  facet normal 0 -1 0
    outer loop
      vertex -2.98519 42.5 26.05
      vertex 16.6899 42.5 24.8096
      vertex 16.9397 42.5 24.913
    endloop
  endfacet
  facet normal 0 -1 0
    outer loop
      vertex 15.3153 42.5 23.55
      vertex -2.65891 42.5 25.4232
      vertex -2.38849 42.5 24.7704
    endloop
  endfacet
  facet normal 0 -1 0
    outer loop
      vertex -2.98519 42.5 26.05
      vertex 16.45 42.5 24.6847
      vertex 16.6899 42.5 24.8096
    endloop
  endfacet
  facet normal 0 -1 0
    outer loop
      vertex -2.98519 42.5 26.05
      vertex 16.2219 42.5 24.5394
      vertex 16.45 42.5 24.6847
    endloop
  endfacet
  facet normal 0 -1 0
    outer loop
      vertex -2.98519 42.5 26.05
      vertex 16.0074 42.5 24.3747
      vertex 16.2219 42.5 24.5394
    endloop
  endfacet
  facet normal 0 -1 0
    outer loop
      vertex -2.98519 42.5 26.05
      vertex 15.808 42.5 24.192
      vertex 16.0074 42.5 24.3747
    endloop
  endfacet
  facet normal 0 -1 0
    outer loop
      vertex 15.1904 42.5 23.3101
      vertex -2.38849 42.5 24.7704
      vertex -2.176 42.5 24.0964
    endloop
  endfacet
  facet normal 0 -1 0
    outer loop
      vertex -2.98519 42.5 26.05
      vertex 15.6253 42.5 23.9926
      vertex 15.808 42.5 24.192
    endloop
  endfacet
  facet normal 0 -1 0
    outer loop
      vertex -2.65891 42.5 25.4232
      vertex 15.4606 42.5 23.7781
      vertex 15.6253 42.5 23.9926
    endloop
  endfacet
  facet normal 0 -1 0
    outer loop
      vertex -2.65891 42.5 25.4232
      vertex 15.3153 42.5 23.55
      vertex 15.4606 42.5 23.7781
    endloop
  endfacet
  facet normal 0 -1 0
    outer loop
      vertex 15.087 42.5 23.0603
      vertex -2.176 42.5 24.0964
      vertex -2.02306 42.5 23.4065
    endloop
  endfacet
  facet normal 0 -1 0
    outer loop
      vertex -2.38849 42.5 24.7704
      vertex 15.1904 42.5 23.3101
      vertex 15.3153 42.5 23.55
    endloop
  endfacet
  facet normal 0 -1 0
    outer loop
      vertex -2.176 42.5 24.0964
      vertex 15.087 42.5 23.0603
      vertex 15.1904 42.5 23.3101
    endloop
  endfacet
  facet normal 0 -1 0
    outer loop
      vertex -2.02306 42.5 23.4065
      vertex 15.0056 42.5 22.8023
      vertex 15.087 42.5 23.0603
    endloop
  endfacet
  facet normal 0 -1 0
    outer loop
      vertex 14.9471 42.5 22.5383
      vertex -2.02306 42.5 23.4065
      vertex -1.93082 42.5 22.706
    endloop
  endfacet
  facet normal 0 -1 0
    outer loop
      vertex -2.02306 42.5 23.4065
      vertex 14.9471 42.5 22.5383
      vertex 15.0056 42.5 22.8023
    endloop
  endfacet
  facet normal 0 -1 0
    outer loop
      vertex -1.93082 42.5 22.706
      vertex 14.9118 42.5 22.2702
      vertex 14.9471 42.5 22.5383
    endloop
  endfacet
  facet normal 0 -1 0
    outer loop
      vertex -1.9 42.5 22
      vertex 14.9118 42.5 22.2702
      vertex -1.93082 42.5 22.706
    endloop
  endfacet
  facet normal 0 -1 0
    outer loop
      vertex -1.9 42.5 22
      vertex 14.9 42.5 22
      vertex 14.9118 42.5 22.2702
    endloop
  endfacet
  facet normal 0 -1 0
    outer loop
      vertex -1.9 42.5 22
      vertex 14.9118 42.5 21.7298
      vertex 14.9 42.5 22
    endloop
  endfacet
  facet normal 0 -1 0
    outer loop
      vertex -1.93082 42.5 21.294
      vertex 14.9118 42.5 21.7298
      vertex -1.9 42.5 22
    endloop
  endfacet
  facet normal 0 -1 -0
    outer loop
      vertex 14.9118 42.5 21.7298
      vertex -1.93082 42.5 21.294
      vertex 14.9471 42.5 21.4617
    endloop
  endfacet
  facet normal 0 -1 0
    outer loop
      vertex -2.02306 42.5 20.5934
      vertex 14.9471 42.5 21.4617
      vertex -1.93082 42.5 21.294
    endloop
  endfacet
  facet normal 0 -1 -0
    outer loop
      vertex 14.9471 42.5 21.4617
      vertex -2.02306 42.5 20.5934
      vertex 15.0056 42.5 21.1977
    endloop
  endfacet
  facet normal 0 -1 -0
    outer loop
      vertex 15.0056 42.5 21.1977
      vertex -2.02306 42.5 20.5934
      vertex 15.087 42.5 20.9397
    endloop
  endfacet
  facet normal 0 -1 0
    outer loop
      vertex -2.176 42.5 19.9036
      vertex 15.087 42.5 20.9397
      vertex -2.02306 42.5 20.5934
    endloop
  endfacet
  facet normal 0 -1 -0
    outer loop
      vertex 15.087 42.5 20.9397
      vertex -2.176 42.5 19.9036
      vertex 15.1904 42.5 20.6899
    endloop
  endfacet
  facet normal 0 -1 0
    outer loop
      vertex -2.38849 42.5 19.2296
      vertex 15.1904 42.5 20.6899
      vertex -2.176 42.5 19.9036
    endloop
  endfacet
  facet normal 0 -1 -0
    outer loop
      vertex 15.1904 42.5 20.6899
      vertex -2.38849 42.5 19.2296
      vertex 15.3153 42.5 20.45
    endloop
  endfacet
  facet normal 0 -1 0
    outer loop
      vertex -2.65891 42.5 18.5768
      vertex 15.3153 42.5 20.45
      vertex -2.38849 42.5 19.2296
    endloop
  endfacet
  facet normal 0 -1 -0
    outer loop
      vertex 15.3153 42.5 20.45
      vertex -2.65891 42.5 18.5768
      vertex 15.4606 42.5 20.2219
    endloop
  endfacet
  facet normal 0 -1 -0
    outer loop
      vertex 15.4606 42.5 20.2219
      vertex -2.65891 42.5 18.5768
      vertex 15.6253 42.5 20.0074
    endloop
  endfacet
  facet normal 0 -1 0
    outer loop
      vertex -2.98519 42.5 17.95
      vertex 15.6253 42.5 20.0074
      vertex -2.65891 42.5 18.5768
    endloop
  endfacet
  facet normal 0 -1 -0
    outer loop
      vertex 15.6253 42.5 20.0074
      vertex -2.98519 42.5 17.95
      vertex 15.808 42.5 19.808
    endloop
  endfacet
  facet normal 0 -1 0
    outer loop
      vertex -3.36487 42.5 17.354
      vertex 15.808 42.5 19.808
      vertex -2.98519 42.5 17.95
    endloop
  endfacet
  facet normal 0 -1 -0
    outer loop
      vertex 15.808 42.5 19.808
      vertex -3.36487 42.5 17.354
      vertex 16.0074 42.5 19.6253
    endloop
  endfacet
  facet normal 0 -1 0
    outer loop
      vertex -3.79504 42.5 16.7934
      vertex 16.0074 42.5 19.6253
      vertex -3.36487 42.5 17.354
    endloop
  endfacet
  facet normal 0 -1 -0
    outer loop
      vertex 16.0074 42.5 19.6253
      vertex -3.79504 42.5 16.7934
      vertex 16.2219 42.5 19.4606
    endloop
  endfacet
  facet normal 0 -1 -0
    outer loop
      vertex 16.2219 42.5 19.4606
      vertex -3.79504 42.5 16.7934
      vertex 16.45 42.5 19.3153
    endloop
  endfacet
  facet normal 0 -1 0
    outer loop
      vertex -4.27243 42.5 16.2724
      vertex 16.45 42.5 19.3153
      vertex -3.79504 42.5 16.7934
    endloop
  endfacet
  facet normal 0 -1 -0
    outer loop
      vertex 16.45 42.5 19.3153
      vertex -4.27243 42.5 16.2724
      vertex 16.6899 42.5 19.1904
    endloop
  endfacet
  facet normal 0 -1 0
    outer loop
      vertex -4.79342 42.5 15.795
      vertex 16.6899 42.5 19.1904
      vertex -4.27243 42.5 16.2724
    endloop
  endfacet
  facet normal 0 -1 0
    outer loop
      vertex -9.29404 42.5 30.0692
      vertex -57.7012 42.5 45
      vertex -10 42.5 30.1
    endloop
  endfacet
  facet normal 0 -1 0
    outer loop
      vertex -57.7012 42.5 45
      vertex -10.706 42.5 30.0692
      vertex -10 42.5 30.1
    endloop
  endfacet
  facet normal 0 -1 0
    outer loop
      vertex -57.7012 42.5 45
      vertex -11.4065 42.5 29.9769
      vertex -10.706 42.5 30.0692
    endloop
  endfacet
  facet normal 0 -1 0
    outer loop
      vertex -57.7012 42.5 45
      vertex -12.0964 42.5 29.824
      vertex -11.4065 42.5 29.9769
    endloop
  endfacet
  facet normal 0 -1 0
    outer loop
      vertex -57.7012 42.5 45
      vertex -12.7704 42.5 29.6115
      vertex -12.0964 42.5 29.824
    endloop
  endfacet
  facet normal 0 -1 0
    outer loop
      vertex -57.7012 42.5 45
      vertex -13.4232 42.5 29.3411
      vertex -12.7704 42.5 29.6115
    endloop
  endfacet
  facet normal 0 -1 0
    outer loop
      vertex -57.7012 42.5 45
      vertex -14.05 42.5 29.0148
      vertex -13.4232 42.5 29.3411
    endloop
  endfacet
  facet normal 0 -1 0
    outer loop
      vertex -38.5977 42.5 25.8527
      vertex -14.05 42.5 29.0148
      vertex -57.7012 42.5 45
    endloop
  endfacet
  facet normal 0 -1 0
    outer loop
      vertex -14.05 42.5 29.0148
      vertex -38.5977 42.5 25.8527
      vertex -14.646 42.5 28.6351
    endloop
  endfacet
  facet normal 0 -1 0
    outer loop
      vertex -38.2673 42.5 25.7159
      vertex -14.646 42.5 28.6351
      vertex -38.5977 42.5 25.8527
    endloop
  endfacet
  facet normal 0 -1 0
    outer loop
      vertex -14.646 42.5 28.6351
      vertex -38.2673 42.5 25.7159
      vertex -15.2066 42.5 28.205
    endloop
  endfacet
  facet normal 0 -1 0
    outer loop
      vertex -37.95 42.5 25.5507
      vertex -15.2066 42.5 28.205
      vertex -38.2673 42.5 25.7159
    endloop
  endfacet
  facet normal 0 -1 0
    outer loop
      vertex -39.6427 42.5 26.0844
      vertex -57.7012 42.5 45
      vertex -40 42.5 26.1
    endloop
  endfacet
  facet normal 0 -1 0
    outer loop
      vertex -57.7012 42.5 45
      vertex -40.3573 42.5 26.0844
      vertex -40 42.5 26.1
    endloop
  endfacet
  facet normal 0 -1 0
    outer loop
      vertex -57.7012 42.5 45
      vertex -40.712 42.5 26.0377
      vertex -40.3573 42.5 26.0844
    endloop
  endfacet
  facet normal 0 -1 0
    outer loop
      vertex -57.7012 42.5 45
      vertex -41.0612 42.5 25.9603
      vertex -40.712 42.5 26.0377
    endloop
  endfacet
  facet normal 0 -1 0
    outer loop
      vertex -57.7012 42.5 45
      vertex -41.4023 42.5 25.8527
      vertex -41.0612 42.5 25.9603
    endloop
  endfacet
  facet normal 0 -1 0
    outer loop
      vertex -57.7012 42.5 45
      vertex -41.7327 42.5 25.7159
      vertex -41.4023 42.5 25.8527
    endloop
  endfacet
  facet normal 0 -1 0
    outer loop
      vertex -57.7012 42.5 45
      vertex -42.05 42.5 25.5507
      vertex -41.7327 42.5 25.7159
    endloop
  endfacet
  facet normal 0 -1 0
    outer loop
      vertex -57.7012 42.5 45
      vertex -42.3517 42.5 25.3585
      vertex -42.05 42.5 25.5507
    endloop
  endfacet
  facet normal 0 -1 0
    outer loop
      vertex -57.7012 42.5 45
      vertex -42.6354 42.5 25.1408
      vertex -42.3517 42.5 25.3585
    endloop
  endfacet
  facet normal 0 -1 0
    outer loop
      vertex -57.7012 42.5 45
      vertex -42.8991 42.5 24.8991
      vertex -42.6354 42.5 25.1408
    endloop
  endfacet
  facet normal 0 -1 0
    outer loop
      vertex -57.7012 42.5 45
      vertex -43.1408 42.5 24.6354
      vertex -42.8991 42.5 24.8991
    endloop
  endfacet
  facet normal 0 -1 0
    outer loop
      vertex -57.7012 42.5 45
      vertex -43.3585 42.5 24.3517
      vertex -43.1408 42.5 24.6354
    endloop
  endfacet
  facet normal 0 -1 0
    outer loop
      vertex -57.7012 42.5 45
      vertex -43.5507 42.5 24.05
      vertex -43.3585 42.5 24.3517
    endloop
  endfacet
  facet normal 0 -1 0
    outer loop
      vertex -57.7012 42.5 45
      vertex -43.7159 42.5 23.7327
      vertex -43.5507 42.5 24.05
    endloop
  endfacet
  facet normal 0 -1 0
    outer loop
      vertex -57.7012 42.5 45
      vertex -43.8527 42.5 23.4023
      vertex -43.7159 42.5 23.7327
    endloop
  endfacet
  facet normal 0 -1 0
    outer loop
      vertex -57.7012 42.5 45
      vertex -43.9603 42.5 23.0612
      vertex -43.8527 42.5 23.4023
    endloop
  endfacet
  facet normal 0 -1 0
    outer loop
      vertex -57.7012 42.5 45
      vertex -44.0377 42.5 22.712
      vertex -43.9603 42.5 23.0612
    endloop
  endfacet
  facet normal 0 -1 0
    outer loop
      vertex -57.7012 42.5 45
      vertex -44.0844 42.5 22.3573
      vertex -44.0377 42.5 22.712
    endloop
  endfacet
  facet normal 0 -1 0
    outer loop
      vertex -57.7012 42.5 2.5
      vertex -44.0844 42.5 22.3573
      vertex -57.7012 42.5 45
    endloop
  endfacet
  facet normal 0 -1 0
    outer loop
      vertex -44.0844 42.5 22.3573
      vertex -57.7012 42.5 2.5
      vertex -44.1 42.5 22
    endloop
  endfacet
  facet normal 0 -1 -0
    outer loop
      vertex -44.1 42.5 22
      vertex -57.7012 42.5 2.5
      vertex -44.0844 42.5 21.6427
    endloop
  endfacet
  facet normal 0 -1 -0
    outer loop
      vertex -44.0844 42.5 21.6427
      vertex -57.7012 42.5 2.5
      vertex -44.0377 42.5 21.288
    endloop
  endfacet
  facet normal 0 -1 -0
    outer loop
      vertex -44.0377 42.5 21.288
      vertex -57.7012 42.5 2.5
      vertex -43.9603 42.5 20.9388
    endloop
  endfacet
  facet normal 0 -1 -0
    outer loop
      vertex -43.9603 42.5 20.9388
      vertex -57.7012 42.5 2.5
      vertex -43.8527 42.5 20.5977
    endloop
  endfacet
  facet normal 0 -1 -0
    outer loop
      vertex -43.8527 42.5 20.5977
      vertex -57.7012 42.5 2.5
      vertex -43.7159 42.5 20.2673
    endloop
  endfacet
  facet normal 0 -1 0
    outer loop
      vertex -37.3646 42.5 18.8592
      vertex -16.205 42.5 16.7934
      vertex -16.6351 42.5 17.354
    endloop
  endfacet
  facet normal 0 -1 0
    outer loop
      vertex -57.7012 42.5 2.5
      vertex -40 42.5 17.9
      vertex -40.3573 42.5 17.9156
    endloop
  endfacet
  facet normal 0 -1 0
    outer loop
      vertex -39.6427 42.5 17.9156
      vertex -15.7276 42.5 16.2724
      vertex -16.205 42.5 16.7934
    endloop
  endfacet
  facet normal 0 -1 0
    outer loop
      vertex -39.6427 42.5 17.9156
      vertex -15.2066 42.5 15.795
      vertex -15.7276 42.5 16.2724
    endloop
  endfacet
  facet normal 0 -1 0
    outer loop
      vertex -39.6427 42.5 17.9156
      vertex -14.646 42.5 15.3649
      vertex -15.2066 42.5 15.795
    endloop
  endfacet
  facet normal 0 -1 0
    outer loop
      vertex -39.6427 42.5 17.9156
      vertex -14.05 42.5 14.9852
      vertex -14.646 42.5 15.3649
    endloop
  endfacet
  facet normal 0 -1 -0
    outer loop
      vertex -39.6427 42.5 17.9156
      vertex -57.7012 42.5 2.5
      vertex -14.05 42.5 14.9852
    endloop
  endfacet
  facet normal 0 -1 -0
    outer loop
      vertex -14.05 42.5 14.9852
      vertex -57.7012 42.5 2.5
      vertex -13.4232 42.5 14.6589
    endloop
  endfacet
  facet normal 0 -1 -0
    outer loop
      vertex -13.4232 42.5 14.6589
      vertex -57.7012 42.5 2.5
      vertex -12.7704 42.5 14.3885
    endloop
  endfacet
  facet normal 0 -1 0
    outer loop
      vertex -57.7012 42.5 2.5
      vertex -40.3573 42.5 17.9156
      vertex -40.712 42.5 17.9623
    endloop
  endfacet
  facet normal 0 -1 -0
    outer loop
      vertex -12.7704 42.5 14.3885
      vertex -57.7012 42.5 2.5
      vertex -12.0964 42.5 14.176
    endloop
  endfacet
  facet normal 0 -1 0
    outer loop
      vertex -57.7012 42.5 2.5
      vertex -10 42.5 13.9
      vertex -10.706 42.5 13.9308
    endloop
  endfacet
  facet normal 0 -1 0
    outer loop
      vertex 57.7012 42.5 2.5
      vertex 36 42.5 8.5
      vertex -57.7012 42.5 2.5
    endloop
  endfacet
  facet normal 0 -1 -0
    outer loop
      vertex -10 42.5 13.9
      vertex -57.7012 42.5 2.5
      vertex 36 42.5 8.5
    endloop
  endfacet
  facet normal 0 -1 -0
    outer loop
      vertex -11.4065 42.5 14.0231
      vertex -57.7012 42.5 2.5
      vertex -10.706 42.5 13.9308
    endloop
  endfacet
  facet normal 0 -1 -0
    outer loop
      vertex -12.0964 42.5 14.176
      vertex -57.7012 42.5 2.5
      vertex -11.4065 42.5 14.0231
    endloop
  endfacet
  facet normal 0 -1 -0
    outer loop
      vertex -41.0612 42.5 18.0397
      vertex -57.7012 42.5 2.5
      vertex -40.712 42.5 17.9623
    endloop
  endfacet
  facet normal 0 -1 -0
    outer loop
      vertex -41.4023 42.5 18.1473
      vertex -57.7012 42.5 2.5
      vertex -41.0612 42.5 18.0397
    endloop
  endfacet
  facet normal 0 -1 -0
    outer loop
      vertex -41.7327 42.5 18.2841
      vertex -57.7012 42.5 2.5
      vertex -41.4023 42.5 18.1473
    endloop
  endfacet
  facet normal 0 -1 -0
    outer loop
      vertex -42.05 42.5 18.4493
      vertex -57.7012 42.5 2.5
      vertex -41.7327 42.5 18.2841
    endloop
  endfacet
  facet normal 0 -1 -0
    outer loop
      vertex -42.3517 42.5 18.6415
      vertex -57.7012 42.5 2.5
      vertex -42.05 42.5 18.4493
    endloop
  endfacet
  facet normal 0 -1 -0
    outer loop
      vertex -42.6354 42.5 18.8592
      vertex -57.7012 42.5 2.5
      vertex -42.3517 42.5 18.6415
    endloop
  endfacet
  facet normal 0 -1 -0
    outer loop
      vertex -42.8991 42.5 19.1009
      vertex -57.7012 42.5 2.5
      vertex -42.6354 42.5 18.8592
    endloop
  endfacet
  facet normal 0 -1 -0
    outer loop
      vertex -43.1408 42.5 19.3646
      vertex -57.7012 42.5 2.5
      vertex -42.8991 42.5 19.1009
    endloop
  endfacet
  facet normal 0 -1 -0
    outer loop
      vertex -43.3585 42.5 19.6483
      vertex -57.7012 42.5 2.5
      vertex -43.1408 42.5 19.3646
    endloop
  endfacet
  facet normal 0 -1 -0
    outer loop
      vertex -43.5507 42.5 19.95
      vertex -57.7012 42.5 2.5
      vertex -43.3585 42.5 19.6483
    endloop
  endfacet
  facet normal 0 -1 -0
    outer loop
      vertex -43.7159 42.5 20.2673
      vertex -57.7012 42.5 2.5
      vertex -43.5507 42.5 19.95
    endloop
  endfacet
  facet normal 0 -1 0
    outer loop
      vertex -57.7012 42.5 45
      vertex -9.29404 42.5 30.0692
      vertex 57.7012 42.5 45
    endloop
  endfacet
  facet normal 0 -1 0
    outer loop
      vertex -8.59345 42.5 29.9769
      vertex 57.7012 42.5 45
      vertex -9.29404 42.5 30.0692
    endloop
  endfacet
  facet normal 0 -1 0
    outer loop
      vertex -7.90357 42.5 29.824
      vertex 57.7012 42.5 45
      vertex -8.59345 42.5 29.9769
    endloop
  endfacet
  facet normal 0 -1 0
    outer loop
      vertex -7.22964 42.5 29.6115
      vertex 57.7012 42.5 45
      vertex -7.90357 42.5 29.824
    endloop
  endfacet
  facet normal 0 -1 0
    outer loop
      vertex -6.57679 42.5 29.3411
      vertex 57.7012 42.5 45
      vertex -7.22964 42.5 29.6115
    endloop
  endfacet
  facet normal 0 -1 0
    outer loop
      vertex 17.7298 42.5 25.0882
      vertex -6.57679 42.5 29.3411
      vertex -5.95 42.5 29.0148
    endloop
  endfacet
  facet normal 0 -1 0
    outer loop
      vertex 17.7298 42.5 25.0882
      vertex -5.95 42.5 29.0148
      vertex -5.35403 42.5 28.6351
    endloop
  endfacet
  facet normal 0 -1 0
    outer loop
      vertex 17.7298 42.5 25.0882
      vertex -5.35403 42.5 28.6351
      vertex -4.79342 42.5 28.205
    endloop
  endfacet
  facet normal 0 -1 0
    outer loop
      vertex 17.7298 42.5 25.0882
      vertex -4.79342 42.5 28.205
      vertex -4.27243 42.5 27.7276
    endloop
  endfacet
  facet normal 0 -1 0
    outer loop
      vertex 17.7298 42.5 25.0882
      vertex -4.27243 42.5 27.7276
      vertex -3.79504 42.5 27.2066
    endloop
  endfacet
  facet normal 0 -1 0
    outer loop
      vertex 17.7298 42.5 25.0882
      vertex -3.79504 42.5 27.2066
      vertex -3.36487 42.5 26.646
    endloop
  endfacet
  facet normal 0 -1 0
    outer loop
      vertex 17.7298 42.5 25.0882
      vertex -3.36487 42.5 26.646
      vertex -2.98519 42.5 26.05
    endloop
  endfacet
  facet normal 0 -1 0
    outer loop
      vertex 15.6253 42.5 23.9926
      vertex -2.98519 42.5 26.05
      vertex -2.65891 42.5 25.4232
    endloop
  endfacet
  facet normal 0 -1 0
    outer loop
      vertex -6.57679 42.5 29.3411
      vertex 18 42.5 25.1
      vertex 57.7012 42.5 45
    endloop
  endfacet
  facet normal 0 -1 0
    outer loop
      vertex 18.2702 42.5 25.0882
      vertex 57.7012 42.5 45
      vertex 18 42.5 25.1
    endloop
  endfacet
  facet normal 0 -1 0
    outer loop
      vertex 18.5383 42.5 25.0529
      vertex 57.7012 42.5 45
      vertex 18.2702 42.5 25.0882
    endloop
  endfacet
  facet normal 0 -1 0
    outer loop
      vertex 18.8023 42.5 24.9944
      vertex 57.7012 42.5 45
      vertex 18.5383 42.5 25.0529
    endloop
  endfacet
  facet normal 0 -1 0
    outer loop
      vertex 19.0603 42.5 24.913
      vertex 57.7012 42.5 45
      vertex 18.8023 42.5 24.9944
    endloop
  endfacet
  facet normal 0 -1 0
    outer loop
      vertex 19.3101 42.5 24.8096
      vertex 57.7012 42.5 45
      vertex 19.0603 42.5 24.913
    endloop
  endfacet
  facet normal 0 -1 0
    outer loop
      vertex 19.55 42.5 24.6847
      vertex 57.7012 42.5 45
      vertex 19.3101 42.5 24.8096
    endloop
  endfacet
  facet normal 0 -1 0
    outer loop
      vertex 19.7781 42.5 24.5394
      vertex 57.7012 42.5 45
      vertex 19.55 42.5 24.6847
    endloop
  endfacet
  facet normal 0 -1 0
    outer loop
      vertex 19.9926 42.5 24.3747
      vertex 57.7012 42.5 45
      vertex 19.7781 42.5 24.5394
    endloop
  endfacet
  facet normal 0 -1 0
    outer loop
      vertex 20.192 42.5 24.192
      vertex 57.7012 42.5 45
      vertex 19.9926 42.5 24.3747
    endloop
  endfacet
  facet normal 0 -1 0
    outer loop
      vertex 20.3747 42.5 23.9926
      vertex 57.7012 42.5 45
      vertex 20.192 42.5 24.192
    endloop
  endfacet
  facet normal 0 -1 0
    outer loop
      vertex 20.5394 42.5 23.7781
      vertex 57.7012 42.5 45
      vertex 20.3747 42.5 23.9926
    endloop
  endfacet
  facet normal 0 -1 0
    outer loop
      vertex 36 42.5 15.5
      vertex 20.5394 42.5 23.7781
      vertex 20.6847 42.5 23.55
    endloop
  endfacet
  facet normal 0 -1 0
    outer loop
      vertex 36 42.5 15.5
      vertex 20.6847 42.5 23.55
      vertex 20.8096 42.5 23.3101
    endloop
  endfacet
  facet normal 0 -1 0
    outer loop
      vertex 36 42.5 15.5
      vertex 20.8096 42.5 23.3101
      vertex 20.913 42.5 23.0603
    endloop
  endfacet
  facet normal 0 -1 0
    outer loop
      vertex 36 42.5 15.5
      vertex 20.913 42.5 23.0603
      vertex 20.9944 42.5 22.8023
    endloop
  endfacet
  facet normal 0 -1 0
    outer loop
      vertex 36 42.5 15.5
      vertex 20.9944 42.5 22.8023
      vertex 21.0529 42.5 22.5383
    endloop
  endfacet
  facet normal 0 -1 0
    outer loop
      vertex 36 42.5 15.5
      vertex 21.0529 42.5 22.5383
      vertex 21.0882 42.5 22.2702
    endloop
  endfacet
  facet normal 0 -1 0
    outer loop
      vertex 36 42.5 15.5
      vertex 21.0882 42.5 22.2702
      vertex 21.1 42.5 22
    endloop
  endfacet
  facet normal 0 -1 0
    outer loop
      vertex 36 42.5 15.5
      vertex 21.1 42.5 22
      vertex 21.0882 42.5 21.7298
    endloop
  endfacet
  facet normal 0 -1 0
    outer loop
      vertex 36 42.5 15.5
      vertex 21.0882 42.5 21.7298
      vertex 21.0529 42.5 21.4617
    endloop
  endfacet
  facet normal 0 -1 0
    outer loop
      vertex 36 42.5 15.5
      vertex 21.0529 42.5 21.4617
      vertex 20.9944 42.5 21.1977
    endloop
  endfacet
  facet normal 0 -1 0
    outer loop
      vertex 36 42.5 15.5
      vertex 20.9944 42.5 21.1977
      vertex 20.913 42.5 20.9397
    endloop
  endfacet
  facet normal 0 -1 0
    outer loop
      vertex 36 42.5 15.5
      vertex 20.913 42.5 20.9397
      vertex 20.8096 42.5 20.6899
    endloop
  endfacet
  facet normal 0 -1 0
    outer loop
      vertex 36 42.5 15.5
      vertex 20.8096 42.5 20.6899
      vertex 20.6847 42.5 20.45
    endloop
  endfacet
  facet normal 0 -1 0
    outer loop
      vertex 36 42.5 15.5
      vertex 20.6847 42.5 20.45
      vertex 20.5394 42.5 20.2219
    endloop
  endfacet
  facet normal 0 -1 0
    outer loop
      vertex 36 42.5 15.5
      vertex 20.5394 42.5 20.2219
      vertex 20.3747 42.5 20.0074
    endloop
  endfacet
  facet normal 0 -1 0
    outer loop
      vertex 36 42.5 15.5
      vertex 20.3747 42.5 20.0074
      vertex 20.192 42.5 19.808
    endloop
  endfacet
  facet normal 0 -1 0
    outer loop
      vertex 36 42.5 15.5
      vertex 20.192 42.5 19.808
      vertex 19.9926 42.5 19.6253
    endloop
  endfacet
  facet normal 0 -1 0
    outer loop
      vertex 36 42.5 8.5
      vertex 19.9926 42.5 19.6253
      vertex 19.7781 42.5 19.4606
    endloop
  endfacet
  facet normal 0 -1 -0
    outer loop
      vertex 16.6899 42.5 19.1904
      vertex -4.79342 42.5 15.795
      vertex 16.9397 42.5 19.087
    endloop
  endfacet
  facet normal 0 -1 0
    outer loop
      vertex -5.35403 42.5 15.3649
      vertex 16.9397 42.5 19.087
      vertex -4.79342 42.5 15.795
    endloop
  endfacet
  facet normal 0 -1 -0
    outer loop
      vertex 16.9397 42.5 19.087
      vertex -5.35403 42.5 15.3649
      vertex 17.1977 42.5 19.0056
    endloop
  endfacet
  facet normal 0 -1 0
    outer loop
      vertex -5.95 42.5 14.9852
      vertex 17.1977 42.5 19.0056
      vertex -5.35403 42.5 15.3649
    endloop
  endfacet
  facet normal 0 -1 -0
    outer loop
      vertex 17.1977 42.5 19.0056
      vertex -5.95 42.5 14.9852
      vertex 17.4617 42.5 18.9471
    endloop
  endfacet
  facet normal 0 -1 0
    outer loop
      vertex 36 42.5 8.5
      vertex 17.4617 42.5 18.9471
      vertex -5.95 42.5 14.9852
    endloop
  endfacet
  facet normal 0 -1 0
    outer loop
      vertex 17.4617 42.5 18.9471
      vertex 36 42.5 8.5
      vertex 17.7298 42.5 18.9118
    endloop
  endfacet
  facet normal 0 -1 0
    outer loop
      vertex 17.7298 42.5 18.9118
      vertex 36 42.5 8.5
      vertex 18 42.5 18.9
    endloop
  endfacet
  facet normal 0 -1 0
    outer loop
      vertex 36 42.5 8.5
      vertex 18.8023 42.5 19.0056
      vertex 18.5383 42.5 18.9471
    endloop
  endfacet
  facet normal 0 -1 0
    outer loop
      vertex 36 42.5 8.5
      vertex 19.0603 42.5 19.087
      vertex 18.8023 42.5 19.0056
    endloop
  endfacet
  facet normal 0 -1 0
    outer loop
      vertex 36 42.5 8.5
      vertex 19.3101 42.5 19.1904
      vertex 19.0603 42.5 19.087
    endloop
  endfacet
  facet normal 0 -1 0
    outer loop
      vertex 36 42.5 8.5
      vertex 19.55 42.5 19.3153
      vertex 19.3101 42.5 19.1904
    endloop
  endfacet
  facet normal 0 -1 0
    outer loop
      vertex 36 42.5 8.5
      vertex 19.7781 42.5 19.4606
      vertex 19.55 42.5 19.3153
    endloop
  endfacet
  facet normal 0 -1 0
    outer loop
      vertex 20.5394 42.5 23.7781
      vertex 36 42.5 15.5
      vertex 57.7012 42.5 45
    endloop
  endfacet
  facet normal 0 -1 0
    outer loop
      vertex 48 42.5 15.5
      vertex 57.7012 42.5 45
      vertex 36 42.5 15.5
    endloop
  endfacet
  facet normal 0 -1 0
    outer loop
      vertex 57.7012 42.5 2.5
      vertex 48 42.5 15.5
      vertex 48 42.5 8.5
    endloop
  endfacet
  facet normal 0 -1 0
    outer loop
      vertex 48 42.5 15.5
      vertex 57.7012 42.5 2.5
      vertex 57.7012 42.5 45
    endloop
  endfacet
  facet normal 0 -1 0
    outer loop
      vertex 36 42.5 8.5
      vertex 57.7012 42.5 2.5
      vertex 48 42.5 8.5
    endloop
  endfacet
  facet normal 0 -1 0
    outer loop
      vertex -39.288 42.5 26.0377
      vertex -57.7012 42.5 45
      vertex -39.6427 42.5 26.0844
    endloop
  endfacet
  facet normal 0 -1 0
    outer loop
      vertex -38.9388 42.5 25.9603
      vertex -57.7012 42.5 45
      vertex -39.288 42.5 26.0377
    endloop
  endfacet
  facet normal 0 -1 0
    outer loop
      vertex -38.5977 42.5 25.8527
      vertex -57.7012 42.5 45
      vertex -38.9388 42.5 25.9603
    endloop
  endfacet
  facet normal 0 -1 0
    outer loop
      vertex -15.2066 42.5 28.205
      vertex -37.95 42.5 25.5507
      vertex -15.7276 42.5 27.7276
    endloop
  endfacet
  facet normal 0 -1 0
    outer loop
      vertex -37.6483 42.5 25.3585
      vertex -15.7276 42.5 27.7276
      vertex -37.95 42.5 25.5507
    endloop
  endfacet
  facet normal 0 -1 0
    outer loop
      vertex -15.7276 42.5 27.7276
      vertex -37.6483 42.5 25.3585
      vertex -16.205 42.5 27.2066
    endloop
  endfacet
  facet normal 0 -1 0
    outer loop
      vertex -37.3646 42.5 25.1408
      vertex -16.205 42.5 27.2066
      vertex -37.6483 42.5 25.3585
    endloop
  endfacet
  facet normal 0 -1 0
    outer loop
      vertex -16.205 42.5 27.2066
      vertex -37.3646 42.5 25.1408
      vertex -16.6351 42.5 26.646
    endloop
  endfacet
  facet normal 0 -1 0
    outer loop
      vertex -37.1009 42.5 24.8991
      vertex -16.6351 42.5 26.646
      vertex -37.3646 42.5 25.1408
    endloop
  endfacet
  facet normal 0 -1 0
    outer loop
      vertex -36.8592 42.5 24.6354
      vertex -16.6351 42.5 26.646
      vertex -37.1009 42.5 24.8991
    endloop
  endfacet
  facet normal 0 -1 0
    outer loop
      vertex -16.6351 42.5 26.646
      vertex -36.8592 42.5 24.6354
      vertex -17.0148 42.5 26.05
    endloop
  endfacet
  facet normal 0 -1 0
    outer loop
      vertex -36.6415 42.5 24.3517
      vertex -17.0148 42.5 26.05
      vertex -36.8592 42.5 24.6354
    endloop
  endfacet
  facet normal 0 -1 0
    outer loop
      vertex -17.0148 42.5 26.05
      vertex -36.6415 42.5 24.3517
      vertex -17.3411 42.5 25.4232
    endloop
  endfacet
  facet normal 0 -1 0
    outer loop
      vertex -36.4493 42.5 24.05
      vertex -17.3411 42.5 25.4232
      vertex -36.6415 42.5 24.3517
    endloop
  endfacet
  facet normal 0 -1 0
    outer loop
      vertex -17.3411 42.5 25.4232
      vertex -36.4493 42.5 24.05
      vertex -17.6115 42.5 24.7704
    endloop
  endfacet
  facet normal 0 -1 0
    outer loop
      vertex -36.2841 42.5 23.7327
      vertex -17.6115 42.5 24.7704
      vertex -36.4493 42.5 24.05
    endloop
  endfacet
  facet normal 0 -1 0
    outer loop
      vertex -17.6115 42.5 24.7704
      vertex -36.2841 42.5 23.7327
      vertex -17.824 42.5 24.0964
    endloop
  endfacet
  facet normal 0 -1 0
    outer loop
      vertex -36.1473 42.5 23.4023
      vertex -17.824 42.5 24.0964
      vertex -36.2841 42.5 23.7327
    endloop
  endfacet
  facet normal 0 -1 0
    outer loop
      vertex -36.0397 42.5 23.0612
      vertex -17.824 42.5 24.0964
      vertex -36.1473 42.5 23.4023
    endloop
  endfacet
  facet normal 0 -1 0
    outer loop
      vertex -17.824 42.5 24.0964
      vertex -36.0397 42.5 23.0612
      vertex -17.9769 42.5 23.4065
    endloop
  endfacet
  facet normal 0 -1 0
    outer loop
      vertex -35.9623 42.5 22.712
      vertex -17.9769 42.5 23.4065
      vertex -36.0397 42.5 23.0612
    endloop
  endfacet
  facet normal 0 -1 0
    outer loop
      vertex -35.9623 42.5 22.712
      vertex -18.0692 42.5 22.706
      vertex -17.9769 42.5 23.4065
    endloop
  endfacet
  facet normal 0 -1 0
    outer loop
      vertex -35.9156 42.5 22.3573
      vertex -18.0692 42.5 22.706
      vertex -35.9623 42.5 22.712
    endloop
  endfacet
  facet normal 0 -1 0
    outer loop
      vertex -18.1 42.5 22
      vertex -35.9156 42.5 22.3573
      vertex -35.9 42.5 22
    endloop
  endfacet
  facet normal 0 -1 0
    outer loop
      vertex -35.9156 42.5 22.3573
      vertex -18.1 42.5 22
      vertex -18.0692 42.5 22.706
    endloop
  endfacet
  facet normal 0 -1 0
    outer loop
      vertex -35.9156 42.5 21.6427
      vertex -18.1 42.5 22
      vertex -35.9 42.5 22
    endloop
  endfacet
  facet normal 0 -1 0
    outer loop
      vertex -35.9156 42.5 21.6427
      vertex -18.0692 42.5 21.294
      vertex -18.1 42.5 22
    endloop
  endfacet
  facet normal 0 -1 0
    outer loop
      vertex -35.9623 42.5 21.288
      vertex -18.0692 42.5 21.294
      vertex -35.9156 42.5 21.6427
    endloop
  endfacet
  facet normal 0 -1 0
    outer loop
      vertex -17.9769 42.5 20.5934
      vertex -35.9623 42.5 21.288
      vertex -36.0397 42.5 20.9388
    endloop
  endfacet
  facet normal 0 -1 0
    outer loop
      vertex -17.824 42.5 19.9036
      vertex -36.0397 42.5 20.9388
      vertex -36.1473 42.5 20.5977
    endloop
  endfacet
  facet normal 0 -1 0
    outer loop
      vertex -35.9623 42.5 21.288
      vertex -17.9769 42.5 20.5934
      vertex -18.0692 42.5 21.294
    endloop
  endfacet
  facet normal 0 -1 0
    outer loop
      vertex -17.824 42.5 19.9036
      vertex -36.1473 42.5 20.5977
      vertex -36.2841 42.5 20.2673
    endloop
  endfacet
  facet normal 0 -1 0
    outer loop
      vertex -17.6115 42.5 19.2296
      vertex -36.2841 42.5 20.2673
      vertex -36.4493 42.5 19.95
    endloop
  endfacet
  facet normal 0 -1 0
    outer loop
      vertex -36.0397 42.5 20.9388
      vertex -17.824 42.5 19.9036
      vertex -17.9769 42.5 20.5934
    endloop
  endfacet
  facet normal 0 -1 0
    outer loop
      vertex -17.3411 42.5 18.5768
      vertex -36.4493 42.5 19.95
      vertex -36.6415 42.5 19.6483
    endloop
  endfacet
  facet normal 0 -1 0
    outer loop
      vertex -17.0148 42.5 17.95
      vertex -36.6415 42.5 19.6483
      vertex -36.8592 42.5 19.3646
    endloop
  endfacet
  facet normal 0 -1 0
    outer loop
      vertex -36.2841 42.5 20.2673
      vertex -17.6115 42.5 19.2296
      vertex -17.824 42.5 19.9036
    endloop
  endfacet
  facet normal 0 -1 0
    outer loop
      vertex -16.6351 42.5 17.354
      vertex -36.8592 42.5 19.3646
      vertex -37.1009 42.5 19.1009
    endloop
  endfacet
  facet normal 0 -1 0
    outer loop
      vertex -16.6351 42.5 17.354
      vertex -37.1009 42.5 19.1009
      vertex -37.3646 42.5 18.8592
    endloop
  endfacet
  facet normal 0 -1 0
    outer loop
      vertex -16.205 42.5 16.7934
      vertex -37.3646 42.5 18.8592
      vertex -37.6483 42.5 18.6415
    endloop
  endfacet
  facet normal 0 -1 0
    outer loop
      vertex -36.4493 42.5 19.95
      vertex -17.3411 42.5 18.5768
      vertex -17.6115 42.5 19.2296
    endloop
  endfacet
  facet normal 0 -1 0
    outer loop
      vertex -16.205 42.5 16.7934
      vertex -37.6483 42.5 18.6415
      vertex -37.95 42.5 18.4493
    endloop
  endfacet
  facet normal 0 -1 0
    outer loop
      vertex -16.205 42.5 16.7934
      vertex -37.95 42.5 18.4493
      vertex -38.2673 42.5 18.2841
    endloop
  endfacet
  facet normal 0 -1 0
    outer loop
      vertex -16.205 42.5 16.7934
      vertex -38.2673 42.5 18.2841
      vertex -38.5977 42.5 18.1473
    endloop
  endfacet
  facet normal 0 -1 0
    outer loop
      vertex -16.205 42.5 16.7934
      vertex -38.5977 42.5 18.1473
      vertex -38.9388 42.5 18.0397
    endloop
  endfacet
  facet normal 0 -1 0
    outer loop
      vertex -16.205 42.5 16.7934
      vertex -38.9388 42.5 18.0397
      vertex -39.288 42.5 17.9623
    endloop
  endfacet
  facet normal 0 -1 0
    outer loop
      vertex -36.6415 42.5 19.6483
      vertex -17.0148 42.5 17.95
      vertex -17.3411 42.5 18.5768
    endloop
  endfacet
  facet normal 0 -1 0
    outer loop
      vertex -16.205 42.5 16.7934
      vertex -39.288 42.5 17.9623
      vertex -39.6427 42.5 17.9156
    endloop
  endfacet
  facet normal 0 -1 0
    outer loop
      vertex -57.7012 42.5 2.5
      vertex -39.6427 42.5 17.9156
      vertex -40 42.5 17.9
    endloop
  endfacet
  facet normal 0 -1 0
    outer loop
      vertex -36.8592 42.5 19.3646
      vertex -16.6351 42.5 17.354
      vertex -17.0148 42.5 17.95
    endloop
  endfacet
  facet normal 0 -1 0
    outer loop
      vertex 18 42.5 18.9
      vertex 36 42.5 8.5
      vertex 18.2702 42.5 18.9118
    endloop
  endfacet
  facet normal 0 -1 0
    outer loop
      vertex 18.2702 42.5 18.9118
      vertex 36 42.5 8.5
      vertex 18.5383 42.5 18.9471
    endloop
  endfacet
  facet normal 0 -1 0
    outer loop
      vertex 36 42.5 8.5
      vertex -5.95 42.5 14.9852
      vertex -6.57679 42.5 14.6589
    endloop
  endfacet
  facet normal 0 -1 0
    outer loop
      vertex 36 42.5 8.5
      vertex -6.57679 42.5 14.6589
      vertex -7.22964 42.5 14.3885
    endloop
  endfacet
  facet normal 0 -1 0
    outer loop
      vertex 36 42.5 8.5
      vertex -7.22964 42.5 14.3885
      vertex -7.90357 42.5 14.176
    endloop
  endfacet
  facet normal 0 -1 0
    outer loop
      vertex 36 42.5 8.5
      vertex -7.90357 42.5 14.176
      vertex -8.59345 42.5 14.0231
    endloop
  endfacet
  facet normal 0 -1 0
    outer loop
      vertex 36 42.5 8.5
      vertex -8.59345 42.5 14.0231
      vertex -9.29404 42.5 13.9308
    endloop
  endfacet
  facet normal 0 -1 0
    outer loop
      vertex 36 42.5 8.5
      vertex -9.29404 42.5 13.9308
      vertex -10 42.5 13.9
    endloop
  endfacet
  facet normal 0 -1 0
    outer loop
      vertex 19.9926 42.5 19.6253
      vertex 36 42.5 8.5
      vertex 36 42.5 15.5
    endloop
  endfacet
  facet normal 0.0435367 0.999052 -0
    outer loop
      vertex -62 -42.5 2.5
      vertex -62.0436 -42.4981 45
      vertex -62 -42.5 45
    endloop
  endfacet
  facet normal 0.0435367 0.999052 0
    outer loop
      vertex -62.0436 -42.4981 45
      vertex -62 -42.5 2.5
      vertex -62.0436 -42.4981 2.5
    endloop
  endfacet
  facet normal 0.991407 -0.130811 0
    outer loop
      vertex -62.4981 42.0436 45
      vertex -62.4924 42.0868 2.5
      vertex -62.4924 42.0868 45
    endloop
  endfacet
  facet normal 0.991407 -0.130811 0
    outer loop
      vertex -62.4924 42.0868 2.5
      vertex -62.4981 42.0436 45
      vertex -62.4981 42.0436 2.5
    endloop
  endfacet
  facet normal 0.792794 -0.609489 0
    outer loop
      vertex -62.4096 42.2868 45
      vertex -62.383 42.3214 2.5
      vertex -62.383 42.3214 45
    endloop
  endfacet
  facet normal 0.792794 -0.609489 0
    outer loop
      vertex -62.383 42.3214 2.5
      vertex -62.4096 42.2868 45
      vertex -62.4096 42.2868 2.5
    endloop
  endfacet
  facet normal 0.215474 0.97651 -0
    outer loop
      vertex -62.0868 -42.4924 2.5
      vertex -62.1294 -42.483 45
      vertex -62.0868 -42.4924 45
    endloop
  endfacet
  facet normal 0.215474 0.97651 0
    outer loop
      vertex -62.1294 -42.483 45
      vertex -62.0868 -42.4924 2.5
      vertex -62.1294 -42.483 2.5
    endloop
  endfacet
  facet normal 0.999052 -0.0435367 0
    outer loop
      vertex -62.5 42 45
      vertex -62.4981 42.0436 2.5
      vertex -62.4981 42.0436 45
    endloop
  endfacet
  facet normal 0.999052 -0.0435367 0
    outer loop
      vertex -62.4981 42.0436 2.5
      vertex -62.5 42 45
      vertex -62.5 42 2.5
    endloop
  endfacet
  facet normal 0.97651 -0.215474 0
    outer loop
      vertex -62.4924 42.0868 45
      vertex -62.483 42.1294 2.5
      vertex -62.483 42.1294 45
    endloop
  endfacet
  facet normal 0.97651 -0.215474 0
    outer loop
      vertex -62.483 42.1294 2.5
      vertex -62.4924 42.0868 45
      vertex -62.4924 42.0868 2.5
    endloop
  endfacet
  facet normal 0.130811 -0.991407 0
    outer loop
      vertex -62.0868 42.4924 2.5
      vertex -62.0436 42.4981 45
      vertex -62.0868 42.4924 45
    endloop
  endfacet
  facet normal 0.130811 -0.991407 0
    outer loop
      vertex -62.0436 42.4981 45
      vertex -62.0868 42.4924 2.5
      vertex -62.0436 42.4981 2.5
    endloop
  endfacet
  facet normal -0.380865 0.924631 0
    outer loop
      vertex 62.2113 -42.4532 2.5
      vertex 62.171 -42.4698 45
      vertex 62.2113 -42.4532 45
    endloop
  endfacet
  facet normal -0.380865 0.924631 0
    outer loop
      vertex 62.171 -42.4698 45
      vertex 62.2113 -42.4532 2.5
      vertex 62.171 -42.4698 2.5
    endloop
  endfacet
  facet normal 0.215474 -0.97651 0
    outer loop
      vertex -62.1294 42.483 2.5
      vertex -62.0868 42.4924 45
      vertex -62.1294 42.483 45
    endloop
  endfacet
  facet normal 0.215474 -0.97651 0
    outer loop
      vertex -62.0868 42.4924 45
      vertex -62.1294 42.483 2.5
      vertex -62.0868 42.4924 2.5
    endloop
  endfacet
  facet normal -0.792794 0.609489 0
    outer loop
      vertex 62.383 -42.3214 2.5
      vertex 62.4096 -42.2868 45
      vertex 62.4096 -42.2868 2.5
    endloop
  endfacet
  facet normal -0.792794 0.609489 0
    outer loop
      vertex 62.4096 -42.2868 45
      vertex 62.383 -42.3214 2.5
      vertex 62.383 -42.3214 45
    endloop
  endfacet
  facet normal 0.462723 0.886503 -0
    outer loop
      vertex -62.2113 -42.4532 2.5
      vertex -62.25 -42.433 45
      vertex -62.2113 -42.4532 45
    endloop
  endfacet
  facet normal 0.462723 0.886503 0
    outer loop
      vertex -62.25 -42.433 45
      vertex -62.2113 -42.4532 2.5
      vertex -62.25 -42.433 2.5
    endloop
  endfacet
  facet normal 0.380865 0.924631 -0
    outer loop
      vertex -62.171 -42.4698 2.5
      vertex -62.2113 -42.4532 45
      vertex -62.171 -42.4698 45
    endloop
  endfacet
  facet normal 0.380865 0.924631 0
    outer loop
      vertex -62.2113 -42.4532 45
      vertex -62.171 -42.4698 2.5
      vertex -62.2113 -42.4532 2.5
    endloop
  endfacet
  facet normal 0.792794 0.609489 0
    outer loop
      vertex -62.383 -42.3214 45
      vertex -62.4096 -42.2868 2.5
      vertex -62.4096 -42.2868 45
    endloop
  endfacet
  facet normal 0.792794 0.609489 0
    outer loop
      vertex -62.4096 -42.2868 2.5
      vertex -62.383 -42.3214 45
      vertex -62.383 -42.3214 2.5
    endloop
  endfacet
  facet normal 0.130811 0.991407 -0
    outer loop
      vertex -62.0436 -42.4981 2.5
      vertex -62.0868 -42.4924 45
      vertex -62.0436 -42.4981 45
    endloop
  endfacet
  facet normal 0.130811 0.991407 0
    outer loop
      vertex -62.0868 -42.4924 45
      vertex -62.0436 -42.4981 2.5
      vertex -62.0868 -42.4924 2.5
    endloop
  endfacet
  facet normal -0.130811 -0.991407 0
    outer loop
      vertex 62.0436 42.4981 2.5
      vertex 62.0868 42.4924 45
      vertex 62.0436 42.4981 45
    endloop
  endfacet
  facet normal -0.130811 -0.991407 -0
    outer loop
      vertex 62.0868 42.4924 45
      vertex 62.0436 42.4981 2.5
      vertex 62.0868 42.4924 2.5
    endloop
  endfacet
  facet normal 0.536579 -0.84385 0
    outer loop
      vertex -62.2868 42.4096 2.5
      vertex -62.25 42.433 45
      vertex -62.2868 42.4096 45
    endloop
  endfacet
  facet normal 0.536579 -0.84385 0
    outer loop
      vertex -62.25 42.433 45
      vertex -62.2868 42.4096 2.5
      vertex -62.25 42.433 2.5
    endloop
  endfacet
  facet normal 0.736297 -0.676659 0
    outer loop
      vertex -62.383 42.3214 45
      vertex -62.3535 42.3535 2.5
      vertex -62.3535 42.3535 45
    endloop
  endfacet
  facet normal 0.736297 -0.676659 0
    outer loop
      vertex -62.3535 42.3535 2.5
      vertex -62.383 42.3214 45
      vertex -62.383 42.3214 2.5
    endloop
  endfacet
  facet normal -0.991407 0.130811 0
    outer loop
      vertex 62.4924 -42.0868 2.5
      vertex 62.4981 -42.0436 45
      vertex 62.4981 -42.0436 2.5
    endloop
  endfacet
  facet normal -0.991407 0.130811 0
    outer loop
      vertex 62.4981 -42.0436 45
      vertex 62.4924 -42.0868 2.5
      vertex 62.4924 -42.0868 45
    endloop
  endfacet
  facet normal 0.886503 -0.462723 0
    outer loop
      vertex -62.4532 42.2113 45
      vertex -62.433 42.25 2.5
      vertex -62.433 42.25 45
    endloop
  endfacet
  facet normal 0.886503 -0.462723 0
    outer loop
      vertex -62.433 42.25 2.5
      vertex -62.4532 42.2113 45
      vertex -62.4532 42.2113 2.5
    endloop
  endfacet
  facet normal 0.953166 -0.302447 0
    outer loop
      vertex -62.483 42.1294 45
      vertex -62.4698 42.171 2.5
      vertex -62.4698 42.171 45
    endloop
  endfacet
  facet normal 0.953166 -0.302447 0
    outer loop
      vertex -62.4698 42.171 2.5
      vertex -62.483 42.1294 45
      vertex -62.483 42.1294 2.5
    endloop
  endfacet
  facet normal -0.924631 0.380865 0
    outer loop
      vertex 62.4532 -42.2113 2.5
      vertex 62.4698 -42.171 45
      vertex 62.4698 -42.171 2.5
    endloop
  endfacet
  facet normal -0.924631 0.380865 0
    outer loop
      vertex 62.4698 -42.171 45
      vertex 62.4532 -42.2113 2.5
      vertex 62.4532 -42.2113 45
    endloop
  endfacet
  facet normal -0.97651 0.215474 0
    outer loop
      vertex 62.483 -42.1294 2.5
      vertex 62.4924 -42.0868 45
      vertex 62.4924 -42.0868 2.5
    endloop
  endfacet
  facet normal -0.97651 0.215474 0
    outer loop
      vertex 62.4924 -42.0868 45
      vertex 62.483 -42.1294 2.5
      vertex 62.483 -42.1294 45
    endloop
  endfacet
  facet normal -0.536579 -0.84385 0
    outer loop
      vertex 62.25 42.433 2.5
      vertex 62.2868 42.4096 45
      vertex 62.25 42.433 45
    endloop
  endfacet
  facet normal -0.536579 -0.84385 -0
    outer loop
      vertex 62.2868 42.4096 45
      vertex 62.25 42.433 2.5
      vertex 62.2868 42.4096 2.5
    endloop
  endfacet
  facet normal 0.462723 -0.886503 0
    outer loop
      vertex -62.25 42.433 2.5
      vertex -62.2113 42.4532 45
      vertex -62.25 42.433 45
    endloop
  endfacet
  facet normal 0.462723 -0.886503 0
    outer loop
      vertex -62.2113 42.4532 45
      vertex -62.25 42.433 2.5
      vertex -62.2113 42.4532 2.5
    endloop
  endfacet
  facet normal -0.380865 -0.924631 0
    outer loop
      vertex 62.171 42.4698 2.5
      vertex 62.2113 42.4532 45
      vertex 62.171 42.4698 45
    endloop
  endfacet
  facet normal -0.380865 -0.924631 -0
    outer loop
      vertex 62.2113 42.4532 45
      vertex 62.171 42.4698 2.5
      vertex 62.2113 42.4532 2.5
    endloop
  endfacet
  facet normal 0.676659 -0.736297 0
    outer loop
      vertex -62.3535 42.3535 2.5
      vertex -62.3214 42.383 45
      vertex -62.3535 42.3535 45
    endloop
  endfacet
  facet normal 0.676659 -0.736297 0
    outer loop
      vertex -62.3214 42.383 45
      vertex -62.3535 42.3535 2.5
      vertex -62.3214 42.383 2.5
    endloop
  endfacet
  facet normal 0.924631 -0.380865 0
    outer loop
      vertex -62.4698 42.171 45
      vertex -62.4532 42.2113 2.5
      vertex -62.4532 42.2113 45
    endloop
  endfacet
  facet normal 0.924631 -0.380865 0
    outer loop
      vertex -62.4532 42.2113 2.5
      vertex -62.4698 42.171 45
      vertex -62.4698 42.171 2.5
    endloop
  endfacet
  facet normal 0.609489 -0.792794 0
    outer loop
      vertex -62.3214 42.383 2.5
      vertex -62.2868 42.4096 45
      vertex -62.3214 42.383 45
    endloop
  endfacet
  facet normal 0.609489 -0.792794 0
    outer loop
      vertex -62.2868 42.4096 45
      vertex -62.3214 42.383 2.5
      vertex -62.2868 42.4096 2.5
    endloop
  endfacet
  facet normal -0.886503 -0.462723 0
    outer loop
      vertex 62.4532 42.2113 2.5
      vertex 62.433 42.25 45
      vertex 62.433 42.25 2.5
    endloop
  endfacet
  facet normal -0.886503 -0.462723 0
    outer loop
      vertex 62.433 42.25 45
      vertex 62.4532 42.2113 2.5
      vertex 62.4532 42.2113 45
    endloop
  endfacet
  facet normal 0.84385 -0.536579 0
    outer loop
      vertex -62.433 42.25 45
      vertex -62.4096 42.2868 2.5
      vertex -62.4096 42.2868 45
    endloop
  endfacet
  facet normal 0.84385 -0.536579 0
    outer loop
      vertex -62.4096 42.2868 2.5
      vertex -62.433 42.25 45
      vertex -62.433 42.25 2.5
    endloop
  endfacet
  facet normal 0.924631 0.380865 0
    outer loop
      vertex -62.4532 -42.2113 45
      vertex -62.4698 -42.171 2.5
      vertex -62.4698 -42.171 45
    endloop
  endfacet
  facet normal 0.924631 0.380865 0
    outer loop
      vertex -62.4698 -42.171 2.5
      vertex -62.4532 -42.2113 45
      vertex -62.4532 -42.2113 2.5
    endloop
  endfacet
  facet normal 0.999052 0.0435367 0
    outer loop
      vertex -62.4981 -42.0436 45
      vertex -62.5 -42 2.5
      vertex -62.5 -42 45
    endloop
  endfacet
  facet normal 0.999052 0.0435367 0
    outer loop
      vertex -62.5 -42 2.5
      vertex -62.4981 -42.0436 45
      vertex -62.4981 -42.0436 2.5
    endloop
  endfacet
  facet normal 0.97651 0.215474 0
    outer loop
      vertex -62.483 -42.1294 45
      vertex -62.4924 -42.0868 2.5
      vertex -62.4924 -42.0868 45
    endloop
  endfacet
  facet normal 0.97651 0.215474 0
    outer loop
      vertex -62.4924 -42.0868 2.5
      vertex -62.483 -42.1294 45
      vertex -62.483 -42.1294 2.5
    endloop
  endfacet
  facet normal -0.609489 0.792794 0
    outer loop
      vertex 62.3214 -42.383 2.5
      vertex 62.2868 -42.4096 45
      vertex 62.3214 -42.383 45
    endloop
  endfacet
  facet normal -0.609489 0.792794 0
    outer loop
      vertex 62.2868 -42.4096 45
      vertex 62.3214 -42.383 2.5
      vertex 62.2868 -42.4096 2.5
    endloop
  endfacet
  facet normal -0.84385 -0.536579 0
    outer loop
      vertex 62.433 42.25 2.5
      vertex 62.4096 42.2868 45
      vertex 62.4096 42.2868 2.5
    endloop
  endfacet
  facet normal -0.84385 -0.536579 0
    outer loop
      vertex 62.4096 42.2868 45
      vertex 62.433 42.25 2.5
      vertex 62.433 42.25 45
    endloop
  endfacet
  facet normal -0.792794 -0.609489 0
    outer loop
      vertex 62.4096 42.2868 2.5
      vertex 62.383 42.3214 45
      vertex 62.383 42.3214 2.5
    endloop
  endfacet
  facet normal -0.792794 -0.609489 0
    outer loop
      vertex 62.383 42.3214 45
      vertex 62.4096 42.2868 2.5
      vertex 62.4096 42.2868 45
    endloop
  endfacet
  facet normal -0.676659 0.736297 0
    outer loop
      vertex 62.3535 -42.3535 2.5
      vertex 62.3214 -42.383 45
      vertex 62.3535 -42.3535 45
    endloop
  endfacet
  facet normal -0.676659 0.736297 0
    outer loop
      vertex 62.3214 -42.383 45
      vertex 62.3535 -42.3535 2.5
      vertex 62.3214 -42.383 2.5
    endloop
  endfacet
  facet normal 0.991407 0.130811 0
    outer loop
      vertex -62.4924 -42.0868 45
      vertex -62.4981 -42.0436 2.5
      vertex -62.4981 -42.0436 45
    endloop
  endfacet
  facet normal 0.991407 0.130811 0
    outer loop
      vertex -62.4981 -42.0436 2.5
      vertex -62.4924 -42.0868 45
      vertex -62.4924 -42.0868 2.5
    endloop
  endfacet
  facet normal -0.97651 -0.215474 0
    outer loop
      vertex 62.4924 42.0868 2.5
      vertex 62.483 42.1294 45
      vertex 62.483 42.1294 2.5
    endloop
  endfacet
  facet normal -0.97651 -0.215474 0
    outer loop
      vertex 62.483 42.1294 45
      vertex 62.4924 42.0868 2.5
      vertex 62.4924 42.0868 45
    endloop
  endfacet
  facet normal -0.536579 0.84385 0
    outer loop
      vertex 62.2868 -42.4096 2.5
      vertex 62.25 -42.433 45
      vertex 62.2868 -42.4096 45
    endloop
  endfacet
  facet normal -0.536579 0.84385 0
    outer loop
      vertex 62.25 -42.433 45
      vertex 62.2868 -42.4096 2.5
      vertex 62.25 -42.433 2.5
    endloop
  endfacet
  facet normal -0.999052 0.0435367 0
    outer loop
      vertex 62.4981 -42.0436 2.5
      vertex 62.5 -42 45
      vertex 62.5 -42 2.5
    endloop
  endfacet
  facet normal -0.999052 0.0435367 0
    outer loop
      vertex 62.5 -42 45
      vertex 62.4981 -42.0436 2.5
      vertex 62.4981 -42.0436 45
    endloop
  endfacet
  facet normal -0.999052 -0.0435367 0
    outer loop
      vertex 62.5 42 2.5
      vertex 62.4981 42.0436 45
      vertex 62.4981 42.0436 2.5
    endloop
  endfacet
  facet normal -0.999052 -0.0435367 0
    outer loop
      vertex 62.4981 42.0436 45
      vertex 62.5 42 2.5
      vertex 62.5 42 45
    endloop
  endfacet
  facet normal -0.302447 -0.953166 0
    outer loop
      vertex 62.1294 42.483 2.5
      vertex 62.171 42.4698 45
      vertex 62.1294 42.483 45
    endloop
  endfacet
  facet normal -0.302447 -0.953166 -0
    outer loop
      vertex 62.171 42.4698 45
      vertex 62.1294 42.483 2.5
      vertex 62.171 42.4698 2.5
    endloop
  endfacet
  facet normal -0.736297 -0.676659 0
    outer loop
      vertex 62.383 42.3214 2.5
      vertex 62.3535 42.3535 45
      vertex 62.3535 42.3535 2.5
    endloop
  endfacet
  facet normal -0.736297 -0.676659 0
    outer loop
      vertex 62.3535 42.3535 45
      vertex 62.383 42.3214 2.5
      vertex 62.383 42.3214 45
    endloop
  endfacet
  facet normal -0.953166 -0.302447 0
    outer loop
      vertex 62.483 42.1294 2.5
      vertex 62.4698 42.171 45
      vertex 62.4698 42.171 2.5
    endloop
  endfacet
  facet normal -0.953166 -0.302447 0
    outer loop
      vertex 62.4698 42.171 45
      vertex 62.483 42.1294 2.5
      vertex 62.483 42.1294 45
    endloop
  endfacet
  facet normal -0.0435367 -0.999052 0
    outer loop
      vertex 62 42.5 2.5
      vertex 62.0436 42.4981 45
      vertex 62 42.5 45
    endloop
  endfacet
  facet normal -0.0435367 -0.999052 -0
    outer loop
      vertex 62.0436 42.4981 45
      vertex 62 42.5 2.5
      vertex 62.0436 42.4981 2.5
    endloop
  endfacet
  facet normal -0.676659 -0.736297 0
    outer loop
      vertex 62.3214 42.383 2.5
      vertex 62.3535 42.3535 45
      vertex 62.3214 42.383 45
    endloop
  endfacet
  facet normal -0.676659 -0.736297 -0
    outer loop
      vertex 62.3535 42.3535 45
      vertex 62.3214 42.383 2.5
      vertex 62.3535 42.3535 2.5
    endloop
  endfacet
  facet normal -0.886503 0.462723 0
    outer loop
      vertex 62.433 -42.25 2.5
      vertex 62.4532 -42.2113 45
      vertex 62.4532 -42.2113 2.5
    endloop
  endfacet
  facet normal -0.886503 0.462723 0
    outer loop
      vertex 62.4532 -42.2113 45
      vertex 62.433 -42.25 2.5
      vertex 62.433 -42.25 45
    endloop
  endfacet
  facet normal -0.991407 -0.130811 0
    outer loop
      vertex 62.4981 42.0436 2.5
      vertex 62.4924 42.0868 45
      vertex 62.4924 42.0868 2.5
    endloop
  endfacet
  facet normal -0.991407 -0.130811 0
    outer loop
      vertex 62.4924 42.0868 45
      vertex 62.4981 42.0436 2.5
      vertex 62.4981 42.0436 45
    endloop
  endfacet
  facet normal -0.462723 0.886503 0
    outer loop
      vertex 62.25 -42.433 2.5
      vertex 62.2113 -42.4532 45
      vertex 62.25 -42.433 45
    endloop
  endfacet
  facet normal -0.462723 0.886503 0
    outer loop
      vertex 62.2113 -42.4532 45
      vertex 62.25 -42.433 2.5
      vertex 62.2113 -42.4532 2.5
    endloop
  endfacet
  facet normal -0.215474 -0.97651 0
    outer loop
      vertex 62.0868 42.4924 2.5
      vertex 62.1294 42.483 45
      vertex 62.0868 42.4924 45
    endloop
  endfacet
  facet normal -0.215474 -0.97651 -0
    outer loop
      vertex 62.1294 42.483 45
      vertex 62.0868 42.4924 2.5
      vertex 62.1294 42.483 2.5
    endloop
  endfacet
  facet normal -0 0 1
    outer loop
      vertex 62.367 -41.5075 2.5
      vertex 62.5 -42 2.5
      vertex 62.5 -41.2988 2.5
    endloop
  endfacet
  facet normal -0 0 1
    outer loop
      vertex 62.1812 -41.7498 2.5
      vertex 62.5 -42 2.5
      vertex 62.367 -41.5075 2.5
    endloop
  endfacet
  facet normal -0 0 1
    outer loop
      vertex 61.9749 -41.9749 2.5
      vertex 62.5 -42 2.5
      vertex 62.1812 -41.7498 2.5
    endloop
  endfacet
  facet normal 0 0 1
    outer loop
      vertex 62.5 -42 2.5
      vertex 61.9749 -41.9749 2.5
      vertex 62.4981 -42.0436 2.5
    endloop
  endfacet
  facet normal 0 0 1
    outer loop
      vertex 62.4981 -42.0436 2.5
      vertex 61.9749 -41.9749 2.5
      vertex 62.4924 -42.0868 2.5
    endloop
  endfacet
  facet normal 0 0 1
    outer loop
      vertex 62.4924 -42.0868 2.5
      vertex 61.9749 -41.9749 2.5
      vertex 62.483 -42.1294 2.5
    endloop
  endfacet
  facet normal 0 0 1
    outer loop
      vertex 62.483 -42.1294 2.5
      vertex 61.9749 -41.9749 2.5
      vertex 62.4698 -42.171 2.5
    endloop
  endfacet
  facet normal 0 0 1
    outer loop
      vertex 62.4698 -42.171 2.5
      vertex 61.9749 -41.9749 2.5
      vertex 62.4532 -42.2113 2.5
    endloop
  endfacet
  facet normal 0 0 1
    outer loop
      vertex 62.4532 -42.2113 2.5
      vertex 61.9749 -41.9749 2.5
      vertex 62.433 -42.25 2.5
    endloop
  endfacet
  facet normal 0 0 1
    outer loop
      vertex 62.433 -42.25 2.5
      vertex 61.9749 -41.9749 2.5
      vertex 62.4096 -42.2868 2.5
    endloop
  endfacet
  facet normal 0 0 1
    outer loop
      vertex 62.4096 -42.2868 2.5
      vertex 61.9749 -41.9749 2.5
      vertex 62.383 -42.3214 2.5
    endloop
  endfacet
  facet normal 0 0 1
    outer loop
      vertex 62.383 -42.3214 2.5
      vertex 61.9749 -41.9749 2.5
      vertex 62.3535 -42.3535 2.5
    endloop
  endfacet
  facet normal 0 0 1
    outer loop
      vertex 62.3535 -42.3535 2.5
      vertex 61.9749 -41.9749 2.5
      vertex 62.3214 -42.383 2.5
    endloop
  endfacet
  facet normal 0 0 1
    outer loop
      vertex 62.3214 -42.383 2.5
      vertex 61.9749 -41.9749 2.5
      vertex 62.2868 -42.4096 2.5
    endloop
  endfacet
  facet normal 0 0 1
    outer loop
      vertex 62.2868 -42.4096 2.5
      vertex 61.9749 -41.9749 2.5
      vertex 62.25 -42.433 2.5
    endloop
  endfacet
  facet normal 0 0 1
    outer loop
      vertex 62.25 -42.433 2.5
      vertex 61.9749 -41.9749 2.5
      vertex 62.2113 -42.4532 2.5
    endloop
  endfacet
  facet normal 0 0 1
    outer loop
      vertex 62.2113 -42.4532 2.5
      vertex 61.9749 -41.9749 2.5
      vertex 62.171 -42.4698 2.5
    endloop
  endfacet
  facet normal 0 0 1
    outer loop
      vertex 62.171 -42.4698 2.5
      vertex 61.9749 -41.9749 2.5
      vertex 62.1294 -42.483 2.5
    endloop
  endfacet
  facet normal 0 0 1
    outer loop
      vertex 62.1294 -42.483 2.5
      vertex 61.9749 -41.9749 2.5
      vertex 62.0868 -42.4924 2.5
    endloop
  endfacet
  facet normal 0 0 1
    outer loop
      vertex 62.0868 -42.4924 2.5
      vertex 61.9749 -41.9749 2.5
      vertex 62.0436 -42.4981 2.5
    endloop
  endfacet
  facet normal 0 0 1
    outer loop
      vertex 62.0436 -42.4981 2.5
      vertex 61.9749 -41.9749 2.5
      vertex 62 -42.5 2.5
    endloop
  endfacet
  facet normal -0 0 1
    outer loop
      vertex 61.7498 -42.1812 2.5
      vertex 62 -42.5 2.5
      vertex 61.9749 -41.9749 2.5
    endloop
  endfacet
  facet normal -0 0 1
    outer loop
      vertex 61.5075 -42.367 2.5
      vertex 62 -42.5 2.5
      vertex 61.7498 -42.1812 2.5
    endloop
  endfacet
  facet normal 0 0 1
    outer loop
      vertex 62 -42.5 2.5
      vertex 61.5075 -42.367 2.5
      vertex 61.2988 -42.5 2.5
    endloop
  endfacet
  facet normal -0 0 1
    outer loop
      vertex -62 42.5 2.5
      vertex -61.5075 42.367 2.5
      vertex -61.2988 42.5 2.5
    endloop
  endfacet
  facet normal 0 0 1
    outer loop
      vertex -62 42.5 2.5
      vertex -61.7498 42.1812 2.5
      vertex -61.5075 42.367 2.5
    endloop
  endfacet
  facet normal 0 0 1
    outer loop
      vertex -62 42.5 2.5
      vertex -61.9749 41.9749 2.5
      vertex -61.7498 42.1812 2.5
    endloop
  endfacet
  facet normal -0 0 1
    outer loop
      vertex -62.0436 42.4981 2.5
      vertex -61.9749 41.9749 2.5
      vertex -62 42.5 2.5
    endloop
  endfacet
  facet normal -0 0 1
    outer loop
      vertex -62.0868 42.4924 2.5
      vertex -61.9749 41.9749 2.5
      vertex -62.0436 42.4981 2.5
    endloop
  endfacet
  facet normal -0 0 1
    outer loop
      vertex -62.1294 42.483 2.5
      vertex -61.9749 41.9749 2.5
      vertex -62.0868 42.4924 2.5
    endloop
  endfacet
  facet normal -0 0 1
    outer loop
      vertex -62.171 42.4698 2.5
      vertex -61.9749 41.9749 2.5
      vertex -62.1294 42.483 2.5
    endloop
  endfacet
  facet normal -0 0 1
    outer loop
      vertex -62.2113 42.4532 2.5
      vertex -61.9749 41.9749 2.5
      vertex -62.171 42.4698 2.5
    endloop
  endfacet
  facet normal -0 0 1
    outer loop
      vertex -62.25 42.433 2.5
      vertex -61.9749 41.9749 2.5
      vertex -62.2113 42.4532 2.5
    endloop
  endfacet
  facet normal -0 0 1
    outer loop
      vertex -62.2868 42.4096 2.5
      vertex -61.9749 41.9749 2.5
      vertex -62.25 42.433 2.5
    endloop
  endfacet
  facet normal -0 0 1
    outer loop
      vertex -62.3214 42.383 2.5
      vertex -61.9749 41.9749 2.5
      vertex -62.2868 42.4096 2.5
    endloop
  endfacet
  facet normal -0 0 1
    outer loop
      vertex -62.3535 42.3535 2.5
      vertex -61.9749 41.9749 2.5
      vertex -62.3214 42.383 2.5
    endloop
  endfacet
  facet normal -0 0 1
    outer loop
      vertex -62.383 42.3214 2.5
      vertex -61.9749 41.9749 2.5
      vertex -62.3535 42.3535 2.5
    endloop
  endfacet
  facet normal -0 0 1
    outer loop
      vertex -62.4096 42.2868 2.5
      vertex -61.9749 41.9749 2.5
      vertex -62.383 42.3214 2.5
    endloop
  endfacet
  facet normal -0 0 1
    outer loop
      vertex -62.433 42.25 2.5
      vertex -61.9749 41.9749 2.5
      vertex -62.4096 42.2868 2.5
    endloop
  endfacet
  facet normal -0 0 1
    outer loop
      vertex -62.4532 42.2113 2.5
      vertex -61.9749 41.9749 2.5
      vertex -62.433 42.25 2.5
    endloop
  endfacet
  facet normal -0 0 1
    outer loop
      vertex -62.4698 42.171 2.5
      vertex -61.9749 41.9749 2.5
      vertex -62.4532 42.2113 2.5
    endloop
  endfacet
  facet normal -0 0 1
    outer loop
      vertex -62.483 42.1294 2.5
      vertex -61.9749 41.9749 2.5
      vertex -62.4698 42.171 2.5
    endloop
  endfacet
  facet normal -0 0 1
    outer loop
      vertex -62.4924 42.0868 2.5
      vertex -61.9749 41.9749 2.5
      vertex -62.483 42.1294 2.5
    endloop
  endfacet
  facet normal -0 0 1
    outer loop
      vertex -62.4981 42.0436 2.5
      vertex -61.9749 41.9749 2.5
      vertex -62.4924 42.0868 2.5
    endloop
  endfacet
  facet normal -0 0 1
    outer loop
      vertex -62.5 42 2.5
      vertex -61.9749 41.9749 2.5
      vertex -62.4981 42.0436 2.5
    endloop
  endfacet
  facet normal 0 0 1
    outer loop
      vertex -61.9749 41.9749 2.5
      vertex -62.5 42 2.5
      vertex -62.1812 41.7498 2.5
    endloop
  endfacet
  facet normal 0 0 1
    outer loop
      vertex -62.1812 41.7498 2.5
      vertex -62.5 42 2.5
      vertex -62.367 41.5075 2.5
    endloop
  endfacet
  facet normal 0 0 1
    outer loop
      vertex -62.367 41.5075 2.5
      vertex -62.5 42 2.5
      vertex -62.5 41.2988 2.5
    endloop
  endfacet
  facet normal 0 0 1
    outer loop
      vertex -61.5075 -42.367 2.5
      vertex -62 -42.5 2.5
      vertex -61.2988 -42.5 2.5
    endloop
  endfacet
  facet normal 0 0 1
    outer loop
      vertex -61.7498 -42.1812 2.5
      vertex -62 -42.5 2.5
      vertex -61.5075 -42.367 2.5
    endloop
  endfacet
  facet normal 0 0 1
    outer loop
      vertex -61.9749 -41.9749 2.5
      vertex -62 -42.5 2.5
      vertex -61.7498 -42.1812 2.5
    endloop
  endfacet
  facet normal 0 0 1
    outer loop
      vertex -61.9749 -41.9749 2.5
      vertex -62.0436 -42.4981 2.5
      vertex -62 -42.5 2.5
    endloop
  endfacet
  facet normal 0 0 1
    outer loop
      vertex -61.9749 -41.9749 2.5
      vertex -62.0868 -42.4924 2.5
      vertex -62.0436 -42.4981 2.5
    endloop
  endfacet
  facet normal 0 0 1
    outer loop
      vertex -61.9749 -41.9749 2.5
      vertex -62.1294 -42.483 2.5
      vertex -62.0868 -42.4924 2.5
    endloop
  endfacet
  facet normal 0 0 1
    outer loop
      vertex -61.9749 -41.9749 2.5
      vertex -62.171 -42.4698 2.5
      vertex -62.1294 -42.483 2.5
    endloop
  endfacet
  facet normal 0 0 1
    outer loop
      vertex -62.5 -42 2.5
      vertex -61.9749 -41.9749 2.5
      vertex -62.1812 -41.7498 2.5
    endloop
  endfacet
  facet normal 0 0 1
    outer loop
      vertex -61.9749 -41.9749 2.5
      vertex -62.2113 -42.4532 2.5
      vertex -62.171 -42.4698 2.5
    endloop
  endfacet
  facet normal 0 0 1
    outer loop
      vertex -61.9749 -41.9749 2.5
      vertex -62.25 -42.433 2.5
      vertex -62.2113 -42.4532 2.5
    endloop
  endfacet
  facet normal 0 0 1
    outer loop
      vertex -61.9749 -41.9749 2.5
      vertex -62.2868 -42.4096 2.5
      vertex -62.25 -42.433 2.5
    endloop
  endfacet
  facet normal 0 0 1
    outer loop
      vertex -61.9749 -41.9749 2.5
      vertex -62.3214 -42.383 2.5
      vertex -62.2868 -42.4096 2.5
    endloop
  endfacet
  facet normal 0 0 1
    outer loop
      vertex -61.9749 -41.9749 2.5
      vertex -62.3535 -42.3535 2.5
      vertex -62.3214 -42.383 2.5
    endloop
  endfacet
  facet normal 0 0 1
    outer loop
      vertex -62.5 -42 2.5
      vertex -62.1812 -41.7498 2.5
      vertex -62.367 -41.5075 2.5
    endloop
  endfacet
  facet normal 0 0 1
    outer loop
      vertex -61.9749 -41.9749 2.5
      vertex -62.5 -42 2.5
      vertex -62.4981 -42.0436 2.5
    endloop
  endfacet
  facet normal 0 0 1
    outer loop
      vertex -61.9749 -41.9749 2.5
      vertex -62.383 -42.3214 2.5
      vertex -62.3535 -42.3535 2.5
    endloop
  endfacet
  facet normal 0 0 1
    outer loop
      vertex -61.9749 -41.9749 2.5
      vertex -62.4096 -42.2868 2.5
      vertex -62.383 -42.3214 2.5
    endloop
  endfacet
  facet normal 0 0 1
    outer loop
      vertex -61.9749 -41.9749 2.5
      vertex -62.433 -42.25 2.5
      vertex -62.4096 -42.2868 2.5
    endloop
  endfacet
  facet normal 0 0 1
    outer loop
      vertex -61.9749 -41.9749 2.5
      vertex -62.4532 -42.2113 2.5
      vertex -62.433 -42.25 2.5
    endloop
  endfacet
  facet normal 0 0 1
    outer loop
      vertex -61.9749 -41.9749 2.5
      vertex -62.4698 -42.171 2.5
      vertex -62.4532 -42.2113 2.5
    endloop
  endfacet
  facet normal 0 0 1
    outer loop
      vertex -61.9749 -41.9749 2.5
      vertex -62.483 -42.1294 2.5
      vertex -62.4698 -42.171 2.5
    endloop
  endfacet
  facet normal 0 0 1
    outer loop
      vertex -61.9749 -41.9749 2.5
      vertex -62.4924 -42.0868 2.5
      vertex -62.483 -42.1294 2.5
    endloop
  endfacet
  facet normal 0 0 1
    outer loop
      vertex -62.5 -42 2.5
      vertex -62.367 -41.5075 2.5
      vertex -62.5 -41.2988 2.5
    endloop
  endfacet
  facet normal 0 0 1
    outer loop
      vertex -61.9749 -41.9749 2.5
      vertex -62.4981 -42.0436 2.5
      vertex -62.4924 -42.0868 2.5
    endloop
  endfacet
  facet normal 0 0 1
    outer loop
      vertex 61.9749 41.9749 2.5
      vertex 62.5 42 2.5
      vertex 62.4981 42.0436 2.5
    endloop
  endfacet
  facet normal 0 0 1
    outer loop
      vertex 61.9749 41.9749 2.5
      vertex 62.4981 42.0436 2.5
      vertex 62.4924 42.0868 2.5
    endloop
  endfacet
  facet normal 0 0 1
    outer loop
      vertex 61.9749 41.9749 2.5
      vertex 62.4924 42.0868 2.5
      vertex 62.483 42.1294 2.5
    endloop
  endfacet
  facet normal 0 0 1
    outer loop
      vertex 61.9749 41.9749 2.5
      vertex 62.483 42.1294 2.5
      vertex 62.4698 42.171 2.5
    endloop
  endfacet
  facet normal 0 0 1
    outer loop
      vertex 61.9749 41.9749 2.5
      vertex 62.4698 42.171 2.5
      vertex 62.4532 42.2113 2.5
    endloop
  endfacet
  facet normal 0 0 1
    outer loop
      vertex 61.9749 41.9749 2.5
      vertex 62.4532 42.2113 2.5
      vertex 62.433 42.25 2.5
    endloop
  endfacet
  facet normal 0 0 1
    outer loop
      vertex 61.9749 41.9749 2.5
      vertex 62.433 42.25 2.5
      vertex 62.4096 42.2868 2.5
    endloop
  endfacet
  facet normal 0 0 1
    outer loop
      vertex 61.9749 41.9749 2.5
      vertex 62.4096 42.2868 2.5
      vertex 62.383 42.3214 2.5
    endloop
  endfacet
  facet normal 0 0 1
    outer loop
      vertex 62.5 42 2.5
      vertex 62.367 41.5075 2.5
      vertex 62.5 41.2988 2.5
    endloop
  endfacet
  facet normal 0 0 1
    outer loop
      vertex 61.9749 41.9749 2.5
      vertex 62.383 42.3214 2.5
      vertex 62.3535 42.3535 2.5
    endloop
  endfacet
  facet normal 0 0 1
    outer loop
      vertex 61.9749 41.9749 2.5
      vertex 62.3535 42.3535 2.5
      vertex 62.3214 42.383 2.5
    endloop
  endfacet
  facet normal 0 0 1
    outer loop
      vertex 61.9749 41.9749 2.5
      vertex 62.3214 42.383 2.5
      vertex 62.2868 42.4096 2.5
    endloop
  endfacet
  facet normal 0 0 1
    outer loop
      vertex 61.9749 41.9749 2.5
      vertex 62.2868 42.4096 2.5
      vertex 62.25 42.433 2.5
    endloop
  endfacet
  facet normal 0 0 1
    outer loop
      vertex 61.9749 41.9749 2.5
      vertex 62.25 42.433 2.5
      vertex 62.2113 42.4532 2.5
    endloop
  endfacet
  facet normal 0 0 1
    outer loop
      vertex 62.5 42 2.5
      vertex 62.1812 41.7498 2.5
      vertex 62.367 41.5075 2.5
    endloop
  endfacet
  facet normal 0 0 1
    outer loop
      vertex 61.9749 41.9749 2.5
      vertex 62.2113 42.4532 2.5
      vertex 62.171 42.4698 2.5
    endloop
  endfacet
  facet normal 0 0 1
    outer loop
      vertex 61.9749 41.9749 2.5
      vertex 62.171 42.4698 2.5
      vertex 62.1294 42.483 2.5
    endloop
  endfacet
  facet normal 0 0 1
    outer loop
      vertex 61.9749 41.9749 2.5
      vertex 62.1294 42.483 2.5
      vertex 62.0868 42.4924 2.5
    endloop
  endfacet
  facet normal 0 0 1
    outer loop
      vertex 61.9749 41.9749 2.5
      vertex 62.0868 42.4924 2.5
      vertex 62.0436 42.4981 2.5
    endloop
  endfacet
  facet normal 0 0 1
    outer loop
      vertex 61.9749 41.9749 2.5
      vertex 62.0436 42.4981 2.5
      vertex 62 42.5 2.5
    endloop
  endfacet
  facet normal 0 0 1
    outer loop
      vertex 62.5 42 2.5
      vertex 61.9749 41.9749 2.5
      vertex 62.1812 41.7498 2.5
    endloop
  endfacet
  facet normal 0 0 1
    outer loop
      vertex 62 42.5 2.5
      vertex 61.7498 42.1812 2.5
      vertex 61.9749 41.9749 2.5
    endloop
  endfacet
  facet normal 0 0 1
    outer loop
      vertex 62 42.5 2.5
      vertex 61.5075 42.367 2.5
      vertex 61.7498 42.1812 2.5
    endloop
  endfacet
  facet normal 0 -0 1
    outer loop
      vertex 61.5075 42.367 2.5
      vertex 62 42.5 2.5
      vertex 61.2988 42.5 2.5
    endloop
  endfacet
  facet normal -0 0 1
    outer loop
      vertex -57.4925 36.633 2.5
      vertex -34.5757 23.2778 2.5
      vertex -57.2502 36.8188 2.5
    endloop
  endfacet
  facet normal 0 0 1
    outer loop
      vertex -34.3856 -22.2 2.5
      vertex -56.0133 -39.195 2.5
      vertex -56 -39.5 2.5
    endloop
  endfacet
  facet normal 0 0 1
    outer loop
      vertex -34.5757 23.2778 2.5
      vertex -57.4925 36.633 2.5
      vertex -34.5939 23.1395 2.5
    endloop
  endfacet
  facet normal 0 0 1
    outer loop
      vertex -34.3856 -22.2 2.5
      vertex -56.0532 -38.8922 2.5
      vertex -56.0133 -39.195 2.5
    endloop
  endfacet
  facet normal -0 0 1
    outer loop
      vertex -57.75 36.4689 2.5
      vertex -34.5939 23.1395 2.5
      vertex -57.4925 36.633 2.5
    endloop
  endfacet
  facet normal 0 0 1
    outer loop
      vertex -34.3856 -22.2 2.5
      vertex -56.1193 -38.5941 2.5
      vertex -56.0532 -38.8922 2.5
    endloop
  endfacet
  facet normal 0 0 1
    outer loop
      vertex -34.5939 23.1395 2.5
      vertex -57.75 36.4689 2.5
      vertex -34.6 23 2.5
    endloop
  endfacet
  facet normal 0 0 1
    outer loop
      vertex -34.3856 -22.2 2.5
      vertex -56.2111 -38.3029 2.5
      vertex -56.1193 -38.5941 2.5
    endloop
  endfacet
  facet normal 0 0 1
    outer loop
      vertex -34.6 23 2.5
      vertex -57.75 36.4689 2.5
      vertex -34.5939 22.8605 2.5
    endloop
  endfacet
  facet normal 0 0 1
    outer loop
      vertex -34.3856 -22.2 2.5
      vertex -56.3279 -38.0208 2.5
      vertex -56.2111 -38.3029 2.5
    endloop
  endfacet
  facet normal -0 0 1
    outer loop
      vertex -58.0208 36.3279 2.5
      vertex -34.5939 22.8605 2.5
      vertex -57.75 36.4689 2.5
    endloop
  endfacet
  facet normal 0 0 1
    outer loop
      vertex -34.3856 -22.2 2.5
      vertex -56.4689 -37.75 2.5
      vertex -56.3279 -38.0208 2.5
    endloop
  endfacet
  facet normal 0 0 1
    outer loop
      vertex -34.5939 22.8605 2.5
      vertex -58.0208 36.3279 2.5
      vertex -34.5757 22.7222 2.5
    endloop
  endfacet
  facet normal 0 0 1
    outer loop
      vertex -34.3856 -22.2 2.5
      vertex -56.633 -37.4925 2.5
      vertex -56.4689 -37.75 2.5
    endloop
  endfacet
  facet normal -0 0 1
    outer loop
      vertex -58.3029 36.2111 2.5
      vertex -34.5757 22.7222 2.5
      vertex -58.0208 36.3279 2.5
    endloop
  endfacet
  facet normal 0 0 1
    outer loop
      vertex -34.3856 -22.2 2.5
      vertex -56.8188 -37.2502 2.5
      vertex -56.633 -37.4925 2.5
    endloop
  endfacet
  facet normal 0 0 1
    outer loop
      vertex -34.5757 22.7222 2.5
      vertex -58.3029 36.2111 2.5
      vertex -34.5455 22.5859 2.5
    endloop
  endfacet
  facet normal 0 0 1
    outer loop
      vertex -34.3856 -22.2 2.5
      vertex -57.0251 -37.0251 2.5
      vertex -56.8188 -37.2502 2.5
    endloop
  endfacet
  facet normal -0 0 1
    outer loop
      vertex -58.5941 36.1193 2.5
      vertex -34.5455 22.5859 2.5
      vertex -58.3029 36.2111 2.5
    endloop
  endfacet
  facet normal 0 0 1
    outer loop
      vertex -34.3856 -22.2 2.5
      vertex -57.2502 -36.8188 2.5
      vertex -57.0251 -37.0251 2.5
    endloop
  endfacet
  facet normal 0 0 1
    outer loop
      vertex -34.5455 22.5859 2.5
      vertex -58.5941 36.1193 2.5
      vertex -34.5035 22.4528 2.5
    endloop
  endfacet
  facet normal 0 0 1
    outer loop
      vertex -34.3856 -22.2 2.5
      vertex -57.4925 -36.633 2.5
      vertex -57.2502 -36.8188 2.5
    endloop
  endfacet
  facet normal -0 0 1
    outer loop
      vertex -58.8922 36.0532 2.5
      vertex -34.5035 22.4528 2.5
      vertex -58.5941 36.1193 2.5
    endloop
  endfacet
  facet normal 0 0 1
    outer loop
      vertex -34.3856 -22.2 2.5
      vertex -57.75 -36.4689 2.5
      vertex -57.4925 -36.633 2.5
    endloop
  endfacet
  facet normal 0 0 1
    outer loop
      vertex -34.5035 22.4528 2.5
      vertex -58.8922 36.0532 2.5
      vertex -34.4501 22.3238 2.5
    endloop
  endfacet
  facet normal 0 0 1
    outer loop
      vertex -34.3856 -22.2 2.5
      vertex -58.0208 -36.3279 2.5
      vertex -57.75 -36.4689 2.5
    endloop
  endfacet
  facet normal -0 0 1
    outer loop
      vertex -59.195 36.0133 2.5
      vertex -34.4501 22.3238 2.5
      vertex -58.8922 36.0532 2.5
    endloop
  endfacet
  facet normal 0 0 1
    outer loop
      vertex -34.3856 -22.2 2.5
      vertex -58.3029 -36.2111 2.5
      vertex -58.0208 -36.3279 2.5
    endloop
  endfacet
  facet normal 0 0 1
    outer loop
      vertex -34.4501 22.3238 2.5
      vertex -59.195 36.0133 2.5
      vertex -34.3856 22.2 2.5
    endloop
  endfacet
  facet normal 0 0 1
    outer loop
      vertex -34.3856 -22.2 2.5
      vertex -58.5941 -36.1193 2.5
      vertex -58.3029 -36.2111 2.5
    endloop
  endfacet
  facet normal -0 0 1
    outer loop
      vertex -59.5 36 2.5
      vertex -34.3856 22.2 2.5
      vertex -59.195 36.0133 2.5
    endloop
  endfacet
  facet normal 0 0 1
    outer loop
      vertex -34.3856 -22.2 2.5
      vertex -58.8922 -36.0532 2.5
      vertex -58.5941 -36.1193 2.5
    endloop
  endfacet
  facet normal 0 0 1
    outer loop
      vertex -59.805 36.0133 2.5
      vertex -34.3856 22.2 2.5
      vertex -59.5 36 2.5
    endloop
  endfacet
  facet normal 0 0 1
    outer loop
      vertex -34.3856 -22.2 2.5
      vertex -59.195 -36.0133 2.5
      vertex -58.8922 -36.0532 2.5
    endloop
  endfacet
  facet normal 0 0 1
    outer loop
      vertex -34.3856 22.2 2.5
      vertex -59.805 36.0133 2.5
      vertex -34.3856 -22.2 2.5
    endloop
  endfacet
  facet normal 0 0 1
    outer loop
      vertex -34.3856 -22.2 2.5
      vertex -59.5 -36 2.5
      vertex -59.195 -36.0133 2.5
    endloop
  endfacet
  facet normal 0 0 1
    outer loop
      vertex -59.805 -36.0133 2.5
      vertex -34.3856 -22.2 2.5
      vertex -59.805 36.0133 2.5
    endloop
  endfacet
  facet normal 0 0 1
    outer loop
      vertex -34.3856 -22.2 2.5
      vertex -59.805 -36.0133 2.5
      vertex -59.5 -36 2.5
    endloop
  endfacet
  facet normal 0 0 1
    outer loop
      vertex -60.1078 36.0532 2.5
      vertex -59.805 -36.0133 2.5
      vertex -59.805 36.0133 2.5
    endloop
  endfacet
  facet normal 0 0 1
    outer loop
      vertex -60.1078 36.0532 2.5
      vertex -60.1078 -36.0532 2.5
      vertex -59.805 -36.0133 2.5
    endloop
  endfacet
  facet normal 0 0 1
    outer loop
      vertex -60.4059 36.1193 2.5
      vertex -60.1078 -36.0532 2.5
      vertex -60.1078 36.0532 2.5
    endloop
  endfacet
  facet normal 0 0 1
    outer loop
      vertex -60.4059 36.1193 2.5
      vertex -60.4059 -36.1193 2.5
      vertex -60.1078 -36.0532 2.5
    endloop
  endfacet
  facet normal 0 0 1
    outer loop
      vertex -60.6971 36.2111 2.5
      vertex -60.4059 -36.1193 2.5
      vertex -60.4059 36.1193 2.5
    endloop
  endfacet
  facet normal 0 0 1
    outer loop
      vertex -60.6971 36.2111 2.5
      vertex -60.6971 -36.2111 2.5
      vertex -60.4059 -36.1193 2.5
    endloop
  endfacet
  facet normal 0 0 1
    outer loop
      vertex -60.9792 36.3279 2.5
      vertex -60.6971 -36.2111 2.5
      vertex -60.6971 36.2111 2.5
    endloop
  endfacet
  facet normal 0 0 1
    outer loop
      vertex -60.9792 36.3279 2.5
      vertex -60.9792 -36.3279 2.5
      vertex -60.6971 -36.2111 2.5
    endloop
  endfacet
  facet normal 0 0 1
    outer loop
      vertex -61.25 36.4689 2.5
      vertex -60.9792 -36.3279 2.5
      vertex -60.9792 36.3279 2.5
    endloop
  endfacet
  facet normal 0 0 1
    outer loop
      vertex -61.25 36.4689 2.5
      vertex -61.25 -36.4689 2.5
      vertex -60.9792 -36.3279 2.5
    endloop
  endfacet
  facet normal 0 0 1
    outer loop
      vertex -61.5075 36.633 2.5
      vertex -61.25 -36.4689 2.5
      vertex -61.25 36.4689 2.5
    endloop
  endfacet
  facet normal 0 0 1
    outer loop
      vertex -61.5075 36.633 2.5
      vertex -61.5075 -36.633 2.5
      vertex -61.25 -36.4689 2.5
    endloop
  endfacet
  facet normal 0 0 1
    outer loop
      vertex -61.7498 36.8188 2.5
      vertex -61.5075 -36.633 2.5
      vertex -61.5075 36.633 2.5
    endloop
  endfacet
  facet normal 0 0 1
    outer loop
      vertex -61.7498 36.8188 2.5
      vertex -61.7498 -36.8188 2.5
      vertex -61.5075 -36.633 2.5
    endloop
  endfacet
  facet normal 0 0 1
    outer loop
      vertex -61.9749 37.0251 2.5
      vertex -61.7498 -36.8188 2.5
      vertex -61.7498 36.8188 2.5
    endloop
  endfacet
  facet normal 0 0 1
    outer loop
      vertex -61.9749 37.0251 2.5
      vertex -61.9749 -37.0251 2.5
      vertex -61.7498 -36.8188 2.5
    endloop
  endfacet
  facet normal 0 0 1
    outer loop
      vertex -62.1812 37.2502 2.5
      vertex -61.9749 -37.0251 2.5
      vertex -61.9749 37.0251 2.5
    endloop
  endfacet
  facet normal 0 0 1
    outer loop
      vertex -62.1812 37.2502 2.5
      vertex -62.1812 -37.2502 2.5
      vertex -61.9749 -37.0251 2.5
    endloop
  endfacet
  facet normal 0 0 1
    outer loop
      vertex -62.367 37.4925 2.5
      vertex -62.1812 -37.2502 2.5
      vertex -62.1812 37.2502 2.5
    endloop
  endfacet
  facet normal 0 0 1
    outer loop
      vertex -62.367 37.4925 2.5
      vertex -62.367 -37.4925 2.5
      vertex -62.1812 -37.2502 2.5
    endloop
  endfacet
  facet normal 0 0 1
    outer loop
      vertex -62.5 37.7012 2.5
      vertex -62.367 -37.4925 2.5
      vertex -62.367 37.4925 2.5
    endloop
  endfacet
  facet normal 0 0 1
    outer loop
      vertex -62.367 -37.4925 2.5
      vertex -62.5 37.7012 2.5
      vertex -62.5 -37.7012 2.5
    endloop
  endfacet
  facet normal 0 0 1
    outer loop
      vertex -31.5499 22.3238 2.5
      vertex 31.5499 22.3238 2.5
      vertex -31.4965 22.4528 2.5
    endloop
  endfacet
  facet normal 0 0 1
    outer loop
      vertex 31.6894 -22.0823 2.5
      vertex -31.4061 -22.8605 2.5
      vertex -31.4 -23 2.5
    endloop
  endfacet
  facet normal 0 0 1
    outer loop
      vertex 31.5499 22.3238 2.5
      vertex -31.5499 22.3238 2.5
      vertex 31.6144 22.2 2.5
    endloop
  endfacet
  facet normal 0 0 1
    outer loop
      vertex 31.6894 -22.0823 2.5
      vertex -31.4243 -22.7222 2.5
      vertex -31.4061 -22.8605 2.5
    endloop
  endfacet
  facet normal 0 0 1
    outer loop
      vertex -31.6144 22.2 2.5
      vertex 31.6144 22.2 2.5
      vertex -31.5499 22.3238 2.5
    endloop
  endfacet
  facet normal 0 0 1
    outer loop
      vertex 31.6894 -22.0823 2.5
      vertex -31.4545 -22.5859 2.5
      vertex -31.4243 -22.7222 2.5
    endloop
  endfacet
  facet normal 0 0 1
    outer loop
      vertex 31.6144 22.2 2.5
      vertex -31.6144 22.2 2.5
      vertex 31.6894 22.0823 2.5
    endloop
  endfacet
  facet normal 0 0 1
    outer loop
      vertex 31.6894 -22.0823 2.5
      vertex -31.4965 -22.4528 2.5
      vertex -31.4545 -22.5859 2.5
    endloop
  endfacet
  facet normal 0 0 1
    outer loop
      vertex -31.6894 22.0823 2.5
      vertex 31.6894 22.0823 2.5
      vertex -31.6144 22.2 2.5
    endloop
  endfacet
  facet normal 0 0 1
    outer loop
      vertex 31.6894 -22.0823 2.5
      vertex -31.5499 -22.3238 2.5
      vertex -31.4965 -22.4528 2.5
    endloop
  endfacet
  facet normal 0 0 1
    outer loop
      vertex 31.6894 22.0823 2.5
      vertex -31.6894 22.0823 2.5
      vertex 31.6894 -22.0823 2.5
    endloop
  endfacet
  facet normal 0 0 1
    outer loop
      vertex 31.6894 -22.0823 2.5
      vertex -31.6144 -22.2 2.5
      vertex -31.5499 -22.3238 2.5
    endloop
  endfacet
  facet normal 0 0 1
    outer loop
      vertex -31.6894 -22.0823 2.5
      vertex 31.6894 -22.0823 2.5
      vertex -31.6894 22.0823 2.5
    endloop
  endfacet
  facet normal 0 0 1
    outer loop
      vertex 31.6894 -22.0823 2.5
      vertex -31.6894 -22.0823 2.5
      vertex -31.6144 -22.2 2.5
    endloop
  endfacet
  facet normal -0 0 1
    outer loop
      vertex -31.7743 21.9715 2.5
      vertex -31.6894 -22.0823 2.5
      vertex -31.6894 22.0823 2.5
    endloop
  endfacet
  facet normal 0 0 1
    outer loop
      vertex -31.7743 21.9715 2.5
      vertex -31.7743 -21.9715 2.5
      vertex -31.6894 -22.0823 2.5
    endloop
  endfacet
  facet normal -0 0 1
    outer loop
      vertex -31.8686 21.8686 2.5
      vertex -31.7743 -21.9715 2.5
      vertex -31.7743 21.9715 2.5
    endloop
  endfacet
  facet normal 0 0 1
    outer loop
      vertex -31.8686 21.8686 2.5
      vertex -31.8686 -21.8686 2.5
      vertex -31.7743 -21.9715 2.5
    endloop
  endfacet
  facet normal -0 0 1
    outer loop
      vertex -31.9715 21.7743 2.5
      vertex -31.8686 -21.8686 2.5
      vertex -31.8686 21.8686 2.5
    endloop
  endfacet
  facet normal 0 0 1
    outer loop
      vertex -31.9715 21.7743 2.5
      vertex -31.9715 -21.7743 2.5
      vertex -31.8686 -21.8686 2.5
    endloop
  endfacet
  facet normal -0 0 1
    outer loop
      vertex -32.0823 21.6894 2.5
      vertex -31.9715 -21.7743 2.5
      vertex -31.9715 21.7743 2.5
    endloop
  endfacet
  facet normal 0 0 1
    outer loop
      vertex -32.0823 21.6894 2.5
      vertex -32.0823 -21.6894 2.5
      vertex -31.9715 -21.7743 2.5
    endloop
  endfacet
  facet normal -0 0 1
    outer loop
      vertex -32.2 21.6144 2.5
      vertex -32.0823 -21.6894 2.5
      vertex -32.0823 21.6894 2.5
    endloop
  endfacet
  facet normal 0 0 1
    outer loop
      vertex -32.2 21.6144 2.5
      vertex -32.2 -21.6144 2.5
      vertex -32.0823 -21.6894 2.5
    endloop
  endfacet
  facet normal -0 0 1
    outer loop
      vertex -32.3238 21.5499 2.5
      vertex -32.2 -21.6144 2.5
      vertex -32.2 21.6144 2.5
    endloop
  endfacet
  facet normal 0 0 1
    outer loop
      vertex -32.3238 21.5499 2.5
      vertex -32.3238 -21.5499 2.5
      vertex -32.2 -21.6144 2.5
    endloop
  endfacet
  facet normal -0 0 1
    outer loop
      vertex -32.4528 21.4965 2.5
      vertex -32.3238 -21.5499 2.5
      vertex -32.3238 21.5499 2.5
    endloop
  endfacet
  facet normal 0 0 1
    outer loop
      vertex -32.4528 21.4965 2.5
      vertex -32.4528 -21.4965 2.5
      vertex -32.3238 -21.5499 2.5
    endloop
  endfacet
  facet normal -0 0 1
    outer loop
      vertex -32.5859 21.4545 2.5
      vertex -32.4528 -21.4965 2.5
      vertex -32.4528 21.4965 2.5
    endloop
  endfacet
  facet normal 0 0 1
    outer loop
      vertex -32.5859 21.4545 2.5
      vertex -32.5859 -21.4545 2.5
      vertex -32.4528 -21.4965 2.5
    endloop
  endfacet
  facet normal -0 0 1
    outer loop
      vertex -32.7222 21.4243 2.5
      vertex -32.5859 -21.4545 2.5
      vertex -32.5859 21.4545 2.5
    endloop
  endfacet
  facet normal 0 0 1
    outer loop
      vertex -32.7222 21.4243 2.5
      vertex -32.7222 -21.4243 2.5
      vertex -32.5859 -21.4545 2.5
    endloop
  endfacet
  facet normal -0 0 1
    outer loop
      vertex -32.8605 21.4061 2.5
      vertex -32.7222 -21.4243 2.5
      vertex -32.7222 21.4243 2.5
    endloop
  endfacet
  facet normal 0 0 1
    outer loop
      vertex -32.8605 21.4061 2.5
      vertex -32.8605 -21.4061 2.5
      vertex -32.7222 -21.4243 2.5
    endloop
  endfacet
  facet normal -0 0 1
    outer loop
      vertex -33 21.4 2.5
      vertex -32.8605 -21.4061 2.5
      vertex -32.8605 21.4061 2.5
    endloop
  endfacet
  facet normal 0 0 1
    outer loop
      vertex -33 21.4 2.5
      vertex -33 -21.4 2.5
      vertex -32.8605 -21.4061 2.5
    endloop
  endfacet
  facet normal 0 0 1
    outer loop
      vertex -33.1395 21.4061 2.5
      vertex -33 -21.4 2.5
      vertex -33 21.4 2.5
    endloop
  endfacet
  facet normal 0 0 1
    outer loop
      vertex -33.1395 21.4061 2.5
      vertex -33.1395 -21.4061 2.5
      vertex -33 -21.4 2.5
    endloop
  endfacet
  facet normal 0 0 1
    outer loop
      vertex -33.2778 21.4243 2.5
      vertex -33.1395 -21.4061 2.5
      vertex -33.1395 21.4061 2.5
    endloop
  endfacet
  facet normal 0 0 1
    outer loop
      vertex -33.2778 21.4243 2.5
      vertex -33.2778 -21.4243 2.5
      vertex -33.1395 -21.4061 2.5
    endloop
  endfacet
  facet normal 0 0 1
    outer loop
      vertex -33.4141 21.4545 2.5
      vertex -33.2778 -21.4243 2.5
      vertex -33.2778 21.4243 2.5
    endloop
  endfacet
  facet normal 0 0 1
    outer loop
      vertex -33.4141 21.4545 2.5
      vertex -33.4141 -21.4545 2.5
      vertex -33.2778 -21.4243 2.5
    endloop
  endfacet
  facet normal 0 0 1
    outer loop
      vertex -33.5472 21.4965 2.5
      vertex -33.4141 -21.4545 2.5
      vertex -33.4141 21.4545 2.5
    endloop
  endfacet
  facet normal 0 0 1
    outer loop
      vertex -33.5472 21.4965 2.5
      vertex -33.5472 -21.4965 2.5
      vertex -33.4141 -21.4545 2.5
    endloop
  endfacet
  facet normal 0 0 1
    outer loop
      vertex -33.6762 21.5499 2.5
      vertex -33.5472 -21.4965 2.5
      vertex -33.5472 21.4965 2.5
    endloop
  endfacet
  facet normal 0 0 1
    outer loop
      vertex -33.6762 21.5499 2.5
      vertex -33.6762 -21.5499 2.5
      vertex -33.5472 -21.4965 2.5
    endloop
  endfacet
  facet normal 0 0 1
    outer loop
      vertex -33.8 21.6144 2.5
      vertex -33.6762 -21.5499 2.5
      vertex -33.6762 21.5499 2.5
    endloop
  endfacet
  facet normal 0 0 1
    outer loop
      vertex -33.8 21.6144 2.5
      vertex -33.8 -21.6144 2.5
      vertex -33.6762 -21.5499 2.5
    endloop
  endfacet
  facet normal 0 0 1
    outer loop
      vertex -33.9177 21.6894 2.5
      vertex -33.8 -21.6144 2.5
      vertex -33.8 21.6144 2.5
    endloop
  endfacet
  facet normal 0 0 1
    outer loop
      vertex -33.9177 21.6894 2.5
      vertex -33.9177 -21.6894 2.5
      vertex -33.8 -21.6144 2.5
    endloop
  endfacet
  facet normal 0 0 1
    outer loop
      vertex -34.0285 21.7743 2.5
      vertex -33.9177 -21.6894 2.5
      vertex -33.9177 21.6894 2.5
    endloop
  endfacet
  facet normal 0 0 1
    outer loop
      vertex -34.0285 21.7743 2.5
      vertex -34.0285 -21.7743 2.5
      vertex -33.9177 -21.6894 2.5
    endloop
  endfacet
  facet normal 0 0 1
    outer loop
      vertex -34.1314 21.8686 2.5
      vertex -34.0285 -21.7743 2.5
      vertex -34.0285 21.7743 2.5
    endloop
  endfacet
  facet normal 0 0 1
    outer loop
      vertex -34.1314 21.8686 2.5
      vertex -34.1314 -21.8686 2.5
      vertex -34.0285 -21.7743 2.5
    endloop
  endfacet
  facet normal 0 0 1
    outer loop
      vertex -34.2257 21.9715 2.5
      vertex -34.1314 -21.8686 2.5
      vertex -34.1314 21.8686 2.5
    endloop
  endfacet
  facet normal 0 0 1
    outer loop
      vertex -34.2257 21.9715 2.5
      vertex -34.2257 -21.9715 2.5
      vertex -34.1314 -21.8686 2.5
    endloop
  endfacet
  facet normal 0 0 1
    outer loop
      vertex -34.3106 22.0823 2.5
      vertex -34.2257 -21.9715 2.5
      vertex -34.2257 21.9715 2.5
    endloop
  endfacet
  facet normal 0 0 1
    outer loop
      vertex -34.3106 22.0823 2.5
      vertex -34.3106 -22.0823 2.5
      vertex -34.2257 -21.9715 2.5
    endloop
  endfacet
  facet normal 0 0 1
    outer loop
      vertex -34.3856 22.2 2.5
      vertex -34.3106 -22.0823 2.5
      vertex -34.3106 22.0823 2.5
    endloop
  endfacet
  facet normal 0 0 1
    outer loop
      vertex -34.3856 22.2 2.5
      vertex -34.3856 -22.2 2.5
      vertex -34.3106 -22.0823 2.5
    endloop
  endfacet
  facet normal 0 0 1
    outer loop
      vertex -34.5035 23.5472 2.5
      vertex -57.0251 37.0251 2.5
      vertex -34.5455 23.4141 2.5
    endloop
  endfacet
  facet normal -0 0 1
    outer loop
      vertex -57.2502 36.8188 2.5
      vertex -34.5455 23.4141 2.5
      vertex -57.0251 37.0251 2.5
    endloop
  endfacet
  facet normal -0 0 1
    outer loop
      vertex -57.0251 37.0251 2.5
      vertex -34.5035 23.5472 2.5
      vertex -56.8188 37.2502 2.5
    endloop
  endfacet
  facet normal 0 0 1
    outer loop
      vertex -34.5455 23.4141 2.5
      vertex -57.2502 36.8188 2.5
      vertex -34.5757 23.2778 2.5
    endloop
  endfacet
  facet normal 0 0 1
    outer loop
      vertex -34.4501 23.6762 2.5
      vertex -56.8188 37.2502 2.5
      vertex -34.5035 23.5472 2.5
    endloop
  endfacet
  facet normal 0 0 1
    outer loop
      vertex -34.3856 -22.2 2.5
      vertex -56 -39.5 2.5
      vertex -34.4501 -22.3238 2.5
    endloop
  endfacet
  facet normal -0 0 1
    outer loop
      vertex -56.8188 37.2502 2.5
      vertex -34.4501 23.6762 2.5
      vertex -56.633 37.4925 2.5
    endloop
  endfacet
  facet normal 0 0 1
    outer loop
      vertex -34.4501 -22.3238 2.5
      vertex -56 -39.5 2.5
      vertex -34.5035 -22.4528 2.5
    endloop
  endfacet
  facet normal 0 0 1
    outer loop
      vertex -34.3856 23.8 2.5
      vertex -56.633 37.4925 2.5
      vertex -34.4501 23.6762 2.5
    endloop
  endfacet
  facet normal 0 0 1
    outer loop
      vertex -34.5035 -22.4528 2.5
      vertex -56 -39.5 2.5
      vertex -34.5455 -22.5859 2.5
    endloop
  endfacet
  facet normal -0 0 1
    outer loop
      vertex -56.633 37.4925 2.5
      vertex -34.3856 23.8 2.5
      vertex -56.4689 37.75 2.5
    endloop
  endfacet
  facet normal 0 0 1
    outer loop
      vertex -34.5455 -22.5859 2.5
      vertex -56 -39.5 2.5
      vertex -34.5757 -22.7222 2.5
    endloop
  endfacet
  facet normal 0 0 1
    outer loop
      vertex 58.8922 36.0532 2.5
      vertex 34.4501 22.3238 2.5
      vertex 59.195 36.0133 2.5
    endloop
  endfacet
  facet normal 0 0 1
    outer loop
      vertex 59.805 -36.0133 2.5
      vertex 34.5939 -22.8605 2.5
      vertex 34.6 -23 2.5
    endloop
  endfacet
  facet normal 0 0 1
    outer loop
      vertex 34.3856 22.2 2.5
      vertex 59.195 36.0133 2.5
      vertex 34.4501 22.3238 2.5
    endloop
  endfacet
  facet normal 0 0 1
    outer loop
      vertex 59.805 -36.0133 2.5
      vertex 34.5757 -22.7222 2.5
      vertex 34.5939 -22.8605 2.5
    endloop
  endfacet
  facet normal 0 0 1
    outer loop
      vertex 59.195 36.0133 2.5
      vertex 34.3856 22.2 2.5
      vertex 59.5 36 2.5
    endloop
  endfacet
  facet normal 0 0 1
    outer loop
      vertex 59.805 -36.0133 2.5
      vertex 34.5455 -22.5859 2.5
      vertex 34.5757 -22.7222 2.5
    endloop
  endfacet
  facet normal 0 0 1
    outer loop
      vertex 34.3106 22.0823 2.5
      vertex 59.5 36 2.5
      vertex 34.3856 22.2 2.5
    endloop
  endfacet
  facet normal 0 0 1
    outer loop
      vertex 59.805 -36.0133 2.5
      vertex 34.5035 -22.4528 2.5
      vertex 34.5455 -22.5859 2.5
    endloop
  endfacet
  facet normal -0 0 1
    outer loop
      vertex 59.5 36 2.5
      vertex 34.3106 22.0823 2.5
      vertex 59.805 36.0133 2.5
    endloop
  endfacet
  facet normal 0 0 1
    outer loop
      vertex 59.805 -36.0133 2.5
      vertex 34.4501 -22.3238 2.5
      vertex 34.5035 -22.4528 2.5
    endloop
  endfacet
  facet normal 0 0 1
    outer loop
      vertex 59.805 36.0133 2.5
      vertex 34.3106 22.0823 2.5
      vertex 59.805 -36.0133 2.5
    endloop
  endfacet
  facet normal 0 0 1
    outer loop
      vertex 59.805 -36.0133 2.5
      vertex 34.3856 -22.2 2.5
      vertex 34.4501 -22.3238 2.5
    endloop
  endfacet
  facet normal -0 0 1
    outer loop
      vertex 34.3106 -22.0823 2.5
      vertex 59.805 -36.0133 2.5
      vertex 34.3106 22.0823 2.5
    endloop
  endfacet
  facet normal 0 0 1
    outer loop
      vertex 59.805 -36.0133 2.5
      vertex 34.3106 -22.0823 2.5
      vertex 34.3856 -22.2 2.5
    endloop
  endfacet
  facet normal -0 0 1
    outer loop
      vertex 34.2257 21.9715 2.5
      vertex 34.3106 -22.0823 2.5
      vertex 34.3106 22.0823 2.5
    endloop
  endfacet
  facet normal 0 0 1
    outer loop
      vertex 34.2257 21.9715 2.5
      vertex 34.2257 -21.9715 2.5
      vertex 34.3106 -22.0823 2.5
    endloop
  endfacet
  facet normal -0 0 1
    outer loop
      vertex 34.1314 21.8686 2.5
      vertex 34.2257 -21.9715 2.5
      vertex 34.2257 21.9715 2.5
    endloop
  endfacet
  facet normal 0 0 1
    outer loop
      vertex 34.1314 21.8686 2.5
      vertex 34.1314 -21.8686 2.5
      vertex 34.2257 -21.9715 2.5
    endloop
  endfacet
  facet normal -0 0 1
    outer loop
      vertex 34.0285 21.7743 2.5
      vertex 34.1314 -21.8686 2.5
      vertex 34.1314 21.8686 2.5
    endloop
  endfacet
  facet normal 0 0 1
    outer loop
      vertex 34.0285 21.7743 2.5
      vertex 34.0285 -21.7743 2.5
      vertex 34.1314 -21.8686 2.5
    endloop
  endfacet
  facet normal -0 0 1
    outer loop
      vertex 33.9177 21.6894 2.5
      vertex 34.0285 -21.7743 2.5
      vertex 34.0285 21.7743 2.5
    endloop
  endfacet
  facet normal 0 0 1
    outer loop
      vertex 33.9177 21.6894 2.5
      vertex 33.9177 -21.6894 2.5
      vertex 34.0285 -21.7743 2.5
    endloop
  endfacet
  facet normal -0 0 1
    outer loop
      vertex 33.8 21.6144 2.5
      vertex 33.9177 -21.6894 2.5
      vertex 33.9177 21.6894 2.5
    endloop
  endfacet
  facet normal 0 0 1
    outer loop
      vertex 33.8 21.6144 2.5
      vertex 33.8 -21.6144 2.5
      vertex 33.9177 -21.6894 2.5
    endloop
  endfacet
  facet normal -0 0 1
    outer loop
      vertex 33.6762 21.5499 2.5
      vertex 33.8 -21.6144 2.5
      vertex 33.8 21.6144 2.5
    endloop
  endfacet
  facet normal 0 0 1
    outer loop
      vertex 33.6762 21.5499 2.5
      vertex 33.6762 -21.5499 2.5
      vertex 33.8 -21.6144 2.5
    endloop
  endfacet
  facet normal -0 0 1
    outer loop
      vertex 33.5472 21.4965 2.5
      vertex 33.6762 -21.5499 2.5
      vertex 33.6762 21.5499 2.5
    endloop
  endfacet
  facet normal 0 0 1
    outer loop
      vertex 33.5472 21.4965 2.5
      vertex 33.5472 -21.4965 2.5
      vertex 33.6762 -21.5499 2.5
    endloop
  endfacet
  facet normal -0 0 1
    outer loop
      vertex 33.4141 21.4545 2.5
      vertex 33.5472 -21.4965 2.5
      vertex 33.5472 21.4965 2.5
    endloop
  endfacet
  facet normal 0 0 1
    outer loop
      vertex 33.4141 21.4545 2.5
      vertex 33.4141 -21.4545 2.5
      vertex 33.5472 -21.4965 2.5
    endloop
  endfacet
  facet normal -0 0 1
    outer loop
      vertex 33.2778 21.4243 2.5
      vertex 33.4141 -21.4545 2.5
      vertex 33.4141 21.4545 2.5
    endloop
  endfacet
  facet normal 0 0 1
    outer loop
      vertex 33.2778 21.4243 2.5
      vertex 33.2778 -21.4243 2.5
      vertex 33.4141 -21.4545 2.5
    endloop
  endfacet
  facet normal -0 0 1
    outer loop
      vertex 33.1395 21.4061 2.5
      vertex 33.2778 -21.4243 2.5
      vertex 33.2778 21.4243 2.5
    endloop
  endfacet
  facet normal 0 0 1
    outer loop
      vertex 33.1395 21.4061 2.5
      vertex 33.1395 -21.4061 2.5
      vertex 33.2778 -21.4243 2.5
    endloop
  endfacet
  facet normal -0 0 1
    outer loop
      vertex 33 21.4 2.5
      vertex 33.1395 -21.4061 2.5
      vertex 33.1395 21.4061 2.5
    endloop
  endfacet
  facet normal 0 0 1
    outer loop
      vertex 33 21.4 2.5
      vertex 33 -21.4 2.5
      vertex 33.1395 -21.4061 2.5
    endloop
  endfacet
  facet normal 0 0 1
    outer loop
      vertex 32.8605 21.4061 2.5
      vertex 33 -21.4 2.5
      vertex 33 21.4 2.5
    endloop
  endfacet
  facet normal 0 0 1
    outer loop
      vertex 32.8605 21.4061 2.5
      vertex 32.8605 -21.4061 2.5
      vertex 33 -21.4 2.5
    endloop
  endfacet
  facet normal 0 0 1
    outer loop
      vertex 32.7222 21.4243 2.5
      vertex 32.8605 -21.4061 2.5
      vertex 32.8605 21.4061 2.5
    endloop
  endfacet
  facet normal 0 0 1
    outer loop
      vertex 32.7222 21.4243 2.5
      vertex 32.7222 -21.4243 2.5
      vertex 32.8605 -21.4061 2.5
    endloop
  endfacet
  facet normal 0 0 1
    outer loop
      vertex 32.5859 21.4545 2.5
      vertex 32.7222 -21.4243 2.5
      vertex 32.7222 21.4243 2.5
    endloop
  endfacet
  facet normal 0 0 1
    outer loop
      vertex 32.5859 21.4545 2.5
      vertex 32.5859 -21.4545 2.5
      vertex 32.7222 -21.4243 2.5
    endloop
  endfacet
  facet normal 0 0 1
    outer loop
      vertex 32.4528 21.4965 2.5
      vertex 32.5859 -21.4545 2.5
      vertex 32.5859 21.4545 2.5
    endloop
  endfacet
  facet normal 0 0 1
    outer loop
      vertex 32.4528 21.4965 2.5
      vertex 32.4528 -21.4965 2.5
      vertex 32.5859 -21.4545 2.5
    endloop
  endfacet
  facet normal 0 0 1
    outer loop
      vertex 32.3238 21.5499 2.5
      vertex 32.4528 -21.4965 2.5
      vertex 32.4528 21.4965 2.5
    endloop
  endfacet
  facet normal 0 0 1
    outer loop
      vertex 32.3238 21.5499 2.5
      vertex 32.3238 -21.5499 2.5
      vertex 32.4528 -21.4965 2.5
    endloop
  endfacet
  facet normal 0 0 1
    outer loop
      vertex 32.2 21.6144 2.5
      vertex 32.3238 -21.5499 2.5
      vertex 32.3238 21.5499 2.5
    endloop
  endfacet
  facet normal 0 0 1
    outer loop
      vertex 32.2 21.6144 2.5
      vertex 32.2 -21.6144 2.5
      vertex 32.3238 -21.5499 2.5
    endloop
  endfacet
  facet normal 0 0 1
    outer loop
      vertex 32.0823 21.6894 2.5
      vertex 32.2 -21.6144 2.5
      vertex 32.2 21.6144 2.5
    endloop
  endfacet
  facet normal 0 0 1
    outer loop
      vertex 32.0823 21.6894 2.5
      vertex 32.0823 -21.6894 2.5
      vertex 32.2 -21.6144 2.5
    endloop
  endfacet
  facet normal 0 0 1
    outer loop
      vertex 31.9715 21.7743 2.5
      vertex 32.0823 -21.6894 2.5
      vertex 32.0823 21.6894 2.5
    endloop
  endfacet
  facet normal 0 0 1
    outer loop
      vertex 31.9715 21.7743 2.5
      vertex 31.9715 -21.7743 2.5
      vertex 32.0823 -21.6894 2.5
    endloop
  endfacet
  facet normal 0 0 1
    outer loop
      vertex 31.8686 21.8686 2.5
      vertex 31.9715 -21.7743 2.5
      vertex 31.9715 21.7743 2.5
    endloop
  endfacet
  facet normal 0 0 1
    outer loop
      vertex 31.8686 21.8686 2.5
      vertex 31.8686 -21.8686 2.5
      vertex 31.9715 -21.7743 2.5
    endloop
  endfacet
  facet normal 0 0 1
    outer loop
      vertex 31.7743 21.9715 2.5
      vertex 31.8686 -21.8686 2.5
      vertex 31.8686 21.8686 2.5
    endloop
  endfacet
  facet normal 0 0 1
    outer loop
      vertex 31.7743 21.9715 2.5
      vertex 31.7743 -21.9715 2.5
      vertex 31.8686 -21.8686 2.5
    endloop
  endfacet
  facet normal 0 0 1
    outer loop
      vertex 31.6894 22.0823 2.5
      vertex 31.7743 -21.9715 2.5
      vertex 31.7743 21.9715 2.5
    endloop
  endfacet
  facet normal 0 0 1
    outer loop
      vertex 31.6894 22.0823 2.5
      vertex 31.6894 -22.0823 2.5
      vertex 31.7743 -21.9715 2.5
    endloop
  endfacet
  facet normal 0 0 1
    outer loop
      vertex 31.4545 22.5859 2.5
      vertex -31.4545 22.5859 2.5
      vertex 31.4965 22.4528 2.5
    endloop
  endfacet
  facet normal 0 0 1
    outer loop
      vertex -31.4965 22.4528 2.5
      vertex 31.4965 22.4528 2.5
      vertex -31.4545 22.5859 2.5
    endloop
  endfacet
  facet normal 0 0 1
    outer loop
      vertex -31.4545 22.5859 2.5
      vertex 31.4545 22.5859 2.5
      vertex -31.4243 22.7222 2.5
    endloop
  endfacet
  facet normal 0 0 1
    outer loop
      vertex 31.4965 22.4528 2.5
      vertex -31.4965 22.4528 2.5
      vertex 31.5499 22.3238 2.5
    endloop
  endfacet
  facet normal 0 0 1
    outer loop
      vertex 31.4243 22.7222 2.5
      vertex -31.4243 22.7222 2.5
      vertex 31.4545 22.5859 2.5
    endloop
  endfacet
  facet normal 0 0 1
    outer loop
      vertex 31.6894 -22.0823 2.5
      vertex -31.4 -23 2.5
      vertex 31.6144 -22.2 2.5
    endloop
  endfacet
  facet normal 0 0 1
    outer loop
      vertex -31.4243 22.7222 2.5
      vertex 31.4243 22.7222 2.5
      vertex -31.4061 22.8605 2.5
    endloop
  endfacet
  facet normal 0 0 1
    outer loop
      vertex 31.6144 -22.2 2.5
      vertex -31.4 -23 2.5
      vertex 31.5499 -22.3238 2.5
    endloop
  endfacet
  facet normal 0 0 1
    outer loop
      vertex 31.4061 22.8605 2.5
      vertex -31.4061 22.8605 2.5
      vertex 31.4243 22.7222 2.5
    endloop
  endfacet
  facet normal 0 0 1
    outer loop
      vertex 31.5499 -22.3238 2.5
      vertex -31.4 -23 2.5
      vertex 31.4965 -22.4528 2.5
    endloop
  endfacet
  facet normal 0 0 1
    outer loop
      vertex -31.4061 22.8605 2.5
      vertex 31.4061 22.8605 2.5
      vertex -31.4 23 2.5
    endloop
  endfacet
  facet normal 0 0 1
    outer loop
      vertex 31.4965 -22.4528 2.5
      vertex -31.4 -23 2.5
      vertex 31.4545 -22.5859 2.5
    endloop
  endfacet
  facet normal -0 0 1
    outer loop
      vertex -31.4 23 2.5
      vertex 31.4061 22.8605 2.5
      vertex 31.4 23 2.5
    endloop
  endfacet
  facet normal 0 0 1
    outer loop
      vertex 31.4545 -22.5859 2.5
      vertex -31.4 -23 2.5
      vertex 31.4243 -22.7222 2.5
    endloop
  endfacet
  facet normal -0 0 1
    outer loop
      vertex 34.3856 -23.8 2.5
      vertex 56.633 -37.4925 2.5
      vertex 34.4501 -23.6762 2.5
    endloop
  endfacet
  facet normal 0 0 1
    outer loop
      vertex 33.5472 24.5035 2.5
      vertex 56 39.5 2.5
      vertex 56.0133 39.805 2.5
    endloop
  endfacet
  facet normal 0 0 1
    outer loop
      vertex 33.4141 24.5455 2.5
      vertex 56.0133 39.805 2.5
      vertex 56.0532 40.1078 2.5
    endloop
  endfacet
  facet normal 0 0 1
    outer loop
      vertex 33.2778 24.5757 2.5
      vertex 56.0532 40.1078 2.5
      vertex 56.1193 40.4059 2.5
    endloop
  endfacet
  facet normal 0 0 1
    outer loop
      vertex 33.1395 24.5939 2.5
      vertex 56.1193 40.4059 2.5
      vertex 56.2111 40.6971 2.5
    endloop
  endfacet
  facet normal 0 0 1
    outer loop
      vertex 33 24.6 2.5
      vertex 56.2111 40.6971 2.5
      vertex 56.3279 40.9792 2.5
    endloop
  endfacet
  facet normal 0 0 1
    outer loop
      vertex 32.8605 24.5939 2.5
      vertex 56.3279 40.9792 2.5
      vertex 56.4689 41.25 2.5
    endloop
  endfacet
  facet normal 0 0 1
    outer loop
      vertex 32.7222 24.5757 2.5
      vertex 56.4689 41.25 2.5
      vertex 56.633 41.5075 2.5
    endloop
  endfacet
  facet normal 0 0 1
    outer loop
      vertex 32.5859 24.5455 2.5
      vertex 56.633 41.5075 2.5
      vertex 56.8188 41.7498 2.5
    endloop
  endfacet
  facet normal 0 0 1
    outer loop
      vertex 32.3238 24.4501 2.5
      vertex 56.8188 41.7498 2.5
      vertex 57.0251 41.9749 2.5
    endloop
  endfacet
  facet normal 0 0 1
    outer loop
      vertex -57.0251 41.9749 2.5
      vertex 57.0251 41.9749 2.5
      vertex 57.2502 42.1812 2.5
    endloop
  endfacet
  facet normal 0 0 1
    outer loop
      vertex 56.0133 39.195 2.5
      vertex 34.5939 23.1395 2.5
      vertex 34.6 23 2.5
    endloop
  endfacet
  facet normal 0 0 1
    outer loop
      vertex 56.0133 39.195 2.5
      vertex 34.5757 23.2778 2.5
      vertex 34.5939 23.1395 2.5
    endloop
  endfacet
  facet normal 0 0 1
    outer loop
      vertex 56.0133 39.195 2.5
      vertex 34.5455 23.4141 2.5
      vertex 34.5757 23.2778 2.5
    endloop
  endfacet
  facet normal 0 0 1
    outer loop
      vertex 56.0133 39.195 2.5
      vertex 34.5035 23.5472 2.5
      vertex 34.5455 23.4141 2.5
    endloop
  endfacet
  facet normal 0 0 1
    outer loop
      vertex 56.0133 39.195 2.5
      vertex 34.4501 23.6762 2.5
      vertex 34.5035 23.5472 2.5
    endloop
  endfacet
  facet normal 0 0 1
    outer loop
      vertex 56.0133 39.195 2.5
      vertex 34.3856 23.8 2.5
      vertex 34.4501 23.6762 2.5
    endloop
  endfacet
  facet normal 0 0 1
    outer loop
      vertex 56.0133 39.195 2.5
      vertex 34.3106 23.9177 2.5
      vertex 34.3856 23.8 2.5
    endloop
  endfacet
  facet normal 0 0 1
    outer loop
      vertex 56.0133 39.195 2.5
      vertex 34.2257 24.0285 2.5
      vertex 34.3106 23.9177 2.5
    endloop
  endfacet
  facet normal 0 0 1
    outer loop
      vertex 56.0133 39.195 2.5
      vertex 34.1314 24.1314 2.5
      vertex 34.2257 24.0285 2.5
    endloop
  endfacet
  facet normal 0 0 1
    outer loop
      vertex 56.0133 39.195 2.5
      vertex 34.0285 24.2257 2.5
      vertex 34.1314 24.1314 2.5
    endloop
  endfacet
  facet normal 0 0 1
    outer loop
      vertex 56.0133 39.195 2.5
      vertex 33.9177 24.3106 2.5
      vertex 34.0285 24.2257 2.5
    endloop
  endfacet
  facet normal 0 0 1
    outer loop
      vertex -57.2502 42.1812 2.5
      vertex 57.2502 42.1812 2.5
      vertex 57.4925 42.367 2.5
    endloop
  endfacet
  facet normal 0 0 1
    outer loop
      vertex 56.0133 39.195 2.5
      vertex 33.8 24.3856 2.5
      vertex 33.9177 24.3106 2.5
    endloop
  endfacet
  facet normal 0 0 1
    outer loop
      vertex 56.0133 39.195 2.5
      vertex 33.6762 24.4501 2.5
      vertex 33.8 24.3856 2.5
    endloop
  endfacet
  facet normal 0 0 1
    outer loop
      vertex 56 39.5 2.5
      vertex 33.5472 24.5035 2.5
      vertex 33.6762 24.4501 2.5
    endloop
  endfacet
  facet normal 0 0 1
    outer loop
      vertex 56.0133 39.805 2.5
      vertex 33.4141 24.5455 2.5
      vertex 33.5472 24.5035 2.5
    endloop
  endfacet
  facet normal 0 0 1
    outer loop
      vertex 56.0532 40.1078 2.5
      vertex 33.2778 24.5757 2.5
      vertex 33.4141 24.5455 2.5
    endloop
  endfacet
  facet normal 0 0 1
    outer loop
      vertex 56.1193 40.4059 2.5
      vertex 33.1395 24.5939 2.5
      vertex 33.2778 24.5757 2.5
    endloop
  endfacet
  facet normal 0 0 1
    outer loop
      vertex 56.2111 40.6971 2.5
      vertex 33 24.6 2.5
      vertex 33.1395 24.5939 2.5
    endloop
  endfacet
  facet normal 0 0 1
    outer loop
      vertex 56.3279 40.9792 2.5
      vertex 32.8605 24.5939 2.5
      vertex 33 24.6 2.5
    endloop
  endfacet
  facet normal 0 0 1
    outer loop
      vertex 56.4689 41.25 2.5
      vertex 32.7222 24.5757 2.5
      vertex 32.8605 24.5939 2.5
    endloop
  endfacet
  facet normal 0 0 1
    outer loop
      vertex 56.633 41.5075 2.5
      vertex 32.5859 24.5455 2.5
      vertex 32.7222 24.5757 2.5
    endloop
  endfacet
  facet normal 0 0 1
    outer loop
      vertex 56.8188 41.7498 2.5
      vertex 32.4528 24.5035 2.5
      vertex 32.5859 24.5455 2.5
    endloop
  endfacet
  facet normal 0 0 1
    outer loop
      vertex 56.8188 41.7498 2.5
      vertex 32.3238 24.4501 2.5
      vertex 32.4528 24.5035 2.5
    endloop
  endfacet
  facet normal 0 0 1
    outer loop
      vertex 57.0251 41.9749 2.5
      vertex -32.3238 24.4501 2.5
      vertex 32.3238 24.4501 2.5
    endloop
  endfacet
  facet normal 0 0 1
    outer loop
      vertex 32.3238 24.4501 2.5
      vertex -32.3238 24.4501 2.5
      vertex 32.2 24.3856 2.5
    endloop
  endfacet
  facet normal 0 0 1
    outer loop
      vertex 31.4243 -22.7222 2.5
      vertex -31.4 -23 2.5
      vertex 31.4061 -22.8605 2.5
    endloop
  endfacet
  facet normal 0 0 1
    outer loop
      vertex 31.4061 23.1395 2.5
      vertex -31.4 23 2.5
      vertex 31.4 23 2.5
    endloop
  endfacet
  facet normal 0 0 1
    outer loop
      vertex -31.4061 23.1395 2.5
      vertex 31.4061 23.1395 2.5
      vertex 31.4243 23.2778 2.5
    endloop
  endfacet
  facet normal 0 0 1
    outer loop
      vertex -31.4243 23.2778 2.5
      vertex 31.4243 23.2778 2.5
      vertex 31.4545 23.4141 2.5
    endloop
  endfacet
  facet normal 0 0 1
    outer loop
      vertex -31.4545 23.4141 2.5
      vertex 31.4545 23.4141 2.5
      vertex 31.4965 23.5472 2.5
    endloop
  endfacet
  facet normal 0 0 1
    outer loop
      vertex -31.4965 23.5472 2.5
      vertex 31.4965 23.5472 2.5
      vertex 31.5499 23.6762 2.5
    endloop
  endfacet
  facet normal 0 0 1
    outer loop
      vertex -31.5499 23.6762 2.5
      vertex 31.5499 23.6762 2.5
      vertex 31.6144 23.8 2.5
    endloop
  endfacet
  facet normal 0 0 1
    outer loop
      vertex -31.6144 23.8 2.5
      vertex 31.6144 23.8 2.5
      vertex 31.6894 23.9177 2.5
    endloop
  endfacet
  facet normal 0 0 1
    outer loop
      vertex -31.6894 23.9177 2.5
      vertex 31.6894 23.9177 2.5
      vertex 31.7743 24.0285 2.5
    endloop
  endfacet
  facet normal 0 0 1
    outer loop
      vertex -31.7743 24.0285 2.5
      vertex 31.7743 24.0285 2.5
      vertex 31.8686 24.1314 2.5
    endloop
  endfacet
  facet normal 0 0 1
    outer loop
      vertex -31.8686 24.1314 2.5
      vertex 31.8686 24.1314 2.5
      vertex 31.9715 24.2257 2.5
    endloop
  endfacet
  facet normal 0 0 1
    outer loop
      vertex -31.9715 24.2257 2.5
      vertex 31.9715 24.2257 2.5
      vertex 32.0823 24.3106 2.5
    endloop
  endfacet
  facet normal 0 -0 1
    outer loop
      vertex -32.2 24.3856 2.5
      vertex 32.2 24.3856 2.5
      vertex -32.3238 24.4501 2.5
    endloop
  endfacet
  facet normal 0 0 1
    outer loop
      vertex -57.4925 42.367 2.5
      vertex 57.4925 42.367 2.5
      vertex 57.7012 42.5 2.5
    endloop
  endfacet
  facet normal 0 0 1
    outer loop
      vertex 31.4061 23.1395 2.5
      vertex -31.4061 23.1395 2.5
      vertex -31.4 23 2.5
    endloop
  endfacet
  facet normal 0 0 1
    outer loop
      vertex 31.4243 23.2778 2.5
      vertex -31.4243 23.2778 2.5
      vertex -31.4061 23.1395 2.5
    endloop
  endfacet
  facet normal 0 0 1
    outer loop
      vertex 31.4545 23.4141 2.5
      vertex -31.4545 23.4141 2.5
      vertex -31.4243 23.2778 2.5
    endloop
  endfacet
  facet normal 0 0 1
    outer loop
      vertex 31.4965 23.5472 2.5
      vertex -31.4965 23.5472 2.5
      vertex -31.4545 23.4141 2.5
    endloop
  endfacet
  facet normal 0 0 1
    outer loop
      vertex 31.5499 23.6762 2.5
      vertex -31.5499 23.6762 2.5
      vertex -31.4965 23.5472 2.5
    endloop
  endfacet
  facet normal 0 0 1
    outer loop
      vertex 31.6144 23.8 2.5
      vertex -31.6144 23.8 2.5
      vertex -31.5499 23.6762 2.5
    endloop
  endfacet
  facet normal 0 0 1
    outer loop
      vertex 31.6894 23.9177 2.5
      vertex -31.6894 23.9177 2.5
      vertex -31.6144 23.8 2.5
    endloop
  endfacet
  facet normal 0 0 1
    outer loop
      vertex 31.7743 24.0285 2.5
      vertex -31.7743 24.0285 2.5
      vertex -31.6894 23.9177 2.5
    endloop
  endfacet
  facet normal 0 0 1
    outer loop
      vertex 31.8686 24.1314 2.5
      vertex -31.8686 24.1314 2.5
      vertex -31.7743 24.0285 2.5
    endloop
  endfacet
  facet normal 0 0 1
    outer loop
      vertex 31.9715 24.2257 2.5
      vertex -31.9715 24.2257 2.5
      vertex -31.8686 24.1314 2.5
    endloop
  endfacet
  facet normal 0 0 1
    outer loop
      vertex 32.0823 24.3106 2.5
      vertex -32.0823 24.3106 2.5
      vertex -31.9715 24.2257 2.5
    endloop
  endfacet
  facet normal 0 0 1
    outer loop
      vertex 32.0823 24.3106 2.5
      vertex -32.2 24.3856 2.5
      vertex -32.0823 24.3106 2.5
    endloop
  endfacet
  facet normal 0 0 1
    outer loop
      vertex 32.2 24.3856 2.5
      vertex -32.2 24.3856 2.5
      vertex 32.0823 24.3106 2.5
    endloop
  endfacet
  facet normal 0 0 1
    outer loop
      vertex 57.0251 41.9749 2.5
      vertex -57.0251 41.9749 2.5
      vertex -32.3238 24.4501 2.5
    endloop
  endfacet
  facet normal -0 -0 1
    outer loop
      vertex -56.8188 41.7498 2.5
      vertex -32.3238 24.4501 2.5
      vertex -57.0251 41.9749 2.5
    endloop
  endfacet
  facet normal 0 0 1
    outer loop
      vertex -32.3238 24.4501 2.5
      vertex -56.8188 41.7498 2.5
      vertex -32.4528 24.5035 2.5
    endloop
  endfacet
  facet normal 0 0 1
    outer loop
      vertex -32.4528 24.5035 2.5
      vertex -56.8188 41.7498 2.5
      vertex -32.5859 24.5455 2.5
    endloop
  endfacet
  facet normal -0 -0 1
    outer loop
      vertex -56.633 41.5075 2.5
      vertex -32.5859 24.5455 2.5
      vertex -56.8188 41.7498 2.5
    endloop
  endfacet
  facet normal 0 0 1
    outer loop
      vertex -32.5859 24.5455 2.5
      vertex -56.633 41.5075 2.5
      vertex -32.7222 24.5757 2.5
    endloop
  endfacet
  facet normal -0 -0 1
    outer loop
      vertex -56.4689 41.25 2.5
      vertex -32.7222 24.5757 2.5
      vertex -56.633 41.5075 2.5
    endloop
  endfacet
  facet normal 0 0 1
    outer loop
      vertex -34.5757 -22.7222 2.5
      vertex -56 -39.5 2.5
      vertex -34.5939 -22.8605 2.5
    endloop
  endfacet
  facet normal 0 0 1
    outer loop
      vertex -34.3106 23.9177 2.5
      vertex -56.4689 37.75 2.5
      vertex -34.3856 23.8 2.5
    endloop
  endfacet
  facet normal -0 0 1
    outer loop
      vertex -56.4689 37.75 2.5
      vertex -34.3106 23.9177 2.5
      vertex -56.3279 38.0208 2.5
    endloop
  endfacet
  facet normal 0 0 1
    outer loop
      vertex -34.2257 24.0285 2.5
      vertex -56.3279 38.0208 2.5
      vertex -34.3106 23.9177 2.5
    endloop
  endfacet
  facet normal -0 0 1
    outer loop
      vertex -56.3279 38.0208 2.5
      vertex -34.2257 24.0285 2.5
      vertex -56.2111 38.3029 2.5
    endloop
  endfacet
  facet normal 0 0 1
    outer loop
      vertex -34.1314 24.1314 2.5
      vertex -56.2111 38.3029 2.5
      vertex -34.2257 24.0285 2.5
    endloop
  endfacet
  facet normal 0 0 1
    outer loop
      vertex -34.0285 24.2257 2.5
      vertex -56.2111 38.3029 2.5
      vertex -34.1314 24.1314 2.5
    endloop
  endfacet
  facet normal -0 0 1
    outer loop
      vertex -56.2111 38.3029 2.5
      vertex -34.0285 24.2257 2.5
      vertex -56.1193 38.5941 2.5
    endloop
  endfacet
  facet normal 0 0 1
    outer loop
      vertex -33.9177 24.3106 2.5
      vertex -56.1193 38.5941 2.5
      vertex -34.0285 24.2257 2.5
    endloop
  endfacet
  facet normal -0 0 1
    outer loop
      vertex -56.1193 38.5941 2.5
      vertex -33.9177 24.3106 2.5
      vertex -56.0532 38.8922 2.5
    endloop
  endfacet
  facet normal 0 0 1
    outer loop
      vertex -33.8 24.3856 2.5
      vertex -56.0532 38.8922 2.5
      vertex -33.9177 24.3106 2.5
    endloop
  endfacet
  facet normal -0 0 1
    outer loop
      vertex -56.0532 38.8922 2.5
      vertex -33.8 24.3856 2.5
      vertex -56.0133 39.195 2.5
    endloop
  endfacet
  facet normal 0 0 1
    outer loop
      vertex -33.6762 24.4501 2.5
      vertex -56.0133 39.195 2.5
      vertex -33.8 24.3856 2.5
    endloop
  endfacet
  facet normal -0 0 1
    outer loop
      vertex -56.0133 39.195 2.5
      vertex -33.6762 24.4501 2.5
      vertex -56 39.5 2.5
    endloop
  endfacet
  facet normal 0 0 1
    outer loop
      vertex -33.5472 24.5035 2.5
      vertex -56 39.5 2.5
      vertex -33.6762 24.4501 2.5
    endloop
  endfacet
  facet normal 0 0 1
    outer loop
      vertex -56.0133 39.805 2.5
      vertex -33.5472 24.5035 2.5
      vertex -33.4141 24.5455 2.5
    endloop
  endfacet
  facet normal 0 0 1
    outer loop
      vertex -56.0532 40.1078 2.5
      vertex -33.4141 24.5455 2.5
      vertex -33.2778 24.5757 2.5
    endloop
  endfacet
  facet normal -0 -0 1
    outer loop
      vertex -56.3279 40.9792 2.5
      vertex -32.8605 24.5939 2.5
      vertex -56.4689 41.25 2.5
    endloop
  endfacet
  facet normal 0 0 1
    outer loop
      vertex -33.5472 24.5035 2.5
      vertex -56.0133 39.805 2.5
      vertex -56 39.5 2.5
    endloop
  endfacet
  facet normal 0 0 1
    outer loop
      vertex -33.4141 24.5455 2.5
      vertex -56.0532 40.1078 2.5
      vertex -56.0133 39.805 2.5
    endloop
  endfacet
  facet normal 0 0 1
    outer loop
      vertex -33.2778 24.5757 2.5
      vertex -56.1193 40.4059 2.5
      vertex -56.0532 40.1078 2.5
    endloop
  endfacet
  facet normal 0 0 1
    outer loop
      vertex -33.1395 24.5939 2.5
      vertex -56.1193 40.4059 2.5
      vertex -33.2778 24.5757 2.5
    endloop
  endfacet
  facet normal -0 -0 1
    outer loop
      vertex -56.1193 40.4059 2.5
      vertex -33.1395 24.5939 2.5
      vertex -56.2111 40.6971 2.5
    endloop
  endfacet
  facet normal 0 0 1
    outer loop
      vertex -33 24.6 2.5
      vertex -56.2111 40.6971 2.5
      vertex -33.1395 24.5939 2.5
    endloop
  endfacet
  facet normal -0 -0 1
    outer loop
      vertex -56.2111 40.6971 2.5
      vertex -33 24.6 2.5
      vertex -56.3279 40.9792 2.5
    endloop
  endfacet
  facet normal 0 0 1
    outer loop
      vertex -32.8605 24.5939 2.5
      vertex -56.3279 40.9792 2.5
      vertex -33 24.6 2.5
    endloop
  endfacet
  facet normal 0 0 1
    outer loop
      vertex -32.7222 24.5757 2.5
      vertex -56.4689 41.25 2.5
      vertex -32.8605 24.5939 2.5
    endloop
  endfacet
  facet normal 0 0 1
    outer loop
      vertex 57.2502 42.1812 2.5
      vertex -57.2502 42.1812 2.5
      vertex -57.0251 41.9749 2.5
    endloop
  endfacet
  facet normal 0 0 1
    outer loop
      vertex 57.4925 42.367 2.5
      vertex -57.4925 42.367 2.5
      vertex -57.2502 42.1812 2.5
    endloop
  endfacet
  facet normal 0 -0 1
    outer loop
      vertex -57.4925 42.367 2.5
      vertex 57.7012 42.5 2.5
      vertex -57.7012 42.5 2.5
    endloop
  endfacet
  facet normal -0 0 1
    outer loop
      vertex 62.367 37.4925 2.5
      vertex 62.5 -37.7012 2.5
      vertex 62.5 37.7012 2.5
    endloop
  endfacet
  facet normal 0 0 1
    outer loop
      vertex 62.367 37.4925 2.5
      vertex 62.367 -37.4925 2.5
      vertex 62.5 -37.7012 2.5
    endloop
  endfacet
  facet normal -0 0 1
    outer loop
      vertex 62.1812 37.2502 2.5
      vertex 62.367 -37.4925 2.5
      vertex 62.367 37.4925 2.5
    endloop
  endfacet
  facet normal 0 0 1
    outer loop
      vertex 62.1812 37.2502 2.5
      vertex 62.1812 -37.2502 2.5
      vertex 62.367 -37.4925 2.5
    endloop
  endfacet
  facet normal -0 0 1
    outer loop
      vertex 61.9749 37.0251 2.5
      vertex 62.1812 -37.2502 2.5
      vertex 62.1812 37.2502 2.5
    endloop
  endfacet
  facet normal 0 0 1
    outer loop
      vertex 61.9749 37.0251 2.5
      vertex 61.9749 -37.0251 2.5
      vertex 62.1812 -37.2502 2.5
    endloop
  endfacet
  facet normal -0 0 1
    outer loop
      vertex 61.7498 36.8188 2.5
      vertex 61.9749 -37.0251 2.5
      vertex 61.9749 37.0251 2.5
    endloop
  endfacet
  facet normal 0 0 1
    outer loop
      vertex 61.7498 36.8188 2.5
      vertex 61.7498 -36.8188 2.5
      vertex 61.9749 -37.0251 2.5
    endloop
  endfacet
  facet normal -0 0 1
    outer loop
      vertex 61.5075 36.633 2.5
      vertex 61.7498 -36.8188 2.5
      vertex 61.7498 36.8188 2.5
    endloop
  endfacet
  facet normal 0 0 1
    outer loop
      vertex 61.5075 36.633 2.5
      vertex 61.5075 -36.633 2.5
      vertex 61.7498 -36.8188 2.5
    endloop
  endfacet
  facet normal -0 0 1
    outer loop
      vertex 61.25 36.4689 2.5
      vertex 61.5075 -36.633 2.5
      vertex 61.5075 36.633 2.5
    endloop
  endfacet
  facet normal 0 0 1
    outer loop
      vertex 61.25 36.4689 2.5
      vertex 61.25 -36.4689 2.5
      vertex 61.5075 -36.633 2.5
    endloop
  endfacet
  facet normal -0 0 1
    outer loop
      vertex 60.9792 36.3279 2.5
      vertex 61.25 -36.4689 2.5
      vertex 61.25 36.4689 2.5
    endloop
  endfacet
  facet normal 0 0 1
    outer loop
      vertex 60.9792 36.3279 2.5
      vertex 60.9792 -36.3279 2.5
      vertex 61.25 -36.4689 2.5
    endloop
  endfacet
  facet normal -0 0 1
    outer loop
      vertex 60.6971 36.2111 2.5
      vertex 60.9792 -36.3279 2.5
      vertex 60.9792 36.3279 2.5
    endloop
  endfacet
  facet normal 0 0 1
    outer loop
      vertex 60.6971 36.2111 2.5
      vertex 60.6971 -36.2111 2.5
      vertex 60.9792 -36.3279 2.5
    endloop
  endfacet
  facet normal -0 0 1
    outer loop
      vertex 60.4059 36.1193 2.5
      vertex 60.6971 -36.2111 2.5
      vertex 60.6971 36.2111 2.5
    endloop
  endfacet
  facet normal 0 0 1
    outer loop
      vertex 60.4059 36.1193 2.5
      vertex 60.4059 -36.1193 2.5
      vertex 60.6971 -36.2111 2.5
    endloop
  endfacet
  facet normal -0 0 1
    outer loop
      vertex 60.1078 36.0532 2.5
      vertex 60.4059 -36.1193 2.5
      vertex 60.4059 36.1193 2.5
    endloop
  endfacet
  facet normal 0 0 1
    outer loop
      vertex 60.1078 36.0532 2.5
      vertex 60.1078 -36.0532 2.5
      vertex 60.4059 -36.1193 2.5
    endloop
  endfacet
  facet normal -0 0 1
    outer loop
      vertex 59.805 36.0133 2.5
      vertex 60.1078 -36.0532 2.5
      vertex 60.1078 36.0532 2.5
    endloop
  endfacet
  facet normal 0 0 1
    outer loop
      vertex 59.805 36.0133 2.5
      vertex 59.805 -36.0133 2.5
      vertex 60.1078 -36.0532 2.5
    endloop
  endfacet
  facet normal 0 0 1
    outer loop
      vertex 34.5035 22.4528 2.5
      vertex 58.5941 36.1193 2.5
      vertex 34.5455 22.5859 2.5
    endloop
  endfacet
  facet normal 0 0 1
    outer loop
      vertex 58.5941 36.1193 2.5
      vertex 34.5035 22.4528 2.5
      vertex 58.8922 36.0532 2.5
    endloop
  endfacet
  facet normal 0 0 1
    outer loop
      vertex 58.3029 36.2111 2.5
      vertex 34.5455 22.5859 2.5
      vertex 58.5941 36.1193 2.5
    endloop
  endfacet
  facet normal 0 0 1
    outer loop
      vertex 34.4501 22.3238 2.5
      vertex 58.8922 36.0532 2.5
      vertex 34.5035 22.4528 2.5
    endloop
  endfacet
  facet normal 0 0 1
    outer loop
      vertex 34.5455 22.5859 2.5
      vertex 58.3029 36.2111 2.5
      vertex 34.5757 22.7222 2.5
    endloop
  endfacet
  facet normal 0 0 1
    outer loop
      vertex 59.805 -36.0133 2.5
      vertex 34.6 -23 2.5
      vertex 59.5 -36 2.5
    endloop
  endfacet
  facet normal 0 0 1
    outer loop
      vertex 34.5757 22.7222 2.5
      vertex 58.3029 36.2111 2.5
      vertex 34.5939 22.8605 2.5
    endloop
  endfacet
  facet normal 0 0 1
    outer loop
      vertex 59.5 -36 2.5
      vertex 34.6 -23 2.5
      vertex 59.195 -36.0133 2.5
    endloop
  endfacet
  facet normal 0 0 1
    outer loop
      vertex 58.0208 36.3279 2.5
      vertex 34.5939 22.8605 2.5
      vertex 58.3029 36.2111 2.5
    endloop
  endfacet
  facet normal 0 0 1
    outer loop
      vertex 59.195 -36.0133 2.5
      vertex 34.6 -23 2.5
      vertex 58.8922 -36.0532 2.5
    endloop
  endfacet
  facet normal 0 0 1
    outer loop
      vertex 34.5939 22.8605 2.5
      vertex 58.0208 36.3279 2.5
      vertex 34.6 23 2.5
    endloop
  endfacet
  facet normal 0 0 1
    outer loop
      vertex 58.8922 -36.0532 2.5
      vertex 34.6 -23 2.5
      vertex 58.5941 -36.1193 2.5
    endloop
  endfacet
  facet normal 0 0 1
    outer loop
      vertex 34.6 23 2.5
      vertex 58.0208 36.3279 2.5
      vertex 57.75 36.4689 2.5
    endloop
  endfacet
  facet normal 0 0 1
    outer loop
      vertex 58.5941 -36.1193 2.5
      vertex 34.6 -23 2.5
      vertex 58.3029 -36.2111 2.5
    endloop
  endfacet
  facet normal 0 0 1
    outer loop
      vertex 34.6 23 2.5
      vertex 57.75 36.4689 2.5
      vertex 57.4925 36.633 2.5
    endloop
  endfacet
  facet normal 0 0 1
    outer loop
      vertex 58.3029 -36.2111 2.5
      vertex 34.6 -23 2.5
      vertex 58.0208 -36.3279 2.5
    endloop
  endfacet
  facet normal 0 0 1
    outer loop
      vertex 34.6 23 2.5
      vertex 57.4925 36.633 2.5
      vertex 57.2502 36.8188 2.5
    endloop
  endfacet
  facet normal 0 0 1
    outer loop
      vertex 58.0208 -36.3279 2.5
      vertex 34.6 -23 2.5
      vertex 57.75 -36.4689 2.5
    endloop
  endfacet
  facet normal 0 0 1
    outer loop
      vertex 34.6 23 2.5
      vertex 57.2502 36.8188 2.5
      vertex 57.0251 37.0251 2.5
    endloop
  endfacet
  facet normal -0 0 1
    outer loop
      vertex 34.5939 -23.1395 2.5
      vertex 57.75 -36.4689 2.5
      vertex 34.6 -23 2.5
    endloop
  endfacet
  facet normal 0 0 1
    outer loop
      vertex 34.6 23 2.5
      vertex 57.0251 37.0251 2.5
      vertex 56.8188 37.2502 2.5
    endloop
  endfacet
  facet normal 0 0 1
    outer loop
      vertex 57.75 -36.4689 2.5
      vertex 34.5939 -23.1395 2.5
      vertex 57.4925 -36.633 2.5
    endloop
  endfacet
  facet normal 0 0 1
    outer loop
      vertex 34.6 23 2.5
      vertex 56.8188 37.2502 2.5
      vertex 56.633 37.4925 2.5
    endloop
  endfacet
  facet normal -0 0 1
    outer loop
      vertex 34.5757 -23.2778 2.5
      vertex 57.4925 -36.633 2.5
      vertex 34.5939 -23.1395 2.5
    endloop
  endfacet
  facet normal 0 0 1
    outer loop
      vertex 34.6 23 2.5
      vertex 56.633 37.4925 2.5
      vertex 56.4689 37.75 2.5
    endloop
  endfacet
  facet normal 0 0 1
    outer loop
      vertex 57.4925 -36.633 2.5
      vertex 34.5757 -23.2778 2.5
      vertex 57.2502 -36.8188 2.5
    endloop
  endfacet
  facet normal 0 0 1
    outer loop
      vertex 34.6 23 2.5
      vertex 56.4689 37.75 2.5
      vertex 56.3279 38.0208 2.5
    endloop
  endfacet
  facet normal -0 0 1
    outer loop
      vertex 34.5455 -23.4141 2.5
      vertex 57.2502 -36.8188 2.5
      vertex 34.5757 -23.2778 2.5
    endloop
  endfacet
  facet normal 0 0 1
    outer loop
      vertex 34.6 23 2.5
      vertex 56.3279 38.0208 2.5
      vertex 56.2111 38.3029 2.5
    endloop
  endfacet
  facet normal 0 0 1
    outer loop
      vertex 57.2502 -36.8188 2.5
      vertex 34.5455 -23.4141 2.5
      vertex 57.0251 -37.0251 2.5
    endloop
  endfacet
  facet normal 0 0 1
    outer loop
      vertex 34.6 23 2.5
      vertex 56.2111 38.3029 2.5
      vertex 56.1193 38.5941 2.5
    endloop
  endfacet
  facet normal -0 0 1
    outer loop
      vertex 34.5035 -23.5472 2.5
      vertex 57.0251 -37.0251 2.5
      vertex 34.5455 -23.4141 2.5
    endloop
  endfacet
  facet normal 0 0 1
    outer loop
      vertex 34.6 23 2.5
      vertex 56.1193 38.5941 2.5
      vertex 56.0532 38.8922 2.5
    endloop
  endfacet
  facet normal 0 0 1
    outer loop
      vertex 57.0251 -37.0251 2.5
      vertex 34.5035 -23.5472 2.5
      vertex 56.8188 -37.2502 2.5
    endloop
  endfacet
  facet normal 0 0 1
    outer loop
      vertex 34.6 23 2.5
      vertex 56.0532 38.8922 2.5
      vertex 56.0133 39.195 2.5
    endloop
  endfacet
  facet normal -0 0 1
    outer loop
      vertex 34.4501 -23.6762 2.5
      vertex 56.8188 -37.2502 2.5
      vertex 34.5035 -23.5472 2.5
    endloop
  endfacet
  facet normal 0 0 1
    outer loop
      vertex 33.6762 24.4501 2.5
      vertex 56.0133 39.195 2.5
      vertex 56 39.5 2.5
    endloop
  endfacet
  facet normal 0 0 1
    outer loop
      vertex 56.8188 -37.2502 2.5
      vertex 34.4501 -23.6762 2.5
      vertex 56.633 -37.4925 2.5
    endloop
  endfacet
  facet normal 0 0 1
    outer loop
      vertex 56.633 -37.4925 2.5
      vertex 34.3856 -23.8 2.5
      vertex 56.4689 -37.75 2.5
    endloop
  endfacet
  facet normal -0 0 1
    outer loop
      vertex 34.3106 -23.9177 2.5
      vertex 56.4689 -37.75 2.5
      vertex 34.3856 -23.8 2.5
    endloop
  endfacet
  facet normal 0 0 1
    outer loop
      vertex 56.4689 -37.75 2.5
      vertex 34.3106 -23.9177 2.5
      vertex 56.3279 -38.0208 2.5
    endloop
  endfacet
  facet normal -0 0 1
    outer loop
      vertex 34.2257 -24.0285 2.5
      vertex 56.3279 -38.0208 2.5
      vertex 34.3106 -23.9177 2.5
    endloop
  endfacet
  facet normal 0 0 1
    outer loop
      vertex 56.3279 -38.0208 2.5
      vertex 34.2257 -24.0285 2.5
      vertex 56.2111 -38.3029 2.5
    endloop
  endfacet
  facet normal -0 0 1
    outer loop
      vertex 34.1314 -24.1314 2.5
      vertex 56.2111 -38.3029 2.5
      vertex 34.2257 -24.0285 2.5
    endloop
  endfacet
  facet normal -0 0 1
    outer loop
      vertex 34.0285 -24.2257 2.5
      vertex 56.2111 -38.3029 2.5
      vertex 34.1314 -24.1314 2.5
    endloop
  endfacet
  facet normal 0 0 1
    outer loop
      vertex 56.2111 -38.3029 2.5
      vertex 34.0285 -24.2257 2.5
      vertex 56.1193 -38.5941 2.5
    endloop
  endfacet
  facet normal -0 0 1
    outer loop
      vertex 33.9177 -24.3106 2.5
      vertex 56.1193 -38.5941 2.5
      vertex 34.0285 -24.2257 2.5
    endloop
  endfacet
  facet normal 0 0 1
    outer loop
      vertex 56.1193 -38.5941 2.5
      vertex 33.9177 -24.3106 2.5
      vertex 56.0532 -38.8922 2.5
    endloop
  endfacet
  facet normal -0 0 1
    outer loop
      vertex 33.8 -24.3856 2.5
      vertex 56.0532 -38.8922 2.5
      vertex 33.9177 -24.3106 2.5
    endloop
  endfacet
  facet normal 0 0 1
    outer loop
      vertex 56.0532 -38.8922 2.5
      vertex 33.8 -24.3856 2.5
      vertex 56.0133 -39.195 2.5
    endloop
  endfacet
  facet normal -0 0 1
    outer loop
      vertex 33.6762 -24.4501 2.5
      vertex 56.0133 -39.195 2.5
      vertex 33.8 -24.3856 2.5
    endloop
  endfacet
  facet normal 0 0 1
    outer loop
      vertex 56.0133 -39.195 2.5
      vertex 33.6762 -24.4501 2.5
      vertex 56 -39.5 2.5
    endloop
  endfacet
  facet normal -0 0 1
    outer loop
      vertex 33.5472 -24.5035 2.5
      vertex 56 -39.5 2.5
      vertex 33.6762 -24.4501 2.5
    endloop
  endfacet
  facet normal 0 0 1
    outer loop
      vertex 56 -39.5 2.5
      vertex 33.5472 -24.5035 2.5
      vertex 56.0133 -39.805 2.5
    endloop
  endfacet
  facet normal -0 0 1
    outer loop
      vertex 33.4141 -24.5455 2.5
      vertex 56.0133 -39.805 2.5
      vertex 33.5472 -24.5035 2.5
    endloop
  endfacet
  facet normal 0 0 1
    outer loop
      vertex 56.0133 -39.805 2.5
      vertex 33.4141 -24.5455 2.5
      vertex 56.0532 -40.1078 2.5
    endloop
  endfacet
  facet normal -0 0 1
    outer loop
      vertex 33.2778 -24.5757 2.5
      vertex 56.0532 -40.1078 2.5
      vertex 33.4141 -24.5455 2.5
    endloop
  endfacet
  facet normal 0 0 1
    outer loop
      vertex 56.0532 -40.1078 2.5
      vertex 33.2778 -24.5757 2.5
      vertex 56.1193 -40.4059 2.5
    endloop
  endfacet
  facet normal -0 0 1
    outer loop
      vertex 33.1395 -24.5939 2.5
      vertex 56.1193 -40.4059 2.5
      vertex 33.2778 -24.5757 2.5
    endloop
  endfacet
  facet normal 0 0 1
    outer loop
      vertex 56.1193 -40.4059 2.5
      vertex 33.1395 -24.5939 2.5
      vertex 56.2111 -40.6971 2.5
    endloop
  endfacet
  facet normal -0 0 1
    outer loop
      vertex 33 -24.6 2.5
      vertex 56.2111 -40.6971 2.5
      vertex 33.1395 -24.5939 2.5
    endloop
  endfacet
  facet normal 0 0 1
    outer loop
      vertex 56.2111 -40.6971 2.5
      vertex 33 -24.6 2.5
      vertex 56.3279 -40.9792 2.5
    endloop
  endfacet
  facet normal 0 0 1
    outer loop
      vertex 32.8605 -24.5939 2.5
      vertex 56.3279 -40.9792 2.5
      vertex 33 -24.6 2.5
    endloop
  endfacet
  facet normal 0 0 1
    outer loop
      vertex 56.3279 -40.9792 2.5
      vertex 32.8605 -24.5939 2.5
      vertex 56.4689 -41.25 2.5
    endloop
  endfacet
  facet normal 0 0 1
    outer loop
      vertex 32.7222 -24.5757 2.5
      vertex 56.4689 -41.25 2.5
      vertex 32.8605 -24.5939 2.5
    endloop
  endfacet
  facet normal 0 0 1
    outer loop
      vertex 56.4689 -41.25 2.5
      vertex 32.7222 -24.5757 2.5
      vertex 56.633 -41.5075 2.5
    endloop
  endfacet
  facet normal 0 0 1
    outer loop
      vertex 32.5859 -24.5455 2.5
      vertex 56.633 -41.5075 2.5
      vertex 32.7222 -24.5757 2.5
    endloop
  endfacet
  facet normal 0 0 1
    outer loop
      vertex 56.633 -41.5075 2.5
      vertex 32.5859 -24.5455 2.5
      vertex 56.8188 -41.7498 2.5
    endloop
  endfacet
  facet normal 0 0 1
    outer loop
      vertex 32.4528 -24.5035 2.5
      vertex 56.8188 -41.7498 2.5
      vertex 32.5859 -24.5455 2.5
    endloop
  endfacet
  facet normal 0 0 1
    outer loop
      vertex 32.3238 -24.4501 2.5
      vertex 56.8188 -41.7498 2.5
      vertex 32.4528 -24.5035 2.5
    endloop
  endfacet
  facet normal 0 0 1
    outer loop
      vertex 56.8188 -41.7498 2.5
      vertex 32.3238 -24.4501 2.5
      vertex 57.0251 -41.9749 2.5
    endloop
  endfacet
  facet normal -0 0 1
    outer loop
      vertex -32.3238 -24.4501 2.5
      vertex 57.0251 -41.9749 2.5
      vertex 32.3238 -24.4501 2.5
    endloop
  endfacet
  facet normal 0 0 1
    outer loop
      vertex -57.0251 -41.9749 2.5
      vertex 57.0251 -41.9749 2.5
      vertex -32.3238 -24.4501 2.5
    endloop
  endfacet
  facet normal 0 0 1
    outer loop
      vertex -32.3238 -24.4501 2.5
      vertex 32.3238 -24.4501 2.5
      vertex 32.2 -24.3856 2.5
    endloop
  endfacet
  facet normal 0 0 1
    outer loop
      vertex -32.2 -24.3856 2.5
      vertex 32.2 -24.3856 2.5
      vertex 32.0823 -24.3106 2.5
    endloop
  endfacet
  facet normal 0 0 1
    outer loop
      vertex 31.4061 -22.8605 2.5
      vertex -31.4 -23 2.5
      vertex 31.4 -23 2.5
    endloop
  endfacet
  facet normal 0 0 1
    outer loop
      vertex 31.4 -23 2.5
      vertex -31.4 -23 2.5
      vertex 31.4061 -23.1395 2.5
    endloop
  endfacet
  facet normal 0 0 1
    outer loop
      vertex -31.4061 -23.1395 2.5
      vertex 31.4061 -23.1395 2.5
      vertex -31.4 -23 2.5
    endloop
  endfacet
  facet normal 0 0 1
    outer loop
      vertex 31.4061 -23.1395 2.5
      vertex -31.4061 -23.1395 2.5
      vertex 31.4243 -23.2778 2.5
    endloop
  endfacet
  facet normal 0 0 1
    outer loop
      vertex -31.4243 -23.2778 2.5
      vertex 31.4243 -23.2778 2.5
      vertex -31.4061 -23.1395 2.5
    endloop
  endfacet
  facet normal 0 0 1
    outer loop
      vertex 31.4243 -23.2778 2.5
      vertex -31.4243 -23.2778 2.5
      vertex 31.4545 -23.4141 2.5
    endloop
  endfacet
  facet normal 0 0 1
    outer loop
      vertex -31.4545 -23.4141 2.5
      vertex 31.4545 -23.4141 2.5
      vertex -31.4243 -23.2778 2.5
    endloop
  endfacet
  facet normal 0 0 1
    outer loop
      vertex 31.4545 -23.4141 2.5
      vertex -31.4545 -23.4141 2.5
      vertex 31.4965 -23.5472 2.5
    endloop
  endfacet
  facet normal 0 0 1
    outer loop
      vertex -31.4965 -23.5472 2.5
      vertex 31.4965 -23.5472 2.5
      vertex -31.4545 -23.4141 2.5
    endloop
  endfacet
  facet normal 0 0 1
    outer loop
      vertex 31.4965 -23.5472 2.5
      vertex -31.4965 -23.5472 2.5
      vertex 31.5499 -23.6762 2.5
    endloop
  endfacet
  facet normal 0 0 1
    outer loop
      vertex -31.5499 -23.6762 2.5
      vertex 31.5499 -23.6762 2.5
      vertex -31.4965 -23.5472 2.5
    endloop
  endfacet
  facet normal 0 0 1
    outer loop
      vertex 31.5499 -23.6762 2.5
      vertex -31.5499 -23.6762 2.5
      vertex 31.6144 -23.8 2.5
    endloop
  endfacet
  facet normal 0 0 1
    outer loop
      vertex -31.6144 -23.8 2.5
      vertex 31.6144 -23.8 2.5
      vertex -31.5499 -23.6762 2.5
    endloop
  endfacet
  facet normal 0 0 1
    outer loop
      vertex 31.6144 -23.8 2.5
      vertex -31.6144 -23.8 2.5
      vertex 31.6894 -23.9177 2.5
    endloop
  endfacet
  facet normal 0 0 1
    outer loop
      vertex -31.6894 -23.9177 2.5
      vertex 31.6894 -23.9177 2.5
      vertex -31.6144 -23.8 2.5
    endloop
  endfacet
  facet normal 0 0 1
    outer loop
      vertex 31.6894 -23.9177 2.5
      vertex -31.6894 -23.9177 2.5
      vertex 31.7743 -24.0285 2.5
    endloop
  endfacet
  facet normal 0 0 1
    outer loop
      vertex -31.7743 -24.0285 2.5
      vertex 31.7743 -24.0285 2.5
      vertex -31.6894 -23.9177 2.5
    endloop
  endfacet
  facet normal 0 0 1
    outer loop
      vertex 31.7743 -24.0285 2.5
      vertex -31.7743 -24.0285 2.5
      vertex 31.8686 -24.1314 2.5
    endloop
  endfacet
  facet normal 0 0 1
    outer loop
      vertex -31.8686 -24.1314 2.5
      vertex 31.8686 -24.1314 2.5
      vertex -31.7743 -24.0285 2.5
    endloop
  endfacet
  facet normal 0 0 1
    outer loop
      vertex 31.8686 -24.1314 2.5
      vertex -31.8686 -24.1314 2.5
      vertex 31.9715 -24.2257 2.5
    endloop
  endfacet
  facet normal 0 0 1
    outer loop
      vertex -31.9715 -24.2257 2.5
      vertex 31.9715 -24.2257 2.5
      vertex -31.8686 -24.1314 2.5
    endloop
  endfacet
  facet normal 0 0 1
    outer loop
      vertex 31.9715 -24.2257 2.5
      vertex -31.9715 -24.2257 2.5
      vertex 32.0823 -24.3106 2.5
    endloop
  endfacet
  facet normal 0 0 1
    outer loop
      vertex -32.0823 -24.3106 2.5
      vertex 32.0823 -24.3106 2.5
      vertex -31.9715 -24.2257 2.5
    endloop
  endfacet
  facet normal 0 0 1
    outer loop
      vertex -32.2 -24.3856 2.5
      vertex 32.0823 -24.3106 2.5
      vertex -32.0823 -24.3106 2.5
    endloop
  endfacet
  facet normal 0 0 1
    outer loop
      vertex 32.2 -24.3856 2.5
      vertex -32.2 -24.3856 2.5
      vertex -32.3238 -24.4501 2.5
    endloop
  endfacet
  facet normal 0 0 1
    outer loop
      vertex 57.0251 -41.9749 2.5
      vertex -57.0251 -41.9749 2.5
      vertex 57.2502 -42.1812 2.5
    endloop
  endfacet
  facet normal 0 0 1
    outer loop
      vertex -57.2502 -42.1812 2.5
      vertex 57.2502 -42.1812 2.5
      vertex -57.0251 -41.9749 2.5
    endloop
  endfacet
  facet normal 0 0 1
    outer loop
      vertex -56.8188 -41.7498 2.5
      vertex -32.3238 -24.4501 2.5
      vertex -32.4528 -24.5035 2.5
    endloop
  endfacet
  facet normal 0 0 1
    outer loop
      vertex -56.8188 -41.7498 2.5
      vertex -32.4528 -24.5035 2.5
      vertex -32.5859 -24.5455 2.5
    endloop
  endfacet
  facet normal 0 0 1
    outer loop
      vertex -56.633 -41.5075 2.5
      vertex -32.5859 -24.5455 2.5
      vertex -32.7222 -24.5757 2.5
    endloop
  endfacet
  facet normal 0 0 1
    outer loop
      vertex -56.4689 -41.25 2.5
      vertex -32.7222 -24.5757 2.5
      vertex -32.8605 -24.5939 2.5
    endloop
  endfacet
  facet normal 0 0 1
    outer loop
      vertex -56.3279 -40.9792 2.5
      vertex -32.8605 -24.5939 2.5
      vertex -33 -24.6 2.5
    endloop
  endfacet
  facet normal 0 0 1
    outer loop
      vertex -56.2111 -40.6971 2.5
      vertex -33 -24.6 2.5
      vertex -33.1395 -24.5939 2.5
    endloop
  endfacet
  facet normal 0 0 1
    outer loop
      vertex -56.1193 -40.4059 2.5
      vertex -33.1395 -24.5939 2.5
      vertex -33.2778 -24.5757 2.5
    endloop
  endfacet
  facet normal 0 0 1
    outer loop
      vertex -34.5939 -22.8605 2.5
      vertex -56 -39.5 2.5
      vertex -34.6 -23 2.5
    endloop
  endfacet
  facet normal 0 0 1
    outer loop
      vertex -34.6 -23 2.5
      vertex -56 -39.5 2.5
      vertex -34.5939 -23.1395 2.5
    endloop
  endfacet
  facet normal 0 0 1
    outer loop
      vertex -34.5939 -23.1395 2.5
      vertex -56 -39.5 2.5
      vertex -34.5757 -23.2778 2.5
    endloop
  endfacet
  facet normal 0 0 1
    outer loop
      vertex -34.5757 -23.2778 2.5
      vertex -56 -39.5 2.5
      vertex -34.5455 -23.4141 2.5
    endloop
  endfacet
  facet normal 0 0 1
    outer loop
      vertex -34.5455 -23.4141 2.5
      vertex -56 -39.5 2.5
      vertex -34.5035 -23.5472 2.5
    endloop
  endfacet
  facet normal 0 0 1
    outer loop
      vertex -56 -39.5 2.5
      vertex -34.4501 -23.6762 2.5
      vertex -34.5035 -23.5472 2.5
    endloop
  endfacet
  facet normal 0 0 1
    outer loop
      vertex -56 -39.5 2.5
      vertex -34.3856 -23.8 2.5
      vertex -34.4501 -23.6762 2.5
    endloop
  endfacet
  facet normal 0 0 1
    outer loop
      vertex -56 -39.5 2.5
      vertex -34.3106 -23.9177 2.5
      vertex -34.3856 -23.8 2.5
    endloop
  endfacet
  facet normal 0 0 1
    outer loop
      vertex -56 -39.5 2.5
      vertex -34.2257 -24.0285 2.5
      vertex -34.3106 -23.9177 2.5
    endloop
  endfacet
  facet normal 0 0 1
    outer loop
      vertex -56 -39.5 2.5
      vertex -34.1314 -24.1314 2.5
      vertex -34.2257 -24.0285 2.5
    endloop
  endfacet
  facet normal 0 0 1
    outer loop
      vertex -56 -39.5 2.5
      vertex -34.0285 -24.2257 2.5
      vertex -34.1314 -24.1314 2.5
    endloop
  endfacet
  facet normal 0 0 1
    outer loop
      vertex -56 -39.5 2.5
      vertex -33.9177 -24.3106 2.5
      vertex -34.0285 -24.2257 2.5
    endloop
  endfacet
  facet normal 0 0 1
    outer loop
      vertex -56 -39.5 2.5
      vertex -33.8 -24.3856 2.5
      vertex -33.9177 -24.3106 2.5
    endloop
  endfacet
  facet normal 0 0 1
    outer loop
      vertex -56 -39.5 2.5
      vertex -33.6762 -24.4501 2.5
      vertex -33.8 -24.3856 2.5
    endloop
  endfacet
  facet normal 0 0 1
    outer loop
      vertex -56 -39.5 2.5
      vertex -33.5472 -24.5035 2.5
      vertex -33.6762 -24.4501 2.5
    endloop
  endfacet
  facet normal 0 0 1
    outer loop
      vertex -56.0133 -39.805 2.5
      vertex -33.5472 -24.5035 2.5
      vertex -56 -39.5 2.5
    endloop
  endfacet
  facet normal 0 0 1
    outer loop
      vertex -33.5472 -24.5035 2.5
      vertex -56.0133 -39.805 2.5
      vertex -33.4141 -24.5455 2.5
    endloop
  endfacet
  facet normal 0 0 1
    outer loop
      vertex -56.0532 -40.1078 2.5
      vertex -33.4141 -24.5455 2.5
      vertex -56.0133 -39.805 2.5
    endloop
  endfacet
  facet normal 0 0 1
    outer loop
      vertex -33.4141 -24.5455 2.5
      vertex -56.0532 -40.1078 2.5
      vertex -33.2778 -24.5757 2.5
    endloop
  endfacet
  facet normal 0 0 1
    outer loop
      vertex -56.1193 -40.4059 2.5
      vertex -33.2778 -24.5757 2.5
      vertex -56.0532 -40.1078 2.5
    endloop
  endfacet
  facet normal 0 0 1
    outer loop
      vertex -33.1395 -24.5939 2.5
      vertex -56.1193 -40.4059 2.5
      vertex -56.2111 -40.6971 2.5
    endloop
  endfacet
  facet normal 0 0 1
    outer loop
      vertex -33 -24.6 2.5
      vertex -56.2111 -40.6971 2.5
      vertex -56.3279 -40.9792 2.5
    endloop
  endfacet
  facet normal 0 0 1
    outer loop
      vertex -32.8605 -24.5939 2.5
      vertex -56.3279 -40.9792 2.5
      vertex -56.4689 -41.25 2.5
    endloop
  endfacet
  facet normal 0 0 1
    outer loop
      vertex -32.7222 -24.5757 2.5
      vertex -56.4689 -41.25 2.5
      vertex -56.633 -41.5075 2.5
    endloop
  endfacet
  facet normal 0 0 1
    outer loop
      vertex -32.5859 -24.5455 2.5
      vertex -56.633 -41.5075 2.5
      vertex -56.8188 -41.7498 2.5
    endloop
  endfacet
  facet normal 0 0 1
    outer loop
      vertex -32.3238 -24.4501 2.5
      vertex -56.8188 -41.7498 2.5
      vertex -57.0251 -41.9749 2.5
    endloop
  endfacet
  facet normal 0 0 1
    outer loop
      vertex 57.2502 -42.1812 2.5
      vertex -57.2502 -42.1812 2.5
      vertex 57.4925 -42.367 2.5
    endloop
  endfacet
  facet normal 0 0 1
    outer loop
      vertex -57.4925 -42.367 2.5
      vertex 57.4925 -42.367 2.5
      vertex -57.2502 -42.1812 2.5
    endloop
  endfacet
  facet normal 0 0 1
    outer loop
      vertex 57.4925 -42.367 2.5
      vertex -57.4925 -42.367 2.5
      vertex 57.7012 -42.5 2.5
    endloop
  endfacet
  facet normal 0 0 1
    outer loop
      vertex 57.7012 -42.5 2.5
      vertex -57.4925 -42.367 2.5
      vertex -57.7012 -42.5 2.5
    endloop
  endfacet
  facet normal 0 0 1
    outer loop
      vertex -58.1053 -39.378 2.5
      vertex -58.1053 -39.622 2.5
      vertex -58.1 -39.5 2.5
    endloop
  endfacet
  facet normal 0 0 1
    outer loop
      vertex -58.1213 -39.2569 2.5
      vertex -58.1053 -39.622 2.5
      vertex -58.1053 -39.378 2.5
    endloop
  endfacet
  facet normal 0 0 1
    outer loop
      vertex -58.1213 -39.2569 2.5
      vertex -58.1213 -39.7431 2.5
      vertex -58.1053 -39.622 2.5
    endloop
  endfacet
  facet normal 0 0 1
    outer loop
      vertex -58.1477 -39.1377 2.5
      vertex -58.1213 -39.7431 2.5
      vertex -58.1213 -39.2569 2.5
    endloop
  endfacet
  facet normal 0 0 1
    outer loop
      vertex -58.1477 -39.1377 2.5
      vertex -58.1477 -39.8623 2.5
      vertex -58.1213 -39.7431 2.5
    endloop
  endfacet
  facet normal 0 0 1
    outer loop
      vertex -58.1844 -39.0212 2.5
      vertex -58.1477 -39.8623 2.5
      vertex -58.1477 -39.1377 2.5
    endloop
  endfacet
  facet normal 0 0 1
    outer loop
      vertex -58.1844 -39.0212 2.5
      vertex -58.1844 -39.9788 2.5
      vertex -58.1477 -39.8623 2.5
    endloop
  endfacet
  facet normal 0 0 1
    outer loop
      vertex -58.2312 -38.9083 2.5
      vertex -58.1844 -39.9788 2.5
      vertex -58.1844 -39.0212 2.5
    endloop
  endfacet
  facet normal 0 0 1
    outer loop
      vertex -58.2312 -38.9083 2.5
      vertex -58.2312 -40.0917 2.5
      vertex -58.1844 -39.9788 2.5
    endloop
  endfacet
  facet normal 0 0 1
    outer loop
      vertex -58.2876 -38.8 2.5
      vertex -58.2312 -40.0917 2.5
      vertex -58.2312 -38.9083 2.5
    endloop
  endfacet
  facet normal 0 0 1
    outer loop
      vertex -58.2876 -38.8 2.5
      vertex -58.2876 -40.2 2.5
      vertex -58.2312 -40.0917 2.5
    endloop
  endfacet
  facet normal 0 0 1
    outer loop
      vertex -58.3532 -38.697 2.5
      vertex -58.2876 -40.2 2.5
      vertex -58.2876 -38.8 2.5
    endloop
  endfacet
  facet normal 0 0 1
    outer loop
      vertex -58.3532 -38.697 2.5
      vertex -58.3532 -40.303 2.5
      vertex -58.2876 -40.2 2.5
    endloop
  endfacet
  facet normal 0 0 1
    outer loop
      vertex -58.4275 -38.6001 2.5
      vertex -58.3532 -40.303 2.5
      vertex -58.3532 -38.697 2.5
    endloop
  endfacet
  facet normal 0 0 1
    outer loop
      vertex -58.4275 -38.6001 2.5
      vertex -58.4275 -40.3999 2.5
      vertex -58.3532 -40.303 2.5
    endloop
  endfacet
  facet normal 0 0 1
    outer loop
      vertex -58.5101 -38.5101 2.5
      vertex -58.4275 -40.3999 2.5
      vertex -58.4275 -38.6001 2.5
    endloop
  endfacet
  facet normal 0 0 1
    outer loop
      vertex -58.5101 -38.5101 2.5
      vertex -58.5101 -40.4899 2.5
      vertex -58.4275 -40.3999 2.5
    endloop
  endfacet
  facet normal 0 0 1
    outer loop
      vertex -58.6001 -38.4275 2.5
      vertex -58.5101 -40.4899 2.5
      vertex -58.5101 -38.5101 2.5
    endloop
  endfacet
  facet normal 0 0 1
    outer loop
      vertex -58.6001 -38.4275 2.5
      vertex -58.6001 -40.5725 2.5
      vertex -58.5101 -40.4899 2.5
    endloop
  endfacet
  facet normal 0 0 1
    outer loop
      vertex -58.697 -38.3532 2.5
      vertex -58.6001 -40.5725 2.5
      vertex -58.6001 -38.4275 2.5
    endloop
  endfacet
  facet normal 0 0 1
    outer loop
      vertex -58.697 -38.3532 2.5
      vertex -58.697 -40.6468 2.5
      vertex -58.6001 -40.5725 2.5
    endloop
  endfacet
  facet normal 0 0 1
    outer loop
      vertex -58.8 -38.2876 2.5
      vertex -58.697 -40.6468 2.5
      vertex -58.697 -38.3532 2.5
    endloop
  endfacet
  facet normal 0 0 1
    outer loop
      vertex -58.8 -38.2876 2.5
      vertex -58.8 -40.7124 2.5
      vertex -58.697 -40.6468 2.5
    endloop
  endfacet
  facet normal 0 0 1
    outer loop
      vertex -58.9083 -38.2312 2.5
      vertex -58.8 -40.7124 2.5
      vertex -58.8 -38.2876 2.5
    endloop
  endfacet
  facet normal 0 0 1
    outer loop
      vertex -58.9083 -38.2312 2.5
      vertex -58.9083 -40.7688 2.5
      vertex -58.8 -40.7124 2.5
    endloop
  endfacet
  facet normal 0 0 1
    outer loop
      vertex -59.0212 -38.1844 2.5
      vertex -58.9083 -40.7688 2.5
      vertex -58.9083 -38.2312 2.5
    endloop
  endfacet
  facet normal 0 0 1
    outer loop
      vertex -59.0212 -38.1844 2.5
      vertex -59.0212 -40.8156 2.5
      vertex -58.9083 -40.7688 2.5
    endloop
  endfacet
  facet normal 0 0 1
    outer loop
      vertex -59.1377 -38.1477 2.5
      vertex -59.0212 -40.8156 2.5
      vertex -59.0212 -38.1844 2.5
    endloop
  endfacet
  facet normal 0 0 1
    outer loop
      vertex -59.1377 -38.1477 2.5
      vertex -59.1377 -40.8523 2.5
      vertex -59.0212 -40.8156 2.5
    endloop
  endfacet
  facet normal 0 0 1
    outer loop
      vertex -59.2569 -38.1213 2.5
      vertex -59.1377 -40.8523 2.5
      vertex -59.1377 -38.1477 2.5
    endloop
  endfacet
  facet normal 0 0 1
    outer loop
      vertex -59.2569 -38.1213 2.5
      vertex -59.2569 -40.8787 2.5
      vertex -59.1377 -40.8523 2.5
    endloop
  endfacet
  facet normal 0 0 1
    outer loop
      vertex -59.378 -38.1053 2.5
      vertex -59.2569 -40.8787 2.5
      vertex -59.2569 -38.1213 2.5
    endloop
  endfacet
  facet normal 0 0 1
    outer loop
      vertex -59.378 -38.1053 2.5
      vertex -59.378 -40.8947 2.5
      vertex -59.2569 -40.8787 2.5
    endloop
  endfacet
  facet normal 0 0 1
    outer loop
      vertex -59.5 -38.1 2.5
      vertex -59.378 -40.8947 2.5
      vertex -59.378 -38.1053 2.5
    endloop
  endfacet
  facet normal 0 0 1
    outer loop
      vertex -59.5 -38.1 2.5
      vertex -59.5 -40.9 2.5
      vertex -59.378 -40.8947 2.5
    endloop
  endfacet
  facet normal -0 0 1
    outer loop
      vertex -59.622 -38.1053 2.5
      vertex -59.5 -40.9 2.5
      vertex -59.5 -38.1 2.5
    endloop
  endfacet
  facet normal 0 0 1
    outer loop
      vertex -59.622 -38.1053 2.5
      vertex -59.622 -40.8947 2.5
      vertex -59.5 -40.9 2.5
    endloop
  endfacet
  facet normal -0 0 1
    outer loop
      vertex -59.7431 -38.1213 2.5
      vertex -59.622 -40.8947 2.5
      vertex -59.622 -38.1053 2.5
    endloop
  endfacet
  facet normal 0 0 1
    outer loop
      vertex -59.7431 -38.1213 2.5
      vertex -59.7431 -40.8787 2.5
      vertex -59.622 -40.8947 2.5
    endloop
  endfacet
  facet normal -0 0 1
    outer loop
      vertex -59.8623 -38.1477 2.5
      vertex -59.7431 -40.8787 2.5
      vertex -59.7431 -38.1213 2.5
    endloop
  endfacet
  facet normal 0 0 1
    outer loop
      vertex -59.8623 -38.1477 2.5
      vertex -59.8623 -40.8523 2.5
      vertex -59.7431 -40.8787 2.5
    endloop
  endfacet
  facet normal -0 0 1
    outer loop
      vertex -59.9788 -38.1844 2.5
      vertex -59.8623 -40.8523 2.5
      vertex -59.8623 -38.1477 2.5
    endloop
  endfacet
  facet normal 0 0 1
    outer loop
      vertex -59.9788 -38.1844 2.5
      vertex -59.9788 -40.8156 2.5
      vertex -59.8623 -40.8523 2.5
    endloop
  endfacet
  facet normal -0 0 1
    outer loop
      vertex -60.0917 -38.2312 2.5
      vertex -59.9788 -40.8156 2.5
      vertex -59.9788 -38.1844 2.5
    endloop
  endfacet
  facet normal 0 0 1
    outer loop
      vertex -60.0917 -38.2312 2.5
      vertex -60.0917 -40.7688 2.5
      vertex -59.9788 -40.8156 2.5
    endloop
  endfacet
  facet normal -0 0 1
    outer loop
      vertex -60.2 -38.2876 2.5
      vertex -60.0917 -40.7688 2.5
      vertex -60.0917 -38.2312 2.5
    endloop
  endfacet
  facet normal 0 0 1
    outer loop
      vertex -60.2 -38.2876 2.5
      vertex -60.2 -40.7124 2.5
      vertex -60.0917 -40.7688 2.5
    endloop
  endfacet
  facet normal -0 0 1
    outer loop
      vertex -60.303 -38.3532 2.5
      vertex -60.2 -40.7124 2.5
      vertex -60.2 -38.2876 2.5
    endloop
  endfacet
  facet normal 0 0 1
    outer loop
      vertex -60.303 -38.3532 2.5
      vertex -60.303 -40.6468 2.5
      vertex -60.2 -40.7124 2.5
    endloop
  endfacet
  facet normal -0 0 1
    outer loop
      vertex -60.3999 -38.4275 2.5
      vertex -60.303 -40.6468 2.5
      vertex -60.303 -38.3532 2.5
    endloop
  endfacet
  facet normal 0 0 1
    outer loop
      vertex -60.3999 -38.4275 2.5
      vertex -60.3999 -40.5725 2.5
      vertex -60.303 -40.6468 2.5
    endloop
  endfacet
  facet normal -0 0 1
    outer loop
      vertex -60.4899 -38.5101 2.5
      vertex -60.3999 -40.5725 2.5
      vertex -60.3999 -38.4275 2.5
    endloop
  endfacet
  facet normal 0 0 1
    outer loop
      vertex -60.4899 -38.5101 2.5
      vertex -60.4899 -40.4899 2.5
      vertex -60.3999 -40.5725 2.5
    endloop
  endfacet
  facet normal -0 0 1
    outer loop
      vertex -60.5725 -38.6001 2.5
      vertex -60.4899 -40.4899 2.5
      vertex -60.4899 -38.5101 2.5
    endloop
  endfacet
  facet normal 0 0 1
    outer loop
      vertex -60.5725 -38.6001 2.5
      vertex -60.5725 -40.3999 2.5
      vertex -60.4899 -40.4899 2.5
    endloop
  endfacet
  facet normal -0 0 1
    outer loop
      vertex -60.6468 -38.697 2.5
      vertex -60.5725 -40.3999 2.5
      vertex -60.5725 -38.6001 2.5
    endloop
  endfacet
  facet normal 0 0 1
    outer loop
      vertex -60.6468 -38.697 2.5
      vertex -60.6468 -40.303 2.5
      vertex -60.5725 -40.3999 2.5
    endloop
  endfacet
  facet normal -0 0 1
    outer loop
      vertex -60.7124 -38.8 2.5
      vertex -60.6468 -40.303 2.5
      vertex -60.6468 -38.697 2.5
    endloop
  endfacet
  facet normal 0 0 1
    outer loop
      vertex -60.7124 -38.8 2.5
      vertex -60.7124 -40.2 2.5
      vertex -60.6468 -40.303 2.5
    endloop
  endfacet
  facet normal -0 0 1
    outer loop
      vertex -60.7688 -38.9083 2.5
      vertex -60.7124 -40.2 2.5
      vertex -60.7124 -38.8 2.5
    endloop
  endfacet
  facet normal 0 0 1
    outer loop
      vertex -60.7688 -38.9083 2.5
      vertex -60.7688 -40.0917 2.5
      vertex -60.7124 -40.2 2.5
    endloop
  endfacet
  facet normal -0 0 1
    outer loop
      vertex -60.8156 -39.0212 2.5
      vertex -60.7688 -40.0917 2.5
      vertex -60.7688 -38.9083 2.5
    endloop
  endfacet
  facet normal 0 0 1
    outer loop
      vertex -60.8156 -39.0212 2.5
      vertex -60.8156 -39.9788 2.5
      vertex -60.7688 -40.0917 2.5
    endloop
  endfacet
  facet normal -0 0 1
    outer loop
      vertex -60.8523 -39.1377 2.5
      vertex -60.8156 -39.9788 2.5
      vertex -60.8156 -39.0212 2.5
    endloop
  endfacet
  facet normal 0 0 1
    outer loop
      vertex -60.8523 -39.1377 2.5
      vertex -60.8523 -39.8623 2.5
      vertex -60.8156 -39.9788 2.5
    endloop
  endfacet
  facet normal -0 0 1
    outer loop
      vertex -60.8787 -39.2569 2.5
      vertex -60.8523 -39.8623 2.5
      vertex -60.8523 -39.1377 2.5
    endloop
  endfacet
  facet normal 0 0 1
    outer loop
      vertex -60.8787 -39.2569 2.5
      vertex -60.8787 -39.7431 2.5
      vertex -60.8523 -39.8623 2.5
    endloop
  endfacet
  facet normal -0 0 1
    outer loop
      vertex -60.8947 -39.378 2.5
      vertex -60.8787 -39.7431 2.5
      vertex -60.8787 -39.2569 2.5
    endloop
  endfacet
  facet normal 0 0 1
    outer loop
      vertex -60.8947 -39.378 2.5
      vertex -60.8947 -39.622 2.5
      vertex -60.8787 -39.7431 2.5
    endloop
  endfacet
  facet normal 0 -0 1
    outer loop
      vertex -60.8947 -39.622 2.5
      vertex -60.8947 -39.378 2.5
      vertex -60.9 -39.5 2.5
    endloop
  endfacet
  facet normal 0 0 1
    outer loop
      vertex -58.1053 39.622 2.5
      vertex -58.1053 39.378 2.5
      vertex -58.1 39.5 2.5
    endloop
  endfacet
  facet normal 0 0 1
    outer loop
      vertex -58.1213 39.7431 2.5
      vertex -58.1053 39.378 2.5
      vertex -58.1053 39.622 2.5
    endloop
  endfacet
  facet normal 0 0 1
    outer loop
      vertex -58.1213 39.7431 2.5
      vertex -58.1213 39.2569 2.5
      vertex -58.1053 39.378 2.5
    endloop
  endfacet
  facet normal 0 0 1
    outer loop
      vertex -58.1477 39.8623 2.5
      vertex -58.1213 39.2569 2.5
      vertex -58.1213 39.7431 2.5
    endloop
  endfacet
  facet normal 0 0 1
    outer loop
      vertex -58.1477 39.8623 2.5
      vertex -58.1477 39.1377 2.5
      vertex -58.1213 39.2569 2.5
    endloop
  endfacet
  facet normal 0 0 1
    outer loop
      vertex -58.1844 39.9788 2.5
      vertex -58.1477 39.1377 2.5
      vertex -58.1477 39.8623 2.5
    endloop
  endfacet
  facet normal 0 0 1
    outer loop
      vertex -58.1844 39.9788 2.5
      vertex -58.1844 39.0212 2.5
      vertex -58.1477 39.1377 2.5
    endloop
  endfacet
  facet normal 0 0 1
    outer loop
      vertex -58.2312 40.0917 2.5
      vertex -58.1844 39.0212 2.5
      vertex -58.1844 39.9788 2.5
    endloop
  endfacet
  facet normal 0 0 1
    outer loop
      vertex -58.2312 40.0917 2.5
      vertex -58.2312 38.9083 2.5
      vertex -58.1844 39.0212 2.5
    endloop
  endfacet
  facet normal 0 0 1
    outer loop
      vertex -58.2876 40.2 2.5
      vertex -58.2312 38.9083 2.5
      vertex -58.2312 40.0917 2.5
    endloop
  endfacet
  facet normal 0 0 1
    outer loop
      vertex -58.2876 40.2 2.5
      vertex -58.2876 38.8 2.5
      vertex -58.2312 38.9083 2.5
    endloop
  endfacet
  facet normal 0 0 1
    outer loop
      vertex -58.3532 40.303 2.5
      vertex -58.2876 38.8 2.5
      vertex -58.2876 40.2 2.5
    endloop
  endfacet
  facet normal 0 0 1
    outer loop
      vertex -58.3532 40.303 2.5
      vertex -58.3532 38.697 2.5
      vertex -58.2876 38.8 2.5
    endloop
  endfacet
  facet normal 0 0 1
    outer loop
      vertex -58.4275 40.3999 2.5
      vertex -58.3532 38.697 2.5
      vertex -58.3532 40.303 2.5
    endloop
  endfacet
  facet normal 0 0 1
    outer loop
      vertex -58.4275 40.3999 2.5
      vertex -58.4275 38.6001 2.5
      vertex -58.3532 38.697 2.5
    endloop
  endfacet
  facet normal 0 0 1
    outer loop
      vertex -58.5101 40.4899 2.5
      vertex -58.4275 38.6001 2.5
      vertex -58.4275 40.3999 2.5
    endloop
  endfacet
  facet normal 0 0 1
    outer loop
      vertex -58.5101 40.4899 2.5
      vertex -58.5101 38.5101 2.5
      vertex -58.4275 38.6001 2.5
    endloop
  endfacet
  facet normal 0 0 1
    outer loop
      vertex -58.6001 40.5725 2.5
      vertex -58.5101 38.5101 2.5
      vertex -58.5101 40.4899 2.5
    endloop
  endfacet
  facet normal 0 0 1
    outer loop
      vertex -58.6001 40.5725 2.5
      vertex -58.6001 38.4275 2.5
      vertex -58.5101 38.5101 2.5
    endloop
  endfacet
  facet normal 0 0 1
    outer loop
      vertex -58.697 40.6468 2.5
      vertex -58.6001 38.4275 2.5
      vertex -58.6001 40.5725 2.5
    endloop
  endfacet
  facet normal 0 0 1
    outer loop
      vertex -58.697 40.6468 2.5
      vertex -58.697 38.3532 2.5
      vertex -58.6001 38.4275 2.5
    endloop
  endfacet
  facet normal 0 0 1
    outer loop
      vertex -58.8 40.7124 2.5
      vertex -58.697 38.3532 2.5
      vertex -58.697 40.6468 2.5
    endloop
  endfacet
  facet normal 0 0 1
    outer loop
      vertex -58.8 40.7124 2.5
      vertex -58.8 38.2876 2.5
      vertex -58.697 38.3532 2.5
    endloop
  endfacet
  facet normal 0 0 1
    outer loop
      vertex -58.9083 40.7688 2.5
      vertex -58.8 38.2876 2.5
      vertex -58.8 40.7124 2.5
    endloop
  endfacet
  facet normal 0 0 1
    outer loop
      vertex -58.9083 40.7688 2.5
      vertex -58.9083 38.2312 2.5
      vertex -58.8 38.2876 2.5
    endloop
  endfacet
  facet normal 0 0 1
    outer loop
      vertex -59.0212 40.8156 2.5
      vertex -58.9083 38.2312 2.5
      vertex -58.9083 40.7688 2.5
    endloop
  endfacet
  facet normal 0 0 1
    outer loop
      vertex -59.0212 40.8156 2.5
      vertex -59.0212 38.1844 2.5
      vertex -58.9083 38.2312 2.5
    endloop
  endfacet
  facet normal 0 0 1
    outer loop
      vertex -59.1377 40.8523 2.5
      vertex -59.0212 38.1844 2.5
      vertex -59.0212 40.8156 2.5
    endloop
  endfacet
  facet normal 0 0 1
    outer loop
      vertex -59.1377 40.8523 2.5
      vertex -59.1377 38.1477 2.5
      vertex -59.0212 38.1844 2.5
    endloop
  endfacet
  facet normal 0 0 1
    outer loop
      vertex -59.2569 40.8787 2.5
      vertex -59.1377 38.1477 2.5
      vertex -59.1377 40.8523 2.5
    endloop
  endfacet
  facet normal 0 0 1
    outer loop
      vertex -59.2569 40.8787 2.5
      vertex -59.2569 38.1213 2.5
      vertex -59.1377 38.1477 2.5
    endloop
  endfacet
  facet normal 0 0 1
    outer loop
      vertex -59.378 40.8947 2.5
      vertex -59.2569 38.1213 2.5
      vertex -59.2569 40.8787 2.5
    endloop
  endfacet
  facet normal 0 0 1
    outer loop
      vertex -59.378 40.8947 2.5
      vertex -59.378 38.1053 2.5
      vertex -59.2569 38.1213 2.5
    endloop
  endfacet
  facet normal 0 0 1
    outer loop
      vertex -59.5 40.9 2.5
      vertex -59.378 38.1053 2.5
      vertex -59.378 40.8947 2.5
    endloop
  endfacet
  facet normal 0 0 1
    outer loop
      vertex -59.5 40.9 2.5
      vertex -59.5 38.1 2.5
      vertex -59.378 38.1053 2.5
    endloop
  endfacet
  facet normal -0 0 1
    outer loop
      vertex -59.622 40.8947 2.5
      vertex -59.5 38.1 2.5
      vertex -59.5 40.9 2.5
    endloop
  endfacet
  facet normal 0 0 1
    outer loop
      vertex -59.622 40.8947 2.5
      vertex -59.622 38.1053 2.5
      vertex -59.5 38.1 2.5
    endloop
  endfacet
  facet normal -0 0 1
    outer loop
      vertex -59.7431 40.8787 2.5
      vertex -59.622 38.1053 2.5
      vertex -59.622 40.8947 2.5
    endloop
  endfacet
  facet normal 0 0 1
    outer loop
      vertex -59.7431 40.8787 2.5
      vertex -59.7431 38.1213 2.5
      vertex -59.622 38.1053 2.5
    endloop
  endfacet
  facet normal -0 0 1
    outer loop
      vertex -59.8623 40.8523 2.5
      vertex -59.7431 38.1213 2.5
      vertex -59.7431 40.8787 2.5
    endloop
  endfacet
  facet normal 0 0 1
    outer loop
      vertex -59.8623 40.8523 2.5
      vertex -59.8623 38.1477 2.5
      vertex -59.7431 38.1213 2.5
    endloop
  endfacet
  facet normal -0 0 1
    outer loop
      vertex -59.9788 40.8156 2.5
      vertex -59.8623 38.1477 2.5
      vertex -59.8623 40.8523 2.5
    endloop
  endfacet
  facet normal 0 0 1
    outer loop
      vertex -59.9788 40.8156 2.5
      vertex -59.9788 38.1844 2.5
      vertex -59.8623 38.1477 2.5
    endloop
  endfacet
  facet normal -0 0 1
    outer loop
      vertex -60.0917 40.7688 2.5
      vertex -59.9788 38.1844 2.5
      vertex -59.9788 40.8156 2.5
    endloop
  endfacet
  facet normal 0 0 1
    outer loop
      vertex -60.0917 40.7688 2.5
      vertex -60.0917 38.2312 2.5
      vertex -59.9788 38.1844 2.5
    endloop
  endfacet
  facet normal -0 0 1
    outer loop
      vertex -60.2 40.7124 2.5
      vertex -60.0917 38.2312 2.5
      vertex -60.0917 40.7688 2.5
    endloop
  endfacet
  facet normal 0 0 1
    outer loop
      vertex -60.2 40.7124 2.5
      vertex -60.2 38.2876 2.5
      vertex -60.0917 38.2312 2.5
    endloop
  endfacet
  facet normal -0 0 1
    outer loop
      vertex -60.303 40.6468 2.5
      vertex -60.2 38.2876 2.5
      vertex -60.2 40.7124 2.5
    endloop
  endfacet
  facet normal 0 0 1
    outer loop
      vertex -60.303 40.6468 2.5
      vertex -60.303 38.3532 2.5
      vertex -60.2 38.2876 2.5
    endloop
  endfacet
  facet normal -0 0 1
    outer loop
      vertex -60.3999 40.5725 2.5
      vertex -60.303 38.3532 2.5
      vertex -60.303 40.6468 2.5
    endloop
  endfacet
  facet normal 0 0 1
    outer loop
      vertex -60.3999 40.5725 2.5
      vertex -60.3999 38.4275 2.5
      vertex -60.303 38.3532 2.5
    endloop
  endfacet
  facet normal -0 0 1
    outer loop
      vertex -60.4899 40.4899 2.5
      vertex -60.3999 38.4275 2.5
      vertex -60.3999 40.5725 2.5
    endloop
  endfacet
  facet normal 0 0 1
    outer loop
      vertex -60.4899 40.4899 2.5
      vertex -60.4899 38.5101 2.5
      vertex -60.3999 38.4275 2.5
    endloop
  endfacet
  facet normal -0 0 1
    outer loop
      vertex -60.5725 40.3999 2.5
      vertex -60.4899 38.5101 2.5
      vertex -60.4899 40.4899 2.5
    endloop
  endfacet
  facet normal 0 0 1
    outer loop
      vertex -60.5725 40.3999 2.5
      vertex -60.5725 38.6001 2.5
      vertex -60.4899 38.5101 2.5
    endloop
  endfacet
  facet normal -0 0 1
    outer loop
      vertex -60.6468 40.303 2.5
      vertex -60.5725 38.6001 2.5
      vertex -60.5725 40.3999 2.5
    endloop
  endfacet
  facet normal 0 0 1
    outer loop
      vertex -60.6468 40.303 2.5
      vertex -60.6468 38.697 2.5
      vertex -60.5725 38.6001 2.5
    endloop
  endfacet
  facet normal -0 0 1
    outer loop
      vertex -60.7124 40.2 2.5
      vertex -60.6468 38.697 2.5
      vertex -60.6468 40.303 2.5
    endloop
  endfacet
  facet normal 0 0 1
    outer loop
      vertex -60.7124 40.2 2.5
      vertex -60.7124 38.8 2.5
      vertex -60.6468 38.697 2.5
    endloop
  endfacet
  facet normal -0 0 1
    outer loop
      vertex -60.7688 40.0917 2.5
      vertex -60.7124 38.8 2.5
      vertex -60.7124 40.2 2.5
    endloop
  endfacet
  facet normal 0 0 1
    outer loop
      vertex -60.7688 40.0917 2.5
      vertex -60.7688 38.9083 2.5
      vertex -60.7124 38.8 2.5
    endloop
  endfacet
  facet normal -0 0 1
    outer loop
      vertex -60.8156 39.9788 2.5
      vertex -60.7688 38.9083 2.5
      vertex -60.7688 40.0917 2.5
    endloop
  endfacet
  facet normal 0 0 1
    outer loop
      vertex -60.8156 39.9788 2.5
      vertex -60.8156 39.0212 2.5
      vertex -60.7688 38.9083 2.5
    endloop
  endfacet
  facet normal -0 0 1
    outer loop
      vertex -60.8523 39.8623 2.5
      vertex -60.8156 39.0212 2.5
      vertex -60.8156 39.9788 2.5
    endloop
  endfacet
  facet normal 0 0 1
    outer loop
      vertex -60.8523 39.8623 2.5
      vertex -60.8523 39.1377 2.5
      vertex -60.8156 39.0212 2.5
    endloop
  endfacet
  facet normal -0 0 1
    outer loop
      vertex -60.8787 39.7431 2.5
      vertex -60.8523 39.1377 2.5
      vertex -60.8523 39.8623 2.5
    endloop
  endfacet
  facet normal 0 0 1
    outer loop
      vertex -60.8787 39.7431 2.5
      vertex -60.8787 39.2569 2.5
      vertex -60.8523 39.1377 2.5
    endloop
  endfacet
  facet normal -0 0 1
    outer loop
      vertex -60.8947 39.622 2.5
      vertex -60.8787 39.2569 2.5
      vertex -60.8787 39.7431 2.5
    endloop
  endfacet
  facet normal 0 0 1
    outer loop
      vertex -60.8947 39.622 2.5
      vertex -60.8947 39.378 2.5
      vertex -60.8787 39.2569 2.5
    endloop
  endfacet
  facet normal 0 -0 1
    outer loop
      vertex -60.8947 39.378 2.5
      vertex -60.8947 39.622 2.5
      vertex -60.9 39.5 2.5
    endloop
  endfacet
  facet normal 0 0 1
    outer loop
      vertex 60.8947 -39.378 2.5
      vertex 60.8947 -39.622 2.5
      vertex 60.9 -39.5 2.5
    endloop
  endfacet
  facet normal 0 0 1
    outer loop
      vertex 60.8787 -39.2569 2.5
      vertex 60.8947 -39.622 2.5
      vertex 60.8947 -39.378 2.5
    endloop
  endfacet
  facet normal 0 0 1
    outer loop
      vertex 60.8787 -39.2569 2.5
      vertex 60.8787 -39.7431 2.5
      vertex 60.8947 -39.622 2.5
    endloop
  endfacet
  facet normal 0 0 1
    outer loop
      vertex 60.8523 -39.1377 2.5
      vertex 60.8787 -39.7431 2.5
      vertex 60.8787 -39.2569 2.5
    endloop
  endfacet
  facet normal 0 0 1
    outer loop
      vertex 60.8523 -39.1377 2.5
      vertex 60.8523 -39.8623 2.5
      vertex 60.8787 -39.7431 2.5
    endloop
  endfacet
  facet normal 0 0 1
    outer loop
      vertex 60.8156 -39.0212 2.5
      vertex 60.8523 -39.8623 2.5
      vertex 60.8523 -39.1377 2.5
    endloop
  endfacet
  facet normal 0 0 1
    outer loop
      vertex 60.8156 -39.0212 2.5
      vertex 60.8156 -39.9788 2.5
      vertex 60.8523 -39.8623 2.5
    endloop
  endfacet
  facet normal 0 0 1
    outer loop
      vertex 60.7688 -38.9083 2.5
      vertex 60.8156 -39.9788 2.5
      vertex 60.8156 -39.0212 2.5
    endloop
  endfacet
  facet normal 0 0 1
    outer loop
      vertex 60.7688 -38.9083 2.5
      vertex 60.7688 -40.0917 2.5
      vertex 60.8156 -39.9788 2.5
    endloop
  endfacet
  facet normal 0 0 1
    outer loop
      vertex 60.7124 -38.8 2.5
      vertex 60.7688 -40.0917 2.5
      vertex 60.7688 -38.9083 2.5
    endloop
  endfacet
  facet normal 0 0 1
    outer loop
      vertex 60.7124 -38.8 2.5
      vertex 60.7124 -40.2 2.5
      vertex 60.7688 -40.0917 2.5
    endloop
  endfacet
  facet normal 0 0 1
    outer loop
      vertex 60.6468 -38.697 2.5
      vertex 60.7124 -40.2 2.5
      vertex 60.7124 -38.8 2.5
    endloop
  endfacet
  facet normal 0 0 1
    outer loop
      vertex 60.6468 -38.697 2.5
      vertex 60.6468 -40.303 2.5
      vertex 60.7124 -40.2 2.5
    endloop
  endfacet
  facet normal 0 0 1
    outer loop
      vertex 60.5725 -38.6001 2.5
      vertex 60.6468 -40.303 2.5
      vertex 60.6468 -38.697 2.5
    endloop
  endfacet
  facet normal 0 0 1
    outer loop
      vertex 60.5725 -38.6001 2.5
      vertex 60.5725 -40.3999 2.5
      vertex 60.6468 -40.303 2.5
    endloop
  endfacet
  facet normal 0 0 1
    outer loop
      vertex 60.4899 -38.5101 2.5
      vertex 60.5725 -40.3999 2.5
      vertex 60.5725 -38.6001 2.5
    endloop
  endfacet
  facet normal 0 0 1
    outer loop
      vertex 60.4899 -38.5101 2.5
      vertex 60.4899 -40.4899 2.5
      vertex 60.5725 -40.3999 2.5
    endloop
  endfacet
  facet normal 0 0 1
    outer loop
      vertex 60.3999 -38.4275 2.5
      vertex 60.4899 -40.4899 2.5
      vertex 60.4899 -38.5101 2.5
    endloop
  endfacet
  facet normal 0 0 1
    outer loop
      vertex 60.3999 -38.4275 2.5
      vertex 60.3999 -40.5725 2.5
      vertex 60.4899 -40.4899 2.5
    endloop
  endfacet
  facet normal 0 0 1
    outer loop
      vertex 60.303 -38.3532 2.5
      vertex 60.3999 -40.5725 2.5
      vertex 60.3999 -38.4275 2.5
    endloop
  endfacet
  facet normal 0 0 1
    outer loop
      vertex 60.303 -38.3532 2.5
      vertex 60.303 -40.6468 2.5
      vertex 60.3999 -40.5725 2.5
    endloop
  endfacet
  facet normal 0 0 1
    outer loop
      vertex 60.2 -38.2876 2.5
      vertex 60.303 -40.6468 2.5
      vertex 60.303 -38.3532 2.5
    endloop
  endfacet
  facet normal 0 0 1
    outer loop
      vertex 60.2 -38.2876 2.5
      vertex 60.2 -40.7124 2.5
      vertex 60.303 -40.6468 2.5
    endloop
  endfacet
  facet normal 0 0 1
    outer loop
      vertex 60.0917 -38.2312 2.5
      vertex 60.2 -40.7124 2.5
      vertex 60.2 -38.2876 2.5
    endloop
  endfacet
  facet normal 0 0 1
    outer loop
      vertex 60.0917 -38.2312 2.5
      vertex 60.0917 -40.7688 2.5
      vertex 60.2 -40.7124 2.5
    endloop
  endfacet
  facet normal 0 0 1
    outer loop
      vertex 59.9788 -38.1844 2.5
      vertex 60.0917 -40.7688 2.5
      vertex 60.0917 -38.2312 2.5
    endloop
  endfacet
  facet normal 0 0 1
    outer loop
      vertex 59.9788 -38.1844 2.5
      vertex 59.9788 -40.8156 2.5
      vertex 60.0917 -40.7688 2.5
    endloop
  endfacet
  facet normal 0 0 1
    outer loop
      vertex 59.8623 -38.1477 2.5
      vertex 59.9788 -40.8156 2.5
      vertex 59.9788 -38.1844 2.5
    endloop
  endfacet
  facet normal 0 0 1
    outer loop
      vertex 59.8623 -38.1477 2.5
      vertex 59.8623 -40.8523 2.5
      vertex 59.9788 -40.8156 2.5
    endloop
  endfacet
  facet normal 0 0 1
    outer loop
      vertex 59.7431 -38.1213 2.5
      vertex 59.8623 -40.8523 2.5
      vertex 59.8623 -38.1477 2.5
    endloop
  endfacet
  facet normal 0 0 1
    outer loop
      vertex 59.7431 -38.1213 2.5
      vertex 59.7431 -40.8787 2.5
      vertex 59.8623 -40.8523 2.5
    endloop
  endfacet
  facet normal 0 0 1
    outer loop
      vertex 59.622 -38.1053 2.5
      vertex 59.7431 -40.8787 2.5
      vertex 59.7431 -38.1213 2.5
    endloop
  endfacet
  facet normal 0 0 1
    outer loop
      vertex 59.622 -38.1053 2.5
      vertex 59.622 -40.8947 2.5
      vertex 59.7431 -40.8787 2.5
    endloop
  endfacet
  facet normal 0 0 1
    outer loop
      vertex 59.5 -38.1 2.5
      vertex 59.622 -40.8947 2.5
      vertex 59.622 -38.1053 2.5
    endloop
  endfacet
  facet normal 0 0 1
    outer loop
      vertex 59.5 -38.1 2.5
      vertex 59.5 -40.9 2.5
      vertex 59.622 -40.8947 2.5
    endloop
  endfacet
  facet normal -0 0 1
    outer loop
      vertex 59.378 -38.1053 2.5
      vertex 59.5 -40.9 2.5
      vertex 59.5 -38.1 2.5
    endloop
  endfacet
  facet normal 0 0 1
    outer loop
      vertex 59.378 -38.1053 2.5
      vertex 59.378 -40.8947 2.5
      vertex 59.5 -40.9 2.5
    endloop
  endfacet
  facet normal -0 0 1
    outer loop
      vertex 59.2569 -38.1213 2.5
      vertex 59.378 -40.8947 2.5
      vertex 59.378 -38.1053 2.5
    endloop
  endfacet
  facet normal 0 0 1
    outer loop
      vertex 59.2569 -38.1213 2.5
      vertex 59.2569 -40.8787 2.5
      vertex 59.378 -40.8947 2.5
    endloop
  endfacet
  facet normal -0 0 1
    outer loop
      vertex 59.1377 -38.1477 2.5
      vertex 59.2569 -40.8787 2.5
      vertex 59.2569 -38.1213 2.5
    endloop
  endfacet
  facet normal 0 0 1
    outer loop
      vertex 59.1377 -38.1477 2.5
      vertex 59.1377 -40.8523 2.5
      vertex 59.2569 -40.8787 2.5
    endloop
  endfacet
  facet normal -0 0 1
    outer loop
      vertex 59.0212 -38.1844 2.5
      vertex 59.1377 -40.8523 2.5
      vertex 59.1377 -38.1477 2.5
    endloop
  endfacet
  facet normal 0 0 1
    outer loop
      vertex 59.0212 -38.1844 2.5
      vertex 59.0212 -40.8156 2.5
      vertex 59.1377 -40.8523 2.5
    endloop
  endfacet
  facet normal -0 0 1
    outer loop
      vertex 58.9083 -38.2312 2.5
      vertex 59.0212 -40.8156 2.5
      vertex 59.0212 -38.1844 2.5
    endloop
  endfacet
  facet normal 0 0 1
    outer loop
      vertex 58.9083 -38.2312 2.5
      vertex 58.9083 -40.7688 2.5
      vertex 59.0212 -40.8156 2.5
    endloop
  endfacet
  facet normal -0 0 1
    outer loop
      vertex 58.8 -38.2876 2.5
      vertex 58.9083 -40.7688 2.5
      vertex 58.9083 -38.2312 2.5
    endloop
  endfacet
  facet normal 0 0 1
    outer loop
      vertex 58.8 -38.2876 2.5
      vertex 58.8 -40.7124 2.5
      vertex 58.9083 -40.7688 2.5
    endloop
  endfacet
  facet normal -0 0 1
    outer loop
      vertex 58.697 -38.3532 2.5
      vertex 58.8 -40.7124 2.5
      vertex 58.8 -38.2876 2.5
    endloop
  endfacet
  facet normal 0 0 1
    outer loop
      vertex 58.697 -38.3532 2.5
      vertex 58.697 -40.6468 2.5
      vertex 58.8 -40.7124 2.5
    endloop
  endfacet
  facet normal -0 0 1
    outer loop
      vertex 58.6001 -38.4275 2.5
      vertex 58.697 -40.6468 2.5
      vertex 58.697 -38.3532 2.5
    endloop
  endfacet
  facet normal 0 0 1
    outer loop
      vertex 58.6001 -38.4275 2.5
      vertex 58.6001 -40.5725 2.5
      vertex 58.697 -40.6468 2.5
    endloop
  endfacet
  facet normal -0 0 1
    outer loop
      vertex 58.5101 -38.5101 2.5
      vertex 58.6001 -40.5725 2.5
      vertex 58.6001 -38.4275 2.5
    endloop
  endfacet
  facet normal 0 0 1
    outer loop
      vertex 58.5101 -38.5101 2.5
      vertex 58.5101 -40.4899 2.5
      vertex 58.6001 -40.5725 2.5
    endloop
  endfacet
  facet normal -0 0 1
    outer loop
      vertex 58.4275 -38.6001 2.5
      vertex 58.5101 -40.4899 2.5
      vertex 58.5101 -38.5101 2.5
    endloop
  endfacet
  facet normal 0 0 1
    outer loop
      vertex 58.4275 -38.6001 2.5
      vertex 58.4275 -40.3999 2.5
      vertex 58.5101 -40.4899 2.5
    endloop
  endfacet
  facet normal -0 0 1
    outer loop
      vertex 58.3532 -38.697 2.5
      vertex 58.4275 -40.3999 2.5
      vertex 58.4275 -38.6001 2.5
    endloop
  endfacet
  facet normal 0 0 1
    outer loop
      vertex 58.3532 -38.697 2.5
      vertex 58.3532 -40.303 2.5
      vertex 58.4275 -40.3999 2.5
    endloop
  endfacet
  facet normal -0 0 1
    outer loop
      vertex 58.2876 -38.8 2.5
      vertex 58.3532 -40.303 2.5
      vertex 58.3532 -38.697 2.5
    endloop
  endfacet
  facet normal 0 0 1
    outer loop
      vertex 58.2876 -38.8 2.5
      vertex 58.2876 -40.2 2.5
      vertex 58.3532 -40.303 2.5
    endloop
  endfacet
  facet normal -0 0 1
    outer loop
      vertex 58.2312 -38.9083 2.5
      vertex 58.2876 -40.2 2.5
      vertex 58.2876 -38.8 2.5
    endloop
  endfacet
  facet normal 0 0 1
    outer loop
      vertex 58.2312 -38.9083 2.5
      vertex 58.2312 -40.0917 2.5
      vertex 58.2876 -40.2 2.5
    endloop
  endfacet
  facet normal -0 0 1
    outer loop
      vertex 58.1844 -39.0212 2.5
      vertex 58.2312 -40.0917 2.5
      vertex 58.2312 -38.9083 2.5
    endloop
  endfacet
  facet normal 0 0 1
    outer loop
      vertex 58.1844 -39.0212 2.5
      vertex 58.1844 -39.9788 2.5
      vertex 58.2312 -40.0917 2.5
    endloop
  endfacet
  facet normal -0 0 1
    outer loop
      vertex 58.1477 -39.1377 2.5
      vertex 58.1844 -39.9788 2.5
      vertex 58.1844 -39.0212 2.5
    endloop
  endfacet
  facet normal 0 0 1
    outer loop
      vertex 58.1477 -39.1377 2.5
      vertex 58.1477 -39.8623 2.5
      vertex 58.1844 -39.9788 2.5
    endloop
  endfacet
  facet normal -0 0 1
    outer loop
      vertex 58.1213 -39.2569 2.5
      vertex 58.1477 -39.8623 2.5
      vertex 58.1477 -39.1377 2.5
    endloop
  endfacet
  facet normal 0 0 1
    outer loop
      vertex 58.1213 -39.2569 2.5
      vertex 58.1213 -39.7431 2.5
      vertex 58.1477 -39.8623 2.5
    endloop
  endfacet
  facet normal -0 0 1
    outer loop
      vertex 58.1053 -39.378 2.5
      vertex 58.1213 -39.7431 2.5
      vertex 58.1213 -39.2569 2.5
    endloop
  endfacet
  facet normal 0 0 1
    outer loop
      vertex 58.1053 -39.378 2.5
      vertex 58.1053 -39.622 2.5
      vertex 58.1213 -39.7431 2.5
    endloop
  endfacet
  facet normal 0 -0 1
    outer loop
      vertex 58.1053 -39.622 2.5
      vertex 58.1053 -39.378 2.5
      vertex 58.1 -39.5 2.5
    endloop
  endfacet
  facet normal 0 0 1
    outer loop
      vertex 60.8947 39.622 2.5
      vertex 60.8947 39.378 2.5
      vertex 60.9 39.5 2.5
    endloop
  endfacet
  facet normal 0 0 1
    outer loop
      vertex 60.8787 39.7431 2.5
      vertex 60.8947 39.378 2.5
      vertex 60.8947 39.622 2.5
    endloop
  endfacet
  facet normal 0 0 1
    outer loop
      vertex 60.8787 39.7431 2.5
      vertex 60.8787 39.2569 2.5
      vertex 60.8947 39.378 2.5
    endloop
  endfacet
  facet normal 0 0 1
    outer loop
      vertex 60.8523 39.8623 2.5
      vertex 60.8787 39.2569 2.5
      vertex 60.8787 39.7431 2.5
    endloop
  endfacet
  facet normal 0 0 1
    outer loop
      vertex 60.8523 39.8623 2.5
      vertex 60.8523 39.1377 2.5
      vertex 60.8787 39.2569 2.5
    endloop
  endfacet
  facet normal 0 0 1
    outer loop
      vertex 60.8156 39.9788 2.5
      vertex 60.8523 39.1377 2.5
      vertex 60.8523 39.8623 2.5
    endloop
  endfacet
  facet normal 0 0 1
    outer loop
      vertex 60.8156 39.9788 2.5
      vertex 60.8156 39.0212 2.5
      vertex 60.8523 39.1377 2.5
    endloop
  endfacet
  facet normal 0 0 1
    outer loop
      vertex 60.7688 40.0917 2.5
      vertex 60.8156 39.0212 2.5
      vertex 60.8156 39.9788 2.5
    endloop
  endfacet
  facet normal 0 0 1
    outer loop
      vertex 60.7688 40.0917 2.5
      vertex 60.7688 38.9083 2.5
      vertex 60.8156 39.0212 2.5
    endloop
  endfacet
  facet normal 0 0 1
    outer loop
      vertex 60.7124 40.2 2.5
      vertex 60.7688 38.9083 2.5
      vertex 60.7688 40.0917 2.5
    endloop
  endfacet
  facet normal 0 0 1
    outer loop
      vertex 60.7124 40.2 2.5
      vertex 60.7124 38.8 2.5
      vertex 60.7688 38.9083 2.5
    endloop
  endfacet
  facet normal 0 0 1
    outer loop
      vertex 60.6468 40.303 2.5
      vertex 60.7124 38.8 2.5
      vertex 60.7124 40.2 2.5
    endloop
  endfacet
  facet normal 0 0 1
    outer loop
      vertex 60.6468 40.303 2.5
      vertex 60.6468 38.697 2.5
      vertex 60.7124 38.8 2.5
    endloop
  endfacet
  facet normal 0 0 1
    outer loop
      vertex 60.5725 40.3999 2.5
      vertex 60.6468 38.697 2.5
      vertex 60.6468 40.303 2.5
    endloop
  endfacet
  facet normal 0 0 1
    outer loop
      vertex 60.5725 40.3999 2.5
      vertex 60.5725 38.6001 2.5
      vertex 60.6468 38.697 2.5
    endloop
  endfacet
  facet normal 0 0 1
    outer loop
      vertex 60.4899 40.4899 2.5
      vertex 60.5725 38.6001 2.5
      vertex 60.5725 40.3999 2.5
    endloop
  endfacet
  facet normal 0 0 1
    outer loop
      vertex 60.4899 40.4899 2.5
      vertex 60.4899 38.5101 2.5
      vertex 60.5725 38.6001 2.5
    endloop
  endfacet
  facet normal 0 0 1
    outer loop
      vertex 60.3999 40.5725 2.5
      vertex 60.4899 38.5101 2.5
      vertex 60.4899 40.4899 2.5
    endloop
  endfacet
  facet normal 0 0 1
    outer loop
      vertex 60.3999 40.5725 2.5
      vertex 60.3999 38.4275 2.5
      vertex 60.4899 38.5101 2.5
    endloop
  endfacet
  facet normal 0 0 1
    outer loop
      vertex 60.303 40.6468 2.5
      vertex 60.3999 38.4275 2.5
      vertex 60.3999 40.5725 2.5
    endloop
  endfacet
  facet normal 0 0 1
    outer loop
      vertex 60.303 40.6468 2.5
      vertex 60.303 38.3532 2.5
      vertex 60.3999 38.4275 2.5
    endloop
  endfacet
  facet normal 0 0 1
    outer loop
      vertex 60.2 40.7124 2.5
      vertex 60.303 38.3532 2.5
      vertex 60.303 40.6468 2.5
    endloop
  endfacet
  facet normal 0 0 1
    outer loop
      vertex 60.2 40.7124 2.5
      vertex 60.2 38.2876 2.5
      vertex 60.303 38.3532 2.5
    endloop
  endfacet
  facet normal 0 0 1
    outer loop
      vertex 60.0917 40.7688 2.5
      vertex 60.2 38.2876 2.5
      vertex 60.2 40.7124 2.5
    endloop
  endfacet
  facet normal 0 0 1
    outer loop
      vertex 60.0917 40.7688 2.5
      vertex 60.0917 38.2312 2.5
      vertex 60.2 38.2876 2.5
    endloop
  endfacet
  facet normal 0 0 1
    outer loop
      vertex 59.9788 40.8156 2.5
      vertex 60.0917 38.2312 2.5
      vertex 60.0917 40.7688 2.5
    endloop
  endfacet
  facet normal 0 0 1
    outer loop
      vertex 59.9788 40.8156 2.5
      vertex 59.9788 38.1844 2.5
      vertex 60.0917 38.2312 2.5
    endloop
  endfacet
  facet normal 0 0 1
    outer loop
      vertex 59.8623 40.8523 2.5
      vertex 59.9788 38.1844 2.5
      vertex 59.9788 40.8156 2.5
    endloop
  endfacet
  facet normal 0 0 1
    outer loop
      vertex 59.8623 40.8523 2.5
      vertex 59.8623 38.1477 2.5
      vertex 59.9788 38.1844 2.5
    endloop
  endfacet
  facet normal 0 0 1
    outer loop
      vertex 59.7431 40.8787 2.5
      vertex 59.8623 38.1477 2.5
      vertex 59.8623 40.8523 2.5
    endloop
  endfacet
  facet normal 0 0 1
    outer loop
      vertex 59.7431 40.8787 2.5
      vertex 59.7431 38.1213 2.5
      vertex 59.8623 38.1477 2.5
    endloop
  endfacet
  facet normal 0 0 1
    outer loop
      vertex 59.622 40.8947 2.5
      vertex 59.7431 38.1213 2.5
      vertex 59.7431 40.8787 2.5
    endloop
  endfacet
  facet normal 0 0 1
    outer loop
      vertex 59.622 40.8947 2.5
      vertex 59.622 38.1053 2.5
      vertex 59.7431 38.1213 2.5
    endloop
  endfacet
  facet normal 0 0 1
    outer loop
      vertex 59.5 40.9 2.5
      vertex 59.622 38.1053 2.5
      vertex 59.622 40.8947 2.5
    endloop
  endfacet
  facet normal 0 0 1
    outer loop
      vertex 59.5 40.9 2.5
      vertex 59.5 38.1 2.5
      vertex 59.622 38.1053 2.5
    endloop
  endfacet
  facet normal -0 0 1
    outer loop
      vertex 59.378 40.8947 2.5
      vertex 59.5 38.1 2.5
      vertex 59.5 40.9 2.5
    endloop
  endfacet
  facet normal 0 0 1
    outer loop
      vertex 59.378 40.8947 2.5
      vertex 59.378 38.1053 2.5
      vertex 59.5 38.1 2.5
    endloop
  endfacet
  facet normal -0 0 1
    outer loop
      vertex 59.2569 40.8787 2.5
      vertex 59.378 38.1053 2.5
      vertex 59.378 40.8947 2.5
    endloop
  endfacet
  facet normal 0 0 1
    outer loop
      vertex 59.2569 40.8787 2.5
      vertex 59.2569 38.1213 2.5
      vertex 59.378 38.1053 2.5
    endloop
  endfacet
  facet normal -0 0 1
    outer loop
      vertex 59.1377 40.8523 2.5
      vertex 59.2569 38.1213 2.5
      vertex 59.2569 40.8787 2.5
    endloop
  endfacet
  facet normal 0 0 1
    outer loop
      vertex 59.1377 40.8523 2.5
      vertex 59.1377 38.1477 2.5
      vertex 59.2569 38.1213 2.5
    endloop
  endfacet
  facet normal -0 0 1
    outer loop
      vertex 59.0212 40.8156 2.5
      vertex 59.1377 38.1477 2.5
      vertex 59.1377 40.8523 2.5
    endloop
  endfacet
  facet normal 0 0 1
    outer loop
      vertex 59.0212 40.8156 2.5
      vertex 59.0212 38.1844 2.5
      vertex 59.1377 38.1477 2.5
    endloop
  endfacet
  facet normal -0 0 1
    outer loop
      vertex 58.9083 40.7688 2.5
      vertex 59.0212 38.1844 2.5
      vertex 59.0212 40.8156 2.5
    endloop
  endfacet
  facet normal 0 0 1
    outer loop
      vertex 58.9083 40.7688 2.5
      vertex 58.9083 38.2312 2.5
      vertex 59.0212 38.1844 2.5
    endloop
  endfacet
  facet normal -0 0 1
    outer loop
      vertex 58.8 40.7124 2.5
      vertex 58.9083 38.2312 2.5
      vertex 58.9083 40.7688 2.5
    endloop
  endfacet
  facet normal 0 0 1
    outer loop
      vertex 58.8 40.7124 2.5
      vertex 58.8 38.2876 2.5
      vertex 58.9083 38.2312 2.5
    endloop
  endfacet
  facet normal -0 0 1
    outer loop
      vertex 58.697 40.6468 2.5
      vertex 58.8 38.2876 2.5
      vertex 58.8 40.7124 2.5
    endloop
  endfacet
  facet normal 0 0 1
    outer loop
      vertex 58.697 40.6468 2.5
      vertex 58.697 38.3532 2.5
      vertex 58.8 38.2876 2.5
    endloop
  endfacet
  facet normal -0 0 1
    outer loop
      vertex 58.6001 40.5725 2.5
      vertex 58.697 38.3532 2.5
      vertex 58.697 40.6468 2.5
    endloop
  endfacet
  facet normal 0 0 1
    outer loop
      vertex 58.6001 40.5725 2.5
      vertex 58.6001 38.4275 2.5
      vertex 58.697 38.3532 2.5
    endloop
  endfacet
  facet normal -0 0 1
    outer loop
      vertex 58.5101 40.4899 2.5
      vertex 58.6001 38.4275 2.5
      vertex 58.6001 40.5725 2.5
    endloop
  endfacet
  facet normal 0 0 1
    outer loop
      vertex 58.5101 40.4899 2.5
      vertex 58.5101 38.5101 2.5
      vertex 58.6001 38.4275 2.5
    endloop
  endfacet
  facet normal -0 0 1
    outer loop
      vertex 58.4275 40.3999 2.5
      vertex 58.5101 38.5101 2.5
      vertex 58.5101 40.4899 2.5
    endloop
  endfacet
  facet normal 0 0 1
    outer loop
      vertex 58.4275 40.3999 2.5
      vertex 58.4275 38.6001 2.5
      vertex 58.5101 38.5101 2.5
    endloop
  endfacet
  facet normal -0 0 1
    outer loop
      vertex 58.3532 40.303 2.5
      vertex 58.4275 38.6001 2.5
      vertex 58.4275 40.3999 2.5
    endloop
  endfacet
  facet normal 0 0 1
    outer loop
      vertex 58.3532 40.303 2.5
      vertex 58.3532 38.697 2.5
      vertex 58.4275 38.6001 2.5
    endloop
  endfacet
  facet normal -0 0 1
    outer loop
      vertex 58.2876 40.2 2.5
      vertex 58.3532 38.697 2.5
      vertex 58.3532 40.303 2.5
    endloop
  endfacet
  facet normal 0 0 1
    outer loop
      vertex 58.2876 40.2 2.5
      vertex 58.2876 38.8 2.5
      vertex 58.3532 38.697 2.5
    endloop
  endfacet
  facet normal -0 0 1
    outer loop
      vertex 58.2312 40.0917 2.5
      vertex 58.2876 38.8 2.5
      vertex 58.2876 40.2 2.5
    endloop
  endfacet
  facet normal 0 0 1
    outer loop
      vertex 58.2312 40.0917 2.5
      vertex 58.2312 38.9083 2.5
      vertex 58.2876 38.8 2.5
    endloop
  endfacet
  facet normal -0 0 1
    outer loop
      vertex 58.1844 39.9788 2.5
      vertex 58.2312 38.9083 2.5
      vertex 58.2312 40.0917 2.5
    endloop
  endfacet
  facet normal 0 0 1
    outer loop
      vertex 58.1844 39.9788 2.5
      vertex 58.1844 39.0212 2.5
      vertex 58.2312 38.9083 2.5
    endloop
  endfacet
  facet normal -0 0 1
    outer loop
      vertex 58.1477 39.8623 2.5
      vertex 58.1844 39.0212 2.5
      vertex 58.1844 39.9788 2.5
    endloop
  endfacet
  facet normal 0 0 1
    outer loop
      vertex 58.1477 39.8623 2.5
      vertex 58.1477 39.1377 2.5
      vertex 58.1844 39.0212 2.5
    endloop
  endfacet
  facet normal -0 0 1
    outer loop
      vertex 58.1213 39.7431 2.5
      vertex 58.1477 39.1377 2.5
      vertex 58.1477 39.8623 2.5
    endloop
  endfacet
  facet normal 0 0 1
    outer loop
      vertex 58.1213 39.7431 2.5
      vertex 58.1213 39.2569 2.5
      vertex 58.1477 39.1377 2.5
    endloop
  endfacet
  facet normal -0 0 1
    outer loop
      vertex 58.1053 39.622 2.5
      vertex 58.1213 39.2569 2.5
      vertex 58.1213 39.7431 2.5
    endloop
  endfacet
  facet normal 0 0 1
    outer loop
      vertex 58.1053 39.622 2.5
      vertex 58.1053 39.378 2.5
      vertex 58.1213 39.2569 2.5
    endloop
  endfacet
  facet normal 0 -0 1
    outer loop
      vertex 58.1053 39.378 2.5
      vertex 58.1053 39.622 2.5
      vertex 58.1 39.5 2.5
    endloop
  endfacet
  facet normal 0.736297 0.676659 0
    outer loop
      vertex -62.3535 -42.3535 45
      vertex -62.383 -42.3214 2.5
      vertex -62.383 -42.3214 45
    endloop
  endfacet
  facet normal 0.736297 0.676659 0
    outer loop
      vertex -62.383 -42.3214 2.5
      vertex -62.3535 -42.3535 45
      vertex -62.3535 -42.3535 2.5
    endloop
  endfacet
  facet normal 0.676659 0.736297 -0
    outer loop
      vertex -62.3214 -42.383 2.5
      vertex -62.3535 -42.3535 45
      vertex -62.3214 -42.383 45
    endloop
  endfacet
  facet normal 0.676659 0.736297 0
    outer loop
      vertex -62.3535 -42.3535 45
      vertex -62.3214 -42.383 2.5
      vertex -62.3535 -42.3535 2.5
    endloop
  endfacet
  facet normal 0.886503 0.462723 0
    outer loop
      vertex -62.433 -42.25 45
      vertex -62.4532 -42.2113 2.5
      vertex -62.4532 -42.2113 45
    endloop
  endfacet
  facet normal 0.886503 0.462723 0
    outer loop
      vertex -62.4532 -42.2113 2.5
      vertex -62.433 -42.25 45
      vertex -62.433 -42.25 2.5
    endloop
  endfacet
  facet normal -0.924631 -0.380865 0
    outer loop
      vertex 62.4698 42.171 2.5
      vertex 62.4532 42.2113 45
      vertex 62.4532 42.2113 2.5
    endloop
  endfacet
  facet normal -0.924631 -0.380865 0
    outer loop
      vertex 62.4532 42.2113 45
      vertex 62.4698 42.171 2.5
      vertex 62.4698 42.171 45
    endloop
  endfacet
  facet normal -0.953166 0.302447 0
    outer loop
      vertex 62.4698 -42.171 2.5
      vertex 62.483 -42.1294 45
      vertex 62.483 -42.1294 2.5
    endloop
  endfacet
  facet normal -0.953166 0.302447 0
    outer loop
      vertex 62.483 -42.1294 45
      vertex 62.4698 -42.171 2.5
      vertex 62.4698 -42.171 45
    endloop
  endfacet
  facet normal 0.953166 0.302447 0
    outer loop
      vertex -62.4698 -42.171 45
      vertex -62.483 -42.1294 2.5
      vertex -62.483 -42.1294 45
    endloop
  endfacet
  facet normal 0.953166 0.302447 0
    outer loop
      vertex -62.483 -42.1294 2.5
      vertex -62.4698 -42.171 45
      vertex -62.4698 -42.171 2.5
    endloop
  endfacet
  facet normal -0.736297 0.676659 0
    outer loop
      vertex 62.3535 -42.3535 2.5
      vertex 62.383 -42.3214 45
      vertex 62.383 -42.3214 2.5
    endloop
  endfacet
  facet normal -0.736297 0.676659 0
    outer loop
      vertex 62.383 -42.3214 45
      vertex 62.3535 -42.3535 2.5
      vertex 62.3535 -42.3535 45
    endloop
  endfacet
  facet normal -0.302447 0.953166 0
    outer loop
      vertex 62.171 -42.4698 2.5
      vertex 62.1294 -42.483 45
      vertex 62.171 -42.4698 45
    endloop
  endfacet
  facet normal -0.302447 0.953166 0
    outer loop
      vertex 62.1294 -42.483 45
      vertex 62.171 -42.4698 2.5
      vertex 62.1294 -42.483 2.5
    endloop
  endfacet
  facet normal 0.976287 -0.21648 0
    outer loop
      vertex -56.1193 -40.4059 45
      vertex -56.0532 -40.1078 2.5
      vertex -56.0532 -40.1078 45
    endloop
  endfacet
  facet normal 0.976287 -0.21648 0
    outer loop
      vertex -56.0532 -40.1078 2.5
      vertex -56.1193 -40.4059 45
      vertex -56.1193 -40.4059 2.5
    endloop
  endfacet
  facet normal 0.608507 -0.793548 0
    outer loop
      vertex -57.4925 -42.367 2.5
      vertex -57.2502 -42.1812 45
      vertex -57.4925 -42.367 45
    endloop
  endfacet
  facet normal 0.608507 -0.793548 0
    outer loop
      vertex -57.2502 -42.1812 45
      vertex -57.4925 -42.367 2.5
      vertex -57.2502 -42.1812 2.5
    endloop
  endfacet
  facet normal -0.461827 0.88697 0
    outer loop
      vertex -60.9792 -36.3279 2.5
      vertex -61.25 -36.4689 45
      vertex -60.9792 -36.3279 45
    endloop
  endfacet
  facet normal -0.461827 0.88697 0
    outer loop
      vertex -61.25 -36.4689 45
      vertex -60.9792 -36.3279 2.5
      vertex -61.25 -36.4689 2.5
    endloop
  endfacet
  facet normal 0.793548 -0.608507 0
    outer loop
      vertex -56.8188 -41.7498 45
      vertex -56.633 -41.5075 2.5
      vertex -56.633 -41.5075 45
    endloop
  endfacet
  facet normal 0.793548 -0.608507 0
    outer loop
      vertex -56.633 -41.5075 2.5
      vertex -56.8188 -41.7498 45
      vertex -56.8188 -41.7498 2.5
    endloop
  endfacet
  facet normal 0.67565 0.737222 -0
    outer loop
      vertex -57.0251 -37.0251 2.5
      vertex -57.2502 -36.8188 45
      vertex -57.0251 -37.0251 45
    endloop
  endfacet
  facet normal 0.67565 0.737222 0
    outer loop
      vertex -57.2502 -36.8188 45
      vertex -57.0251 -37.0251 2.5
      vertex -57.2502 -36.8188 2.5
    endloop
  endfacet
  facet normal -0.300661 0.953731 0
    outer loop
      vertex -60.4059 -36.1193 2.5
      vertex -60.6971 -36.2111 45
      vertex -60.4059 -36.1193 45
    endloop
  endfacet
  facet normal -0.300661 0.953731 0
    outer loop
      vertex -60.6971 -36.2111 45
      vertex -60.4059 -36.1193 2.5
      vertex -60.6971 -36.2111 2.5
    endloop
  endfacet
  facet normal 0.953731 0.300661 0
    outer loop
      vertex -56.1193 -38.5941 45
      vertex -56.2111 -38.3029 2.5
      vertex -56.2111 -38.3029 45
    endloop
  endfacet
  facet normal 0.953731 0.300661 0
    outer loop
      vertex -56.2111 -38.3029 2.5
      vertex -56.1193 -38.5941 45
      vertex -56.1193 -38.5941 2.5
    endloop
  endfacet
  facet normal 0.88697 -0.461827 0
    outer loop
      vertex -56.4689 -41.25 45
      vertex -56.3279 -40.9792 2.5
      vertex -56.3279 -40.9792 45
    endloop
  endfacet
  facet normal 0.88697 -0.461827 0
    outer loop
      vertex -56.3279 -40.9792 2.5
      vertex -56.4689 -41.25 45
      vertex -56.4689 -41.25 2.5
    endloop
  endfacet
  facet normal 0.999051 -0.0435652 0
    outer loop
      vertex -56.0133 -39.805 45
      vertex -56 -39.5 2.5
      vertex -56 -39.5 45
    endloop
  endfacet
  facet normal 0.999051 -0.0435652 0
    outer loop
      vertex -56 -39.5 2.5
      vertex -56.0133 -39.805 45
      vertex -56.0133 -39.805 2.5
    endloop
  endfacet
  facet normal -0.537424 -0.843312 0
    outer loop
      vertex -61.5075 -42.367 2.5
      vertex -61.2988 -42.5 45
      vertex -61.5075 -42.367 45
    endloop
  endfacet
  facet normal -0.537424 -0.843312 -0
    outer loop
      vertex -61.2988 -42.5 45
      vertex -61.5075 -42.367 2.5
      vertex -61.2988 -42.5 2.5
    endloop
  endfacet
  facet normal -0.608507 0.793548 0
    outer loop
      vertex -61.5075 -36.633 2.5
      vertex -61.7498 -36.8188 45
      vertex -61.5075 -36.633 45
    endloop
  endfacet
  facet normal -0.608507 0.793548 0
    outer loop
      vertex -61.7498 -36.8188 45
      vertex -61.5075 -36.633 2.5
      vertex -61.7498 -36.8188 2.5
    endloop
  endfacet
  facet normal -0.0435652 0.999051 0
    outer loop
      vertex -59.5 -36 2.5
      vertex -59.805 -36.0133 45
      vertex -59.5 -36 45
    endloop
  endfacet
  facet normal -0.0435652 0.999051 0
    outer loop
      vertex -59.805 -36.0133 45
      vertex -59.5 -36 2.5
      vertex -59.805 -36.0133 2.5
    endloop
  endfacet
  facet normal 0.300661 0.953731 -0
    outer loop
      vertex -58.3029 -36.2111 2.5
      vertex -58.5941 -36.1193 45
      vertex -58.3029 -36.2111 45
    endloop
  endfacet
  facet normal 0.300661 0.953731 0
    outer loop
      vertex -58.5941 -36.1193 45
      vertex -58.3029 -36.2111 2.5
      vertex -58.5941 -36.1193 2.5
    endloop
  endfacet
  facet normal 0.99143 0.130641 0
    outer loop
      vertex -56.0133 -39.195 45
      vertex -56.0532 -38.8922 2.5
      vertex -56.0532 -38.8922 45
    endloop
  endfacet
  facet normal 0.99143 0.130641 0
    outer loop
      vertex -56.0532 -38.8922 2.5
      vertex -56.0133 -39.195 45
      vertex -56.0133 -39.195 2.5
    endloop
  endfacet
  facet normal 0.999051 0.0435652 0
    outer loop
      vertex -56 -39.5 45
      vertex -56.0133 -39.195 2.5
      vertex -56.0133 -39.195 45
    endloop
  endfacet
  facet normal 0.999051 0.0435652 0
    outer loop
      vertex -56.0133 -39.195 2.5
      vertex -56 -39.5 45
      vertex -56 -39.5 2.5
    endloop
  endfacet
  facet normal 0.0435652 0.999051 -0
    outer loop
      vertex -59.195 -36.0133 2.5
      vertex -59.5 -36 45
      vertex -59.195 -36.0133 45
    endloop
  endfacet
  facet normal 0.0435652 0.999051 0
    outer loop
      vertex -59.5 -36 45
      vertex -59.195 -36.0133 2.5
      vertex -59.5 -36 2.5
    endloop
  endfacet
  facet normal 0.537424 -0.843312 0
    outer loop
      vertex -57.7012 -42.5 2.5
      vertex -57.4925 -42.367 45
      vertex -57.7012 -42.5 45
    endloop
  endfacet
  facet normal 0.537424 -0.843312 0
    outer loop
      vertex -57.4925 -42.367 45
      vertex -57.7012 -42.5 2.5
      vertex -57.4925 -42.367 2.5
    endloop
  endfacet
  facet normal 0.737222 -0.67565 0
    outer loop
      vertex -57.0251 -41.9749 45
      vertex -56.8188 -41.7498 2.5
      vertex -56.8188 -41.7498 45
    endloop
  endfacet
  facet normal 0.737222 -0.67565 0
    outer loop
      vertex -56.8188 -41.7498 2.5
      vertex -57.0251 -41.9749 45
      vertex -57.0251 -41.9749 2.5
    endloop
  endfacet
  facet normal 0.461827 0.88697 -0
    outer loop
      vertex -57.75 -36.4689 2.5
      vertex -58.0208 -36.3279 45
      vertex -57.75 -36.4689 45
    endloop
  endfacet
  facet normal 0.461827 0.88697 0
    outer loop
      vertex -58.0208 -36.3279 45
      vertex -57.75 -36.4689 2.5
      vertex -58.0208 -36.3279 2.5
    endloop
  endfacet
  facet normal -0.737222 -0.67565 0
    outer loop
      vertex -61.9749 -41.9749 2.5
      vertex -62.1812 -41.7498 45
      vertex -62.1812 -41.7498 2.5
    endloop
  endfacet
  facet normal -0.737222 -0.67565 0
    outer loop
      vertex -62.1812 -41.7498 45
      vertex -61.9749 -41.9749 2.5
      vertex -61.9749 -41.9749 45
    endloop
  endfacet
  facet normal -0.793548 -0.608507 0
    outer loop
      vertex -62.1812 -41.7498 2.5
      vertex -62.367 -41.5075 45
      vertex -62.367 -41.5075 2.5
    endloop
  endfacet
  facet normal -0.793548 -0.608507 0
    outer loop
      vertex -62.367 -41.5075 45
      vertex -62.1812 -41.7498 2.5
      vertex -62.1812 -41.7498 45
    endloop
  endfacet
  facet normal 0.976287 0.21648 0
    outer loop
      vertex -56.0532 -38.8922 45
      vertex -56.1193 -38.5941 2.5
      vertex -56.1193 -38.5941 45
    endloop
  endfacet
  facet normal 0.976287 0.21648 0
    outer loop
      vertex -56.1193 -38.5941 2.5
      vertex -56.0532 -38.8922 45
      vertex -56.0532 -38.8922 2.5
    endloop
  endfacet
  facet normal 0.737222 0.67565 0
    outer loop
      vertex -56.8188 -37.2502 45
      vertex -57.0251 -37.0251 2.5
      vertex -57.0251 -37.0251 45
    endloop
  endfacet
  facet normal 0.737222 0.67565 0
    outer loop
      vertex -57.0251 -37.0251 2.5
      vertex -56.8188 -37.2502 45
      vertex -56.8188 -37.2502 2.5
    endloop
  endfacet
  facet normal 0.382545 0.923937 -0
    outer loop
      vertex -58.0208 -36.3279 2.5
      vertex -58.3029 -36.2111 45
      vertex -58.0208 -36.3279 45
    endloop
  endfacet
  facet normal 0.382545 0.923937 0
    outer loop
      vertex -58.3029 -36.2111 45
      vertex -58.0208 -36.3279 2.5
      vertex -58.3029 -36.2111 2.5
    endloop
  endfacet
  facet normal -0.843312 -0.537424 0
    outer loop
      vertex -62.367 -41.5075 2.5
      vertex -62.5 -41.2988 45
      vertex -62.5 -41.2988 2.5
    endloop
  endfacet
  facet normal -0.843312 -0.537424 0
    outer loop
      vertex -62.5 -41.2988 45
      vertex -62.367 -41.5075 2.5
      vertex -62.367 -41.5075 45
    endloop
  endfacet
  facet normal -0.382545 0.923937 0
    outer loop
      vertex -60.6971 -36.2111 2.5
      vertex -60.9792 -36.3279 45
      vertex -60.6971 -36.2111 45
    endloop
  endfacet
  facet normal -0.382545 0.923937 0
    outer loop
      vertex -60.9792 -36.3279 45
      vertex -60.6971 -36.2111 2.5
      vertex -60.9792 -36.3279 2.5
    endloop
  endfacet
  facet normal 0.130641 0.99143 -0
    outer loop
      vertex -58.8922 -36.0532 2.5
      vertex -59.195 -36.0133 45
      vertex -58.8922 -36.0532 45
    endloop
  endfacet
  facet normal 0.130641 0.99143 0
    outer loop
      vertex -59.195 -36.0133 45
      vertex -58.8922 -36.0532 2.5
      vertex -59.195 -36.0133 2.5
    endloop
  endfacet
  facet normal 0.923937 -0.382545 0
    outer loop
      vertex -56.3279 -40.9792 45
      vertex -56.2111 -40.6971 2.5
      vertex -56.2111 -40.6971 45
    endloop
  endfacet
  facet normal 0.923937 -0.382545 0
    outer loop
      vertex -56.2111 -40.6971 2.5
      vertex -56.3279 -40.9792 45
      vertex -56.3279 -40.9792 2.5
    endloop
  endfacet
  facet normal -0.537426 0.843311 0
    outer loop
      vertex -61.25 -36.4689 2.5
      vertex -61.5075 -36.633 45
      vertex -61.25 -36.4689 45
    endloop
  endfacet
  facet normal -0.537426 0.843311 0
    outer loop
      vertex -61.5075 -36.633 45
      vertex -61.25 -36.4689 2.5
      vertex -61.5075 -36.633 2.5
    endloop
  endfacet
  facet normal 0.21648 0.976287 -0
    outer loop
      vertex -58.5941 -36.1193 2.5
      vertex -58.8922 -36.0532 45
      vertex -58.5941 -36.1193 45
    endloop
  endfacet
  facet normal 0.21648 0.976287 0
    outer loop
      vertex -58.8922 -36.0532 45
      vertex -58.5941 -36.1193 2.5
      vertex -58.8922 -36.0532 2.5
    endloop
  endfacet
  facet normal 0.608507 0.793548 -0
    outer loop
      vertex -57.2502 -36.8188 2.5
      vertex -57.4925 -36.633 45
      vertex -57.2502 -36.8188 45
    endloop
  endfacet
  facet normal 0.608507 0.793548 0
    outer loop
      vertex -57.4925 -36.633 45
      vertex -57.2502 -36.8188 2.5
      vertex -57.4925 -36.633 2.5
    endloop
  endfacet
  facet normal 0.88697 0.461827 0
    outer loop
      vertex -56.3279 -38.0208 45
      vertex -56.4689 -37.75 2.5
      vertex -56.4689 -37.75 45
    endloop
  endfacet
  facet normal 0.88697 0.461827 0
    outer loop
      vertex -56.4689 -37.75 2.5
      vertex -56.3279 -38.0208 45
      vertex -56.3279 -38.0208 2.5
    endloop
  endfacet
  facet normal 0.537426 0.843311 -0
    outer loop
      vertex -57.4925 -36.633 2.5
      vertex -57.75 -36.4689 45
      vertex -57.4925 -36.633 45
    endloop
  endfacet
  facet normal 0.537426 0.843311 0
    outer loop
      vertex -57.75 -36.4689 45
      vertex -57.4925 -36.633 2.5
      vertex -57.75 -36.4689 2.5
    endloop
  endfacet
  facet normal -0.21648 0.976287 0
    outer loop
      vertex -60.1078 -36.0532 2.5
      vertex -60.4059 -36.1193 45
      vertex -60.1078 -36.0532 45
    endloop
  endfacet
  facet normal -0.21648 0.976287 0
    outer loop
      vertex -60.4059 -36.1193 45
      vertex -60.1078 -36.0532 2.5
      vertex -60.4059 -36.1193 2.5
    endloop
  endfacet
  facet normal 0.953731 -0.300661 0
    outer loop
      vertex -56.2111 -40.6971 45
      vertex -56.1193 -40.4059 2.5
      vertex -56.1193 -40.4059 45
    endloop
  endfacet
  facet normal 0.953731 -0.300661 0
    outer loop
      vertex -56.1193 -40.4059 2.5
      vertex -56.2111 -40.6971 45
      vertex -56.2111 -40.6971 2.5
    endloop
  endfacet
  facet normal 0.99143 -0.130641 0
    outer loop
      vertex -56.0532 -40.1078 45
      vertex -56.0133 -39.805 2.5
      vertex -56.0133 -39.805 45
    endloop
  endfacet
  facet normal 0.99143 -0.130641 0
    outer loop
      vertex -56.0133 -39.805 2.5
      vertex -56.0532 -40.1078 45
      vertex -56.0532 -40.1078 2.5
    endloop
  endfacet
  facet normal 0.923937 0.382545 0
    outer loop
      vertex -56.2111 -38.3029 45
      vertex -56.3279 -38.0208 2.5
      vertex -56.3279 -38.0208 45
    endloop
  endfacet
  facet normal 0.923937 0.382545 0
    outer loop
      vertex -56.3279 -38.0208 2.5
      vertex -56.2111 -38.3029 45
      vertex -56.2111 -38.3029 2.5
    endloop
  endfacet
  facet normal 0.843311 0.537426 0
    outer loop
      vertex -56.4689 -37.75 45
      vertex -56.633 -37.4925 2.5
      vertex -56.633 -37.4925 45
    endloop
  endfacet
  facet normal 0.843311 0.537426 0
    outer loop
      vertex -56.633 -37.4925 2.5
      vertex -56.4689 -37.75 45
      vertex -56.4689 -37.75 2.5
    endloop
  endfacet
  facet normal -0.737222 0.67565 0
    outer loop
      vertex -62.1812 -37.2502 2.5
      vertex -61.9749 -37.0251 45
      vertex -61.9749 -37.0251 2.5
    endloop
  endfacet
  facet normal -0.737222 0.67565 0
    outer loop
      vertex -61.9749 -37.0251 45
      vertex -62.1812 -37.2502 2.5
      vertex -62.1812 -37.2502 45
    endloop
  endfacet
  facet normal -0.67565 0.737222 0
    outer loop
      vertex -61.7498 -36.8188 2.5
      vertex -61.9749 -37.0251 45
      vertex -61.7498 -36.8188 45
    endloop
  endfacet
  facet normal -0.67565 0.737222 0
    outer loop
      vertex -61.9749 -37.0251 45
      vertex -61.7498 -36.8188 2.5
      vertex -61.9749 -37.0251 2.5
    endloop
  endfacet
  facet normal -0.67565 -0.737222 0
    outer loop
      vertex -61.9749 -41.9749 2.5
      vertex -61.7498 -42.1812 45
      vertex -61.9749 -41.9749 45
    endloop
  endfacet
  facet normal -0.67565 -0.737222 -0
    outer loop
      vertex -61.7498 -42.1812 45
      vertex -61.9749 -41.9749 2.5
      vertex -61.7498 -42.1812 2.5
    endloop
  endfacet
  facet normal 0.793548 0.608507 0
    outer loop
      vertex -56.633 -37.4925 45
      vertex -56.8188 -37.2502 2.5
      vertex -56.8188 -37.2502 45
    endloop
  endfacet
  facet normal 0.793548 0.608507 0
    outer loop
      vertex -56.8188 -37.2502 2.5
      vertex -56.633 -37.4925 45
      vertex -56.633 -37.4925 2.5
    endloop
  endfacet
  facet normal -0.130641 0.99143 0
    outer loop
      vertex -59.805 -36.0133 2.5
      vertex -60.1078 -36.0532 45
      vertex -59.805 -36.0133 45
    endloop
  endfacet
  facet normal -0.130641 0.99143 0
    outer loop
      vertex -60.1078 -36.0532 45
      vertex -59.805 -36.0133 2.5
      vertex -60.1078 -36.0532 2.5
    endloop
  endfacet
  facet normal -0.608507 -0.793548 0
    outer loop
      vertex -61.7498 -42.1812 2.5
      vertex -61.5075 -42.367 45
      vertex -61.7498 -42.1812 45
    endloop
  endfacet
  facet normal -0.608507 -0.793548 -0
    outer loop
      vertex -61.5075 -42.367 45
      vertex -61.7498 -42.1812 2.5
      vertex -61.5075 -42.367 2.5
    endloop
  endfacet
  facet normal 0.67565 -0.737222 0
    outer loop
      vertex -57.2502 -42.1812 2.5
      vertex -57.0251 -41.9749 45
      vertex -57.2502 -42.1812 45
    endloop
  endfacet
  facet normal 0.67565 -0.737222 0
    outer loop
      vertex -57.0251 -41.9749 45
      vertex -57.2502 -42.1812 2.5
      vertex -57.0251 -41.9749 2.5
    endloop
  endfacet
  facet normal -0.793548 0.608507 0
    outer loop
      vertex -62.367 -37.4925 2.5
      vertex -62.1812 -37.2502 45
      vertex -62.1812 -37.2502 2.5
    endloop
  endfacet
  facet normal -0.793548 0.608507 0
    outer loop
      vertex -62.1812 -37.2502 45
      vertex -62.367 -37.4925 2.5
      vertex -62.367 -37.4925 45
    endloop
  endfacet
  facet normal 0.843311 -0.537426 0
    outer loop
      vertex -56.633 -41.5075 45
      vertex -56.4689 -41.25 2.5
      vertex -56.4689 -41.25 45
    endloop
  endfacet
  facet normal 0.843311 -0.537426 0
    outer loop
      vertex -56.4689 -41.25 2.5
      vertex -56.633 -41.5075 45
      vertex -56.633 -41.5075 2.5
    endloop
  endfacet
  facet normal -0.843312 0.537424 0
    outer loop
      vertex -62.5 -37.7012 2.5
      vertex -62.367 -37.4925 45
      vertex -62.367 -37.4925 2.5
    endloop
  endfacet
  facet normal -0.843312 0.537424 0
    outer loop
      vertex -62.367 -37.4925 45
      vertex -62.5 -37.7012 2.5
      vertex -62.5 -37.7012 45
    endloop
  endfacet
  facet normal -0.991384 -0.130984 0
    outer loop
      vertex -58.1053 -39.378 2.5
      vertex -58.1213 -39.2569 45
      vertex -58.1213 -39.2569 2.5
    endloop
  endfacet
  facet normal -0.991384 -0.130984 0
    outer loop
      vertex -58.1213 -39.2569 45
      vertex -58.1053 -39.378 2.5
      vertex -58.1053 -39.378 45
    endloop
  endfacet
  facet normal -0.999058 -0.0434017 0
    outer loop
      vertex -58.1 -39.5 2.5
      vertex -58.1053 -39.378 45
      vertex -58.1053 -39.378 2.5
    endloop
  endfacet
  facet normal -0.999058 -0.0434017 0
    outer loop
      vertex -58.1053 -39.378 45
      vertex -58.1 -39.5 2.5
      vertex -58.1 -39.5 45
    endloop
  endfacet
  facet normal -0.976341 -0.216237 0
    outer loop
      vertex -58.1213 -39.2569 2.5
      vertex -58.1477 -39.1377 45
      vertex -58.1477 -39.1377 2.5
    endloop
  endfacet
  facet normal -0.976341 -0.216237 0
    outer loop
      vertex -58.1477 -39.1377 45
      vertex -58.1213 -39.2569 2.5
      vertex -58.1213 -39.2569 45
    endloop
  endfacet
  facet normal -0.999058 0.0434017 0
    outer loop
      vertex -58.1053 -39.622 2.5
      vertex -58.1 -39.5 45
      vertex -58.1 -39.5 2.5
    endloop
  endfacet
  facet normal -0.999058 0.0434017 0
    outer loop
      vertex -58.1 -39.5 45
      vertex -58.1053 -39.622 2.5
      vertex -58.1053 -39.622 45
    endloop
  endfacet
  facet normal 0.953793 -0.300465 0
    outer loop
      vertex -60.8523 -39.1377 45
      vertex -60.8156 -39.0212 2.5
      vertex -60.8156 -39.0212 45
    endloop
  endfacet
  facet normal 0.953793 -0.300465 0
    outer loop
      vertex -60.8156 -39.0212 2.5
      vertex -60.8523 -39.1377 45
      vertex -60.8523 -39.1377 2.5
    endloop
  endfacet
  facet normal 0.976341 0.216237 0
    outer loop
      vertex -60.8523 -39.8623 45
      vertex -60.8787 -39.7431 2.5
      vertex -60.8787 -39.7431 45
    endloop
  endfacet
  facet normal 0.976341 0.216237 0
    outer loop
      vertex -60.8787 -39.7431 2.5
      vertex -60.8523 -39.8623 45
      vertex -60.8523 -39.8623 2.5
    endloop
  endfacet
  facet normal 0.793567 -0.608483 0
    outer loop
      vertex -60.6468 -38.697 45
      vertex -60.5725 -38.6001 2.5
      vertex -60.5725 -38.6001 45
    endloop
  endfacet
  facet normal 0.793567 -0.608483 0
    outer loop
      vertex -60.5725 -38.6001 2.5
      vertex -60.6468 -38.697 45
      vertex -60.6468 -38.697 2.5
    endloop
  endfacet
  facet normal -0.736746 -0.676169 0
    outer loop
      vertex -58.4275 -38.6001 2.5
      vertex -58.5101 -38.5101 45
      vertex -58.5101 -38.5101 2.5
    endloop
  endfacet
  facet normal -0.736746 -0.676169 0
    outer loop
      vertex -58.5101 -38.5101 45
      vertex -58.4275 -38.6001 2.5
      vertex -58.4275 -38.6001 45
    endloop
  endfacet
  facet normal 0.923777 -0.38293 0
    outer loop
      vertex -60.8156 -39.0212 45
      vertex -60.7688 -38.9083 2.5
      vertex -60.7688 -38.9083 45
    endloop
  endfacet
  facet normal 0.923777 -0.38293 0
    outer loop
      vertex -60.7688 -38.9083 2.5
      vertex -60.8156 -39.0212 45
      vertex -60.8156 -39.0212 2.5
    endloop
  endfacet
  facet normal -0.537193 0.843459 0
    outer loop
      vertex -58.697 -40.6468 2.5
      vertex -58.8 -40.7124 45
      vertex -58.697 -40.6468 45
    endloop
  endfacet
  facet normal -0.537193 0.843459 0
    outer loop
      vertex -58.8 -40.7124 45
      vertex -58.697 -40.6468 2.5
      vertex -58.8 -40.7124 2.5
    endloop
  endfacet
  facet normal -0.676169 -0.736746 0
    outer loop
      vertex -58.6001 -38.4275 2.5
      vertex -58.5101 -38.5101 45
      vertex -58.6001 -38.4275 45
    endloop
  endfacet
  facet normal -0.676169 -0.736746 -0
    outer loop
      vertex -58.5101 -38.5101 45
      vertex -58.6001 -38.4275 2.5
      vertex -58.5101 -38.5101 2.5
    endloop
  endfacet
  facet normal -0.300465 0.953793 0
    outer loop
      vertex -59.0212 -40.8156 2.5
      vertex -59.1377 -40.8523 45
      vertex -59.0212 -40.8156 45
    endloop
  endfacet
  facet normal -0.300465 0.953793 0
    outer loop
      vertex -59.1377 -40.8523 45
      vertex -59.0212 -40.8156 2.5
      vertex -59.1377 -40.8523 2.5
    endloop
  endfacet
  facet normal -0.991384 0.130984 0
    outer loop
      vertex -58.1213 -39.7431 2.5
      vertex -58.1053 -39.622 45
      vertex -58.1053 -39.622 2.5
    endloop
  endfacet
  facet normal -0.991384 0.130984 0
    outer loop
      vertex -58.1053 -39.622 45
      vertex -58.1213 -39.7431 2.5
      vertex -58.1213 -39.7431 45
    endloop
  endfacet
  facet normal 0.300465 0.953793 -0
    outer loop
      vertex -59.8623 -40.8523 2.5
      vertex -59.9788 -40.8156 45
      vertex -59.8623 -40.8523 45
    endloop
  endfacet
  facet normal 0.300465 0.953793 0
    outer loop
      vertex -59.9788 -40.8156 45
      vertex -59.8623 -40.8523 2.5
      vertex -59.9788 -40.8156 2.5
    endloop
  endfacet
  facet normal 0.736746 -0.676169 0
    outer loop
      vertex -60.5725 -38.6001 45
      vertex -60.4899 -38.5101 2.5
      vertex -60.4899 -38.5101 45
    endloop
  endfacet
  facet normal 0.736746 -0.676169 0
    outer loop
      vertex -60.4899 -38.5101 2.5
      vertex -60.5725 -38.6001 45
      vertex -60.5725 -38.6001 2.5
    endloop
  endfacet
  facet normal -0.130984 -0.991384 0
    outer loop
      vertex -59.378 -38.1053 2.5
      vertex -59.2569 -38.1213 45
      vertex -59.378 -38.1053 45
    endloop
  endfacet
  facet normal -0.130984 -0.991384 -0
    outer loop
      vertex -59.2569 -38.1213 45
      vertex -59.378 -38.1053 2.5
      vertex -59.2569 -38.1213 2.5
    endloop
  endfacet
  facet normal -0.793567 0.608483 0
    outer loop
      vertex -58.4275 -40.3999 2.5
      vertex -58.3532 -40.303 45
      vertex -58.3532 -40.303 2.5
    endloop
  endfacet
  facet normal -0.793567 0.608483 0
    outer loop
      vertex -58.3532 -40.303 45
      vertex -58.4275 -40.3999 2.5
      vertex -58.4275 -40.3999 45
    endloop
  endfacet
  facet normal -0.953793 -0.300465 0
    outer loop
      vertex -58.1477 -39.1377 2.5
      vertex -58.1844 -39.0212 45
      vertex -58.1844 -39.0212 2.5
    endloop
  endfacet
  facet normal -0.953793 -0.300465 0
    outer loop
      vertex -58.1844 -39.0212 45
      vertex -58.1477 -39.1377 2.5
      vertex -58.1477 -39.1377 45
    endloop
  endfacet
  facet normal 0.843459 -0.537193 0
    outer loop
      vertex -60.7124 -38.8 45
      vertex -60.6468 -38.697 2.5
      vertex -60.6468 -38.697 45
    endloop
  endfacet
  facet normal 0.843459 -0.537193 0
    outer loop
      vertex -60.6468 -38.697 2.5
      vertex -60.7124 -38.8 45
      vertex -60.7124 -38.8 2.5
    endloop
  endfacet
  facet normal 0.216237 0.976341 -0
    outer loop
      vertex -59.7431 -40.8787 2.5
      vertex -59.8623 -40.8523 45
      vertex -59.7431 -40.8787 45
    endloop
  endfacet
  facet normal 0.216237 0.976341 0
    outer loop
      vertex -59.8623 -40.8523 45
      vertex -59.7431 -40.8787 2.5
      vertex -59.8623 -40.8523 2.5
    endloop
  endfacet
  facet normal -0.976341 0.216237 0
    outer loop
      vertex -58.1477 -39.8623 2.5
      vertex -58.1213 -39.7431 45
      vertex -58.1213 -39.7431 2.5
    endloop
  endfacet
  facet normal -0.976341 0.216237 0
    outer loop
      vertex -58.1213 -39.7431 45
      vertex -58.1477 -39.8623 2.5
      vertex -58.1477 -39.8623 45
    endloop
  endfacet
  facet normal 0.461894 -0.886935 0
    outer loop
      vertex -60.2 -38.2876 2.5
      vertex -60.0917 -38.2312 45
      vertex -60.2 -38.2876 45
    endloop
  endfacet
  facet normal 0.461894 -0.886935 0
    outer loop
      vertex -60.0917 -38.2312 45
      vertex -60.2 -38.2876 2.5
      vertex -60.0917 -38.2312 2.5
    endloop
  endfacet
  facet normal -0.923777 -0.38293 0
    outer loop
      vertex -58.1844 -39.0212 2.5
      vertex -58.2312 -38.9083 45
      vertex -58.2312 -38.9083 2.5
    endloop
  endfacet
  facet normal -0.923777 -0.38293 0
    outer loop
      vertex -58.2312 -38.9083 45
      vertex -58.1844 -39.0212 2.5
      vertex -58.1844 -39.0212 45
    endloop
  endfacet
  facet normal -0.38293 -0.923777 0
    outer loop
      vertex -59.0212 -38.1844 2.5
      vertex -58.9083 -38.2312 45
      vertex -59.0212 -38.1844 45
    endloop
  endfacet
  facet normal -0.38293 -0.923777 -0
    outer loop
      vertex -58.9083 -38.2312 45
      vertex -59.0212 -38.1844 2.5
      vertex -58.9083 -38.2312 2.5
    endloop
  endfacet
  facet normal 0.38293 -0.923777 0
    outer loop
      vertex -60.0917 -38.2312 2.5
      vertex -59.9788 -38.1844 45
      vertex -60.0917 -38.2312 45
    endloop
  endfacet
  facet normal 0.38293 -0.923777 0
    outer loop
      vertex -59.9788 -38.1844 45
      vertex -60.0917 -38.2312 2.5
      vertex -59.9788 -38.1844 2.5
    endloop
  endfacet
  facet normal -0.0434017 0.999058 0
    outer loop
      vertex -59.378 -40.8947 2.5
      vertex -59.5 -40.9 45
      vertex -59.378 -40.8947 45
    endloop
  endfacet
  facet normal -0.0434017 0.999058 0
    outer loop
      vertex -59.5 -40.9 45
      vertex -59.378 -40.8947 2.5
      vertex -59.5 -40.9 2.5
    endloop
  endfacet
  facet normal -0.38293 0.923777 0
    outer loop
      vertex -58.9083 -40.7688 2.5
      vertex -59.0212 -40.8156 45
      vertex -58.9083 -40.7688 45
    endloop
  endfacet
  facet normal -0.38293 0.923777 0
    outer loop
      vertex -59.0212 -40.8156 45
      vertex -58.9083 -40.7688 2.5
      vertex -59.0212 -40.8156 2.5
    endloop
  endfacet
  facet normal 0.886935 0.461894 0
    outer loop
      vertex -60.7124 -40.2 45
      vertex -60.7688 -40.0917 2.5
      vertex -60.7688 -40.0917 45
    endloop
  endfacet
  facet normal 0.886935 0.461894 0
    outer loop
      vertex -60.7688 -40.0917 2.5
      vertex -60.7124 -40.2 45
      vertex -60.7124 -40.2 2.5
    endloop
  endfacet
  facet normal 0.991384 0.130984 0
    outer loop
      vertex -60.8787 -39.7431 45
      vertex -60.8947 -39.622 2.5
      vertex -60.8947 -39.622 45
    endloop
  endfacet
  facet normal 0.991384 0.130984 0
    outer loop
      vertex -60.8947 -39.622 2.5
      vertex -60.8787 -39.7431 45
      vertex -60.8787 -39.7431 2.5
    endloop
  endfacet
  facet normal -0.130984 0.991384 0
    outer loop
      vertex -59.2569 -40.8787 2.5
      vertex -59.378 -40.8947 45
      vertex -59.2569 -40.8787 45
    endloop
  endfacet
  facet normal -0.130984 0.991384 0
    outer loop
      vertex -59.378 -40.8947 45
      vertex -59.2569 -40.8787 2.5
      vertex -59.378 -40.8947 2.5
    endloop
  endfacet
  facet normal 0.676169 -0.736746 0
    outer loop
      vertex -60.4899 -38.5101 2.5
      vertex -60.3999 -38.4275 45
      vertex -60.4899 -38.5101 45
    endloop
  endfacet
  facet normal 0.676169 -0.736746 0
    outer loop
      vertex -60.3999 -38.4275 45
      vertex -60.4899 -38.5101 2.5
      vertex -60.3999 -38.4275 2.5
    endloop
  endfacet
  facet normal -0.843459 0.537193 0
    outer loop
      vertex -58.3532 -40.303 2.5
      vertex -58.2876 -40.2 45
      vertex -58.2876 -40.2 2.5
    endloop
  endfacet
  facet normal -0.843459 0.537193 0
    outer loop
      vertex -58.2876 -40.2 45
      vertex -58.3532 -40.303 2.5
      vertex -58.3532 -40.303 45
    endloop
  endfacet
  facet normal -0.886935 0.461894 0
    outer loop
      vertex -58.2876 -40.2 2.5
      vertex -58.2312 -40.0917 45
      vertex -58.2312 -40.0917 2.5
    endloop
  endfacet
  facet normal -0.886935 0.461894 0
    outer loop
      vertex -58.2312 -40.0917 45
      vertex -58.2876 -40.2 2.5
      vertex -58.2876 -40.2 45
    endloop
  endfacet
  facet normal -0.843459 -0.537193 0
    outer loop
      vertex -58.2876 -38.8 2.5
      vertex -58.3532 -38.697 45
      vertex -58.3532 -38.697 2.5
    endloop
  endfacet
  facet normal -0.843459 -0.537193 0
    outer loop
      vertex -58.3532 -38.697 45
      vertex -58.2876 -38.8 2.5
      vertex -58.2876 -38.8 45
    endloop
  endfacet
  facet normal -0.793567 -0.608483 0
    outer loop
      vertex -58.3532 -38.697 2.5
      vertex -58.4275 -38.6001 45
      vertex -58.4275 -38.6001 2.5
    endloop
  endfacet
  facet normal -0.793567 -0.608483 0
    outer loop
      vertex -58.4275 -38.6001 45
      vertex -58.3532 -38.697 2.5
      vertex -58.3532 -38.697 45
    endloop
  endfacet
  facet normal -0.461894 -0.886935 0
    outer loop
      vertex -58.9083 -38.2312 2.5
      vertex -58.8 -38.2876 45
      vertex -58.9083 -38.2312 45
    endloop
  endfacet
  facet normal -0.461894 -0.886935 -0
    outer loop
      vertex -58.8 -38.2876 45
      vertex -58.9083 -38.2312 2.5
      vertex -58.8 -38.2876 2.5
    endloop
  endfacet
  facet normal -0.736746 0.676169 0
    outer loop
      vertex -58.5101 -40.4899 2.5
      vertex -58.4275 -40.3999 45
      vertex -58.4275 -40.3999 2.5
    endloop
  endfacet
  facet normal -0.736746 0.676169 0
    outer loop
      vertex -58.4275 -40.3999 45
      vertex -58.5101 -40.4899 2.5
      vertex -58.5101 -40.4899 45
    endloop
  endfacet
  facet normal -0.300465 -0.953793 0
    outer loop
      vertex -59.1377 -38.1477 2.5
      vertex -59.0212 -38.1844 45
      vertex -59.1377 -38.1477 45
    endloop
  endfacet
  facet normal -0.300465 -0.953793 -0
    outer loop
      vertex -59.0212 -38.1844 45
      vertex -59.1377 -38.1477 2.5
      vertex -59.0212 -38.1844 2.5
    endloop
  endfacet
  facet normal 0.886935 -0.461894 0
    outer loop
      vertex -60.7688 -38.9083 45
      vertex -60.7124 -38.8 2.5
      vertex -60.7124 -38.8 45
    endloop
  endfacet
  facet normal 0.886935 -0.461894 0
    outer loop
      vertex -60.7124 -38.8 2.5
      vertex -60.7688 -38.9083 45
      vertex -60.7688 -38.9083 2.5
    endloop
  endfacet
  facet normal -0.216237 0.976341 0
    outer loop
      vertex -59.1377 -40.8523 2.5
      vertex -59.2569 -40.8787 45
      vertex -59.1377 -40.8523 45
    endloop
  endfacet
  facet normal -0.216237 0.976341 0
    outer loop
      vertex -59.2569 -40.8787 45
      vertex -59.1377 -40.8523 2.5
      vertex -59.2569 -40.8787 2.5
    endloop
  endfacet
  facet normal 0.843459 0.537193 0
    outer loop
      vertex -60.6468 -40.303 45
      vertex -60.7124 -40.2 2.5
      vertex -60.7124 -40.2 45
    endloop
  endfacet
  facet normal 0.843459 0.537193 0
    outer loop
      vertex -60.7124 -40.2 2.5
      vertex -60.6468 -40.303 45
      vertex -60.6468 -40.303 2.5
    endloop
  endfacet
  facet normal 0.736746 0.676169 0
    outer loop
      vertex -60.4899 -40.4899 45
      vertex -60.5725 -40.3999 2.5
      vertex -60.5725 -40.3999 45
    endloop
  endfacet
  facet normal 0.736746 0.676169 0
    outer loop
      vertex -60.5725 -40.3999 2.5
      vertex -60.4899 -40.4899 45
      vertex -60.4899 -40.4899 2.5
    endloop
  endfacet
  facet normal -0.886935 -0.461894 0
    outer loop
      vertex -58.2312 -38.9083 2.5
      vertex -58.2876 -38.8 45
      vertex -58.2876 -38.8 2.5
    endloop
  endfacet
  facet normal -0.886935 -0.461894 0
    outer loop
      vertex -58.2876 -38.8 45
      vertex -58.2312 -38.9083 2.5
      vertex -58.2312 -38.9083 45
    endloop
  endfacet
  facet normal 0.0434017 0.999058 -0
    outer loop
      vertex -59.5 -40.9 2.5
      vertex -59.622 -40.8947 45
      vertex -59.5 -40.9 45
    endloop
  endfacet
  facet normal 0.0434017 0.999058 0
    outer loop
      vertex -59.622 -40.8947 45
      vertex -59.5 -40.9 2.5
      vertex -59.622 -40.8947 2.5
    endloop
  endfacet
  facet normal 0.537193 -0.843459 0
    outer loop
      vertex -60.303 -38.3532 2.5
      vertex -60.2 -38.2876 45
      vertex -60.303 -38.3532 45
    endloop
  endfacet
  facet normal 0.537193 -0.843459 0
    outer loop
      vertex -60.2 -38.2876 45
      vertex -60.303 -38.3532 2.5
      vertex -60.2 -38.2876 2.5
    endloop
  endfacet
  facet normal 0.793567 0.608483 0
    outer loop
      vertex -60.5725 -40.3999 45
      vertex -60.6468 -40.303 2.5
      vertex -60.6468 -40.303 45
    endloop
  endfacet
  facet normal 0.793567 0.608483 0
    outer loop
      vertex -60.6468 -40.303 2.5
      vertex -60.5725 -40.3999 45
      vertex -60.5725 -40.3999 2.5
    endloop
  endfacet
  facet normal 0.216237 -0.976341 0
    outer loop
      vertex -59.8623 -38.1477 2.5
      vertex -59.7431 -38.1213 45
      vertex -59.8623 -38.1477 45
    endloop
  endfacet
  facet normal 0.216237 -0.976341 0
    outer loop
      vertex -59.7431 -38.1213 45
      vertex -59.8623 -38.1477 2.5
      vertex -59.7431 -38.1213 2.5
    endloop
  endfacet
  facet normal 0.130984 -0.991384 0
    outer loop
      vertex -59.7431 -38.1213 2.5
      vertex -59.622 -38.1053 45
      vertex -59.7431 -38.1213 45
    endloop
  endfacet
  facet normal 0.130984 -0.991384 0
    outer loop
      vertex -59.622 -38.1053 45
      vertex -59.7431 -38.1213 2.5
      vertex -59.622 -38.1053 2.5
    endloop
  endfacet
  facet normal 0.300465 -0.953793 0
    outer loop
      vertex -59.9788 -38.1844 2.5
      vertex -59.8623 -38.1477 45
      vertex -59.9788 -38.1844 45
    endloop
  endfacet
  facet normal 0.300465 -0.953793 0
    outer loop
      vertex -59.8623 -38.1477 45
      vertex -59.9788 -38.1844 2.5
      vertex -59.8623 -38.1477 2.5
    endloop
  endfacet
  facet normal -0.537193 -0.843459 0
    outer loop
      vertex -58.8 -38.2876 2.5
      vertex -58.697 -38.3532 45
      vertex -58.8 -38.2876 45
    endloop
  endfacet
  facet normal -0.537193 -0.843459 -0
    outer loop
      vertex -58.697 -38.3532 45
      vertex -58.8 -38.2876 2.5
      vertex -58.697 -38.3532 2.5
    endloop
  endfacet
  facet normal 0.999058 0.0434017 0
    outer loop
      vertex -60.8947 -39.622 45
      vertex -60.9 -39.5 2.5
      vertex -60.9 -39.5 45
    endloop
  endfacet
  facet normal 0.999058 0.0434017 0
    outer loop
      vertex -60.9 -39.5 2.5
      vertex -60.8947 -39.622 45
      vertex -60.8947 -39.622 2.5
    endloop
  endfacet
  facet normal -0.608483 -0.793567 0
    outer loop
      vertex -58.697 -38.3532 2.5
      vertex -58.6001 -38.4275 45
      vertex -58.697 -38.3532 45
    endloop
  endfacet
  facet normal -0.608483 -0.793567 -0
    outer loop
      vertex -58.6001 -38.4275 45
      vertex -58.697 -38.3532 2.5
      vertex -58.6001 -38.4275 2.5
    endloop
  endfacet
  facet normal 0.0434017 -0.999058 0
    outer loop
      vertex -59.622 -38.1053 2.5
      vertex -59.5 -38.1 45
      vertex -59.622 -38.1053 45
    endloop
  endfacet
  facet normal 0.0434017 -0.999058 0
    outer loop
      vertex -59.5 -38.1 45
      vertex -59.622 -38.1053 2.5
      vertex -59.5 -38.1 2.5
    endloop
  endfacet
  facet normal -0.953793 0.300465 0
    outer loop
      vertex -58.1844 -39.9788 2.5
      vertex -58.1477 -39.8623 45
      vertex -58.1477 -39.8623 2.5
    endloop
  endfacet
  facet normal -0.953793 0.300465 0
    outer loop
      vertex -58.1477 -39.8623 45
      vertex -58.1844 -39.9788 2.5
      vertex -58.1844 -39.9788 45
    endloop
  endfacet
  facet normal -0.923777 0.38293 0
    outer loop
      vertex -58.2312 -40.0917 2.5
      vertex -58.1844 -39.9788 45
      vertex -58.1844 -39.9788 2.5
    endloop
  endfacet
  facet normal -0.923777 0.38293 0
    outer loop
      vertex -58.1844 -39.9788 45
      vertex -58.2312 -40.0917 2.5
      vertex -58.2312 -40.0917 45
    endloop
  endfacet
  facet normal 0.953793 0.300465 0
    outer loop
      vertex -60.8156 -39.9788 45
      vertex -60.8523 -39.8623 2.5
      vertex -60.8523 -39.8623 45
    endloop
  endfacet
  facet normal 0.953793 0.300465 0
    outer loop
      vertex -60.8523 -39.8623 2.5
      vertex -60.8156 -39.9788 45
      vertex -60.8156 -39.9788 2.5
    endloop
  endfacet
  facet normal -0.461894 0.886935 0
    outer loop
      vertex -58.8 -40.7124 2.5
      vertex -58.9083 -40.7688 45
      vertex -58.8 -40.7124 45
    endloop
  endfacet
  facet normal -0.461894 0.886935 0
    outer loop
      vertex -58.9083 -40.7688 45
      vertex -58.8 -40.7124 2.5
      vertex -58.9083 -40.7688 2.5
    endloop
  endfacet
  facet normal 0.608483 0.793567 -0
    outer loop
      vertex -60.303 -40.6468 2.5
      vertex -60.3999 -40.5725 45
      vertex -60.303 -40.6468 45
    endloop
  endfacet
  facet normal 0.608483 0.793567 0
    outer loop
      vertex -60.3999 -40.5725 45
      vertex -60.303 -40.6468 2.5
      vertex -60.3999 -40.5725 2.5
    endloop
  endfacet
  facet normal 0.976341 -0.216237 0
    outer loop
      vertex -60.8787 -39.2569 45
      vertex -60.8523 -39.1377 2.5
      vertex -60.8523 -39.1377 45
    endloop
  endfacet
  facet normal 0.976341 -0.216237 0
    outer loop
      vertex -60.8523 -39.1377 2.5
      vertex -60.8787 -39.2569 45
      vertex -60.8787 -39.2569 2.5
    endloop
  endfacet
  facet normal -0.0434017 -0.999058 0
    outer loop
      vertex -59.5 -38.1 2.5
      vertex -59.378 -38.1053 45
      vertex -59.5 -38.1 45
    endloop
  endfacet
  facet normal -0.0434017 -0.999058 -0
    outer loop
      vertex -59.378 -38.1053 45
      vertex -59.5 -38.1 2.5
      vertex -59.378 -38.1053 2.5
    endloop
  endfacet
  facet normal 0.461894 0.886935 -0
    outer loop
      vertex -60.0917 -40.7688 2.5
      vertex -60.2 -40.7124 45
      vertex -60.0917 -40.7688 45
    endloop
  endfacet
  facet normal 0.461894 0.886935 0
    outer loop
      vertex -60.2 -40.7124 45
      vertex -60.0917 -40.7688 2.5
      vertex -60.2 -40.7124 2.5
    endloop
  endfacet
  facet normal 0.130984 0.991384 -0
    outer loop
      vertex -59.622 -40.8947 2.5
      vertex -59.7431 -40.8787 45
      vertex -59.622 -40.8947 45
    endloop
  endfacet
  facet normal 0.130984 0.991384 0
    outer loop
      vertex -59.7431 -40.8787 45
      vertex -59.622 -40.8947 2.5
      vertex -59.7431 -40.8787 2.5
    endloop
  endfacet
  facet normal -0.676169 0.736746 0
    outer loop
      vertex -58.5101 -40.4899 2.5
      vertex -58.6001 -40.5725 45
      vertex -58.5101 -40.4899 45
    endloop
  endfacet
  facet normal -0.676169 0.736746 0
    outer loop
      vertex -58.6001 -40.5725 45
      vertex -58.5101 -40.4899 2.5
      vertex -58.6001 -40.5725 2.5
    endloop
  endfacet
  facet normal -0.608483 0.793567 0
    outer loop
      vertex -58.6001 -40.5725 2.5
      vertex -58.697 -40.6468 45
      vertex -58.6001 -40.5725 45
    endloop
  endfacet
  facet normal -0.608483 0.793567 0
    outer loop
      vertex -58.697 -40.6468 45
      vertex -58.6001 -40.5725 2.5
      vertex -58.697 -40.6468 2.5
    endloop
  endfacet
  facet normal -0.216237 -0.976341 0
    outer loop
      vertex -59.2569 -38.1213 2.5
      vertex -59.1377 -38.1477 45
      vertex -59.2569 -38.1213 45
    endloop
  endfacet
  facet normal -0.216237 -0.976341 -0
    outer loop
      vertex -59.1377 -38.1477 45
      vertex -59.2569 -38.1213 2.5
      vertex -59.1377 -38.1477 2.5
    endloop
  endfacet
  facet normal 0.991384 -0.130984 0
    outer loop
      vertex -60.8947 -39.378 45
      vertex -60.8787 -39.2569 2.5
      vertex -60.8787 -39.2569 45
    endloop
  endfacet
  facet normal 0.991384 -0.130984 0
    outer loop
      vertex -60.8787 -39.2569 2.5
      vertex -60.8947 -39.378 45
      vertex -60.8947 -39.378 2.5
    endloop
  endfacet
  facet normal 0.999058 -0.0434017 0
    outer loop
      vertex -60.9 -39.5 45
      vertex -60.8947 -39.378 2.5
      vertex -60.8947 -39.378 45
    endloop
  endfacet
  facet normal 0.999058 -0.0434017 0
    outer loop
      vertex -60.8947 -39.378 2.5
      vertex -60.9 -39.5 45
      vertex -60.9 -39.5 2.5
    endloop
  endfacet
  facet normal 0.608483 -0.793567 0
    outer loop
      vertex -60.3999 -38.4275 2.5
      vertex -60.303 -38.3532 45
      vertex -60.3999 -38.4275 45
    endloop
  endfacet
  facet normal 0.608483 -0.793567 0
    outer loop
      vertex -60.303 -38.3532 45
      vertex -60.3999 -38.4275 2.5
      vertex -60.303 -38.3532 2.5
    endloop
  endfacet
  facet normal 0.676169 0.736746 -0
    outer loop
      vertex -60.3999 -40.5725 2.5
      vertex -60.4899 -40.4899 45
      vertex -60.3999 -40.5725 45
    endloop
  endfacet
  facet normal 0.676169 0.736746 0
    outer loop
      vertex -60.4899 -40.4899 45
      vertex -60.3999 -40.5725 2.5
      vertex -60.4899 -40.4899 2.5
    endloop
  endfacet
  facet normal 0.38293 0.923777 -0
    outer loop
      vertex -59.9788 -40.8156 2.5
      vertex -60.0917 -40.7688 45
      vertex -59.9788 -40.8156 45
    endloop
  endfacet
  facet normal 0.38293 0.923777 0
    outer loop
      vertex -60.0917 -40.7688 45
      vertex -59.9788 -40.8156 2.5
      vertex -60.0917 -40.7688 2.5
    endloop
  endfacet
  facet normal 0.537193 0.843459 -0
    outer loop
      vertex -60.2 -40.7124 2.5
      vertex -60.303 -40.6468 45
      vertex -60.2 -40.7124 45
    endloop
  endfacet
  facet normal 0.537193 0.843459 0
    outer loop
      vertex -60.303 -40.6468 45
      vertex -60.2 -40.7124 2.5
      vertex -60.303 -40.6468 2.5
    endloop
  endfacet
  facet normal 0.923777 0.38293 0
    outer loop
      vertex -60.7688 -40.0917 45
      vertex -60.8156 -39.9788 2.5
      vertex -60.8156 -39.9788 45
    endloop
  endfacet
  facet normal 0.923777 0.38293 0
    outer loop
      vertex -60.8156 -39.9788 2.5
      vertex -60.7688 -40.0917 45
      vertex -60.7688 -40.0917 2.5
    endloop
  endfacet
  facet normal 0.976287 -0.21648 0
    outer loop
      vertex -56.1193 38.5941 45
      vertex -56.0532 38.8922 2.5
      vertex -56.0532 38.8922 45
    endloop
  endfacet
  facet normal 0.976287 -0.21648 0
    outer loop
      vertex -56.0532 38.8922 2.5
      vertex -56.1193 38.5941 45
      vertex -56.1193 38.5941 2.5
    endloop
  endfacet
  facet normal 0.300661 -0.953731 0
    outer loop
      vertex -58.5941 36.1193 2.5
      vertex -58.3029 36.2111 45
      vertex -58.5941 36.1193 45
    endloop
  endfacet
  facet normal 0.300661 -0.953731 0
    outer loop
      vertex -58.3029 36.2111 45
      vertex -58.5941 36.1193 2.5
      vertex -58.3029 36.2111 2.5
    endloop
  endfacet
  facet normal 0.608507 -0.793548 0
    outer loop
      vertex -57.4925 36.633 2.5
      vertex -57.2502 36.8188 45
      vertex -57.4925 36.633 45
    endloop
  endfacet
  facet normal 0.608507 -0.793548 0
    outer loop
      vertex -57.2502 36.8188 45
      vertex -57.4925 36.633 2.5
      vertex -57.2502 36.8188 2.5
    endloop
  endfacet
  facet normal 0.793548 -0.608507 0
    outer loop
      vertex -56.8188 37.2502 45
      vertex -56.633 37.4925 2.5
      vertex -56.633 37.4925 45
    endloop
  endfacet
  facet normal 0.793548 -0.608507 0
    outer loop
      vertex -56.633 37.4925 2.5
      vertex -56.8188 37.2502 45
      vertex -56.8188 37.2502 2.5
    endloop
  endfacet
  facet normal 0.461827 -0.88697 0
    outer loop
      vertex -58.0208 36.3279 2.5
      vertex -57.75 36.4689 45
      vertex -58.0208 36.3279 45
    endloop
  endfacet
  facet normal 0.461827 -0.88697 0
    outer loop
      vertex -57.75 36.4689 45
      vertex -58.0208 36.3279 2.5
      vertex -57.75 36.4689 2.5
    endloop
  endfacet
  facet normal 0.67565 0.737222 -0
    outer loop
      vertex -57.0251 41.9749 2.5
      vertex -57.2502 42.1812 45
      vertex -57.0251 41.9749 45
    endloop
  endfacet
  facet normal 0.67565 0.737222 0
    outer loop
      vertex -57.2502 42.1812 45
      vertex -57.0251 41.9749 2.5
      vertex -57.2502 42.1812 2.5
    endloop
  endfacet
  facet normal 0.953731 0.300661 0
    outer loop
      vertex -56.1193 40.4059 45
      vertex -56.2111 40.6971 2.5
      vertex -56.2111 40.6971 45
    endloop
  endfacet
  facet normal 0.953731 0.300661 0
    outer loop
      vertex -56.2111 40.6971 2.5
      vertex -56.1193 40.4059 45
      vertex -56.1193 40.4059 2.5
    endloop
  endfacet
  facet normal 0.0435652 -0.999051 0
    outer loop
      vertex -59.5 36 2.5
      vertex -59.195 36.0133 45
      vertex -59.5 36 45
    endloop
  endfacet
  facet normal 0.0435652 -0.999051 0
    outer loop
      vertex -59.195 36.0133 45
      vertex -59.5 36 2.5
      vertex -59.195 36.0133 2.5
    endloop
  endfacet
  facet normal 0.88697 -0.461827 0
    outer loop
      vertex -56.4689 37.75 45
      vertex -56.3279 38.0208 2.5
      vertex -56.3279 38.0208 45
    endloop
  endfacet
  facet normal 0.88697 -0.461827 0
    outer loop
      vertex -56.3279 38.0208 2.5
      vertex -56.4689 37.75 45
      vertex -56.4689 37.75 2.5
    endloop
  endfacet
  facet normal 0.999051 -0.0435652 0
    outer loop
      vertex -56.0133 39.195 45
      vertex -56 39.5 2.5
      vertex -56 39.5 45
    endloop
  endfacet
  facet normal 0.999051 -0.0435652 0
    outer loop
      vertex -56 39.5 2.5
      vertex -56.0133 39.195 45
      vertex -56.0133 39.195 2.5
    endloop
  endfacet
  facet normal -0.537426 -0.843311 0
    outer loop
      vertex -61.5075 36.633 2.5
      vertex -61.25 36.4689 45
      vertex -61.5075 36.633 45
    endloop
  endfacet
  facet normal -0.537426 -0.843311 -0
    outer loop
      vertex -61.25 36.4689 45
      vertex -61.5075 36.633 2.5
      vertex -61.25 36.4689 2.5
    endloop
  endfacet
  facet normal 0.21648 -0.976287 0
    outer loop
      vertex -58.8922 36.0532 2.5
      vertex -58.5941 36.1193 45
      vertex -58.8922 36.0532 45
    endloop
  endfacet
  facet normal 0.21648 -0.976287 0
    outer loop
      vertex -58.5941 36.1193 45
      vertex -58.8922 36.0532 2.5
      vertex -58.5941 36.1193 2.5
    endloop
  endfacet
  facet normal -0.608507 0.793548 0
    outer loop
      vertex -61.5075 42.367 2.5
      vertex -61.7498 42.1812 45
      vertex -61.5075 42.367 45
    endloop
  endfacet
  facet normal -0.608507 0.793548 0
    outer loop
      vertex -61.7498 42.1812 45
      vertex -61.5075 42.367 2.5
      vertex -61.7498 42.1812 2.5
    endloop
  endfacet
  facet normal 0.99143 0.130641 0
    outer loop
      vertex -56.0133 39.805 45
      vertex -56.0532 40.1078 2.5
      vertex -56.0532 40.1078 45
    endloop
  endfacet
  facet normal 0.99143 0.130641 0
    outer loop
      vertex -56.0532 40.1078 2.5
      vertex -56.0133 39.805 45
      vertex -56.0133 39.805 2.5
    endloop
  endfacet
  facet normal 0.999051 0.0435652 0
    outer loop
      vertex -56 39.5 45
      vertex -56.0133 39.805 2.5
      vertex -56.0133 39.805 45
    endloop
  endfacet
  facet normal 0.999051 0.0435652 0
    outer loop
      vertex -56.0133 39.805 2.5
      vertex -56 39.5 45
      vertex -56 39.5 2.5
    endloop
  endfacet
  facet normal 0.537426 -0.843311 0
    outer loop
      vertex -57.75 36.4689 2.5
      vertex -57.4925 36.633 45
      vertex -57.75 36.4689 45
    endloop
  endfacet
  facet normal 0.537426 -0.843311 0
    outer loop
      vertex -57.4925 36.633 45
      vertex -57.75 36.4689 2.5
      vertex -57.4925 36.633 2.5
    endloop
  endfacet
  facet normal 0.737222 -0.67565 0
    outer loop
      vertex -57.0251 37.0251 45
      vertex -56.8188 37.2502 2.5
      vertex -56.8188 37.2502 45
    endloop
  endfacet
  facet normal 0.737222 -0.67565 0
    outer loop
      vertex -56.8188 37.2502 2.5
      vertex -57.0251 37.0251 45
      vertex -57.0251 37.0251 2.5
    endloop
  endfacet
  facet normal -0.737222 -0.67565 0
    outer loop
      vertex -61.9749 37.0251 2.5
      vertex -62.1812 37.2502 45
      vertex -62.1812 37.2502 2.5
    endloop
  endfacet
  facet normal -0.737222 -0.67565 0
    outer loop
      vertex -62.1812 37.2502 45
      vertex -61.9749 37.0251 2.5
      vertex -61.9749 37.0251 45
    endloop
  endfacet
  facet normal -0.300661 -0.953731 0
    outer loop
      vertex -60.6971 36.2111 2.5
      vertex -60.4059 36.1193 45
      vertex -60.6971 36.2111 45
    endloop
  endfacet
  facet normal -0.300661 -0.953731 -0
    outer loop
      vertex -60.4059 36.1193 45
      vertex -60.6971 36.2111 2.5
      vertex -60.4059 36.1193 2.5
    endloop
  endfacet
  facet normal -0.382545 -0.923937 0
    outer loop
      vertex -60.9792 36.3279 2.5
      vertex -60.6971 36.2111 45
      vertex -60.9792 36.3279 45
    endloop
  endfacet
  facet normal -0.382545 -0.923937 -0
    outer loop
      vertex -60.6971 36.2111 45
      vertex -60.9792 36.3279 2.5
      vertex -60.6971 36.2111 2.5
    endloop
  endfacet
  facet normal -0.793548 -0.608507 0
    outer loop
      vertex -62.1812 37.2502 2.5
      vertex -62.367 37.4925 45
      vertex -62.367 37.4925 2.5
    endloop
  endfacet
  facet normal -0.793548 -0.608507 0
    outer loop
      vertex -62.367 37.4925 45
      vertex -62.1812 37.2502 2.5
      vertex -62.1812 37.2502 45
    endloop
  endfacet
  facet normal 0.976287 0.21648 0
    outer loop
      vertex -56.0532 40.1078 45
      vertex -56.1193 40.4059 2.5
      vertex -56.1193 40.4059 45
    endloop
  endfacet
  facet normal 0.976287 0.21648 0
    outer loop
      vertex -56.1193 40.4059 2.5
      vertex -56.0532 40.1078 45
      vertex -56.0532 40.1078 2.5
    endloop
  endfacet
  facet normal 0.737222 0.67565 0
    outer loop
      vertex -56.8188 41.7498 45
      vertex -57.0251 41.9749 2.5
      vertex -57.0251 41.9749 45
    endloop
  endfacet
  facet normal 0.737222 0.67565 0
    outer loop
      vertex -57.0251 41.9749 2.5
      vertex -56.8188 41.7498 45
      vertex -56.8188 41.7498 2.5
    endloop
  endfacet
  facet normal -0.843312 -0.537424 0
    outer loop
      vertex -62.367 37.4925 2.5
      vertex -62.5 37.7012 45
      vertex -62.5 37.7012 2.5
    endloop
  endfacet
  facet normal -0.843312 -0.537424 0
    outer loop
      vertex -62.5 37.7012 45
      vertex -62.367 37.4925 2.5
      vertex -62.367 37.4925 45
    endloop
  endfacet
  facet normal 0.923937 -0.382545 0
    outer loop
      vertex -56.3279 38.0208 45
      vertex -56.2111 38.3029 2.5
      vertex -56.2111 38.3029 45
    endloop
  endfacet
  facet normal 0.923937 -0.382545 0
    outer loop
      vertex -56.2111 38.3029 2.5
      vertex -56.3279 38.0208 45
      vertex -56.3279 38.0208 2.5
    endloop
  endfacet
  facet normal -0.537424 0.843312 0
    outer loop
      vertex -61.2988 42.5 2.5
      vertex -61.5075 42.367 45
      vertex -61.2988 42.5 45
    endloop
  endfacet
  facet normal -0.537424 0.843312 0
    outer loop
      vertex -61.5075 42.367 45
      vertex -61.2988 42.5 2.5
      vertex -61.5075 42.367 2.5
    endloop
  endfacet
  facet normal 0.608507 0.793548 -0
    outer loop
      vertex -57.2502 42.1812 2.5
      vertex -57.4925 42.367 45
      vertex -57.2502 42.1812 45
    endloop
  endfacet
  facet normal 0.608507 0.793548 0
    outer loop
      vertex -57.4925 42.367 45
      vertex -57.2502 42.1812 2.5
      vertex -57.4925 42.367 2.5
    endloop
  endfacet
  facet normal 0.88697 0.461827 0
    outer loop
      vertex -56.3279 40.9792 45
      vertex -56.4689 41.25 2.5
      vertex -56.4689 41.25 45
    endloop
  endfacet
  facet normal 0.88697 0.461827 0
    outer loop
      vertex -56.4689 41.25 2.5
      vertex -56.3279 40.9792 45
      vertex -56.3279 40.9792 2.5
    endloop
  endfacet
  facet normal 0.537424 0.843312 -0
    outer loop
      vertex -57.4925 42.367 2.5
      vertex -57.7012 42.5 45
      vertex -57.4925 42.367 45
    endloop
  endfacet
  facet normal 0.537424 0.843312 0
    outer loop
      vertex -57.7012 42.5 45
      vertex -57.4925 42.367 2.5
      vertex -57.7012 42.5 2.5
    endloop
  endfacet
  facet normal 0.953731 -0.300661 0
    outer loop
      vertex -56.2111 38.3029 45
      vertex -56.1193 38.5941 2.5
      vertex -56.1193 38.5941 45
    endloop
  endfacet
  facet normal 0.953731 -0.300661 0
    outer loop
      vertex -56.1193 38.5941 2.5
      vertex -56.2111 38.3029 45
      vertex -56.2111 38.3029 2.5
    endloop
  endfacet
  facet normal 0.99143 -0.130641 0
    outer loop
      vertex -56.0532 38.8922 45
      vertex -56.0133 39.195 2.5
      vertex -56.0133 39.195 45
    endloop
  endfacet
  facet normal 0.99143 -0.130641 0
    outer loop
      vertex -56.0133 39.195 2.5
      vertex -56.0532 38.8922 45
      vertex -56.0532 38.8922 2.5
    endloop
  endfacet
  facet normal 0.923937 0.382545 0
    outer loop
      vertex -56.2111 40.6971 45
      vertex -56.3279 40.9792 2.5
      vertex -56.3279 40.9792 45
    endloop
  endfacet
  facet normal 0.923937 0.382545 0
    outer loop
      vertex -56.3279 40.9792 2.5
      vertex -56.2111 40.6971 45
      vertex -56.2111 40.6971 2.5
    endloop
  endfacet
  facet normal 0.843311 0.537426 0
    outer loop
      vertex -56.4689 41.25 45
      vertex -56.633 41.5075 2.5
      vertex -56.633 41.5075 45
    endloop
  endfacet
  facet normal 0.843311 0.537426 0
    outer loop
      vertex -56.633 41.5075 2.5
      vertex -56.4689 41.25 45
      vertex -56.4689 41.25 2.5
    endloop
  endfacet
  facet normal -0.737222 0.67565 0
    outer loop
      vertex -62.1812 41.7498 2.5
      vertex -61.9749 41.9749 45
      vertex -61.9749 41.9749 2.5
    endloop
  endfacet
  facet normal -0.737222 0.67565 0
    outer loop
      vertex -61.9749 41.9749 45
      vertex -62.1812 41.7498 2.5
      vertex -62.1812 41.7498 45
    endloop
  endfacet
  facet normal -0.67565 0.737222 0
    outer loop
      vertex -61.7498 42.1812 2.5
      vertex -61.9749 41.9749 45
      vertex -61.7498 42.1812 45
    endloop
  endfacet
  facet normal -0.67565 0.737222 0
    outer loop
      vertex -61.9749 41.9749 45
      vertex -61.7498 42.1812 2.5
      vertex -61.9749 41.9749 2.5
    endloop
  endfacet
  facet normal 0.130641 -0.99143 0
    outer loop
      vertex -59.195 36.0133 2.5
      vertex -58.8922 36.0532 45
      vertex -59.195 36.0133 45
    endloop
  endfacet
  facet normal 0.130641 -0.99143 0
    outer loop
      vertex -58.8922 36.0532 45
      vertex -59.195 36.0133 2.5
      vertex -58.8922 36.0532 2.5
    endloop
  endfacet
  facet normal -0.67565 -0.737222 0
    outer loop
      vertex -61.9749 37.0251 2.5
      vertex -61.7498 36.8188 45
      vertex -61.9749 37.0251 45
    endloop
  endfacet
  facet normal -0.67565 -0.737222 -0
    outer loop
      vertex -61.7498 36.8188 45
      vertex -61.9749 37.0251 2.5
      vertex -61.7498 36.8188 2.5
    endloop
  endfacet
  facet normal 0.793548 0.608507 0
    outer loop
      vertex -56.633 41.5075 45
      vertex -56.8188 41.7498 2.5
      vertex -56.8188 41.7498 45
    endloop
  endfacet
  facet normal 0.793548 0.608507 0
    outer loop
      vertex -56.8188 41.7498 2.5
      vertex -56.633 41.5075 45
      vertex -56.633 41.5075 2.5
    endloop
  endfacet
  facet normal -0.461827 -0.88697 0
    outer loop
      vertex -61.25 36.4689 2.5
      vertex -60.9792 36.3279 45
      vertex -61.25 36.4689 45
    endloop
  endfacet
  facet normal -0.461827 -0.88697 -0
    outer loop
      vertex -60.9792 36.3279 45
      vertex -61.25 36.4689 2.5
      vertex -60.9792 36.3279 2.5
    endloop
  endfacet
  facet normal -0.21648 -0.976287 0
    outer loop
      vertex -60.4059 36.1193 2.5
      vertex -60.1078 36.0532 45
      vertex -60.4059 36.1193 45
    endloop
  endfacet
  facet normal -0.21648 -0.976287 -0
    outer loop
      vertex -60.1078 36.0532 45
      vertex -60.4059 36.1193 2.5
      vertex -60.1078 36.0532 2.5
    endloop
  endfacet
  facet normal 0.382545 -0.923937 0
    outer loop
      vertex -58.3029 36.2111 2.5
      vertex -58.0208 36.3279 45
      vertex -58.3029 36.2111 45
    endloop
  endfacet
  facet normal 0.382545 -0.923937 0
    outer loop
      vertex -58.0208 36.3279 45
      vertex -58.3029 36.2111 2.5
      vertex -58.0208 36.3279 2.5
    endloop
  endfacet
  facet normal -0.130641 -0.99143 0
    outer loop
      vertex -60.1078 36.0532 2.5
      vertex -59.805 36.0133 45
      vertex -60.1078 36.0532 45
    endloop
  endfacet
  facet normal -0.130641 -0.99143 -0
    outer loop
      vertex -59.805 36.0133 45
      vertex -60.1078 36.0532 2.5
      vertex -59.805 36.0133 2.5
    endloop
  endfacet
  facet normal -0.0435652 -0.999051 0
    outer loop
      vertex -59.805 36.0133 2.5
      vertex -59.5 36 45
      vertex -59.805 36.0133 45
    endloop
  endfacet
  facet normal -0.0435652 -0.999051 -0
    outer loop
      vertex -59.5 36 45
      vertex -59.805 36.0133 2.5
      vertex -59.5 36 2.5
    endloop
  endfacet
  facet normal -0.608507 -0.793548 0
    outer loop
      vertex -61.7498 36.8188 2.5
      vertex -61.5075 36.633 45
      vertex -61.7498 36.8188 45
    endloop
  endfacet
  facet normal -0.608507 -0.793548 -0
    outer loop
      vertex -61.5075 36.633 45
      vertex -61.7498 36.8188 2.5
      vertex -61.5075 36.633 2.5
    endloop
  endfacet
  facet normal 0.67565 -0.737222 0
    outer loop
      vertex -57.2502 36.8188 2.5
      vertex -57.0251 37.0251 45
      vertex -57.2502 36.8188 45
    endloop
  endfacet
  facet normal 0.67565 -0.737222 0
    outer loop
      vertex -57.0251 37.0251 45
      vertex -57.2502 36.8188 2.5
      vertex -57.0251 37.0251 2.5
    endloop
  endfacet
  facet normal -0.793548 0.608507 0
    outer loop
      vertex -62.367 41.5075 2.5
      vertex -62.1812 41.7498 45
      vertex -62.1812 41.7498 2.5
    endloop
  endfacet
  facet normal -0.793548 0.608507 0
    outer loop
      vertex -62.1812 41.7498 45
      vertex -62.367 41.5075 2.5
      vertex -62.367 41.5075 45
    endloop
  endfacet
  facet normal 0.843311 -0.537426 0
    outer loop
      vertex -56.633 37.4925 45
      vertex -56.4689 37.75 2.5
      vertex -56.4689 37.75 45
    endloop
  endfacet
  facet normal 0.843311 -0.537426 0
    outer loop
      vertex -56.4689 37.75 2.5
      vertex -56.633 37.4925 45
      vertex -56.633 37.4925 2.5
    endloop
  endfacet
  facet normal -0.843312 0.537424 0
    outer loop
      vertex -62.5 41.2988 2.5
      vertex -62.367 41.5075 45
      vertex -62.367 41.5075 2.5
    endloop
  endfacet
  facet normal -0.843312 0.537424 0
    outer loop
      vertex -62.367 41.5075 45
      vertex -62.5 41.2988 2.5
      vertex -62.5 41.2988 45
    endloop
  endfacet
  facet normal -0.991384 -0.130984 0
    outer loop
      vertex -58.1053 39.622 2.5
      vertex -58.1213 39.7431 45
      vertex -58.1213 39.7431 2.5
    endloop
  endfacet
  facet normal -0.991384 -0.130984 0
    outer loop
      vertex -58.1213 39.7431 45
      vertex -58.1053 39.622 2.5
      vertex -58.1053 39.622 45
    endloop
  endfacet
  facet normal -0.999058 -0.0434017 0
    outer loop
      vertex -58.1 39.5 2.5
      vertex -58.1053 39.622 45
      vertex -58.1053 39.622 2.5
    endloop
  endfacet
  facet normal -0.999058 -0.0434017 0
    outer loop
      vertex -58.1053 39.622 45
      vertex -58.1 39.5 2.5
      vertex -58.1 39.5 45
    endloop
  endfacet
  facet normal -0.976341 -0.216237 0
    outer loop
      vertex -58.1213 39.7431 2.5
      vertex -58.1477 39.8623 45
      vertex -58.1477 39.8623 2.5
    endloop
  endfacet
  facet normal -0.976341 -0.216237 0
    outer loop
      vertex -58.1477 39.8623 45
      vertex -58.1213 39.7431 2.5
      vertex -58.1213 39.7431 45
    endloop
  endfacet
  facet normal -0.999058 0.0434017 0
    outer loop
      vertex -58.1053 39.378 2.5
      vertex -58.1 39.5 45
      vertex -58.1 39.5 2.5
    endloop
  endfacet
  facet normal -0.999058 0.0434017 0
    outer loop
      vertex -58.1 39.5 45
      vertex -58.1053 39.378 2.5
      vertex -58.1053 39.378 45
    endloop
  endfacet
  facet normal 0.953793 -0.300465 0
    outer loop
      vertex -60.8523 39.8623 45
      vertex -60.8156 39.9788 2.5
      vertex -60.8156 39.9788 45
    endloop
  endfacet
  facet normal 0.953793 -0.300465 0
    outer loop
      vertex -60.8156 39.9788 2.5
      vertex -60.8523 39.8623 45
      vertex -60.8523 39.8623 2.5
    endloop
  endfacet
  facet normal 0.976341 0.216237 0
    outer loop
      vertex -60.8523 39.1377 45
      vertex -60.8787 39.2569 2.5
      vertex -60.8787 39.2569 45
    endloop
  endfacet
  facet normal 0.976341 0.216237 0
    outer loop
      vertex -60.8787 39.2569 2.5
      vertex -60.8523 39.1377 45
      vertex -60.8523 39.1377 2.5
    endloop
  endfacet
  facet normal 0.793567 -0.608483 0
    outer loop
      vertex -60.6468 40.303 45
      vertex -60.5725 40.3999 2.5
      vertex -60.5725 40.3999 45
    endloop
  endfacet
  facet normal 0.793567 -0.608483 0
    outer loop
      vertex -60.5725 40.3999 2.5
      vertex -60.6468 40.303 45
      vertex -60.6468 40.303 2.5
    endloop
  endfacet
  facet normal -0.736746 -0.676169 0
    outer loop
      vertex -58.4275 40.3999 2.5
      vertex -58.5101 40.4899 45
      vertex -58.5101 40.4899 2.5
    endloop
  endfacet
  facet normal -0.736746 -0.676169 0
    outer loop
      vertex -58.5101 40.4899 45
      vertex -58.4275 40.3999 2.5
      vertex -58.4275 40.3999 45
    endloop
  endfacet
  facet normal 0.923777 -0.38293 0
    outer loop
      vertex -60.8156 39.9788 45
      vertex -60.7688 40.0917 2.5
      vertex -60.7688 40.0917 45
    endloop
  endfacet
  facet normal 0.923777 -0.38293 0
    outer loop
      vertex -60.7688 40.0917 2.5
      vertex -60.8156 39.9788 45
      vertex -60.8156 39.9788 2.5
    endloop
  endfacet
  facet normal -0.537193 0.843459 0
    outer loop
      vertex -58.697 38.3532 2.5
      vertex -58.8 38.2876 45
      vertex -58.697 38.3532 45
    endloop
  endfacet
  facet normal -0.537193 0.843459 0
    outer loop
      vertex -58.8 38.2876 45
      vertex -58.697 38.3532 2.5
      vertex -58.8 38.2876 2.5
    endloop
  endfacet
  facet normal -0.676169 -0.736746 0
    outer loop
      vertex -58.6001 40.5725 2.5
      vertex -58.5101 40.4899 45
      vertex -58.6001 40.5725 45
    endloop
  endfacet
  facet normal -0.676169 -0.736746 -0
    outer loop
      vertex -58.5101 40.4899 45
      vertex -58.6001 40.5725 2.5
      vertex -58.5101 40.4899 2.5
    endloop
  endfacet
  facet normal -0.300465 0.953793 0
    outer loop
      vertex -59.0212 38.1844 2.5
      vertex -59.1377 38.1477 45
      vertex -59.0212 38.1844 45
    endloop
  endfacet
  facet normal -0.300465 0.953793 0
    outer loop
      vertex -59.1377 38.1477 45
      vertex -59.0212 38.1844 2.5
      vertex -59.1377 38.1477 2.5
    endloop
  endfacet
  facet normal -0.991384 0.130984 0
    outer loop
      vertex -58.1213 39.2569 2.5
      vertex -58.1053 39.378 45
      vertex -58.1053 39.378 2.5
    endloop
  endfacet
  facet normal -0.991384 0.130984 0
    outer loop
      vertex -58.1053 39.378 45
      vertex -58.1213 39.2569 2.5
      vertex -58.1213 39.2569 45
    endloop
  endfacet
  facet normal 0.300465 0.953793 -0
    outer loop
      vertex -59.8623 38.1477 2.5
      vertex -59.9788 38.1844 45
      vertex -59.8623 38.1477 45
    endloop
  endfacet
  facet normal 0.300465 0.953793 0
    outer loop
      vertex -59.9788 38.1844 45
      vertex -59.8623 38.1477 2.5
      vertex -59.9788 38.1844 2.5
    endloop
  endfacet
  facet normal 0.736746 -0.676169 0
    outer loop
      vertex -60.5725 40.3999 45
      vertex -60.4899 40.4899 2.5
      vertex -60.4899 40.4899 45
    endloop
  endfacet
  facet normal 0.736746 -0.676169 0
    outer loop
      vertex -60.4899 40.4899 2.5
      vertex -60.5725 40.3999 45
      vertex -60.5725 40.3999 2.5
    endloop
  endfacet
  facet normal -0.130984 -0.991384 0
    outer loop
      vertex -59.378 40.8947 2.5
      vertex -59.2569 40.8787 45
      vertex -59.378 40.8947 45
    endloop
  endfacet
  facet normal -0.130984 -0.991384 -0
    outer loop
      vertex -59.2569 40.8787 45
      vertex -59.378 40.8947 2.5
      vertex -59.2569 40.8787 2.5
    endloop
  endfacet
  facet normal -0.793567 0.608483 0
    outer loop
      vertex -58.4275 38.6001 2.5
      vertex -58.3532 38.697 45
      vertex -58.3532 38.697 2.5
    endloop
  endfacet
  facet normal -0.793567 0.608483 0
    outer loop
      vertex -58.3532 38.697 45
      vertex -58.4275 38.6001 2.5
      vertex -58.4275 38.6001 45
    endloop
  endfacet
  facet normal -0.953793 -0.300465 0
    outer loop
      vertex -58.1477 39.8623 2.5
      vertex -58.1844 39.9788 45
      vertex -58.1844 39.9788 2.5
    endloop
  endfacet
  facet normal -0.953793 -0.300465 0
    outer loop
      vertex -58.1844 39.9788 45
      vertex -58.1477 39.8623 2.5
      vertex -58.1477 39.8623 45
    endloop
  endfacet
  facet normal 0.843459 -0.537193 0
    outer loop
      vertex -60.7124 40.2 45
      vertex -60.6468 40.303 2.5
      vertex -60.6468 40.303 45
    endloop
  endfacet
  facet normal 0.843459 -0.537193 0
    outer loop
      vertex -60.6468 40.303 2.5
      vertex -60.7124 40.2 45
      vertex -60.7124 40.2 2.5
    endloop
  endfacet
  facet normal 0.216237 0.976341 -0
    outer loop
      vertex -59.7431 38.1213 2.5
      vertex -59.8623 38.1477 45
      vertex -59.7431 38.1213 45
    endloop
  endfacet
  facet normal 0.216237 0.976341 0
    outer loop
      vertex -59.8623 38.1477 45
      vertex -59.7431 38.1213 2.5
      vertex -59.8623 38.1477 2.5
    endloop
  endfacet
  facet normal -0.976341 0.216237 0
    outer loop
      vertex -58.1477 39.1377 2.5
      vertex -58.1213 39.2569 45
      vertex -58.1213 39.2569 2.5
    endloop
  endfacet
  facet normal -0.976341 0.216237 0
    outer loop
      vertex -58.1213 39.2569 45
      vertex -58.1477 39.1377 2.5
      vertex -58.1477 39.1377 45
    endloop
  endfacet
  facet normal 0.461894 -0.886935 0
    outer loop
      vertex -60.2 40.7124 2.5
      vertex -60.0917 40.7688 45
      vertex -60.2 40.7124 45
    endloop
  endfacet
  facet normal 0.461894 -0.886935 0
    outer loop
      vertex -60.0917 40.7688 45
      vertex -60.2 40.7124 2.5
      vertex -60.0917 40.7688 2.5
    endloop
  endfacet
  facet normal -0.923777 -0.38293 0
    outer loop
      vertex -58.1844 39.9788 2.5
      vertex -58.2312 40.0917 45
      vertex -58.2312 40.0917 2.5
    endloop
  endfacet
  facet normal -0.923777 -0.38293 0
    outer loop
      vertex -58.2312 40.0917 45
      vertex -58.1844 39.9788 2.5
      vertex -58.1844 39.9788 45
    endloop
  endfacet
  facet normal -0.38293 -0.923777 0
    outer loop
      vertex -59.0212 40.8156 2.5
      vertex -58.9083 40.7688 45
      vertex -59.0212 40.8156 45
    endloop
  endfacet
  facet normal -0.38293 -0.923777 -0
    outer loop
      vertex -58.9083 40.7688 45
      vertex -59.0212 40.8156 2.5
      vertex -58.9083 40.7688 2.5
    endloop
  endfacet
  facet normal 0.38293 -0.923777 0
    outer loop
      vertex -60.0917 40.7688 2.5
      vertex -59.9788 40.8156 45
      vertex -60.0917 40.7688 45
    endloop
  endfacet
  facet normal 0.38293 -0.923777 0
    outer loop
      vertex -59.9788 40.8156 45
      vertex -60.0917 40.7688 2.5
      vertex -59.9788 40.8156 2.5
    endloop
  endfacet
  facet normal -0.0434017 0.999058 0
    outer loop
      vertex -59.378 38.1053 2.5
      vertex -59.5 38.1 45
      vertex -59.378 38.1053 45
    endloop
  endfacet
  facet normal -0.0434017 0.999058 0
    outer loop
      vertex -59.5 38.1 45
      vertex -59.378 38.1053 2.5
      vertex -59.5 38.1 2.5
    endloop
  endfacet
  facet normal -0.38293 0.923777 0
    outer loop
      vertex -58.9083 38.2312 2.5
      vertex -59.0212 38.1844 45
      vertex -58.9083 38.2312 45
    endloop
  endfacet
  facet normal -0.38293 0.923777 0
    outer loop
      vertex -59.0212 38.1844 45
      vertex -58.9083 38.2312 2.5
      vertex -59.0212 38.1844 2.5
    endloop
  endfacet
  facet normal 0.886935 0.461894 0
    outer loop
      vertex -60.7124 38.8 45
      vertex -60.7688 38.9083 2.5
      vertex -60.7688 38.9083 45
    endloop
  endfacet
  facet normal 0.886935 0.461894 0
    outer loop
      vertex -60.7688 38.9083 2.5
      vertex -60.7124 38.8 45
      vertex -60.7124 38.8 2.5
    endloop
  endfacet
  facet normal 0.991384 0.130984 0
    outer loop
      vertex -60.8787 39.2569 45
      vertex -60.8947 39.378 2.5
      vertex -60.8947 39.378 45
    endloop
  endfacet
  facet normal 0.991384 0.130984 0
    outer loop
      vertex -60.8947 39.378 2.5
      vertex -60.8787 39.2569 45
      vertex -60.8787 39.2569 2.5
    endloop
  endfacet
  facet normal -0.130984 0.991384 0
    outer loop
      vertex -59.2569 38.1213 2.5
      vertex -59.378 38.1053 45
      vertex -59.2569 38.1213 45
    endloop
  endfacet
  facet normal -0.130984 0.991384 0
    outer loop
      vertex -59.378 38.1053 45
      vertex -59.2569 38.1213 2.5
      vertex -59.378 38.1053 2.5
    endloop
  endfacet
  facet normal 0.676169 -0.736746 0
    outer loop
      vertex -60.4899 40.4899 2.5
      vertex -60.3999 40.5725 45
      vertex -60.4899 40.4899 45
    endloop
  endfacet
  facet normal 0.676169 -0.736746 0
    outer loop
      vertex -60.3999 40.5725 45
      vertex -60.4899 40.4899 2.5
      vertex -60.3999 40.5725 2.5
    endloop
  endfacet
  facet normal -0.843459 0.537193 0
    outer loop
      vertex -58.3532 38.697 2.5
      vertex -58.2876 38.8 45
      vertex -58.2876 38.8 2.5
    endloop
  endfacet
  facet normal -0.843459 0.537193 0
    outer loop
      vertex -58.2876 38.8 45
      vertex -58.3532 38.697 2.5
      vertex -58.3532 38.697 45
    endloop
  endfacet
  facet normal -0.886935 0.461894 0
    outer loop
      vertex -58.2876 38.8 2.5
      vertex -58.2312 38.9083 45
      vertex -58.2312 38.9083 2.5
    endloop
  endfacet
  facet normal -0.886935 0.461894 0
    outer loop
      vertex -58.2312 38.9083 45
      vertex -58.2876 38.8 2.5
      vertex -58.2876 38.8 45
    endloop
  endfacet
  facet normal -0.843459 -0.537193 0
    outer loop
      vertex -58.2876 40.2 2.5
      vertex -58.3532 40.303 45
      vertex -58.3532 40.303 2.5
    endloop
  endfacet
  facet normal -0.843459 -0.537193 0
    outer loop
      vertex -58.3532 40.303 45
      vertex -58.2876 40.2 2.5
      vertex -58.2876 40.2 45
    endloop
  endfacet
  facet normal -0.793567 -0.608483 0
    outer loop
      vertex -58.3532 40.303 2.5
      vertex -58.4275 40.3999 45
      vertex -58.4275 40.3999 2.5
    endloop
  endfacet
  facet normal -0.793567 -0.608483 0
    outer loop
      vertex -58.4275 40.3999 45
      vertex -58.3532 40.303 2.5
      vertex -58.3532 40.303 45
    endloop
  endfacet
  facet normal -0.461894 -0.886935 0
    outer loop
      vertex -58.9083 40.7688 2.5
      vertex -58.8 40.7124 45
      vertex -58.9083 40.7688 45
    endloop
  endfacet
  facet normal -0.461894 -0.886935 -0
    outer loop
      vertex -58.8 40.7124 45
      vertex -58.9083 40.7688 2.5
      vertex -58.8 40.7124 2.5
    endloop
  endfacet
  facet normal -0.736746 0.676169 0
    outer loop
      vertex -58.5101 38.5101 2.5
      vertex -58.4275 38.6001 45
      vertex -58.4275 38.6001 2.5
    endloop
  endfacet
  facet normal -0.736746 0.676169 0
    outer loop
      vertex -58.4275 38.6001 45
      vertex -58.5101 38.5101 2.5
      vertex -58.5101 38.5101 45
    endloop
  endfacet
  facet normal -0.300465 -0.953793 0
    outer loop
      vertex -59.1377 40.8523 2.5
      vertex -59.0212 40.8156 45
      vertex -59.1377 40.8523 45
    endloop
  endfacet
  facet normal -0.300465 -0.953793 -0
    outer loop
      vertex -59.0212 40.8156 45
      vertex -59.1377 40.8523 2.5
      vertex -59.0212 40.8156 2.5
    endloop
  endfacet
  facet normal 0.886935 -0.461894 0
    outer loop
      vertex -60.7688 40.0917 45
      vertex -60.7124 40.2 2.5
      vertex -60.7124 40.2 45
    endloop
  endfacet
  facet normal 0.886935 -0.461894 0
    outer loop
      vertex -60.7124 40.2 2.5
      vertex -60.7688 40.0917 45
      vertex -60.7688 40.0917 2.5
    endloop
  endfacet
  facet normal -0.216237 0.976341 0
    outer loop
      vertex -59.1377 38.1477 2.5
      vertex -59.2569 38.1213 45
      vertex -59.1377 38.1477 45
    endloop
  endfacet
  facet normal -0.216237 0.976341 0
    outer loop
      vertex -59.2569 38.1213 45
      vertex -59.1377 38.1477 2.5
      vertex -59.2569 38.1213 2.5
    endloop
  endfacet
  facet normal 0.843459 0.537193 0
    outer loop
      vertex -60.6468 38.697 45
      vertex -60.7124 38.8 2.5
      vertex -60.7124 38.8 45
    endloop
  endfacet
  facet normal 0.843459 0.537193 0
    outer loop
      vertex -60.7124 38.8 2.5
      vertex -60.6468 38.697 45
      vertex -60.6468 38.697 2.5
    endloop
  endfacet
  facet normal 0.736746 0.676169 0
    outer loop
      vertex -60.4899 38.5101 45
      vertex -60.5725 38.6001 2.5
      vertex -60.5725 38.6001 45
    endloop
  endfacet
  facet normal 0.736746 0.676169 0
    outer loop
      vertex -60.5725 38.6001 2.5
      vertex -60.4899 38.5101 45
      vertex -60.4899 38.5101 2.5
    endloop
  endfacet
  facet normal -0.886935 -0.461894 0
    outer loop
      vertex -58.2312 40.0917 2.5
      vertex -58.2876 40.2 45
      vertex -58.2876 40.2 2.5
    endloop
  endfacet
  facet normal -0.886935 -0.461894 0
    outer loop
      vertex -58.2876 40.2 45
      vertex -58.2312 40.0917 2.5
      vertex -58.2312 40.0917 45
    endloop
  endfacet
  facet normal 0.0434017 0.999058 -0
    outer loop
      vertex -59.5 38.1 2.5
      vertex -59.622 38.1053 45
      vertex -59.5 38.1 45
    endloop
  endfacet
  facet normal 0.0434017 0.999058 0
    outer loop
      vertex -59.622 38.1053 45
      vertex -59.5 38.1 2.5
      vertex -59.622 38.1053 2.5
    endloop
  endfacet
  facet normal 0.537193 -0.843459 0
    outer loop
      vertex -60.303 40.6468 2.5
      vertex -60.2 40.7124 45
      vertex -60.303 40.6468 45
    endloop
  endfacet
  facet normal 0.537193 -0.843459 0
    outer loop
      vertex -60.2 40.7124 45
      vertex -60.303 40.6468 2.5
      vertex -60.2 40.7124 2.5
    endloop
  endfacet
  facet normal 0.793567 0.608483 0
    outer loop
      vertex -60.5725 38.6001 45
      vertex -60.6468 38.697 2.5
      vertex -60.6468 38.697 45
    endloop
  endfacet
  facet normal 0.793567 0.608483 0
    outer loop
      vertex -60.6468 38.697 2.5
      vertex -60.5725 38.6001 45
      vertex -60.5725 38.6001 2.5
    endloop
  endfacet
  facet normal 0.216237 -0.976341 0
    outer loop
      vertex -59.8623 40.8523 2.5
      vertex -59.7431 40.8787 45
      vertex -59.8623 40.8523 45
    endloop
  endfacet
  facet normal 0.216237 -0.976341 0
    outer loop
      vertex -59.7431 40.8787 45
      vertex -59.8623 40.8523 2.5
      vertex -59.7431 40.8787 2.5
    endloop
  endfacet
  facet normal 0.130984 -0.991384 0
    outer loop
      vertex -59.7431 40.8787 2.5
      vertex -59.622 40.8947 45
      vertex -59.7431 40.8787 45
    endloop
  endfacet
  facet normal 0.130984 -0.991384 0
    outer loop
      vertex -59.622 40.8947 45
      vertex -59.7431 40.8787 2.5
      vertex -59.622 40.8947 2.5
    endloop
  endfacet
  facet normal 0.300465 -0.953793 0
    outer loop
      vertex -59.9788 40.8156 2.5
      vertex -59.8623 40.8523 45
      vertex -59.9788 40.8156 45
    endloop
  endfacet
  facet normal 0.300465 -0.953793 0
    outer loop
      vertex -59.8623 40.8523 45
      vertex -59.9788 40.8156 2.5
      vertex -59.8623 40.8523 2.5
    endloop
  endfacet
  facet normal -0.537193 -0.843459 0
    outer loop
      vertex -58.8 40.7124 2.5
      vertex -58.697 40.6468 45
      vertex -58.8 40.7124 45
    endloop
  endfacet
  facet normal -0.537193 -0.843459 -0
    outer loop
      vertex -58.697 40.6468 45
      vertex -58.8 40.7124 2.5
      vertex -58.697 40.6468 2.5
    endloop
  endfacet
  facet normal 0.999058 0.0434017 0
    outer loop
      vertex -60.8947 39.378 45
      vertex -60.9 39.5 2.5
      vertex -60.9 39.5 45
    endloop
  endfacet
  facet normal 0.999058 0.0434017 0
    outer loop
      vertex -60.9 39.5 2.5
      vertex -60.8947 39.378 45
      vertex -60.8947 39.378 2.5
    endloop
  endfacet
  facet normal -0.608483 -0.793567 0
    outer loop
      vertex -58.697 40.6468 2.5
      vertex -58.6001 40.5725 45
      vertex -58.697 40.6468 45
    endloop
  endfacet
  facet normal -0.608483 -0.793567 -0
    outer loop
      vertex -58.6001 40.5725 45
      vertex -58.697 40.6468 2.5
      vertex -58.6001 40.5725 2.5
    endloop
  endfacet
  facet normal 0.0434017 -0.999058 0
    outer loop
      vertex -59.622 40.8947 2.5
      vertex -59.5 40.9 45
      vertex -59.622 40.8947 45
    endloop
  endfacet
  facet normal 0.0434017 -0.999058 0
    outer loop
      vertex -59.5 40.9 45
      vertex -59.622 40.8947 2.5
      vertex -59.5 40.9 2.5
    endloop
  endfacet
  facet normal -0.953793 0.300465 0
    outer loop
      vertex -58.1844 39.0212 2.5
      vertex -58.1477 39.1377 45
      vertex -58.1477 39.1377 2.5
    endloop
  endfacet
  facet normal -0.953793 0.300465 0
    outer loop
      vertex -58.1477 39.1377 45
      vertex -58.1844 39.0212 2.5
      vertex -58.1844 39.0212 45
    endloop
  endfacet
  facet normal -0.923777 0.38293 0
    outer loop
      vertex -58.2312 38.9083 2.5
      vertex -58.1844 39.0212 45
      vertex -58.1844 39.0212 2.5
    endloop
  endfacet
  facet normal -0.923777 0.38293 0
    outer loop
      vertex -58.1844 39.0212 45
      vertex -58.2312 38.9083 2.5
      vertex -58.2312 38.9083 45
    endloop
  endfacet
  facet normal 0.953793 0.300465 0
    outer loop
      vertex -60.8156 39.0212 45
      vertex -60.8523 39.1377 2.5
      vertex -60.8523 39.1377 45
    endloop
  endfacet
  facet normal 0.953793 0.300465 0
    outer loop
      vertex -60.8523 39.1377 2.5
      vertex -60.8156 39.0212 45
      vertex -60.8156 39.0212 2.5
    endloop
  endfacet
  facet normal -0.461894 0.886935 0
    outer loop
      vertex -58.8 38.2876 2.5
      vertex -58.9083 38.2312 45
      vertex -58.8 38.2876 45
    endloop
  endfacet
  facet normal -0.461894 0.886935 0
    outer loop
      vertex -58.9083 38.2312 45
      vertex -58.8 38.2876 2.5
      vertex -58.9083 38.2312 2.5
    endloop
  endfacet
  facet normal 0.608483 0.793567 -0
    outer loop
      vertex -60.303 38.3532 2.5
      vertex -60.3999 38.4275 45
      vertex -60.303 38.3532 45
    endloop
  endfacet
  facet normal 0.608483 0.793567 0
    outer loop
      vertex -60.3999 38.4275 45
      vertex -60.303 38.3532 2.5
      vertex -60.3999 38.4275 2.5
    endloop
  endfacet
  facet normal 0.976341 -0.216237 0
    outer loop
      vertex -60.8787 39.7431 45
      vertex -60.8523 39.8623 2.5
      vertex -60.8523 39.8623 45
    endloop
  endfacet
  facet normal 0.976341 -0.216237 0
    outer loop
      vertex -60.8523 39.8623 2.5
      vertex -60.8787 39.7431 45
      vertex -60.8787 39.7431 2.5
    endloop
  endfacet
  facet normal -0.0434017 -0.999058 0
    outer loop
      vertex -59.5 40.9 2.5
      vertex -59.378 40.8947 45
      vertex -59.5 40.9 45
    endloop
  endfacet
  facet normal -0.0434017 -0.999058 -0
    outer loop
      vertex -59.378 40.8947 45
      vertex -59.5 40.9 2.5
      vertex -59.378 40.8947 2.5
    endloop
  endfacet
  facet normal 0.461894 0.886935 -0
    outer loop
      vertex -60.0917 38.2312 2.5
      vertex -60.2 38.2876 45
      vertex -60.0917 38.2312 45
    endloop
  endfacet
  facet normal 0.461894 0.886935 0
    outer loop
      vertex -60.2 38.2876 45
      vertex -60.0917 38.2312 2.5
      vertex -60.2 38.2876 2.5
    endloop
  endfacet
  facet normal 0.130984 0.991384 -0
    outer loop
      vertex -59.622 38.1053 2.5
      vertex -59.7431 38.1213 45
      vertex -59.622 38.1053 45
    endloop
  endfacet
  facet normal 0.130984 0.991384 0
    outer loop
      vertex -59.7431 38.1213 45
      vertex -59.622 38.1053 2.5
      vertex -59.7431 38.1213 2.5
    endloop
  endfacet
  facet normal -0.676169 0.736746 0
    outer loop
      vertex -58.5101 38.5101 2.5
      vertex -58.6001 38.4275 45
      vertex -58.5101 38.5101 45
    endloop
  endfacet
  facet normal -0.676169 0.736746 0
    outer loop
      vertex -58.6001 38.4275 45
      vertex -58.5101 38.5101 2.5
      vertex -58.6001 38.4275 2.5
    endloop
  endfacet
  facet normal -0.608483 0.793567 0
    outer loop
      vertex -58.6001 38.4275 2.5
      vertex -58.697 38.3532 45
      vertex -58.6001 38.4275 45
    endloop
  endfacet
  facet normal -0.608483 0.793567 0
    outer loop
      vertex -58.697 38.3532 45
      vertex -58.6001 38.4275 2.5
      vertex -58.697 38.3532 2.5
    endloop
  endfacet
  facet normal -0.216237 -0.976341 0
    outer loop
      vertex -59.2569 40.8787 2.5
      vertex -59.1377 40.8523 45
      vertex -59.2569 40.8787 45
    endloop
  endfacet
  facet normal -0.216237 -0.976341 -0
    outer loop
      vertex -59.1377 40.8523 45
      vertex -59.2569 40.8787 2.5
      vertex -59.1377 40.8523 2.5
    endloop
  endfacet
  facet normal 0.991384 -0.130984 0
    outer loop
      vertex -60.8947 39.622 45
      vertex -60.8787 39.7431 2.5
      vertex -60.8787 39.7431 45
    endloop
  endfacet
  facet normal 0.991384 -0.130984 0
    outer loop
      vertex -60.8787 39.7431 2.5
      vertex -60.8947 39.622 45
      vertex -60.8947 39.622 2.5
    endloop
  endfacet
  facet normal 0.999058 -0.0434017 0
    outer loop
      vertex -60.9 39.5 45
      vertex -60.8947 39.622 2.5
      vertex -60.8947 39.622 45
    endloop
  endfacet
  facet normal 0.999058 -0.0434017 0
    outer loop
      vertex -60.8947 39.622 2.5
      vertex -60.9 39.5 45
      vertex -60.9 39.5 2.5
    endloop
  endfacet
  facet normal 0.608483 -0.793567 0
    outer loop
      vertex -60.3999 40.5725 2.5
      vertex -60.303 40.6468 45
      vertex -60.3999 40.5725 45
    endloop
  endfacet
  facet normal 0.608483 -0.793567 0
    outer loop
      vertex -60.303 40.6468 45
      vertex -60.3999 40.5725 2.5
      vertex -60.303 40.6468 2.5
    endloop
  endfacet
  facet normal 0.676169 0.736746 -0
    outer loop
      vertex -60.3999 38.4275 2.5
      vertex -60.4899 38.5101 45
      vertex -60.3999 38.4275 45
    endloop
  endfacet
  facet normal 0.676169 0.736746 0
    outer loop
      vertex -60.4899 38.5101 45
      vertex -60.3999 38.4275 2.5
      vertex -60.4899 38.5101 2.5
    endloop
  endfacet
  facet normal 0.38293 0.923777 -0
    outer loop
      vertex -59.9788 38.1844 2.5
      vertex -60.0917 38.2312 45
      vertex -59.9788 38.1844 45
    endloop
  endfacet
  facet normal 0.38293 0.923777 0
    outer loop
      vertex -60.0917 38.2312 45
      vertex -59.9788 38.1844 2.5
      vertex -60.0917 38.2312 2.5
    endloop
  endfacet
  facet normal 0.537193 0.843459 -0
    outer loop
      vertex -60.2 38.2876 2.5
      vertex -60.303 38.3532 45
      vertex -60.2 38.2876 45
    endloop
  endfacet
  facet normal 0.537193 0.843459 0
    outer loop
      vertex -60.303 38.3532 45
      vertex -60.2 38.2876 2.5
      vertex -60.303 38.3532 2.5
    endloop
  endfacet
  facet normal 0.923777 0.38293 0
    outer loop
      vertex -60.7688 38.9083 45
      vertex -60.8156 39.0212 2.5
      vertex -60.8156 39.0212 45
    endloop
  endfacet
  facet normal 0.923777 0.38293 0
    outer loop
      vertex -60.8156 39.0212 2.5
      vertex -60.7688 38.9083 45
      vertex -60.7688 38.9083 2.5
    endloop
  endfacet
  facet normal -0.976287 -0.21648 0
    outer loop
      vertex 56.1193 -40.4059 2.5
      vertex 56.0532 -40.1078 45
      vertex 56.0532 -40.1078 2.5
    endloop
  endfacet
  facet normal -0.976287 -0.21648 0
    outer loop
      vertex 56.0532 -40.1078 45
      vertex 56.1193 -40.4059 2.5
      vertex 56.1193 -40.4059 45
    endloop
  endfacet
  facet normal 0.608507 -0.793548 0
    outer loop
      vertex 61.5075 -42.367 2.5
      vertex 61.7498 -42.1812 45
      vertex 61.5075 -42.367 45
    endloop
  endfacet
  facet normal 0.608507 -0.793548 0
    outer loop
      vertex 61.7498 -42.1812 45
      vertex 61.5075 -42.367 2.5
      vertex 61.7498 -42.1812 2.5
    endloop
  endfacet
  facet normal -0.461827 0.88697 0
    outer loop
      vertex 58.0208 -36.3279 2.5
      vertex 57.75 -36.4689 45
      vertex 58.0208 -36.3279 45
    endloop
  endfacet
  facet normal -0.461827 0.88697 0
    outer loop
      vertex 57.75 -36.4689 45
      vertex 58.0208 -36.3279 2.5
      vertex 57.75 -36.4689 2.5
    endloop
  endfacet
  facet normal 0.793548 -0.608507 0
    outer loop
      vertex 62.1812 -41.7498 45
      vertex 62.367 -41.5075 2.5
      vertex 62.367 -41.5075 45
    endloop
  endfacet
  facet normal 0.793548 -0.608507 0
    outer loop
      vertex 62.367 -41.5075 2.5
      vertex 62.1812 -41.7498 45
      vertex 62.1812 -41.7498 2.5
    endloop
  endfacet
  facet normal -0.88697 0.461827 0
    outer loop
      vertex 56.3279 -38.0208 2.5
      vertex 56.4689 -37.75 45
      vertex 56.4689 -37.75 2.5
    endloop
  endfacet
  facet normal -0.88697 0.461827 0
    outer loop
      vertex 56.4689 -37.75 45
      vertex 56.3279 -38.0208 2.5
      vertex 56.3279 -38.0208 45
    endloop
  endfacet
  facet normal -0.999051 0.0435652 0
    outer loop
      vertex 56 -39.5 2.5
      vertex 56.0133 -39.195 45
      vertex 56.0133 -39.195 2.5
    endloop
  endfacet
  facet normal -0.999051 0.0435652 0
    outer loop
      vertex 56.0133 -39.195 45
      vertex 56 -39.5 2.5
      vertex 56 -39.5 45
    endloop
  endfacet
  facet normal 0.67565 0.737222 -0
    outer loop
      vertex 61.9749 -37.0251 2.5
      vertex 61.7498 -36.8188 45
      vertex 61.9749 -37.0251 45
    endloop
  endfacet
  facet normal 0.67565 0.737222 0
    outer loop
      vertex 61.7498 -36.8188 45
      vertex 61.9749 -37.0251 2.5
      vertex 61.7498 -36.8188 2.5
    endloop
  endfacet
  facet normal -0.300661 0.953731 0
    outer loop
      vertex 58.5941 -36.1193 2.5
      vertex 58.3029 -36.2111 45
      vertex 58.5941 -36.1193 45
    endloop
  endfacet
  facet normal -0.300661 0.953731 0
    outer loop
      vertex 58.3029 -36.2111 45
      vertex 58.5941 -36.1193 2.5
      vertex 58.3029 -36.2111 2.5
    endloop
  endfacet
  facet normal -0.537424 -0.843312 0
    outer loop
      vertex 57.4925 -42.367 2.5
      vertex 57.7012 -42.5 45
      vertex 57.4925 -42.367 45
    endloop
  endfacet
  facet normal -0.537424 -0.843312 -0
    outer loop
      vertex 57.7012 -42.5 45
      vertex 57.4925 -42.367 2.5
      vertex 57.7012 -42.5 2.5
    endloop
  endfacet
  facet normal -0.608507 0.793548 0
    outer loop
      vertex 57.4925 -36.633 2.5
      vertex 57.2502 -36.8188 45
      vertex 57.4925 -36.633 45
    endloop
  endfacet
  facet normal -0.608507 0.793548 0
    outer loop
      vertex 57.2502 -36.8188 45
      vertex 57.4925 -36.633 2.5
      vertex 57.2502 -36.8188 2.5
    endloop
  endfacet
  facet normal -0.0435652 0.999051 0
    outer loop
      vertex 59.5 -36 2.5
      vertex 59.195 -36.0133 45
      vertex 59.5 -36 45
    endloop
  endfacet
  facet normal -0.0435652 0.999051 0
    outer loop
      vertex 59.195 -36.0133 45
      vertex 59.5 -36 2.5
      vertex 59.195 -36.0133 2.5
    endloop
  endfacet
  facet normal 0.300661 0.953731 -0
    outer loop
      vertex 60.6971 -36.2111 2.5
      vertex 60.4059 -36.1193 45
      vertex 60.6971 -36.2111 45
    endloop
  endfacet
  facet normal 0.300661 0.953731 0
    outer loop
      vertex 60.4059 -36.1193 45
      vertex 60.6971 -36.2111 2.5
      vertex 60.4059 -36.1193 2.5
    endloop
  endfacet
  facet normal -0.88697 -0.461827 0
    outer loop
      vertex 56.4689 -41.25 2.5
      vertex 56.3279 -40.9792 45
      vertex 56.3279 -40.9792 2.5
    endloop
  endfacet
  facet normal -0.88697 -0.461827 0
    outer loop
      vertex 56.3279 -40.9792 45
      vertex 56.4689 -41.25 2.5
      vertex 56.4689 -41.25 45
    endloop
  endfacet
  facet normal 0.0435652 0.999051 -0
    outer loop
      vertex 59.805 -36.0133 2.5
      vertex 59.5 -36 45
      vertex 59.805 -36.0133 45
    endloop
  endfacet
  facet normal 0.0435652 0.999051 0
    outer loop
      vertex 59.5 -36 45
      vertex 59.805 -36.0133 2.5
      vertex 59.5 -36 2.5
    endloop
  endfacet
  facet normal 0.537424 -0.843312 0
    outer loop
      vertex 61.2988 -42.5 2.5
      vertex 61.5075 -42.367 45
      vertex 61.2988 -42.5 45
    endloop
  endfacet
  facet normal 0.537424 -0.843312 0
    outer loop
      vertex 61.5075 -42.367 45
      vertex 61.2988 -42.5 2.5
      vertex 61.5075 -42.367 2.5
    endloop
  endfacet
  facet normal 0.737222 -0.67565 0
    outer loop
      vertex 61.9749 -41.9749 45
      vertex 62.1812 -41.7498 2.5
      vertex 62.1812 -41.7498 45
    endloop
  endfacet
  facet normal 0.737222 -0.67565 0
    outer loop
      vertex 62.1812 -41.7498 2.5
      vertex 61.9749 -41.9749 45
      vertex 61.9749 -41.9749 2.5
    endloop
  endfacet
  facet normal 0.461827 0.88697 -0
    outer loop
      vertex 61.25 -36.4689 2.5
      vertex 60.9792 -36.3279 45
      vertex 61.25 -36.4689 45
    endloop
  endfacet
  facet normal 0.461827 0.88697 0
    outer loop
      vertex 60.9792 -36.3279 45
      vertex 61.25 -36.4689 2.5
      vertex 60.9792 -36.3279 2.5
    endloop
  endfacet
  facet normal -0.99143 0.130641 0
    outer loop
      vertex 56.0133 -39.195 2.5
      vertex 56.0532 -38.8922 45
      vertex 56.0532 -38.8922 2.5
    endloop
  endfacet
  facet normal -0.99143 0.130641 0
    outer loop
      vertex 56.0532 -38.8922 45
      vertex 56.0133 -39.195 2.5
      vertex 56.0133 -39.195 45
    endloop
  endfacet
  facet normal -0.737222 -0.67565 0
    outer loop
      vertex 57.0251 -41.9749 2.5
      vertex 56.8188 -41.7498 45
      vertex 56.8188 -41.7498 2.5
    endloop
  endfacet
  facet normal -0.737222 -0.67565 0
    outer loop
      vertex 56.8188 -41.7498 45
      vertex 57.0251 -41.9749 2.5
      vertex 57.0251 -41.9749 45
    endloop
  endfacet
  facet normal -0.793548 -0.608507 0
    outer loop
      vertex 56.8188 -41.7498 2.5
      vertex 56.633 -41.5075 45
      vertex 56.633 -41.5075 2.5
    endloop
  endfacet
  facet normal -0.793548 -0.608507 0
    outer loop
      vertex 56.633 -41.5075 45
      vertex 56.8188 -41.7498 2.5
      vertex 56.8188 -41.7498 45
    endloop
  endfacet
  facet normal -0.99143 -0.130641 0
    outer loop
      vertex 56.0532 -40.1078 2.5
      vertex 56.0133 -39.805 45
      vertex 56.0133 -39.805 2.5
    endloop
  endfacet
  facet normal -0.99143 -0.130641 0
    outer loop
      vertex 56.0133 -39.805 45
      vertex 56.0532 -40.1078 2.5
      vertex 56.0532 -40.1078 45
    endloop
  endfacet
  facet normal 0.737222 0.67565 0
    outer loop
      vertex 62.1812 -37.2502 45
      vertex 61.9749 -37.0251 2.5
      vertex 61.9749 -37.0251 45
    endloop
  endfacet
  facet normal 0.737222 0.67565 0
    outer loop
      vertex 61.9749 -37.0251 2.5
      vertex 62.1812 -37.2502 45
      vertex 62.1812 -37.2502 2.5
    endloop
  endfacet
  facet normal -0.976287 0.21648 0
    outer loop
      vertex 56.0532 -38.8922 2.5
      vertex 56.1193 -38.5941 45
      vertex 56.1193 -38.5941 2.5
    endloop
  endfacet
  facet normal -0.976287 0.21648 0
    outer loop
      vertex 56.1193 -38.5941 45
      vertex 56.0532 -38.8922 2.5
      vertex 56.0532 -38.8922 45
    endloop
  endfacet
  facet normal 0.382545 0.923937 -0
    outer loop
      vertex 60.9792 -36.3279 2.5
      vertex 60.6971 -36.2111 45
      vertex 60.9792 -36.3279 45
    endloop
  endfacet
  facet normal 0.382545 0.923937 0
    outer loop
      vertex 60.6971 -36.2111 45
      vertex 60.9792 -36.3279 2.5
      vertex 60.6971 -36.2111 2.5
    endloop
  endfacet
  facet normal -0.843311 -0.537426 0
    outer loop
      vertex 56.633 -41.5075 2.5
      vertex 56.4689 -41.25 45
      vertex 56.4689 -41.25 2.5
    endloop
  endfacet
  facet normal -0.843311 -0.537426 0
    outer loop
      vertex 56.4689 -41.25 45
      vertex 56.633 -41.5075 2.5
      vertex 56.633 -41.5075 45
    endloop
  endfacet
  facet normal -0.923937 0.382545 0
    outer loop
      vertex 56.2111 -38.3029 2.5
      vertex 56.3279 -38.0208 45
      vertex 56.3279 -38.0208 2.5
    endloop
  endfacet
  facet normal -0.923937 0.382545 0
    outer loop
      vertex 56.3279 -38.0208 45
      vertex 56.2111 -38.3029 2.5
      vertex 56.2111 -38.3029 45
    endloop
  endfacet
  facet normal -0.382545 0.923937 0
    outer loop
      vertex 58.3029 -36.2111 2.5
      vertex 58.0208 -36.3279 45
      vertex 58.3029 -36.2111 45
    endloop
  endfacet
  facet normal -0.382545 0.923937 0
    outer loop
      vertex 58.0208 -36.3279 45
      vertex 58.3029 -36.2111 2.5
      vertex 58.0208 -36.3279 2.5
    endloop
  endfacet
  facet normal 0.130641 0.99143 -0
    outer loop
      vertex 60.1078 -36.0532 2.5
      vertex 59.805 -36.0133 45
      vertex 60.1078 -36.0532 45
    endloop
  endfacet
  facet normal 0.130641 0.99143 0
    outer loop
      vertex 59.805 -36.0133 45
      vertex 60.1078 -36.0532 2.5
      vertex 59.805 -36.0133 2.5
    endloop
  endfacet
  facet normal -0.537426 0.843311 0
    outer loop
      vertex 57.75 -36.4689 2.5
      vertex 57.4925 -36.633 45
      vertex 57.75 -36.4689 45
    endloop
  endfacet
  facet normal -0.537426 0.843311 0
    outer loop
      vertex 57.4925 -36.633 45
      vertex 57.75 -36.4689 2.5
      vertex 57.4925 -36.633 2.5
    endloop
  endfacet
  facet normal 0.21648 0.976287 -0
    outer loop
      vertex 60.4059 -36.1193 2.5
      vertex 60.1078 -36.0532 45
      vertex 60.4059 -36.1193 45
    endloop
  endfacet
  facet normal 0.21648 0.976287 0
    outer loop
      vertex 60.1078 -36.0532 45
      vertex 60.4059 -36.1193 2.5
      vertex 60.1078 -36.0532 2.5
    endloop
  endfacet
  facet normal -0.953731 -0.300661 0
    outer loop
      vertex 56.2111 -40.6971 2.5
      vertex 56.1193 -40.4059 45
      vertex 56.1193 -40.4059 2.5
    endloop
  endfacet
  facet normal -0.953731 -0.300661 0
    outer loop
      vertex 56.1193 -40.4059 45
      vertex 56.2111 -40.6971 2.5
      vertex 56.2111 -40.6971 45
    endloop
  endfacet
  facet normal 0.608507 0.793548 -0
    outer loop
      vertex 61.7498 -36.8188 2.5
      vertex 61.5075 -36.633 45
      vertex 61.7498 -36.8188 45
    endloop
  endfacet
  facet normal 0.608507 0.793548 0
    outer loop
      vertex 61.5075 -36.633 45
      vertex 61.7498 -36.8188 2.5
      vertex 61.5075 -36.633 2.5
    endloop
  endfacet
  facet normal 0.537426 0.843311 -0
    outer loop
      vertex 61.5075 -36.633 2.5
      vertex 61.25 -36.4689 45
      vertex 61.5075 -36.633 45
    endloop
  endfacet
  facet normal 0.537426 0.843311 0
    outer loop
      vertex 61.25 -36.4689 45
      vertex 61.5075 -36.633 2.5
      vertex 61.25 -36.4689 2.5
    endloop
  endfacet
  facet normal -0.21648 0.976287 0
    outer loop
      vertex 58.8922 -36.0532 2.5
      vertex 58.5941 -36.1193 45
      vertex 58.8922 -36.0532 45
    endloop
  endfacet
  facet normal -0.21648 0.976287 0
    outer loop
      vertex 58.5941 -36.1193 45
      vertex 58.8922 -36.0532 2.5
      vertex 58.5941 -36.1193 2.5
    endloop
  endfacet
  facet normal 0.843312 0.537424 0
    outer loop
      vertex 62.5 -37.7012 45
      vertex 62.367 -37.4925 2.5
      vertex 62.367 -37.4925 45
    endloop
  endfacet
  facet normal 0.843312 0.537424 0
    outer loop
      vertex 62.367 -37.4925 2.5
      vertex 62.5 -37.7012 45
      vertex 62.5 -37.7012 2.5
    endloop
  endfacet
  facet normal -0.953731 0.300661 0
    outer loop
      vertex 56.1193 -38.5941 2.5
      vertex 56.2111 -38.3029 45
      vertex 56.2111 -38.3029 2.5
    endloop
  endfacet
  facet normal -0.953731 0.300661 0
    outer loop
      vertex 56.2111 -38.3029 45
      vertex 56.1193 -38.5941 2.5
      vertex 56.1193 -38.5941 45
    endloop
  endfacet
  facet normal -0.737222 0.67565 0
    outer loop
      vertex 56.8188 -37.2502 2.5
      vertex 57.0251 -37.0251 45
      vertex 57.0251 -37.0251 2.5
    endloop
  endfacet
  facet normal -0.737222 0.67565 0
    outer loop
      vertex 57.0251 -37.0251 45
      vertex 56.8188 -37.2502 2.5
      vertex 56.8188 -37.2502 45
    endloop
  endfacet
  facet normal -0.67565 0.737222 0
    outer loop
      vertex 57.2502 -36.8188 2.5
      vertex 57.0251 -37.0251 45
      vertex 57.2502 -36.8188 45
    endloop
  endfacet
  facet normal -0.67565 0.737222 0
    outer loop
      vertex 57.0251 -37.0251 45
      vertex 57.2502 -36.8188 2.5
      vertex 57.0251 -37.0251 2.5
    endloop
  endfacet
  facet normal -0.67565 -0.737222 0
    outer loop
      vertex 57.0251 -41.9749 2.5
      vertex 57.2502 -42.1812 45
      vertex 57.0251 -41.9749 45
    endloop
  endfacet
  facet normal -0.67565 -0.737222 -0
    outer loop
      vertex 57.2502 -42.1812 45
      vertex 57.0251 -41.9749 2.5
      vertex 57.2502 -42.1812 2.5
    endloop
  endfacet
  facet normal 0.793548 0.608507 0
    outer loop
      vertex 62.367 -37.4925 45
      vertex 62.1812 -37.2502 2.5
      vertex 62.1812 -37.2502 45
    endloop
  endfacet
  facet normal 0.793548 0.608507 0
    outer loop
      vertex 62.1812 -37.2502 2.5
      vertex 62.367 -37.4925 45
      vertex 62.367 -37.4925 2.5
    endloop
  endfacet
  facet normal -0.923937 -0.382545 0
    outer loop
      vertex 56.3279 -40.9792 2.5
      vertex 56.2111 -40.6971 45
      vertex 56.2111 -40.6971 2.5
    endloop
  endfacet
  facet normal -0.923937 -0.382545 0
    outer loop
      vertex 56.2111 -40.6971 45
      vertex 56.3279 -40.9792 2.5
      vertex 56.3279 -40.9792 45
    endloop
  endfacet
  facet normal -0.130641 0.99143 0
    outer loop
      vertex 59.195 -36.0133 2.5
      vertex 58.8922 -36.0532 45
      vertex 59.195 -36.0133 45
    endloop
  endfacet
  facet normal -0.130641 0.99143 0
    outer loop
      vertex 58.8922 -36.0532 45
      vertex 59.195 -36.0133 2.5
      vertex 58.8922 -36.0532 2.5
    endloop
  endfacet
  facet normal -0.999051 -0.0435652 0
    outer loop
      vertex 56.0133 -39.805 2.5
      vertex 56 -39.5 45
      vertex 56 -39.5 2.5
    endloop
  endfacet
  facet normal -0.999051 -0.0435652 0
    outer loop
      vertex 56 -39.5 45
      vertex 56.0133 -39.805 2.5
      vertex 56.0133 -39.805 45
    endloop
  endfacet
  facet normal -0.608507 -0.793548 0
    outer loop
      vertex 57.2502 -42.1812 2.5
      vertex 57.4925 -42.367 45
      vertex 57.2502 -42.1812 45
    endloop
  endfacet
  facet normal -0.608507 -0.793548 -0
    outer loop
      vertex 57.4925 -42.367 45
      vertex 57.2502 -42.1812 2.5
      vertex 57.4925 -42.367 2.5
    endloop
  endfacet
  facet normal 0.67565 -0.737222 0
    outer loop
      vertex 61.7498 -42.1812 2.5
      vertex 61.9749 -41.9749 45
      vertex 61.7498 -42.1812 45
    endloop
  endfacet
  facet normal 0.67565 -0.737222 0
    outer loop
      vertex 61.9749 -41.9749 45
      vertex 61.7498 -42.1812 2.5
      vertex 61.9749 -41.9749 2.5
    endloop
  endfacet
  facet normal -0.793548 0.608507 0
    outer loop
      vertex 56.633 -37.4925 2.5
      vertex 56.8188 -37.2502 45
      vertex 56.8188 -37.2502 2.5
    endloop
  endfacet
  facet normal -0.793548 0.608507 0
    outer loop
      vertex 56.8188 -37.2502 45
      vertex 56.633 -37.4925 2.5
      vertex 56.633 -37.4925 45
    endloop
  endfacet
  facet normal 0.843312 -0.537424 0
    outer loop
      vertex 62.367 -41.5075 45
      vertex 62.5 -41.2988 2.5
      vertex 62.5 -41.2988 45
    endloop
  endfacet
  facet normal 0.843312 -0.537424 0
    outer loop
      vertex 62.5 -41.2988 2.5
      vertex 62.367 -41.5075 45
      vertex 62.367 -41.5075 2.5
    endloop
  endfacet
  facet normal -0.843311 0.537426 0
    outer loop
      vertex 56.4689 -37.75 2.5
      vertex 56.633 -37.4925 45
      vertex 56.633 -37.4925 2.5
    endloop
  endfacet
  facet normal -0.843311 0.537426 0
    outer loop
      vertex 56.633 -37.4925 45
      vertex 56.4689 -37.75 2.5
      vertex 56.4689 -37.75 45
    endloop
  endfacet
  facet normal -0.991384 -0.130984 0
    outer loop
      vertex 60.8947 -39.378 2.5
      vertex 60.8787 -39.2569 45
      vertex 60.8787 -39.2569 2.5
    endloop
  endfacet
  facet normal -0.991384 -0.130984 0
    outer loop
      vertex 60.8787 -39.2569 45
      vertex 60.8947 -39.378 2.5
      vertex 60.8947 -39.378 45
    endloop
  endfacet
  facet normal -0.999058 -0.0434017 0
    outer loop
      vertex 60.9 -39.5 2.5
      vertex 60.8947 -39.378 45
      vertex 60.8947 -39.378 2.5
    endloop
  endfacet
  facet normal -0.999058 -0.0434017 0
    outer loop
      vertex 60.8947 -39.378 45
      vertex 60.9 -39.5 2.5
      vertex 60.9 -39.5 45
    endloop
  endfacet
  facet normal -0.976341 -0.216237 0
    outer loop
      vertex 60.8787 -39.2569 2.5
      vertex 60.8523 -39.1377 45
      vertex 60.8523 -39.1377 2.5
    endloop
  endfacet
  facet normal -0.976341 -0.216237 0
    outer loop
      vertex 60.8523 -39.1377 45
      vertex 60.8787 -39.2569 2.5
      vertex 60.8787 -39.2569 45
    endloop
  endfacet
  facet normal -0.999058 0.0434017 0
    outer loop
      vertex 60.8947 -39.622 2.5
      vertex 60.9 -39.5 45
      vertex 60.9 -39.5 2.5
    endloop
  endfacet
  facet normal -0.999058 0.0434017 0
    outer loop
      vertex 60.9 -39.5 45
      vertex 60.8947 -39.622 2.5
      vertex 60.8947 -39.622 45
    endloop
  endfacet
  facet normal 0.953793 -0.300465 0
    outer loop
      vertex 58.1477 -39.1377 45
      vertex 58.1844 -39.0212 2.5
      vertex 58.1844 -39.0212 45
    endloop
  endfacet
  facet normal 0.953793 -0.300465 0
    outer loop
      vertex 58.1844 -39.0212 2.5
      vertex 58.1477 -39.1377 45
      vertex 58.1477 -39.1377 2.5
    endloop
  endfacet
  facet normal 0.976341 0.216237 0
    outer loop
      vertex 58.1477 -39.8623 45
      vertex 58.1213 -39.7431 2.5
      vertex 58.1213 -39.7431 45
    endloop
  endfacet
  facet normal 0.976341 0.216237 0
    outer loop
      vertex 58.1213 -39.7431 2.5
      vertex 58.1477 -39.8623 45
      vertex 58.1477 -39.8623 2.5
    endloop
  endfacet
  facet normal 0.793567 -0.608483 0
    outer loop
      vertex 58.3532 -38.697 45
      vertex 58.4275 -38.6001 2.5
      vertex 58.4275 -38.6001 45
    endloop
  endfacet
  facet normal 0.793567 -0.608483 0
    outer loop
      vertex 58.4275 -38.6001 2.5
      vertex 58.3532 -38.697 45
      vertex 58.3532 -38.697 2.5
    endloop
  endfacet
  facet normal -0.736746 -0.676169 0
    outer loop
      vertex 60.5725 -38.6001 2.5
      vertex 60.4899 -38.5101 45
      vertex 60.4899 -38.5101 2.5
    endloop
  endfacet
  facet normal -0.736746 -0.676169 0
    outer loop
      vertex 60.4899 -38.5101 45
      vertex 60.5725 -38.6001 2.5
      vertex 60.5725 -38.6001 45
    endloop
  endfacet
  facet normal 0.923777 -0.38293 0
    outer loop
      vertex 58.1844 -39.0212 45
      vertex 58.2312 -38.9083 2.5
      vertex 58.2312 -38.9083 45
    endloop
  endfacet
  facet normal 0.923777 -0.38293 0
    outer loop
      vertex 58.2312 -38.9083 2.5
      vertex 58.1844 -39.0212 45
      vertex 58.1844 -39.0212 2.5
    endloop
  endfacet
  facet normal -0.537193 0.843459 0
    outer loop
      vertex 60.303 -40.6468 2.5
      vertex 60.2 -40.7124 45
      vertex 60.303 -40.6468 45
    endloop
  endfacet
  facet normal -0.537193 0.843459 0
    outer loop
      vertex 60.2 -40.7124 45
      vertex 60.303 -40.6468 2.5
      vertex 60.2 -40.7124 2.5
    endloop
  endfacet
  facet normal -0.676169 -0.736746 0
    outer loop
      vertex 60.3999 -38.4275 2.5
      vertex 60.4899 -38.5101 45
      vertex 60.3999 -38.4275 45
    endloop
  endfacet
  facet normal -0.676169 -0.736746 -0
    outer loop
      vertex 60.4899 -38.5101 45
      vertex 60.3999 -38.4275 2.5
      vertex 60.4899 -38.5101 2.5
    endloop
  endfacet
  facet normal -0.300465 0.953793 0
    outer loop
      vertex 59.9788 -40.8156 2.5
      vertex 59.8623 -40.8523 45
      vertex 59.9788 -40.8156 45
    endloop
  endfacet
  facet normal -0.300465 0.953793 0
    outer loop
      vertex 59.8623 -40.8523 45
      vertex 59.9788 -40.8156 2.5
      vertex 59.8623 -40.8523 2.5
    endloop
  endfacet
  facet normal -0.991384 0.130984 0
    outer loop
      vertex 60.8787 -39.7431 2.5
      vertex 60.8947 -39.622 45
      vertex 60.8947 -39.622 2.5
    endloop
  endfacet
  facet normal -0.991384 0.130984 0
    outer loop
      vertex 60.8947 -39.622 45
      vertex 60.8787 -39.7431 2.5
      vertex 60.8787 -39.7431 45
    endloop
  endfacet
  facet normal 0.300465 0.953793 -0
    outer loop
      vertex 59.1377 -40.8523 2.5
      vertex 59.0212 -40.8156 45
      vertex 59.1377 -40.8523 45
    endloop
  endfacet
  facet normal 0.300465 0.953793 0
    outer loop
      vertex 59.0212 -40.8156 45
      vertex 59.1377 -40.8523 2.5
      vertex 59.0212 -40.8156 2.5
    endloop
  endfacet
  facet normal 0.736746 -0.676169 0
    outer loop
      vertex 58.4275 -38.6001 45
      vertex 58.5101 -38.5101 2.5
      vertex 58.5101 -38.5101 45
    endloop
  endfacet
  facet normal 0.736746 -0.676169 0
    outer loop
      vertex 58.5101 -38.5101 2.5
      vertex 58.4275 -38.6001 45
      vertex 58.4275 -38.6001 2.5
    endloop
  endfacet
  facet normal -0.130984 -0.991384 0
    outer loop
      vertex 59.622 -38.1053 2.5
      vertex 59.7431 -38.1213 45
      vertex 59.622 -38.1053 45
    endloop
  endfacet
  facet normal -0.130984 -0.991384 -0
    outer loop
      vertex 59.7431 -38.1213 45
      vertex 59.622 -38.1053 2.5
      vertex 59.7431 -38.1213 2.5
    endloop
  endfacet
  facet normal -0.793567 0.608483 0
    outer loop
      vertex 60.5725 -40.3999 2.5
      vertex 60.6468 -40.303 45
      vertex 60.6468 -40.303 2.5
    endloop
  endfacet
  facet normal -0.793567 0.608483 0
    outer loop
      vertex 60.6468 -40.303 45
      vertex 60.5725 -40.3999 2.5
      vertex 60.5725 -40.3999 45
    endloop
  endfacet
  facet normal -0.953793 -0.300465 0
    outer loop
      vertex 60.8523 -39.1377 2.5
      vertex 60.8156 -39.0212 45
      vertex 60.8156 -39.0212 2.5
    endloop
  endfacet
  facet normal -0.953793 -0.300465 0
    outer loop
      vertex 60.8156 -39.0212 45
      vertex 60.8523 -39.1377 2.5
      vertex 60.8523 -39.1377 45
    endloop
  endfacet
  facet normal 0.843459 -0.537193 0
    outer loop
      vertex 58.2876 -38.8 45
      vertex 58.3532 -38.697 2.5
      vertex 58.3532 -38.697 45
    endloop
  endfacet
  facet normal 0.843459 -0.537193 0
    outer loop
      vertex 58.3532 -38.697 2.5
      vertex 58.2876 -38.8 45
      vertex 58.2876 -38.8 2.5
    endloop
  endfacet
  facet normal 0.216237 0.976341 -0
    outer loop
      vertex 59.2569 -40.8787 2.5
      vertex 59.1377 -40.8523 45
      vertex 59.2569 -40.8787 45
    endloop
  endfacet
  facet normal 0.216237 0.976341 0
    outer loop
      vertex 59.1377 -40.8523 45
      vertex 59.2569 -40.8787 2.5
      vertex 59.1377 -40.8523 2.5
    endloop
  endfacet
  facet normal -0.976341 0.216237 0
    outer loop
      vertex 60.8523 -39.8623 2.5
      vertex 60.8787 -39.7431 45
      vertex 60.8787 -39.7431 2.5
    endloop
  endfacet
  facet normal -0.976341 0.216237 0
    outer loop
      vertex 60.8787 -39.7431 45
      vertex 60.8523 -39.8623 2.5
      vertex 60.8523 -39.8623 45
    endloop
  endfacet
  facet normal 0.461894 -0.886935 0
    outer loop
      vertex 58.8 -38.2876 2.5
      vertex 58.9083 -38.2312 45
      vertex 58.8 -38.2876 45
    endloop
  endfacet
  facet normal 0.461894 -0.886935 0
    outer loop
      vertex 58.9083 -38.2312 45
      vertex 58.8 -38.2876 2.5
      vertex 58.9083 -38.2312 2.5
    endloop
  endfacet
  facet normal -0.923777 -0.38293 0
    outer loop
      vertex 60.8156 -39.0212 2.5
      vertex 60.7688 -38.9083 45
      vertex 60.7688 -38.9083 2.5
    endloop
  endfacet
  facet normal -0.923777 -0.38293 0
    outer loop
      vertex 60.7688 -38.9083 45
      vertex 60.8156 -39.0212 2.5
      vertex 60.8156 -39.0212 45
    endloop
  endfacet
  facet normal -0.38293 -0.923777 0
    outer loop
      vertex 59.9788 -38.1844 2.5
      vertex 60.0917 -38.2312 45
      vertex 59.9788 -38.1844 45
    endloop
  endfacet
  facet normal -0.38293 -0.923777 -0
    outer loop
      vertex 60.0917 -38.2312 45
      vertex 59.9788 -38.1844 2.5
      vertex 60.0917 -38.2312 2.5
    endloop
  endfacet
  facet normal 0.38293 -0.923777 0
    outer loop
      vertex 58.9083 -38.2312 2.5
      vertex 59.0212 -38.1844 45
      vertex 58.9083 -38.2312 45
    endloop
  endfacet
  facet normal 0.38293 -0.923777 0
    outer loop
      vertex 59.0212 -38.1844 45
      vertex 58.9083 -38.2312 2.5
      vertex 59.0212 -38.1844 2.5
    endloop
  endfacet
  facet normal -0.0434017 0.999058 0
    outer loop
      vertex 59.622 -40.8947 2.5
      vertex 59.5 -40.9 45
      vertex 59.622 -40.8947 45
    endloop
  endfacet
  facet normal -0.0434017 0.999058 0
    outer loop
      vertex 59.5 -40.9 45
      vertex 59.622 -40.8947 2.5
      vertex 59.5 -40.9 2.5
    endloop
  endfacet
  facet normal -0.38293 0.923777 0
    outer loop
      vertex 60.0917 -40.7688 2.5
      vertex 59.9788 -40.8156 45
      vertex 60.0917 -40.7688 45
    endloop
  endfacet
  facet normal -0.38293 0.923777 0
    outer loop
      vertex 59.9788 -40.8156 45
      vertex 60.0917 -40.7688 2.5
      vertex 59.9788 -40.8156 2.5
    endloop
  endfacet
  facet normal 0.886935 0.461894 0
    outer loop
      vertex 58.2876 -40.2 45
      vertex 58.2312 -40.0917 2.5
      vertex 58.2312 -40.0917 45
    endloop
  endfacet
  facet normal 0.886935 0.461894 0
    outer loop
      vertex 58.2312 -40.0917 2.5
      vertex 58.2876 -40.2 45
      vertex 58.2876 -40.2 2.5
    endloop
  endfacet
  facet normal 0.991384 0.130984 0
    outer loop
      vertex 58.1213 -39.7431 45
      vertex 58.1053 -39.622 2.5
      vertex 58.1053 -39.622 45
    endloop
  endfacet
  facet normal 0.991384 0.130984 0
    outer loop
      vertex 58.1053 -39.622 2.5
      vertex 58.1213 -39.7431 45
      vertex 58.1213 -39.7431 2.5
    endloop
  endfacet
  facet normal -0.130984 0.991384 0
    outer loop
      vertex 59.7431 -40.8787 2.5
      vertex 59.622 -40.8947 45
      vertex 59.7431 -40.8787 45
    endloop
  endfacet
  facet normal -0.130984 0.991384 0
    outer loop
      vertex 59.622 -40.8947 45
      vertex 59.7431 -40.8787 2.5
      vertex 59.622 -40.8947 2.5
    endloop
  endfacet
  facet normal 0.676169 -0.736746 0
    outer loop
      vertex 58.5101 -38.5101 2.5
      vertex 58.6001 -38.4275 45
      vertex 58.5101 -38.5101 45
    endloop
  endfacet
  facet normal 0.676169 -0.736746 0
    outer loop
      vertex 58.6001 -38.4275 45
      vertex 58.5101 -38.5101 2.5
      vertex 58.6001 -38.4275 2.5
    endloop
  endfacet
  facet normal -0.843459 0.537193 0
    outer loop
      vertex 60.6468 -40.303 2.5
      vertex 60.7124 -40.2 45
      vertex 60.7124 -40.2 2.5
    endloop
  endfacet
  facet normal -0.843459 0.537193 0
    outer loop
      vertex 60.7124 -40.2 45
      vertex 60.6468 -40.303 2.5
      vertex 60.6468 -40.303 45
    endloop
  endfacet
  facet normal -0.886935 0.461894 0
    outer loop
      vertex 60.7124 -40.2 2.5
      vertex 60.7688 -40.0917 45
      vertex 60.7688 -40.0917 2.5
    endloop
  endfacet
  facet normal -0.886935 0.461894 0
    outer loop
      vertex 60.7688 -40.0917 45
      vertex 60.7124 -40.2 2.5
      vertex 60.7124 -40.2 45
    endloop
  endfacet
  facet normal -0.843459 -0.537193 0
    outer loop
      vertex 60.7124 -38.8 2.5
      vertex 60.6468 -38.697 45
      vertex 60.6468 -38.697 2.5
    endloop
  endfacet
  facet normal -0.843459 -0.537193 0
    outer loop
      vertex 60.6468 -38.697 45
      vertex 60.7124 -38.8 2.5
      vertex 60.7124 -38.8 45
    endloop
  endfacet
  facet normal -0.793567 -0.608483 0
    outer loop
      vertex 60.6468 -38.697 2.5
      vertex 60.5725 -38.6001 45
      vertex 60.5725 -38.6001 2.5
    endloop
  endfacet
  facet normal -0.793567 -0.608483 0
    outer loop
      vertex 60.5725 -38.6001 45
      vertex 60.6468 -38.697 2.5
      vertex 60.6468 -38.697 45
    endloop
  endfacet
  facet normal -0.461894 -0.886935 0
    outer loop
      vertex 60.0917 -38.2312 2.5
      vertex 60.2 -38.2876 45
      vertex 60.0917 -38.2312 45
    endloop
  endfacet
  facet normal -0.461894 -0.886935 -0
    outer loop
      vertex 60.2 -38.2876 45
      vertex 60.0917 -38.2312 2.5
      vertex 60.2 -38.2876 2.5
    endloop
  endfacet
  facet normal -0.736746 0.676169 0
    outer loop
      vertex 60.4899 -40.4899 2.5
      vertex 60.5725 -40.3999 45
      vertex 60.5725 -40.3999 2.5
    endloop
  endfacet
  facet normal -0.736746 0.676169 0
    outer loop
      vertex 60.5725 -40.3999 45
      vertex 60.4899 -40.4899 2.5
      vertex 60.4899 -40.4899 45
    endloop
  endfacet
  facet normal -0.300465 -0.953793 0
    outer loop
      vertex 59.8623 -38.1477 2.5
      vertex 59.9788 -38.1844 45
      vertex 59.8623 -38.1477 45
    endloop
  endfacet
  facet normal -0.300465 -0.953793 -0
    outer loop
      vertex 59.9788 -38.1844 45
      vertex 59.8623 -38.1477 2.5
      vertex 59.9788 -38.1844 2.5
    endloop
  endfacet
  facet normal 0.886935 -0.461894 0
    outer loop
      vertex 58.2312 -38.9083 45
      vertex 58.2876 -38.8 2.5
      vertex 58.2876 -38.8 45
    endloop
  endfacet
  facet normal 0.886935 -0.461894 0
    outer loop
      vertex 58.2876 -38.8 2.5
      vertex 58.2312 -38.9083 45
      vertex 58.2312 -38.9083 2.5
    endloop
  endfacet
  facet normal -0.216237 0.976341 0
    outer loop
      vertex 59.8623 -40.8523 2.5
      vertex 59.7431 -40.8787 45
      vertex 59.8623 -40.8523 45
    endloop
  endfacet
  facet normal -0.216237 0.976341 0
    outer loop
      vertex 59.7431 -40.8787 45
      vertex 59.8623 -40.8523 2.5
      vertex 59.7431 -40.8787 2.5
    endloop
  endfacet
  facet normal 0.843459 0.537193 0
    outer loop
      vertex 58.3532 -40.303 45
      vertex 58.2876 -40.2 2.5
      vertex 58.2876 -40.2 45
    endloop
  endfacet
  facet normal 0.843459 0.537193 0
    outer loop
      vertex 58.2876 -40.2 2.5
      vertex 58.3532 -40.303 45
      vertex 58.3532 -40.303 2.5
    endloop
  endfacet
  facet normal 0.736746 0.676169 0
    outer loop
      vertex 58.5101 -40.4899 45
      vertex 58.4275 -40.3999 2.5
      vertex 58.4275 -40.3999 45
    endloop
  endfacet
  facet normal 0.736746 0.676169 0
    outer loop
      vertex 58.4275 -40.3999 2.5
      vertex 58.5101 -40.4899 45
      vertex 58.5101 -40.4899 2.5
    endloop
  endfacet
  facet normal -0.886935 -0.461894 0
    outer loop
      vertex 60.7688 -38.9083 2.5
      vertex 60.7124 -38.8 45
      vertex 60.7124 -38.8 2.5
    endloop
  endfacet
  facet normal -0.886935 -0.461894 0
    outer loop
      vertex 60.7124 -38.8 45
      vertex 60.7688 -38.9083 2.5
      vertex 60.7688 -38.9083 45
    endloop
  endfacet
  facet normal 0.0434017 0.999058 -0
    outer loop
      vertex 59.5 -40.9 2.5
      vertex 59.378 -40.8947 45
      vertex 59.5 -40.9 45
    endloop
  endfacet
  facet normal 0.0434017 0.999058 0
    outer loop
      vertex 59.378 -40.8947 45
      vertex 59.5 -40.9 2.5
      vertex 59.378 -40.8947 2.5
    endloop
  endfacet
  facet normal 0.537193 -0.843459 0
    outer loop
      vertex 58.697 -38.3532 2.5
      vertex 58.8 -38.2876 45
      vertex 58.697 -38.3532 45
    endloop
  endfacet
  facet normal 0.537193 -0.843459 0
    outer loop
      vertex 58.8 -38.2876 45
      vertex 58.697 -38.3532 2.5
      vertex 58.8 -38.2876 2.5
    endloop
  endfacet
  facet normal 0.793567 0.608483 0
    outer loop
      vertex 58.4275 -40.3999 45
      vertex 58.3532 -40.303 2.5
      vertex 58.3532 -40.303 45
    endloop
  endfacet
  facet normal 0.793567 0.608483 0
    outer loop
      vertex 58.3532 -40.303 2.5
      vertex 58.4275 -40.3999 45
      vertex 58.4275 -40.3999 2.5
    endloop
  endfacet
  facet normal 0.216237 -0.976341 0
    outer loop
      vertex 59.1377 -38.1477 2.5
      vertex 59.2569 -38.1213 45
      vertex 59.1377 -38.1477 45
    endloop
  endfacet
  facet normal 0.216237 -0.976341 0
    outer loop
      vertex 59.2569 -38.1213 45
      vertex 59.1377 -38.1477 2.5
      vertex 59.2569 -38.1213 2.5
    endloop
  endfacet
  facet normal 0.130984 -0.991384 0
    outer loop
      vertex 59.2569 -38.1213 2.5
      vertex 59.378 -38.1053 45
      vertex 59.2569 -38.1213 45
    endloop
  endfacet
  facet normal 0.130984 -0.991384 0
    outer loop
      vertex 59.378 -38.1053 45
      vertex 59.2569 -38.1213 2.5
      vertex 59.378 -38.1053 2.5
    endloop
  endfacet
  facet normal 0.300465 -0.953793 0
    outer loop
      vertex 59.0212 -38.1844 2.5
      vertex 59.1377 -38.1477 45
      vertex 59.0212 -38.1844 45
    endloop
  endfacet
  facet normal 0.300465 -0.953793 0
    outer loop
      vertex 59.1377 -38.1477 45
      vertex 59.0212 -38.1844 2.5
      vertex 59.1377 -38.1477 2.5
    endloop
  endfacet
  facet normal -0.537193 -0.843459 0
    outer loop
      vertex 60.2 -38.2876 2.5
      vertex 60.303 -38.3532 45
      vertex 60.2 -38.2876 45
    endloop
  endfacet
  facet normal -0.537193 -0.843459 -0
    outer loop
      vertex 60.303 -38.3532 45
      vertex 60.2 -38.2876 2.5
      vertex 60.303 -38.3532 2.5
    endloop
  endfacet
  facet normal 0.999058 0.0434017 0
    outer loop
      vertex 58.1053 -39.622 45
      vertex 58.1 -39.5 2.5
      vertex 58.1 -39.5 45
    endloop
  endfacet
  facet normal 0.999058 0.0434017 0
    outer loop
      vertex 58.1 -39.5 2.5
      vertex 58.1053 -39.622 45
      vertex 58.1053 -39.622 2.5
    endloop
  endfacet
  facet normal -0.608483 -0.793567 0
    outer loop
      vertex 60.303 -38.3532 2.5
      vertex 60.3999 -38.4275 45
      vertex 60.303 -38.3532 45
    endloop
  endfacet
  facet normal -0.608483 -0.793567 -0
    outer loop
      vertex 60.3999 -38.4275 45
      vertex 60.303 -38.3532 2.5
      vertex 60.3999 -38.4275 2.5
    endloop
  endfacet
  facet normal 0.0434017 -0.999058 0
    outer loop
      vertex 59.378 -38.1053 2.5
      vertex 59.5 -38.1 45
      vertex 59.378 -38.1053 45
    endloop
  endfacet
  facet normal 0.0434017 -0.999058 0
    outer loop
      vertex 59.5 -38.1 45
      vertex 59.378 -38.1053 2.5
      vertex 59.5 -38.1 2.5
    endloop
  endfacet
  facet normal -0.953793 0.300465 0
    outer loop
      vertex 60.8156 -39.9788 2.5
      vertex 60.8523 -39.8623 45
      vertex 60.8523 -39.8623 2.5
    endloop
  endfacet
  facet normal -0.953793 0.300465 0
    outer loop
      vertex 60.8523 -39.8623 45
      vertex 60.8156 -39.9788 2.5
      vertex 60.8156 -39.9788 45
    endloop
  endfacet
  facet normal -0.923777 0.38293 0
    outer loop
      vertex 60.7688 -40.0917 2.5
      vertex 60.8156 -39.9788 45
      vertex 60.8156 -39.9788 2.5
    endloop
  endfacet
  facet normal -0.923777 0.38293 0
    outer loop
      vertex 60.8156 -39.9788 45
      vertex 60.7688 -40.0917 2.5
      vertex 60.7688 -40.0917 45
    endloop
  endfacet
  facet normal 0.953793 0.300465 0
    outer loop
      vertex 58.1844 -39.9788 45
      vertex 58.1477 -39.8623 2.5
      vertex 58.1477 -39.8623 45
    endloop
  endfacet
  facet normal 0.953793 0.300465 0
    outer loop
      vertex 58.1477 -39.8623 2.5
      vertex 58.1844 -39.9788 45
      vertex 58.1844 -39.9788 2.5
    endloop
  endfacet
  facet normal -0.461894 0.886935 0
    outer loop
      vertex 60.2 -40.7124 2.5
      vertex 60.0917 -40.7688 45
      vertex 60.2 -40.7124 45
    endloop
  endfacet
  facet normal -0.461894 0.886935 0
    outer loop
      vertex 60.0917 -40.7688 45
      vertex 60.2 -40.7124 2.5
      vertex 60.0917 -40.7688 2.5
    endloop
  endfacet
  facet normal 0.608483 0.793567 -0
    outer loop
      vertex 58.697 -40.6468 2.5
      vertex 58.6001 -40.5725 45
      vertex 58.697 -40.6468 45
    endloop
  endfacet
  facet normal 0.608483 0.793567 0
    outer loop
      vertex 58.6001 -40.5725 45
      vertex 58.697 -40.6468 2.5
      vertex 58.6001 -40.5725 2.5
    endloop
  endfacet
  facet normal 0.976341 -0.216237 0
    outer loop
      vertex 58.1213 -39.2569 45
      vertex 58.1477 -39.1377 2.5
      vertex 58.1477 -39.1377 45
    endloop
  endfacet
  facet normal 0.976341 -0.216237 0
    outer loop
      vertex 58.1477 -39.1377 2.5
      vertex 58.1213 -39.2569 45
      vertex 58.1213 -39.2569 2.5
    endloop
  endfacet
  facet normal -0.0434017 -0.999058 0
    outer loop
      vertex 59.5 -38.1 2.5
      vertex 59.622 -38.1053 45
      vertex 59.5 -38.1 45
    endloop
  endfacet
  facet normal -0.0434017 -0.999058 -0
    outer loop
      vertex 59.622 -38.1053 45
      vertex 59.5 -38.1 2.5
      vertex 59.622 -38.1053 2.5
    endloop
  endfacet
  facet normal 0.461894 0.886935 -0
    outer loop
      vertex 58.9083 -40.7688 2.5
      vertex 58.8 -40.7124 45
      vertex 58.9083 -40.7688 45
    endloop
  endfacet
  facet normal 0.461894 0.886935 0
    outer loop
      vertex 58.8 -40.7124 45
      vertex 58.9083 -40.7688 2.5
      vertex 58.8 -40.7124 2.5
    endloop
  endfacet
  facet normal 0.130984 0.991384 -0
    outer loop
      vertex 59.378 -40.8947 2.5
      vertex 59.2569 -40.8787 45
      vertex 59.378 -40.8947 45
    endloop
  endfacet
  facet normal 0.130984 0.991384 0
    outer loop
      vertex 59.2569 -40.8787 45
      vertex 59.378 -40.8947 2.5
      vertex 59.2569 -40.8787 2.5
    endloop
  endfacet
  facet normal -0.676169 0.736746 0
    outer loop
      vertex 60.4899 -40.4899 2.5
      vertex 60.3999 -40.5725 45
      vertex 60.4899 -40.4899 45
    endloop
  endfacet
  facet normal -0.676169 0.736746 0
    outer loop
      vertex 60.3999 -40.5725 45
      vertex 60.4899 -40.4899 2.5
      vertex 60.3999 -40.5725 2.5
    endloop
  endfacet
  facet normal -0.608483 0.793567 0
    outer loop
      vertex 60.3999 -40.5725 2.5
      vertex 60.303 -40.6468 45
      vertex 60.3999 -40.5725 45
    endloop
  endfacet
  facet normal -0.608483 0.793567 0
    outer loop
      vertex 60.303 -40.6468 45
      vertex 60.3999 -40.5725 2.5
      vertex 60.303 -40.6468 2.5
    endloop
  endfacet
  facet normal -0.216237 -0.976341 0
    outer loop
      vertex 59.7431 -38.1213 2.5
      vertex 59.8623 -38.1477 45
      vertex 59.7431 -38.1213 45
    endloop
  endfacet
  facet normal -0.216237 -0.976341 -0
    outer loop
      vertex 59.8623 -38.1477 45
      vertex 59.7431 -38.1213 2.5
      vertex 59.8623 -38.1477 2.5
    endloop
  endfacet
  facet normal 0.991384 -0.130984 0
    outer loop
      vertex 58.1053 -39.378 45
      vertex 58.1213 -39.2569 2.5
      vertex 58.1213 -39.2569 45
    endloop
  endfacet
  facet normal 0.991384 -0.130984 0
    outer loop
      vertex 58.1213 -39.2569 2.5
      vertex 58.1053 -39.378 45
      vertex 58.1053 -39.378 2.5
    endloop
  endfacet
  facet normal 0.999058 -0.0434017 0
    outer loop
      vertex 58.1 -39.5 45
      vertex 58.1053 -39.378 2.5
      vertex 58.1053 -39.378 45
    endloop
  endfacet
  facet normal 0.999058 -0.0434017 0
    outer loop
      vertex 58.1053 -39.378 2.5
      vertex 58.1 -39.5 45
      vertex 58.1 -39.5 2.5
    endloop
  endfacet
  facet normal 0.608483 -0.793567 0
    outer loop
      vertex 58.6001 -38.4275 2.5
      vertex 58.697 -38.3532 45
      vertex 58.6001 -38.4275 45
    endloop
  endfacet
  facet normal 0.608483 -0.793567 0
    outer loop
      vertex 58.697 -38.3532 45
      vertex 58.6001 -38.4275 2.5
      vertex 58.697 -38.3532 2.5
    endloop
  endfacet
  facet normal 0.676169 0.736746 -0
    outer loop
      vertex 58.6001 -40.5725 2.5
      vertex 58.5101 -40.4899 45
      vertex 58.6001 -40.5725 45
    endloop
  endfacet
  facet normal 0.676169 0.736746 0
    outer loop
      vertex 58.5101 -40.4899 45
      vertex 58.6001 -40.5725 2.5
      vertex 58.5101 -40.4899 2.5
    endloop
  endfacet
  facet normal 0.38293 0.923777 -0
    outer loop
      vertex 59.0212 -40.8156 2.5
      vertex 58.9083 -40.7688 45
      vertex 59.0212 -40.8156 45
    endloop
  endfacet
  facet normal 0.38293 0.923777 0
    outer loop
      vertex 58.9083 -40.7688 45
      vertex 59.0212 -40.8156 2.5
      vertex 58.9083 -40.7688 2.5
    endloop
  endfacet
  facet normal 0.537193 0.843459 -0
    outer loop
      vertex 58.8 -40.7124 2.5
      vertex 58.697 -40.6468 45
      vertex 58.8 -40.7124 45
    endloop
  endfacet
  facet normal 0.537193 0.843459 0
    outer loop
      vertex 58.697 -40.6468 45
      vertex 58.8 -40.7124 2.5
      vertex 58.697 -40.6468 2.5
    endloop
  endfacet
  facet normal 0.923777 0.38293 0
    outer loop
      vertex 58.2312 -40.0917 45
      vertex 58.1844 -39.9788 2.5
      vertex 58.1844 -39.9788 45
    endloop
  endfacet
  facet normal 0.923777 0.38293 0
    outer loop
      vertex 58.1844 -39.9788 2.5
      vertex 58.2312 -40.0917 45
      vertex 58.2312 -40.0917 2.5
    endloop
  endfacet
  facet normal 0.300661 -0.953731 0
    outer loop
      vertex 60.4059 36.1193 2.5
      vertex 60.6971 36.2111 45
      vertex 60.4059 36.1193 45
    endloop
  endfacet
  facet normal 0.300661 -0.953731 0
    outer loop
      vertex 60.6971 36.2111 45
      vertex 60.4059 36.1193 2.5
      vertex 60.6971 36.2111 2.5
    endloop
  endfacet
  facet normal -0.976287 -0.21648 0
    outer loop
      vertex 56.1193 38.5941 2.5
      vertex 56.0532 38.8922 45
      vertex 56.0532 38.8922 2.5
    endloop
  endfacet
  facet normal -0.976287 -0.21648 0
    outer loop
      vertex 56.0532 38.8922 45
      vertex 56.1193 38.5941 2.5
      vertex 56.1193 38.5941 45
    endloop
  endfacet
  facet normal 0.608507 -0.793548 0
    outer loop
      vertex 61.5075 36.633 2.5
      vertex 61.7498 36.8188 45
      vertex 61.5075 36.633 45
    endloop
  endfacet
  facet normal 0.608507 -0.793548 0
    outer loop
      vertex 61.7498 36.8188 45
      vertex 61.5075 36.633 2.5
      vertex 61.7498 36.8188 2.5
    endloop
  endfacet
  facet normal 0.793548 -0.608507 0
    outer loop
      vertex 62.1812 37.2502 45
      vertex 62.367 37.4925 2.5
      vertex 62.367 37.4925 45
    endloop
  endfacet
  facet normal 0.793548 -0.608507 0
    outer loop
      vertex 62.367 37.4925 2.5
      vertex 62.1812 37.2502 45
      vertex 62.1812 37.2502 2.5
    endloop
  endfacet
  facet normal -0.88697 0.461827 0
    outer loop
      vertex 56.3279 40.9792 2.5
      vertex 56.4689 41.25 45
      vertex 56.4689 41.25 2.5
    endloop
  endfacet
  facet normal -0.88697 0.461827 0
    outer loop
      vertex 56.4689 41.25 45
      vertex 56.3279 40.9792 2.5
      vertex 56.3279 40.9792 45
    endloop
  endfacet
  facet normal 0.461827 -0.88697 0
    outer loop
      vertex 60.9792 36.3279 2.5
      vertex 61.25 36.4689 45
      vertex 60.9792 36.3279 45
    endloop
  endfacet
  facet normal 0.461827 -0.88697 0
    outer loop
      vertex 61.25 36.4689 45
      vertex 60.9792 36.3279 2.5
      vertex 61.25 36.4689 2.5
    endloop
  endfacet
  facet normal -0.999051 0.0435652 0
    outer loop
      vertex 56 39.5 2.5
      vertex 56.0133 39.805 45
      vertex 56.0133 39.805 2.5
    endloop
  endfacet
  facet normal -0.999051 0.0435652 0
    outer loop
      vertex 56.0133 39.805 45
      vertex 56 39.5 2.5
      vertex 56 39.5 45
    endloop
  endfacet
  facet normal 0.67565 0.737222 -0
    outer loop
      vertex 61.9749 41.9749 2.5
      vertex 61.7498 42.1812 45
      vertex 61.9749 41.9749 45
    endloop
  endfacet
  facet normal 0.67565 0.737222 0
    outer loop
      vertex 61.7498 42.1812 45
      vertex 61.9749 41.9749 2.5
      vertex 61.7498 42.1812 2.5
    endloop
  endfacet
  facet normal 0.0435652 -0.999051 0
    outer loop
      vertex 59.5 36 2.5
      vertex 59.805 36.0133 45
      vertex 59.5 36 45
    endloop
  endfacet
  facet normal 0.0435652 -0.999051 0
    outer loop
      vertex 59.805 36.0133 45
      vertex 59.5 36 2.5
      vertex 59.805 36.0133 2.5
    endloop
  endfacet
  facet normal -0.537426 -0.843311 0
    outer loop
      vertex 57.4925 36.633 2.5
      vertex 57.75 36.4689 45
      vertex 57.4925 36.633 45
    endloop
  endfacet
  facet normal -0.537426 -0.843311 -0
    outer loop
      vertex 57.75 36.4689 45
      vertex 57.4925 36.633 2.5
      vertex 57.75 36.4689 2.5
    endloop
  endfacet
  facet normal 0.21648 -0.976287 0
    outer loop
      vertex 60.1078 36.0532 2.5
      vertex 60.4059 36.1193 45
      vertex 60.1078 36.0532 45
    endloop
  endfacet
  facet normal 0.21648 -0.976287 0
    outer loop
      vertex 60.4059 36.1193 45
      vertex 60.1078 36.0532 2.5
      vertex 60.4059 36.1193 2.5
    endloop
  endfacet
  facet normal -0.608507 0.793548 0
    outer loop
      vertex 57.4925 42.367 2.5
      vertex 57.2502 42.1812 45
      vertex 57.4925 42.367 45
    endloop
  endfacet
  facet normal -0.608507 0.793548 0
    outer loop
      vertex 57.2502 42.1812 45
      vertex 57.4925 42.367 2.5
      vertex 57.2502 42.1812 2.5
    endloop
  endfacet
  facet normal -0.88697 -0.461827 0
    outer loop
      vertex 56.4689 37.75 2.5
      vertex 56.3279 38.0208 45
      vertex 56.3279 38.0208 2.5
    endloop
  endfacet
  facet normal -0.88697 -0.461827 0
    outer loop
      vertex 56.3279 38.0208 45
      vertex 56.4689 37.75 2.5
      vertex 56.4689 37.75 45
    endloop
  endfacet
  facet normal 0.537426 -0.843311 0
    outer loop
      vertex 61.25 36.4689 2.5
      vertex 61.5075 36.633 45
      vertex 61.25 36.4689 45
    endloop
  endfacet
  facet normal 0.537426 -0.843311 0
    outer loop
      vertex 61.5075 36.633 45
      vertex 61.25 36.4689 2.5
      vertex 61.5075 36.633 2.5
    endloop
  endfacet
  facet normal 0.737222 -0.67565 0
    outer loop
      vertex 61.9749 37.0251 45
      vertex 62.1812 37.2502 2.5
      vertex 62.1812 37.2502 45
    endloop
  endfacet
  facet normal 0.737222 -0.67565 0
    outer loop
      vertex 62.1812 37.2502 2.5
      vertex 61.9749 37.0251 45
      vertex 61.9749 37.0251 2.5
    endloop
  endfacet
  facet normal -0.99143 0.130641 0
    outer loop
      vertex 56.0133 39.805 2.5
      vertex 56.0532 40.1078 45
      vertex 56.0532 40.1078 2.5
    endloop
  endfacet
  facet normal -0.99143 0.130641 0
    outer loop
      vertex 56.0532 40.1078 45
      vertex 56.0133 39.805 2.5
      vertex 56.0133 39.805 45
    endloop
  endfacet
  facet normal -0.737222 -0.67565 0
    outer loop
      vertex 57.0251 37.0251 2.5
      vertex 56.8188 37.2502 45
      vertex 56.8188 37.2502 2.5
    endloop
  endfacet
  facet normal -0.737222 -0.67565 0
    outer loop
      vertex 56.8188 37.2502 45
      vertex 57.0251 37.0251 2.5
      vertex 57.0251 37.0251 45
    endloop
  endfacet
  facet normal -0.300661 -0.953731 0
    outer loop
      vertex 58.3029 36.2111 2.5
      vertex 58.5941 36.1193 45
      vertex 58.3029 36.2111 45
    endloop
  endfacet
  facet normal -0.300661 -0.953731 -0
    outer loop
      vertex 58.5941 36.1193 45
      vertex 58.3029 36.2111 2.5
      vertex 58.5941 36.1193 2.5
    endloop
  endfacet
  facet normal -0.382545 -0.923937 0
    outer loop
      vertex 58.0208 36.3279 2.5
      vertex 58.3029 36.2111 45
      vertex 58.0208 36.3279 45
    endloop
  endfacet
  facet normal -0.382545 -0.923937 -0
    outer loop
      vertex 58.3029 36.2111 45
      vertex 58.0208 36.3279 2.5
      vertex 58.3029 36.2111 2.5
    endloop
  endfacet
  facet normal -0.793548 -0.608507 0
    outer loop
      vertex 56.8188 37.2502 2.5
      vertex 56.633 37.4925 45
      vertex 56.633 37.4925 2.5
    endloop
  endfacet
  facet normal -0.793548 -0.608507 0
    outer loop
      vertex 56.633 37.4925 45
      vertex 56.8188 37.2502 2.5
      vertex 56.8188 37.2502 45
    endloop
  endfacet
  facet normal -0.99143 -0.130641 0
    outer loop
      vertex 56.0532 38.8922 2.5
      vertex 56.0133 39.195 45
      vertex 56.0133 39.195 2.5
    endloop
  endfacet
  facet normal -0.99143 -0.130641 0
    outer loop
      vertex 56.0133 39.195 45
      vertex 56.0532 38.8922 2.5
      vertex 56.0532 38.8922 45
    endloop
  endfacet
  facet normal 0.737222 0.67565 0
    outer loop
      vertex 62.1812 41.7498 45
      vertex 61.9749 41.9749 2.5
      vertex 61.9749 41.9749 45
    endloop
  endfacet
  facet normal 0.737222 0.67565 0
    outer loop
      vertex 61.9749 41.9749 2.5
      vertex 62.1812 41.7498 45
      vertex 62.1812 41.7498 2.5
    endloop
  endfacet
  facet normal -0.976287 0.21648 0
    outer loop
      vertex 56.0532 40.1078 2.5
      vertex 56.1193 40.4059 45
      vertex 56.1193 40.4059 2.5
    endloop
  endfacet
  facet normal -0.976287 0.21648 0
    outer loop
      vertex 56.1193 40.4059 45
      vertex 56.0532 40.1078 2.5
      vertex 56.0532 40.1078 45
    endloop
  endfacet
  facet normal -0.843311 -0.537426 0
    outer loop
      vertex 56.633 37.4925 2.5
      vertex 56.4689 37.75 45
      vertex 56.4689 37.75 2.5
    endloop
  endfacet
  facet normal -0.843311 -0.537426 0
    outer loop
      vertex 56.4689 37.75 45
      vertex 56.633 37.4925 2.5
      vertex 56.633 37.4925 45
    endloop
  endfacet
  facet normal -0.923937 0.382545 0
    outer loop
      vertex 56.2111 40.6971 2.5
      vertex 56.3279 40.9792 45
      vertex 56.3279 40.9792 2.5
    endloop
  endfacet
  facet normal -0.923937 0.382545 0
    outer loop
      vertex 56.3279 40.9792 45
      vertex 56.2111 40.6971 2.5
      vertex 56.2111 40.6971 45
    endloop
  endfacet
  facet normal -0.537424 0.843312 0
    outer loop
      vertex 57.7012 42.5 2.5
      vertex 57.4925 42.367 45
      vertex 57.7012 42.5 45
    endloop
  endfacet
  facet normal -0.537424 0.843312 0
    outer loop
      vertex 57.4925 42.367 45
      vertex 57.7012 42.5 2.5
      vertex 57.4925 42.367 2.5
    endloop
  endfacet
  facet normal -0.953731 -0.300661 0
    outer loop
      vertex 56.2111 38.3029 2.5
      vertex 56.1193 38.5941 45
      vertex 56.1193 38.5941 2.5
    endloop
  endfacet
  facet normal -0.953731 -0.300661 0
    outer loop
      vertex 56.1193 38.5941 45
      vertex 56.2111 38.3029 2.5
      vertex 56.2111 38.3029 45
    endloop
  endfacet
  facet normal 0.608507 0.793548 -0
    outer loop
      vertex 61.7498 42.1812 2.5
      vertex 61.5075 42.367 45
      vertex 61.7498 42.1812 45
    endloop
  endfacet
  facet normal 0.608507 0.793548 0
    outer loop
      vertex 61.5075 42.367 45
      vertex 61.7498 42.1812 2.5
      vertex 61.5075 42.367 2.5
    endloop
  endfacet
  facet normal 0.537424 0.843312 -0
    outer loop
      vertex 61.5075 42.367 2.5
      vertex 61.2988 42.5 45
      vertex 61.5075 42.367 45
    endloop
  endfacet
  facet normal 0.537424 0.843312 0
    outer loop
      vertex 61.2988 42.5 45
      vertex 61.5075 42.367 2.5
      vertex 61.2988 42.5 2.5
    endloop
  endfacet
  facet normal 0.843312 0.537424 0
    outer loop
      vertex 62.5 41.2988 45
      vertex 62.367 41.5075 2.5
      vertex 62.367 41.5075 45
    endloop
  endfacet
  facet normal 0.843312 0.537424 0
    outer loop
      vertex 62.367 41.5075 2.5
      vertex 62.5 41.2988 45
      vertex 62.5 41.2988 2.5
    endloop
  endfacet
  facet normal -0.953731 0.300661 0
    outer loop
      vertex 56.1193 40.4059 2.5
      vertex 56.2111 40.6971 45
      vertex 56.2111 40.6971 2.5
    endloop
  endfacet
  facet normal -0.953731 0.300661 0
    outer loop
      vertex 56.2111 40.6971 45
      vertex 56.1193 40.4059 2.5
      vertex 56.1193 40.4059 45
    endloop
  endfacet
  facet normal -0.737222 0.67565 0
    outer loop
      vertex 56.8188 41.7498 2.5
      vertex 57.0251 41.9749 45
      vertex 57.0251 41.9749 2.5
    endloop
  endfacet
  facet normal -0.737222 0.67565 0
    outer loop
      vertex 57.0251 41.9749 45
      vertex 56.8188 41.7498 2.5
      vertex 56.8188 41.7498 45
    endloop
  endfacet
  facet normal -0.67565 0.737222 0
    outer loop
      vertex 57.2502 42.1812 2.5
      vertex 57.0251 41.9749 45
      vertex 57.2502 42.1812 45
    endloop
  endfacet
  facet normal -0.67565 0.737222 0
    outer loop
      vertex 57.0251 41.9749 45
      vertex 57.2502 42.1812 2.5
      vertex 57.0251 41.9749 2.5
    endloop
  endfacet
  facet normal 0.130641 -0.99143 0
    outer loop
      vertex 59.805 36.0133 2.5
      vertex 60.1078 36.0532 45
      vertex 59.805 36.0133 45
    endloop
  endfacet
  facet normal 0.130641 -0.99143 0
    outer loop
      vertex 60.1078 36.0532 45
      vertex 59.805 36.0133 2.5
      vertex 60.1078 36.0532 2.5
    endloop
  endfacet
  facet normal -0.67565 -0.737222 0
    outer loop
      vertex 57.0251 37.0251 2.5
      vertex 57.2502 36.8188 45
      vertex 57.0251 37.0251 45
    endloop
  endfacet
  facet normal -0.67565 -0.737222 -0
    outer loop
      vertex 57.2502 36.8188 45
      vertex 57.0251 37.0251 2.5
      vertex 57.2502 36.8188 2.5
    endloop
  endfacet
  facet normal 0.793548 0.608507 0
    outer loop
      vertex 62.367 41.5075 45
      vertex 62.1812 41.7498 2.5
      vertex 62.1812 41.7498 45
    endloop
  endfacet
  facet normal 0.793548 0.608507 0
    outer loop
      vertex 62.1812 41.7498 2.5
      vertex 62.367 41.5075 45
      vertex 62.367 41.5075 2.5
    endloop
  endfacet
  facet normal -0.461827 -0.88697 0
    outer loop
      vertex 57.75 36.4689 2.5
      vertex 58.0208 36.3279 45
      vertex 57.75 36.4689 45
    endloop
  endfacet
  facet normal -0.461827 -0.88697 -0
    outer loop
      vertex 58.0208 36.3279 45
      vertex 57.75 36.4689 2.5
      vertex 58.0208 36.3279 2.5
    endloop
  endfacet
  facet normal -0.923937 -0.382545 0
    outer loop
      vertex 56.3279 38.0208 2.5
      vertex 56.2111 38.3029 45
      vertex 56.2111 38.3029 2.5
    endloop
  endfacet
  facet normal -0.923937 -0.382545 0
    outer loop
      vertex 56.2111 38.3029 45
      vertex 56.3279 38.0208 2.5
      vertex 56.3279 38.0208 45
    endloop
  endfacet
  facet normal -0.21648 -0.976287 0
    outer loop
      vertex 58.5941 36.1193 2.5
      vertex 58.8922 36.0532 45
      vertex 58.5941 36.1193 45
    endloop
  endfacet
  facet normal -0.21648 -0.976287 -0
    outer loop
      vertex 58.8922 36.0532 45
      vertex 58.5941 36.1193 2.5
      vertex 58.8922 36.0532 2.5
    endloop
  endfacet
  facet normal 0.382545 -0.923937 0
    outer loop
      vertex 60.6971 36.2111 2.5
      vertex 60.9792 36.3279 45
      vertex 60.6971 36.2111 45
    endloop
  endfacet
  facet normal 0.382545 -0.923937 0
    outer loop
      vertex 60.9792 36.3279 45
      vertex 60.6971 36.2111 2.5
      vertex 60.9792 36.3279 2.5
    endloop
  endfacet
  facet normal -0.999051 -0.0435652 0
    outer loop
      vertex 56.0133 39.195 2.5
      vertex 56 39.5 45
      vertex 56 39.5 2.5
    endloop
  endfacet
  facet normal -0.999051 -0.0435652 0
    outer loop
      vertex 56 39.5 45
      vertex 56.0133 39.195 2.5
      vertex 56.0133 39.195 45
    endloop
  endfacet
  facet normal -0.130641 -0.99143 0
    outer loop
      vertex 58.8922 36.0532 2.5
      vertex 59.195 36.0133 45
      vertex 58.8922 36.0532 45
    endloop
  endfacet
  facet normal -0.130641 -0.99143 -0
    outer loop
      vertex 59.195 36.0133 45
      vertex 58.8922 36.0532 2.5
      vertex 59.195 36.0133 2.5
    endloop
  endfacet
  facet normal -0.0435652 -0.999051 0
    outer loop
      vertex 59.195 36.0133 2.5
      vertex 59.5 36 45
      vertex 59.195 36.0133 45
    endloop
  endfacet
  facet normal -0.0435652 -0.999051 -0
    outer loop
      vertex 59.5 36 45
      vertex 59.195 36.0133 2.5
      vertex 59.5 36 2.5
    endloop
  endfacet
  facet normal -0.608507 -0.793548 0
    outer loop
      vertex 57.2502 36.8188 2.5
      vertex 57.4925 36.633 45
      vertex 57.2502 36.8188 45
    endloop
  endfacet
  facet normal -0.608507 -0.793548 -0
    outer loop
      vertex 57.4925 36.633 45
      vertex 57.2502 36.8188 2.5
      vertex 57.4925 36.633 2.5
    endloop
  endfacet
  facet normal 0.67565 -0.737222 0
    outer loop
      vertex 61.7498 36.8188 2.5
      vertex 61.9749 37.0251 45
      vertex 61.7498 36.8188 45
    endloop
  endfacet
  facet normal 0.67565 -0.737222 0
    outer loop
      vertex 61.9749 37.0251 45
      vertex 61.7498 36.8188 2.5
      vertex 61.9749 37.0251 2.5
    endloop
  endfacet
  facet normal -0.793548 0.608507 0
    outer loop
      vertex 56.633 41.5075 2.5
      vertex 56.8188 41.7498 45
      vertex 56.8188 41.7498 2.5
    endloop
  endfacet
  facet normal -0.793548 0.608507 0
    outer loop
      vertex 56.8188 41.7498 45
      vertex 56.633 41.5075 2.5
      vertex 56.633 41.5075 45
    endloop
  endfacet
  facet normal 0.843312 -0.537424 0
    outer loop
      vertex 62.367 37.4925 45
      vertex 62.5 37.7012 2.5
      vertex 62.5 37.7012 45
    endloop
  endfacet
  facet normal 0.843312 -0.537424 0
    outer loop
      vertex 62.5 37.7012 2.5
      vertex 62.367 37.4925 45
      vertex 62.367 37.4925 2.5
    endloop
  endfacet
  facet normal -0.843311 0.537426 0
    outer loop
      vertex 56.4689 41.25 2.5
      vertex 56.633 41.5075 45
      vertex 56.633 41.5075 2.5
    endloop
  endfacet
  facet normal -0.843311 0.537426 0
    outer loop
      vertex 56.633 41.5075 45
      vertex 56.4689 41.25 2.5
      vertex 56.4689 41.25 45
    endloop
  endfacet
  facet normal -0.991384 -0.130984 0
    outer loop
      vertex 60.8947 39.622 2.5
      vertex 60.8787 39.7431 45
      vertex 60.8787 39.7431 2.5
    endloop
  endfacet
  facet normal -0.991384 -0.130984 0
    outer loop
      vertex 60.8787 39.7431 45
      vertex 60.8947 39.622 2.5
      vertex 60.8947 39.622 45
    endloop
  endfacet
  facet normal -0.999058 -0.0434017 0
    outer loop
      vertex 60.9 39.5 2.5
      vertex 60.8947 39.622 45
      vertex 60.8947 39.622 2.5
    endloop
  endfacet
  facet normal -0.999058 -0.0434017 0
    outer loop
      vertex 60.8947 39.622 45
      vertex 60.9 39.5 2.5
      vertex 60.9 39.5 45
    endloop
  endfacet
  facet normal -0.976341 -0.216237 0
    outer loop
      vertex 60.8787 39.7431 2.5
      vertex 60.8523 39.8623 45
      vertex 60.8523 39.8623 2.5
    endloop
  endfacet
  facet normal -0.976341 -0.216237 0
    outer loop
      vertex 60.8523 39.8623 45
      vertex 60.8787 39.7431 2.5
      vertex 60.8787 39.7431 45
    endloop
  endfacet
  facet normal -0.999058 0.0434017 0
    outer loop
      vertex 60.8947 39.378 2.5
      vertex 60.9 39.5 45
      vertex 60.9 39.5 2.5
    endloop
  endfacet
  facet normal -0.999058 0.0434017 0
    outer loop
      vertex 60.9 39.5 45
      vertex 60.8947 39.378 2.5
      vertex 60.8947 39.378 45
    endloop
  endfacet
  facet normal 0.953793 -0.300465 0
    outer loop
      vertex 58.1477 39.8623 45
      vertex 58.1844 39.9788 2.5
      vertex 58.1844 39.9788 45
    endloop
  endfacet
  facet normal 0.953793 -0.300465 0
    outer loop
      vertex 58.1844 39.9788 2.5
      vertex 58.1477 39.8623 45
      vertex 58.1477 39.8623 2.5
    endloop
  endfacet
  facet normal 0.976341 0.216237 0
    outer loop
      vertex 58.1477 39.1377 45
      vertex 58.1213 39.2569 2.5
      vertex 58.1213 39.2569 45
    endloop
  endfacet
  facet normal 0.976341 0.216237 0
    outer loop
      vertex 58.1213 39.2569 2.5
      vertex 58.1477 39.1377 45
      vertex 58.1477 39.1377 2.5
    endloop
  endfacet
  facet normal 0.793567 -0.608483 0
    outer loop
      vertex 58.3532 40.303 45
      vertex 58.4275 40.3999 2.5
      vertex 58.4275 40.3999 45
    endloop
  endfacet
  facet normal 0.793567 -0.608483 0
    outer loop
      vertex 58.4275 40.3999 2.5
      vertex 58.3532 40.303 45
      vertex 58.3532 40.303 2.5
    endloop
  endfacet
  facet normal -0.736746 -0.676169 0
    outer loop
      vertex 60.5725 40.3999 2.5
      vertex 60.4899 40.4899 45
      vertex 60.4899 40.4899 2.5
    endloop
  endfacet
  facet normal -0.736746 -0.676169 0
    outer loop
      vertex 60.4899 40.4899 45
      vertex 60.5725 40.3999 2.5
      vertex 60.5725 40.3999 45
    endloop
  endfacet
  facet normal 0.923777 -0.38293 0
    outer loop
      vertex 58.1844 39.9788 45
      vertex 58.2312 40.0917 2.5
      vertex 58.2312 40.0917 45
    endloop
  endfacet
  facet normal 0.923777 -0.38293 0
    outer loop
      vertex 58.2312 40.0917 2.5
      vertex 58.1844 39.9788 45
      vertex 58.1844 39.9788 2.5
    endloop
  endfacet
  facet normal -0.537193 0.843459 0
    outer loop
      vertex 60.303 38.3532 2.5
      vertex 60.2 38.2876 45
      vertex 60.303 38.3532 45
    endloop
  endfacet
  facet normal -0.537193 0.843459 0
    outer loop
      vertex 60.2 38.2876 45
      vertex 60.303 38.3532 2.5
      vertex 60.2 38.2876 2.5
    endloop
  endfacet
  facet normal -0.676169 -0.736746 0
    outer loop
      vertex 60.3999 40.5725 2.5
      vertex 60.4899 40.4899 45
      vertex 60.3999 40.5725 45
    endloop
  endfacet
  facet normal -0.676169 -0.736746 -0
    outer loop
      vertex 60.4899 40.4899 45
      vertex 60.3999 40.5725 2.5
      vertex 60.4899 40.4899 2.5
    endloop
  endfacet
  facet normal -0.300465 0.953793 0
    outer loop
      vertex 59.9788 38.1844 2.5
      vertex 59.8623 38.1477 45
      vertex 59.9788 38.1844 45
    endloop
  endfacet
  facet normal -0.300465 0.953793 0
    outer loop
      vertex 59.8623 38.1477 45
      vertex 59.9788 38.1844 2.5
      vertex 59.8623 38.1477 2.5
    endloop
  endfacet
  facet normal -0.991384 0.130984 0
    outer loop
      vertex 60.8787 39.2569 2.5
      vertex 60.8947 39.378 45
      vertex 60.8947 39.378 2.5
    endloop
  endfacet
  facet normal -0.991384 0.130984 0
    outer loop
      vertex 60.8947 39.378 45
      vertex 60.8787 39.2569 2.5
      vertex 60.8787 39.2569 45
    endloop
  endfacet
  facet normal 0.300465 0.953793 -0
    outer loop
      vertex 59.1377 38.1477 2.5
      vertex 59.0212 38.1844 45
      vertex 59.1377 38.1477 45
    endloop
  endfacet
  facet normal 0.300465 0.953793 0
    outer loop
      vertex 59.0212 38.1844 45
      vertex 59.1377 38.1477 2.5
      vertex 59.0212 38.1844 2.5
    endloop
  endfacet
  facet normal 0.736746 -0.676169 0
    outer loop
      vertex 58.4275 40.3999 45
      vertex 58.5101 40.4899 2.5
      vertex 58.5101 40.4899 45
    endloop
  endfacet
  facet normal 0.736746 -0.676169 0
    outer loop
      vertex 58.5101 40.4899 2.5
      vertex 58.4275 40.3999 45
      vertex 58.4275 40.3999 2.5
    endloop
  endfacet
  facet normal -0.130984 -0.991384 0
    outer loop
      vertex 59.622 40.8947 2.5
      vertex 59.7431 40.8787 45
      vertex 59.622 40.8947 45
    endloop
  endfacet
  facet normal -0.130984 -0.991384 -0
    outer loop
      vertex 59.7431 40.8787 45
      vertex 59.622 40.8947 2.5
      vertex 59.7431 40.8787 2.5
    endloop
  endfacet
  facet normal -0.793567 0.608483 0
    outer loop
      vertex 60.5725 38.6001 2.5
      vertex 60.6468 38.697 45
      vertex 60.6468 38.697 2.5
    endloop
  endfacet
  facet normal -0.793567 0.608483 0
    outer loop
      vertex 60.6468 38.697 45
      vertex 60.5725 38.6001 2.5
      vertex 60.5725 38.6001 45
    endloop
  endfacet
  facet normal -0.953793 -0.300465 0
    outer loop
      vertex 60.8523 39.8623 2.5
      vertex 60.8156 39.9788 45
      vertex 60.8156 39.9788 2.5
    endloop
  endfacet
  facet normal -0.953793 -0.300465 0
    outer loop
      vertex 60.8156 39.9788 45
      vertex 60.8523 39.8623 2.5
      vertex 60.8523 39.8623 45
    endloop
  endfacet
  facet normal 0.843459 -0.537193 0
    outer loop
      vertex 58.2876 40.2 45
      vertex 58.3532 40.303 2.5
      vertex 58.3532 40.303 45
    endloop
  endfacet
  facet normal 0.843459 -0.537193 0
    outer loop
      vertex 58.3532 40.303 2.5
      vertex 58.2876 40.2 45
      vertex 58.2876 40.2 2.5
    endloop
  endfacet
  facet normal 0.216237 0.976341 -0
    outer loop
      vertex 59.2569 38.1213 2.5
      vertex 59.1377 38.1477 45
      vertex 59.2569 38.1213 45
    endloop
  endfacet
  facet normal 0.216237 0.976341 0
    outer loop
      vertex 59.1377 38.1477 45
      vertex 59.2569 38.1213 2.5
      vertex 59.1377 38.1477 2.5
    endloop
  endfacet
  facet normal -0.976341 0.216237 0
    outer loop
      vertex 60.8523 39.1377 2.5
      vertex 60.8787 39.2569 45
      vertex 60.8787 39.2569 2.5
    endloop
  endfacet
  facet normal -0.976341 0.216237 0
    outer loop
      vertex 60.8787 39.2569 45
      vertex 60.8523 39.1377 2.5
      vertex 60.8523 39.1377 45
    endloop
  endfacet
  facet normal 0.461894 -0.886935 0
    outer loop
      vertex 58.8 40.7124 2.5
      vertex 58.9083 40.7688 45
      vertex 58.8 40.7124 45
    endloop
  endfacet
  facet normal 0.461894 -0.886935 0
    outer loop
      vertex 58.9083 40.7688 45
      vertex 58.8 40.7124 2.5
      vertex 58.9083 40.7688 2.5
    endloop
  endfacet
  facet normal -0.923777 -0.38293 0
    outer loop
      vertex 60.8156 39.9788 2.5
      vertex 60.7688 40.0917 45
      vertex 60.7688 40.0917 2.5
    endloop
  endfacet
  facet normal -0.923777 -0.38293 0
    outer loop
      vertex 60.7688 40.0917 45
      vertex 60.8156 39.9788 2.5
      vertex 60.8156 39.9788 45
    endloop
  endfacet
  facet normal -0.38293 -0.923777 0
    outer loop
      vertex 59.9788 40.8156 2.5
      vertex 60.0917 40.7688 45
      vertex 59.9788 40.8156 45
    endloop
  endfacet
  facet normal -0.38293 -0.923777 -0
    outer loop
      vertex 60.0917 40.7688 45
      vertex 59.9788 40.8156 2.5
      vertex 60.0917 40.7688 2.5
    endloop
  endfacet
  facet normal 0.38293 -0.923777 0
    outer loop
      vertex 58.9083 40.7688 2.5
      vertex 59.0212 40.8156 45
      vertex 58.9083 40.7688 45
    endloop
  endfacet
  facet normal 0.38293 -0.923777 0
    outer loop
      vertex 59.0212 40.8156 45
      vertex 58.9083 40.7688 2.5
      vertex 59.0212 40.8156 2.5
    endloop
  endfacet
  facet normal -0.0434017 0.999058 0
    outer loop
      vertex 59.622 38.1053 2.5
      vertex 59.5 38.1 45
      vertex 59.622 38.1053 45
    endloop
  endfacet
  facet normal -0.0434017 0.999058 0
    outer loop
      vertex 59.5 38.1 45
      vertex 59.622 38.1053 2.5
      vertex 59.5 38.1 2.5
    endloop
  endfacet
  facet normal -0.38293 0.923777 0
    outer loop
      vertex 60.0917 38.2312 2.5
      vertex 59.9788 38.1844 45
      vertex 60.0917 38.2312 45
    endloop
  endfacet
  facet normal -0.38293 0.923777 0
    outer loop
      vertex 59.9788 38.1844 45
      vertex 60.0917 38.2312 2.5
      vertex 59.9788 38.1844 2.5
    endloop
  endfacet
  facet normal 0.886935 0.461894 0
    outer loop
      vertex 58.2876 38.8 45
      vertex 58.2312 38.9083 2.5
      vertex 58.2312 38.9083 45
    endloop
  endfacet
  facet normal 0.886935 0.461894 0
    outer loop
      vertex 58.2312 38.9083 2.5
      vertex 58.2876 38.8 45
      vertex 58.2876 38.8 2.5
    endloop
  endfacet
  facet normal 0.991384 0.130984 0
    outer loop
      vertex 58.1213 39.2569 45
      vertex 58.1053 39.378 2.5
      vertex 58.1053 39.378 45
    endloop
  endfacet
  facet normal 0.991384 0.130984 0
    outer loop
      vertex 58.1053 39.378 2.5
      vertex 58.1213 39.2569 45
      vertex 58.1213 39.2569 2.5
    endloop
  endfacet
  facet normal -0.130984 0.991384 0
    outer loop
      vertex 59.7431 38.1213 2.5
      vertex 59.622 38.1053 45
      vertex 59.7431 38.1213 45
    endloop
  endfacet
  facet normal -0.130984 0.991384 0
    outer loop
      vertex 59.622 38.1053 45
      vertex 59.7431 38.1213 2.5
      vertex 59.622 38.1053 2.5
    endloop
  endfacet
  facet normal 0.676169 -0.736746 0
    outer loop
      vertex 58.5101 40.4899 2.5
      vertex 58.6001 40.5725 45
      vertex 58.5101 40.4899 45
    endloop
  endfacet
  facet normal 0.676169 -0.736746 0
    outer loop
      vertex 58.6001 40.5725 45
      vertex 58.5101 40.4899 2.5
      vertex 58.6001 40.5725 2.5
    endloop
  endfacet
  facet normal -0.843459 0.537193 0
    outer loop
      vertex 60.6468 38.697 2.5
      vertex 60.7124 38.8 45
      vertex 60.7124 38.8 2.5
    endloop
  endfacet
  facet normal -0.843459 0.537193 0
    outer loop
      vertex 60.7124 38.8 45
      vertex 60.6468 38.697 2.5
      vertex 60.6468 38.697 45
    endloop
  endfacet
  facet normal -0.886935 0.461894 0
    outer loop
      vertex 60.7124 38.8 2.5
      vertex 60.7688 38.9083 45
      vertex 60.7688 38.9083 2.5
    endloop
  endfacet
  facet normal -0.886935 0.461894 0
    outer loop
      vertex 60.7688 38.9083 45
      vertex 60.7124 38.8 2.5
      vertex 60.7124 38.8 45
    endloop
  endfacet
  facet normal -0.843459 -0.537193 0
    outer loop
      vertex 60.7124 40.2 2.5
      vertex 60.6468 40.303 45
      vertex 60.6468 40.303 2.5
    endloop
  endfacet
  facet normal -0.843459 -0.537193 0
    outer loop
      vertex 60.6468 40.303 45
      vertex 60.7124 40.2 2.5
      vertex 60.7124 40.2 45
    endloop
  endfacet
  facet normal -0.793567 -0.608483 0
    outer loop
      vertex 60.6468 40.303 2.5
      vertex 60.5725 40.3999 45
      vertex 60.5725 40.3999 2.5
    endloop
  endfacet
  facet normal -0.793567 -0.608483 0
    outer loop
      vertex 60.5725 40.3999 45
      vertex 60.6468 40.303 2.5
      vertex 60.6468 40.303 45
    endloop
  endfacet
  facet normal -0.461894 -0.886935 0
    outer loop
      vertex 60.0917 40.7688 2.5
      vertex 60.2 40.7124 45
      vertex 60.0917 40.7688 45
    endloop
  endfacet
  facet normal -0.461894 -0.886935 -0
    outer loop
      vertex 60.2 40.7124 45
      vertex 60.0917 40.7688 2.5
      vertex 60.2 40.7124 2.5
    endloop
  endfacet
  facet normal -0.736746 0.676169 0
    outer loop
      vertex 60.4899 38.5101 2.5
      vertex 60.5725 38.6001 45
      vertex 60.5725 38.6001 2.5
    endloop
  endfacet
  facet normal -0.736746 0.676169 0
    outer loop
      vertex 60.5725 38.6001 45
      vertex 60.4899 38.5101 2.5
      vertex 60.4899 38.5101 45
    endloop
  endfacet
  facet normal -0.300465 -0.953793 0
    outer loop
      vertex 59.8623 40.8523 2.5
      vertex 59.9788 40.8156 45
      vertex 59.8623 40.8523 45
    endloop
  endfacet
  facet normal -0.300465 -0.953793 -0
    outer loop
      vertex 59.9788 40.8156 45
      vertex 59.8623 40.8523 2.5
      vertex 59.9788 40.8156 2.5
    endloop
  endfacet
  facet normal 0.886935 -0.461894 0
    outer loop
      vertex 58.2312 40.0917 45
      vertex 58.2876 40.2 2.5
      vertex 58.2876 40.2 45
    endloop
  endfacet
  facet normal 0.886935 -0.461894 0
    outer loop
      vertex 58.2876 40.2 2.5
      vertex 58.2312 40.0917 45
      vertex 58.2312 40.0917 2.5
    endloop
  endfacet
  facet normal -0.216237 0.976341 0
    outer loop
      vertex 59.8623 38.1477 2.5
      vertex 59.7431 38.1213 45
      vertex 59.8623 38.1477 45
    endloop
  endfacet
  facet normal -0.216237 0.976341 0
    outer loop
      vertex 59.7431 38.1213 45
      vertex 59.8623 38.1477 2.5
      vertex 59.7431 38.1213 2.5
    endloop
  endfacet
  facet normal 0.843459 0.537193 0
    outer loop
      vertex 58.3532 38.697 45
      vertex 58.2876 38.8 2.5
      vertex 58.2876 38.8 45
    endloop
  endfacet
  facet normal 0.843459 0.537193 0
    outer loop
      vertex 58.2876 38.8 2.5
      vertex 58.3532 38.697 45
      vertex 58.3532 38.697 2.5
    endloop
  endfacet
  facet normal 0.736746 0.676169 0
    outer loop
      vertex 58.5101 38.5101 45
      vertex 58.4275 38.6001 2.5
      vertex 58.4275 38.6001 45
    endloop
  endfacet
  facet normal 0.736746 0.676169 0
    outer loop
      vertex 58.4275 38.6001 2.5
      vertex 58.5101 38.5101 45
      vertex 58.5101 38.5101 2.5
    endloop
  endfacet
  facet normal -0.886935 -0.461894 0
    outer loop
      vertex 60.7688 40.0917 2.5
      vertex 60.7124 40.2 45
      vertex 60.7124 40.2 2.5
    endloop
  endfacet
  facet normal -0.886935 -0.461894 0
    outer loop
      vertex 60.7124 40.2 45
      vertex 60.7688 40.0917 2.5
      vertex 60.7688 40.0917 45
    endloop
  endfacet
  facet normal 0.0434017 0.999058 -0
    outer loop
      vertex 59.5 38.1 2.5
      vertex 59.378 38.1053 45
      vertex 59.5 38.1 45
    endloop
  endfacet
  facet normal 0.0434017 0.999058 0
    outer loop
      vertex 59.378 38.1053 45
      vertex 59.5 38.1 2.5
      vertex 59.378 38.1053 2.5
    endloop
  endfacet
  facet normal 0.537193 -0.843459 0
    outer loop
      vertex 58.697 40.6468 2.5
      vertex 58.8 40.7124 45
      vertex 58.697 40.6468 45
    endloop
  endfacet
  facet normal 0.537193 -0.843459 0
    outer loop
      vertex 58.8 40.7124 45
      vertex 58.697 40.6468 2.5
      vertex 58.8 40.7124 2.5
    endloop
  endfacet
  facet normal 0.793567 0.608483 0
    outer loop
      vertex 58.4275 38.6001 45
      vertex 58.3532 38.697 2.5
      vertex 58.3532 38.697 45
    endloop
  endfacet
  facet normal 0.793567 0.608483 0
    outer loop
      vertex 58.3532 38.697 2.5
      vertex 58.4275 38.6001 45
      vertex 58.4275 38.6001 2.5
    endloop
  endfacet
  facet normal 0.216237 -0.976341 0
    outer loop
      vertex 59.1377 40.8523 2.5
      vertex 59.2569 40.8787 45
      vertex 59.1377 40.8523 45
    endloop
  endfacet
  facet normal 0.216237 -0.976341 0
    outer loop
      vertex 59.2569 40.8787 45
      vertex 59.1377 40.8523 2.5
      vertex 59.2569 40.8787 2.5
    endloop
  endfacet
  facet normal 0.130984 -0.991384 0
    outer loop
      vertex 59.2569 40.8787 2.5
      vertex 59.378 40.8947 45
      vertex 59.2569 40.8787 45
    endloop
  endfacet
  facet normal 0.130984 -0.991384 0
    outer loop
      vertex 59.378 40.8947 45
      vertex 59.2569 40.8787 2.5
      vertex 59.378 40.8947 2.5
    endloop
  endfacet
  facet normal 0.300465 -0.953793 0
    outer loop
      vertex 59.0212 40.8156 2.5
      vertex 59.1377 40.8523 45
      vertex 59.0212 40.8156 45
    endloop
  endfacet
  facet normal 0.300465 -0.953793 0
    outer loop
      vertex 59.1377 40.8523 45
      vertex 59.0212 40.8156 2.5
      vertex 59.1377 40.8523 2.5
    endloop
  endfacet
  facet normal -0.537193 -0.843459 0
    outer loop
      vertex 60.2 40.7124 2.5
      vertex 60.303 40.6468 45
      vertex 60.2 40.7124 45
    endloop
  endfacet
  facet normal -0.537193 -0.843459 -0
    outer loop
      vertex 60.303 40.6468 45
      vertex 60.2 40.7124 2.5
      vertex 60.303 40.6468 2.5
    endloop
  endfacet
  facet normal 0.999058 0.0434017 0
    outer loop
      vertex 58.1053 39.378 45
      vertex 58.1 39.5 2.5
      vertex 58.1 39.5 45
    endloop
  endfacet
  facet normal 0.999058 0.0434017 0
    outer loop
      vertex 58.1 39.5 2.5
      vertex 58.1053 39.378 45
      vertex 58.1053 39.378 2.5
    endloop
  endfacet
  facet normal -0.608483 -0.793567 0
    outer loop
      vertex 60.303 40.6468 2.5
      vertex 60.3999 40.5725 45
      vertex 60.303 40.6468 45
    endloop
  endfacet
  facet normal -0.608483 -0.793567 -0
    outer loop
      vertex 60.3999 40.5725 45
      vertex 60.303 40.6468 2.5
      vertex 60.3999 40.5725 2.5
    endloop
  endfacet
  facet normal 0.0434017 -0.999058 0
    outer loop
      vertex 59.378 40.8947 2.5
      vertex 59.5 40.9 45
      vertex 59.378 40.8947 45
    endloop
  endfacet
  facet normal 0.0434017 -0.999058 0
    outer loop
      vertex 59.5 40.9 45
      vertex 59.378 40.8947 2.5
      vertex 59.5 40.9 2.5
    endloop
  endfacet
  facet normal -0.953793 0.300465 0
    outer loop
      vertex 60.8156 39.0212 2.5
      vertex 60.8523 39.1377 45
      vertex 60.8523 39.1377 2.5
    endloop
  endfacet
  facet normal -0.953793 0.300465 0
    outer loop
      vertex 60.8523 39.1377 45
      vertex 60.8156 39.0212 2.5
      vertex 60.8156 39.0212 45
    endloop
  endfacet
  facet normal -0.923777 0.38293 0
    outer loop
      vertex 60.7688 38.9083 2.5
      vertex 60.8156 39.0212 45
      vertex 60.8156 39.0212 2.5
    endloop
  endfacet
  facet normal -0.923777 0.38293 0
    outer loop
      vertex 60.8156 39.0212 45
      vertex 60.7688 38.9083 2.5
      vertex 60.7688 38.9083 45
    endloop
  endfacet
  facet normal 0.953793 0.300465 0
    outer loop
      vertex 58.1844 39.0212 45
      vertex 58.1477 39.1377 2.5
      vertex 58.1477 39.1377 45
    endloop
  endfacet
  facet normal 0.953793 0.300465 0
    outer loop
      vertex 58.1477 39.1377 2.5
      vertex 58.1844 39.0212 45
      vertex 58.1844 39.0212 2.5
    endloop
  endfacet
  facet normal -0.461894 0.886935 0
    outer loop
      vertex 60.2 38.2876 2.5
      vertex 60.0917 38.2312 45
      vertex 60.2 38.2876 45
    endloop
  endfacet
  facet normal -0.461894 0.886935 0
    outer loop
      vertex 60.0917 38.2312 45
      vertex 60.2 38.2876 2.5
      vertex 60.0917 38.2312 2.5
    endloop
  endfacet
  facet normal 0.608483 0.793567 -0
    outer loop
      vertex 58.697 38.3532 2.5
      vertex 58.6001 38.4275 45
      vertex 58.697 38.3532 45
    endloop
  endfacet
  facet normal 0.608483 0.793567 0
    outer loop
      vertex 58.6001 38.4275 45
      vertex 58.697 38.3532 2.5
      vertex 58.6001 38.4275 2.5
    endloop
  endfacet
  facet normal 0.976341 -0.216237 0
    outer loop
      vertex 58.1213 39.7431 45
      vertex 58.1477 39.8623 2.5
      vertex 58.1477 39.8623 45
    endloop
  endfacet
  facet normal 0.976341 -0.216237 0
    outer loop
      vertex 58.1477 39.8623 2.5
      vertex 58.1213 39.7431 45
      vertex 58.1213 39.7431 2.5
    endloop
  endfacet
  facet normal -0.0434017 -0.999058 0
    outer loop
      vertex 59.5 40.9 2.5
      vertex 59.622 40.8947 45
      vertex 59.5 40.9 45
    endloop
  endfacet
  facet normal -0.0434017 -0.999058 -0
    outer loop
      vertex 59.622 40.8947 45
      vertex 59.5 40.9 2.5
      vertex 59.622 40.8947 2.5
    endloop
  endfacet
  facet normal 0.461894 0.886935 -0
    outer loop
      vertex 58.9083 38.2312 2.5
      vertex 58.8 38.2876 45
      vertex 58.9083 38.2312 45
    endloop
  endfacet
  facet normal 0.461894 0.886935 0
    outer loop
      vertex 58.8 38.2876 45
      vertex 58.9083 38.2312 2.5
      vertex 58.8 38.2876 2.5
    endloop
  endfacet
  facet normal 0.130984 0.991384 -0
    outer loop
      vertex 59.378 38.1053 2.5
      vertex 59.2569 38.1213 45
      vertex 59.378 38.1053 45
    endloop
  endfacet
  facet normal 0.130984 0.991384 0
    outer loop
      vertex 59.2569 38.1213 45
      vertex 59.378 38.1053 2.5
      vertex 59.2569 38.1213 2.5
    endloop
  endfacet
  facet normal -0.676169 0.736746 0
    outer loop
      vertex 60.4899 38.5101 2.5
      vertex 60.3999 38.4275 45
      vertex 60.4899 38.5101 45
    endloop
  endfacet
  facet normal -0.676169 0.736746 0
    outer loop
      vertex 60.3999 38.4275 45
      vertex 60.4899 38.5101 2.5
      vertex 60.3999 38.4275 2.5
    endloop
  endfacet
  facet normal -0.608483 0.793567 0
    outer loop
      vertex 60.3999 38.4275 2.5
      vertex 60.303 38.3532 45
      vertex 60.3999 38.4275 45
    endloop
  endfacet
  facet normal -0.608483 0.793567 0
    outer loop
      vertex 60.303 38.3532 45
      vertex 60.3999 38.4275 2.5
      vertex 60.303 38.3532 2.5
    endloop
  endfacet
  facet normal -0.216237 -0.976341 0
    outer loop
      vertex 59.7431 40.8787 2.5
      vertex 59.8623 40.8523 45
      vertex 59.7431 40.8787 45
    endloop
  endfacet
  facet normal -0.216237 -0.976341 -0
    outer loop
      vertex 59.8623 40.8523 45
      vertex 59.7431 40.8787 2.5
      vertex 59.8623 40.8523 2.5
    endloop
  endfacet
  facet normal 0.991384 -0.130984 0
    outer loop
      vertex 58.1053 39.622 45
      vertex 58.1213 39.7431 2.5
      vertex 58.1213 39.7431 45
    endloop
  endfacet
  facet normal 0.991384 -0.130984 0
    outer loop
      vertex 58.1213 39.7431 2.5
      vertex 58.1053 39.622 45
      vertex 58.1053 39.622 2.5
    endloop
  endfacet
  facet normal 0.999058 -0.0434017 0
    outer loop
      vertex 58.1 39.5 45
      vertex 58.1053 39.622 2.5
      vertex 58.1053 39.622 45
    endloop
  endfacet
  facet normal 0.999058 -0.0434017 0
    outer loop
      vertex 58.1053 39.622 2.5
      vertex 58.1 39.5 45
      vertex 58.1 39.5 2.5
    endloop
  endfacet
  facet normal 0.608483 -0.793567 0
    outer loop
      vertex 58.6001 40.5725 2.5
      vertex 58.697 40.6468 45
      vertex 58.6001 40.5725 45
    endloop
  endfacet
  facet normal 0.608483 -0.793567 0
    outer loop
      vertex 58.697 40.6468 45
      vertex 58.6001 40.5725 2.5
      vertex 58.697 40.6468 2.5
    endloop
  endfacet
  facet normal 0.676169 0.736746 -0
    outer loop
      vertex 58.6001 38.4275 2.5
      vertex 58.5101 38.5101 45
      vertex 58.6001 38.4275 45
    endloop
  endfacet
  facet normal 0.676169 0.736746 0
    outer loop
      vertex 58.5101 38.5101 45
      vertex 58.6001 38.4275 2.5
      vertex 58.5101 38.5101 2.5
    endloop
  endfacet
  facet normal 0.38293 0.923777 -0
    outer loop
      vertex 59.0212 38.1844 2.5
      vertex 58.9083 38.2312 45
      vertex 59.0212 38.1844 45
    endloop
  endfacet
  facet normal 0.38293 0.923777 0
    outer loop
      vertex 58.9083 38.2312 45
      vertex 59.0212 38.1844 2.5
      vertex 58.9083 38.2312 2.5
    endloop
  endfacet
  facet normal 0.537193 0.843459 -0
    outer loop
      vertex 58.8 38.2876 2.5
      vertex 58.697 38.3532 45
      vertex 58.8 38.2876 45
    endloop
  endfacet
  facet normal 0.537193 0.843459 0
    outer loop
      vertex 58.697 38.3532 45
      vertex 58.8 38.2876 2.5
      vertex 58.697 38.3532 2.5
    endloop
  endfacet
  facet normal 0.923777 0.38293 0
    outer loop
      vertex 58.2312 38.9083 45
      vertex 58.1844 39.0212 2.5
      vertex 58.1844 39.0212 45
    endloop
  endfacet
  facet normal 0.923777 0.38293 0
    outer loop
      vertex 58.1844 39.0212 2.5
      vertex 58.2312 38.9083 45
      vertex 58.2312 38.9083 2.5
    endloop
  endfacet
  facet normal -0.991438 0 0.130578
    outer loop
      vertex -35.4547 -45 13.3749
      vertex -35.4137 -42.5 13.6862
      vertex -35.4547 -42.5 13.3749
    endloop
  endfacet
  facet normal -0.991438 0 0.130578
    outer loop
      vertex -35.4137 -42.5 13.6862
      vertex -35.4547 -45 13.3749
      vertex -35.4137 -45 13.6862
    endloop
  endfacet
  facet normal -0.999048 0 0.0436168
    outer loop
      vertex -35.4137 -45 13.6862
      vertex -35.4 -42.5 14
      vertex -35.4137 -42.5 13.6862
    endloop
  endfacet
  facet normal -0.999048 0 0.0436168
    outer loop
      vertex -35.4 -42.5 14
      vertex -35.4137 -45 13.6862
      vertex -35.4 -45 14
    endloop
  endfacet
  facet normal -0.976277 0 0.216526
    outer loop
      vertex -35.5227 -45 13.0683
      vertex -35.4547 -42.5 13.3749
      vertex -35.5227 -42.5 13.0683
    endloop
  endfacet
  facet normal -0.976277 0 0.216526
    outer loop
      vertex -35.4547 -42.5 13.3749
      vertex -35.5227 -45 13.0683
      vertex -35.4547 -45 13.3749
    endloop
  endfacet
  facet normal -0.608679 0 0.793417
    outer loop
      vertex -36.9351 -42.5 11.0511
      vertex -36.686 -45 11.2422
      vertex -36.686 -42.5 11.2422
    endloop
  endfacet
  facet normal -0.608679 0 0.793417
    outer loop
      vertex -36.686 -45 11.2422
      vertex -36.9351 -42.5 11.0511
      vertex -36.9351 -45 11.0511
    endloop
  endfacet
  facet normal 0.737313 -0 0.675552
    outer loop
      vertex -41.7578 -45 11.686
      vertex -41.5456 -42.5 11.4544
      vertex -41.7578 -42.5 11.686
    endloop
  endfacet
  facet normal 0.737313 0 0.675552
    outer loop
      vertex -41.5456 -42.5 11.4544
      vertex -41.7578 -45 11.686
      vertex -41.5456 -45 11.4544
    endloop
  endfacet
  facet normal -0.382783 0 -0.923838
    outer loop
      vertex -37.7687 -45 17.3829
      vertex -37.4786 -42.5 17.2627
      vertex -37.4786 -45 17.2627
    endloop
  endfacet
  facet normal -0.382783 0 -0.923838
    outer loop
      vertex -37.4786 -42.5 17.2627
      vertex -37.7687 -45 17.3829
      vertex -37.7687 -42.5 17.3829
    endloop
  endfacet
  facet normal 0.608679 0 0.793417
    outer loop
      vertex -41.314 -42.5 11.2422
      vertex -41.0649 -45 11.0511
      vertex -41.0649 -42.5 11.0511
    endloop
  endfacet
  facet normal 0.608679 0 0.793417
    outer loop
      vertex -41.0649 -45 11.0511
      vertex -41.314 -42.5 11.2422
      vertex -41.314 -45 11.2422
    endloop
  endfacet
  facet normal -0.461674 0 0.88705
    outer loop
      vertex -37.4786 -42.5 10.7373
      vertex -37.2 -45 10.8823
      vertex -37.2 -42.5 10.8823
    endloop
  endfacet
  facet normal -0.461674 0 0.88705
    outer loop
      vertex -37.2 -45 10.8823
      vertex -37.4786 -42.5 10.7373
      vertex -37.4786 -45 10.7373
    endloop
  endfacet
  facet normal 0.675552 0 -0.737313
    outer loop
      vertex -41.5456 -45 16.5456
      vertex -41.314 -42.5 16.7578
      vertex -41.314 -45 16.7578
    endloop
  endfacet
  facet normal 0.675552 0 -0.737313
    outer loop
      vertex -41.314 -42.5 16.7578
      vertex -41.5456 -45 16.5456
      vertex -41.5456 -42.5 16.5456
    endloop
  endfacet
  facet normal 0.382783 0 0.923838
    outer loop
      vertex -40.5214 -42.5 10.7373
      vertex -40.2313 -45 10.6171
      vertex -40.2313 -42.5 10.6171
    endloop
  endfacet
  facet normal 0.382783 0 0.923838
    outer loop
      vertex -40.2313 -45 10.6171
      vertex -40.5214 -42.5 10.7373
      vertex -40.5214 -45 10.7373
    endloop
  endfacet
  facet normal 0.0436168 0 -0.999048
    outer loop
      vertex -39.3138 -45 17.5863
      vertex -39 -42.5 17.6
      vertex -39 -45 17.6
    endloop
  endfacet
  facet normal 0.0436168 0 -0.999048
    outer loop
      vertex -39 -42.5 17.6
      vertex -39.3138 -45 17.5863
      vertex -39.3138 -42.5 17.5863
    endloop
  endfacet
  facet normal -0.923838 0 0.382783
    outer loop
      vertex -35.7373 -45 12.4786
      vertex -35.6171 -42.5 12.7687
      vertex -35.7373 -42.5 12.4786
    endloop
  endfacet
  facet normal -0.923838 0 0.382783
    outer loop
      vertex -35.6171 -42.5 12.7687
      vertex -35.7373 -45 12.4786
      vertex -35.6171 -45 12.7687
    endloop
  endfacet
  facet normal -0.53739 0 0.843334
    outer loop
      vertex -37.2 -42.5 10.8823
      vertex -36.9351 -45 11.0511
      vertex -36.9351 -42.5 11.0511
    endloop
  endfacet
  facet normal -0.53739 0 0.843334
    outer loop
      vertex -36.9351 -45 11.0511
      vertex -37.2 -42.5 10.8823
      vertex -37.2 -45 10.8823
    endloop
  endfacet
  facet normal 0.999048 0 -0.0436168
    outer loop
      vertex -42.5863 -45 14.3138
      vertex -42.6 -42.5 14
      vertex -42.5863 -42.5 14.3138
    endloop
  endfacet
  facet normal 0.999048 0 -0.0436168
    outer loop
      vertex -42.6 -42.5 14
      vertex -42.5863 -45 14.3138
      vertex -42.6 -45 14
    endloop
  endfacet
  facet normal -0.793417 0 0.608679
    outer loop
      vertex -36.2422 -45 11.686
      vertex -36.0511 -42.5 11.9351
      vertex -36.2422 -42.5 11.686
    endloop
  endfacet
  facet normal -0.793417 0 0.608679
    outer loop
      vertex -36.0511 -42.5 11.9351
      vertex -36.2422 -45 11.686
      vertex -36.0511 -45 11.9351
    endloop
  endfacet
  facet normal 0.976277 -0 0.216526
    outer loop
      vertex -42.5453 -45 13.3749
      vertex -42.4773 -42.5 13.0683
      vertex -42.5453 -42.5 13.3749
    endloop
  endfacet
  facet normal 0.976277 0 0.216526
    outer loop
      vertex -42.4773 -42.5 13.0683
      vertex -42.5453 -45 13.3749
      vertex -42.4773 -45 13.0683
    endloop
  endfacet
  facet normal 0.991438 -0 0.130578
    outer loop
      vertex -42.5863 -45 13.6862
      vertex -42.5453 -42.5 13.3749
      vertex -42.5863 -42.5 13.6862
    endloop
  endfacet
  facet normal 0.991438 0 0.130578
    outer loop
      vertex -42.5453 -42.5 13.3749
      vertex -42.5863 -45 13.6862
      vertex -42.5453 -45 13.3749
    endloop
  endfacet
  facet normal 0.843334 0 -0.53739
    outer loop
      vertex -41.9489 -45 16.0649
      vertex -42.1177 -42.5 15.8
      vertex -41.9489 -42.5 16.0649
    endloop
  endfacet
  facet normal 0.843334 0 -0.53739
    outer loop
      vertex -42.1177 -42.5 15.8
      vertex -41.9489 -45 16.0649
      vertex -42.1177 -45 15.8
    endloop
  endfacet
  facet normal -0.382783 0 0.923838
    outer loop
      vertex -37.7687 -42.5 10.6171
      vertex -37.4786 -45 10.7373
      vertex -37.4786 -42.5 10.7373
    endloop
  endfacet
  facet normal -0.382783 0 0.923838
    outer loop
      vertex -37.4786 -45 10.7373
      vertex -37.7687 -42.5 10.6171
      vertex -37.7687 -45 10.6171
    endloop
  endfacet
  facet normal -0.976277 0 -0.216526
    outer loop
      vertex -35.4547 -45 14.6251
      vertex -35.5227 -42.5 14.9317
      vertex -35.4547 -42.5 14.6251
    endloop
  endfacet
  facet normal -0.976277 -0 -0.216526
    outer loop
      vertex -35.5227 -42.5 14.9317
      vertex -35.4547 -45 14.6251
      vertex -35.5227 -45 14.9317
    endloop
  endfacet
  facet normal -0.843334 0 0.53739
    outer loop
      vertex -36.0511 -45 11.9351
      vertex -35.8823 -42.5 12.2
      vertex -36.0511 -42.5 11.9351
    endloop
  endfacet
  facet normal -0.843334 0 0.53739
    outer loop
      vertex -35.8823 -42.5 12.2
      vertex -36.0511 -45 11.9351
      vertex -35.8823 -45 12.2
    endloop
  endfacet
  facet normal -0.53739 0 -0.843334
    outer loop
      vertex -37.2 -45 17.1177
      vertex -36.9351 -42.5 16.9489
      vertex -36.9351 -45 16.9489
    endloop
  endfacet
  facet normal -0.53739 0 -0.843334
    outer loop
      vertex -36.9351 -42.5 16.9489
      vertex -37.2 -45 17.1177
      vertex -37.2 -42.5 17.1177
    endloop
  endfacet
  facet normal 0.923838 0 -0.382783
    outer loop
      vertex -42.2627 -45 15.5214
      vertex -42.3829 -42.5 15.2313
      vertex -42.2627 -42.5 15.5214
    endloop
  endfacet
  facet normal 0.923838 0 -0.382783
    outer loop
      vertex -42.3829 -42.5 15.2313
      vertex -42.2627 -45 15.5214
      vertex -42.3829 -45 15.2313
    endloop
  endfacet
  facet normal 0.53739 0 0.843334
    outer loop
      vertex -41.0649 -42.5 11.0511
      vertex -40.8 -45 10.8823
      vertex -40.8 -42.5 10.8823
    endloop
  endfacet
  facet normal 0.53739 0 0.843334
    outer loop
      vertex -40.8 -45 10.8823
      vertex -41.0649 -42.5 11.0511
      vertex -41.0649 -45 11.0511
    endloop
  endfacet
  facet normal -0.608679 0 -0.793417
    outer loop
      vertex -36.9351 -45 16.9489
      vertex -36.686 -42.5 16.7578
      vertex -36.686 -45 16.7578
    endloop
  endfacet
  facet normal -0.608679 0 -0.793417
    outer loop
      vertex -36.686 -42.5 16.7578
      vertex -36.9351 -45 16.9489
      vertex -36.9351 -42.5 16.9489
    endloop
  endfacet
  facet normal 0.953775 0 -0.300522
    outer loop
      vertex -42.3829 -45 15.2313
      vertex -42.4773 -42.5 14.9317
      vertex -42.3829 -42.5 15.2313
    endloop
  endfacet
  facet normal 0.953775 0 -0.300522
    outer loop
      vertex -42.4773 -42.5 14.9317
      vertex -42.3829 -45 15.2313
      vertex -42.4773 -45 14.9317
    endloop
  endfacet
  facet normal -0.130578 0 -0.991438
    outer loop
      vertex -38.6862 -45 17.5863
      vertex -38.3749 -42.5 17.5453
      vertex -38.3749 -45 17.5453
    endloop
  endfacet
  facet normal -0.130578 0 -0.991438
    outer loop
      vertex -38.3749 -42.5 17.5453
      vertex -38.6862 -45 17.5863
      vertex -38.6862 -42.5 17.5863
    endloop
  endfacet
  facet normal 0.675552 0 0.737313
    outer loop
      vertex -41.5456 -42.5 11.4544
      vertex -41.314 -45 11.2422
      vertex -41.314 -42.5 11.2422
    endloop
  endfacet
  facet normal 0.675552 0 0.737313
    outer loop
      vertex -41.314 -45 11.2422
      vertex -41.5456 -42.5 11.4544
      vertex -41.5456 -45 11.4544
    endloop
  endfacet
  facet normal -0.991438 0 -0.130578
    outer loop
      vertex -35.4137 -45 14.3138
      vertex -35.4547 -42.5 14.6251
      vertex -35.4137 -42.5 14.3138
    endloop
  endfacet
  facet normal -0.991438 -0 -0.130578
    outer loop
      vertex -35.4547 -42.5 14.6251
      vertex -35.4137 -45 14.3138
      vertex -35.4547 -45 14.6251
    endloop
  endfacet
  facet normal -0.999048 0 -0.0436168
    outer loop
      vertex -35.4 -45 14
      vertex -35.4137 -42.5 14.3138
      vertex -35.4 -42.5 14
    endloop
  endfacet
  facet normal -0.999048 -0 -0.0436168
    outer loop
      vertex -35.4137 -42.5 14.3138
      vertex -35.4 -45 14
      vertex -35.4137 -45 14.3138
    endloop
  endfacet
  facet normal -0.953775 0 0.300522
    outer loop
      vertex -35.6171 -45 12.7687
      vertex -35.5227 -42.5 13.0683
      vertex -35.6171 -42.5 12.7687
    endloop
  endfacet
  facet normal -0.953775 0 0.300522
    outer loop
      vertex -35.5227 -42.5 13.0683
      vertex -35.6171 -45 12.7687
      vertex -35.5227 -45 13.0683
    endloop
  endfacet
  facet normal 0.991438 0 -0.130578
    outer loop
      vertex -42.5453 -45 14.6251
      vertex -42.5863 -42.5 14.3138
      vertex -42.5453 -42.5 14.6251
    endloop
  endfacet
  facet normal 0.991438 0 -0.130578
    outer loop
      vertex -42.5863 -42.5 14.3138
      vertex -42.5453 -45 14.6251
      vertex -42.5863 -45 14.3138
    endloop
  endfacet
  facet normal -0.793417 0 -0.608679
    outer loop
      vertex -36.0511 -45 16.0649
      vertex -36.2422 -42.5 16.314
      vertex -36.0511 -42.5 16.0649
    endloop
  endfacet
  facet normal -0.793417 -0 -0.608679
    outer loop
      vertex -36.2422 -42.5 16.314
      vertex -36.0511 -45 16.0649
      vertex -36.2422 -45 16.314
    endloop
  endfacet
  facet normal 0.461674 0 0.88705
    outer loop
      vertex -40.8 -42.5 10.8823
      vertex -40.5214 -45 10.7373
      vertex -40.5214 -42.5 10.7373
    endloop
  endfacet
  facet normal 0.461674 0 0.88705
    outer loop
      vertex -40.5214 -45 10.7373
      vertex -40.8 -42.5 10.8823
      vertex -40.8 -45 10.8823
    endloop
  endfacet
  facet normal -0.843334 0 -0.53739
    outer loop
      vertex -35.8823 -45 15.8
      vertex -36.0511 -42.5 16.0649
      vertex -35.8823 -42.5 15.8
    endloop
  endfacet
  facet normal -0.843334 -0 -0.53739
    outer loop
      vertex -36.0511 -42.5 16.0649
      vertex -35.8823 -45 15.8
      vertex -36.0511 -45 16.0649
    endloop
  endfacet
  facet normal -0.300522 0 -0.953775
    outer loop
      vertex -38.0683 -45 17.4773
      vertex -37.7687 -42.5 17.3829
      vertex -37.7687 -45 17.3829
    endloop
  endfacet
  facet normal -0.300522 0 -0.953775
    outer loop
      vertex -37.7687 -42.5 17.3829
      vertex -38.0683 -45 17.4773
      vertex -38.0683 -42.5 17.4773
    endloop
  endfacet
  facet normal -0.300522 0 0.953775
    outer loop
      vertex -38.0683 -42.5 10.5227
      vertex -37.7687 -45 10.6171
      vertex -37.7687 -42.5 10.6171
    endloop
  endfacet
  facet normal -0.300522 0 0.953775
    outer loop
      vertex -37.7687 -45 10.6171
      vertex -38.0683 -42.5 10.5227
      vertex -38.0683 -45 10.5227
    endloop
  endfacet
  facet normal -0.216526 0 -0.976277
    outer loop
      vertex -38.3749 -45 17.5453
      vertex -38.0683 -42.5 17.4773
      vertex -38.0683 -45 17.4773
    endloop
  endfacet
  facet normal -0.216526 0 -0.976277
    outer loop
      vertex -38.0683 -42.5 17.4773
      vertex -38.3749 -45 17.5453
      vertex -38.3749 -42.5 17.5453
    endloop
  endfacet
  facet normal 0.216526 0 -0.976277
    outer loop
      vertex -39.9317 -45 17.4773
      vertex -39.6251 -42.5 17.5453
      vertex -39.6251 -45 17.5453
    endloop
  endfacet
  facet normal 0.216526 0 -0.976277
    outer loop
      vertex -39.6251 -42.5 17.5453
      vertex -39.9317 -45 17.4773
      vertex -39.9317 -42.5 17.4773
    endloop
  endfacet
  facet normal -0.737313 0 -0.675552
    outer loop
      vertex -36.2422 -45 16.314
      vertex -36.4544 -42.5 16.5456
      vertex -36.2422 -42.5 16.314
    endloop
  endfacet
  facet normal -0.737313 -0 -0.675552
    outer loop
      vertex -36.4544 -42.5 16.5456
      vertex -36.2422 -45 16.314
      vertex -36.4544 -45 16.5456
    endloop
  endfacet
  facet normal -0.88705 0 0.461674
    outer loop
      vertex -35.8823 -45 12.2
      vertex -35.7373 -42.5 12.4786
      vertex -35.8823 -42.5 12.2
    endloop
  endfacet
  facet normal -0.88705 0 0.461674
    outer loop
      vertex -35.7373 -42.5 12.4786
      vertex -35.8823 -45 12.2
      vertex -35.7373 -45 12.4786
    endloop
  endfacet
  facet normal 0.843334 -0 0.53739
    outer loop
      vertex -42.1177 -45 12.2
      vertex -41.9489 -42.5 11.9351
      vertex -42.1177 -42.5 12.2
    endloop
  endfacet
  facet normal 0.843334 0 0.53739
    outer loop
      vertex -41.9489 -42.5 11.9351
      vertex -42.1177 -45 12.2
      vertex -41.9489 -45 11.9351
    endloop
  endfacet
  facet normal -0.88705 0 -0.461674
    outer loop
      vertex -35.7373 -45 15.5214
      vertex -35.8823 -42.5 15.8
      vertex -35.7373 -42.5 15.5214
    endloop
  endfacet
  facet normal -0.88705 -0 -0.461674
    outer loop
      vertex -35.8823 -42.5 15.8
      vertex -35.7373 -45 15.5214
      vertex -35.8823 -45 15.8
    endloop
  endfacet
  facet normal -0.0436168 0 -0.999048
    outer loop
      vertex -39 -45 17.6
      vertex -38.6862 -42.5 17.5863
      vertex -38.6862 -45 17.5863
    endloop
  endfacet
  facet normal -0.0436168 0 -0.999048
    outer loop
      vertex -38.6862 -42.5 17.5863
      vertex -39 -45 17.6
      vertex -39 -42.5 17.6
    endloop
  endfacet
  facet normal 0.130578 0 -0.991438
    outer loop
      vertex -39.6251 -45 17.5453
      vertex -39.3138 -42.5 17.5863
      vertex -39.3138 -45 17.5863
    endloop
  endfacet
  facet normal 0.130578 0 -0.991438
    outer loop
      vertex -39.3138 -42.5 17.5863
      vertex -39.6251 -45 17.5453
      vertex -39.6251 -42.5 17.5453
    endloop
  endfacet
  facet normal 0.216526 0 0.976277
    outer loop
      vertex -39.9317 -42.5 10.5227
      vertex -39.6251 -45 10.4547
      vertex -39.6251 -42.5 10.4547
    endloop
  endfacet
  facet normal 0.216526 0 0.976277
    outer loop
      vertex -39.6251 -45 10.4547
      vertex -39.9317 -42.5 10.5227
      vertex -39.9317 -45 10.5227
    endloop
  endfacet
  facet normal 0.130578 0 0.991438
    outer loop
      vertex -39.6251 -42.5 10.4547
      vertex -39.3138 -45 10.4137
      vertex -39.3138 -42.5 10.4137
    endloop
  endfacet
  facet normal 0.130578 0 0.991438
    outer loop
      vertex -39.3138 -45 10.4137
      vertex -39.6251 -42.5 10.4547
      vertex -39.6251 -45 10.4547
    endloop
  endfacet
  facet normal -0.675552 0 0.737313
    outer loop
      vertex -36.686 -42.5 11.2422
      vertex -36.4544 -45 11.4544
      vertex -36.4544 -42.5 11.4544
    endloop
  endfacet
  facet normal -0.675552 0 0.737313
    outer loop
      vertex -36.4544 -45 11.4544
      vertex -36.686 -42.5 11.2422
      vertex -36.686 -45 11.2422
    endloop
  endfacet
  facet normal 0.300522 0 0.953775
    outer loop
      vertex -40.2313 -42.5 10.6171
      vertex -39.9317 -45 10.5227
      vertex -39.9317 -42.5 10.5227
    endloop
  endfacet
  facet normal 0.300522 0 0.953775
    outer loop
      vertex -39.9317 -45 10.5227
      vertex -40.2313 -42.5 10.6171
      vertex -40.2313 -45 10.6171
    endloop
  endfacet
  facet normal -0.923838 0 -0.382783
    outer loop
      vertex -35.6171 -45 15.2313
      vertex -35.7373 -42.5 15.5214
      vertex -35.6171 -42.5 15.2313
    endloop
  endfacet
  facet normal -0.923838 -0 -0.382783
    outer loop
      vertex -35.7373 -42.5 15.5214
      vertex -35.6171 -45 15.2313
      vertex -35.7373 -45 15.5214
    endloop
  endfacet
  facet normal -0.675552 0 -0.737313
    outer loop
      vertex -36.686 -45 16.7578
      vertex -36.4544 -42.5 16.5456
      vertex -36.4544 -45 16.5456
    endloop
  endfacet
  facet normal -0.675552 0 -0.737313
    outer loop
      vertex -36.4544 -42.5 16.5456
      vertex -36.686 -45 16.7578
      vertex -36.686 -42.5 16.7578
    endloop
  endfacet
  facet normal 0.88705 0 -0.461674
    outer loop
      vertex -42.1177 -45 15.8
      vertex -42.2627 -42.5 15.5214
      vertex -42.1177 -42.5 15.8
    endloop
  endfacet
  facet normal 0.88705 0 -0.461674
    outer loop
      vertex -42.2627 -42.5 15.5214
      vertex -42.1177 -45 15.8
      vertex -42.2627 -45 15.5214
    endloop
  endfacet
  facet normal 0.793417 -0 0.608679
    outer loop
      vertex -41.9489 -45 11.9351
      vertex -41.7578 -42.5 11.686
      vertex -41.9489 -42.5 11.9351
    endloop
  endfacet
  facet normal 0.793417 0 0.608679
    outer loop
      vertex -41.7578 -42.5 11.686
      vertex -41.9489 -45 11.9351
      vertex -41.7578 -45 11.686
    endloop
  endfacet
  facet normal -0.737313 0 0.675552
    outer loop
      vertex -36.4544 -45 11.4544
      vertex -36.2422 -42.5 11.686
      vertex -36.4544 -42.5 11.4544
    endloop
  endfacet
  facet normal -0.737313 0 0.675552
    outer loop
      vertex -36.2422 -42.5 11.686
      vertex -36.4544 -45 11.4544
      vertex -36.2422 -45 11.686
    endloop
  endfacet
  facet normal 0.88705 -0 0.461674
    outer loop
      vertex -42.2627 -45 12.4786
      vertex -42.1177 -42.5 12.2
      vertex -42.2627 -42.5 12.4786
    endloop
  endfacet
  facet normal 0.88705 0 0.461674
    outer loop
      vertex -42.1177 -42.5 12.2
      vertex -42.2627 -45 12.4786
      vertex -42.1177 -45 12.2
    endloop
  endfacet
  facet normal 0.737313 0 -0.675552
    outer loop
      vertex -41.5456 -45 16.5456
      vertex -41.7578 -42.5 16.314
      vertex -41.5456 -42.5 16.5456
    endloop
  endfacet
  facet normal 0.737313 0 -0.675552
    outer loop
      vertex -41.7578 -42.5 16.314
      vertex -41.5456 -45 16.5456
      vertex -41.7578 -45 16.314
    endloop
  endfacet
  facet normal 0.793417 0 -0.608679
    outer loop
      vertex -41.7578 -45 16.314
      vertex -41.9489 -42.5 16.0649
      vertex -41.7578 -42.5 16.314
    endloop
  endfacet
  facet normal 0.793417 0 -0.608679
    outer loop
      vertex -41.9489 -42.5 16.0649
      vertex -41.7578 -45 16.314
      vertex -41.9489 -45 16.0649
    endloop
  endfacet
  facet normal 0.300522 0 -0.953775
    outer loop
      vertex -40.2313 -45 17.3829
      vertex -39.9317 -42.5 17.4773
      vertex -39.9317 -45 17.4773
    endloop
  endfacet
  facet normal 0.300522 0 -0.953775
    outer loop
      vertex -39.9317 -42.5 17.4773
      vertex -40.2313 -45 17.3829
      vertex -40.2313 -42.5 17.3829
    endloop
  endfacet
  facet normal -0.461674 0 -0.88705
    outer loop
      vertex -37.4786 -45 17.2627
      vertex -37.2 -42.5 17.1177
      vertex -37.2 -45 17.1177
    endloop
  endfacet
  facet normal -0.461674 0 -0.88705
    outer loop
      vertex -37.2 -42.5 17.1177
      vertex -37.4786 -45 17.2627
      vertex -37.4786 -42.5 17.2627
    endloop
  endfacet
  facet normal -0.0436168 0 0.999048
    outer loop
      vertex -39 -42.5 10.4
      vertex -38.6862 -45 10.4137
      vertex -38.6862 -42.5 10.4137
    endloop
  endfacet
  facet normal -0.0436168 0 0.999048
    outer loop
      vertex -38.6862 -45 10.4137
      vertex -39 -42.5 10.4
      vertex -39 -45 10.4
    endloop
  endfacet
  facet normal 0.608679 0 -0.793417
    outer loop
      vertex -41.314 -45 16.7578
      vertex -41.0649 -42.5 16.9489
      vertex -41.0649 -45 16.9489
    endloop
  endfacet
  facet normal 0.608679 0 -0.793417
    outer loop
      vertex -41.0649 -42.5 16.9489
      vertex -41.314 -45 16.7578
      vertex -41.314 -42.5 16.7578
    endloop
  endfacet
  facet normal -0.953775 0 -0.300522
    outer loop
      vertex -35.5227 -45 14.9317
      vertex -35.6171 -42.5 15.2313
      vertex -35.5227 -42.5 14.9317
    endloop
  endfacet
  facet normal -0.953775 -0 -0.300522
    outer loop
      vertex -35.6171 -42.5 15.2313
      vertex -35.5227 -45 14.9317
      vertex -35.6171 -45 15.2313
    endloop
  endfacet
  facet normal -0.130578 0 0.991438
    outer loop
      vertex -38.6862 -42.5 10.4137
      vertex -38.3749 -45 10.4547
      vertex -38.3749 -42.5 10.4547
    endloop
  endfacet
  facet normal -0.130578 0 0.991438
    outer loop
      vertex -38.3749 -45 10.4547
      vertex -38.6862 -42.5 10.4137
      vertex -38.6862 -45 10.4137
    endloop
  endfacet
  facet normal 0.0436168 0 0.999048
    outer loop
      vertex -39.3138 -42.5 10.4137
      vertex -39 -45 10.4
      vertex -39 -42.5 10.4
    endloop
  endfacet
  facet normal 0.0436168 0 0.999048
    outer loop
      vertex -39 -45 10.4
      vertex -39.3138 -42.5 10.4137
      vertex -39.3138 -45 10.4137
    endloop
  endfacet
  facet normal 0.976277 0 -0.216526
    outer loop
      vertex -42.4773 -45 14.9317
      vertex -42.5453 -42.5 14.6251
      vertex -42.4773 -42.5 14.9317
    endloop
  endfacet
  facet normal 0.976277 0 -0.216526
    outer loop
      vertex -42.5453 -42.5 14.6251
      vertex -42.4773 -45 14.9317
      vertex -42.5453 -45 14.6251
    endloop
  endfacet
  facet normal 0.382783 0 -0.923838
    outer loop
      vertex -40.5214 -45 17.2627
      vertex -40.2313 -42.5 17.3829
      vertex -40.2313 -45 17.3829
    endloop
  endfacet
  facet normal 0.382783 0 -0.923838
    outer loop
      vertex -40.2313 -42.5 17.3829
      vertex -40.5214 -45 17.2627
      vertex -40.5214 -42.5 17.2627
    endloop
  endfacet
  facet normal 0.999048 -0 0.0436168
    outer loop
      vertex -42.6 -45 14
      vertex -42.5863 -42.5 13.6862
      vertex -42.6 -42.5 14
    endloop
  endfacet
  facet normal 0.999048 0 0.0436168
    outer loop
      vertex -42.5863 -42.5 13.6862
      vertex -42.6 -45 14
      vertex -42.5863 -45 13.6862
    endloop
  endfacet
  facet normal 0.923838 -0 0.382783
    outer loop
      vertex -42.3829 -45 12.7687
      vertex -42.2627 -42.5 12.4786
      vertex -42.3829 -42.5 12.7687
    endloop
  endfacet
  facet normal 0.923838 0 0.382783
    outer loop
      vertex -42.2627 -42.5 12.4786
      vertex -42.3829 -45 12.7687
      vertex -42.2627 -45 12.4786
    endloop
  endfacet
  facet normal -0.216526 0 0.976277
    outer loop
      vertex -38.3749 -42.5 10.4547
      vertex -38.0683 -45 10.5227
      vertex -38.0683 -42.5 10.5227
    endloop
  endfacet
  facet normal -0.216526 0 0.976277
    outer loop
      vertex -38.0683 -45 10.5227
      vertex -38.3749 -42.5 10.4547
      vertex -38.3749 -45 10.4547
    endloop
  endfacet
  facet normal 0.953775 -0 0.300522
    outer loop
      vertex -42.4773 -45 13.0683
      vertex -42.3829 -42.5 12.7687
      vertex -42.4773 -42.5 13.0683
    endloop
  endfacet
  facet normal 0.953775 0 0.300522
    outer loop
      vertex -42.3829 -42.5 12.7687
      vertex -42.4773 -45 13.0683
      vertex -42.3829 -45 12.7687
    endloop
  endfacet
  facet normal 0.461674 0 -0.88705
    outer loop
      vertex -40.8 -45 17.1177
      vertex -40.5214 -42.5 17.2627
      vertex -40.5214 -45 17.2627
    endloop
  endfacet
  facet normal 0.461674 0 -0.88705
    outer loop
      vertex -40.5214 -42.5 17.2627
      vertex -40.8 -45 17.1177
      vertex -40.8 -42.5 17.1177
    endloop
  endfacet
  facet normal 0.53739 0 -0.843334
    outer loop
      vertex -41.0649 -45 16.9489
      vertex -40.8 -42.5 17.1177
      vertex -40.8 -45 17.1177
    endloop
  endfacet
  facet normal 0.53739 0 -0.843334
    outer loop
      vertex -40.8 -42.5 17.1177
      vertex -41.0649 -45 16.9489
      vertex -41.0649 -42.5 16.9489
    endloop
  endfacet
  facet normal -0.991442 0 0.130547
    outer loop
      vertex -9.45469 -45 13.3749
      vertex -9.4137 -42.5 13.6862
      vertex -9.45469 -42.5 13.3749
    endloop
  endfacet
  facet normal -0.991442 0 0.130547
    outer loop
      vertex -9.4137 -42.5 13.6862
      vertex -9.45469 -45 13.3749
      vertex -9.4137 -45 13.6862
    endloop
  endfacet
  facet normal -0.999048 0 0.0436168
    outer loop
      vertex -9.4137 -45 13.6862
      vertex -9.4 -42.5 14
      vertex -9.4137 -42.5 13.6862
    endloop
  endfacet
  facet normal -0.999048 0 0.0436168
    outer loop
      vertex -9.4 -42.5 14
      vertex -9.4137 -45 13.6862
      vertex -9.4 -45 14
    endloop
  endfacet
  facet normal -0.97629 0 0.216465
    outer loop
      vertex -9.52267 -45 13.0683
      vertex -9.45469 -42.5 13.3749
      vertex -9.52267 -42.5 13.0683
    endloop
  endfacet
  facet normal -0.97629 0 0.216465
    outer loop
      vertex -9.45469 -42.5 13.3749
      vertex -9.52267 -45 13.0683
      vertex -9.45469 -45 13.3749
    endloop
  endfacet
  facet normal -0.608679 0 0.793417
    outer loop
      vertex -10.9351 -42.5 11.0511
      vertex -10.686 -45 11.2422
      vertex -10.686 -42.5 11.2422
    endloop
  endfacet
  facet normal -0.608679 0 0.793417
    outer loop
      vertex -10.686 -45 11.2422
      vertex -10.9351 -42.5 11.0511
      vertex -10.9351 -45 11.0511
    endloop
  endfacet
  facet normal 0.737313 -0 0.675552
    outer loop
      vertex -15.7578 -45 11.686
      vertex -15.5456 -42.5 11.4544
      vertex -15.7578 -42.5 11.686
    endloop
  endfacet
  facet normal 0.737313 0 0.675552
    outer loop
      vertex -15.5456 -42.5 11.4544
      vertex -15.7578 -45 11.686
      vertex -15.5456 -45 11.4544
    endloop
  endfacet
  facet normal -0.382783 0 -0.923838
    outer loop
      vertex -11.7687 -45 17.3829
      vertex -11.4786 -42.5 17.2627
      vertex -11.4786 -45 17.2627
    endloop
  endfacet
  facet normal -0.382783 0 -0.923838
    outer loop
      vertex -11.4786 -42.5 17.2627
      vertex -11.7687 -45 17.3829
      vertex -11.7687 -42.5 17.3829
    endloop
  endfacet
  facet normal 0.608679 0 0.793417
    outer loop
      vertex -15.314 -42.5 11.2422
      vertex -15.0649 -45 11.0511
      vertex -15.0649 -42.5 11.0511
    endloop
  endfacet
  facet normal 0.608679 0 0.793417
    outer loop
      vertex -15.0649 -45 11.0511
      vertex -15.314 -42.5 11.2422
      vertex -15.314 -45 11.2422
    endloop
  endfacet
  facet normal -0.461674 0 0.88705
    outer loop
      vertex -11.4786 -42.5 10.7373
      vertex -11.2 -45 10.8823
      vertex -11.2 -42.5 10.8823
    endloop
  endfacet
  facet normal -0.461674 0 0.88705
    outer loop
      vertex -11.2 -45 10.8823
      vertex -11.4786 -42.5 10.7373
      vertex -11.4786 -45 10.7373
    endloop
  endfacet
  facet normal 0.675552 0 -0.737313
    outer loop
      vertex -15.5456 -45 16.5456
      vertex -15.314 -42.5 16.7578
      vertex -15.314 -45 16.7578
    endloop
  endfacet
  facet normal 0.675552 0 -0.737313
    outer loop
      vertex -15.314 -42.5 16.7578
      vertex -15.5456 -45 16.5456
      vertex -15.5456 -42.5 16.5456
    endloop
  endfacet
  facet normal 0.382783 0 0.923838
    outer loop
      vertex -14.5214 -42.5 10.7373
      vertex -14.2313 -45 10.6171
      vertex -14.2313 -42.5 10.6171
    endloop
  endfacet
  facet normal 0.382783 0 0.923838
    outer loop
      vertex -14.2313 -45 10.6171
      vertex -14.5214 -42.5 10.7373
      vertex -14.5214 -45 10.7373
    endloop
  endfacet
  facet normal 0.0436168 0 -0.999048
    outer loop
      vertex -13.3138 -45 17.5863
      vertex -13 -42.5 17.6
      vertex -13 -45 17.6
    endloop
  endfacet
  facet normal 0.0436168 0 -0.999048
    outer loop
      vertex -13 -42.5 17.6
      vertex -13.3138 -45 17.5863
      vertex -13.3138 -42.5 17.5863
    endloop
  endfacet
  facet normal -0.923861 0 0.382729
    outer loop
      vertex -9.73729 -45 12.4786
      vertex -9.61711 -42.5 12.7687
      vertex -9.73729 -42.5 12.4786
    endloop
  endfacet
  facet normal -0.923861 0 0.382729
    outer loop
      vertex -9.61711 -42.5 12.7687
      vertex -9.73729 -45 12.4786
      vertex -9.61711 -45 12.7687
    endloop
  endfacet
  facet normal -0.53739 0 0.843334
    outer loop
      vertex -11.2 -42.5 10.8823
      vertex -10.9351 -45 11.0511
      vertex -10.9351 -42.5 11.0511
    endloop
  endfacet
  facet normal -0.53739 0 0.843334
    outer loop
      vertex -10.9351 -45 11.0511
      vertex -11.2 -42.5 10.8823
      vertex -11.2 -45 10.8823
    endloop
  endfacet
  facet normal 0.999048 0 -0.0436168
    outer loop
      vertex -16.5863 -45 14.3138
      vertex -16.6 -42.5 14
      vertex -16.5863 -42.5 14.3138
    endloop
  endfacet
  facet normal 0.999048 0 -0.0436168
    outer loop
      vertex -16.6 -42.5 14
      vertex -16.5863 -45 14.3138
      vertex -16.6 -45 14
    endloop
  endfacet
  facet normal -0.793417 0 0.608679
    outer loop
      vertex -10.2422 -45 11.686
      vertex -10.0511 -42.5 11.9351
      vertex -10.2422 -42.5 11.686
    endloop
  endfacet
  facet normal -0.793417 0 0.608679
    outer loop
      vertex -10.0511 -42.5 11.9351
      vertex -10.2422 -45 11.686
      vertex -10.0511 -45 11.9351
    endloop
  endfacet
  facet normal 0.976277 -0 0.216526
    outer loop
      vertex -16.5453 -45 13.3749
      vertex -16.4773 -42.5 13.0683
      vertex -16.5453 -42.5 13.3749
    endloop
  endfacet
  facet normal 0.976277 0 0.216526
    outer loop
      vertex -16.4773 -42.5 13.0683
      vertex -16.5453 -45 13.3749
      vertex -16.4773 -45 13.0683
    endloop
  endfacet
  facet normal 0.991438 -0 0.130578
    outer loop
      vertex -16.5863 -45 13.6862
      vertex -16.5453 -42.5 13.3749
      vertex -16.5863 -42.5 13.6862
    endloop
  endfacet
  facet normal 0.991438 0 0.130578
    outer loop
      vertex -16.5453 -42.5 13.3749
      vertex -16.5863 -45 13.6862
      vertex -16.5453 -45 13.3749
    endloop
  endfacet
  facet normal 0.843334 0 -0.53739
    outer loop
      vertex -15.9489 -45 16.0649
      vertex -16.1177 -42.5 15.8
      vertex -15.9489 -42.5 16.0649
    endloop
  endfacet
  facet normal 0.843334 0 -0.53739
    outer loop
      vertex -16.1177 -42.5 15.8
      vertex -15.9489 -45 16.0649
      vertex -16.1177 -45 15.8
    endloop
  endfacet
  facet normal -0.382783 0 0.923838
    outer loop
      vertex -11.7687 -42.5 10.6171
      vertex -11.4786 -45 10.7373
      vertex -11.4786 -42.5 10.7373
    endloop
  endfacet
  facet normal -0.382783 0 0.923838
    outer loop
      vertex -11.4786 -45 10.7373
      vertex -11.7687 -42.5 10.6171
      vertex -11.7687 -45 10.6171
    endloop
  endfacet
  facet normal -0.97629 0 -0.216465
    outer loop
      vertex -9.45469 -45 14.6251
      vertex -9.52267 -42.5 14.9317
      vertex -9.45469 -42.5 14.6251
    endloop
  endfacet
  facet normal -0.97629 -0 -0.216465
    outer loop
      vertex -9.52267 -42.5 14.9317
      vertex -9.45469 -45 14.6251
      vertex -9.52267 -45 14.9317
    endloop
  endfacet
  facet normal -0.843348 0 0.537368
    outer loop
      vertex -10.0511 -45 11.9351
      vertex -9.88231 -42.5 12.2
      vertex -10.0511 -42.5 11.9351
    endloop
  endfacet
  facet normal -0.843348 0 0.537368
    outer loop
      vertex -9.88231 -42.5 12.2
      vertex -10.0511 -45 11.9351
      vertex -9.88231 -45 12.2
    endloop
  endfacet
  facet normal -0.53739 0 -0.843334
    outer loop
      vertex -11.2 -45 17.1177
      vertex -10.9351 -42.5 16.9489
      vertex -10.9351 -45 16.9489
    endloop
  endfacet
  facet normal -0.53739 0 -0.843334
    outer loop
      vertex -10.9351 -42.5 16.9489
      vertex -11.2 -45 17.1177
      vertex -11.2 -42.5 17.1177
    endloop
  endfacet
  facet normal 0.923838 0 -0.382783
    outer loop
      vertex -16.2627 -45 15.5214
      vertex -16.3829 -42.5 15.2313
      vertex -16.2627 -42.5 15.5214
    endloop
  endfacet
  facet normal 0.923838 0 -0.382783
    outer loop
      vertex -16.3829 -42.5 15.2313
      vertex -16.2627 -45 15.5214
      vertex -16.3829 -45 15.2313
    endloop
  endfacet
  facet normal 0.53739 0 0.843334
    outer loop
      vertex -15.0649 -42.5 11.0511
      vertex -14.8 -45 10.8823
      vertex -14.8 -42.5 10.8823
    endloop
  endfacet
  facet normal 0.53739 0 0.843334
    outer loop
      vertex -14.8 -45 10.8823
      vertex -15.0649 -42.5 11.0511
      vertex -15.0649 -45 11.0511
    endloop
  endfacet
  facet normal -0.608679 0 -0.793417
    outer loop
      vertex -10.9351 -45 16.9489
      vertex -10.686 -42.5 16.7578
      vertex -10.686 -45 16.7578
    endloop
  endfacet
  facet normal -0.608679 0 -0.793417
    outer loop
      vertex -10.686 -42.5 16.7578
      vertex -10.9351 -45 16.9489
      vertex -10.9351 -42.5 16.9489
    endloop
  endfacet
  facet normal 0.953775 0 -0.300522
    outer loop
      vertex -16.3829 -45 15.2313
      vertex -16.4773 -42.5 14.9317
      vertex -16.3829 -42.5 15.2313
    endloop
  endfacet
  facet normal 0.953775 0 -0.300522
    outer loop
      vertex -16.4773 -42.5 14.9317
      vertex -16.3829 -45 15.2313
      vertex -16.4773 -45 14.9317
    endloop
  endfacet
  facet normal -0.130578 0 -0.991438
    outer loop
      vertex -12.6862 -45 17.5863
      vertex -12.3749 -42.5 17.5453
      vertex -12.3749 -45 17.5453
    endloop
  endfacet
  facet normal -0.130578 0 -0.991438
    outer loop
      vertex -12.3749 -42.5 17.5453
      vertex -12.6862 -45 17.5863
      vertex -12.6862 -42.5 17.5863
    endloop
  endfacet
  facet normal -0.216526 0 0.976277
    outer loop
      vertex -12.3749 -42.5 10.4547
      vertex -12.0683 -45 10.5227
      vertex -12.0683 -42.5 10.5227
    endloop
  endfacet
  facet normal -0.216526 0 0.976277
    outer loop
      vertex -12.0683 -45 10.5227
      vertex -12.3749 -42.5 10.4547
      vertex -12.3749 -45 10.4547
    endloop
  endfacet
  facet normal 0.675552 0 0.737313
    outer loop
      vertex -15.5456 -42.5 11.4544
      vertex -15.314 -45 11.2422
      vertex -15.314 -42.5 11.2422
    endloop
  endfacet
  facet normal 0.675552 0 0.737313
    outer loop
      vertex -15.314 -45 11.2422
      vertex -15.5456 -42.5 11.4544
      vertex -15.5456 -45 11.4544
    endloop
  endfacet
  facet normal -0.991442 0 -0.130547
    outer loop
      vertex -9.4137 -45 14.3138
      vertex -9.45469 -42.5 14.6251
      vertex -9.4137 -42.5 14.3138
    endloop
  endfacet
  facet normal -0.991442 -0 -0.130547
    outer loop
      vertex -9.45469 -42.5 14.6251
      vertex -9.4137 -45 14.3138
      vertex -9.45469 -45 14.6251
    endloop
  endfacet
  facet normal -0.999048 0 -0.0436168
    outer loop
      vertex -9.4 -45 14
      vertex -9.4137 -42.5 14.3138
      vertex -9.4 -42.5 14
    endloop
  endfacet
  facet normal -0.999048 -0 -0.0436168
    outer loop
      vertex -9.4137 -42.5 14.3138
      vertex -9.4 -45 14
      vertex -9.4137 -45 14.3138
    endloop
  endfacet
  facet normal -0.953738 0 0.300638
    outer loop
      vertex -9.61711 -45 12.7687
      vertex -9.52267 -42.5 13.0683
      vertex -9.61711 -42.5 12.7687
    endloop
  endfacet
  facet normal -0.953738 0 0.300638
    outer loop
      vertex -9.52267 -42.5 13.0683
      vertex -9.61711 -45 12.7687
      vertex -9.52267 -45 13.0683
    endloop
  endfacet
  facet normal 0.991438 0 -0.130578
    outer loop
      vertex -16.5453 -45 14.6251
      vertex -16.5863 -42.5 14.3138
      vertex -16.5453 -42.5 14.6251
    endloop
  endfacet
  facet normal 0.991438 0 -0.130578
    outer loop
      vertex -16.5863 -42.5 14.3138
      vertex -16.5453 -45 14.6251
      vertex -16.5863 -45 14.3138
    endloop
  endfacet
  facet normal -0.793417 0 -0.608679
    outer loop
      vertex -10.0511 -45 16.0649
      vertex -10.2422 -42.5 16.314
      vertex -10.0511 -42.5 16.0649
    endloop
  endfacet
  facet normal -0.793417 -0 -0.608679
    outer loop
      vertex -10.2422 -42.5 16.314
      vertex -10.0511 -45 16.0649
      vertex -10.2422 -45 16.314
    endloop
  endfacet
  facet normal 0.461674 0 0.88705
    outer loop
      vertex -14.8 -42.5 10.8823
      vertex -14.5214 -45 10.7373
      vertex -14.5214 -42.5 10.7373
    endloop
  endfacet
  facet normal 0.461674 0 0.88705
    outer loop
      vertex -14.5214 -45 10.7373
      vertex -14.8 -42.5 10.8823
      vertex -14.8 -45 10.8823
    endloop
  endfacet
  facet normal -0.843348 0 -0.537368
    outer loop
      vertex -9.88231 -45 15.8
      vertex -10.0511 -42.5 16.0649
      vertex -9.88231 -42.5 15.8
    endloop
  endfacet
  facet normal -0.843348 -0 -0.537368
    outer loop
      vertex -10.0511 -42.5 16.0649
      vertex -9.88231 -45 15.8
      vertex -10.0511 -45 16.0649
    endloop
  endfacet
  facet normal -0.300522 0 -0.953775
    outer loop
      vertex -12.0683 -45 17.4773
      vertex -11.7687 -42.5 17.3829
      vertex -11.7687 -45 17.3829
    endloop
  endfacet
  facet normal -0.300522 0 -0.953775
    outer loop
      vertex -11.7687 -42.5 17.3829
      vertex -12.0683 -45 17.4773
      vertex -12.0683 -42.5 17.4773
    endloop
  endfacet
  facet normal -0.300522 0 0.953775
    outer loop
      vertex -12.0683 -42.5 10.5227
      vertex -11.7687 -45 10.6171
      vertex -11.7687 -42.5 10.6171
    endloop
  endfacet
  facet normal -0.300522 0 0.953775
    outer loop
      vertex -11.7687 -45 10.6171
      vertex -12.0683 -42.5 10.5227
      vertex -12.0683 -45 10.5227
    endloop
  endfacet
  facet normal -0.216526 0 -0.976277
    outer loop
      vertex -12.3749 -45 17.5453
      vertex -12.0683 -42.5 17.4773
      vertex -12.0683 -45 17.4773
    endloop
  endfacet
  facet normal -0.216526 0 -0.976277
    outer loop
      vertex -12.0683 -42.5 17.4773
      vertex -12.3749 -45 17.5453
      vertex -12.3749 -42.5 17.5453
    endloop
  endfacet
  facet normal 0.216526 0 -0.976277
    outer loop
      vertex -13.9317 -45 17.4773
      vertex -13.6251 -42.5 17.5453
      vertex -13.6251 -45 17.5453
    endloop
  endfacet
  facet normal 0.216526 0 -0.976277
    outer loop
      vertex -13.6251 -42.5 17.5453
      vertex -13.9317 -45 17.4773
      vertex -13.9317 -42.5 17.4773
    endloop
  endfacet
  facet normal -0.737313 0 -0.675552
    outer loop
      vertex -10.2422 -45 16.314
      vertex -10.4544 -42.5 16.5456
      vertex -10.2422 -42.5 16.314
    endloop
  endfacet
  facet normal -0.737313 -0 -0.675552
    outer loop
      vertex -10.4544 -42.5 16.5456
      vertex -10.2422 -45 16.314
      vertex -10.4544 -45 16.5456
    endloop
  endfacet
  facet normal -0.887024 0 0.461724
    outer loop
      vertex -9.88231 -45 12.2
      vertex -9.73729 -42.5 12.4786
      vertex -9.88231 -42.5 12.2
    endloop
  endfacet
  facet normal -0.887024 0 0.461724
    outer loop
      vertex -9.73729 -42.5 12.4786
      vertex -9.88231 -45 12.2
      vertex -9.73729 -45 12.4786
    endloop
  endfacet
  facet normal 0.843334 -0 0.53739
    outer loop
      vertex -16.1177 -45 12.2
      vertex -15.9489 -42.5 11.9351
      vertex -16.1177 -42.5 12.2
    endloop
  endfacet
  facet normal 0.843334 0 0.53739
    outer loop
      vertex -15.9489 -42.5 11.9351
      vertex -16.1177 -45 12.2
      vertex -15.9489 -45 11.9351
    endloop
  endfacet
  facet normal -0.887024 0 -0.461724
    outer loop
      vertex -9.73729 -45 15.5214
      vertex -9.88231 -42.5 15.8
      vertex -9.73729 -42.5 15.5214
    endloop
  endfacet
  facet normal -0.887024 -0 -0.461724
    outer loop
      vertex -9.88231 -42.5 15.8
      vertex -9.73729 -45 15.5214
      vertex -9.88231 -45 15.8
    endloop
  endfacet
  facet normal -0.0436168 0 -0.999048
    outer loop
      vertex -13 -45 17.6
      vertex -12.6862 -42.5 17.5863
      vertex -12.6862 -45 17.5863
    endloop
  endfacet
  facet normal -0.0436168 0 -0.999048
    outer loop
      vertex -12.6862 -42.5 17.5863
      vertex -13 -45 17.6
      vertex -13 -42.5 17.6
    endloop
  endfacet
  facet normal 0.130578 0 -0.991438
    outer loop
      vertex -13.6251 -45 17.5453
      vertex -13.3138 -42.5 17.5863
      vertex -13.3138 -45 17.5863
    endloop
  endfacet
  facet normal 0.130578 0 -0.991438
    outer loop
      vertex -13.3138 -42.5 17.5863
      vertex -13.6251 -45 17.5453
      vertex -13.6251 -42.5 17.5453
    endloop
  endfacet
  facet normal 0.216526 0 0.976277
    outer loop
      vertex -13.9317 -42.5 10.5227
      vertex -13.6251 -45 10.4547
      vertex -13.6251 -42.5 10.4547
    endloop
  endfacet
  facet normal 0.216526 0 0.976277
    outer loop
      vertex -13.6251 -45 10.4547
      vertex -13.9317 -42.5 10.5227
      vertex -13.9317 -45 10.5227
    endloop
  endfacet
  facet normal 0.130578 0 0.991438
    outer loop
      vertex -13.6251 -42.5 10.4547
      vertex -13.3138 -45 10.4137
      vertex -13.3138 -42.5 10.4137
    endloop
  endfacet
  facet normal 0.130578 0 0.991438
    outer loop
      vertex -13.3138 -45 10.4137
      vertex -13.6251 -42.5 10.4547
      vertex -13.6251 -45 10.4547
    endloop
  endfacet
  facet normal -0.675552 0 0.737313
    outer loop
      vertex -10.686 -42.5 11.2422
      vertex -10.4544 -45 11.4544
      vertex -10.4544 -42.5 11.4544
    endloop
  endfacet
  facet normal -0.675552 0 0.737313
    outer loop
      vertex -10.4544 -45 11.4544
      vertex -10.686 -42.5 11.2422
      vertex -10.686 -45 11.2422
    endloop
  endfacet
  facet normal 0.300522 0 0.953775
    outer loop
      vertex -14.2313 -42.5 10.6171
      vertex -13.9317 -45 10.5227
      vertex -13.9317 -42.5 10.5227
    endloop
  endfacet
  facet normal 0.300522 0 0.953775
    outer loop
      vertex -13.9317 -45 10.5227
      vertex -14.2313 -42.5 10.6171
      vertex -14.2313 -45 10.6171
    endloop
  endfacet
  facet normal -0.923861 0 -0.382729
    outer loop
      vertex -9.61711 -45 15.2313
      vertex -9.73729 -42.5 15.5214
      vertex -9.61711 -42.5 15.2313
    endloop
  endfacet
  facet normal -0.923861 -0 -0.382729
    outer loop
      vertex -9.73729 -42.5 15.5214
      vertex -9.61711 -45 15.2313
      vertex -9.73729 -45 15.5214
    endloop
  endfacet
  facet normal -0.675552 0 -0.737313
    outer loop
      vertex -10.686 -45 16.7578
      vertex -10.4544 -42.5 16.5456
      vertex -10.4544 -45 16.5456
    endloop
  endfacet
  facet normal -0.675552 0 -0.737313
    outer loop
      vertex -10.4544 -42.5 16.5456
      vertex -10.686 -45 16.7578
      vertex -10.686 -42.5 16.7578
    endloop
  endfacet
  facet normal 0.88705 0 -0.461674
    outer loop
      vertex -16.1177 -45 15.8
      vertex -16.2627 -42.5 15.5214
      vertex -16.1177 -42.5 15.8
    endloop
  endfacet
  facet normal 0.88705 0 -0.461674
    outer loop
      vertex -16.2627 -42.5 15.5214
      vertex -16.1177 -45 15.8
      vertex -16.2627 -45 15.5214
    endloop
  endfacet
  facet normal 0.793417 -0 0.608679
    outer loop
      vertex -15.9489 -45 11.9351
      vertex -15.7578 -42.5 11.686
      vertex -15.9489 -42.5 11.9351
    endloop
  endfacet
  facet normal 0.793417 0 0.608679
    outer loop
      vertex -15.7578 -42.5 11.686
      vertex -15.9489 -45 11.9351
      vertex -15.7578 -45 11.686
    endloop
  endfacet
  facet normal -0.737313 0 0.675552
    outer loop
      vertex -10.4544 -45 11.4544
      vertex -10.2422 -42.5 11.686
      vertex -10.4544 -42.5 11.4544
    endloop
  endfacet
  facet normal -0.737313 0 0.675552
    outer loop
      vertex -10.2422 -42.5 11.686
      vertex -10.4544 -45 11.4544
      vertex -10.2422 -45 11.686
    endloop
  endfacet
  facet normal 0.88705 -0 0.461674
    outer loop
      vertex -16.2627 -45 12.4786
      vertex -16.1177 -42.5 12.2
      vertex -16.2627 -42.5 12.4786
    endloop
  endfacet
  facet normal 0.88705 0 0.461674
    outer loop
      vertex -16.1177 -42.5 12.2
      vertex -16.2627 -45 12.4786
      vertex -16.1177 -45 12.2
    endloop
  endfacet
  facet normal 0.737313 0 -0.675552
    outer loop
      vertex -15.5456 -45 16.5456
      vertex -15.7578 -42.5 16.314
      vertex -15.5456 -42.5 16.5456
    endloop
  endfacet
  facet normal 0.737313 0 -0.675552
    outer loop
      vertex -15.7578 -42.5 16.314
      vertex -15.5456 -45 16.5456
      vertex -15.7578 -45 16.314
    endloop
  endfacet
  facet normal 0.793417 0 -0.608679
    outer loop
      vertex -15.7578 -45 16.314
      vertex -15.9489 -42.5 16.0649
      vertex -15.7578 -42.5 16.314
    endloop
  endfacet
  facet normal 0.793417 0 -0.608679
    outer loop
      vertex -15.9489 -42.5 16.0649
      vertex -15.7578 -45 16.314
      vertex -15.9489 -45 16.0649
    endloop
  endfacet
  facet normal 0.300522 0 -0.953775
    outer loop
      vertex -14.2313 -45 17.3829
      vertex -13.9317 -42.5 17.4773
      vertex -13.9317 -45 17.4773
    endloop
  endfacet
  facet normal 0.300522 0 -0.953775
    outer loop
      vertex -13.9317 -42.5 17.4773
      vertex -14.2313 -45 17.3829
      vertex -14.2313 -42.5 17.3829
    endloop
  endfacet
  facet normal -0.461674 0 -0.88705
    outer loop
      vertex -11.4786 -45 17.2627
      vertex -11.2 -42.5 17.1177
      vertex -11.2 -45 17.1177
    endloop
  endfacet
  facet normal -0.461674 0 -0.88705
    outer loop
      vertex -11.2 -42.5 17.1177
      vertex -11.4786 -45 17.2627
      vertex -11.4786 -42.5 17.2627
    endloop
  endfacet
  facet normal -0.0436168 0 0.999048
    outer loop
      vertex -13 -42.5 10.4
      vertex -12.6862 -45 10.4137
      vertex -12.6862 -42.5 10.4137
    endloop
  endfacet
  facet normal -0.0436168 0 0.999048
    outer loop
      vertex -12.6862 -45 10.4137
      vertex -13 -42.5 10.4
      vertex -13 -45 10.4
    endloop
  endfacet
  facet normal 0.608679 0 -0.793417
    outer loop
      vertex -15.314 -45 16.7578
      vertex -15.0649 -42.5 16.9489
      vertex -15.0649 -45 16.9489
    endloop
  endfacet
  facet normal 0.608679 0 -0.793417
    outer loop
      vertex -15.0649 -42.5 16.9489
      vertex -15.314 -45 16.7578
      vertex -15.314 -42.5 16.7578
    endloop
  endfacet
  facet normal -0.953738 0 -0.300638
    outer loop
      vertex -9.52267 -45 14.9317
      vertex -9.61711 -42.5 15.2313
      vertex -9.52267 -42.5 14.9317
    endloop
  endfacet
  facet normal -0.953738 -0 -0.300638
    outer loop
      vertex -9.61711 -42.5 15.2313
      vertex -9.52267 -45 14.9317
      vertex -9.61711 -45 15.2313
    endloop
  endfacet
  facet normal -0.130578 0 0.991438
    outer loop
      vertex -12.6862 -42.5 10.4137
      vertex -12.3749 -45 10.4547
      vertex -12.3749 -42.5 10.4547
    endloop
  endfacet
  facet normal -0.130578 0 0.991438
    outer loop
      vertex -12.3749 -45 10.4547
      vertex -12.6862 -42.5 10.4137
      vertex -12.6862 -45 10.4137
    endloop
  endfacet
  facet normal 0.0436168 0 0.999048
    outer loop
      vertex -13.3138 -42.5 10.4137
      vertex -13 -45 10.4
      vertex -13 -42.5 10.4
    endloop
  endfacet
  facet normal 0.0436168 0 0.999048
    outer loop
      vertex -13 -45 10.4
      vertex -13.3138 -42.5 10.4137
      vertex -13.3138 -45 10.4137
    endloop
  endfacet
  facet normal 0.976277 0 -0.216526
    outer loop
      vertex -16.4773 -45 14.9317
      vertex -16.5453 -42.5 14.6251
      vertex -16.4773 -42.5 14.9317
    endloop
  endfacet
  facet normal 0.976277 0 -0.216526
    outer loop
      vertex -16.5453 -42.5 14.6251
      vertex -16.4773 -45 14.9317
      vertex -16.5453 -45 14.6251
    endloop
  endfacet
  facet normal 0.382783 0 -0.923838
    outer loop
      vertex -14.5214 -45 17.2627
      vertex -14.2313 -42.5 17.3829
      vertex -14.2313 -45 17.3829
    endloop
  endfacet
  facet normal 0.382783 0 -0.923838
    outer loop
      vertex -14.2313 -42.5 17.3829
      vertex -14.5214 -45 17.2627
      vertex -14.5214 -42.5 17.2627
    endloop
  endfacet
  facet normal 0.999048 -0 0.0436168
    outer loop
      vertex -16.6 -45 14
      vertex -16.5863 -42.5 13.6862
      vertex -16.6 -42.5 14
    endloop
  endfacet
  facet normal 0.999048 0 0.0436168
    outer loop
      vertex -16.5863 -42.5 13.6862
      vertex -16.6 -45 14
      vertex -16.5863 -45 13.6862
    endloop
  endfacet
  facet normal 0.923838 -0 0.382783
    outer loop
      vertex -16.3829 -45 12.7687
      vertex -16.2627 -42.5 12.4786
      vertex -16.3829 -42.5 12.7687
    endloop
  endfacet
  facet normal 0.923838 0 0.382783
    outer loop
      vertex -16.2627 -42.5 12.4786
      vertex -16.3829 -45 12.7687
      vertex -16.2627 -45 12.4786
    endloop
  endfacet
  facet normal 0.461674 0 -0.88705
    outer loop
      vertex -14.8 -45 17.1177
      vertex -14.5214 -42.5 17.2627
      vertex -14.5214 -45 17.2627
    endloop
  endfacet
  facet normal 0.461674 0 -0.88705
    outer loop
      vertex -14.5214 -42.5 17.2627
      vertex -14.8 -45 17.1177
      vertex -14.8 -42.5 17.1177
    endloop
  endfacet
  facet normal 0.53739 0 -0.843334
    outer loop
      vertex -15.0649 -45 16.9489
      vertex -14.8 -42.5 17.1177
      vertex -14.8 -45 17.1177
    endloop
  endfacet
  facet normal 0.53739 0 -0.843334
    outer loop
      vertex -14.8 -42.5 17.1177
      vertex -15.0649 -45 16.9489
      vertex -15.0649 -42.5 16.9489
    endloop
  endfacet
  facet normal 0.953775 -0 0.300522
    outer loop
      vertex -16.4773 -45 13.0683
      vertex -16.3829 -42.5 12.7687
      vertex -16.4773 -42.5 13.0683
    endloop
  endfacet
  facet normal 0.953775 0 0.300522
    outer loop
      vertex -16.3829 -42.5 12.7687
      vertex -16.4773 -45 13.0683
      vertex -16.3829 -45 12.7687
    endloop
  endfacet
  facet normal -0.991438 0 0.130578
    outer loop
      vertex 16.5453 -45 13.3749
      vertex 16.5863 -42.5 13.6862
      vertex 16.5453 -42.5 13.3749
    endloop
  endfacet
  facet normal -0.991438 0 0.130578
    outer loop
      vertex 16.5863 -42.5 13.6862
      vertex 16.5453 -45 13.3749
      vertex 16.5863 -45 13.6862
    endloop
  endfacet
  facet normal -0.999048 0 0.0436168
    outer loop
      vertex 16.5863 -45 13.6862
      vertex 16.6 -42.5 14
      vertex 16.5863 -42.5 13.6862
    endloop
  endfacet
  facet normal -0.999048 0 0.0436168
    outer loop
      vertex 16.6 -42.5 14
      vertex 16.5863 -45 13.6862
      vertex 16.6 -45 14
    endloop
  endfacet
  facet normal -0.976277 0 0.216526
    outer loop
      vertex 16.4773 -45 13.0683
      vertex 16.5453 -42.5 13.3749
      vertex 16.4773 -42.5 13.0683
    endloop
  endfacet
  facet normal -0.976277 0 0.216526
    outer loop
      vertex 16.5453 -42.5 13.3749
      vertex 16.4773 -45 13.0683
      vertex 16.5453 -45 13.3749
    endloop
  endfacet
  facet normal -0.130578 0 0.991438
    outer loop
      vertex 13.3138 -42.5 10.4137
      vertex 13.6251 -45 10.4547
      vertex 13.6251 -42.5 10.4547
    endloop
  endfacet
  facet normal -0.130578 0 0.991438
    outer loop
      vertex 13.6251 -45 10.4547
      vertex 13.3138 -42.5 10.4137
      vertex 13.3138 -45 10.4137
    endloop
  endfacet
  facet normal -0.300522 0 -0.953775
    outer loop
      vertex 13.9317 -45 17.4773
      vertex 14.2313 -42.5 17.3829
      vertex 14.2313 -45 17.3829
    endloop
  endfacet
  facet normal -0.300522 0 -0.953775
    outer loop
      vertex 14.2313 -42.5 17.3829
      vertex 13.9317 -45 17.4773
      vertex 13.9317 -42.5 17.4773
    endloop
  endfacet
  facet normal -0.0436168 0 -0.999048
    outer loop
      vertex 13 -45 17.6
      vertex 13.3138 -42.5 17.5863
      vertex 13.3138 -45 17.5863
    endloop
  endfacet
  facet normal -0.0436168 0 -0.999048
    outer loop
      vertex 13.3138 -42.5 17.5863
      vertex 13 -45 17.6
      vertex 13 -42.5 17.6
    endloop
  endfacet
  facet normal -0.216526 0 -0.976277
    outer loop
      vertex 13.6251 -45 17.5453
      vertex 13.9317 -42.5 17.4773
      vertex 13.9317 -45 17.4773
    endloop
  endfacet
  facet normal -0.216526 0 -0.976277
    outer loop
      vertex 13.9317 -42.5 17.4773
      vertex 13.6251 -45 17.5453
      vertex 13.6251 -42.5 17.5453
    endloop
  endfacet
  facet normal 0.130578 0 -0.991438
    outer loop
      vertex 12.3749 -45 17.5453
      vertex 12.6862 -42.5 17.5863
      vertex 12.6862 -45 17.5863
    endloop
  endfacet
  facet normal 0.130578 0 -0.991438
    outer loop
      vertex 12.6862 -42.5 17.5863
      vertex 12.3749 -45 17.5453
      vertex 12.3749 -42.5 17.5453
    endloop
  endfacet
  facet normal 0.300522 0 -0.953775
    outer loop
      vertex 11.7687 -45 17.3829
      vertex 12.0683 -42.5 17.4773
      vertex 12.0683 -45 17.4773
    endloop
  endfacet
  facet normal 0.300522 0 -0.953775
    outer loop
      vertex 12.0683 -42.5 17.4773
      vertex 11.7687 -45 17.3829
      vertex 11.7687 -42.5 17.3829
    endloop
  endfacet
  facet normal 0.216526 0 -0.976277
    outer loop
      vertex 12.0683 -45 17.4773
      vertex 12.3749 -42.5 17.5453
      vertex 12.3749 -45 17.5453
    endloop
  endfacet
  facet normal 0.216526 0 -0.976277
    outer loop
      vertex 12.3749 -42.5 17.5453
      vertex 12.0683 -45 17.4773
      vertex 12.0683 -42.5 17.4773
    endloop
  endfacet
  facet normal 0.216526 0 0.976277
    outer loop
      vertex 12.0683 -42.5 10.5227
      vertex 12.3749 -45 10.4547
      vertex 12.3749 -42.5 10.4547
    endloop
  endfacet
  facet normal 0.216526 0 0.976277
    outer loop
      vertex 12.3749 -45 10.4547
      vertex 12.0683 -42.5 10.5227
      vertex 12.0683 -45 10.5227
    endloop
  endfacet
  facet normal 0.0436168 0 0.999048
    outer loop
      vertex 12.6862 -42.5 10.4137
      vertex 13 -45 10.4
      vertex 13 -42.5 10.4
    endloop
  endfacet
  facet normal 0.0436168 0 0.999048
    outer loop
      vertex 13 -45 10.4
      vertex 12.6862 -42.5 10.4137
      vertex 12.6862 -45 10.4137
    endloop
  endfacet
  facet normal -0.737313 0 0.675552
    outer loop
      vertex 15.5456 -45 11.4544
      vertex 15.7578 -42.5 11.686
      vertex 15.5456 -42.5 11.4544
    endloop
  endfacet
  facet normal -0.737313 0 0.675552
    outer loop
      vertex 15.7578 -42.5 11.686
      vertex 15.5456 -45 11.4544
      vertex 15.7578 -45 11.686
    endloop
  endfacet
  facet normal 0.737313 0 -0.675552
    outer loop
      vertex 10.4544 -45 16.5456
      vertex 10.2422 -42.5 16.314
      vertex 10.4544 -42.5 16.5456
    endloop
  endfacet
  facet normal 0.737313 0 -0.675552
    outer loop
      vertex 10.2422 -42.5 16.314
      vertex 10.4544 -45 16.5456
      vertex 10.2422 -45 16.314
    endloop
  endfacet
  facet normal -0.675552 0 0.737313
    outer loop
      vertex 15.314 -42.5 11.2422
      vertex 15.5456 -45 11.4544
      vertex 15.5456 -42.5 11.4544
    endloop
  endfacet
  facet normal -0.675552 0 0.737313
    outer loop
      vertex 15.5456 -45 11.4544
      vertex 15.314 -42.5 11.2422
      vertex 15.314 -45 11.2422
    endloop
  endfacet
  facet normal 0.991442 -0 0.130547
    outer loop
      vertex 9.4137 -45 13.6862
      vertex 9.45469 -42.5 13.3749
      vertex 9.4137 -42.5 13.6862
    endloop
  endfacet
  facet normal 0.991442 0 0.130547
    outer loop
      vertex 9.45469 -42.5 13.3749
      vertex 9.4137 -45 13.6862
      vertex 9.45469 -45 13.3749
    endloop
  endfacet
  facet normal 0.300522 0 0.953775
    outer loop
      vertex 11.7687 -42.5 10.6171
      vertex 12.0683 -45 10.5227
      vertex 12.0683 -42.5 10.5227
    endloop
  endfacet
  facet normal 0.300522 0 0.953775
    outer loop
      vertex 12.0683 -45 10.5227
      vertex 11.7687 -42.5 10.6171
      vertex 11.7687 -45 10.6171
    endloop
  endfacet
  facet normal 0.0436168 0 -0.999048
    outer loop
      vertex 12.6862 -45 17.5863
      vertex 13 -42.5 17.6
      vertex 13 -45 17.6
    endloop
  endfacet
  facet normal 0.0436168 0 -0.999048
    outer loop
      vertex 13 -42.5 17.6
      vertex 12.6862 -45 17.5863
      vertex 12.6862 -42.5 17.5863
    endloop
  endfacet
  facet normal -0.843334 0 0.53739
    outer loop
      vertex 15.9489 -45 11.9351
      vertex 16.1177 -42.5 12.2
      vertex 15.9489 -42.5 11.9351
    endloop
  endfacet
  facet normal -0.843334 0 0.53739
    outer loop
      vertex 16.1177 -42.5 12.2
      vertex 15.9489 -45 11.9351
      vertex 16.1177 -45 12.2
    endloop
  endfacet
  facet normal -0.976277 0 -0.216526
    outer loop
      vertex 16.5453 -45 14.6251
      vertex 16.4773 -42.5 14.9317
      vertex 16.5453 -42.5 14.6251
    endloop
  endfacet
  facet normal -0.976277 -0 -0.216526
    outer loop
      vertex 16.4773 -42.5 14.9317
      vertex 16.5453 -45 14.6251
      vertex 16.4773 -45 14.9317
    endloop
  endfacet
  facet normal -0.608679 0 0.793417
    outer loop
      vertex 15.0649 -42.5 11.0511
      vertex 15.314 -45 11.2422
      vertex 15.314 -42.5 11.2422
    endloop
  endfacet
  facet normal -0.608679 0 0.793417
    outer loop
      vertex 15.314 -45 11.2422
      vertex 15.0649 -42.5 11.0511
      vertex 15.0649 -45 11.0511
    endloop
  endfacet
  facet normal 0.887024 0 -0.461724
    outer loop
      vertex 9.88231 -45 15.8
      vertex 9.73729 -42.5 15.5214
      vertex 9.88231 -42.5 15.8
    endloop
  endfacet
  facet normal 0.887024 0 -0.461724
    outer loop
      vertex 9.73729 -42.5 15.5214
      vertex 9.88231 -45 15.8
      vertex 9.73729 -45 15.5214
    endloop
  endfacet
  facet normal -0.300522 0 0.953775
    outer loop
      vertex 13.9317 -42.5 10.5227
      vertex 14.2313 -45 10.6171
      vertex 14.2313 -42.5 10.6171
    endloop
  endfacet
  facet normal -0.300522 0 0.953775
    outer loop
      vertex 14.2313 -45 10.6171
      vertex 13.9317 -42.5 10.5227
      vertex 13.9317 -45 10.5227
    endloop
  endfacet
  facet normal 0.953738 0 -0.300638
    outer loop
      vertex 9.61711 -45 15.2313
      vertex 9.52267 -42.5 14.9317
      vertex 9.61711 -42.5 15.2313
    endloop
  endfacet
  facet normal 0.953738 0 -0.300638
    outer loop
      vertex 9.52267 -42.5 14.9317
      vertex 9.61711 -45 15.2313
      vertex 9.52267 -45 14.9317
    endloop
  endfacet
  facet normal 0.608679 0 -0.793417
    outer loop
      vertex 10.686 -45 16.7578
      vertex 10.9351 -42.5 16.9489
      vertex 10.9351 -45 16.9489
    endloop
  endfacet
  facet normal 0.608679 0 -0.793417
    outer loop
      vertex 10.9351 -42.5 16.9489
      vertex 10.686 -45 16.7578
      vertex 10.686 -42.5 16.7578
    endloop
  endfacet
  facet normal 0.793417 0 -0.608679
    outer loop
      vertex 10.2422 -45 16.314
      vertex 10.0511 -42.5 16.0649
      vertex 10.2422 -42.5 16.314
    endloop
  endfacet
  facet normal 0.793417 0 -0.608679
    outer loop
      vertex 10.0511 -42.5 16.0649
      vertex 10.2422 -45 16.314
      vertex 10.0511 -45 16.0649
    endloop
  endfacet
  facet normal -0.53739 0 0.843334
    outer loop
      vertex 14.8 -42.5 10.8823
      vertex 15.0649 -45 11.0511
      vertex 15.0649 -42.5 11.0511
    endloop
  endfacet
  facet normal -0.53739 0 0.843334
    outer loop
      vertex 15.0649 -45 11.0511
      vertex 14.8 -42.5 10.8823
      vertex 14.8 -45 10.8823
    endloop
  endfacet
  facet normal -0.737313 0 -0.675552
    outer loop
      vertex 15.7578 -45 16.314
      vertex 15.5456 -42.5 16.5456
      vertex 15.7578 -42.5 16.314
    endloop
  endfacet
  facet normal -0.737313 -0 -0.675552
    outer loop
      vertex 15.5456 -42.5 16.5456
      vertex 15.7578 -45 16.314
      vertex 15.5456 -45 16.5456
    endloop
  endfacet
  facet normal -0.793417 0 0.608679
    outer loop
      vertex 15.7578 -45 11.686
      vertex 15.9489 -42.5 11.9351
      vertex 15.7578 -42.5 11.686
    endloop
  endfacet
  facet normal -0.793417 0 0.608679
    outer loop
      vertex 15.9489 -42.5 11.9351
      vertex 15.7578 -45 11.686
      vertex 15.9489 -45 11.9351
    endloop
  endfacet
  facet normal 0.461674 0 0.88705
    outer loop
      vertex 11.2 -42.5 10.8823
      vertex 11.4786 -45 10.7373
      vertex 11.4786 -42.5 10.7373
    endloop
  endfacet
  facet normal 0.461674 0 0.88705
    outer loop
      vertex 11.4786 -45 10.7373
      vertex 11.2 -42.5 10.8823
      vertex 11.2 -45 10.8823
    endloop
  endfacet
  facet normal 0.923861 0 -0.382729
    outer loop
      vertex 9.73729 -45 15.5214
      vertex 9.61711 -42.5 15.2313
      vertex 9.73729 -42.5 15.5214
    endloop
  endfacet
  facet normal 0.923861 0 -0.382729
    outer loop
      vertex 9.61711 -42.5 15.2313
      vertex 9.73729 -45 15.5214
      vertex 9.61711 -45 15.2313
    endloop
  endfacet
  facet normal 0.608679 0 0.793417
    outer loop
      vertex 10.686 -42.5 11.2422
      vertex 10.9351 -45 11.0511
      vertex 10.9351 -42.5 11.0511
    endloop
  endfacet
  facet normal 0.608679 0 0.793417
    outer loop
      vertex 10.9351 -45 11.0511
      vertex 10.686 -42.5 11.2422
      vertex 10.686 -45 11.2422
    endloop
  endfacet
  facet normal -0.461674 0 -0.88705
    outer loop
      vertex 14.5214 -45 17.2627
      vertex 14.8 -42.5 17.1177
      vertex 14.8 -45 17.1177
    endloop
  endfacet
  facet normal -0.461674 0 -0.88705
    outer loop
      vertex 14.8 -42.5 17.1177
      vertex 14.5214 -45 17.2627
      vertex 14.5214 -42.5 17.2627
    endloop
  endfacet
  facet normal -0.382783 0 0.923838
    outer loop
      vertex 14.2313 -42.5 10.6171
      vertex 14.5214 -45 10.7373
      vertex 14.5214 -42.5 10.7373
    endloop
  endfacet
  facet normal -0.382783 0 0.923838
    outer loop
      vertex 14.5214 -45 10.7373
      vertex 14.2313 -42.5 10.6171
      vertex 14.2313 -45 10.6171
    endloop
  endfacet
  facet normal -0.953775 0 0.300522
    outer loop
      vertex 16.3829 -45 12.7687
      vertex 16.4773 -42.5 13.0683
      vertex 16.3829 -42.5 12.7687
    endloop
  endfacet
  facet normal -0.953775 0 0.300522
    outer loop
      vertex 16.4773 -42.5 13.0683
      vertex 16.3829 -45 12.7687
      vertex 16.4773 -45 13.0683
    endloop
  endfacet
  facet normal 0.999048 0 -0.0436168
    outer loop
      vertex 9.4137 -45 14.3138
      vertex 9.4 -42.5 14
      vertex 9.4137 -42.5 14.3138
    endloop
  endfacet
  facet normal 0.999048 0 -0.0436168
    outer loop
      vertex 9.4 -42.5 14
      vertex 9.4137 -45 14.3138
      vertex 9.4 -45 14
    endloop
  endfacet
  facet normal -0.991438 0 -0.130578
    outer loop
      vertex 16.5863 -45 14.3138
      vertex 16.5453 -42.5 14.6251
      vertex 16.5863 -42.5 14.3138
    endloop
  endfacet
  facet normal -0.991438 -0 -0.130578
    outer loop
      vertex 16.5453 -42.5 14.6251
      vertex 16.5863 -45 14.3138
      vertex 16.5453 -45 14.6251
    endloop
  endfacet
  facet normal -0.999048 0 -0.0436168
    outer loop
      vertex 16.6 -45 14
      vertex 16.5863 -42.5 14.3138
      vertex 16.6 -42.5 14
    endloop
  endfacet
  facet normal -0.999048 -0 -0.0436168
    outer loop
      vertex 16.5863 -42.5 14.3138
      vertex 16.6 -45 14
      vertex 16.5863 -45 14.3138
    endloop
  endfacet
  facet normal -0.216526 0 0.976277
    outer loop
      vertex 13.6251 -42.5 10.4547
      vertex 13.9317 -45 10.5227
      vertex 13.9317 -42.5 10.5227
    endloop
  endfacet
  facet normal -0.216526 0 0.976277
    outer loop
      vertex 13.9317 -45 10.5227
      vertex 13.6251 -42.5 10.4547
      vertex 13.6251 -45 10.4547
    endloop
  endfacet
  facet normal -0.793417 0 -0.608679
    outer loop
      vertex 15.9489 -45 16.0649
      vertex 15.7578 -42.5 16.314
      vertex 15.9489 -42.5 16.0649
    endloop
  endfacet
  facet normal -0.793417 -0 -0.608679
    outer loop
      vertex 15.7578 -42.5 16.314
      vertex 15.9489 -45 16.0649
      vertex 15.7578 -45 16.314
    endloop
  endfacet
  facet normal -0.923838 0 0.382783
    outer loop
      vertex 16.2627 -45 12.4786
      vertex 16.3829 -42.5 12.7687
      vertex 16.2627 -42.5 12.4786
    endloop
  endfacet
  facet normal -0.923838 0 0.382783
    outer loop
      vertex 16.3829 -42.5 12.7687
      vertex 16.2627 -45 12.4786
      vertex 16.3829 -45 12.7687
    endloop
  endfacet
  facet normal -0.382783 0 -0.923838
    outer loop
      vertex 14.2313 -45 17.3829
      vertex 14.5214 -42.5 17.2627
      vertex 14.5214 -45 17.2627
    endloop
  endfacet
  facet normal -0.382783 0 -0.923838
    outer loop
      vertex 14.5214 -42.5 17.2627
      vertex 14.2313 -45 17.3829
      vertex 14.2313 -42.5 17.3829
    endloop
  endfacet
  facet normal -0.0436168 0 0.999048
    outer loop
      vertex 13 -42.5 10.4
      vertex 13.3138 -45 10.4137
      vertex 13.3138 -42.5 10.4137
    endloop
  endfacet
  facet normal -0.0436168 0 0.999048
    outer loop
      vertex 13.3138 -45 10.4137
      vertex 13 -42.5 10.4
      vertex 13 -45 10.4
    endloop
  endfacet
  facet normal 0.130578 0 0.991438
    outer loop
      vertex 12.3749 -42.5 10.4547
      vertex 12.6862 -45 10.4137
      vertex 12.6862 -42.5 10.4137
    endloop
  endfacet
  facet normal 0.130578 0 0.991438
    outer loop
      vertex 12.6862 -45 10.4137
      vertex 12.3749 -42.5 10.4547
      vertex 12.3749 -45 10.4547
    endloop
  endfacet
  facet normal -0.675552 0 -0.737313
    outer loop
      vertex 15.314 -45 16.7578
      vertex 15.5456 -42.5 16.5456
      vertex 15.5456 -45 16.5456
    endloop
  endfacet
  facet normal -0.675552 0 -0.737313
    outer loop
      vertex 15.5456 -42.5 16.5456
      vertex 15.314 -45 16.7578
      vertex 15.314 -42.5 16.7578
    endloop
  endfacet
  facet normal 0.382783 0 0.923838
    outer loop
      vertex 11.4786 -42.5 10.7373
      vertex 11.7687 -45 10.6171
      vertex 11.7687 -42.5 10.6171
    endloop
  endfacet
  facet normal 0.382783 0 0.923838
    outer loop
      vertex 11.7687 -45 10.6171
      vertex 11.4786 -42.5 10.7373
      vertex 11.4786 -45 10.7373
    endloop
  endfacet
  facet normal -0.953775 0 -0.300522
    outer loop
      vertex 16.4773 -45 14.9317
      vertex 16.3829 -42.5 15.2313
      vertex 16.4773 -42.5 14.9317
    endloop
  endfacet
  facet normal -0.953775 -0 -0.300522
    outer loop
      vertex 16.3829 -42.5 15.2313
      vertex 16.4773 -45 14.9317
      vertex 16.3829 -45 15.2313
    endloop
  endfacet
  facet normal -0.88705 0 0.461674
    outer loop
      vertex 16.1177 -45 12.2
      vertex 16.2627 -42.5 12.4786
      vertex 16.1177 -42.5 12.2
    endloop
  endfacet
  facet normal -0.88705 0 0.461674
    outer loop
      vertex 16.2627 -42.5 12.4786
      vertex 16.1177 -45 12.2
      vertex 16.2627 -45 12.4786
    endloop
  endfacet
  facet normal -0.88705 0 -0.461674
    outer loop
      vertex 16.2627 -45 15.5214
      vertex 16.1177 -42.5 15.8
      vertex 16.2627 -42.5 15.5214
    endloop
  endfacet
  facet normal -0.88705 -0 -0.461674
    outer loop
      vertex 16.1177 -42.5 15.8
      vertex 16.2627 -45 15.5214
      vertex 16.1177 -45 15.8
    endloop
  endfacet
  facet normal 0.843348 0 -0.537368
    outer loop
      vertex 10.0511 -45 16.0649
      vertex 9.88231 -42.5 15.8
      vertex 10.0511 -42.5 16.0649
    endloop
  endfacet
  facet normal 0.843348 0 -0.537368
    outer loop
      vertex 9.88231 -42.5 15.8
      vertex 10.0511 -45 16.0649
      vertex 9.88231 -45 15.8
    endloop
  endfacet
  facet normal -0.923838 0 -0.382783
    outer loop
      vertex 16.3829 -45 15.2313
      vertex 16.2627 -42.5 15.5214
      vertex 16.3829 -42.5 15.2313
    endloop
  endfacet
  facet normal -0.923838 -0 -0.382783
    outer loop
      vertex 16.2627 -42.5 15.5214
      vertex 16.3829 -45 15.2313
      vertex 16.2627 -45 15.5214
    endloop
  endfacet
  facet normal 0.97629 -0 0.216465
    outer loop
      vertex 9.45469 -45 13.3749
      vertex 9.52267 -42.5 13.0683
      vertex 9.45469 -42.5 13.3749
    endloop
  endfacet
  facet normal 0.97629 0 0.216465
    outer loop
      vertex 9.52267 -42.5 13.0683
      vertex 9.45469 -45 13.3749
      vertex 9.52267 -45 13.0683
    endloop
  endfacet
  facet normal -0.843334 0 -0.53739
    outer loop
      vertex 16.1177 -45 15.8
      vertex 15.9489 -42.5 16.0649
      vertex 16.1177 -42.5 15.8
    endloop
  endfacet
  facet normal -0.843334 -0 -0.53739
    outer loop
      vertex 15.9489 -42.5 16.0649
      vertex 16.1177 -45 15.8
      vertex 15.9489 -45 16.0649
    endloop
  endfacet
  facet normal 0.843348 -0 0.537368
    outer loop
      vertex 9.88231 -45 12.2
      vertex 10.0511 -42.5 11.9351
      vertex 9.88231 -42.5 12.2
    endloop
  endfacet
  facet normal 0.843348 0 0.537368
    outer loop
      vertex 10.0511 -42.5 11.9351
      vertex 9.88231 -45 12.2
      vertex 10.0511 -45 11.9351
    endloop
  endfacet
  facet normal 0.675552 0 0.737313
    outer loop
      vertex 10.4544 -42.5 11.4544
      vertex 10.686 -45 11.2422
      vertex 10.686 -42.5 11.2422
    endloop
  endfacet
  facet normal 0.675552 0 0.737313
    outer loop
      vertex 10.686 -45 11.2422
      vertex 10.4544 -42.5 11.4544
      vertex 10.4544 -45 11.4544
    endloop
  endfacet
  facet normal 0.793417 -0 0.608679
    outer loop
      vertex 10.0511 -45 11.9351
      vertex 10.2422 -42.5 11.686
      vertex 10.0511 -42.5 11.9351
    endloop
  endfacet
  facet normal 0.793417 0 0.608679
    outer loop
      vertex 10.2422 -42.5 11.686
      vertex 10.0511 -45 11.9351
      vertex 10.2422 -45 11.686
    endloop
  endfacet
  facet normal -0.130578 0 -0.991438
    outer loop
      vertex 13.3138 -45 17.5863
      vertex 13.6251 -42.5 17.5453
      vertex 13.6251 -45 17.5453
    endloop
  endfacet
  facet normal -0.130578 0 -0.991438
    outer loop
      vertex 13.6251 -42.5 17.5453
      vertex 13.3138 -45 17.5863
      vertex 13.3138 -42.5 17.5863
    endloop
  endfacet
  facet normal 0.887024 -0 0.461724
    outer loop
      vertex 9.73729 -45 12.4786
      vertex 9.88231 -42.5 12.2
      vertex 9.73729 -42.5 12.4786
    endloop
  endfacet
  facet normal 0.887024 0 0.461724
    outer loop
      vertex 9.88231 -42.5 12.2
      vertex 9.73729 -45 12.4786
      vertex 9.88231 -45 12.2
    endloop
  endfacet
  facet normal 0.991442 0 -0.130547
    outer loop
      vertex 9.45469 -45 14.6251
      vertex 9.4137 -42.5 14.3138
      vertex 9.45469 -42.5 14.6251
    endloop
  endfacet
  facet normal 0.991442 0 -0.130547
    outer loop
      vertex 9.4137 -42.5 14.3138
      vertex 9.45469 -45 14.6251
      vertex 9.4137 -45 14.3138
    endloop
  endfacet
  facet normal 0.675552 0 -0.737313
    outer loop
      vertex 10.4544 -45 16.5456
      vertex 10.686 -42.5 16.7578
      vertex 10.686 -45 16.7578
    endloop
  endfacet
  facet normal 0.675552 0 -0.737313
    outer loop
      vertex 10.686 -42.5 16.7578
      vertex 10.4544 -45 16.5456
      vertex 10.4544 -42.5 16.5456
    endloop
  endfacet
  facet normal -0.608679 0 -0.793417
    outer loop
      vertex 15.0649 -45 16.9489
      vertex 15.314 -42.5 16.7578
      vertex 15.314 -45 16.7578
    endloop
  endfacet
  facet normal -0.608679 0 -0.793417
    outer loop
      vertex 15.314 -42.5 16.7578
      vertex 15.0649 -45 16.9489
      vertex 15.0649 -42.5 16.9489
    endloop
  endfacet
  facet normal 0.53739 0 0.843334
    outer loop
      vertex 10.9351 -42.5 11.0511
      vertex 11.2 -45 10.8823
      vertex 11.2 -42.5 10.8823
    endloop
  endfacet
  facet normal 0.53739 0 0.843334
    outer loop
      vertex 11.2 -45 10.8823
      vertex 10.9351 -42.5 11.0511
      vertex 10.9351 -45 11.0511
    endloop
  endfacet
  facet normal -0.53739 0 -0.843334
    outer loop
      vertex 14.8 -45 17.1177
      vertex 15.0649 -42.5 16.9489
      vertex 15.0649 -45 16.9489
    endloop
  endfacet
  facet normal -0.53739 0 -0.843334
    outer loop
      vertex 15.0649 -42.5 16.9489
      vertex 14.8 -45 17.1177
      vertex 14.8 -42.5 17.1177
    endloop
  endfacet
  facet normal 0.737313 -0 0.675552
    outer loop
      vertex 10.2422 -45 11.686
      vertex 10.4544 -42.5 11.4544
      vertex 10.2422 -42.5 11.686
    endloop
  endfacet
  facet normal 0.737313 0 0.675552
    outer loop
      vertex 10.4544 -42.5 11.4544
      vertex 10.2422 -45 11.686
      vertex 10.4544 -45 11.4544
    endloop
  endfacet
  facet normal -0.461674 0 0.88705
    outer loop
      vertex 14.5214 -42.5 10.7373
      vertex 14.8 -45 10.8823
      vertex 14.8 -42.5 10.8823
    endloop
  endfacet
  facet normal -0.461674 0 0.88705
    outer loop
      vertex 14.8 -45 10.8823
      vertex 14.5214 -42.5 10.7373
      vertex 14.5214 -45 10.7373
    endloop
  endfacet
  facet normal 0.97629 0 -0.216465
    outer loop
      vertex 9.52267 -45 14.9317
      vertex 9.45469 -42.5 14.6251
      vertex 9.52267 -42.5 14.9317
    endloop
  endfacet
  facet normal 0.97629 0 -0.216465
    outer loop
      vertex 9.45469 -42.5 14.6251
      vertex 9.52267 -45 14.9317
      vertex 9.45469 -45 14.6251
    endloop
  endfacet
  facet normal 0.382783 0 -0.923838
    outer loop
      vertex 11.4786 -45 17.2627
      vertex 11.7687 -42.5 17.3829
      vertex 11.7687 -45 17.3829
    endloop
  endfacet
  facet normal 0.382783 0 -0.923838
    outer loop
      vertex 11.7687 -42.5 17.3829
      vertex 11.4786 -45 17.2627
      vertex 11.4786 -42.5 17.2627
    endloop
  endfacet
  facet normal 0.999048 -0 0.0436168
    outer loop
      vertex 9.4 -45 14
      vertex 9.4137 -42.5 13.6862
      vertex 9.4 -42.5 14
    endloop
  endfacet
  facet normal 0.999048 0 0.0436168
    outer loop
      vertex 9.4137 -42.5 13.6862
      vertex 9.4 -45 14
      vertex 9.4137 -45 13.6862
    endloop
  endfacet
  facet normal 0.923861 -0 0.382729
    outer loop
      vertex 9.61711 -45 12.7687
      vertex 9.73729 -42.5 12.4786
      vertex 9.61711 -42.5 12.7687
    endloop
  endfacet
  facet normal 0.923861 0 0.382729
    outer loop
      vertex 9.73729 -42.5 12.4786
      vertex 9.61711 -45 12.7687
      vertex 9.73729 -45 12.4786
    endloop
  endfacet
  facet normal 0.461674 0 -0.88705
    outer loop
      vertex 11.2 -45 17.1177
      vertex 11.4786 -42.5 17.2627
      vertex 11.4786 -45 17.2627
    endloop
  endfacet
  facet normal 0.461674 0 -0.88705
    outer loop
      vertex 11.4786 -42.5 17.2627
      vertex 11.2 -45 17.1177
      vertex 11.2 -42.5 17.1177
    endloop
  endfacet
  facet normal 0.53739 0 -0.843334
    outer loop
      vertex 10.9351 -45 16.9489
      vertex 11.2 -42.5 17.1177
      vertex 11.2 -45 17.1177
    endloop
  endfacet
  facet normal 0.53739 0 -0.843334
    outer loop
      vertex 11.2 -42.5 17.1177
      vertex 10.9351 -45 16.9489
      vertex 10.9351 -42.5 16.9489
    endloop
  endfacet
  facet normal 0.953738 -0 0.300638
    outer loop
      vertex 9.52267 -45 13.0683
      vertex 9.61711 -42.5 12.7687
      vertex 9.52267 -42.5 13.0683
    endloop
  endfacet
  facet normal 0.953738 0 0.300638
    outer loop
      vertex 9.61711 -42.5 12.7687
      vertex 9.52267 -45 13.0683
      vertex 9.61711 -45 12.7687
    endloop
  endfacet
  facet normal -0.991438 0 0.130578
    outer loop
      vertex 42.5453 -45 13.3749
      vertex 42.5863 -42.5 13.6862
      vertex 42.5453 -42.5 13.3749
    endloop
  endfacet
  facet normal -0.991438 0 0.130578
    outer loop
      vertex 42.5863 -42.5 13.6862
      vertex 42.5453 -45 13.3749
      vertex 42.5863 -45 13.6862
    endloop
  endfacet
  facet normal -0.999048 0 0.0436168
    outer loop
      vertex 42.5863 -45 13.6862
      vertex 42.6 -42.5 14
      vertex 42.5863 -42.5 13.6862
    endloop
  endfacet
  facet normal -0.999048 0 0.0436168
    outer loop
      vertex 42.6 -42.5 14
      vertex 42.5863 -45 13.6862
      vertex 42.6 -45 14
    endloop
  endfacet
  facet normal -0.976277 0 0.216526
    outer loop
      vertex 42.4773 -45 13.0683
      vertex 42.5453 -42.5 13.3749
      vertex 42.4773 -42.5 13.0683
    endloop
  endfacet
  facet normal -0.976277 0 0.216526
    outer loop
      vertex 42.5453 -42.5 13.3749
      vertex 42.4773 -45 13.0683
      vertex 42.5453 -45 13.3749
    endloop
  endfacet
  facet normal -0.130578 0 0.991438
    outer loop
      vertex 39.3138 -42.5 10.4137
      vertex 39.6251 -45 10.4547
      vertex 39.6251 -42.5 10.4547
    endloop
  endfacet
  facet normal -0.130578 0 0.991438
    outer loop
      vertex 39.6251 -45 10.4547
      vertex 39.3138 -42.5 10.4137
      vertex 39.3138 -45 10.4137
    endloop
  endfacet
  facet normal -0.300522 0 -0.953775
    outer loop
      vertex 39.9317 -45 17.4773
      vertex 40.2313 -42.5 17.3829
      vertex 40.2313 -45 17.3829
    endloop
  endfacet
  facet normal -0.300522 0 -0.953775
    outer loop
      vertex 40.2313 -42.5 17.3829
      vertex 39.9317 -45 17.4773
      vertex 39.9317 -42.5 17.4773
    endloop
  endfacet
  facet normal -0.0436168 0 -0.999048
    outer loop
      vertex 39 -45 17.6
      vertex 39.3138 -42.5 17.5863
      vertex 39.3138 -45 17.5863
    endloop
  endfacet
  facet normal -0.0436168 0 -0.999048
    outer loop
      vertex 39.3138 -42.5 17.5863
      vertex 39 -45 17.6
      vertex 39 -42.5 17.6
    endloop
  endfacet
  facet normal -0.216526 0 -0.976277
    outer loop
      vertex 39.6251 -45 17.5453
      vertex 39.9317 -42.5 17.4773
      vertex 39.9317 -45 17.4773
    endloop
  endfacet
  facet normal -0.216526 0 -0.976277
    outer loop
      vertex 39.9317 -42.5 17.4773
      vertex 39.6251 -45 17.5453
      vertex 39.6251 -42.5 17.5453
    endloop
  endfacet
  facet normal 0.130578 0 -0.991438
    outer loop
      vertex 38.3749 -45 17.5453
      vertex 38.6862 -42.5 17.5863
      vertex 38.6862 -45 17.5863
    endloop
  endfacet
  facet normal 0.130578 0 -0.991438
    outer loop
      vertex 38.6862 -42.5 17.5863
      vertex 38.3749 -45 17.5453
      vertex 38.3749 -42.5 17.5453
    endloop
  endfacet
  facet normal 0.300522 0 -0.953775
    outer loop
      vertex 37.7687 -45 17.3829
      vertex 38.0683 -42.5 17.4773
      vertex 38.0683 -45 17.4773
    endloop
  endfacet
  facet normal 0.300522 0 -0.953775
    outer loop
      vertex 38.0683 -42.5 17.4773
      vertex 37.7687 -45 17.3829
      vertex 37.7687 -42.5 17.3829
    endloop
  endfacet
  facet normal 0.216526 0 -0.976277
    outer loop
      vertex 38.0683 -45 17.4773
      vertex 38.3749 -42.5 17.5453
      vertex 38.3749 -45 17.5453
    endloop
  endfacet
  facet normal 0.216526 0 -0.976277
    outer loop
      vertex 38.3749 -42.5 17.5453
      vertex 38.0683 -45 17.4773
      vertex 38.0683 -42.5 17.4773
    endloop
  endfacet
  facet normal 0.216526 0 0.976277
    outer loop
      vertex 38.0683 -42.5 10.5227
      vertex 38.3749 -45 10.4547
      vertex 38.3749 -42.5 10.4547
    endloop
  endfacet
  facet normal 0.216526 0 0.976277
    outer loop
      vertex 38.3749 -45 10.4547
      vertex 38.0683 -42.5 10.5227
      vertex 38.0683 -45 10.5227
    endloop
  endfacet
  facet normal 0.0436168 0 0.999048
    outer loop
      vertex 38.6862 -42.5 10.4137
      vertex 39 -45 10.4
      vertex 39 -42.5 10.4
    endloop
  endfacet
  facet normal 0.0436168 0 0.999048
    outer loop
      vertex 39 -45 10.4
      vertex 38.6862 -42.5 10.4137
      vertex 38.6862 -45 10.4137
    endloop
  endfacet
  facet normal -0.737313 0 0.675552
    outer loop
      vertex 41.5456 -45 11.4544
      vertex 41.7578 -42.5 11.686
      vertex 41.5456 -42.5 11.4544
    endloop
  endfacet
  facet normal -0.737313 0 0.675552
    outer loop
      vertex 41.7578 -42.5 11.686
      vertex 41.5456 -45 11.4544
      vertex 41.7578 -45 11.686
    endloop
  endfacet
  facet normal 0.737313 0 -0.675552
    outer loop
      vertex 36.4544 -45 16.5456
      vertex 36.2422 -42.5 16.314
      vertex 36.4544 -42.5 16.5456
    endloop
  endfacet
  facet normal 0.737313 0 -0.675552
    outer loop
      vertex 36.2422 -42.5 16.314
      vertex 36.4544 -45 16.5456
      vertex 36.2422 -45 16.314
    endloop
  endfacet
  facet normal -0.675552 0 0.737313
    outer loop
      vertex 41.314 -42.5 11.2422
      vertex 41.5456 -45 11.4544
      vertex 41.5456 -42.5 11.4544
    endloop
  endfacet
  facet normal -0.675552 0 0.737313
    outer loop
      vertex 41.5456 -45 11.4544
      vertex 41.314 -42.5 11.2422
      vertex 41.314 -45 11.2422
    endloop
  endfacet
  facet normal 0.991438 -0 0.130578
    outer loop
      vertex 35.4137 -45 13.6862
      vertex 35.4547 -42.5 13.3749
      vertex 35.4137 -42.5 13.6862
    endloop
  endfacet
  facet normal 0.991438 0 0.130578
    outer loop
      vertex 35.4547 -42.5 13.3749
      vertex 35.4137 -45 13.6862
      vertex 35.4547 -45 13.3749
    endloop
  endfacet
  facet normal 0.300522 0 0.953775
    outer loop
      vertex 37.7687 -42.5 10.6171
      vertex 38.0683 -45 10.5227
      vertex 38.0683 -42.5 10.5227
    endloop
  endfacet
  facet normal 0.300522 0 0.953775
    outer loop
      vertex 38.0683 -45 10.5227
      vertex 37.7687 -42.5 10.6171
      vertex 37.7687 -45 10.6171
    endloop
  endfacet
  facet normal 0.0436168 0 -0.999048
    outer loop
      vertex 38.6862 -45 17.5863
      vertex 39 -42.5 17.6
      vertex 39 -45 17.6
    endloop
  endfacet
  facet normal 0.0436168 0 -0.999048
    outer loop
      vertex 39 -42.5 17.6
      vertex 38.6862 -45 17.5863
      vertex 38.6862 -42.5 17.5863
    endloop
  endfacet
  facet normal -0.843334 0 0.53739
    outer loop
      vertex 41.9489 -45 11.9351
      vertex 42.1177 -42.5 12.2
      vertex 41.9489 -42.5 11.9351
    endloop
  endfacet
  facet normal -0.843334 0 0.53739
    outer loop
      vertex 42.1177 -42.5 12.2
      vertex 41.9489 -45 11.9351
      vertex 42.1177 -45 12.2
    endloop
  endfacet
  facet normal -0.976277 0 -0.216526
    outer loop
      vertex 42.5453 -45 14.6251
      vertex 42.4773 -42.5 14.9317
      vertex 42.5453 -42.5 14.6251
    endloop
  endfacet
  facet normal -0.976277 -0 -0.216526
    outer loop
      vertex 42.4773 -42.5 14.9317
      vertex 42.5453 -45 14.6251
      vertex 42.4773 -45 14.9317
    endloop
  endfacet
  facet normal -0.608679 0 0.793417
    outer loop
      vertex 41.0649 -42.5 11.0511
      vertex 41.314 -45 11.2422
      vertex 41.314 -42.5 11.2422
    endloop
  endfacet
  facet normal -0.608679 0 0.793417
    outer loop
      vertex 41.314 -45 11.2422
      vertex 41.0649 -42.5 11.0511
      vertex 41.0649 -45 11.0511
    endloop
  endfacet
  facet normal 0.88705 0 -0.461674
    outer loop
      vertex 35.8823 -45 15.8
      vertex 35.7373 -42.5 15.5214
      vertex 35.8823 -42.5 15.8
    endloop
  endfacet
  facet normal 0.88705 0 -0.461674
    outer loop
      vertex 35.7373 -42.5 15.5214
      vertex 35.8823 -45 15.8
      vertex 35.7373 -45 15.5214
    endloop
  endfacet
  facet normal -0.300522 0 0.953775
    outer loop
      vertex 39.9317 -42.5 10.5227
      vertex 40.2313 -45 10.6171
      vertex 40.2313 -42.5 10.6171
    endloop
  endfacet
  facet normal -0.300522 0 0.953775
    outer loop
      vertex 40.2313 -45 10.6171
      vertex 39.9317 -42.5 10.5227
      vertex 39.9317 -45 10.5227
    endloop
  endfacet
  facet normal 0.953775 0 -0.300522
    outer loop
      vertex 35.6171 -45 15.2313
      vertex 35.5227 -42.5 14.9317
      vertex 35.6171 -42.5 15.2313
    endloop
  endfacet
  facet normal 0.953775 0 -0.300522
    outer loop
      vertex 35.5227 -42.5 14.9317
      vertex 35.6171 -45 15.2313
      vertex 35.5227 -45 14.9317
    endloop
  endfacet
  facet normal 0.608679 0 -0.793417
    outer loop
      vertex 36.686 -45 16.7578
      vertex 36.9351 -42.5 16.9489
      vertex 36.9351 -45 16.9489
    endloop
  endfacet
  facet normal 0.608679 0 -0.793417
    outer loop
      vertex 36.9351 -42.5 16.9489
      vertex 36.686 -45 16.7578
      vertex 36.686 -42.5 16.7578
    endloop
  endfacet
  facet normal 0.793417 0 -0.608679
    outer loop
      vertex 36.2422 -45 16.314
      vertex 36.0511 -42.5 16.0649
      vertex 36.2422 -42.5 16.314
    endloop
  endfacet
  facet normal 0.793417 0 -0.608679
    outer loop
      vertex 36.0511 -42.5 16.0649
      vertex 36.2422 -45 16.314
      vertex 36.0511 -45 16.0649
    endloop
  endfacet
  facet normal -0.53739 0 0.843334
    outer loop
      vertex 40.8 -42.5 10.8823
      vertex 41.0649 -45 11.0511
      vertex 41.0649 -42.5 11.0511
    endloop
  endfacet
  facet normal -0.53739 0 0.843334
    outer loop
      vertex 41.0649 -45 11.0511
      vertex 40.8 -42.5 10.8823
      vertex 40.8 -45 10.8823
    endloop
  endfacet
  facet normal -0.737313 0 -0.675552
    outer loop
      vertex 41.7578 -45 16.314
      vertex 41.5456 -42.5 16.5456
      vertex 41.7578 -42.5 16.314
    endloop
  endfacet
  facet normal -0.737313 -0 -0.675552
    outer loop
      vertex 41.5456 -42.5 16.5456
      vertex 41.7578 -45 16.314
      vertex 41.5456 -45 16.5456
    endloop
  endfacet
  facet normal -0.793417 0 0.608679
    outer loop
      vertex 41.7578 -45 11.686
      vertex 41.9489 -42.5 11.9351
      vertex 41.7578 -42.5 11.686
    endloop
  endfacet
  facet normal -0.793417 0 0.608679
    outer loop
      vertex 41.9489 -42.5 11.9351
      vertex 41.7578 -45 11.686
      vertex 41.9489 -45 11.9351
    endloop
  endfacet
  facet normal 0.461674 0 0.88705
    outer loop
      vertex 37.2 -42.5 10.8823
      vertex 37.4786 -45 10.7373
      vertex 37.4786 -42.5 10.7373
    endloop
  endfacet
  facet normal 0.461674 0 0.88705
    outer loop
      vertex 37.4786 -45 10.7373
      vertex 37.2 -42.5 10.8823
      vertex 37.2 -45 10.8823
    endloop
  endfacet
  facet normal 0.923838 0 -0.382783
    outer loop
      vertex 35.7373 -45 15.5214
      vertex 35.6171 -42.5 15.2313
      vertex 35.7373 -42.5 15.5214
    endloop
  endfacet
  facet normal 0.923838 0 -0.382783
    outer loop
      vertex 35.6171 -42.5 15.2313
      vertex 35.7373 -45 15.5214
      vertex 35.6171 -45 15.2313
    endloop
  endfacet
  facet normal 0.608679 0 0.793417
    outer loop
      vertex 36.686 -42.5 11.2422
      vertex 36.9351 -45 11.0511
      vertex 36.9351 -42.5 11.0511
    endloop
  endfacet
  facet normal 0.608679 0 0.793417
    outer loop
      vertex 36.9351 -45 11.0511
      vertex 36.686 -42.5 11.2422
      vertex 36.686 -45 11.2422
    endloop
  endfacet
  facet normal -0.461674 0 -0.88705
    outer loop
      vertex 40.5214 -45 17.2627
      vertex 40.8 -42.5 17.1177
      vertex 40.8 -45 17.1177
    endloop
  endfacet
  facet normal -0.461674 0 -0.88705
    outer loop
      vertex 40.8 -42.5 17.1177
      vertex 40.5214 -45 17.2627
      vertex 40.5214 -42.5 17.2627
    endloop
  endfacet
  facet normal -0.382783 0 0.923838
    outer loop
      vertex 40.2313 -42.5 10.6171
      vertex 40.5214 -45 10.7373
      vertex 40.5214 -42.5 10.7373
    endloop
  endfacet
  facet normal -0.382783 0 0.923838
    outer loop
      vertex 40.5214 -45 10.7373
      vertex 40.2313 -42.5 10.6171
      vertex 40.2313 -45 10.6171
    endloop
  endfacet
  facet normal -0.953775 0 0.300522
    outer loop
      vertex 42.3829 -45 12.7687
      vertex 42.4773 -42.5 13.0683
      vertex 42.3829 -42.5 12.7687
    endloop
  endfacet
  facet normal -0.953775 0 0.300522
    outer loop
      vertex 42.4773 -42.5 13.0683
      vertex 42.3829 -45 12.7687
      vertex 42.4773 -45 13.0683
    endloop
  endfacet
  facet normal 0.999048 0 -0.0436168
    outer loop
      vertex 35.4137 -45 14.3138
      vertex 35.4 -42.5 14
      vertex 35.4137 -42.5 14.3138
    endloop
  endfacet
  facet normal 0.999048 0 -0.0436168
    outer loop
      vertex 35.4 -42.5 14
      vertex 35.4137 -45 14.3138
      vertex 35.4 -45 14
    endloop
  endfacet
  facet normal -0.991438 0 -0.130578
    outer loop
      vertex 42.5863 -45 14.3138
      vertex 42.5453 -42.5 14.6251
      vertex 42.5863 -42.5 14.3138
    endloop
  endfacet
  facet normal -0.991438 -0 -0.130578
    outer loop
      vertex 42.5453 -42.5 14.6251
      vertex 42.5863 -45 14.3138
      vertex 42.5453 -45 14.6251
    endloop
  endfacet
  facet normal -0.999048 0 -0.0436168
    outer loop
      vertex 42.6 -45 14
      vertex 42.5863 -42.5 14.3138
      vertex 42.6 -42.5 14
    endloop
  endfacet
  facet normal -0.999048 -0 -0.0436168
    outer loop
      vertex 42.5863 -42.5 14.3138
      vertex 42.6 -45 14
      vertex 42.5863 -45 14.3138
    endloop
  endfacet
  facet normal -0.216526 0 0.976277
    outer loop
      vertex 39.6251 -42.5 10.4547
      vertex 39.9317 -45 10.5227
      vertex 39.9317 -42.5 10.5227
    endloop
  endfacet
  facet normal -0.216526 0 0.976277
    outer loop
      vertex 39.9317 -45 10.5227
      vertex 39.6251 -42.5 10.4547
      vertex 39.6251 -45 10.4547
    endloop
  endfacet
  facet normal -0.793417 0 -0.608679
    outer loop
      vertex 41.9489 -45 16.0649
      vertex 41.7578 -42.5 16.314
      vertex 41.9489 -42.5 16.0649
    endloop
  endfacet
  facet normal -0.793417 -0 -0.608679
    outer loop
      vertex 41.7578 -42.5 16.314
      vertex 41.9489 -45 16.0649
      vertex 41.7578 -45 16.314
    endloop
  endfacet
  facet normal -0.923838 0 0.382783
    outer loop
      vertex 42.2627 -45 12.4786
      vertex 42.3829 -42.5 12.7687
      vertex 42.2627 -42.5 12.4786
    endloop
  endfacet
  facet normal -0.923838 0 0.382783
    outer loop
      vertex 42.3829 -42.5 12.7687
      vertex 42.2627 -45 12.4786
      vertex 42.3829 -45 12.7687
    endloop
  endfacet
  facet normal -0.382783 0 -0.923838
    outer loop
      vertex 40.2313 -45 17.3829
      vertex 40.5214 -42.5 17.2627
      vertex 40.5214 -45 17.2627
    endloop
  endfacet
  facet normal -0.382783 0 -0.923838
    outer loop
      vertex 40.5214 -42.5 17.2627
      vertex 40.2313 -45 17.3829
      vertex 40.2313 -42.5 17.3829
    endloop
  endfacet
  facet normal -0.843334 0 -0.53739
    outer loop
      vertex 42.1177 -45 15.8
      vertex 41.9489 -42.5 16.0649
      vertex 42.1177 -42.5 15.8
    endloop
  endfacet
  facet normal -0.843334 -0 -0.53739
    outer loop
      vertex 41.9489 -42.5 16.0649
      vertex 42.1177 -45 15.8
      vertex 41.9489 -45 16.0649
    endloop
  endfacet
  facet normal -0.0436168 0 0.999048
    outer loop
      vertex 39 -42.5 10.4
      vertex 39.3138 -45 10.4137
      vertex 39.3138 -42.5 10.4137
    endloop
  endfacet
  facet normal -0.0436168 0 0.999048
    outer loop
      vertex 39.3138 -45 10.4137
      vertex 39 -42.5 10.4
      vertex 39 -45 10.4
    endloop
  endfacet
  facet normal 0.130578 0 0.991438
    outer loop
      vertex 38.3749 -42.5 10.4547
      vertex 38.6862 -45 10.4137
      vertex 38.6862 -42.5 10.4137
    endloop
  endfacet
  facet normal 0.130578 0 0.991438
    outer loop
      vertex 38.6862 -45 10.4137
      vertex 38.3749 -42.5 10.4547
      vertex 38.3749 -45 10.4547
    endloop
  endfacet
  facet normal -0.675552 0 -0.737313
    outer loop
      vertex 41.314 -45 16.7578
      vertex 41.5456 -42.5 16.5456
      vertex 41.5456 -45 16.5456
    endloop
  endfacet
  facet normal -0.675552 0 -0.737313
    outer loop
      vertex 41.5456 -42.5 16.5456
      vertex 41.314 -45 16.7578
      vertex 41.314 -42.5 16.7578
    endloop
  endfacet
  facet normal 0.382783 0 0.923838
    outer loop
      vertex 37.4786 -42.5 10.7373
      vertex 37.7687 -45 10.6171
      vertex 37.7687 -42.5 10.6171
    endloop
  endfacet
  facet normal 0.382783 0 0.923838
    outer loop
      vertex 37.7687 -45 10.6171
      vertex 37.4786 -42.5 10.7373
      vertex 37.4786 -45 10.7373
    endloop
  endfacet
  facet normal -0.88705 0 0.461674
    outer loop
      vertex 42.1177 -45 12.2
      vertex 42.2627 -42.5 12.4786
      vertex 42.1177 -42.5 12.2
    endloop
  endfacet
  facet normal -0.88705 0 0.461674
    outer loop
      vertex 42.2627 -42.5 12.4786
      vertex 42.1177 -45 12.2
      vertex 42.2627 -45 12.4786
    endloop
  endfacet
  facet normal -0.88705 0 -0.461674
    outer loop
      vertex 42.2627 -45 15.5214
      vertex 42.1177 -42.5 15.8
      vertex 42.2627 -42.5 15.5214
    endloop
  endfacet
  facet normal -0.88705 -0 -0.461674
    outer loop
      vertex 42.1177 -42.5 15.8
      vertex 42.2627 -45 15.5214
      vertex 42.1177 -45 15.8
    endloop
  endfacet
  facet normal 0.843334 0 -0.53739
    outer loop
      vertex 36.0511 -45 16.0649
      vertex 35.8823 -42.5 15.8
      vertex 36.0511 -42.5 16.0649
    endloop
  endfacet
  facet normal 0.843334 0 -0.53739
    outer loop
      vertex 35.8823 -42.5 15.8
      vertex 36.0511 -45 16.0649
      vertex 35.8823 -45 15.8
    endloop
  endfacet
  facet normal -0.923838 0 -0.382783
    outer loop
      vertex 42.3829 -45 15.2313
      vertex 42.2627 -42.5 15.5214
      vertex 42.3829 -42.5 15.2313
    endloop
  endfacet
  facet normal -0.923838 -0 -0.382783
    outer loop
      vertex 42.2627 -42.5 15.5214
      vertex 42.3829 -45 15.2313
      vertex 42.2627 -45 15.5214
    endloop
  endfacet
  facet normal 0.976277 -0 0.216526
    outer loop
      vertex 35.4547 -45 13.3749
      vertex 35.5227 -42.5 13.0683
      vertex 35.4547 -42.5 13.3749
    endloop
  endfacet
  facet normal 0.976277 0 0.216526
    outer loop
      vertex 35.5227 -42.5 13.0683
      vertex 35.4547 -45 13.3749
      vertex 35.5227 -45 13.0683
    endloop
  endfacet
  facet normal 0.843334 -0 0.53739
    outer loop
      vertex 35.8823 -45 12.2
      vertex 36.0511 -42.5 11.9351
      vertex 35.8823 -42.5 12.2
    endloop
  endfacet
  facet normal 0.843334 0 0.53739
    outer loop
      vertex 36.0511 -42.5 11.9351
      vertex 35.8823 -45 12.2
      vertex 36.0511 -45 11.9351
    endloop
  endfacet
  facet normal 0.675552 0 0.737313
    outer loop
      vertex 36.4544 -42.5 11.4544
      vertex 36.686 -45 11.2422
      vertex 36.686 -42.5 11.2422
    endloop
  endfacet
  facet normal 0.675552 0 0.737313
    outer loop
      vertex 36.686 -45 11.2422
      vertex 36.4544 -42.5 11.4544
      vertex 36.4544 -45 11.4544
    endloop
  endfacet
  facet normal 0.793417 -0 0.608679
    outer loop
      vertex 36.0511 -45 11.9351
      vertex 36.2422 -42.5 11.686
      vertex 36.0511 -42.5 11.9351
    endloop
  endfacet
  facet normal 0.793417 0 0.608679
    outer loop
      vertex 36.2422 -42.5 11.686
      vertex 36.0511 -45 11.9351
      vertex 36.2422 -45 11.686
    endloop
  endfacet
  facet normal -0.130578 0 -0.991438
    outer loop
      vertex 39.3138 -45 17.5863
      vertex 39.6251 -42.5 17.5453
      vertex 39.6251 -45 17.5453
    endloop
  endfacet
  facet normal -0.130578 0 -0.991438
    outer loop
      vertex 39.6251 -42.5 17.5453
      vertex 39.3138 -45 17.5863
      vertex 39.3138 -42.5 17.5863
    endloop
  endfacet
  facet normal 0.88705 -0 0.461674
    outer loop
      vertex 35.7373 -45 12.4786
      vertex 35.8823 -42.5 12.2
      vertex 35.7373 -42.5 12.4786
    endloop
  endfacet
  facet normal 0.88705 0 0.461674
    outer loop
      vertex 35.8823 -42.5 12.2
      vertex 35.7373 -45 12.4786
      vertex 35.8823 -45 12.2
    endloop
  endfacet
  facet normal 0.991438 0 -0.130578
    outer loop
      vertex 35.4547 -45 14.6251
      vertex 35.4137 -42.5 14.3138
      vertex 35.4547 -42.5 14.6251
    endloop
  endfacet
  facet normal 0.991438 0 -0.130578
    outer loop
      vertex 35.4137 -42.5 14.3138
      vertex 35.4547 -45 14.6251
      vertex 35.4137 -45 14.3138
    endloop
  endfacet
  facet normal 0.675552 0 -0.737313
    outer loop
      vertex 36.4544 -45 16.5456
      vertex 36.686 -42.5 16.7578
      vertex 36.686 -45 16.7578
    endloop
  endfacet
  facet normal 0.675552 0 -0.737313
    outer loop
      vertex 36.686 -42.5 16.7578
      vertex 36.4544 -45 16.5456
      vertex 36.4544 -42.5 16.5456
    endloop
  endfacet
  facet normal -0.608679 0 -0.793417
    outer loop
      vertex 41.0649 -45 16.9489
      vertex 41.314 -42.5 16.7578
      vertex 41.314 -45 16.7578
    endloop
  endfacet
  facet normal -0.608679 0 -0.793417
    outer loop
      vertex 41.314 -42.5 16.7578
      vertex 41.0649 -45 16.9489
      vertex 41.0649 -42.5 16.9489
    endloop
  endfacet
  facet normal 0.53739 0 0.843334
    outer loop
      vertex 36.9351 -42.5 11.0511
      vertex 37.2 -45 10.8823
      vertex 37.2 -42.5 10.8823
    endloop
  endfacet
  facet normal 0.53739 0 0.843334
    outer loop
      vertex 37.2 -45 10.8823
      vertex 36.9351 -42.5 11.0511
      vertex 36.9351 -45 11.0511
    endloop
  endfacet
  facet normal -0.53739 0 -0.843334
    outer loop
      vertex 40.8 -45 17.1177
      vertex 41.0649 -42.5 16.9489
      vertex 41.0649 -45 16.9489
    endloop
  endfacet
  facet normal -0.53739 0 -0.843334
    outer loop
      vertex 41.0649 -42.5 16.9489
      vertex 40.8 -45 17.1177
      vertex 40.8 -42.5 17.1177
    endloop
  endfacet
  facet normal 0.737313 -0 0.675552
    outer loop
      vertex 36.2422 -45 11.686
      vertex 36.4544 -42.5 11.4544
      vertex 36.2422 -42.5 11.686
    endloop
  endfacet
  facet normal 0.737313 0 0.675552
    outer loop
      vertex 36.4544 -42.5 11.4544
      vertex 36.2422 -45 11.686
      vertex 36.4544 -45 11.4544
    endloop
  endfacet
  facet normal -0.953775 0 -0.300522
    outer loop
      vertex 42.4773 -45 14.9317
      vertex 42.3829 -42.5 15.2313
      vertex 42.4773 -42.5 14.9317
    endloop
  endfacet
  facet normal -0.953775 -0 -0.300522
    outer loop
      vertex 42.3829 -42.5 15.2313
      vertex 42.4773 -45 14.9317
      vertex 42.3829 -45 15.2313
    endloop
  endfacet
  facet normal -0.461674 0 0.88705
    outer loop
      vertex 40.5214 -42.5 10.7373
      vertex 40.8 -45 10.8823
      vertex 40.8 -42.5 10.8823
    endloop
  endfacet
  facet normal -0.461674 0 0.88705
    outer loop
      vertex 40.8 -45 10.8823
      vertex 40.5214 -42.5 10.7373
      vertex 40.5214 -45 10.7373
    endloop
  endfacet
  facet normal 0.976277 0 -0.216526
    outer loop
      vertex 35.5227 -45 14.9317
      vertex 35.4547 -42.5 14.6251
      vertex 35.5227 -42.5 14.9317
    endloop
  endfacet
  facet normal 0.976277 0 -0.216526
    outer loop
      vertex 35.4547 -42.5 14.6251
      vertex 35.5227 -45 14.9317
      vertex 35.4547 -45 14.6251
    endloop
  endfacet
  facet normal 0.382783 0 -0.923838
    outer loop
      vertex 37.4786 -45 17.2627
      vertex 37.7687 -42.5 17.3829
      vertex 37.7687 -45 17.3829
    endloop
  endfacet
  facet normal 0.382783 0 -0.923838
    outer loop
      vertex 37.7687 -42.5 17.3829
      vertex 37.4786 -45 17.2627
      vertex 37.4786 -42.5 17.2627
    endloop
  endfacet
  facet normal 0.999048 -0 0.0436168
    outer loop
      vertex 35.4 -45 14
      vertex 35.4137 -42.5 13.6862
      vertex 35.4 -42.5 14
    endloop
  endfacet
  facet normal 0.999048 0 0.0436168
    outer loop
      vertex 35.4137 -42.5 13.6862
      vertex 35.4 -45 14
      vertex 35.4137 -45 13.6862
    endloop
  endfacet
  facet normal 0.923838 -0 0.382783
    outer loop
      vertex 35.6171 -45 12.7687
      vertex 35.7373 -42.5 12.4786
      vertex 35.6171 -42.5 12.7687
    endloop
  endfacet
  facet normal 0.923838 0 0.382783
    outer loop
      vertex 35.7373 -42.5 12.4786
      vertex 35.6171 -45 12.7687
      vertex 35.7373 -45 12.4786
    endloop
  endfacet
  facet normal 0.953775 -0 0.300522
    outer loop
      vertex 35.5227 -45 13.0683
      vertex 35.6171 -42.5 12.7687
      vertex 35.5227 -42.5 13.0683
    endloop
  endfacet
  facet normal 0.953775 0 0.300522
    outer loop
      vertex 35.6171 -42.5 12.7687
      vertex 35.5227 -45 13.0683
      vertex 35.6171 -45 12.7687
    endloop
  endfacet
  facet normal 0.461674 0 -0.88705
    outer loop
      vertex 37.2 -45 17.1177
      vertex 37.4786 -42.5 17.2627
      vertex 37.4786 -45 17.2627
    endloop
  endfacet
  facet normal 0.461674 0 -0.88705
    outer loop
      vertex 37.4786 -42.5 17.2627
      vertex 37.2 -45 17.1177
      vertex 37.2 -42.5 17.1177
    endloop
  endfacet
  facet normal 0.53739 0 -0.843334
    outer loop
      vertex 36.9351 -45 16.9489
      vertex 37.2 -42.5 17.1177
      vertex 37.2 -45 17.1177
    endloop
  endfacet
  facet normal 0.53739 0 -0.843334
    outer loop
      vertex 37.2 -42.5 17.1177
      vertex 36.9351 -45 16.9489
      vertex 36.9351 -42.5 16.9489
    endloop
  endfacet
  facet normal -0.991452 -0.130473 0
    outer loop
      vertex -31.4061 -22.8605 0
      vertex -31.4243 -22.7222 2.5
      vertex -31.4243 -22.7222 0
    endloop
  endfacet
  facet normal -0.991452 -0.130473 0
    outer loop
      vertex -31.4243 -22.7222 2.5
      vertex -31.4061 -22.8605 0
      vertex -31.4061 -22.8605 2.5
    endloop
  endfacet
  facet normal -0.999045 -0.0436859 0
    outer loop
      vertex -31.4 -23 0
      vertex -31.4061 -22.8605 2.5
      vertex -31.4061 -22.8605 0
    endloop
  endfacet
  facet normal -0.999045 -0.0436859 0
    outer loop
      vertex -31.4061 -22.8605 2.5
      vertex -31.4 -23 0
      vertex -31.4 -23 2.5
    endloop
  endfacet
  facet normal -0.976322 -0.216324 0
    outer loop
      vertex -31.4243 -22.7222 0
      vertex -31.4545 -22.5859 2.5
      vertex -31.4545 -22.5859 0
    endloop
  endfacet
  facet normal -0.976322 -0.216324 0
    outer loop
      vertex -31.4545 -22.5859 2.5
      vertex -31.4243 -22.7222 0
      vertex -31.4243 -22.7222 2.5
    endloop
  endfacet
  facet normal -0.608221 -0.793768 0
    outer loop
      vertex -32.0823 -21.6894 0
      vertex -31.9715 -21.7743 2.5
      vertex -32.0823 -21.6894 2.5
    endloop
  endfacet
  facet normal -0.608221 -0.793768 -0
    outer loop
      vertex -31.9715 -21.7743 2.5
      vertex -32.0823 -21.6894 0
      vertex -31.9715 -21.7743 0
    endloop
  endfacet
  facet normal -0.737243 0.675627 0
    outer loop
      vertex -31.8686 -24.1314 0
      vertex -31.7743 -24.0285 2.5
      vertex -31.7743 -24.0285 0
    endloop
  endfacet
  facet normal -0.737243 0.675627 0
    outer loop
      vertex -31.7743 -24.0285 2.5
      vertex -31.8686 -24.1314 0
      vertex -31.8686 -24.1314 2.5
    endloop
  endfacet
  facet normal 0.608221 -0.793768 0
    outer loop
      vertex -34.0285 -21.7743 0
      vertex -33.9177 -21.6894 2.5
      vertex -34.0285 -21.7743 2.5
    endloop
  endfacet
  facet normal 0.608221 -0.793768 0
    outer loop
      vertex -33.9177 -21.6894 2.5
      vertex -34.0285 -21.7743 0
      vertex -33.9177 -21.6894 0
    endloop
  endfacet
  facet normal 0.537385 -0.843337 0
    outer loop
      vertex -33.9177 -21.6894 0
      vertex -33.8 -21.6144 2.5
      vertex -33.9177 -21.6894 2.5
    endloop
  endfacet
  facet normal 0.537385 -0.843337 0
    outer loop
      vertex -33.8 -21.6144 2.5
      vertex -33.9177 -21.6894 0
      vertex -33.8 -21.6144 0
    endloop
  endfacet
  facet normal -0.462052 -0.886853 0
    outer loop
      vertex -32.3238 -21.5499 0
      vertex -32.2 -21.6144 2.5
      vertex -32.3238 -21.5499 2.5
    endloop
  endfacet
  facet normal -0.462052 -0.886853 -0
    outer loop
      vertex -32.2 -21.6144 2.5
      vertex -32.3238 -21.5499 0
      vertex -32.2 -21.6144 0
    endloop
  endfacet
  facet normal 0.462052 -0.886853 0
    outer loop
      vertex -33.8 -21.6144 0
      vertex -33.6762 -21.5499 2.5
      vertex -33.8 -21.6144 2.5
    endloop
  endfacet
  facet normal 0.462052 -0.886853 0
    outer loop
      vertex -33.6762 -21.5499 2.5
      vertex -33.8 -21.6144 0
      vertex -33.6762 -21.5499 0
    endloop
  endfacet
  facet normal 0.382478 -0.923964 0
    outer loop
      vertex -33.6762 -21.5499 0
      vertex -33.5472 -21.4965 2.5
      vertex -33.6762 -21.5499 2.5
    endloop
  endfacet
  facet normal 0.382478 -0.923964 0
    outer loop
      vertex -33.5472 -21.4965 2.5
      vertex -33.6762 -21.5499 0
      vertex -33.5472 -21.4965 0
    endloop
  endfacet
  facet normal 0.793768 -0.608221 0
    outer loop
      vertex -34.3106 -22.0823 2.5
      vertex -34.2257 -21.9715 0
      vertex -34.2257 -21.9715 2.5
    endloop
  endfacet
  facet normal 0.793768 -0.608221 0
    outer loop
      vertex -34.2257 -21.9715 0
      vertex -34.3106 -22.0823 2.5
      vertex -34.3106 -22.0823 0
    endloop
  endfacet
  facet normal 0.608221 0.793768 -0
    outer loop
      vertex -33.9177 -24.3106 0
      vertex -34.0285 -24.2257 2.5
      vertex -33.9177 -24.3106 2.5
    endloop
  endfacet
  facet normal 0.608221 0.793768 0
    outer loop
      vertex -34.0285 -24.2257 2.5
      vertex -33.9177 -24.3106 0
      vertex -34.0285 -24.2257 0
    endloop
  endfacet
  facet normal -0.923964 0.382478 0
    outer loop
      vertex -31.5499 -23.6762 0
      vertex -31.4965 -23.5472 2.5
      vertex -31.4965 -23.5472 0
    endloop
  endfacet
  facet normal -0.923964 0.382478 0
    outer loop
      vertex -31.4965 -23.5472 2.5
      vertex -31.5499 -23.6762 0
      vertex -31.5499 -23.6762 2.5
    endloop
  endfacet
  facet normal -0.923964 -0.382478 0
    outer loop
      vertex -31.4965 -22.4528 0
      vertex -31.5499 -22.3238 2.5
      vertex -31.5499 -22.3238 0
    endloop
  endfacet
  facet normal -0.923964 -0.382478 0
    outer loop
      vertex -31.5499 -22.3238 2.5
      vertex -31.4965 -22.4528 0
      vertex -31.4965 -22.4528 2.5
    endloop
  endfacet
  facet normal -0.537385 -0.843337 0
    outer loop
      vertex -32.2 -21.6144 0
      vertex -32.0823 -21.6894 2.5
      vertex -32.2 -21.6144 2.5
    endloop
  endfacet
  facet normal -0.537385 -0.843337 -0
    outer loop
      vertex -32.0823 -21.6894 2.5
      vertex -32.2 -21.6144 0
      vertex -32.0823 -21.6894 0
    endloop
  endfacet
  facet normal 0.999045 0.0436859 0
    outer loop
      vertex -34.5939 -23.1395 2.5
      vertex -34.6 -23 0
      vertex -34.6 -23 2.5
    endloop
  endfacet
  facet normal 0.999045 0.0436859 0
    outer loop
      vertex -34.6 -23 0
      vertex -34.5939 -23.1395 2.5
      vertex -34.5939 -23.1395 0
    endloop
  endfacet
  facet normal 0.886853 0.462052 0
    outer loop
      vertex -34.3856 -23.8 2.5
      vertex -34.4501 -23.6762 0
      vertex -34.4501 -23.6762 2.5
    endloop
  endfacet
  facet normal 0.886853 0.462052 0
    outer loop
      vertex -34.4501 -23.6762 0
      vertex -34.3856 -23.8 2.5
      vertex -34.3856 -23.8 0
    endloop
  endfacet
  facet normal 0.976322 -0.216324 0
    outer loop
      vertex -34.5757 -22.7222 2.5
      vertex -34.5455 -22.5859 0
      vertex -34.5455 -22.5859 2.5
    endloop
  endfacet
  facet normal 0.976322 -0.216324 0
    outer loop
      vertex -34.5455 -22.5859 0
      vertex -34.5757 -22.7222 2.5
      vertex -34.5757 -22.7222 0
    endloop
  endfacet
  facet normal 0.991452 -0.130473 0
    outer loop
      vertex -34.5939 -22.8605 2.5
      vertex -34.5757 -22.7222 0
      vertex -34.5757 -22.7222 2.5
    endloop
  endfacet
  facet normal 0.991452 -0.130473 0
    outer loop
      vertex -34.5757 -22.7222 0
      vertex -34.5939 -22.8605 2.5
      vertex -34.5939 -22.8605 0
    endloop
  endfacet
  facet normal -0.300926 0.953648 0
    outer loop
      vertex -32.4528 -24.5035 0
      vertex -32.5859 -24.5455 2.5
      vertex -32.4528 -24.5035 2.5
    endloop
  endfacet
  facet normal -0.300926 0.953648 0
    outer loop
      vertex -32.5859 -24.5455 2.5
      vertex -32.4528 -24.5035 0
      vertex -32.5859 -24.5455 0
    endloop
  endfacet
  facet normal 0.300926 -0.953648 0
    outer loop
      vertex -33.5472 -21.4965 0
      vertex -33.4141 -21.4545 2.5
      vertex -33.5472 -21.4965 2.5
    endloop
  endfacet
  facet normal 0.300926 -0.953648 0
    outer loop
      vertex -33.4141 -21.4545 2.5
      vertex -33.5472 -21.4965 0
      vertex -33.4141 -21.4545 0
    endloop
  endfacet
  facet normal -0.382478 -0.923964 0
    outer loop
      vertex -32.4528 -21.4965 0
      vertex -32.3238 -21.5499 2.5
      vertex -32.4528 -21.4965 2.5
    endloop
  endfacet
  facet normal -0.382478 -0.923964 -0
    outer loop
      vertex -32.3238 -21.5499 2.5
      vertex -32.4528 -21.4965 0
      vertex -32.3238 -21.5499 0
    endloop
  endfacet
  facet normal -0.976322 0.216324 0
    outer loop
      vertex -31.4545 -23.4141 0
      vertex -31.4243 -23.2778 2.5
      vertex -31.4243 -23.2778 0
    endloop
  endfacet
  facet normal -0.976322 0.216324 0
    outer loop
      vertex -31.4243 -23.2778 2.5
      vertex -31.4545 -23.4141 0
      vertex -31.4545 -23.4141 2.5
    endloop
  endfacet
  facet normal 0.462052 0.886853 -0
    outer loop
      vertex -33.6762 -24.4501 0
      vertex -33.8 -24.3856 2.5
      vertex -33.6762 -24.4501 2.5
    endloop
  endfacet
  facet normal 0.462052 0.886853 0
    outer loop
      vertex -33.8 -24.3856 2.5
      vertex -33.6762 -24.4501 0
      vertex -33.8 -24.3856 0
    endloop
  endfacet
  facet normal -0.843337 -0.537385 0
    outer loop
      vertex -31.6144 -22.2 0
      vertex -31.6894 -22.0823 2.5
      vertex -31.6894 -22.0823 0
    endloop
  endfacet
  facet normal -0.843337 -0.537385 0
    outer loop
      vertex -31.6894 -22.0823 2.5
      vertex -31.6144 -22.2 0
      vertex -31.6144 -22.2 2.5
    endloop
  endfacet
  facet normal -0.0436859 0.999045 0
    outer loop
      vertex -32.8605 -24.5939 0
      vertex -33 -24.6 2.5
      vertex -32.8605 -24.5939 2.5
    endloop
  endfacet
  facet normal -0.0436859 0.999045 0
    outer loop
      vertex -33 -24.6 2.5
      vertex -32.8605 -24.5939 0
      vertex -33 -24.6 0
    endloop
  endfacet
  facet normal -0.537385 0.843337 0
    outer loop
      vertex -32.0823 -24.3106 0
      vertex -32.2 -24.3856 2.5
      vertex -32.0823 -24.3106 2.5
    endloop
  endfacet
  facet normal -0.537385 0.843337 0
    outer loop
      vertex -32.2 -24.3856 2.5
      vertex -32.0823 -24.3106 0
      vertex -32.2 -24.3856 0
    endloop
  endfacet
  facet normal 0.675627 0.737243 -0
    outer loop
      vertex -34.0285 -24.2257 0
      vertex -34.1314 -24.1314 2.5
      vertex -34.0285 -24.2257 2.5
    endloop
  endfacet
  facet normal 0.675627 0.737243 0
    outer loop
      vertex -34.1314 -24.1314 2.5
      vertex -34.0285 -24.2257 0
      vertex -34.1314 -24.1314 0
    endloop
  endfacet
  facet normal 0.976322 0.216324 0
    outer loop
      vertex -34.5455 -23.4141 2.5
      vertex -34.5757 -23.2778 0
      vertex -34.5757 -23.2778 2.5
    endloop
  endfacet
  facet normal 0.976322 0.216324 0
    outer loop
      vertex -34.5757 -23.2778 0
      vertex -34.5455 -23.4141 2.5
      vertex -34.5455 -23.4141 0
    endloop
  endfacet
  facet normal -0.130473 0.991452 0
    outer loop
      vertex -32.7222 -24.5757 0
      vertex -32.8605 -24.5939 2.5
      vertex -32.7222 -24.5757 2.5
    endloop
  endfacet
  facet normal -0.130473 0.991452 0
    outer loop
      vertex -32.8605 -24.5939 2.5
      vertex -32.7222 -24.5757 0
      vertex -32.8605 -24.5939 0
    endloop
  endfacet
  facet normal 0.675627 -0.737243 0
    outer loop
      vertex -34.1314 -21.8686 0
      vertex -34.0285 -21.7743 2.5
      vertex -34.1314 -21.8686 2.5
    endloop
  endfacet
  facet normal 0.675627 -0.737243 0
    outer loop
      vertex -34.0285 -21.7743 2.5
      vertex -34.1314 -21.8686 0
      vertex -34.0285 -21.7743 0
    endloop
  endfacet
  facet normal 0.923964 0.382478 0
    outer loop
      vertex -34.4501 -23.6762 2.5
      vertex -34.5035 -23.5472 0
      vertex -34.5035 -23.5472 2.5
    endloop
  endfacet
  facet normal 0.923964 0.382478 0
    outer loop
      vertex -34.5035 -23.5472 0
      vertex -34.4501 -23.6762 2.5
      vertex -34.4501 -23.6762 0
    endloop
  endfacet
  facet normal -0.991452 0.130473 0
    outer loop
      vertex -31.4243 -23.2778 0
      vertex -31.4061 -23.1395 2.5
      vertex -31.4061 -23.1395 0
    endloop
  endfacet
  facet normal -0.991452 0.130473 0
    outer loop
      vertex -31.4061 -23.1395 2.5
      vertex -31.4243 -23.2778 0
      vertex -31.4243 -23.2778 2.5
    endloop
  endfacet
  facet normal -0.999045 0.0436859 0
    outer loop
      vertex -31.4061 -23.1395 0
      vertex -31.4 -23 2.5
      vertex -31.4 -23 0
    endloop
  endfacet
  facet normal -0.999045 0.0436859 0
    outer loop
      vertex -31.4 -23 2.5
      vertex -31.4061 -23.1395 0
      vertex -31.4061 -23.1395 2.5
    endloop
  endfacet
  facet normal -0.953648 -0.300926 0
    outer loop
      vertex -31.4545 -22.5859 0
      vertex -31.4965 -22.4528 2.5
      vertex -31.4965 -22.4528 0
    endloop
  endfacet
  facet normal -0.953648 -0.300926 0
    outer loop
      vertex -31.4965 -22.4528 2.5
      vertex -31.4545 -22.5859 0
      vertex -31.4545 -22.5859 2.5
    endloop
  endfacet
  facet normal -0.793768 0.608221 0
    outer loop
      vertex -31.7743 -24.0285 0
      vertex -31.6894 -23.9177 2.5
      vertex -31.6894 -23.9177 0
    endloop
  endfacet
  facet normal -0.793768 0.608221 0
    outer loop
      vertex -31.6894 -23.9177 2.5
      vertex -31.7743 -24.0285 0
      vertex -31.7743 -24.0285 2.5
    endloop
  endfacet
  facet normal -0.216324 -0.976322 0
    outer loop
      vertex -32.7222 -21.4243 0
      vertex -32.5859 -21.4545 2.5
      vertex -32.7222 -21.4243 2.5
    endloop
  endfacet
  facet normal -0.216324 -0.976322 -0
    outer loop
      vertex -32.5859 -21.4545 2.5
      vertex -32.7222 -21.4243 0
      vertex -32.5859 -21.4545 0
    endloop
  endfacet
  facet normal 0.991452 0.130473 0
    outer loop
      vertex -34.5757 -23.2778 2.5
      vertex -34.5939 -23.1395 0
      vertex -34.5939 -23.1395 2.5
    endloop
  endfacet
  facet normal 0.991452 0.130473 0
    outer loop
      vertex -34.5939 -23.1395 0
      vertex -34.5757 -23.2778 2.5
      vertex -34.5757 -23.2778 0
    endloop
  endfacet
  facet normal -0.300926 -0.953648 0
    outer loop
      vertex -32.5859 -21.4545 0
      vertex -32.4528 -21.4965 2.5
      vertex -32.5859 -21.4545 2.5
    endloop
  endfacet
  facet normal -0.300926 -0.953648 -0
    outer loop
      vertex -32.4528 -21.4965 2.5
      vertex -32.5859 -21.4545 0
      vertex -32.4528 -21.4965 0
    endloop
  endfacet
  facet normal -0.216324 0.976322 0
    outer loop
      vertex -32.5859 -24.5455 0
      vertex -32.7222 -24.5757 2.5
      vertex -32.5859 -24.5455 2.5
    endloop
  endfacet
  facet normal -0.216324 0.976322 0
    outer loop
      vertex -32.7222 -24.5757 2.5
      vertex -32.5859 -24.5455 0
      vertex -32.7222 -24.5757 0
    endloop
  endfacet
  facet normal -0.0436859 -0.999045 0
    outer loop
      vertex -33 -21.4 0
      vertex -32.8605 -21.4061 2.5
      vertex -33 -21.4 2.5
    endloop
  endfacet
  facet normal -0.0436859 -0.999045 -0
    outer loop
      vertex -32.8605 -21.4061 2.5
      vertex -33 -21.4 0
      vertex -32.8605 -21.4061 0
    endloop
  endfacet
  facet normal -0.886853 -0.462052 0
    outer loop
      vertex -31.5499 -22.3238 0
      vertex -31.6144 -22.2 2.5
      vertex -31.6144 -22.2 0
    endloop
  endfacet
  facet normal -0.886853 -0.462052 0
    outer loop
      vertex -31.6144 -22.2 2.5
      vertex -31.5499 -22.3238 0
      vertex -31.5499 -22.3238 2.5
    endloop
  endfacet
  facet normal 0.843337 -0.537385 0
    outer loop
      vertex -34.3856 -22.2 2.5
      vertex -34.3106 -22.0823 0
      vertex -34.3106 -22.0823 2.5
    endloop
  endfacet
  facet normal 0.843337 -0.537385 0
    outer loop
      vertex -34.3106 -22.0823 0
      vertex -34.3856 -22.2 2.5
      vertex -34.3856 -22.2 0
    endloop
  endfacet
  facet normal 0.886853 -0.462052 0
    outer loop
      vertex -34.4501 -22.3238 2.5
      vertex -34.3856 -22.2 0
      vertex -34.3856 -22.2 2.5
    endloop
  endfacet
  facet normal 0.886853 -0.462052 0
    outer loop
      vertex -34.3856 -22.2 0
      vertex -34.4501 -22.3238 2.5
      vertex -34.4501 -22.3238 0
    endloop
  endfacet
  facet normal -0.462052 0.886853 0
    outer loop
      vertex -32.2 -24.3856 0
      vertex -32.3238 -24.4501 2.5
      vertex -32.2 -24.3856 2.5
    endloop
  endfacet
  facet normal -0.462052 0.886853 0
    outer loop
      vertex -32.3238 -24.4501 2.5
      vertex -32.2 -24.3856 0
      vertex -32.3238 -24.4501 0
    endloop
  endfacet
  facet normal 0.216324 -0.976322 0
    outer loop
      vertex -33.4141 -21.4545 0
      vertex -33.2778 -21.4243 2.5
      vertex -33.4141 -21.4545 2.5
    endloop
  endfacet
  facet normal 0.216324 -0.976322 0
    outer loop
      vertex -33.2778 -21.4243 2.5
      vertex -33.4141 -21.4545 0
      vertex -33.2778 -21.4243 0
    endloop
  endfacet
  facet normal 0.130473 -0.991452 0
    outer loop
      vertex -33.2778 -21.4243 0
      vertex -33.1395 -21.4061 2.5
      vertex -33.2778 -21.4243 2.5
    endloop
  endfacet
  facet normal 0.130473 -0.991452 0
    outer loop
      vertex -33.1395 -21.4061 2.5
      vertex -33.2778 -21.4243 0
      vertex -33.1395 -21.4061 0
    endloop
  endfacet
  facet normal -0.675627 -0.737243 0
    outer loop
      vertex -31.9715 -21.7743 0
      vertex -31.8686 -21.8686 2.5
      vertex -31.9715 -21.7743 2.5
    endloop
  endfacet
  facet normal -0.675627 -0.737243 -0
    outer loop
      vertex -31.8686 -21.8686 2.5
      vertex -31.9715 -21.7743 0
      vertex -31.8686 -21.8686 0
    endloop
  endfacet
  facet normal 0.843337 0.537385 0
    outer loop
      vertex -34.3106 -23.9177 2.5
      vertex -34.3856 -23.8 0
      vertex -34.3856 -23.8 2.5
    endloop
  endfacet
  facet normal 0.843337 0.537385 0
    outer loop
      vertex -34.3856 -23.8 0
      vertex -34.3106 -23.9177 2.5
      vertex -34.3106 -23.9177 0
    endloop
  endfacet
  facet normal -0.675627 0.737243 0
    outer loop
      vertex -31.8686 -24.1314 0
      vertex -31.9715 -24.2257 2.5
      vertex -31.8686 -24.1314 2.5
    endloop
  endfacet
  facet normal -0.675627 0.737243 0
    outer loop
      vertex -31.9715 -24.2257 2.5
      vertex -31.8686 -24.1314 0
      vertex -31.9715 -24.2257 0
    endloop
  endfacet
  facet normal 0.737243 0.675627 0
    outer loop
      vertex -34.1314 -24.1314 2.5
      vertex -34.2257 -24.0285 0
      vertex -34.2257 -24.0285 2.5
    endloop
  endfacet
  facet normal 0.737243 0.675627 0
    outer loop
      vertex -34.2257 -24.0285 0
      vertex -34.1314 -24.1314 2.5
      vertex -34.1314 -24.1314 0
    endloop
  endfacet
  facet normal 0.793768 0.608221 0
    outer loop
      vertex -34.2257 -24.0285 2.5
      vertex -34.3106 -23.9177 0
      vertex -34.3106 -23.9177 2.5
    endloop
  endfacet
  facet normal 0.793768 0.608221 0
    outer loop
      vertex -34.3106 -23.9177 0
      vertex -34.2257 -24.0285 2.5
      vertex -34.2257 -24.0285 0
    endloop
  endfacet
  facet normal 0.300926 0.953648 -0
    outer loop
      vertex -33.4141 -24.5455 0
      vertex -33.5472 -24.5035 2.5
      vertex -33.4141 -24.5455 2.5
    endloop
  endfacet
  facet normal 0.300926 0.953648 0
    outer loop
      vertex -33.5472 -24.5035 2.5
      vertex -33.4141 -24.5455 0
      vertex -33.5472 -24.5035 0
    endloop
  endfacet
  facet normal -0.382478 0.923964 0
    outer loop
      vertex -32.3238 -24.4501 0
      vertex -32.4528 -24.5035 2.5
      vertex -32.3238 -24.4501 2.5
    endloop
  endfacet
  facet normal -0.382478 0.923964 0
    outer loop
      vertex -32.4528 -24.5035 2.5
      vertex -32.3238 -24.4501 0
      vertex -32.4528 -24.5035 0
    endloop
  endfacet
  facet normal -0.843337 0.537385 0
    outer loop
      vertex -31.6894 -23.9177 0
      vertex -31.6144 -23.8 2.5
      vertex -31.6144 -23.8 0
    endloop
  endfacet
  facet normal -0.843337 0.537385 0
    outer loop
      vertex -31.6144 -23.8 2.5
      vertex -31.6894 -23.9177 0
      vertex -31.6894 -23.9177 2.5
    endloop
  endfacet
  facet normal -0.886853 0.462052 0
    outer loop
      vertex -31.6144 -23.8 0
      vertex -31.5499 -23.6762 2.5
      vertex -31.5499 -23.6762 0
    endloop
  endfacet
  facet normal -0.886853 0.462052 0
    outer loop
      vertex -31.5499 -23.6762 2.5
      vertex -31.6144 -23.8 0
      vertex -31.6144 -23.8 2.5
    endloop
  endfacet
  facet normal -0.953648 0.300926 0
    outer loop
      vertex -31.4965 -23.5472 0
      vertex -31.4545 -23.4141 2.5
      vertex -31.4545 -23.4141 0
    endloop
  endfacet
  facet normal -0.953648 0.300926 0
    outer loop
      vertex -31.4545 -23.4141 2.5
      vertex -31.4965 -23.5472 0
      vertex -31.4965 -23.5472 2.5
    endloop
  endfacet
  facet normal 0.0436859 -0.999045 0
    outer loop
      vertex -33.1395 -21.4061 0
      vertex -33 -21.4 2.5
      vertex -33.1395 -21.4061 2.5
    endloop
  endfacet
  facet normal 0.0436859 -0.999045 0
    outer loop
      vertex -33 -21.4 2.5
      vertex -33.1395 -21.4061 0
      vertex -33 -21.4 0
    endloop
  endfacet
  facet normal 0.0436859 0.999045 -0
    outer loop
      vertex -33 -24.6 0
      vertex -33.1395 -24.5939 2.5
      vertex -33 -24.6 2.5
    endloop
  endfacet
  facet normal 0.0436859 0.999045 0
    outer loop
      vertex -33.1395 -24.5939 2.5
      vertex -33 -24.6 0
      vertex -33.1395 -24.5939 0
    endloop
  endfacet
  facet normal 0.923964 -0.382478 0
    outer loop
      vertex -34.5035 -22.4528 2.5
      vertex -34.4501 -22.3238 0
      vertex -34.4501 -22.3238 2.5
    endloop
  endfacet
  facet normal 0.923964 -0.382478 0
    outer loop
      vertex -34.4501 -22.3238 0
      vertex -34.5035 -22.4528 2.5
      vertex -34.5035 -22.4528 0
    endloop
  endfacet
  facet normal 0.953648 -0.300926 0
    outer loop
      vertex -34.5455 -22.5859 2.5
      vertex -34.5035 -22.4528 0
      vertex -34.5035 -22.4528 2.5
    endloop
  endfacet
  facet normal 0.953648 -0.300926 0
    outer loop
      vertex -34.5035 -22.4528 0
      vertex -34.5455 -22.5859 2.5
      vertex -34.5455 -22.5859 0
    endloop
  endfacet
  facet normal -0.608221 0.793768 0
    outer loop
      vertex -31.9715 -24.2257 0
      vertex -32.0823 -24.3106 2.5
      vertex -31.9715 -24.2257 2.5
    endloop
  endfacet
  facet normal -0.608221 0.793768 0
    outer loop
      vertex -32.0823 -24.3106 2.5
      vertex -31.9715 -24.2257 0
      vertex -32.0823 -24.3106 0
    endloop
  endfacet
  facet normal -0.737243 -0.675627 0
    outer loop
      vertex -31.7743 -21.9715 0
      vertex -31.8686 -21.8686 2.5
      vertex -31.8686 -21.8686 0
    endloop
  endfacet
  facet normal -0.737243 -0.675627 0
    outer loop
      vertex -31.8686 -21.8686 2.5
      vertex -31.7743 -21.9715 0
      vertex -31.7743 -21.9715 2.5
    endloop
  endfacet
  facet normal 0.999045 -0.0436859 0
    outer loop
      vertex -34.6 -23 2.5
      vertex -34.5939 -22.8605 0
      vertex -34.5939 -22.8605 2.5
    endloop
  endfacet
  facet normal 0.999045 -0.0436859 0
    outer loop
      vertex -34.5939 -22.8605 0
      vertex -34.6 -23 2.5
      vertex -34.6 -23 0
    endloop
  endfacet
  facet normal 0.737243 -0.675627 0
    outer loop
      vertex -34.2257 -21.9715 2.5
      vertex -34.1314 -21.8686 0
      vertex -34.1314 -21.8686 2.5
    endloop
  endfacet
  facet normal 0.737243 -0.675627 0
    outer loop
      vertex -34.1314 -21.8686 0
      vertex -34.2257 -21.9715 2.5
      vertex -34.2257 -21.9715 0
    endloop
  endfacet
  facet normal 0.953648 0.300926 0
    outer loop
      vertex -34.5035 -23.5472 2.5
      vertex -34.5455 -23.4141 0
      vertex -34.5455 -23.4141 2.5
    endloop
  endfacet
  facet normal 0.953648 0.300926 0
    outer loop
      vertex -34.5455 -23.4141 0
      vertex -34.5035 -23.5472 2.5
      vertex -34.5035 -23.5472 0
    endloop
  endfacet
  facet normal -0.130473 -0.991452 0
    outer loop
      vertex -32.8605 -21.4061 0
      vertex -32.7222 -21.4243 2.5
      vertex -32.8605 -21.4061 2.5
    endloop
  endfacet
  facet normal -0.130473 -0.991452 -0
    outer loop
      vertex -32.7222 -21.4243 2.5
      vertex -32.8605 -21.4061 0
      vertex -32.7222 -21.4243 0
    endloop
  endfacet
  facet normal 0.537385 0.843337 -0
    outer loop
      vertex -33.8 -24.3856 0
      vertex -33.9177 -24.3106 2.5
      vertex -33.8 -24.3856 2.5
    endloop
  endfacet
  facet normal 0.537385 0.843337 0
    outer loop
      vertex -33.9177 -24.3106 2.5
      vertex -33.8 -24.3856 0
      vertex -33.9177 -24.3106 0
    endloop
  endfacet
  facet normal 0.382478 0.923964 -0
    outer loop
      vertex -33.5472 -24.5035 0
      vertex -33.6762 -24.4501 2.5
      vertex -33.5472 -24.5035 2.5
    endloop
  endfacet
  facet normal 0.382478 0.923964 0
    outer loop
      vertex -33.6762 -24.4501 2.5
      vertex -33.5472 -24.5035 0
      vertex -33.6762 -24.4501 0
    endloop
  endfacet
  facet normal 0.130473 0.991452 -0
    outer loop
      vertex -33.1395 -24.5939 0
      vertex -33.2778 -24.5757 2.5
      vertex -33.1395 -24.5939 2.5
    endloop
  endfacet
  facet normal 0.130473 0.991452 0
    outer loop
      vertex -33.2778 -24.5757 2.5
      vertex -33.1395 -24.5939 0
      vertex -33.2778 -24.5757 0
    endloop
  endfacet
  facet normal 0.216324 0.976322 -0
    outer loop
      vertex -33.2778 -24.5757 0
      vertex -33.4141 -24.5455 2.5
      vertex -33.2778 -24.5757 2.5
    endloop
  endfacet
  facet normal 0.216324 0.976322 0
    outer loop
      vertex -33.4141 -24.5455 2.5
      vertex -33.2778 -24.5757 0
      vertex -33.4141 -24.5455 0
    endloop
  endfacet
  facet normal -0.793768 -0.608221 0
    outer loop
      vertex -31.6894 -22.0823 0
      vertex -31.7743 -21.9715 2.5
      vertex -31.7743 -21.9715 0
    endloop
  endfacet
  facet normal -0.793768 -0.608221 0
    outer loop
      vertex -31.7743 -21.9715 2.5
      vertex -31.6894 -22.0823 0
      vertex -31.6894 -22.0823 2.5
    endloop
  endfacet
  facet normal -0.991452 -0.130473 0
    outer loop
      vertex -31.4061 23.1395 0
      vertex -31.4243 23.2778 2.5
      vertex -31.4243 23.2778 0
    endloop
  endfacet
  facet normal -0.991452 -0.130473 0
    outer loop
      vertex -31.4243 23.2778 2.5
      vertex -31.4061 23.1395 0
      vertex -31.4061 23.1395 2.5
    endloop
  endfacet
  facet normal -0.999045 -0.0436859 0
    outer loop
      vertex -31.4 23 0
      vertex -31.4061 23.1395 2.5
      vertex -31.4061 23.1395 0
    endloop
  endfacet
  facet normal -0.999045 -0.0436859 0
    outer loop
      vertex -31.4061 23.1395 2.5
      vertex -31.4 23 0
      vertex -31.4 23 2.5
    endloop
  endfacet
  facet normal -0.976322 -0.216324 0
    outer loop
      vertex -31.4243 23.2778 0
      vertex -31.4545 23.4141 2.5
      vertex -31.4545 23.4141 0
    endloop
  endfacet
  facet normal -0.976322 -0.216324 0
    outer loop
      vertex -31.4545 23.4141 2.5
      vertex -31.4243 23.2778 0
      vertex -31.4243 23.2778 2.5
    endloop
  endfacet
  facet normal 0.976322 -0.216324 0
    outer loop
      vertex -34.5757 23.2778 2.5
      vertex -34.5455 23.4141 0
      vertex -34.5455 23.4141 2.5
    endloop
  endfacet
  facet normal 0.976322 -0.216324 0
    outer loop
      vertex -34.5455 23.4141 0
      vertex -34.5757 23.2778 2.5
      vertex -34.5757 23.2778 0
    endloop
  endfacet
  facet normal -0.793768 0.608221 0
    outer loop
      vertex -31.7743 21.9715 0
      vertex -31.6894 22.0823 2.5
      vertex -31.6894 22.0823 0
    endloop
  endfacet
  facet normal -0.793768 0.608221 0
    outer loop
      vertex -31.6894 22.0823 2.5
      vertex -31.7743 21.9715 0
      vertex -31.7743 21.9715 2.5
    endloop
  endfacet
  facet normal -0.793768 -0.608221 0
    outer loop
      vertex -31.6894 23.9177 0
      vertex -31.7743 24.0285 2.5
      vertex -31.7743 24.0285 0
    endloop
  endfacet
  facet normal -0.793768 -0.608221 0
    outer loop
      vertex -31.7743 24.0285 2.5
      vertex -31.6894 23.9177 0
      vertex -31.6894 23.9177 2.5
    endloop
  endfacet
  facet normal -0.537385 -0.843337 0
    outer loop
      vertex -32.2 24.3856 0
      vertex -32.0823 24.3106 2.5
      vertex -32.2 24.3856 2.5
    endloop
  endfacet
  facet normal -0.537385 -0.843337 -0
    outer loop
      vertex -32.0823 24.3106 2.5
      vertex -32.2 24.3856 0
      vertex -32.0823 24.3106 0
    endloop
  endfacet
  facet normal -0.300926 0.953648 0
    outer loop
      vertex -32.4528 21.4965 0
      vertex -32.5859 21.4545 2.5
      vertex -32.4528 21.4965 2.5
    endloop
  endfacet
  facet normal -0.300926 0.953648 0
    outer loop
      vertex -32.5859 21.4545 2.5
      vertex -32.4528 21.4965 0
      vertex -32.5859 21.4545 0
    endloop
  endfacet
  facet normal -0.976322 0.216324 0
    outer loop
      vertex -31.4545 22.5859 0
      vertex -31.4243 22.7222 2.5
      vertex -31.4243 22.7222 0
    endloop
  endfacet
  facet normal -0.976322 0.216324 0
    outer loop
      vertex -31.4243 22.7222 2.5
      vertex -31.4545 22.5859 0
      vertex -31.4545 22.5859 2.5
    endloop
  endfacet
  facet normal 0.923964 -0.382478 0
    outer loop
      vertex -34.5035 23.5472 2.5
      vertex -34.4501 23.6762 0
      vertex -34.4501 23.6762 2.5
    endloop
  endfacet
  facet normal 0.923964 -0.382478 0
    outer loop
      vertex -34.4501 23.6762 0
      vertex -34.5035 23.5472 2.5
      vertex -34.5035 23.5472 0
    endloop
  endfacet
  facet normal 0.923964 0.382478 0
    outer loop
      vertex -34.4501 22.3238 2.5
      vertex -34.5035 22.4528 0
      vertex -34.5035 22.4528 2.5
    endloop
  endfacet
  facet normal 0.923964 0.382478 0
    outer loop
      vertex -34.5035 22.4528 0
      vertex -34.4501 22.3238 2.5
      vertex -34.4501 22.3238 0
    endloop
  endfacet
  facet normal 0.216324 -0.976322 0
    outer loop
      vertex -33.4141 24.5455 0
      vertex -33.2778 24.5757 2.5
      vertex -33.4141 24.5455 2.5
    endloop
  endfacet
  facet normal 0.216324 -0.976322 0
    outer loop
      vertex -33.2778 24.5757 2.5
      vertex -33.4141 24.5455 0
      vertex -33.2778 24.5757 0
    endloop
  endfacet
  facet normal -0.300926 -0.953648 0
    outer loop
      vertex -32.5859 24.5455 0
      vertex -32.4528 24.5035 2.5
      vertex -32.5859 24.5455 2.5
    endloop
  endfacet
  facet normal -0.300926 -0.953648 -0
    outer loop
      vertex -32.4528 24.5035 2.5
      vertex -32.5859 24.5455 0
      vertex -32.4528 24.5035 0
    endloop
  endfacet
  facet normal -0.130473 -0.991452 0
    outer loop
      vertex -32.8605 24.5939 0
      vertex -32.7222 24.5757 2.5
      vertex -32.8605 24.5939 2.5
    endloop
  endfacet
  facet normal -0.130473 -0.991452 -0
    outer loop
      vertex -32.7222 24.5757 2.5
      vertex -32.8605 24.5939 0
      vertex -32.7222 24.5757 0
    endloop
  endfacet
  facet normal 0.537385 -0.843337 0
    outer loop
      vertex -33.9177 24.3106 0
      vertex -33.8 24.3856 2.5
      vertex -33.9177 24.3106 2.5
    endloop
  endfacet
  facet normal 0.537385 -0.843337 0
    outer loop
      vertex -33.8 24.3856 2.5
      vertex -33.9177 24.3106 0
      vertex -33.8 24.3856 0
    endloop
  endfacet
  facet normal 0.843337 -0.537385 0
    outer loop
      vertex -34.3856 23.8 2.5
      vertex -34.3106 23.9177 0
      vertex -34.3106 23.9177 2.5
    endloop
  endfacet
  facet normal 0.843337 -0.537385 0
    outer loop
      vertex -34.3106 23.9177 0
      vertex -34.3856 23.8 2.5
      vertex -34.3856 23.8 0
    endloop
  endfacet
  facet normal 0.793768 0.608221 0
    outer loop
      vertex -34.2257 21.9715 2.5
      vertex -34.3106 22.0823 0
      vertex -34.3106 22.0823 2.5
    endloop
  endfacet
  facet normal 0.793768 0.608221 0
    outer loop
      vertex -34.3106 22.0823 0
      vertex -34.2257 21.9715 2.5
      vertex -34.2257 21.9715 0
    endloop
  endfacet
  facet normal 0.300926 -0.953648 0
    outer loop
      vertex -33.5472 24.5035 0
      vertex -33.4141 24.5455 2.5
      vertex -33.5472 24.5035 2.5
    endloop
  endfacet
  facet normal 0.300926 -0.953648 0
    outer loop
      vertex -33.4141 24.5455 2.5
      vertex -33.5472 24.5035 0
      vertex -33.4141 24.5455 0
    endloop
  endfacet
  facet normal -0.675627 -0.737243 0
    outer loop
      vertex -31.9715 24.2257 0
      vertex -31.8686 24.1314 2.5
      vertex -31.9715 24.2257 2.5
    endloop
  endfacet
  facet normal -0.675627 -0.737243 -0
    outer loop
      vertex -31.8686 24.1314 2.5
      vertex -31.9715 24.2257 0
      vertex -31.8686 24.1314 0
    endloop
  endfacet
  facet normal -0.0436859 -0.999045 0
    outer loop
      vertex -33 24.6 0
      vertex -32.8605 24.5939 2.5
      vertex -33 24.6 2.5
    endloop
  endfacet
  facet normal -0.0436859 -0.999045 -0
    outer loop
      vertex -32.8605 24.5939 2.5
      vertex -33 24.6 0
      vertex -32.8605 24.5939 0
    endloop
  endfacet
  facet normal -0.216324 0.976322 0
    outer loop
      vertex -32.5859 21.4545 0
      vertex -32.7222 21.4243 2.5
      vertex -32.5859 21.4545 2.5
    endloop
  endfacet
  facet normal -0.216324 0.976322 0
    outer loop
      vertex -32.7222 21.4243 2.5
      vertex -32.5859 21.4545 0
      vertex -32.7222 21.4243 0
    endloop
  endfacet
  facet normal -0.608221 -0.793768 0
    outer loop
      vertex -32.0823 24.3106 0
      vertex -31.9715 24.2257 2.5
      vertex -32.0823 24.3106 2.5
    endloop
  endfacet
  facet normal -0.608221 -0.793768 -0
    outer loop
      vertex -31.9715 24.2257 2.5
      vertex -32.0823 24.3106 0
      vertex -31.9715 24.2257 0
    endloop
  endfacet
  facet normal -0.843337 -0.537385 0
    outer loop
      vertex -31.6144 23.8 0
      vertex -31.6894 23.9177 2.5
      vertex -31.6894 23.9177 0
    endloop
  endfacet
  facet normal -0.843337 -0.537385 0
    outer loop
      vertex -31.6894 23.9177 2.5
      vertex -31.6144 23.8 0
      vertex -31.6144 23.8 2.5
    endloop
  endfacet
  facet normal 0.130473 -0.991452 0
    outer loop
      vertex -33.2778 24.5757 0
      vertex -33.1395 24.5939 2.5
      vertex -33.2778 24.5757 2.5
    endloop
  endfacet
  facet normal 0.130473 -0.991452 0
    outer loop
      vertex -33.1395 24.5939 2.5
      vertex -33.2778 24.5757 0
      vertex -33.1395 24.5939 0
    endloop
  endfacet
  facet normal -0.216324 -0.976322 0
    outer loop
      vertex -32.7222 24.5757 0
      vertex -32.5859 24.5455 2.5
      vertex -32.7222 24.5757 2.5
    endloop
  endfacet
  facet normal -0.216324 -0.976322 -0
    outer loop
      vertex -32.5859 24.5455 2.5
      vertex -32.7222 24.5757 0
      vertex -32.5859 24.5455 0
    endloop
  endfacet
  facet normal 0.953648 0.300926 0
    outer loop
      vertex -34.5035 22.4528 2.5
      vertex -34.5455 22.5859 0
      vertex -34.5455 22.5859 2.5
    endloop
  endfacet
  facet normal 0.953648 0.300926 0
    outer loop
      vertex -34.5455 22.5859 0
      vertex -34.5035 22.4528 2.5
      vertex -34.5035 22.4528 0
    endloop
  endfacet
  facet normal 0.382478 -0.923964 0
    outer loop
      vertex -33.6762 24.4501 0
      vertex -33.5472 24.5035 2.5
      vertex -33.6762 24.4501 2.5
    endloop
  endfacet
  facet normal 0.382478 -0.923964 0
    outer loop
      vertex -33.5472 24.5035 2.5
      vertex -33.6762 24.4501 0
      vertex -33.5472 24.5035 0
    endloop
  endfacet
  facet normal 0.0436859 -0.999045 0
    outer loop
      vertex -33.1395 24.5939 0
      vertex -33 24.6 2.5
      vertex -33.1395 24.5939 2.5
    endloop
  endfacet
  facet normal 0.0436859 -0.999045 0
    outer loop
      vertex -33 24.6 2.5
      vertex -33.1395 24.5939 0
      vertex -33 24.6 0
    endloop
  endfacet
  facet normal -0.675627 0.737243 0
    outer loop
      vertex -31.8686 21.8686 0
      vertex -31.9715 21.7743 2.5
      vertex -31.8686 21.8686 2.5
    endloop
  endfacet
  facet normal -0.675627 0.737243 0
    outer loop
      vertex -31.9715 21.7743 2.5
      vertex -31.8686 21.8686 0
      vertex -31.9715 21.7743 0
    endloop
  endfacet
  facet normal -0.886853 0.462052 0
    outer loop
      vertex -31.6144 22.2 0
      vertex -31.5499 22.3238 2.5
      vertex -31.5499 22.3238 0
    endloop
  endfacet
  facet normal -0.886853 0.462052 0
    outer loop
      vertex -31.5499 22.3238 2.5
      vertex -31.6144 22.2 0
      vertex -31.6144 22.2 2.5
    endloop
  endfacet
  facet normal 0.537385 0.843337 -0
    outer loop
      vertex -33.8 21.6144 0
      vertex -33.9177 21.6894 2.5
      vertex -33.8 21.6144 2.5
    endloop
  endfacet
  facet normal 0.537385 0.843337 0
    outer loop
      vertex -33.9177 21.6894 2.5
      vertex -33.8 21.6144 0
      vertex -33.9177 21.6894 0
    endloop
  endfacet
  facet normal 0.382478 0.923964 -0
    outer loop
      vertex -33.5472 21.4965 0
      vertex -33.6762 21.5499 2.5
      vertex -33.5472 21.4965 2.5
    endloop
  endfacet
  facet normal 0.382478 0.923964 0
    outer loop
      vertex -33.6762 21.5499 2.5
      vertex -33.5472 21.4965 0
      vertex -33.6762 21.5499 0
    endloop
  endfacet
  facet normal -0.462052 0.886853 0
    outer loop
      vertex -32.2 21.6144 0
      vertex -32.3238 21.5499 2.5
      vertex -32.2 21.6144 2.5
    endloop
  endfacet
  facet normal -0.462052 0.886853 0
    outer loop
      vertex -32.3238 21.5499 2.5
      vertex -32.2 21.6144 0
      vertex -32.3238 21.5499 0
    endloop
  endfacet
  facet normal -0.923964 -0.382478 0
    outer loop
      vertex -31.4965 23.5472 0
      vertex -31.5499 23.6762 2.5
      vertex -31.5499 23.6762 0
    endloop
  endfacet
  facet normal -0.923964 -0.382478 0
    outer loop
      vertex -31.5499 23.6762 2.5
      vertex -31.4965 23.5472 0
      vertex -31.4965 23.5472 2.5
    endloop
  endfacet
  facet normal -0.843337 0.537385 0
    outer loop
      vertex -31.6894 22.0823 0
      vertex -31.6144 22.2 2.5
      vertex -31.6144 22.2 0
    endloop
  endfacet
  facet normal -0.843337 0.537385 0
    outer loop
      vertex -31.6144 22.2 2.5
      vertex -31.6894 22.0823 0
      vertex -31.6894 22.0823 2.5
    endloop
  endfacet
  facet normal 0.737243 0.675627 0
    outer loop
      vertex -34.1314 21.8686 2.5
      vertex -34.2257 21.9715 0
      vertex -34.2257 21.9715 2.5
    endloop
  endfacet
  facet normal 0.737243 0.675627 0
    outer loop
      vertex -34.2257 21.9715 0
      vertex -34.1314 21.8686 2.5
      vertex -34.1314 21.8686 0
    endloop
  endfacet
  facet normal -0.953648 0.300926 0
    outer loop
      vertex -31.4965 22.4528 0
      vertex -31.4545 22.5859 2.5
      vertex -31.4545 22.5859 0
    endloop
  endfacet
  facet normal -0.953648 0.300926 0
    outer loop
      vertex -31.4545 22.5859 2.5
      vertex -31.4965 22.4528 0
      vertex -31.4965 22.4528 2.5
    endloop
  endfacet
  facet normal -0.953648 -0.300926 0
    outer loop
      vertex -31.4545 23.4141 0
      vertex -31.4965 23.5472 2.5
      vertex -31.4965 23.5472 0
    endloop
  endfacet
  facet normal -0.953648 -0.300926 0
    outer loop
      vertex -31.4965 23.5472 2.5
      vertex -31.4545 23.4141 0
      vertex -31.4545 23.4141 2.5
    endloop
  endfacet
  facet normal -0.991452 0.130473 0
    outer loop
      vertex -31.4243 22.7222 0
      vertex -31.4061 22.8605 2.5
      vertex -31.4061 22.8605 0
    endloop
  endfacet
  facet normal -0.991452 0.130473 0
    outer loop
      vertex -31.4061 22.8605 2.5
      vertex -31.4243 22.7222 0
      vertex -31.4243 22.7222 2.5
    endloop
  endfacet
  facet normal -0.999045 0.0436859 0
    outer loop
      vertex -31.4061 22.8605 0
      vertex -31.4 23 2.5
      vertex -31.4 23 0
    endloop
  endfacet
  facet normal -0.999045 0.0436859 0
    outer loop
      vertex -31.4 23 2.5
      vertex -31.4061 22.8605 0
      vertex -31.4061 22.8605 2.5
    endloop
  endfacet
  facet normal -0.886853 -0.462052 0
    outer loop
      vertex -31.5499 23.6762 0
      vertex -31.6144 23.8 2.5
      vertex -31.6144 23.8 0
    endloop
  endfacet
  facet normal -0.886853 -0.462052 0
    outer loop
      vertex -31.6144 23.8 2.5
      vertex -31.5499 23.6762 0
      vertex -31.5499 23.6762 2.5
    endloop
  endfacet
  facet normal -0.923964 0.382478 0
    outer loop
      vertex -31.5499 22.3238 0
      vertex -31.4965 22.4528 2.5
      vertex -31.4965 22.4528 0
    endloop
  endfacet
  facet normal -0.923964 0.382478 0
    outer loop
      vertex -31.4965 22.4528 2.5
      vertex -31.5499 22.3238 0
      vertex -31.5499 22.3238 2.5
    endloop
  endfacet
  facet normal -0.130473 0.991452 0
    outer loop
      vertex -32.7222 21.4243 0
      vertex -32.8605 21.4061 2.5
      vertex -32.7222 21.4243 2.5
    endloop
  endfacet
  facet normal -0.130473 0.991452 0
    outer loop
      vertex -32.8605 21.4061 2.5
      vertex -32.7222 21.4243 0
      vertex -32.8605 21.4061 0
    endloop
  endfacet
  facet normal 0.0436859 0.999045 -0
    outer loop
      vertex -33 21.4 0
      vertex -33.1395 21.4061 2.5
      vertex -33 21.4 2.5
    endloop
  endfacet
  facet normal 0.0436859 0.999045 0
    outer loop
      vertex -33.1395 21.4061 2.5
      vertex -33 21.4 0
      vertex -33.1395 21.4061 0
    endloop
  endfacet
  facet normal 0.462052 -0.886853 0
    outer loop
      vertex -33.8 24.3856 0
      vertex -33.6762 24.4501 2.5
      vertex -33.8 24.3856 2.5
    endloop
  endfacet
  facet normal 0.462052 -0.886853 0
    outer loop
      vertex -33.6762 24.4501 2.5
      vertex -33.8 24.3856 0
      vertex -33.6762 24.4501 0
    endloop
  endfacet
  facet normal -0.382478 -0.923964 0
    outer loop
      vertex -32.4528 24.5035 0
      vertex -32.3238 24.4501 2.5
      vertex -32.4528 24.5035 2.5
    endloop
  endfacet
  facet normal -0.382478 -0.923964 -0
    outer loop
      vertex -32.3238 24.4501 2.5
      vertex -32.4528 24.5035 0
      vertex -32.3238 24.4501 0
    endloop
  endfacet
  facet normal -0.0436859 0.999045 0
    outer loop
      vertex -32.8605 21.4061 0
      vertex -33 21.4 2.5
      vertex -32.8605 21.4061 2.5
    endloop
  endfacet
  facet normal -0.0436859 0.999045 0
    outer loop
      vertex -33 21.4 2.5
      vertex -32.8605 21.4061 0
      vertex -33 21.4 0
    endloop
  endfacet
  facet normal 0.886853 0.462052 0
    outer loop
      vertex -34.3856 22.2 2.5
      vertex -34.4501 22.3238 0
      vertex -34.4501 22.3238 2.5
    endloop
  endfacet
  facet normal 0.886853 0.462052 0
    outer loop
      vertex -34.4501 22.3238 0
      vertex -34.3856 22.2 2.5
      vertex -34.3856 22.2 0
    endloop
  endfacet
  facet normal 0.737243 -0.675627 0
    outer loop
      vertex -34.2257 24.0285 2.5
      vertex -34.1314 24.1314 0
      vertex -34.1314 24.1314 2.5
    endloop
  endfacet
  facet normal 0.737243 -0.675627 0
    outer loop
      vertex -34.1314 24.1314 0
      vertex -34.2257 24.0285 2.5
      vertex -34.2257 24.0285 0
    endloop
  endfacet
  facet normal 0.843337 0.537385 0
    outer loop
      vertex -34.3106 22.0823 2.5
      vertex -34.3856 22.2 0
      vertex -34.3856 22.2 2.5
    endloop
  endfacet
  facet normal 0.843337 0.537385 0
    outer loop
      vertex -34.3856 22.2 0
      vertex -34.3106 22.0823 2.5
      vertex -34.3106 22.0823 0
    endloop
  endfacet
  facet normal 0.793768 -0.608221 0
    outer loop
      vertex -34.3106 23.9177 2.5
      vertex -34.2257 24.0285 0
      vertex -34.2257 24.0285 2.5
    endloop
  endfacet
  facet normal 0.793768 -0.608221 0
    outer loop
      vertex -34.2257 24.0285 0
      vertex -34.3106 23.9177 2.5
      vertex -34.3106 23.9177 0
    endloop
  endfacet
  facet normal 0.999045 -0.0436859 0
    outer loop
      vertex -34.6 23 2.5
      vertex -34.5939 23.1395 0
      vertex -34.5939 23.1395 2.5
    endloop
  endfacet
  facet normal 0.999045 -0.0436859 0
    outer loop
      vertex -34.5939 23.1395 0
      vertex -34.6 23 2.5
      vertex -34.6 23 0
    endloop
  endfacet
  facet normal 0.886853 -0.462052 0
    outer loop
      vertex -34.4501 23.6762 2.5
      vertex -34.3856 23.8 0
      vertex -34.3856 23.8 2.5
    endloop
  endfacet
  facet normal 0.886853 -0.462052 0
    outer loop
      vertex -34.3856 23.8 0
      vertex -34.4501 23.6762 2.5
      vertex -34.4501 23.6762 0
    endloop
  endfacet
  facet normal 0.675627 0.737243 -0
    outer loop
      vertex -34.0285 21.7743 0
      vertex -34.1314 21.8686 2.5
      vertex -34.0285 21.7743 2.5
    endloop
  endfacet
  facet normal 0.675627 0.737243 0
    outer loop
      vertex -34.1314 21.8686 2.5
      vertex -34.0285 21.7743 0
      vertex -34.1314 21.8686 0
    endloop
  endfacet
  facet normal 0.953648 -0.300926 0
    outer loop
      vertex -34.5455 23.4141 2.5
      vertex -34.5035 23.5472 0
      vertex -34.5035 23.5472 2.5
    endloop
  endfacet
  facet normal 0.953648 -0.300926 0
    outer loop
      vertex -34.5035 23.5472 0
      vertex -34.5455 23.4141 2.5
      vertex -34.5455 23.4141 0
    endloop
  endfacet
  facet normal 0.976322 0.216324 0
    outer loop
      vertex -34.5455 22.5859 2.5
      vertex -34.5757 22.7222 0
      vertex -34.5757 22.7222 2.5
    endloop
  endfacet
  facet normal 0.976322 0.216324 0
    outer loop
      vertex -34.5757 22.7222 0
      vertex -34.5455 22.5859 2.5
      vertex -34.5455 22.5859 0
    endloop
  endfacet
  facet normal -0.382478 0.923964 0
    outer loop
      vertex -32.3238 21.5499 0
      vertex -32.4528 21.4965 2.5
      vertex -32.3238 21.5499 2.5
    endloop
  endfacet
  facet normal -0.382478 0.923964 0
    outer loop
      vertex -32.4528 21.4965 2.5
      vertex -32.3238 21.5499 0
      vertex -32.4528 21.4965 0
    endloop
  endfacet
  facet normal 0.991452 0.130473 0
    outer loop
      vertex -34.5757 22.7222 2.5
      vertex -34.5939 22.8605 0
      vertex -34.5939 22.8605 2.5
    endloop
  endfacet
  facet normal 0.991452 0.130473 0
    outer loop
      vertex -34.5939 22.8605 0
      vertex -34.5757 22.7222 2.5
      vertex -34.5757 22.7222 0
    endloop
  endfacet
  facet normal -0.737243 -0.675627 0
    outer loop
      vertex -31.7743 24.0285 0
      vertex -31.8686 24.1314 2.5
      vertex -31.8686 24.1314 0
    endloop
  endfacet
  facet normal -0.737243 -0.675627 0
    outer loop
      vertex -31.8686 24.1314 2.5
      vertex -31.7743 24.0285 0
      vertex -31.7743 24.0285 2.5
    endloop
  endfacet
  facet normal 0.999045 0.0436859 0
    outer loop
      vertex -34.5939 22.8605 2.5
      vertex -34.6 23 0
      vertex -34.6 23 2.5
    endloop
  endfacet
  facet normal 0.999045 0.0436859 0
    outer loop
      vertex -34.6 23 0
      vertex -34.5939 22.8605 2.5
      vertex -34.5939 22.8605 0
    endloop
  endfacet
  facet normal -0.462052 -0.886853 0
    outer loop
      vertex -32.3238 24.4501 0
      vertex -32.2 24.3856 2.5
      vertex -32.3238 24.4501 2.5
    endloop
  endfacet
  facet normal -0.462052 -0.886853 -0
    outer loop
      vertex -32.2 24.3856 2.5
      vertex -32.3238 24.4501 0
      vertex -32.2 24.3856 0
    endloop
  endfacet
  facet normal -0.537385 0.843337 0
    outer loop
      vertex -32.0823 21.6894 0
      vertex -32.2 21.6144 2.5
      vertex -32.0823 21.6894 2.5
    endloop
  endfacet
  facet normal -0.537385 0.843337 0
    outer loop
      vertex -32.2 21.6144 2.5
      vertex -32.0823 21.6894 0
      vertex -32.2 21.6144 0
    endloop
  endfacet
  facet normal 0.608221 0.793768 -0
    outer loop
      vertex -33.9177 21.6894 0
      vertex -34.0285 21.7743 2.5
      vertex -33.9177 21.6894 2.5
    endloop
  endfacet
  facet normal 0.608221 0.793768 0
    outer loop
      vertex -34.0285 21.7743 2.5
      vertex -33.9177 21.6894 0
      vertex -34.0285 21.7743 0
    endloop
  endfacet
  facet normal 0.991452 -0.130473 0
    outer loop
      vertex -34.5939 23.1395 2.5
      vertex -34.5757 23.2778 0
      vertex -34.5757 23.2778 2.5
    endloop
  endfacet
  facet normal 0.991452 -0.130473 0
    outer loop
      vertex -34.5757 23.2778 0
      vertex -34.5939 23.1395 2.5
      vertex -34.5939 23.1395 0
    endloop
  endfacet
  facet normal 0.216324 0.976322 -0
    outer loop
      vertex -33.2778 21.4243 0
      vertex -33.4141 21.4545 2.5
      vertex -33.2778 21.4243 2.5
    endloop
  endfacet
  facet normal 0.216324 0.976322 0
    outer loop
      vertex -33.4141 21.4545 2.5
      vertex -33.2778 21.4243 0
      vertex -33.4141 21.4545 0
    endloop
  endfacet
  facet normal 0.130473 0.991452 -0
    outer loop
      vertex -33.1395 21.4061 0
      vertex -33.2778 21.4243 2.5
      vertex -33.1395 21.4061 2.5
    endloop
  endfacet
  facet normal 0.130473 0.991452 0
    outer loop
      vertex -33.2778 21.4243 2.5
      vertex -33.1395 21.4061 0
      vertex -33.2778 21.4243 0
    endloop
  endfacet
  facet normal 0.608221 -0.793768 0
    outer loop
      vertex -34.0285 24.2257 0
      vertex -33.9177 24.3106 2.5
      vertex -34.0285 24.2257 2.5
    endloop
  endfacet
  facet normal 0.608221 -0.793768 0
    outer loop
      vertex -33.9177 24.3106 2.5
      vertex -34.0285 24.2257 0
      vertex -33.9177 24.3106 0
    endloop
  endfacet
  facet normal -0.737243 0.675627 0
    outer loop
      vertex -31.8686 21.8686 0
      vertex -31.7743 21.9715 2.5
      vertex -31.7743 21.9715 0
    endloop
  endfacet
  facet normal -0.737243 0.675627 0
    outer loop
      vertex -31.7743 21.9715 2.5
      vertex -31.8686 21.8686 0
      vertex -31.8686 21.8686 2.5
    endloop
  endfacet
  facet normal 0.675627 -0.737243 0
    outer loop
      vertex -34.1314 24.1314 0
      vertex -34.0285 24.2257 2.5
      vertex -34.1314 24.1314 2.5
    endloop
  endfacet
  facet normal 0.675627 -0.737243 0
    outer loop
      vertex -34.0285 24.2257 2.5
      vertex -34.1314 24.1314 0
      vertex -34.0285 24.2257 0
    endloop
  endfacet
  facet normal 0.462052 0.886853 -0
    outer loop
      vertex -33.6762 21.5499 0
      vertex -33.8 21.6144 2.5
      vertex -33.6762 21.5499 2.5
    endloop
  endfacet
  facet normal 0.462052 0.886853 0
    outer loop
      vertex -33.8 21.6144 2.5
      vertex -33.6762 21.5499 0
      vertex -33.8 21.6144 0
    endloop
  endfacet
  facet normal -0.608221 0.793768 0
    outer loop
      vertex -31.9715 21.7743 0
      vertex -32.0823 21.6894 2.5
      vertex -31.9715 21.7743 2.5
    endloop
  endfacet
  facet normal -0.608221 0.793768 0
    outer loop
      vertex -32.0823 21.6894 2.5
      vertex -31.9715 21.7743 0
      vertex -32.0823 21.6894 0
    endloop
  endfacet
  facet normal 0.300926 0.953648 -0
    outer loop
      vertex -33.4141 21.4545 0
      vertex -33.5472 21.4965 2.5
      vertex -33.4141 21.4545 2.5
    endloop
  endfacet
  facet normal 0.300926 0.953648 0
    outer loop
      vertex -33.5472 21.4965 2.5
      vertex -33.4141 21.4545 0
      vertex -33.5472 21.4965 0
    endloop
  endfacet
  facet normal -0.991452 -0.130473 0
    outer loop
      vertex 34.5939 -22.8605 0
      vertex 34.5757 -22.7222 2.5
      vertex 34.5757 -22.7222 0
    endloop
  endfacet
  facet normal -0.991452 -0.130473 0
    outer loop
      vertex 34.5757 -22.7222 2.5
      vertex 34.5939 -22.8605 0
      vertex 34.5939 -22.8605 2.5
    endloop
  endfacet
  facet normal -0.999045 -0.0436859 0
    outer loop
      vertex 34.6 -23 0
      vertex 34.5939 -22.8605 2.5
      vertex 34.5939 -22.8605 0
    endloop
  endfacet
  facet normal -0.999045 -0.0436859 0
    outer loop
      vertex 34.5939 -22.8605 2.5
      vertex 34.6 -23 0
      vertex 34.6 -23 2.5
    endloop
  endfacet
  facet normal -0.976322 -0.216324 0
    outer loop
      vertex 34.5757 -22.7222 0
      vertex 34.5455 -22.5859 2.5
      vertex 34.5455 -22.5859 0
    endloop
  endfacet
  facet normal -0.976322 -0.216324 0
    outer loop
      vertex 34.5455 -22.5859 2.5
      vertex 34.5757 -22.7222 0
      vertex 34.5757 -22.7222 2.5
    endloop
  endfacet
  facet normal -0.608221 -0.793768 0
    outer loop
      vertex 33.9177 -21.6894 0
      vertex 34.0285 -21.7743 2.5
      vertex 33.9177 -21.6894 2.5
    endloop
  endfacet
  facet normal -0.608221 -0.793768 -0
    outer loop
      vertex 34.0285 -21.7743 2.5
      vertex 33.9177 -21.6894 0
      vertex 34.0285 -21.7743 0
    endloop
  endfacet
  facet normal -0.737243 0.675627 0
    outer loop
      vertex 34.1314 -24.1314 0
      vertex 34.2257 -24.0285 2.5
      vertex 34.2257 -24.0285 0
    endloop
  endfacet
  facet normal -0.737243 0.675627 0
    outer loop
      vertex 34.2257 -24.0285 2.5
      vertex 34.1314 -24.1314 0
      vertex 34.1314 -24.1314 2.5
    endloop
  endfacet
  facet normal 0.608221 -0.793768 0
    outer loop
      vertex 31.9715 -21.7743 0
      vertex 32.0823 -21.6894 2.5
      vertex 31.9715 -21.7743 2.5
    endloop
  endfacet
  facet normal 0.608221 -0.793768 0
    outer loop
      vertex 32.0823 -21.6894 2.5
      vertex 31.9715 -21.7743 0
      vertex 32.0823 -21.6894 0
    endloop
  endfacet
  facet normal 0.537385 -0.843337 0
    outer loop
      vertex 32.0823 -21.6894 0
      vertex 32.2 -21.6144 2.5
      vertex 32.0823 -21.6894 2.5
    endloop
  endfacet
  facet normal 0.537385 -0.843337 0
    outer loop
      vertex 32.2 -21.6144 2.5
      vertex 32.0823 -21.6894 0
      vertex 32.2 -21.6144 0
    endloop
  endfacet
  facet normal -0.462052 -0.886853 0
    outer loop
      vertex 33.6762 -21.5499 0
      vertex 33.8 -21.6144 2.5
      vertex 33.6762 -21.5499 2.5
    endloop
  endfacet
  facet normal -0.462052 -0.886853 -0
    outer loop
      vertex 33.8 -21.6144 2.5
      vertex 33.6762 -21.5499 0
      vertex 33.8 -21.6144 0
    endloop
  endfacet
  facet normal 0.462052 -0.886853 0
    outer loop
      vertex 32.2 -21.6144 0
      vertex 32.3238 -21.5499 2.5
      vertex 32.2 -21.6144 2.5
    endloop
  endfacet
  facet normal 0.462052 -0.886853 0
    outer loop
      vertex 32.3238 -21.5499 2.5
      vertex 32.2 -21.6144 0
      vertex 32.3238 -21.5499 0
    endloop
  endfacet
  facet normal 0.382478 -0.923964 0
    outer loop
      vertex 32.3238 -21.5499 0
      vertex 32.4528 -21.4965 2.5
      vertex 32.3238 -21.5499 2.5
    endloop
  endfacet
  facet normal 0.382478 -0.923964 0
    outer loop
      vertex 32.4528 -21.4965 2.5
      vertex 32.3238 -21.5499 0
      vertex 32.4528 -21.4965 0
    endloop
  endfacet
  facet normal 0.793768 -0.608221 0
    outer loop
      vertex 31.6894 -22.0823 2.5
      vertex 31.7743 -21.9715 0
      vertex 31.7743 -21.9715 2.5
    endloop
  endfacet
  facet normal 0.793768 -0.608221 0
    outer loop
      vertex 31.7743 -21.9715 0
      vertex 31.6894 -22.0823 2.5
      vertex 31.6894 -22.0823 0
    endloop
  endfacet
  facet normal -0.923964 0.382478 0
    outer loop
      vertex 34.4501 -23.6762 0
      vertex 34.5035 -23.5472 2.5
      vertex 34.5035 -23.5472 0
    endloop
  endfacet
  facet normal -0.923964 0.382478 0
    outer loop
      vertex 34.5035 -23.5472 2.5
      vertex 34.4501 -23.6762 0
      vertex 34.4501 -23.6762 2.5
    endloop
  endfacet
  facet normal -0.923964 -0.382478 0
    outer loop
      vertex 34.5035 -22.4528 0
      vertex 34.4501 -22.3238 2.5
      vertex 34.4501 -22.3238 0
    endloop
  endfacet
  facet normal -0.923964 -0.382478 0
    outer loop
      vertex 34.4501 -22.3238 2.5
      vertex 34.5035 -22.4528 0
      vertex 34.5035 -22.4528 2.5
    endloop
  endfacet
  facet normal -0.537385 -0.843337 0
    outer loop
      vertex 33.8 -21.6144 0
      vertex 33.9177 -21.6894 2.5
      vertex 33.8 -21.6144 2.5
    endloop
  endfacet
  facet normal -0.537385 -0.843337 -0
    outer loop
      vertex 33.9177 -21.6894 2.5
      vertex 33.8 -21.6144 0
      vertex 33.9177 -21.6894 0
    endloop
  endfacet
  facet normal 0.999045 0.0436859 0
    outer loop
      vertex 31.4061 -23.1395 2.5
      vertex 31.4 -23 0
      vertex 31.4 -23 2.5
    endloop
  endfacet
  facet normal 0.999045 0.0436859 0
    outer loop
      vertex 31.4 -23 0
      vertex 31.4061 -23.1395 2.5
      vertex 31.4061 -23.1395 0
    endloop
  endfacet
  facet normal 0.886853 0.462052 0
    outer loop
      vertex 31.6144 -23.8 2.5
      vertex 31.5499 -23.6762 0
      vertex 31.5499 -23.6762 2.5
    endloop
  endfacet
  facet normal 0.886853 0.462052 0
    outer loop
      vertex 31.5499 -23.6762 0
      vertex 31.6144 -23.8 2.5
      vertex 31.6144 -23.8 0
    endloop
  endfacet
  facet normal 0.976322 -0.216324 0
    outer loop
      vertex 31.4243 -22.7222 2.5
      vertex 31.4545 -22.5859 0
      vertex 31.4545 -22.5859 2.5
    endloop
  endfacet
  facet normal 0.976322 -0.216324 0
    outer loop
      vertex 31.4545 -22.5859 0
      vertex 31.4243 -22.7222 2.5
      vertex 31.4243 -22.7222 0
    endloop
  endfacet
  facet normal 0.991452 -0.130473 0
    outer loop
      vertex 31.4061 -22.8605 2.5
      vertex 31.4243 -22.7222 0
      vertex 31.4243 -22.7222 2.5
    endloop
  endfacet
  facet normal 0.991452 -0.130473 0
    outer loop
      vertex 31.4243 -22.7222 0
      vertex 31.4061 -22.8605 2.5
      vertex 31.4061 -22.8605 0
    endloop
  endfacet
  facet normal -0.300926 0.953648 0
    outer loop
      vertex 33.5472 -24.5035 0
      vertex 33.4141 -24.5455 2.5
      vertex 33.5472 -24.5035 2.5
    endloop
  endfacet
  facet normal -0.300926 0.953648 0
    outer loop
      vertex 33.4141 -24.5455 2.5
      vertex 33.5472 -24.5035 0
      vertex 33.4141 -24.5455 0
    endloop
  endfacet
  facet normal 0.300926 -0.953648 0
    outer loop
      vertex 32.4528 -21.4965 0
      vertex 32.5859 -21.4545 2.5
      vertex 32.4528 -21.4965 2.5
    endloop
  endfacet
  facet normal 0.300926 -0.953648 0
    outer loop
      vertex 32.5859 -21.4545 2.5
      vertex 32.4528 -21.4965 0
      vertex 32.5859 -21.4545 0
    endloop
  endfacet
  facet normal -0.382478 -0.923964 0
    outer loop
      vertex 33.5472 -21.4965 0
      vertex 33.6762 -21.5499 2.5
      vertex 33.5472 -21.4965 2.5
    endloop
  endfacet
  facet normal -0.382478 -0.923964 -0
    outer loop
      vertex 33.6762 -21.5499 2.5
      vertex 33.5472 -21.4965 0
      vertex 33.6762 -21.5499 0
    endloop
  endfacet
  facet normal -0.976322 0.216324 0
    outer loop
      vertex 34.5455 -23.4141 0
      vertex 34.5757 -23.2778 2.5
      vertex 34.5757 -23.2778 0
    endloop
  endfacet
  facet normal -0.976322 0.216324 0
    outer loop
      vertex 34.5757 -23.2778 2.5
      vertex 34.5455 -23.4141 0
      vertex 34.5455 -23.4141 2.5
    endloop
  endfacet
  facet normal 0.462052 0.886853 -0
    outer loop
      vertex 32.3238 -24.4501 0
      vertex 32.2 -24.3856 2.5
      vertex 32.3238 -24.4501 2.5
    endloop
  endfacet
  facet normal 0.462052 0.886853 0
    outer loop
      vertex 32.2 -24.3856 2.5
      vertex 32.3238 -24.4501 0
      vertex 32.2 -24.3856 0
    endloop
  endfacet
  facet normal -0.843337 -0.537385 0
    outer loop
      vertex 34.3856 -22.2 0
      vertex 34.3106 -22.0823 2.5
      vertex 34.3106 -22.0823 0
    endloop
  endfacet
  facet normal -0.843337 -0.537385 0
    outer loop
      vertex 34.3106 -22.0823 2.5
      vertex 34.3856 -22.2 0
      vertex 34.3856 -22.2 2.5
    endloop
  endfacet
  facet normal -0.0436859 0.999045 0
    outer loop
      vertex 33.1395 -24.5939 0
      vertex 33 -24.6 2.5
      vertex 33.1395 -24.5939 2.5
    endloop
  endfacet
  facet normal -0.0436859 0.999045 0
    outer loop
      vertex 33 -24.6 2.5
      vertex 33.1395 -24.5939 0
      vertex 33 -24.6 0
    endloop
  endfacet
  facet normal -0.537385 0.843337 0
    outer loop
      vertex 33.9177 -24.3106 0
      vertex 33.8 -24.3856 2.5
      vertex 33.9177 -24.3106 2.5
    endloop
  endfacet
  facet normal -0.537385 0.843337 0
    outer loop
      vertex 33.8 -24.3856 2.5
      vertex 33.9177 -24.3106 0
      vertex 33.8 -24.3856 0
    endloop
  endfacet
  facet normal 0.675627 0.737243 -0
    outer loop
      vertex 31.9715 -24.2257 0
      vertex 31.8686 -24.1314 2.5
      vertex 31.9715 -24.2257 2.5
    endloop
  endfacet
  facet normal 0.675627 0.737243 0
    outer loop
      vertex 31.8686 -24.1314 2.5
      vertex 31.9715 -24.2257 0
      vertex 31.8686 -24.1314 0
    endloop
  endfacet
  facet normal 0.976322 0.216324 0
    outer loop
      vertex 31.4545 -23.4141 2.5
      vertex 31.4243 -23.2778 0
      vertex 31.4243 -23.2778 2.5
    endloop
  endfacet
  facet normal 0.976322 0.216324 0
    outer loop
      vertex 31.4243 -23.2778 0
      vertex 31.4545 -23.4141 2.5
      vertex 31.4545 -23.4141 0
    endloop
  endfacet
  facet normal -0.130473 0.991452 0
    outer loop
      vertex 33.2778 -24.5757 0
      vertex 33.1395 -24.5939 2.5
      vertex 33.2778 -24.5757 2.5
    endloop
  endfacet
  facet normal -0.130473 0.991452 0
    outer loop
      vertex 33.1395 -24.5939 2.5
      vertex 33.2778 -24.5757 0
      vertex 33.1395 -24.5939 0
    endloop
  endfacet
  facet normal 0.675627 -0.737243 0
    outer loop
      vertex 31.8686 -21.8686 0
      vertex 31.9715 -21.7743 2.5
      vertex 31.8686 -21.8686 2.5
    endloop
  endfacet
  facet normal 0.675627 -0.737243 0
    outer loop
      vertex 31.9715 -21.7743 2.5
      vertex 31.8686 -21.8686 0
      vertex 31.9715 -21.7743 0
    endloop
  endfacet
  facet normal 0.923964 0.382478 0
    outer loop
      vertex 31.5499 -23.6762 2.5
      vertex 31.4965 -23.5472 0
      vertex 31.4965 -23.5472 2.5
    endloop
  endfacet
  facet normal 0.923964 0.382478 0
    outer loop
      vertex 31.4965 -23.5472 0
      vertex 31.5499 -23.6762 2.5
      vertex 31.5499 -23.6762 0
    endloop
  endfacet
  facet normal -0.991452 0.130473 0
    outer loop
      vertex 34.5757 -23.2778 0
      vertex 34.5939 -23.1395 2.5
      vertex 34.5939 -23.1395 0
    endloop
  endfacet
  facet normal -0.991452 0.130473 0
    outer loop
      vertex 34.5939 -23.1395 2.5
      vertex 34.5757 -23.2778 0
      vertex 34.5757 -23.2778 2.5
    endloop
  endfacet
  facet normal -0.999045 0.0436859 0
    outer loop
      vertex 34.5939 -23.1395 0
      vertex 34.6 -23 2.5
      vertex 34.6 -23 0
    endloop
  endfacet
  facet normal -0.999045 0.0436859 0
    outer loop
      vertex 34.6 -23 2.5
      vertex 34.5939 -23.1395 0
      vertex 34.5939 -23.1395 2.5
    endloop
  endfacet
  facet normal -0.953648 -0.300926 0
    outer loop
      vertex 34.5455 -22.5859 0
      vertex 34.5035 -22.4528 2.5
      vertex 34.5035 -22.4528 0
    endloop
  endfacet
  facet normal -0.953648 -0.300926 0
    outer loop
      vertex 34.5035 -22.4528 2.5
      vertex 34.5455 -22.5859 0
      vertex 34.5455 -22.5859 2.5
    endloop
  endfacet
  facet normal -0.793768 0.608221 0
    outer loop
      vertex 34.2257 -24.0285 0
      vertex 34.3106 -23.9177 2.5
      vertex 34.3106 -23.9177 0
    endloop
  endfacet
  facet normal -0.793768 0.608221 0
    outer loop
      vertex 34.3106 -23.9177 2.5
      vertex 34.2257 -24.0285 0
      vertex 34.2257 -24.0285 2.5
    endloop
  endfacet
  facet normal -0.216324 -0.976322 0
    outer loop
      vertex 33.2778 -21.4243 0
      vertex 33.4141 -21.4545 2.5
      vertex 33.2778 -21.4243 2.5
    endloop
  endfacet
  facet normal -0.216324 -0.976322 -0
    outer loop
      vertex 33.4141 -21.4545 2.5
      vertex 33.2778 -21.4243 0
      vertex 33.4141 -21.4545 0
    endloop
  endfacet
  facet normal 0.991452 0.130473 0
    outer loop
      vertex 31.4243 -23.2778 2.5
      vertex 31.4061 -23.1395 0
      vertex 31.4061 -23.1395 2.5
    endloop
  endfacet
  facet normal 0.991452 0.130473 0
    outer loop
      vertex 31.4061 -23.1395 0
      vertex 31.4243 -23.2778 2.5
      vertex 31.4243 -23.2778 0
    endloop
  endfacet
  facet normal -0.300926 -0.953648 0
    outer loop
      vertex 33.4141 -21.4545 0
      vertex 33.5472 -21.4965 2.5
      vertex 33.4141 -21.4545 2.5
    endloop
  endfacet
  facet normal -0.300926 -0.953648 -0
    outer loop
      vertex 33.5472 -21.4965 2.5
      vertex 33.4141 -21.4545 0
      vertex 33.5472 -21.4965 0
    endloop
  endfacet
  facet normal -0.216324 0.976322 0
    outer loop
      vertex 33.4141 -24.5455 0
      vertex 33.2778 -24.5757 2.5
      vertex 33.4141 -24.5455 2.5
    endloop
  endfacet
  facet normal -0.216324 0.976322 0
    outer loop
      vertex 33.2778 -24.5757 2.5
      vertex 33.4141 -24.5455 0
      vertex 33.2778 -24.5757 0
    endloop
  endfacet
  facet normal -0.0436859 -0.999045 0
    outer loop
      vertex 33 -21.4 0
      vertex 33.1395 -21.4061 2.5
      vertex 33 -21.4 2.5
    endloop
  endfacet
  facet normal -0.0436859 -0.999045 -0
    outer loop
      vertex 33.1395 -21.4061 2.5
      vertex 33 -21.4 0
      vertex 33.1395 -21.4061 0
    endloop
  endfacet
  facet normal -0.886853 -0.462052 0
    outer loop
      vertex 34.4501 -22.3238 0
      vertex 34.3856 -22.2 2.5
      vertex 34.3856 -22.2 0
    endloop
  endfacet
  facet normal -0.886853 -0.462052 0
    outer loop
      vertex 34.3856 -22.2 2.5
      vertex 34.4501 -22.3238 0
      vertex 34.4501 -22.3238 2.5
    endloop
  endfacet
  facet normal 0.843337 -0.537385 0
    outer loop
      vertex 31.6144 -22.2 2.5
      vertex 31.6894 -22.0823 0
      vertex 31.6894 -22.0823 2.5
    endloop
  endfacet
  facet normal 0.843337 -0.537385 0
    outer loop
      vertex 31.6894 -22.0823 0
      vertex 31.6144 -22.2 2.5
      vertex 31.6144 -22.2 0
    endloop
  endfacet
  facet normal 0.886853 -0.462052 0
    outer loop
      vertex 31.5499 -22.3238 2.5
      vertex 31.6144 -22.2 0
      vertex 31.6144 -22.2 2.5
    endloop
  endfacet
  facet normal 0.886853 -0.462052 0
    outer loop
      vertex 31.6144 -22.2 0
      vertex 31.5499 -22.3238 2.5
      vertex 31.5499 -22.3238 0
    endloop
  endfacet
  facet normal -0.462052 0.886853 0
    outer loop
      vertex 33.8 -24.3856 0
      vertex 33.6762 -24.4501 2.5
      vertex 33.8 -24.3856 2.5
    endloop
  endfacet
  facet normal -0.462052 0.886853 0
    outer loop
      vertex 33.6762 -24.4501 2.5
      vertex 33.8 -24.3856 0
      vertex 33.6762 -24.4501 0
    endloop
  endfacet
  facet normal 0.216324 -0.976322 0
    outer loop
      vertex 32.5859 -21.4545 0
      vertex 32.7222 -21.4243 2.5
      vertex 32.5859 -21.4545 2.5
    endloop
  endfacet
  facet normal 0.216324 -0.976322 0
    outer loop
      vertex 32.7222 -21.4243 2.5
      vertex 32.5859 -21.4545 0
      vertex 32.7222 -21.4243 0
    endloop
  endfacet
  facet normal 0.130473 -0.991452 0
    outer loop
      vertex 32.7222 -21.4243 0
      vertex 32.8605 -21.4061 2.5
      vertex 32.7222 -21.4243 2.5
    endloop
  endfacet
  facet normal 0.130473 -0.991452 0
    outer loop
      vertex 32.8605 -21.4061 2.5
      vertex 32.7222 -21.4243 0
      vertex 32.8605 -21.4061 0
    endloop
  endfacet
  facet normal -0.675627 -0.737243 0
    outer loop
      vertex 34.0285 -21.7743 0
      vertex 34.1314 -21.8686 2.5
      vertex 34.0285 -21.7743 2.5
    endloop
  endfacet
  facet normal -0.675627 -0.737243 -0
    outer loop
      vertex 34.1314 -21.8686 2.5
      vertex 34.0285 -21.7743 0
      vertex 34.1314 -21.8686 0
    endloop
  endfacet
  facet normal 0.843337 0.537385 0
    outer loop
      vertex 31.6894 -23.9177 2.5
      vertex 31.6144 -23.8 0
      vertex 31.6144 -23.8 2.5
    endloop
  endfacet
  facet normal 0.843337 0.537385 0
    outer loop
      vertex 31.6144 -23.8 0
      vertex 31.6894 -23.9177 2.5
      vertex 31.6894 -23.9177 0
    endloop
  endfacet
  facet normal -0.675627 0.737243 0
    outer loop
      vertex 34.1314 -24.1314 0
      vertex 34.0285 -24.2257 2.5
      vertex 34.1314 -24.1314 2.5
    endloop
  endfacet
  facet normal -0.675627 0.737243 0
    outer loop
      vertex 34.0285 -24.2257 2.5
      vertex 34.1314 -24.1314 0
      vertex 34.0285 -24.2257 0
    endloop
  endfacet
  facet normal 0.737243 0.675627 0
    outer loop
      vertex 31.8686 -24.1314 2.5
      vertex 31.7743 -24.0285 0
      vertex 31.7743 -24.0285 2.5
    endloop
  endfacet
  facet normal 0.737243 0.675627 0
    outer loop
      vertex 31.7743 -24.0285 0
      vertex 31.8686 -24.1314 2.5
      vertex 31.8686 -24.1314 0
    endloop
  endfacet
  facet normal 0.793768 0.608221 0
    outer loop
      vertex 31.7743 -24.0285 2.5
      vertex 31.6894 -23.9177 0
      vertex 31.6894 -23.9177 2.5
    endloop
  endfacet
  facet normal 0.793768 0.608221 0
    outer loop
      vertex 31.6894 -23.9177 0
      vertex 31.7743 -24.0285 2.5
      vertex 31.7743 -24.0285 0
    endloop
  endfacet
  facet normal 0.300926 0.953648 -0
    outer loop
      vertex 32.5859 -24.5455 0
      vertex 32.4528 -24.5035 2.5
      vertex 32.5859 -24.5455 2.5
    endloop
  endfacet
  facet normal 0.300926 0.953648 0
    outer loop
      vertex 32.4528 -24.5035 2.5
      vertex 32.5859 -24.5455 0
      vertex 32.4528 -24.5035 0
    endloop
  endfacet
  facet normal -0.382478 0.923964 0
    outer loop
      vertex 33.6762 -24.4501 0
      vertex 33.5472 -24.5035 2.5
      vertex 33.6762 -24.4501 2.5
    endloop
  endfacet
  facet normal -0.382478 0.923964 0
    outer loop
      vertex 33.5472 -24.5035 2.5
      vertex 33.6762 -24.4501 0
      vertex 33.5472 -24.5035 0
    endloop
  endfacet
  facet normal -0.843337 0.537385 0
    outer loop
      vertex 34.3106 -23.9177 0
      vertex 34.3856 -23.8 2.5
      vertex 34.3856 -23.8 0
    endloop
  endfacet
  facet normal -0.843337 0.537385 0
    outer loop
      vertex 34.3856 -23.8 2.5
      vertex 34.3106 -23.9177 0
      vertex 34.3106 -23.9177 2.5
    endloop
  endfacet
  facet normal -0.886853 0.462052 0
    outer loop
      vertex 34.3856 -23.8 0
      vertex 34.4501 -23.6762 2.5
      vertex 34.4501 -23.6762 0
    endloop
  endfacet
  facet normal -0.886853 0.462052 0
    outer loop
      vertex 34.4501 -23.6762 2.5
      vertex 34.3856 -23.8 0
      vertex 34.3856 -23.8 2.5
    endloop
  endfacet
  facet normal -0.953648 0.300926 0
    outer loop
      vertex 34.5035 -23.5472 0
      vertex 34.5455 -23.4141 2.5
      vertex 34.5455 -23.4141 0
    endloop
  endfacet
  facet normal -0.953648 0.300926 0
    outer loop
      vertex 34.5455 -23.4141 2.5
      vertex 34.5035 -23.5472 0
      vertex 34.5035 -23.5472 2.5
    endloop
  endfacet
  facet normal 0.0436859 -0.999045 0
    outer loop
      vertex 32.8605 -21.4061 0
      vertex 33 -21.4 2.5
      vertex 32.8605 -21.4061 2.5
    endloop
  endfacet
  facet normal 0.0436859 -0.999045 0
    outer loop
      vertex 33 -21.4 2.5
      vertex 32.8605 -21.4061 0
      vertex 33 -21.4 0
    endloop
  endfacet
  facet normal 0.0436859 0.999045 -0
    outer loop
      vertex 33 -24.6 0
      vertex 32.8605 -24.5939 2.5
      vertex 33 -24.6 2.5
    endloop
  endfacet
  facet normal 0.0436859 0.999045 0
    outer loop
      vertex 32.8605 -24.5939 2.5
      vertex 33 -24.6 0
      vertex 32.8605 -24.5939 0
    endloop
  endfacet
  facet normal 0.923964 -0.382478 0
    outer loop
      vertex 31.4965 -22.4528 2.5
      vertex 31.5499 -22.3238 0
      vertex 31.5499 -22.3238 2.5
    endloop
  endfacet
  facet normal 0.923964 -0.382478 0
    outer loop
      vertex 31.5499 -22.3238 0
      vertex 31.4965 -22.4528 2.5
      vertex 31.4965 -22.4528 0
    endloop
  endfacet
  facet normal 0.953648 -0.300926 0
    outer loop
      vertex 31.4545 -22.5859 2.5
      vertex 31.4965 -22.4528 0
      vertex 31.4965 -22.4528 2.5
    endloop
  endfacet
  facet normal 0.953648 -0.300926 0
    outer loop
      vertex 31.4965 -22.4528 0
      vertex 31.4545 -22.5859 2.5
      vertex 31.4545 -22.5859 0
    endloop
  endfacet
  facet normal -0.608221 0.793768 0
    outer loop
      vertex 34.0285 -24.2257 0
      vertex 33.9177 -24.3106 2.5
      vertex 34.0285 -24.2257 2.5
    endloop
  endfacet
  facet normal -0.608221 0.793768 0
    outer loop
      vertex 33.9177 -24.3106 2.5
      vertex 34.0285 -24.2257 0
      vertex 33.9177 -24.3106 0
    endloop
  endfacet
  facet normal -0.737243 -0.675627 0
    outer loop
      vertex 34.2257 -21.9715 0
      vertex 34.1314 -21.8686 2.5
      vertex 34.1314 -21.8686 0
    endloop
  endfacet
  facet normal -0.737243 -0.675627 0
    outer loop
      vertex 34.1314 -21.8686 2.5
      vertex 34.2257 -21.9715 0
      vertex 34.2257 -21.9715 2.5
    endloop
  endfacet
  facet normal 0.999045 -0.0436859 0
    outer loop
      vertex 31.4 -23 2.5
      vertex 31.4061 -22.8605 0
      vertex 31.4061 -22.8605 2.5
    endloop
  endfacet
  facet normal 0.999045 -0.0436859 0
    outer loop
      vertex 31.4061 -22.8605 0
      vertex 31.4 -23 2.5
      vertex 31.4 -23 0
    endloop
  endfacet
  facet normal 0.608221 0.793768 -0
    outer loop
      vertex 32.0823 -24.3106 0
      vertex 31.9715 -24.2257 2.5
      vertex 32.0823 -24.3106 2.5
    endloop
  endfacet
  facet normal 0.608221 0.793768 0
    outer loop
      vertex 31.9715 -24.2257 2.5
      vertex 32.0823 -24.3106 0
      vertex 31.9715 -24.2257 0
    endloop
  endfacet
  facet normal 0.737243 -0.675627 0
    outer loop
      vertex 31.7743 -21.9715 2.5
      vertex 31.8686 -21.8686 0
      vertex 31.8686 -21.8686 2.5
    endloop
  endfacet
  facet normal 0.737243 -0.675627 0
    outer loop
      vertex 31.8686 -21.8686 0
      vertex 31.7743 -21.9715 2.5
      vertex 31.7743 -21.9715 0
    endloop
  endfacet
  facet normal 0.953648 0.300926 0
    outer loop
      vertex 31.4965 -23.5472 2.5
      vertex 31.4545 -23.4141 0
      vertex 31.4545 -23.4141 2.5
    endloop
  endfacet
  facet normal 0.953648 0.300926 0
    outer loop
      vertex 31.4545 -23.4141 0
      vertex 31.4965 -23.5472 2.5
      vertex 31.4965 -23.5472 0
    endloop
  endfacet
  facet normal -0.130473 -0.991452 0
    outer loop
      vertex 33.1395 -21.4061 0
      vertex 33.2778 -21.4243 2.5
      vertex 33.1395 -21.4061 2.5
    endloop
  endfacet
  facet normal -0.130473 -0.991452 -0
    outer loop
      vertex 33.2778 -21.4243 2.5
      vertex 33.1395 -21.4061 0
      vertex 33.2778 -21.4243 0
    endloop
  endfacet
  facet normal 0.537385 0.843337 -0
    outer loop
      vertex 32.2 -24.3856 0
      vertex 32.0823 -24.3106 2.5
      vertex 32.2 -24.3856 2.5
    endloop
  endfacet
  facet normal 0.537385 0.843337 0
    outer loop
      vertex 32.0823 -24.3106 2.5
      vertex 32.2 -24.3856 0
      vertex 32.0823 -24.3106 0
    endloop
  endfacet
  facet normal 0.382478 0.923964 -0
    outer loop
      vertex 32.4528 -24.5035 0
      vertex 32.3238 -24.4501 2.5
      vertex 32.4528 -24.5035 2.5
    endloop
  endfacet
  facet normal 0.382478 0.923964 0
    outer loop
      vertex 32.3238 -24.4501 2.5
      vertex 32.4528 -24.5035 0
      vertex 32.3238 -24.4501 0
    endloop
  endfacet
  facet normal 0.130473 0.991452 -0
    outer loop
      vertex 32.8605 -24.5939 0
      vertex 32.7222 -24.5757 2.5
      vertex 32.8605 -24.5939 2.5
    endloop
  endfacet
  facet normal 0.130473 0.991452 0
    outer loop
      vertex 32.7222 -24.5757 2.5
      vertex 32.8605 -24.5939 0
      vertex 32.7222 -24.5757 0
    endloop
  endfacet
  facet normal 0.216324 0.976322 -0
    outer loop
      vertex 32.7222 -24.5757 0
      vertex 32.5859 -24.5455 2.5
      vertex 32.7222 -24.5757 2.5
    endloop
  endfacet
  facet normal 0.216324 0.976322 0
    outer loop
      vertex 32.5859 -24.5455 2.5
      vertex 32.7222 -24.5757 0
      vertex 32.5859 -24.5455 0
    endloop
  endfacet
  facet normal -0.793768 -0.608221 0
    outer loop
      vertex 34.3106 -22.0823 0
      vertex 34.2257 -21.9715 2.5
      vertex 34.2257 -21.9715 0
    endloop
  endfacet
  facet normal -0.793768 -0.608221 0
    outer loop
      vertex 34.2257 -21.9715 2.5
      vertex 34.3106 -22.0823 0
      vertex 34.3106 -22.0823 2.5
    endloop
  endfacet
  facet normal -0.991452 -0.130473 0
    outer loop
      vertex 34.5939 23.1395 0
      vertex 34.5757 23.2778 2.5
      vertex 34.5757 23.2778 0
    endloop
  endfacet
  facet normal -0.991452 -0.130473 0
    outer loop
      vertex 34.5757 23.2778 2.5
      vertex 34.5939 23.1395 0
      vertex 34.5939 23.1395 2.5
    endloop
  endfacet
  facet normal -0.999045 -0.0436859 0
    outer loop
      vertex 34.6 23 0
      vertex 34.5939 23.1395 2.5
      vertex 34.5939 23.1395 0
    endloop
  endfacet
  facet normal -0.999045 -0.0436859 0
    outer loop
      vertex 34.5939 23.1395 2.5
      vertex 34.6 23 0
      vertex 34.6 23 2.5
    endloop
  endfacet
  facet normal -0.976322 -0.216324 0
    outer loop
      vertex 34.5757 23.2778 0
      vertex 34.5455 23.4141 2.5
      vertex 34.5455 23.4141 0
    endloop
  endfacet
  facet normal -0.976322 -0.216324 0
    outer loop
      vertex 34.5455 23.4141 2.5
      vertex 34.5757 23.2778 0
      vertex 34.5757 23.2778 2.5
    endloop
  endfacet
  facet normal 0.976322 -0.216324 0
    outer loop
      vertex 31.4243 23.2778 2.5
      vertex 31.4545 23.4141 0
      vertex 31.4545 23.4141 2.5
    endloop
  endfacet
  facet normal 0.976322 -0.216324 0
    outer loop
      vertex 31.4545 23.4141 0
      vertex 31.4243 23.2778 2.5
      vertex 31.4243 23.2778 0
    endloop
  endfacet
  facet normal -0.793768 0.608221 0
    outer loop
      vertex 34.2257 21.9715 0
      vertex 34.3106 22.0823 2.5
      vertex 34.3106 22.0823 0
    endloop
  endfacet
  facet normal -0.793768 0.608221 0
    outer loop
      vertex 34.3106 22.0823 2.5
      vertex 34.2257 21.9715 0
      vertex 34.2257 21.9715 2.5
    endloop
  endfacet
  facet normal -0.793768 -0.608221 0
    outer loop
      vertex 34.3106 23.9177 0
      vertex 34.2257 24.0285 2.5
      vertex 34.2257 24.0285 0
    endloop
  endfacet
  facet normal -0.793768 -0.608221 0
    outer loop
      vertex 34.2257 24.0285 2.5
      vertex 34.3106 23.9177 0
      vertex 34.3106 23.9177 2.5
    endloop
  endfacet
  facet normal -0.537385 -0.843337 0
    outer loop
      vertex 33.8 24.3856 0
      vertex 33.9177 24.3106 2.5
      vertex 33.8 24.3856 2.5
    endloop
  endfacet
  facet normal -0.537385 -0.843337 -0
    outer loop
      vertex 33.9177 24.3106 2.5
      vertex 33.8 24.3856 0
      vertex 33.9177 24.3106 0
    endloop
  endfacet
  facet normal -0.300926 0.953648 0
    outer loop
      vertex 33.5472 21.4965 0
      vertex 33.4141 21.4545 2.5
      vertex 33.5472 21.4965 2.5
    endloop
  endfacet
  facet normal -0.300926 0.953648 0
    outer loop
      vertex 33.4141 21.4545 2.5
      vertex 33.5472 21.4965 0
      vertex 33.4141 21.4545 0
    endloop
  endfacet
  facet normal -0.976322 0.216324 0
    outer loop
      vertex 34.5455 22.5859 0
      vertex 34.5757 22.7222 2.5
      vertex 34.5757 22.7222 0
    endloop
  endfacet
  facet normal -0.976322 0.216324 0
    outer loop
      vertex 34.5757 22.7222 2.5
      vertex 34.5455 22.5859 0
      vertex 34.5455 22.5859 2.5
    endloop
  endfacet
  facet normal 0.923964 -0.382478 0
    outer loop
      vertex 31.4965 23.5472 2.5
      vertex 31.5499 23.6762 0
      vertex 31.5499 23.6762 2.5
    endloop
  endfacet
  facet normal 0.923964 -0.382478 0
    outer loop
      vertex 31.5499 23.6762 0
      vertex 31.4965 23.5472 2.5
      vertex 31.4965 23.5472 0
    endloop
  endfacet
  facet normal 0.923964 0.382478 0
    outer loop
      vertex 31.5499 22.3238 2.5
      vertex 31.4965 22.4528 0
      vertex 31.4965 22.4528 2.5
    endloop
  endfacet
  facet normal 0.923964 0.382478 0
    outer loop
      vertex 31.4965 22.4528 0
      vertex 31.5499 22.3238 2.5
      vertex 31.5499 22.3238 0
    endloop
  endfacet
  facet normal 0.216324 -0.976322 0
    outer loop
      vertex 32.5859 24.5455 0
      vertex 32.7222 24.5757 2.5
      vertex 32.5859 24.5455 2.5
    endloop
  endfacet
  facet normal 0.216324 -0.976322 0
    outer loop
      vertex 32.7222 24.5757 2.5
      vertex 32.5859 24.5455 0
      vertex 32.7222 24.5757 0
    endloop
  endfacet
  facet normal -0.300926 -0.953648 0
    outer loop
      vertex 33.4141 24.5455 0
      vertex 33.5472 24.5035 2.5
      vertex 33.4141 24.5455 2.5
    endloop
  endfacet
  facet normal -0.300926 -0.953648 -0
    outer loop
      vertex 33.5472 24.5035 2.5
      vertex 33.4141 24.5455 0
      vertex 33.5472 24.5035 0
    endloop
  endfacet
  facet normal -0.130473 -0.991452 0
    outer loop
      vertex 33.1395 24.5939 0
      vertex 33.2778 24.5757 2.5
      vertex 33.1395 24.5939 2.5
    endloop
  endfacet
  facet normal -0.130473 -0.991452 -0
    outer loop
      vertex 33.2778 24.5757 2.5
      vertex 33.1395 24.5939 0
      vertex 33.2778 24.5757 0
    endloop
  endfacet
  facet normal 0.537385 -0.843337 0
    outer loop
      vertex 32.0823 24.3106 0
      vertex 32.2 24.3856 2.5
      vertex 32.0823 24.3106 2.5
    endloop
  endfacet
  facet normal 0.537385 -0.843337 0
    outer loop
      vertex 32.2 24.3856 2.5
      vertex 32.0823 24.3106 0
      vertex 32.2 24.3856 0
    endloop
  endfacet
  facet normal 0.843337 -0.537385 0
    outer loop
      vertex 31.6144 23.8 2.5
      vertex 31.6894 23.9177 0
      vertex 31.6894 23.9177 2.5
    endloop
  endfacet
  facet normal 0.843337 -0.537385 0
    outer loop
      vertex 31.6894 23.9177 0
      vertex 31.6144 23.8 2.5
      vertex 31.6144 23.8 0
    endloop
  endfacet
  facet normal 0.793768 0.608221 0
    outer loop
      vertex 31.7743 21.9715 2.5
      vertex 31.6894 22.0823 0
      vertex 31.6894 22.0823 2.5
    endloop
  endfacet
  facet normal 0.793768 0.608221 0
    outer loop
      vertex 31.6894 22.0823 0
      vertex 31.7743 21.9715 2.5
      vertex 31.7743 21.9715 0
    endloop
  endfacet
  facet normal 0.300926 -0.953648 0
    outer loop
      vertex 32.4528 24.5035 0
      vertex 32.5859 24.5455 2.5
      vertex 32.4528 24.5035 2.5
    endloop
  endfacet
  facet normal 0.300926 -0.953648 0
    outer loop
      vertex 32.5859 24.5455 2.5
      vertex 32.4528 24.5035 0
      vertex 32.5859 24.5455 0
    endloop
  endfacet
  facet normal -0.675627 -0.737243 0
    outer loop
      vertex 34.0285 24.2257 0
      vertex 34.1314 24.1314 2.5
      vertex 34.0285 24.2257 2.5
    endloop
  endfacet
  facet normal -0.675627 -0.737243 -0
    outer loop
      vertex 34.1314 24.1314 2.5
      vertex 34.0285 24.2257 0
      vertex 34.1314 24.1314 0
    endloop
  endfacet
  facet normal -0.0436859 -0.999045 0
    outer loop
      vertex 33 24.6 0
      vertex 33.1395 24.5939 2.5
      vertex 33 24.6 2.5
    endloop
  endfacet
  facet normal -0.0436859 -0.999045 -0
    outer loop
      vertex 33.1395 24.5939 2.5
      vertex 33 24.6 0
      vertex 33.1395 24.5939 0
    endloop
  endfacet
  facet normal -0.216324 0.976322 0
    outer loop
      vertex 33.4141 21.4545 0
      vertex 33.2778 21.4243 2.5
      vertex 33.4141 21.4545 2.5
    endloop
  endfacet
  facet normal -0.216324 0.976322 0
    outer loop
      vertex 33.2778 21.4243 2.5
      vertex 33.4141 21.4545 0
      vertex 33.2778 21.4243 0
    endloop
  endfacet
  facet normal -0.608221 -0.793768 0
    outer loop
      vertex 33.9177 24.3106 0
      vertex 34.0285 24.2257 2.5
      vertex 33.9177 24.3106 2.5
    endloop
  endfacet
  facet normal -0.608221 -0.793768 -0
    outer loop
      vertex 34.0285 24.2257 2.5
      vertex 33.9177 24.3106 0
      vertex 34.0285 24.2257 0
    endloop
  endfacet
  facet normal -0.843337 -0.537385 0
    outer loop
      vertex 34.3856 23.8 0
      vertex 34.3106 23.9177 2.5
      vertex 34.3106 23.9177 0
    endloop
  endfacet
  facet normal -0.843337 -0.537385 0
    outer loop
      vertex 34.3106 23.9177 2.5
      vertex 34.3856 23.8 0
      vertex 34.3856 23.8 2.5
    endloop
  endfacet
  facet normal 0.130473 -0.991452 0
    outer loop
      vertex 32.7222 24.5757 0
      vertex 32.8605 24.5939 2.5
      vertex 32.7222 24.5757 2.5
    endloop
  endfacet
  facet normal 0.130473 -0.991452 0
    outer loop
      vertex 32.8605 24.5939 2.5
      vertex 32.7222 24.5757 0
      vertex 32.8605 24.5939 0
    endloop
  endfacet
  facet normal -0.216324 -0.976322 0
    outer loop
      vertex 33.2778 24.5757 0
      vertex 33.4141 24.5455 2.5
      vertex 33.2778 24.5757 2.5
    endloop
  endfacet
  facet normal -0.216324 -0.976322 -0
    outer loop
      vertex 33.4141 24.5455 2.5
      vertex 33.2778 24.5757 0
      vertex 33.4141 24.5455 0
    endloop
  endfacet
  facet normal 0.953648 0.300926 0
    outer loop
      vertex 31.4965 22.4528 2.5
      vertex 31.4545 22.5859 0
      vertex 31.4545 22.5859 2.5
    endloop
  endfacet
  facet normal 0.953648 0.300926 0
    outer loop
      vertex 31.4545 22.5859 0
      vertex 31.4965 22.4528 2.5
      vertex 31.4965 22.4528 0
    endloop
  endfacet
  facet normal 0.382478 -0.923964 0
    outer loop
      vertex 32.3238 24.4501 0
      vertex 32.4528 24.5035 2.5
      vertex 32.3238 24.4501 2.5
    endloop
  endfacet
  facet normal 0.382478 -0.923964 0
    outer loop
      vertex 32.4528 24.5035 2.5
      vertex 32.3238 24.4501 0
      vertex 32.4528 24.5035 0
    endloop
  endfacet
  facet normal 0.0436859 -0.999045 0
    outer loop
      vertex 32.8605 24.5939 0
      vertex 33 24.6 2.5
      vertex 32.8605 24.5939 2.5
    endloop
  endfacet
  facet normal 0.0436859 -0.999045 0
    outer loop
      vertex 33 24.6 2.5
      vertex 32.8605 24.5939 0
      vertex 33 24.6 0
    endloop
  endfacet
  facet normal -0.675627 0.737243 0
    outer loop
      vertex 34.1314 21.8686 0
      vertex 34.0285 21.7743 2.5
      vertex 34.1314 21.8686 2.5
    endloop
  endfacet
  facet normal -0.675627 0.737243 0
    outer loop
      vertex 34.0285 21.7743 2.5
      vertex 34.1314 21.8686 0
      vertex 34.0285 21.7743 0
    endloop
  endfacet
  facet normal -0.886853 0.462052 0
    outer loop
      vertex 34.3856 22.2 0
      vertex 34.4501 22.3238 2.5
      vertex 34.4501 22.3238 0
    endloop
  endfacet
  facet normal -0.886853 0.462052 0
    outer loop
      vertex 34.4501 22.3238 2.5
      vertex 34.3856 22.2 0
      vertex 34.3856 22.2 2.5
    endloop
  endfacet
  facet normal 0.537385 0.843337 -0
    outer loop
      vertex 32.2 21.6144 0
      vertex 32.0823 21.6894 2.5
      vertex 32.2 21.6144 2.5
    endloop
  endfacet
  facet normal 0.537385 0.843337 0
    outer loop
      vertex 32.0823 21.6894 2.5
      vertex 32.2 21.6144 0
      vertex 32.0823 21.6894 0
    endloop
  endfacet
  facet normal 0.382478 0.923964 -0
    outer loop
      vertex 32.4528 21.4965 0
      vertex 32.3238 21.5499 2.5
      vertex 32.4528 21.4965 2.5
    endloop
  endfacet
  facet normal 0.382478 0.923964 0
    outer loop
      vertex 32.3238 21.5499 2.5
      vertex 32.4528 21.4965 0
      vertex 32.3238 21.5499 0
    endloop
  endfacet
  facet normal -0.462052 0.886853 0
    outer loop
      vertex 33.8 21.6144 0
      vertex 33.6762 21.5499 2.5
      vertex 33.8 21.6144 2.5
    endloop
  endfacet
  facet normal -0.462052 0.886853 0
    outer loop
      vertex 33.6762 21.5499 2.5
      vertex 33.8 21.6144 0
      vertex 33.6762 21.5499 0
    endloop
  endfacet
  facet normal -0.923964 -0.382478 0
    outer loop
      vertex 34.5035 23.5472 0
      vertex 34.4501 23.6762 2.5
      vertex 34.4501 23.6762 0
    endloop
  endfacet
  facet normal -0.923964 -0.382478 0
    outer loop
      vertex 34.4501 23.6762 2.5
      vertex 34.5035 23.5472 0
      vertex 34.5035 23.5472 2.5
    endloop
  endfacet
  facet normal -0.843337 0.537385 0
    outer loop
      vertex 34.3106 22.0823 0
      vertex 34.3856 22.2 2.5
      vertex 34.3856 22.2 0
    endloop
  endfacet
  facet normal -0.843337 0.537385 0
    outer loop
      vertex 34.3856 22.2 2.5
      vertex 34.3106 22.0823 0
      vertex 34.3106 22.0823 2.5
    endloop
  endfacet
  facet normal 0.737243 0.675627 0
    outer loop
      vertex 31.8686 21.8686 2.5
      vertex 31.7743 21.9715 0
      vertex 31.7743 21.9715 2.5
    endloop
  endfacet
  facet normal 0.737243 0.675627 0
    outer loop
      vertex 31.7743 21.9715 0
      vertex 31.8686 21.8686 2.5
      vertex 31.8686 21.8686 0
    endloop
  endfacet
  facet normal -0.953648 0.300926 0
    outer loop
      vertex 34.5035 22.4528 0
      vertex 34.5455 22.5859 2.5
      vertex 34.5455 22.5859 0
    endloop
  endfacet
  facet normal -0.953648 0.300926 0
    outer loop
      vertex 34.5455 22.5859 2.5
      vertex 34.5035 22.4528 0
      vertex 34.5035 22.4528 2.5
    endloop
  endfacet
  facet normal -0.953648 -0.300926 0
    outer loop
      vertex 34.5455 23.4141 0
      vertex 34.5035 23.5472 2.5
      vertex 34.5035 23.5472 0
    endloop
  endfacet
  facet normal -0.953648 -0.300926 0
    outer loop
      vertex 34.5035 23.5472 2.5
      vertex 34.5455 23.4141 0
      vertex 34.5455 23.4141 2.5
    endloop
  endfacet
  facet normal -0.991452 0.130473 0
    outer loop
      vertex 34.5757 22.7222 0
      vertex 34.5939 22.8605 2.5
      vertex 34.5939 22.8605 0
    endloop
  endfacet
  facet normal -0.991452 0.130473 0
    outer loop
      vertex 34.5939 22.8605 2.5
      vertex 34.5757 22.7222 0
      vertex 34.5757 22.7222 2.5
    endloop
  endfacet
  facet normal -0.999045 0.0436859 0
    outer loop
      vertex 34.5939 22.8605 0
      vertex 34.6 23 2.5
      vertex 34.6 23 0
    endloop
  endfacet
  facet normal -0.999045 0.0436859 0
    outer loop
      vertex 34.6 23 2.5
      vertex 34.5939 22.8605 0
      vertex 34.5939 22.8605 2.5
    endloop
  endfacet
  facet normal -0.886853 -0.462052 0
    outer loop
      vertex 34.4501 23.6762 0
      vertex 34.3856 23.8 2.5
      vertex 34.3856 23.8 0
    endloop
  endfacet
  facet normal -0.886853 -0.462052 0
    outer loop
      vertex 34.3856 23.8 2.5
      vertex 34.4501 23.6762 0
      vertex 34.4501 23.6762 2.5
    endloop
  endfacet
  facet normal -0.923964 0.382478 0
    outer loop
      vertex 34.4501 22.3238 0
      vertex 34.5035 22.4528 2.5
      vertex 34.5035 22.4528 0
    endloop
  endfacet
  facet normal -0.923964 0.382478 0
    outer loop
      vertex 34.5035 22.4528 2.5
      vertex 34.4501 22.3238 0
      vertex 34.4501 22.3238 2.5
    endloop
  endfacet
  facet normal -0.130473 0.991452 0
    outer loop
      vertex 33.2778 21.4243 0
      vertex 33.1395 21.4061 2.5
      vertex 33.2778 21.4243 2.5
    endloop
  endfacet
  facet normal -0.130473 0.991452 0
    outer loop
      vertex 33.1395 21.4061 2.5
      vertex 33.2778 21.4243 0
      vertex 33.1395 21.4061 0
    endloop
  endfacet
  facet normal 0.0436859 0.999045 -0
    outer loop
      vertex 33 21.4 0
      vertex 32.8605 21.4061 2.5
      vertex 33 21.4 2.5
    endloop
  endfacet
  facet normal 0.0436859 0.999045 0
    outer loop
      vertex 32.8605 21.4061 2.5
      vertex 33 21.4 0
      vertex 32.8605 21.4061 0
    endloop
  endfacet
  facet normal 0.462052 -0.886853 0
    outer loop
      vertex 32.2 24.3856 0
      vertex 32.3238 24.4501 2.5
      vertex 32.2 24.3856 2.5
    endloop
  endfacet
  facet normal 0.462052 -0.886853 0
    outer loop
      vertex 32.3238 24.4501 2.5
      vertex 32.2 24.3856 0
      vertex 32.3238 24.4501 0
    endloop
  endfacet
  facet normal -0.382478 -0.923964 0
    outer loop
      vertex 33.5472 24.5035 0
      vertex 33.6762 24.4501 2.5
      vertex 33.5472 24.5035 2.5
    endloop
  endfacet
  facet normal -0.382478 -0.923964 -0
    outer loop
      vertex 33.6762 24.4501 2.5
      vertex 33.5472 24.5035 0
      vertex 33.6762 24.4501 0
    endloop
  endfacet
  facet normal -0.0436859 0.999045 0
    outer loop
      vertex 33.1395 21.4061 0
      vertex 33 21.4 2.5
      vertex 33.1395 21.4061 2.5
    endloop
  endfacet
  facet normal -0.0436859 0.999045 0
    outer loop
      vertex 33 21.4 2.5
      vertex 33.1395 21.4061 0
      vertex 33 21.4 0
    endloop
  endfacet
  facet normal 0.886853 0.462052 0
    outer loop
      vertex 31.6144 22.2 2.5
      vertex 31.5499 22.3238 0
      vertex 31.5499 22.3238 2.5
    endloop
  endfacet
  facet normal 0.886853 0.462052 0
    outer loop
      vertex 31.5499 22.3238 0
      vertex 31.6144 22.2 2.5
      vertex 31.6144 22.2 0
    endloop
  endfacet
  facet normal 0.737243 -0.675627 0
    outer loop
      vertex 31.7743 24.0285 2.5
      vertex 31.8686 24.1314 0
      vertex 31.8686 24.1314 2.5
    endloop
  endfacet
  facet normal 0.737243 -0.675627 0
    outer loop
      vertex 31.8686 24.1314 0
      vertex 31.7743 24.0285 2.5
      vertex 31.7743 24.0285 0
    endloop
  endfacet
  facet normal 0.843337 0.537385 0
    outer loop
      vertex 31.6894 22.0823 2.5
      vertex 31.6144 22.2 0
      vertex 31.6144 22.2 2.5
    endloop
  endfacet
  facet normal 0.843337 0.537385 0
    outer loop
      vertex 31.6144 22.2 0
      vertex 31.6894 22.0823 2.5
      vertex 31.6894 22.0823 0
    endloop
  endfacet
  facet normal 0.793768 -0.608221 0
    outer loop
      vertex 31.6894 23.9177 2.5
      vertex 31.7743 24.0285 0
      vertex 31.7743 24.0285 2.5
    endloop
  endfacet
  facet normal 0.793768 -0.608221 0
    outer loop
      vertex 31.7743 24.0285 0
      vertex 31.6894 23.9177 2.5
      vertex 31.6894 23.9177 0
    endloop
  endfacet
  facet normal 0.999045 -0.0436859 0
    outer loop
      vertex 31.4 23 2.5
      vertex 31.4061 23.1395 0
      vertex 31.4061 23.1395 2.5
    endloop
  endfacet
  facet normal 0.999045 -0.0436859 0
    outer loop
      vertex 31.4061 23.1395 0
      vertex 31.4 23 2.5
      vertex 31.4 23 0
    endloop
  endfacet
  facet normal 0.886853 -0.462052 0
    outer loop
      vertex 31.5499 23.6762 2.5
      vertex 31.6144 23.8 0
      vertex 31.6144 23.8 2.5
    endloop
  endfacet
  facet normal 0.886853 -0.462052 0
    outer loop
      vertex 31.6144 23.8 0
      vertex 31.5499 23.6762 2.5
      vertex 31.5499 23.6762 0
    endloop
  endfacet
  facet normal 0.675627 0.737243 -0
    outer loop
      vertex 31.9715 21.7743 0
      vertex 31.8686 21.8686 2.5
      vertex 31.9715 21.7743 2.5
    endloop
  endfacet
  facet normal 0.675627 0.737243 0
    outer loop
      vertex 31.8686 21.8686 2.5
      vertex 31.9715 21.7743 0
      vertex 31.8686 21.8686 0
    endloop
  endfacet
  facet normal 0.953648 -0.300926 0
    outer loop
      vertex 31.4545 23.4141 2.5
      vertex 31.4965 23.5472 0
      vertex 31.4965 23.5472 2.5
    endloop
  endfacet
  facet normal 0.953648 -0.300926 0
    outer loop
      vertex 31.4965 23.5472 0
      vertex 31.4545 23.4141 2.5
      vertex 31.4545 23.4141 0
    endloop
  endfacet
  facet normal 0.976322 0.216324 0
    outer loop
      vertex 31.4545 22.5859 2.5
      vertex 31.4243 22.7222 0
      vertex 31.4243 22.7222 2.5
    endloop
  endfacet
  facet normal 0.976322 0.216324 0
    outer loop
      vertex 31.4243 22.7222 0
      vertex 31.4545 22.5859 2.5
      vertex 31.4545 22.5859 0
    endloop
  endfacet
  facet normal -0.382478 0.923964 0
    outer loop
      vertex 33.6762 21.5499 0
      vertex 33.5472 21.4965 2.5
      vertex 33.6762 21.5499 2.5
    endloop
  endfacet
  facet normal -0.382478 0.923964 0
    outer loop
      vertex 33.5472 21.4965 2.5
      vertex 33.6762 21.5499 0
      vertex 33.5472 21.4965 0
    endloop
  endfacet
  facet normal 0.991452 0.130473 0
    outer loop
      vertex 31.4243 22.7222 2.5
      vertex 31.4061 22.8605 0
      vertex 31.4061 22.8605 2.5
    endloop
  endfacet
  facet normal 0.991452 0.130473 0
    outer loop
      vertex 31.4061 22.8605 0
      vertex 31.4243 22.7222 2.5
      vertex 31.4243 22.7222 0
    endloop
  endfacet
  facet normal -0.737243 -0.675627 0
    outer loop
      vertex 34.2257 24.0285 0
      vertex 34.1314 24.1314 2.5
      vertex 34.1314 24.1314 0
    endloop
  endfacet
  facet normal -0.737243 -0.675627 0
    outer loop
      vertex 34.1314 24.1314 2.5
      vertex 34.2257 24.0285 0
      vertex 34.2257 24.0285 2.5
    endloop
  endfacet
  facet normal 0.999045 0.0436859 0
    outer loop
      vertex 31.4061 22.8605 2.5
      vertex 31.4 23 0
      vertex 31.4 23 2.5
    endloop
  endfacet
  facet normal 0.999045 0.0436859 0
    outer loop
      vertex 31.4 23 0
      vertex 31.4061 22.8605 2.5
      vertex 31.4061 22.8605 0
    endloop
  endfacet
  facet normal -0.462052 -0.886853 0
    outer loop
      vertex 33.6762 24.4501 0
      vertex 33.8 24.3856 2.5
      vertex 33.6762 24.4501 2.5
    endloop
  endfacet
  facet normal -0.462052 -0.886853 -0
    outer loop
      vertex 33.8 24.3856 2.5
      vertex 33.6762 24.4501 0
      vertex 33.8 24.3856 0
    endloop
  endfacet
  facet normal -0.537385 0.843337 0
    outer loop
      vertex 33.9177 21.6894 0
      vertex 33.8 21.6144 2.5
      vertex 33.9177 21.6894 2.5
    endloop
  endfacet
  facet normal -0.537385 0.843337 0
    outer loop
      vertex 33.8 21.6144 2.5
      vertex 33.9177 21.6894 0
      vertex 33.8 21.6144 0
    endloop
  endfacet
  facet normal 0.608221 0.793768 -0
    outer loop
      vertex 32.0823 21.6894 0
      vertex 31.9715 21.7743 2.5
      vertex 32.0823 21.6894 2.5
    endloop
  endfacet
  facet normal 0.608221 0.793768 0
    outer loop
      vertex 31.9715 21.7743 2.5
      vertex 32.0823 21.6894 0
      vertex 31.9715 21.7743 0
    endloop
  endfacet
  facet normal 0.991452 -0.130473 0
    outer loop
      vertex 31.4061 23.1395 2.5
      vertex 31.4243 23.2778 0
      vertex 31.4243 23.2778 2.5
    endloop
  endfacet
  facet normal 0.991452 -0.130473 0
    outer loop
      vertex 31.4243 23.2778 0
      vertex 31.4061 23.1395 2.5
      vertex 31.4061 23.1395 0
    endloop
  endfacet
  facet normal 0.216324 0.976322 -0
    outer loop
      vertex 32.7222 21.4243 0
      vertex 32.5859 21.4545 2.5
      vertex 32.7222 21.4243 2.5
    endloop
  endfacet
  facet normal 0.216324 0.976322 0
    outer loop
      vertex 32.5859 21.4545 2.5
      vertex 32.7222 21.4243 0
      vertex 32.5859 21.4545 0
    endloop
  endfacet
  facet normal 0.130473 0.991452 -0
    outer loop
      vertex 32.8605 21.4061 0
      vertex 32.7222 21.4243 2.5
      vertex 32.8605 21.4061 2.5
    endloop
  endfacet
  facet normal 0.130473 0.991452 0
    outer loop
      vertex 32.7222 21.4243 2.5
      vertex 32.8605 21.4061 0
      vertex 32.7222 21.4243 0
    endloop
  endfacet
  facet normal 0.608221 -0.793768 0
    outer loop
      vertex 31.9715 24.2257 0
      vertex 32.0823 24.3106 2.5
      vertex 31.9715 24.2257 2.5
    endloop
  endfacet
  facet normal 0.608221 -0.793768 0
    outer loop
      vertex 32.0823 24.3106 2.5
      vertex 31.9715 24.2257 0
      vertex 32.0823 24.3106 0
    endloop
  endfacet
  facet normal -0.737243 0.675627 0
    outer loop
      vertex 34.1314 21.8686 0
      vertex 34.2257 21.9715 2.5
      vertex 34.2257 21.9715 0
    endloop
  endfacet
  facet normal -0.737243 0.675627 0
    outer loop
      vertex 34.2257 21.9715 2.5
      vertex 34.1314 21.8686 0
      vertex 34.1314 21.8686 2.5
    endloop
  endfacet
  facet normal 0.675627 -0.737243 0
    outer loop
      vertex 31.8686 24.1314 0
      vertex 31.9715 24.2257 2.5
      vertex 31.8686 24.1314 2.5
    endloop
  endfacet
  facet normal 0.675627 -0.737243 0
    outer loop
      vertex 31.9715 24.2257 2.5
      vertex 31.8686 24.1314 0
      vertex 31.9715 24.2257 0
    endloop
  endfacet
  facet normal 0.462052 0.886853 -0
    outer loop
      vertex 32.3238 21.5499 0
      vertex 32.2 21.6144 2.5
      vertex 32.3238 21.5499 2.5
    endloop
  endfacet
  facet normal 0.462052 0.886853 0
    outer loop
      vertex 32.2 21.6144 2.5
      vertex 32.3238 21.5499 0
      vertex 32.2 21.6144 0
    endloop
  endfacet
  facet normal -0.608221 0.793768 0
    outer loop
      vertex 34.0285 21.7743 0
      vertex 33.9177 21.6894 2.5
      vertex 34.0285 21.7743 2.5
    endloop
  endfacet
  facet normal -0.608221 0.793768 0
    outer loop
      vertex 33.9177 21.6894 2.5
      vertex 34.0285 21.7743 0
      vertex 33.9177 21.6894 0
    endloop
  endfacet
  facet normal 0.300926 0.953648 -0
    outer loop
      vertex 32.5859 21.4545 0
      vertex 32.4528 21.4965 2.5
      vertex 32.5859 21.4545 2.5
    endloop
  endfacet
  facet normal 0.300926 0.953648 0
    outer loop
      vertex 32.4528 21.4965 2.5
      vertex 32.5859 21.4545 0
      vertex 32.4528 21.4965 0
    endloop
  endfacet
  facet normal -1 0 0
    outer loop
      vertex 13.5 -45 21
      vertex 13.5 -43 37
      vertex 13.5 -43 21
    endloop
  endfacet
  facet normal -1 -0 0
    outer loop
      vertex 13.5 -43 37
      vertex 13.5 -45 21
      vertex 13.5 -45 37
    endloop
  endfacet
  facet normal 0 0 -1
    outer loop
      vertex -13.5 -45 37
      vertex 13.5 -43 37
      vertex 13.5 -45 37
    endloop
  endfacet
  facet normal -0 0 -1
    outer loop
      vertex 13.5 -43 37
      vertex -13.5 -45 37
      vertex -13.5 -43 37
    endloop
  endfacet
  facet normal -0 0 1
    outer loop
      vertex -13.5 -43 21
      vertex 13.5 -45 21
      vertex 13.5 -43 21
    endloop
  endfacet
  facet normal 0 0 1
    outer loop
      vertex 13.5 -45 21
      vertex -13.5 -43 21
      vertex -13.5 -45 21
    endloop
  endfacet
  facet normal 1 -0 0
    outer loop
      vertex -13.5 -45 37
      vertex -13.5 -43 21
      vertex -13.5 -43 37
    endloop
  endfacet
  facet normal 1 0 0
    outer loop
      vertex -13.5 -43 21
      vertex -13.5 -45 37
      vertex -13.5 -45 21
    endloop
  endfacet
  facet normal 0 -1 0
    outer loop
      vertex -13.5 -43 21
      vertex 13.5 -43 37
      vertex -13.5 -43 37
    endloop
  endfacet
  facet normal 0 -1 -0
    outer loop
      vertex 13.5 -43 37
      vertex -13.5 -43 21
      vertex 13.5 -43 21
    endloop
  endfacet
  facet normal 0.0436192 0 -0.999048
    outer loop
      vertex -40.3573 42.5 26.0844
      vertex -40 45 26.1
      vertex -40 42.5 26.1
    endloop
  endfacet
  facet normal 0.0436192 0 -0.999048
    outer loop
      vertex -40 45 26.1
      vertex -40.3573 42.5 26.0844
      vertex -40.3573 45 26.0844
    endloop
  endfacet
  facet normal -0.991444 0 0.130534
    outer loop
      vertex -35.9623 42.5 21.288
      vertex -35.9156 45 21.6427
      vertex -35.9623 45 21.288
    endloop
  endfacet
  facet normal -0.991444 0 0.130534
    outer loop
      vertex -35.9156 45 21.6427
      vertex -35.9623 42.5 21.288
      vertex -35.9156 42.5 21.6427
    endloop
  endfacet
  facet normal -0.999048 0 0.0436192
    outer loop
      vertex -35.9156 42.5 21.6427
      vertex -35.9 45 22
      vertex -35.9156 45 21.6427
    endloop
  endfacet
  facet normal -0.999048 0 0.0436192
    outer loop
      vertex -35.9 45 22
      vertex -35.9156 42.5 21.6427
      vertex -35.9 42.5 22
    endloop
  endfacet
  facet normal -0.976305 0 0.216398
    outer loop
      vertex -36.0397 42.5 20.9388
      vertex -35.9623 45 21.288
      vertex -36.0397 45 20.9388
    endloop
  endfacet
  facet normal -0.976305 0 0.216398
    outer loop
      vertex -35.9623 45 21.288
      vertex -36.0397 42.5 20.9388
      vertex -35.9623 42.5 21.288
    endloop
  endfacet
  facet normal 0.461802 0 0.886983
    outer loop
      vertex -42.05 45 18.4493
      vertex -41.7327 42.5 18.2841
      vertex -41.7327 45 18.2841
    endloop
  endfacet
  facet normal 0.461802 0 0.886983
    outer loop
      vertex -41.7327 42.5 18.2841
      vertex -42.05 45 18.4493
      vertex -42.05 42.5 18.4493
    endloop
  endfacet
  facet normal 0.300837 0 0.953676
    outer loop
      vertex -41.4023 45 18.1473
      vertex -41.0612 42.5 18.0397
      vertex -41.0612 45 18.0397
    endloop
  endfacet
  facet normal 0.300837 0 0.953676
    outer loop
      vertex -41.0612 42.5 18.0397
      vertex -41.4023 45 18.1473
      vertex -41.4023 42.5 18.1473
    endloop
  endfacet
  facet normal -0.0436192 0 0.999048
    outer loop
      vertex -40 45 17.9
      vertex -39.6427 42.5 17.9156
      vertex -39.6427 45 17.9156
    endloop
  endfacet
  facet normal -0.0436192 0 0.999048
    outer loop
      vertex -39.6427 42.5 17.9156
      vertex -40 45 17.9
      vertex -40 42.5 17.9
    endloop
  endfacet
  facet normal -0.216398 0 -0.976305
    outer loop
      vertex -39.288 42.5 26.0377
      vertex -38.9388 45 25.9603
      vertex -38.9388 42.5 25.9603
    endloop
  endfacet
  facet normal -0.216398 0 -0.976305
    outer loop
      vertex -38.9388 45 25.9603
      vertex -39.288 42.5 26.0377
      vertex -39.288 45 26.0377
    endloop
  endfacet
  facet normal -0.216398 0 0.976305
    outer loop
      vertex -39.288 45 17.9623
      vertex -38.9388 42.5 18.0397
      vertex -38.9388 45 18.0397
    endloop
  endfacet
  facet normal -0.216398 0 0.976305
    outer loop
      vertex -38.9388 42.5 18.0397
      vertex -39.288 45 17.9623
      vertex -39.288 42.5 17.9623
    endloop
  endfacet
  facet normal 0.675687 0 0.737189
    outer loop
      vertex -42.8991 45 19.1009
      vertex -42.6354 42.5 18.8592
      vertex -42.6354 45 18.8592
    endloop
  endfacet
  facet normal 0.675687 0 0.737189
    outer loop
      vertex -42.6354 42.5 18.8592
      vertex -42.8991 45 19.1009
      vertex -42.8991 42.5 19.1009
    endloop
  endfacet
  facet normal -0.537291 0 -0.843397
    outer loop
      vertex -37.95 42.5 25.5507
      vertex -37.6483 45 25.3585
      vertex -37.6483 42.5 25.3585
    endloop
  endfacet
  facet normal -0.537291 0 -0.843397
    outer loop
      vertex -37.6483 45 25.3585
      vertex -37.95 42.5 25.5507
      vertex -37.95 45 25.5507
    endloop
  endfacet
  facet normal 0.382549 0 0.923935
    outer loop
      vertex -41.7327 45 18.2841
      vertex -41.4023 42.5 18.1473
      vertex -41.4023 45 18.1473
    endloop
  endfacet
  facet normal 0.382549 0 0.923935
    outer loop
      vertex -41.4023 42.5 18.1473
      vertex -41.7327 45 18.2841
      vertex -41.7327 42.5 18.2841
    endloop
  endfacet
  facet normal 0.923935 0 -0.382549
    outer loop
      vertex -43.7159 42.5 23.7327
      vertex -43.8527 45 23.4023
      vertex -43.7159 45 23.7327
    endloop
  endfacet
  facet normal 0.923935 0 -0.382549
    outer loop
      vertex -43.8527 45 23.4023
      vertex -43.7159 42.5 23.7327
      vertex -43.8527 42.5 23.4023
    endloop
  endfacet
  facet normal -0.737189 0 -0.675687
    outer loop
      vertex -36.8592 42.5 24.6354
      vertex -37.1009 45 24.8991
      vertex -36.8592 45 24.6354
    endloop
  endfacet
  facet normal -0.737189 -0 -0.675687
    outer loop
      vertex -37.1009 45 24.8991
      vertex -36.8592 42.5 24.6354
      vertex -37.1009 42.5 24.8991
    endloop
  endfacet
  facet normal -0.953676 0 -0.300837
    outer loop
      vertex -36.0397 42.5 23.0612
      vertex -36.1473 45 23.4023
      vertex -36.0397 45 23.0612
    endloop
  endfacet
  facet normal -0.953676 -0 -0.300837
    outer loop
      vertex -36.1473 45 23.4023
      vertex -36.0397 42.5 23.0612
      vertex -36.1473 42.5 23.4023
    endloop
  endfacet
  facet normal 0.953676 0 -0.300837
    outer loop
      vertex -43.8527 42.5 23.4023
      vertex -43.9603 45 23.0612
      vertex -43.8527 45 23.4023
    endloop
  endfacet
  facet normal 0.953676 0 -0.300837
    outer loop
      vertex -43.9603 45 23.0612
      vertex -43.8527 42.5 23.4023
      vertex -43.9603 42.5 23.0612
    endloop
  endfacet
  facet normal 0.843397 -0 0.537291
    outer loop
      vertex -43.5507 42.5 19.95
      vertex -43.3585 45 19.6483
      vertex -43.5507 45 19.95
    endloop
  endfacet
  facet normal 0.843397 0 0.537291
    outer loop
      vertex -43.3585 45 19.6483
      vertex -43.5507 42.5 19.95
      vertex -43.3585 42.5 19.6483
    endloop
  endfacet
  facet normal 0.737189 0 -0.675687
    outer loop
      vertex -42.8991 42.5 24.8991
      vertex -43.1408 45 24.6354
      vertex -42.8991 45 24.8991
    endloop
  endfacet
  facet normal 0.737189 0 -0.675687
    outer loop
      vertex -43.1408 45 24.6354
      vertex -42.8991 42.5 24.8991
      vertex -43.1408 42.5 24.6354
    endloop
  endfacet
  facet normal 0.976305 0 -0.216398
    outer loop
      vertex -43.9603 42.5 23.0612
      vertex -44.0377 45 22.712
      vertex -43.9603 45 23.0612
    endloop
  endfacet
  facet normal 0.976305 0 -0.216398
    outer loop
      vertex -44.0377 45 22.712
      vertex -43.9603 42.5 23.0612
      vertex -44.0377 42.5 22.712
    endloop
  endfacet
  facet normal 0.923935 -0 0.382549
    outer loop
      vertex -43.8527 42.5 20.5977
      vertex -43.7159 45 20.2673
      vertex -43.8527 45 20.5977
    endloop
  endfacet
  facet normal 0.923935 0 0.382549
    outer loop
      vertex -43.7159 45 20.2673
      vertex -43.8527 42.5 20.5977
      vertex -43.7159 42.5 20.2673
    endloop
  endfacet
  facet normal 0.953676 -0 0.300837
    outer loop
      vertex -43.9603 42.5 20.9388
      vertex -43.8527 45 20.5977
      vertex -43.9603 45 20.9388
    endloop
  endfacet
  facet normal 0.953676 0 0.300837
    outer loop
      vertex -43.8527 45 20.5977
      vertex -43.9603 42.5 20.9388
      vertex -43.8527 42.5 20.5977
    endloop
  endfacet
  facet normal 0.991444 -0 0.130534
    outer loop
      vertex -44.0844 42.5 21.6427
      vertex -44.0377 45 21.288
      vertex -44.0844 45 21.6427
    endloop
  endfacet
  facet normal 0.991444 0 0.130534
    outer loop
      vertex -44.0377 45 21.288
      vertex -44.0844 42.5 21.6427
      vertex -44.0377 42.5 21.288
    endloop
  endfacet
  facet normal -0.953676 0 0.300837
    outer loop
      vertex -36.1473 42.5 20.5977
      vertex -36.0397 45 20.9388
      vertex -36.1473 45 20.5977
    endloop
  endfacet
  facet normal -0.953676 0 0.300837
    outer loop
      vertex -36.0397 45 20.9388
      vertex -36.1473 42.5 20.5977
      vertex -36.0397 42.5 20.9388
    endloop
  endfacet
  facet normal -0.537291 0 0.843397
    outer loop
      vertex -37.95 45 18.4493
      vertex -37.6483 42.5 18.6415
      vertex -37.6483 45 18.6415
    endloop
  endfacet
  facet normal -0.537291 0 0.843397
    outer loop
      vertex -37.6483 42.5 18.6415
      vertex -37.95 45 18.4493
      vertex -37.95 42.5 18.4493
    endloop
  endfacet
  facet normal -0.675687 0 0.737189
    outer loop
      vertex -37.3646 45 18.8592
      vertex -37.1009 42.5 19.1009
      vertex -37.1009 45 19.1009
    endloop
  endfacet
  facet normal -0.675687 0 0.737189
    outer loop
      vertex -37.1009 42.5 19.1009
      vertex -37.3646 45 18.8592
      vertex -37.3646 42.5 18.8592
    endloop
  endfacet
  facet normal 0.608778 0 -0.793341
    outer loop
      vertex -42.6354 42.5 25.1408
      vertex -42.3517 45 25.3585
      vertex -42.3517 42.5 25.3585
    endloop
  endfacet
  facet normal 0.608778 0 -0.793341
    outer loop
      vertex -42.3517 45 25.3585
      vertex -42.6354 42.5 25.1408
      vertex -42.6354 45 25.1408
    endloop
  endfacet
  facet normal -0.608778 0 0.793341
    outer loop
      vertex -37.6483 45 18.6415
      vertex -37.3646 42.5 18.8592
      vertex -37.3646 45 18.8592
    endloop
  endfacet
  facet normal -0.608778 0 0.793341
    outer loop
      vertex -37.3646 42.5 18.8592
      vertex -37.6483 45 18.6415
      vertex -37.6483 42.5 18.6415
    endloop
  endfacet
  facet normal -0.886983 0 -0.461802
    outer loop
      vertex -36.2841 42.5 23.7327
      vertex -36.4493 45 24.05
      vertex -36.2841 45 23.7327
    endloop
  endfacet
  facet normal -0.886983 -0 -0.461802
    outer loop
      vertex -36.4493 45 24.05
      vertex -36.2841 42.5 23.7327
      vertex -36.4493 42.5 24.05
    endloop
  endfacet
  facet normal -0.130534 0 -0.991444
    outer loop
      vertex -39.6427 42.5 26.0844
      vertex -39.288 45 26.0377
      vertex -39.288 42.5 26.0377
    endloop
  endfacet
  facet normal -0.130534 0 -0.991444
    outer loop
      vertex -39.288 45 26.0377
      vertex -39.6427 42.5 26.0844
      vertex -39.6427 45 26.0844
    endloop
  endfacet
  facet normal -0.0436192 0 -0.999048
    outer loop
      vertex -40 42.5 26.1
      vertex -39.6427 45 26.0844
      vertex -39.6427 42.5 26.0844
    endloop
  endfacet
  facet normal -0.0436192 0 -0.999048
    outer loop
      vertex -39.6427 45 26.0844
      vertex -40 42.5 26.1
      vertex -40 45 26.1
    endloop
  endfacet
  facet normal 0.886983 0 -0.461802
    outer loop
      vertex -43.5507 42.5 24.05
      vertex -43.7159 45 23.7327
      vertex -43.5507 45 24.05
    endloop
  endfacet
  facet normal 0.886983 0 -0.461802
    outer loop
      vertex -43.7159 45 23.7327
      vertex -43.5507 42.5 24.05
      vertex -43.7159 42.5 23.7327
    endloop
  endfacet
  facet normal -0.300837 0 0.953676
    outer loop
      vertex -38.9388 45 18.0397
      vertex -38.5977 42.5 18.1473
      vertex -38.5977 45 18.1473
    endloop
  endfacet
  facet normal -0.300837 0 0.953676
    outer loop
      vertex -38.5977 42.5 18.1473
      vertex -38.9388 45 18.0397
      vertex -38.9388 42.5 18.0397
    endloop
  endfacet
  facet normal -0.130534 0 0.991444
    outer loop
      vertex -39.6427 45 17.9156
      vertex -39.288 42.5 17.9623
      vertex -39.288 45 17.9623
    endloop
  endfacet
  facet normal -0.130534 0 0.991444
    outer loop
      vertex -39.288 42.5 17.9623
      vertex -39.6427 45 17.9156
      vertex -39.6427 42.5 17.9156
    endloop
  endfacet
  facet normal 0.675687 0 -0.737189
    outer loop
      vertex -42.8991 42.5 24.8991
      vertex -42.6354 45 25.1408
      vertex -42.6354 42.5 25.1408
    endloop
  endfacet
  facet normal 0.675687 0 -0.737189
    outer loop
      vertex -42.6354 45 25.1408
      vertex -42.8991 42.5 24.8991
      vertex -42.8991 45 24.8991
    endloop
  endfacet
  facet normal -0.461802 0 -0.886983
    outer loop
      vertex -38.2673 42.5 25.7159
      vertex -37.95 45 25.5507
      vertex -37.95 42.5 25.5507
    endloop
  endfacet
  facet normal -0.461802 0 -0.886983
    outer loop
      vertex -37.95 45 25.5507
      vertex -38.2673 42.5 25.7159
      vertex -38.2673 45 25.7159
    endloop
  endfacet
  facet normal -0.976305 0 -0.216398
    outer loop
      vertex -35.9623 42.5 22.712
      vertex -36.0397 45 23.0612
      vertex -35.9623 45 22.712
    endloop
  endfacet
  facet normal -0.976305 -0 -0.216398
    outer loop
      vertex -36.0397 45 23.0612
      vertex -35.9623 42.5 22.712
      vertex -36.0397 42.5 23.0612
    endloop
  endfacet
  facet normal 0.0436192 0 0.999048
    outer loop
      vertex -40.3573 45 17.9156
      vertex -40 42.5 17.9
      vertex -40 45 17.9
    endloop
  endfacet
  facet normal 0.0436192 0 0.999048
    outer loop
      vertex -40 42.5 17.9
      vertex -40.3573 45 17.9156
      vertex -40.3573 42.5 17.9156
    endloop
  endfacet
  facet normal 0.130534 0 0.991444
    outer loop
      vertex -40.712 45 17.9623
      vertex -40.3573 42.5 17.9156
      vertex -40.3573 45 17.9156
    endloop
  endfacet
  facet normal 0.130534 0 0.991444
    outer loop
      vertex -40.3573 42.5 17.9156
      vertex -40.712 45 17.9623
      vertex -40.712 42.5 17.9623
    endloop
  endfacet
  facet normal 0.130534 0 -0.991444
    outer loop
      vertex -40.712 42.5 26.0377
      vertex -40.3573 45 26.0844
      vertex -40.3573 42.5 26.0844
    endloop
  endfacet
  facet normal 0.130534 0 -0.991444
    outer loop
      vertex -40.3573 45 26.0844
      vertex -40.712 42.5 26.0377
      vertex -40.712 45 26.0377
    endloop
  endfacet
  facet normal 0.976305 -0 0.216398
    outer loop
      vertex -44.0377 42.5 21.288
      vertex -43.9603 45 20.9388
      vertex -44.0377 45 21.288
    endloop
  endfacet
  facet normal 0.976305 0 0.216398
    outer loop
      vertex -43.9603 45 20.9388
      vertex -44.0377 42.5 21.288
      vertex -43.9603 42.5 20.9388
    endloop
  endfacet
  facet normal 0.300837 0 -0.953676
    outer loop
      vertex -41.4023 42.5 25.8527
      vertex -41.0612 45 25.9603
      vertex -41.0612 42.5 25.9603
    endloop
  endfacet
  facet normal 0.300837 0 -0.953676
    outer loop
      vertex -41.0612 45 25.9603
      vertex -41.4023 42.5 25.8527
      vertex -41.4023 45 25.8527
    endloop
  endfacet
  facet normal -0.793341 0 -0.608778
    outer loop
      vertex -36.6415 42.5 24.3517
      vertex -36.8592 45 24.6354
      vertex -36.6415 45 24.3517
    endloop
  endfacet
  facet normal -0.793341 -0 -0.608778
    outer loop
      vertex -36.8592 45 24.6354
      vertex -36.6415 42.5 24.3517
      vertex -36.8592 42.5 24.6354
    endloop
  endfacet
  facet normal -0.737189 0 0.675687
    outer loop
      vertex -37.1009 42.5 19.1009
      vertex -36.8592 45 19.3646
      vertex -37.1009 45 19.1009
    endloop
  endfacet
  facet normal -0.737189 0 0.675687
    outer loop
      vertex -36.8592 45 19.3646
      vertex -37.1009 42.5 19.1009
      vertex -36.8592 42.5 19.3646
    endloop
  endfacet
  facet normal -0.461802 0 0.886983
    outer loop
      vertex -38.2673 45 18.2841
      vertex -37.95 42.5 18.4493
      vertex -37.95 45 18.4493
    endloop
  endfacet
  facet normal -0.461802 0 0.886983
    outer loop
      vertex -37.95 42.5 18.4493
      vertex -38.2673 45 18.2841
      vertex -38.2673 42.5 18.2841
    endloop
  endfacet
  facet normal -0.843397 0 0.537291
    outer loop
      vertex -36.6415 42.5 19.6483
      vertex -36.4493 45 19.95
      vertex -36.6415 45 19.6483
    endloop
  endfacet
  facet normal -0.843397 0 0.537291
    outer loop
      vertex -36.4493 45 19.95
      vertex -36.6415 42.5 19.6483
      vertex -36.4493 42.5 19.95
    endloop
  endfacet
  facet normal 0.537291 0 0.843397
    outer loop
      vertex -42.3517 45 18.6415
      vertex -42.05 42.5 18.4493
      vertex -42.05 45 18.4493
    endloop
  endfacet
  facet normal 0.537291 0 0.843397
    outer loop
      vertex -42.05 42.5 18.4493
      vertex -42.3517 45 18.6415
      vertex -42.3517 42.5 18.6415
    endloop
  endfacet
  facet normal -0.923935 0 -0.382549
    outer loop
      vertex -36.1473 42.5 23.4023
      vertex -36.2841 45 23.7327
      vertex -36.1473 45 23.4023
    endloop
  endfacet
  facet normal -0.923935 -0 -0.382549
    outer loop
      vertex -36.2841 45 23.7327
      vertex -36.1473 42.5 23.4023
      vertex -36.2841 42.5 23.7327
    endloop
  endfacet
  facet normal 0.608778 0 0.793341
    outer loop
      vertex -42.6354 45 18.8592
      vertex -42.3517 42.5 18.6415
      vertex -42.3517 45 18.6415
    endloop
  endfacet
  facet normal 0.608778 0 0.793341
    outer loop
      vertex -42.3517 42.5 18.6415
      vertex -42.6354 45 18.8592
      vertex -42.6354 42.5 18.8592
    endloop
  endfacet
  facet normal -0.923935 0 0.382549
    outer loop
      vertex -36.2841 42.5 20.2673
      vertex -36.1473 45 20.5977
      vertex -36.2841 45 20.2673
    endloop
  endfacet
  facet normal -0.923935 0 0.382549
    outer loop
      vertex -36.1473 45 20.5977
      vertex -36.2841 42.5 20.2673
      vertex -36.1473 42.5 20.5977
    endloop
  endfacet
  facet normal -0.608778 0 -0.793341
    outer loop
      vertex -37.6483 42.5 25.3585
      vertex -37.3646 45 25.1408
      vertex -37.3646 42.5 25.1408
    endloop
  endfacet
  facet normal -0.608778 0 -0.793341
    outer loop
      vertex -37.3646 45 25.1408
      vertex -37.6483 42.5 25.3585
      vertex -37.6483 45 25.3585
    endloop
  endfacet
  facet normal -0.886983 0 0.461802
    outer loop
      vertex -36.4493 42.5 19.95
      vertex -36.2841 45 20.2673
      vertex -36.4493 45 19.95
    endloop
  endfacet
  facet normal -0.886983 0 0.461802
    outer loop
      vertex -36.2841 45 20.2673
      vertex -36.4493 42.5 19.95
      vertex -36.2841 42.5 20.2673
    endloop
  endfacet
  facet normal 0.382549 0 -0.923935
    outer loop
      vertex -41.7327 42.5 25.7159
      vertex -41.4023 45 25.8527
      vertex -41.4023 42.5 25.8527
    endloop
  endfacet
  facet normal 0.382549 0 -0.923935
    outer loop
      vertex -41.4023 45 25.8527
      vertex -41.7327 42.5 25.7159
      vertex -41.7327 45 25.7159
    endloop
  endfacet
  facet normal -0.300837 0 -0.953676
    outer loop
      vertex -38.9388 42.5 25.9603
      vertex -38.5977 45 25.8527
      vertex -38.5977 42.5 25.8527
    endloop
  endfacet
  facet normal -0.300837 0 -0.953676
    outer loop
      vertex -38.5977 45 25.8527
      vertex -38.9388 42.5 25.9603
      vertex -38.9388 45 25.9603
    endloop
  endfacet
  facet normal 0.793341 0 -0.608778
    outer loop
      vertex -43.1408 42.5 24.6354
      vertex -43.3585 45 24.3517
      vertex -43.1408 45 24.6354
    endloop
  endfacet
  facet normal 0.793341 0 -0.608778
    outer loop
      vertex -43.3585 45 24.3517
      vertex -43.1408 42.5 24.6354
      vertex -43.3585 42.5 24.3517
    endloop
  endfacet
  facet normal 0.737189 -0 0.675687
    outer loop
      vertex -43.1408 42.5 19.3646
      vertex -42.8991 45 19.1009
      vertex -43.1408 45 19.3646
    endloop
  endfacet
  facet normal 0.737189 0 0.675687
    outer loop
      vertex -42.8991 45 19.1009
      vertex -43.1408 42.5 19.3646
      vertex -42.8991 42.5 19.1009
    endloop
  endfacet
  facet normal 0.216398 0 0.976305
    outer loop
      vertex -41.0612 45 18.0397
      vertex -40.712 42.5 17.9623
      vertex -40.712 45 17.9623
    endloop
  endfacet
  facet normal 0.216398 0 0.976305
    outer loop
      vertex -40.712 42.5 17.9623
      vertex -41.0612 45 18.0397
      vertex -41.0612 42.5 18.0397
    endloop
  endfacet
  facet normal -0.991444 0 -0.130534
    outer loop
      vertex -35.9156 42.5 22.3573
      vertex -35.9623 45 22.712
      vertex -35.9156 45 22.3573
    endloop
  endfacet
  facet normal -0.991444 -0 -0.130534
    outer loop
      vertex -35.9623 45 22.712
      vertex -35.9156 42.5 22.3573
      vertex -35.9623 42.5 22.712
    endloop
  endfacet
  facet normal 0.886983 -0 0.461802
    outer loop
      vertex -43.7159 42.5 20.2673
      vertex -43.5507 45 19.95
      vertex -43.7159 45 20.2673
    endloop
  endfacet
  facet normal 0.886983 0 0.461802
    outer loop
      vertex -43.5507 45 19.95
      vertex -43.7159 42.5 20.2673
      vertex -43.5507 42.5 19.95
    endloop
  endfacet
  facet normal -0.382549 0 -0.923935
    outer loop
      vertex -38.5977 42.5 25.8527
      vertex -38.2673 45 25.7159
      vertex -38.2673 42.5 25.7159
    endloop
  endfacet
  facet normal -0.382549 0 -0.923935
    outer loop
      vertex -38.2673 45 25.7159
      vertex -38.5977 42.5 25.8527
      vertex -38.5977 45 25.8527
    endloop
  endfacet
  facet normal -0.999048 0 -0.0436192
    outer loop
      vertex -35.9 42.5 22
      vertex -35.9156 45 22.3573
      vertex -35.9 45 22
    endloop
  endfacet
  facet normal -0.999048 -0 -0.0436192
    outer loop
      vertex -35.9156 45 22.3573
      vertex -35.9 42.5 22
      vertex -35.9156 42.5 22.3573
    endloop
  endfacet
  facet normal 0.991444 0 -0.130534
    outer loop
      vertex -44.0377 42.5 22.712
      vertex -44.0844 45 22.3573
      vertex -44.0377 45 22.712
    endloop
  endfacet
  facet normal 0.991444 0 -0.130534
    outer loop
      vertex -44.0844 45 22.3573
      vertex -44.0377 42.5 22.712
      vertex -44.0844 42.5 22.3573
    endloop
  endfacet
  facet normal 0.999048 0 -0.0436192
    outer loop
      vertex -44.0844 42.5 22.3573
      vertex -44.1 45 22
      vertex -44.0844 45 22.3573
    endloop
  endfacet
  facet normal 0.999048 0 -0.0436192
    outer loop
      vertex -44.1 45 22
      vertex -44.0844 42.5 22.3573
      vertex -44.1 42.5 22
    endloop
  endfacet
  facet normal 0.843397 0 -0.537291
    outer loop
      vertex -43.3585 42.5 24.3517
      vertex -43.5507 45 24.05
      vertex -43.3585 45 24.3517
    endloop
  endfacet
  facet normal 0.843397 0 -0.537291
    outer loop
      vertex -43.5507 45 24.05
      vertex -43.3585 42.5 24.3517
      vertex -43.5507 42.5 24.05
    endloop
  endfacet
  facet normal -0.382549 0 0.923935
    outer loop
      vertex -38.5977 45 18.1473
      vertex -38.2673 42.5 18.2841
      vertex -38.2673 45 18.2841
    endloop
  endfacet
  facet normal -0.382549 0 0.923935
    outer loop
      vertex -38.2673 42.5 18.2841
      vertex -38.5977 45 18.1473
      vertex -38.5977 42.5 18.1473
    endloop
  endfacet
  facet normal -0.843397 0 -0.537291
    outer loop
      vertex -36.4493 42.5 24.05
      vertex -36.6415 45 24.3517
      vertex -36.4493 45 24.05
    endloop
  endfacet
  facet normal -0.843397 -0 -0.537291
    outer loop
      vertex -36.6415 45 24.3517
      vertex -36.4493 42.5 24.05
      vertex -36.6415 42.5 24.3517
    endloop
  endfacet
  facet normal 0.537291 0 -0.843397
    outer loop
      vertex -42.3517 42.5 25.3585
      vertex -42.05 45 25.5507
      vertex -42.05 42.5 25.5507
    endloop
  endfacet
  facet normal 0.537291 0 -0.843397
    outer loop
      vertex -42.05 45 25.5507
      vertex -42.3517 42.5 25.3585
      vertex -42.3517 45 25.3585
    endloop
  endfacet
  facet normal 0.461802 0 -0.886983
    outer loop
      vertex -42.05 42.5 25.5507
      vertex -41.7327 45 25.7159
      vertex -41.7327 42.5 25.7159
    endloop
  endfacet
  facet normal 0.461802 0 -0.886983
    outer loop
      vertex -41.7327 45 25.7159
      vertex -42.05 42.5 25.5507
      vertex -42.05 45 25.5507
    endloop
  endfacet
  facet normal -0.793341 0 0.608778
    outer loop
      vertex -36.8592 42.5 19.3646
      vertex -36.6415 45 19.6483
      vertex -36.8592 45 19.3646
    endloop
  endfacet
  facet normal -0.793341 0 0.608778
    outer loop
      vertex -36.6415 45 19.6483
      vertex -36.8592 42.5 19.3646
      vertex -36.6415 42.5 19.6483
    endloop
  endfacet
  facet normal 0.793341 -0 0.608778
    outer loop
      vertex -43.3585 42.5 19.6483
      vertex -43.1408 45 19.3646
      vertex -43.3585 45 19.6483
    endloop
  endfacet
  facet normal 0.793341 0 0.608778
    outer loop
      vertex -43.1408 45 19.3646
      vertex -43.3585 42.5 19.6483
      vertex -43.1408 42.5 19.3646
    endloop
  endfacet
  facet normal 0.216398 0 -0.976305
    outer loop
      vertex -41.0612 42.5 25.9603
      vertex -40.712 45 26.0377
      vertex -40.712 42.5 26.0377
    endloop
  endfacet
  facet normal 0.216398 0 -0.976305
    outer loop
      vertex -40.712 45 26.0377
      vertex -41.0612 42.5 25.9603
      vertex -41.0612 45 25.9603
    endloop
  endfacet
  facet normal 0.999048 -0 0.0436192
    outer loop
      vertex -44.1 42.5 22
      vertex -44.0844 45 21.6427
      vertex -44.1 45 22
    endloop
  endfacet
  facet normal 0.999048 0 0.0436192
    outer loop
      vertex -44.0844 45 21.6427
      vertex -44.1 42.5 22
      vertex -44.0844 42.5 21.6427
    endloop
  endfacet
  facet normal -0.675687 0 -0.737189
    outer loop
      vertex -37.3646 42.5 25.1408
      vertex -37.1009 45 24.8991
      vertex -37.1009 42.5 24.8991
    endloop
  endfacet
  facet normal -0.675687 0 -0.737189
    outer loop
      vertex -37.1009 45 24.8991
      vertex -37.3646 42.5 25.1408
      vertex -37.3646 45 25.1408
    endloop
  endfacet
  facet normal -0.991444 0 0.130532
    outer loop
      vertex -2.02306 42.5 20.5934
      vertex -1.93082 45 21.294
      vertex -2.02306 45 20.5934
    endloop
  endfacet
  facet normal -0.991444 0 0.130532
    outer loop
      vertex -1.93082 45 21.294
      vertex -2.02306 42.5 20.5934
      vertex -1.93082 42.5 21.294
    endloop
  endfacet
  facet normal -0.999049 0 0.0436129
    outer loop
      vertex -1.93082 42.5 21.294
      vertex -1.9 45 22
      vertex -1.93082 45 21.294
    endloop
  endfacet
  facet normal -0.999049 0 0.0436129
    outer loop
      vertex -1.9 45 22
      vertex -1.93082 42.5 21.294
      vertex -1.9 42.5 22
    endloop
  endfacet
  facet normal -0.976292 0 0.21646
    outer loop
      vertex -2.176 42.5 19.9036
      vertex -2.02306 45 20.5934
      vertex -2.176 45 19.9036
    endloop
  endfacet
  facet normal -0.976292 0 0.21646
    outer loop
      vertex -2.02306 45 20.5934
      vertex -2.176 42.5 19.9036
      vertex -2.02306 42.5 20.5934
    endloop
  endfacet
  facet normal 0.537306 0 0.843388
    outer loop
      vertex -14.646 45 15.3649
      vertex -14.05 42.5 14.9852
      vertex -14.05 45 14.9852
    endloop
  endfacet
  facet normal 0.537306 0 0.843388
    outer loop
      vertex -14.05 42.5 14.9852
      vertex -14.646 45 15.3649
      vertex -14.646 42.5 15.3649
    endloop
  endfacet
  facet normal -0.675591 0 0.737277
    outer loop
      vertex -4.79342 45 15.795
      vertex -4.27243 42.5 16.2724
      vertex -4.27243 45 16.2724
    endloop
  endfacet
  facet normal -0.675591 0 0.737277
    outer loop
      vertex -4.27243 42.5 16.2724
      vertex -4.79342 45 15.795
      vertex -4.79342 42.5 15.795
    endloop
  endfacet
  facet normal -0.999049 0 -0.0436129
    outer loop
      vertex -1.9 42.5 22
      vertex -1.93082 45 22.706
      vertex -1.9 45 22
    endloop
  endfacet
  facet normal -0.999049 -0 -0.0436129
    outer loop
      vertex -1.93082 45 22.706
      vertex -1.9 42.5 22
      vertex -1.93082 42.5 22.706
    endloop
  endfacet
  facet normal 0.843388 -0 0.537306
    outer loop
      vertex -17.0148 42.5 17.95
      vertex -16.6351 45 17.354
      vertex -17.0148 45 17.95
    endloop
  endfacet
  facet normal 0.843388 0 0.537306
    outer loop
      vertex -16.6351 45 17.354
      vertex -17.0148 42.5 17.95
      vertex -16.6351 42.5 17.354
    endloop
  endfacet
  facet normal -0.130617 0 -0.991433
    outer loop
      vertex -9.29404 42.5 30.0692
      vertex -8.59345 45 29.9769
      vertex -8.59345 42.5 29.9769
    endloop
  endfacet
  facet normal -0.130617 0 -0.991433
    outer loop
      vertex -8.59345 45 29.9769
      vertex -9.29404 42.5 30.0692
      vertex -9.29404 45 30.0692
    endloop
  endfacet
  facet normal -0.953726 0 0.300678
    outer loop
      vertex -2.38849 42.5 19.2296
      vertex -2.176 45 19.9036
      vertex -2.38849 45 19.2296
    endloop
  endfacet
  facet normal -0.953726 0 0.300678
    outer loop
      vertex -2.176 45 19.9036
      vertex -2.38849 42.5 19.2296
      vertex -2.176 42.5 19.9036
    endloop
  endfacet
  facet normal -0.73729 0 0.675576
    outer loop
      vertex -4.27243 42.5 16.2724
      vertex -3.79504 45 16.7934
      vertex -4.27243 45 16.2724
    endloop
  endfacet
  facet normal -0.73729 0 0.675576
    outer loop
      vertex -3.79504 45 16.7934
      vertex -4.27243 42.5 16.2724
      vertex -3.79504 42.5 16.7934
    endloop
  endfacet
  facet normal 0.843388 0 -0.537306
    outer loop
      vertex -16.6351 42.5 26.646
      vertex -17.0148 45 26.05
      vertex -16.6351 45 26.646
    endloop
  endfacet
  facet normal 0.843388 0 -0.537306
    outer loop
      vertex -17.0148 45 26.05
      vertex -16.6351 42.5 26.646
      vertex -17.0148 42.5 26.05
    endloop
  endfacet
  facet normal -0.537325 0 0.843375
    outer loop
      vertex -5.95 45 14.9852
      vertex -5.35403 42.5 15.3649
      vertex -5.35403 45 15.3649
    endloop
  endfacet
  facet normal -0.537325 0 0.843375
    outer loop
      vertex -5.35403 42.5 15.3649
      vertex -5.95 45 14.9852
      vertex -5.95 42.5 14.9852
    endloop
  endfacet
  facet normal 0.382685 0 -0.923879
    outer loop
      vertex -13.4232 42.5 29.3411
      vertex -12.7704 45 29.6115
      vertex -12.7704 42.5 29.6115
    endloop
  endfacet
  facet normal 0.382685 0 -0.923879
    outer loop
      vertex -12.7704 45 29.6115
      vertex -13.4232 42.5 29.3411
      vertex -13.4232 45 29.3411
    endloop
  endfacet
  facet normal 0.382685 0 0.923879
    outer loop
      vertex -13.4232 45 14.6589
      vertex -12.7704 42.5 14.3885
      vertex -12.7704 45 14.3885
    endloop
  endfacet
  facet normal 0.382685 0 0.923879
    outer loop
      vertex -12.7704 42.5 14.3885
      vertex -13.4232 45 14.6589
      vertex -13.4232 42.5 14.6589
    endloop
  endfacet
  facet normal -0.73729 0 -0.675576
    outer loop
      vertex -3.79504 42.5 27.2066
      vertex -4.27243 45 27.7276
      vertex -3.79504 45 27.2066
    endloop
  endfacet
  facet normal -0.73729 -0 -0.675576
    outer loop
      vertex -4.27243 45 27.7276
      vertex -3.79504 42.5 27.2066
      vertex -4.27243 42.5 27.7276
    endloop
  endfacet
  facet normal 0.216376 0 0.97631
    outer loop
      vertex -12.0964 45 14.176
      vertex -11.4065 42.5 14.0231
      vertex -11.4065 45 14.0231
    endloop
  endfacet
  facet normal 0.216376 0 0.97631
    outer loop
      vertex -11.4065 42.5 14.0231
      vertex -12.0964 45 14.176
      vertex -12.0964 42.5 14.176
    endloop
  endfacet
  facet normal 0.793397 0 -0.608705
    outer loop
      vertex -16.205 42.5 27.2066
      vertex -16.6351 45 26.646
      vertex -16.205 45 27.2066
    endloop
  endfacet
  facet normal 0.793397 0 -0.608705
    outer loop
      vertex -16.6351 45 26.646
      vertex -16.205 42.5 27.2066
      vertex -16.6351 42.5 26.646
    endloop
  endfacet
  facet normal 0.99905 0 -0.0435846
    outer loop
      vertex -18.0692 42.5 22.706
      vertex -18.1 45 22
      vertex -18.0692 45 22.706
    endloop
  endfacet
  facet normal 0.99905 0 -0.0435846
    outer loop
      vertex -18.1 45 22
      vertex -18.0692 42.5 22.706
      vertex -18.1 42.5 22
    endloop
  endfacet
  facet normal 0.675584 0 -0.737283
    outer loop
      vertex -15.7276 42.5 27.7276
      vertex -15.2066 45 28.205
      vertex -15.2066 42.5 28.205
    endloop
  endfacet
  facet normal 0.675584 0 -0.737283
    outer loop
      vertex -15.2066 45 28.205
      vertex -15.7276 42.5 27.7276
      vertex -15.7276 45 27.7276
    endloop
  endfacet
  facet normal -0.30072 0 0.953713
    outer loop
      vertex -7.90357 45 14.176
      vertex -7.22964 42.5 14.3885
      vertex -7.22964 45 14.3885
    endloop
  endfacet
  facet normal -0.30072 0 0.953713
    outer loop
      vertex -7.22964 42.5 14.3885
      vertex -7.90357 45 14.176
      vertex -7.90357 42.5 14.176
    endloop
  endfacet
  facet normal 0.991431 0 -0.130634
    outer loop
      vertex -17.9769 42.5 23.4065
      vertex -18.0692 45 22.706
      vertex -17.9769 45 23.4065
    endloop
  endfacet
  facet normal 0.991431 0 -0.130634
    outer loop
      vertex -18.0692 45 22.706
      vertex -17.9769 42.5 23.4065
      vertex -18.0692 42.5 22.706
    endloop
  endfacet
  facet normal -0.30072 0 -0.953713
    outer loop
      vertex -7.90357 42.5 29.824
      vertex -7.22964 45 29.6115
      vertex -7.22964 42.5 29.6115
    endloop
  endfacet
  facet normal -0.30072 0 -0.953713
    outer loop
      vertex -7.22964 45 29.6115
      vertex -7.90357 42.5 29.824
      vertex -7.90357 45 29.824
    endloop
  endfacet
  facet normal 0.300691 0 0.953722
    outer loop
      vertex -12.7704 45 14.3885
      vertex -12.0964 42.5 14.176
      vertex -12.0964 45 14.176
    endloop
  endfacet
  facet normal 0.300691 0 0.953722
    outer loop
      vertex -12.0964 42.5 14.176
      vertex -12.7704 45 14.3885
      vertex -12.7704 42.5 14.3885
    endloop
  endfacet
  facet normal 0.97631 0 -0.216376
    outer loop
      vertex -17.824 42.5 24.0964
      vertex -17.9769 45 23.4065
      vertex -17.824 45 24.0964
    endloop
  endfacet
  facet normal 0.97631 0 -0.216376
    outer loop
      vertex -17.9769 45 23.4065
      vertex -17.824 42.5 24.0964
      vertex -17.9769 42.5 23.4065
    endloop
  endfacet
  facet normal -0.38266 0 0.923889
    outer loop
      vertex -7.22964 45 14.3885
      vertex -6.57679 42.5 14.6589
      vertex -6.57679 45 14.6589
    endloop
  endfacet
  facet normal -0.38266 0 0.923889
    outer loop
      vertex -6.57679 42.5 14.6589
      vertex -7.22964 45 14.3885
      vertex -7.22964 42.5 14.3885
    endloop
  endfacet
  facet normal 0.608705 0 0.793397
    outer loop
      vertex -15.2066 45 15.795
      vertex -14.646 42.5 15.3649
      vertex -14.646 45 15.3649
    endloop
  endfacet
  facet normal 0.608705 0 0.793397
    outer loop
      vertex -14.646 42.5 15.3649
      vertex -15.2066 45 15.795
      vertex -15.2066 42.5 15.795
    endloop
  endfacet
  facet normal 0.923879 0 -0.382685
    outer loop
      vertex -17.3411 42.5 25.4232
      vertex -17.6115 45 24.7704
      vertex -17.3411 45 25.4232
    endloop
  endfacet
  facet normal 0.923879 0 -0.382685
    outer loop
      vertex -17.6115 45 24.7704
      vertex -17.3411 42.5 25.4232
      vertex -17.6115 42.5 24.7704
    endloop
  endfacet
  facet normal -0.923869 0 0.382709
    outer loop
      vertex -2.65891 42.5 18.5768
      vertex -2.38849 45 19.2296
      vertex -2.65891 45 18.5768
    endloop
  endfacet
  facet normal -0.923869 0 0.382709
    outer loop
      vertex -2.38849 45 19.2296
      vertex -2.65891 42.5 18.5768
      vertex -2.38849 42.5 19.2296
    endloop
  endfacet
  facet normal 0.953722 0 -0.300691
    outer loop
      vertex -17.6115 42.5 24.7704
      vertex -17.824 45 24.0964
      vertex -17.6115 45 24.7704
    endloop
  endfacet
  facet normal 0.953722 0 -0.300691
    outer loop
      vertex -17.824 45 24.0964
      vertex -17.6115 42.5 24.7704
      vertex -17.824 42.5 24.0964
    endloop
  endfacet
  facet normal 0.737283 0 -0.675584
    outer loop
      vertex -15.7276 42.5 27.7276
      vertex -16.205 45 27.2066
      vertex -15.7276 45 27.7276
    endloop
  endfacet
  facet normal 0.737283 0 -0.675584
    outer loop
      vertex -16.205 45 27.2066
      vertex -15.7276 42.5 27.7276
      vertex -16.205 42.5 27.2066
    endloop
  endfacet
  facet normal 0.537306 0 -0.843388
    outer loop
      vertex -14.646 42.5 28.6351
      vertex -14.05 45 29.0148
      vertex -14.05 42.5 29.0148
    endloop
  endfacet
  facet normal 0.537306 0 -0.843388
    outer loop
      vertex -14.05 45 29.0148
      vertex -14.646 42.5 28.6351
      vertex -14.646 45 28.6351
    endloop
  endfacet
  facet normal 0.216376 0 -0.97631
    outer loop
      vertex -12.0964 42.5 29.824
      vertex -11.4065 45 29.9769
      vertex -11.4065 42.5 29.9769
    endloop
  endfacet
  facet normal 0.216376 0 -0.97631
    outer loop
      vertex -11.4065 45 29.9769
      vertex -12.0964 42.5 29.824
      vertex -12.0964 45 29.824
    endloop
  endfacet
  facet normal 0.130634 0 -0.991431
    outer loop
      vertex -11.4065 42.5 29.9769
      vertex -10.706 45 30.0692
      vertex -10.706 42.5 30.0692
    endloop
  endfacet
  facet normal 0.130634 0 -0.991431
    outer loop
      vertex -10.706 45 30.0692
      vertex -11.4065 42.5 29.9769
      vertex -11.4065 45 29.9769
    endloop
  endfacet
  facet normal -0.608698 0 -0.793402
    outer loop
      vertex -5.35403 42.5 28.6351
      vertex -4.79342 45 28.205
      vertex -4.79342 42.5 28.205
    endloop
  endfacet
  facet normal -0.608698 0 -0.793402
    outer loop
      vertex -4.79342 45 28.205
      vertex -5.35403 42.5 28.6351
      vertex -5.35403 45 28.6351
    endloop
  endfacet
  facet normal -0.887017 0 -0.461736
    outer loop
      vertex -2.65891 42.5 25.4232
      vertex -2.98519 45 26.05
      vertex -2.65891 45 25.4232
    endloop
  endfacet
  facet normal -0.887017 -0 -0.461736
    outer loop
      vertex -2.98519 45 26.05
      vertex -2.65891 42.5 25.4232
      vertex -2.98519 42.5 26.05
    endloop
  endfacet
  facet normal -0.0435871 0 0.99905
    outer loop
      vertex -10 45 13.9
      vertex -9.29404 42.5 13.9308
      vertex -9.29404 45 13.9308
    endloop
  endfacet
  facet normal -0.0435871 0 0.99905
    outer loop
      vertex -9.29404 42.5 13.9308
      vertex -10 45 13.9
      vertex -10 42.5 13.9
    endloop
  endfacet
  facet normal 0.608705 0 -0.793397
    outer loop
      vertex -15.2066 42.5 28.205
      vertex -14.646 45 28.6351
      vertex -14.646 42.5 28.6351
    endloop
  endfacet
  facet normal 0.608705 0 -0.793397
    outer loop
      vertex -14.646 45 28.6351
      vertex -15.2066 42.5 28.205
      vertex -15.2066 45 28.205
    endloop
  endfacet
  facet normal 0.953722 -0 0.300691
    outer loop
      vertex -17.824 42.5 19.9036
      vertex -17.6115 45 19.2296
      vertex -17.824 45 19.9036
    endloop
  endfacet
  facet normal 0.953722 0 0.300691
    outer loop
      vertex -17.6115 45 19.2296
      vertex -17.824 42.5 19.9036
      vertex -17.6115 42.5 19.2296
    endloop
  endfacet
  facet normal 0.461758 0 0.887006
    outer loop
      vertex -14.05 45 14.9852
      vertex -13.4232 42.5 14.6589
      vertex -13.4232 45 14.6589
    endloop
  endfacet
  facet normal 0.461758 0 0.887006
    outer loop
      vertex -13.4232 42.5 14.6589
      vertex -14.05 45 14.9852
      vertex -14.05 42.5 14.9852
    endloop
  endfacet
  facet normal -0.887017 0 0.461736
    outer loop
      vertex -2.98519 42.5 17.95
      vertex -2.65891 45 18.5768
      vertex -2.98519 45 17.95
    endloop
  endfacet
  facet normal -0.887017 0 0.461736
    outer loop
      vertex -2.65891 45 18.5768
      vertex -2.98519 42.5 17.95
      vertex -2.65891 42.5 18.5768
    endloop
  endfacet
  facet normal -0.793349 0 0.608767
    outer loop
      vertex -3.79504 42.5 16.7934
      vertex -3.36487 45 17.354
      vertex -3.79504 45 16.7934
    endloop
  endfacet
  facet normal -0.793349 0 0.608767
    outer loop
      vertex -3.36487 45 17.354
      vertex -3.79504 42.5 16.7934
      vertex -3.36487 42.5 17.354
    endloop
  endfacet
  facet normal -0.608698 0 0.793402
    outer loop
      vertex -5.35403 45 15.3649
      vertex -4.79342 42.5 15.795
      vertex -4.79342 45 15.795
    endloop
  endfacet
  facet normal -0.608698 0 0.793402
    outer loop
      vertex -4.79342 42.5 15.795
      vertex -5.35403 45 15.3649
      vertex -5.35403 42.5 15.3649
    endloop
  endfacet
  facet normal -0.793349 0 -0.608767
    outer loop
      vertex -3.36487 42.5 26.646
      vertex -3.79504 45 27.2066
      vertex -3.36487 45 26.646
    endloop
  endfacet
  facet normal -0.793349 -0 -0.608767
    outer loop
      vertex -3.79504 45 27.2066
      vertex -3.36487 42.5 26.646
      vertex -3.79504 42.5 27.2066
    endloop
  endfacet
  facet normal -0.461764 0 -0.887003
    outer loop
      vertex -6.57679 42.5 29.3411
      vertex -5.95 45 29.0148
      vertex -5.95 42.5 29.0148
    endloop
  endfacet
  facet normal -0.461764 0 -0.887003
    outer loop
      vertex -5.95 45 29.0148
      vertex -6.57679 42.5 29.3411
      vertex -6.57679 45 29.3411
    endloop
  endfacet
  facet normal -0.461764 0 0.887003
    outer loop
      vertex -6.57679 45 14.6589
      vertex -5.95 42.5 14.9852
      vertex -5.95 45 14.9852
    endloop
  endfacet
  facet normal -0.461764 0 0.887003
    outer loop
      vertex -5.95 42.5 14.9852
      vertex -6.57679 45 14.6589
      vertex -6.57679 42.5 14.6589
    endloop
  endfacet
  facet normal 0.976303 -0 0.216406
    outer loop
      vertex -17.9769 42.5 20.5934
      vertex -17.824 45 19.9036
      vertex -17.9769 45 20.5934
    endloop
  endfacet
  facet normal 0.976303 0 0.216406
    outer loop
      vertex -17.824 45 19.9036
      vertex -17.9769 42.5 20.5934
      vertex -17.824 42.5 19.9036
    endloop
  endfacet
  facet normal 0.130634 0 0.991431
    outer loop
      vertex -11.4065 45 14.0231
      vertex -10.706 42.5 13.9308
      vertex -10.706 45 13.9308
    endloop
  endfacet
  facet normal 0.130634 0 0.991431
    outer loop
      vertex -10.706 42.5 13.9308
      vertex -11.4065 45 14.0231
      vertex -11.4065 42.5 14.0231
    endloop
  endfacet
  facet normal 0.887006 -0 0.461758
    outer loop
      vertex -17.3411 42.5 18.5768
      vertex -17.0148 45 17.95
      vertex -17.3411 45 18.5768
    endloop
  endfacet
  facet normal 0.887006 0 0.461758
    outer loop
      vertex -17.0148 45 17.95
      vertex -17.3411 42.5 18.5768
      vertex -17.0148 42.5 17.95
    endloop
  endfacet
  facet normal -0.991442 0 -0.13055
    outer loop
      vertex -1.93082 42.5 22.706
      vertex -2.02306 45 23.4065
      vertex -1.93082 45 22.706
    endloop
  endfacet
  facet normal -0.991442 -0 -0.13055
    outer loop
      vertex -2.02306 45 23.4065
      vertex -1.93082 42.5 22.706
      vertex -2.02306 42.5 23.4065
    endloop
  endfacet
  facet normal -0.216382 0 -0.976309
    outer loop
      vertex -8.59345 42.5 29.9769
      vertex -7.90357 45 29.824
      vertex -7.90357 42.5 29.824
    endloop
  endfacet
  facet normal -0.216382 0 -0.976309
    outer loop
      vertex -7.90357 45 29.824
      vertex -8.59345 42.5 29.9769
      vertex -8.59345 45 29.9769
    endloop
  endfacet
  facet normal -0.976298 0 -0.21643
    outer loop
      vertex -2.02306 42.5 23.4065
      vertex -2.176 45 24.0964
      vertex -2.02306 45 23.4065
    endloop
  endfacet
  facet normal -0.976298 -0 -0.21643
    outer loop
      vertex -2.176 45 24.0964
      vertex -2.02306 42.5 23.4065
      vertex -2.176 42.5 24.0964
    endloop
  endfacet
  facet normal -0.130617 0 0.991433
    outer loop
      vertex -9.29404 45 13.9308
      vertex -8.59345 42.5 14.0231
      vertex -8.59345 45 14.0231
    endloop
  endfacet
  facet normal -0.130617 0 0.991433
    outer loop
      vertex -8.59345 42.5 14.0231
      vertex -9.29404 45 13.9308
      vertex -9.29404 42.5 13.9308
    endloop
  endfacet
  facet normal 0.0435846 0 0.99905
    outer loop
      vertex -10.706 45 13.9308
      vertex -10 42.5 13.9
      vertex -10 45 13.9
    endloop
  endfacet
  facet normal 0.0435846 0 0.99905
    outer loop
      vertex -10 42.5 13.9
      vertex -10.706 45 13.9308
      vertex -10.706 42.5 13.9308
    endloop
  endfacet
  facet normal 0.887006 0 -0.461758
    outer loop
      vertex -17.0148 42.5 26.05
      vertex -17.3411 45 25.4232
      vertex -17.0148 45 26.05
    endloop
  endfacet
  facet normal 0.887006 0 -0.461758
    outer loop
      vertex -17.3411 45 25.4232
      vertex -17.0148 42.5 26.05
      vertex -17.3411 42.5 25.4232
    endloop
  endfacet
  facet normal -0.0435871 0 -0.99905
    outer loop
      vertex -10 42.5 30.1
      vertex -9.29404 45 30.0692
      vertex -9.29404 42.5 30.0692
    endloop
  endfacet
  facet normal -0.0435871 0 -0.99905
    outer loop
      vertex -9.29404 45 30.0692
      vertex -10 42.5 30.1
      vertex -10 45 30.1
    endloop
  endfacet
  facet normal 0.675584 0 0.737283
    outer loop
      vertex -15.7276 45 16.2724
      vertex -15.2066 42.5 15.795
      vertex -15.2066 45 15.795
    endloop
  endfacet
  facet normal 0.675584 0 0.737283
    outer loop
      vertex -15.2066 42.5 15.795
      vertex -15.7276 45 16.2724
      vertex -15.7276 42.5 16.2724
    endloop
  endfacet
  facet normal -0.8434 0 0.537286
    outer loop
      vertex -3.36487 42.5 17.354
      vertex -2.98519 45 17.95
      vertex -3.36487 45 17.354
    endloop
  endfacet
  facet normal -0.8434 0 0.537286
    outer loop
      vertex -2.98519 45 17.95
      vertex -3.36487 42.5 17.354
      vertex -2.98519 42.5 17.95
    endloop
  endfacet
  facet normal 0.737283 -0 0.675584
    outer loop
      vertex -16.205 42.5 16.7934
      vertex -15.7276 45 16.2724
      vertex -16.205 45 16.7934
    endloop
  endfacet
  facet normal 0.737283 0 0.675584
    outer loop
      vertex -15.7276 45 16.2724
      vertex -16.205 42.5 16.7934
      vertex -15.7276 42.5 16.2724
    endloop
  endfacet
  facet normal 0.793397 -0 0.608705
    outer loop
      vertex -16.6351 42.5 17.354
      vertex -16.205 45 16.7934
      vertex -16.6351 45 17.354
    endloop
  endfacet
  facet normal 0.793397 0 0.608705
    outer loop
      vertex -16.205 45 16.7934
      vertex -16.6351 42.5 17.354
      vertex -16.205 42.5 16.7934
    endloop
  endfacet
  facet normal -0.923869 0 -0.382709
    outer loop
      vertex -2.38849 42.5 24.7704
      vertex -2.65891 45 25.4232
      vertex -2.38849 45 24.7704
    endloop
  endfacet
  facet normal -0.923869 -0 -0.382709
    outer loop
      vertex -2.65891 45 25.4232
      vertex -2.38849 42.5 24.7704
      vertex -2.65891 42.5 25.4232
    endloop
  endfacet
  facet normal 0.300691 0 -0.953722
    outer loop
      vertex -12.7704 42.5 29.6115
      vertex -12.0964 45 29.824
      vertex -12.0964 42.5 29.824
    endloop
  endfacet
  facet normal 0.300691 0 -0.953722
    outer loop
      vertex -12.0964 45 29.824
      vertex -12.7704 42.5 29.6115
      vertex -12.7704 45 29.6115
    endloop
  endfacet
  facet normal 0.461758 0 -0.887006
    outer loop
      vertex -14.05 42.5 29.0148
      vertex -13.4232 45 29.3411
      vertex -13.4232 42.5 29.3411
    endloop
  endfacet
  facet normal 0.461758 0 -0.887006
    outer loop
      vertex -13.4232 45 29.3411
      vertex -14.05 42.5 29.0148
      vertex -14.05 45 29.0148
    endloop
  endfacet
  facet normal -0.38266 0 -0.923889
    outer loop
      vertex -7.22964 42.5 29.6115
      vertex -6.57679 45 29.3411
      vertex -6.57679 42.5 29.3411
    endloop
  endfacet
  facet normal -0.38266 0 -0.923889
    outer loop
      vertex -6.57679 45 29.3411
      vertex -7.22964 42.5 29.6115
      vertex -7.22964 45 29.6115
    endloop
  endfacet
  facet normal -0.953726 0 -0.300678
    outer loop
      vertex -2.176 42.5 24.0964
      vertex -2.38849 45 24.7704
      vertex -2.176 45 24.0964
    endloop
  endfacet
  facet normal -0.953726 -0 -0.300678
    outer loop
      vertex -2.38849 45 24.7704
      vertex -2.176 42.5 24.0964
      vertex -2.38849 42.5 24.7704
    endloop
  endfacet
  facet normal 0.0435846 0 -0.99905
    outer loop
      vertex -10.706 42.5 30.0692
      vertex -10 45 30.1
      vertex -10 42.5 30.1
    endloop
  endfacet
  facet normal 0.0435846 0 -0.99905
    outer loop
      vertex -10 45 30.1
      vertex -10.706 42.5 30.0692
      vertex -10.706 45 30.0692
    endloop
  endfacet
  facet normal -0.675591 0 -0.737277
    outer loop
      vertex -4.79342 42.5 28.205
      vertex -4.27243 45 27.7276
      vertex -4.27243 42.5 27.7276
    endloop
  endfacet
  facet normal -0.675591 0 -0.737277
    outer loop
      vertex -4.27243 45 27.7276
      vertex -4.79342 42.5 28.205
      vertex -4.79342 45 28.205
    endloop
  endfacet
  facet normal -0.8434 0 -0.537286
    outer loop
      vertex -2.98519 42.5 26.05
      vertex -3.36487 45 26.646
      vertex -2.98519 45 26.05
    endloop
  endfacet
  facet normal -0.8434 -0 -0.537286
    outer loop
      vertex -3.36487 45 26.646
      vertex -2.98519 42.5 26.05
      vertex -3.36487 42.5 26.646
    endloop
  endfacet
  facet normal -0.537325 0 -0.843375
    outer loop
      vertex -5.95 42.5 29.0148
      vertex -5.35403 45 28.6351
      vertex -5.35403 42.5 28.6351
    endloop
  endfacet
  facet normal -0.537325 0 -0.843375
    outer loop
      vertex -5.35403 45 28.6351
      vertex -5.95 42.5 29.0148
      vertex -5.95 45 29.0148
    endloop
  endfacet
  facet normal 0.991433 -0 0.130616
    outer loop
      vertex -18.0692 42.5 21.294
      vertex -17.9769 45 20.5934
      vertex -18.0692 45 21.294
    endloop
  endfacet
  facet normal 0.991433 0 0.130616
    outer loop
      vertex -17.9769 45 20.5934
      vertex -18.0692 42.5 21.294
      vertex -17.9769 42.5 20.5934
    endloop
  endfacet
  facet normal 0.99905 -0 0.0435846
    outer loop
      vertex -18.1 42.5 22
      vertex -18.0692 45 21.294
      vertex -18.1 45 22
    endloop
  endfacet
  facet normal 0.99905 0 0.0435846
    outer loop
      vertex -18.0692 45 21.294
      vertex -18.1 42.5 22
      vertex -18.0692 42.5 21.294
    endloop
  endfacet
  facet normal 0.923879 -0 0.382685
    outer loop
      vertex -17.6115 42.5 19.2296
      vertex -17.3411 45 18.5768
      vertex -17.6115 45 19.2296
    endloop
  endfacet
  facet normal 0.923879 0 0.382685
    outer loop
      vertex -17.3411 45 18.5768
      vertex -17.6115 42.5 19.2296
      vertex -17.3411 42.5 18.5768
    endloop
  endfacet
  facet normal -0.216382 0 0.976309
    outer loop
      vertex -8.59345 45 14.0231
      vertex -7.90357 42.5 14.176
      vertex -7.90357 45 14.176
    endloop
  endfacet
  facet normal -0.216382 0 0.976309
    outer loop
      vertex -7.90357 42.5 14.176
      vertex -8.59345 45 14.0231
      vertex -8.59345 42.5 14.0231
    endloop
  endfacet
  facet normal -0.991443 0 0.130541
    outer loop
      vertex 21.0529 42.5 21.4617
      vertex 21.0882 45 21.7298
      vertex 21.0529 45 21.4617
    endloop
  endfacet
  facet normal -0.991443 0 0.130541
    outer loop
      vertex 21.0882 45 21.7298
      vertex 21.0529 42.5 21.4617
      vertex 21.0882 42.5 21.7298
    endloop
  endfacet
  facet normal -0.999048 0 0.0436298
    outer loop
      vertex 21.0882 42.5 21.7298
      vertex 21.1 45 22
      vertex 21.0882 45 21.7298
    endloop
  endfacet
  facet normal -0.999048 0 0.0436298
    outer loop
      vertex 21.1 45 22
      vertex 21.0882 42.5 21.7298
      vertex 21.1 42.5 22
    endloop
  endfacet
  facet normal -0.976317 0 0.216343
    outer loop
      vertex 20.9944 42.5 21.1977
      vertex 21.0529 45 21.4617
      vertex 20.9944 45 21.1977
    endloop
  endfacet
  facet normal -0.976317 0 0.216343
    outer loop
      vertex 21.0529 45 21.4617
      vertex 20.9944 42.5 21.1977
      vertex 21.0529 42.5 21.4617
    endloop
  endfacet
  facet normal -0.999048 0 -0.0436298
    outer loop
      vertex 21.1 42.5 22
      vertex 21.0882 45 22.2702
      vertex 21.1 45 22
    endloop
  endfacet
  facet normal -0.999048 -0 -0.0436298
    outer loop
      vertex 21.0882 45 22.2702
      vertex 21.1 42.5 22
      vertex 21.0882 42.5 22.2702
    endloop
  endfacet
  facet normal 0.79316 -0 0.609014
    outer loop
      vertex 15.4606 42.5 20.2219
      vertex 15.6253 45 20.0074
      vertex 15.4606 45 20.2219
    endloop
  endfacet
  facet normal 0.79316 0 0.609014
    outer loop
      vertex 15.6253 45 20.0074
      vertex 15.4606 42.5 20.2219
      vertex 15.6253 42.5 20.0074
    endloop
  endfacet
  facet normal 0.382461 0 -0.923972
    outer loop
      vertex 16.6899 42.5 24.8096
      vertex 16.9397 45 24.913
      vertex 16.9397 42.5 24.913
    endloop
  endfacet
  facet normal 0.382461 0 -0.923972
    outer loop
      vertex 16.9397 45 24.913
      vertex 16.6899 42.5 24.8096
      vertex 16.6899 45 24.8096
    endloop
  endfacet
  facet normal 0.300884 0 0.953661
    outer loop
      vertex 16.9397 45 19.087
      vertex 17.1977 42.5 19.0056
      vertex 17.1977 45 19.0056
    endloop
  endfacet
  facet normal 0.300884 0 0.953661
    outer loop
      vertex 17.1977 42.5 19.0056
      vertex 16.9397 45 19.087
      vertex 16.9397 42.5 19.087
    endloop
  endfacet
  facet normal -0.216343 0 -0.976317
    outer loop
      vertex 18.5383 42.5 25.0529
      vertex 18.8023 45 24.9944
      vertex 18.8023 42.5 24.9944
    endloop
  endfacet
  facet normal -0.216343 0 -0.976317
    outer loop
      vertex 18.8023 45 24.9944
      vertex 18.5383 42.5 25.0529
      vertex 18.5383 45 25.0529
    endloop
  endfacet
  facet normal -0.953661 0 -0.300884
    outer loop
      vertex 20.9944 42.5 22.8023
      vertex 20.913 45 23.0603
      vertex 20.9944 45 22.8023
    endloop
  endfacet
  facet normal -0.953661 -0 -0.300884
    outer loop
      vertex 20.913 45 23.0603
      vertex 20.9944 42.5 22.8023
      vertex 20.913 42.5 23.0603
    endloop
  endfacet
  facet normal -0.300884 0 -0.953661
    outer loop
      vertex 18.8023 42.5 24.9944
      vertex 19.0603 45 24.913
      vertex 19.0603 42.5 24.913
    endloop
  endfacet
  facet normal -0.300884 0 -0.953661
    outer loop
      vertex 19.0603 45 24.913
      vertex 18.8023 42.5 24.9944
      vertex 18.8023 45 24.9944
    endloop
  endfacet
  facet normal 0.609014 0 0.79316
    outer loop
      vertex 16.0074 45 19.6253
      vertex 16.2219 42.5 19.4606
      vertex 16.2219 45 19.4606
    endloop
  endfacet
  facet normal 0.609014 0 0.79316
    outer loop
      vertex 16.2219 42.5 19.4606
      vertex 16.0074 45 19.6253
      vertex 16.0074 42.5 19.6253
    endloop
  endfacet
  facet normal 0.737308 0 -0.675557
    outer loop
      vertex 15.808 42.5 24.192
      vertex 15.6253 45 23.9926
      vertex 15.808 45 24.192
    endloop
  endfacet
  facet normal 0.737308 0 -0.675557
    outer loop
      vertex 15.6253 45 23.9926
      vertex 15.808 42.5 24.192
      vertex 15.6253 42.5 23.9926
    endloop
  endfacet
  facet normal 0.675557 0 0.737308
    outer loop
      vertex 15.808 45 19.808
      vertex 16.0074 42.5 19.6253
      vertex 16.0074 45 19.6253
    endloop
  endfacet
  facet normal 0.675557 0 0.737308
    outer loop
      vertex 16.0074 42.5 19.6253
      vertex 15.808 45 19.808
      vertex 15.808 42.5 19.808
    endloop
  endfacet
  facet normal 0.216343 0 0.976317
    outer loop
      vertex 17.1977 45 19.0056
      vertex 17.4617 42.5 18.9471
      vertex 17.4617 45 18.9471
    endloop
  endfacet
  facet normal 0.216343 0 0.976317
    outer loop
      vertex 17.4617 42.5 18.9471
      vertex 17.1977 45 19.0056
      vertex 17.1977 42.5 19.0056
    endloop
  endfacet
  facet normal -0.300884 0 0.953661
    outer loop
      vertex 18.8023 45 19.0056
      vertex 19.0603 42.5 19.087
      vertex 19.0603 45 19.087
    endloop
  endfacet
  facet normal -0.300884 0 0.953661
    outer loop
      vertex 19.0603 42.5 19.087
      vertex 18.8023 45 19.0056
      vertex 18.8023 42.5 19.0056
    endloop
  endfacet
  facet normal -0.675557 0 0.737308
    outer loop
      vertex 19.9926 45 19.6253
      vertex 20.192 42.5 19.808
      vertex 20.192 45 19.808
    endloop
  endfacet
  facet normal -0.675557 0 0.737308
    outer loop
      vertex 20.192 42.5 19.808
      vertex 19.9926 45 19.6253
      vertex 19.9926 42.5 19.6253
    endloop
  endfacet
  facet normal -0.537258 0 0.843418
    outer loop
      vertex 19.55 45 19.3153
      vertex 19.7781 42.5 19.4606
      vertex 19.7781 45 19.4606
    endloop
  endfacet
  facet normal -0.537258 0 0.843418
    outer loop
      vertex 19.7781 42.5 19.4606
      vertex 19.55 45 19.3153
      vertex 19.55 42.5 19.3153
    endloop
  endfacet
  facet normal -0.886987 0 -0.461795
    outer loop
      vertex 20.8096 42.5 23.3101
      vertex 20.6847 45 23.55
      vertex 20.8096 45 23.3101
    endloop
  endfacet
  facet normal -0.886987 -0 -0.461795
    outer loop
      vertex 20.6847 45 23.55
      vertex 20.8096 42.5 23.3101
      vertex 20.6847 42.5 23.55
    endloop
  endfacet
  facet normal -0.976317 0 -0.216343
    outer loop
      vertex 21.0529 42.5 22.5383
      vertex 20.9944 45 22.8023
      vertex 21.0529 45 22.5383
    endloop
  endfacet
  facet normal -0.976317 -0 -0.216343
    outer loop
      vertex 20.9944 45 22.8023
      vertex 21.0529 42.5 22.5383
      vertex 20.9944 42.5 22.8023
    endloop
  endfacet
  facet normal -0.737308 0 0.675557
    outer loop
      vertex 20.192 42.5 19.808
      vertex 20.3747 45 20.0074
      vertex 20.192 45 19.808
    endloop
  endfacet
  facet normal -0.737308 0 0.675557
    outer loop
      vertex 20.3747 45 20.0074
      vertex 20.192 42.5 19.808
      vertex 20.3747 42.5 20.0074
    endloop
  endfacet
  facet normal -0.0436298 0 -0.999048
    outer loop
      vertex 18 42.5 25.1
      vertex 18.2702 45 25.0882
      vertex 18.2702 42.5 25.0882
    endloop
  endfacet
  facet normal -0.0436298 0 -0.999048
    outer loop
      vertex 18.2702 45 25.0882
      vertex 18 42.5 25.1
      vertex 18 45 25.1
    endloop
  endfacet
  facet normal -0.737308 0 -0.675557
    outer loop
      vertex 20.3747 42.5 23.9926
      vertex 20.192 45 24.192
      vertex 20.3747 45 23.9926
    endloop
  endfacet
  facet normal -0.737308 -0 -0.675557
    outer loop
      vertex 20.192 45 24.192
      vertex 20.3747 42.5 23.9926
      vertex 20.192 42.5 24.192
    endloop
  endfacet
  facet normal 0.886987 0 -0.461795
    outer loop
      vertex 15.3153 42.5 23.55
      vertex 15.1904 45 23.3101
      vertex 15.3153 45 23.55
    endloop
  endfacet
  facet normal 0.886987 0 -0.461795
    outer loop
      vertex 15.1904 45 23.3101
      vertex 15.3153 42.5 23.55
      vertex 15.1904 42.5 23.3101
    endloop
  endfacet
  facet normal -0.130541 0 -0.991443
    outer loop
      vertex 18.2702 42.5 25.0882
      vertex 18.5383 45 25.0529
      vertex 18.5383 42.5 25.0529
    endloop
  endfacet
  facet normal -0.130541 0 -0.991443
    outer loop
      vertex 18.5383 45 25.0529
      vertex 18.2702 42.5 25.0882
      vertex 18.2702 45 25.0882
    endloop
  endfacet
  facet normal 0.130541 0 -0.991443
    outer loop
      vertex 17.4617 42.5 25.0529
      vertex 17.7298 45 25.0882
      vertex 17.7298 42.5 25.0882
    endloop
  endfacet
  facet normal 0.130541 0 -0.991443
    outer loop
      vertex 17.7298 45 25.0882
      vertex 17.4617 42.5 25.0529
      vertex 17.4617 45 25.0529
    endloop
  endfacet
  facet normal 0.976317 0 -0.216343
    outer loop
      vertex 15.0056 42.5 22.8023
      vertex 14.9471 45 22.5383
      vertex 15.0056 45 22.8023
    endloop
  endfacet
  facet normal 0.976317 0 -0.216343
    outer loop
      vertex 14.9471 45 22.5383
      vertex 15.0056 42.5 22.8023
      vertex 14.9471 42.5 22.5383
    endloop
  endfacet
  facet normal 0.976317 -0 0.216343
    outer loop
      vertex 14.9471 42.5 21.4617
      vertex 15.0056 45 21.1977
      vertex 14.9471 45 21.4617
    endloop
  endfacet
  facet normal 0.976317 0 0.216343
    outer loop
      vertex 15.0056 45 21.1977
      vertex 14.9471 42.5 21.4617
      vertex 15.0056 42.5 21.1977
    endloop
  endfacet
  facet normal -0.886987 0 0.461795
    outer loop
      vertex 20.6847 42.5 20.45
      vertex 20.8096 45 20.6899
      vertex 20.6847 45 20.45
    endloop
  endfacet
  facet normal -0.886987 0 0.461795
    outer loop
      vertex 20.8096 45 20.6899
      vertex 20.6847 42.5 20.45
      vertex 20.8096 42.5 20.6899
    endloop
  endfacet
  facet normal -0.923972 0 0.382461
    outer loop
      vertex 20.8096 42.5 20.6899
      vertex 20.913 45 20.9397
      vertex 20.8096 45 20.6899
    endloop
  endfacet
  facet normal -0.923972 0 0.382461
    outer loop
      vertex 20.913 45 20.9397
      vertex 20.8096 42.5 20.6899
      vertex 20.913 42.5 20.9397
    endloop
  endfacet
  facet normal -0.382461 0 -0.923972
    outer loop
      vertex 19.0603 42.5 24.913
      vertex 19.3101 45 24.8096
      vertex 19.3101 42.5 24.8096
    endloop
  endfacet
  facet normal -0.382461 0 -0.923972
    outer loop
      vertex 19.3101 45 24.8096
      vertex 19.0603 42.5 24.913
      vertex 19.0603 45 24.913
    endloop
  endfacet
  facet normal -0.79316 0 0.609014
    outer loop
      vertex 20.3747 42.5 20.0074
      vertex 20.5394 45 20.2219
      vertex 20.3747 45 20.0074
    endloop
  endfacet
  facet normal -0.79316 0 0.609014
    outer loop
      vertex 20.5394 45 20.2219
      vertex 20.3747 42.5 20.0074
      vertex 20.5394 42.5 20.2219
    endloop
  endfacet
  facet normal -0.382461 0 0.923972
    outer loop
      vertex 19.0603 45 19.087
      vertex 19.3101 42.5 19.1904
      vertex 19.3101 45 19.1904
    endloop
  endfacet
  facet normal -0.382461 0 0.923972
    outer loop
      vertex 19.3101 42.5 19.1904
      vertex 19.0603 45 19.087
      vertex 19.0603 42.5 19.087
    endloop
  endfacet
  facet normal 0.999048 0 -0.0436298
    outer loop
      vertex 14.9118 42.5 22.2702
      vertex 14.9 45 22
      vertex 14.9118 45 22.2702
    endloop
  endfacet
  facet normal 0.999048 0 -0.0436298
    outer loop
      vertex 14.9 45 22
      vertex 14.9118 42.5 22.2702
      vertex 14.9 42.5 22
    endloop
  endfacet
  facet normal -0.609014 0 0.79316
    outer loop
      vertex 19.7781 45 19.4606
      vertex 19.9926 42.5 19.6253
      vertex 19.9926 45 19.6253
    endloop
  endfacet
  facet normal -0.609014 0 0.79316
    outer loop
      vertex 19.9926 42.5 19.6253
      vertex 19.7781 45 19.4606
      vertex 19.7781 42.5 19.4606
    endloop
  endfacet
  facet normal -0.461795 0 0.886987
    outer loop
      vertex 19.3101 45 19.1904
      vertex 19.55 42.5 19.3153
      vertex 19.55 45 19.3153
    endloop
  endfacet
  facet normal -0.461795 0 0.886987
    outer loop
      vertex 19.55 42.5 19.3153
      vertex 19.3101 45 19.1904
      vertex 19.3101 42.5 19.1904
    endloop
  endfacet
  facet normal -0.953661 0 0.300884
    outer loop
      vertex 20.913 42.5 20.9397
      vertex 20.9944 45 21.1977
      vertex 20.913 45 20.9397
    endloop
  endfacet
  facet normal -0.953661 0 0.300884
    outer loop
      vertex 20.9944 45 21.1977
      vertex 20.913 42.5 20.9397
      vertex 20.9944 42.5 21.1977
    endloop
  endfacet
  facet normal -0.923972 0 -0.382461
    outer loop
      vertex 20.913 42.5 23.0603
      vertex 20.8096 45 23.3101
      vertex 20.913 45 23.0603
    endloop
  endfacet
  facet normal -0.923972 -0 -0.382461
    outer loop
      vertex 20.8096 45 23.3101
      vertex 20.913 42.5 23.0603
      vertex 20.8096 42.5 23.3101
    endloop
  endfacet
  facet normal 0.991443 0 -0.130541
    outer loop
      vertex 14.9471 42.5 22.5383
      vertex 14.9118 45 22.2702
      vertex 14.9471 45 22.5383
    endloop
  endfacet
  facet normal 0.991443 0 -0.130541
    outer loop
      vertex 14.9118 45 22.2702
      vertex 14.9471 42.5 22.5383
      vertex 14.9118 42.5 22.2702
    endloop
  endfacet
  facet normal 0.79316 0 -0.609014
    outer loop
      vertex 15.6253 42.5 23.9926
      vertex 15.4606 45 23.7781
      vertex 15.6253 45 23.9926
    endloop
  endfacet
  facet normal 0.79316 0 -0.609014
    outer loop
      vertex 15.4606 45 23.7781
      vertex 15.6253 42.5 23.9926
      vertex 15.4606 42.5 23.7781
    endloop
  endfacet
  facet normal 0.991443 -0 0.130541
    outer loop
      vertex 14.9118 42.5 21.7298
      vertex 14.9471 45 21.4617
      vertex 14.9118 45 21.7298
    endloop
  endfacet
  facet normal 0.991443 0 0.130541
    outer loop
      vertex 14.9471 45 21.4617
      vertex 14.9118 42.5 21.7298
      vertex 14.9471 42.5 21.4617
    endloop
  endfacet
  facet normal 0.130541 0 0.991443
    outer loop
      vertex 17.4617 45 18.9471
      vertex 17.7298 42.5 18.9118
      vertex 17.7298 45 18.9118
    endloop
  endfacet
  facet normal 0.130541 0 0.991443
    outer loop
      vertex 17.7298 42.5 18.9118
      vertex 17.4617 45 18.9471
      vertex 17.4617 42.5 18.9471
    endloop
  endfacet
  facet normal 0.0436298 0 0.999048
    outer loop
      vertex 17.7298 45 18.9118
      vertex 18 42.5 18.9
      vertex 18 45 18.9
    endloop
  endfacet
  facet normal 0.0436298 0 0.999048
    outer loop
      vertex 18 42.5 18.9
      vertex 17.7298 45 18.9118
      vertex 17.7298 42.5 18.9118
    endloop
  endfacet
  facet normal 0.382461 0 0.923972
    outer loop
      vertex 16.6899 45 19.1904
      vertex 16.9397 42.5 19.087
      vertex 16.9397 45 19.087
    endloop
  endfacet
  facet normal 0.382461 0 0.923972
    outer loop
      vertex 16.9397 42.5 19.087
      vertex 16.6899 45 19.1904
      vertex 16.6899 42.5 19.1904
    endloop
  endfacet
  facet normal 0.886987 -0 0.461795
    outer loop
      vertex 15.1904 42.5 20.6899
      vertex 15.3153 45 20.45
      vertex 15.1904 45 20.6899
    endloop
  endfacet
  facet normal 0.886987 0 0.461795
    outer loop
      vertex 15.3153 45 20.45
      vertex 15.1904 42.5 20.6899
      vertex 15.3153 42.5 20.45
    endloop
  endfacet
  facet normal 0.675557 0 -0.737308
    outer loop
      vertex 15.808 42.5 24.192
      vertex 16.0074 45 24.3747
      vertex 16.0074 42.5 24.3747
    endloop
  endfacet
  facet normal 0.675557 0 -0.737308
    outer loop
      vertex 16.0074 45 24.3747
      vertex 15.808 42.5 24.192
      vertex 15.808 45 24.192
    endloop
  endfacet
  facet normal 0.300884 0 -0.953661
    outer loop
      vertex 16.9397 42.5 24.913
      vertex 17.1977 45 24.9944
      vertex 17.1977 42.5 24.9944
    endloop
  endfacet
  facet normal 0.300884 0 -0.953661
    outer loop
      vertex 17.1977 45 24.9944
      vertex 16.9397 42.5 24.913
      vertex 16.9397 45 24.913
    endloop
  endfacet
  facet normal -0.675557 0 -0.737308
    outer loop
      vertex 19.9926 42.5 24.3747
      vertex 20.192 45 24.192
      vertex 20.192 42.5 24.192
    endloop
  endfacet
  facet normal -0.675557 0 -0.737308
    outer loop
      vertex 20.192 45 24.192
      vertex 19.9926 42.5 24.3747
      vertex 19.9926 45 24.3747
    endloop
  endfacet
  facet normal -0.461795 0 -0.886987
    outer loop
      vertex 19.3101 42.5 24.8096
      vertex 19.55 45 24.6847
      vertex 19.55 42.5 24.6847
    endloop
  endfacet
  facet normal -0.461795 0 -0.886987
    outer loop
      vertex 19.55 45 24.6847
      vertex 19.3101 42.5 24.8096
      vertex 19.3101 45 24.8096
    endloop
  endfacet
  facet normal 0.843418 0 -0.537258
    outer loop
      vertex 15.4606 42.5 23.7781
      vertex 15.3153 45 23.55
      vertex 15.4606 45 23.7781
    endloop
  endfacet
  facet normal 0.843418 0 -0.537258
    outer loop
      vertex 15.3153 45 23.55
      vertex 15.4606 42.5 23.7781
      vertex 15.3153 42.5 23.55
    endloop
  endfacet
  facet normal 0.0436298 0 -0.999048
    outer loop
      vertex 17.7298 42.5 25.0882
      vertex 18 45 25.1
      vertex 18 42.5 25.1
    endloop
  endfacet
  facet normal 0.0436298 0 -0.999048
    outer loop
      vertex 18 45 25.1
      vertex 17.7298 42.5 25.0882
      vertex 17.7298 45 25.0882
    endloop
  endfacet
  facet normal 0.737308 -0 0.675557
    outer loop
      vertex 15.6253 42.5 20.0074
      vertex 15.808 45 19.808
      vertex 15.6253 45 20.0074
    endloop
  endfacet
  facet normal 0.737308 0 0.675557
    outer loop
      vertex 15.808 45 19.808
      vertex 15.6253 42.5 20.0074
      vertex 15.808 42.5 19.808
    endloop
  endfacet
  facet normal -0.79316 0 -0.609014
    outer loop
      vertex 20.5394 42.5 23.7781
      vertex 20.3747 45 23.9926
      vertex 20.5394 45 23.7781
    endloop
  endfacet
  facet normal -0.79316 -0 -0.609014
    outer loop
      vertex 20.3747 45 23.9926
      vertex 20.5394 42.5 23.7781
      vertex 20.3747 42.5 23.9926
    endloop
  endfacet
  facet normal -0.843418 0 0.537258
    outer loop
      vertex 20.5394 42.5 20.2219
      vertex 20.6847 45 20.45
      vertex 20.5394 45 20.2219
    endloop
  endfacet
  facet normal -0.843418 0 0.537258
    outer loop
      vertex 20.6847 45 20.45
      vertex 20.5394 42.5 20.2219
      vertex 20.6847 42.5 20.45
    endloop
  endfacet
  facet normal 0.843418 -0 0.537258
    outer loop
      vertex 15.3153 42.5 20.45
      vertex 15.4606 45 20.2219
      vertex 15.3153 45 20.45
    endloop
  endfacet
  facet normal 0.843418 0 0.537258
    outer loop
      vertex 15.4606 45 20.2219
      vertex 15.3153 42.5 20.45
      vertex 15.4606 42.5 20.2219
    endloop
  endfacet
  facet normal 0.923972 0 -0.382461
    outer loop
      vertex 15.1904 42.5 23.3101
      vertex 15.087 45 23.0603
      vertex 15.1904 45 23.3101
    endloop
  endfacet
  facet normal 0.923972 0 -0.382461
    outer loop
      vertex 15.087 45 23.0603
      vertex 15.1904 42.5 23.3101
      vertex 15.087 42.5 23.0603
    endloop
  endfacet
  facet normal 0.953661 -0 0.300884
    outer loop
      vertex 15.0056 42.5 21.1977
      vertex 15.087 45 20.9397
      vertex 15.0056 45 21.1977
    endloop
  endfacet
  facet normal 0.953661 0 0.300884
    outer loop
      vertex 15.087 45 20.9397
      vertex 15.0056 42.5 21.1977
      vertex 15.087 42.5 20.9397
    endloop
  endfacet
  facet normal 0.537258 0 0.843418
    outer loop
      vertex 16.2219 45 19.4606
      vertex 16.45 42.5 19.3153
      vertex 16.45 45 19.3153
    endloop
  endfacet
  facet normal 0.537258 0 0.843418
    outer loop
      vertex 16.45 42.5 19.3153
      vertex 16.2219 45 19.4606
      vertex 16.2219 42.5 19.4606
    endloop
  endfacet
  facet normal -0.0436298 0 0.999048
    outer loop
      vertex 18 45 18.9
      vertex 18.2702 42.5 18.9118
      vertex 18.2702 45 18.9118
    endloop
  endfacet
  facet normal -0.0436298 0 0.999048
    outer loop
      vertex 18.2702 42.5 18.9118
      vertex 18 45 18.9
      vertex 18 42.5 18.9
    endloop
  endfacet
  facet normal 0.537258 0 -0.843418
    outer loop
      vertex 16.2219 42.5 24.5394
      vertex 16.45 45 24.6847
      vertex 16.45 42.5 24.6847
    endloop
  endfacet
  facet normal 0.537258 0 -0.843418
    outer loop
      vertex 16.45 45 24.6847
      vertex 16.2219 42.5 24.5394
      vertex 16.2219 45 24.5394
    endloop
  endfacet
  facet normal 0.999048 -0 0.0436298
    outer loop
      vertex 14.9 42.5 22
      vertex 14.9118 45 21.7298
      vertex 14.9 45 22
    endloop
  endfacet
  facet normal 0.999048 0 0.0436298
    outer loop
      vertex 14.9118 45 21.7298
      vertex 14.9 42.5 22
      vertex 14.9118 42.5 21.7298
    endloop
  endfacet
  facet normal 0.461795 0 -0.886987
    outer loop
      vertex 16.45 42.5 24.6847
      vertex 16.6899 45 24.8096
      vertex 16.6899 42.5 24.8096
    endloop
  endfacet
  facet normal 0.461795 0 -0.886987
    outer loop
      vertex 16.6899 45 24.8096
      vertex 16.45 42.5 24.6847
      vertex 16.45 45 24.6847
    endloop
  endfacet
  facet normal 0.953661 0 -0.300884
    outer loop
      vertex 15.087 42.5 23.0603
      vertex 15.0056 45 22.8023
      vertex 15.087 45 23.0603
    endloop
  endfacet
  facet normal 0.953661 0 -0.300884
    outer loop
      vertex 15.0056 45 22.8023
      vertex 15.087 42.5 23.0603
      vertex 15.0056 42.5 22.8023
    endloop
  endfacet
  facet normal -0.991443 0 -0.130541
    outer loop
      vertex 21.0882 42.5 22.2702
      vertex 21.0529 45 22.5383
      vertex 21.0882 45 22.2702
    endloop
  endfacet
  facet normal -0.991443 -0 -0.130541
    outer loop
      vertex 21.0529 45 22.5383
      vertex 21.0882 42.5 22.2702
      vertex 21.0529 42.5 22.5383
    endloop
  endfacet
  facet normal -0.843418 0 -0.537258
    outer loop
      vertex 20.6847 42.5 23.55
      vertex 20.5394 45 23.7781
      vertex 20.6847 45 23.55
    endloop
  endfacet
  facet normal -0.843418 -0 -0.537258
    outer loop
      vertex 20.5394 45 23.7781
      vertex 20.6847 42.5 23.55
      vertex 20.5394 42.5 23.7781
    endloop
  endfacet
  facet normal -0.216343 0 0.976317
    outer loop
      vertex 18.5383 45 18.9471
      vertex 18.8023 42.5 19.0056
      vertex 18.8023 45 19.0056
    endloop
  endfacet
  facet normal -0.216343 0 0.976317
    outer loop
      vertex 18.8023 42.5 19.0056
      vertex 18.5383 45 18.9471
      vertex 18.5383 42.5 18.9471
    endloop
  endfacet
  facet normal 0.923972 -0 0.382461
    outer loop
      vertex 15.087 42.5 20.9397
      vertex 15.1904 45 20.6899
      vertex 15.087 45 20.9397
    endloop
  endfacet
  facet normal 0.923972 0 0.382461
    outer loop
      vertex 15.1904 45 20.6899
      vertex 15.087 42.5 20.9397
      vertex 15.1904 42.5 20.6899
    endloop
  endfacet
  facet normal 0.609014 0 -0.79316
    outer loop
      vertex 16.0074 42.5 24.3747
      vertex 16.2219 45 24.5394
      vertex 16.2219 42.5 24.5394
    endloop
  endfacet
  facet normal 0.609014 0 -0.79316
    outer loop
      vertex 16.2219 45 24.5394
      vertex 16.0074 42.5 24.3747
      vertex 16.0074 45 24.3747
    endloop
  endfacet
  facet normal -0.130541 0 0.991443
    outer loop
      vertex 18.2702 45 18.9118
      vertex 18.5383 42.5 18.9471
      vertex 18.5383 45 18.9471
    endloop
  endfacet
  facet normal -0.130541 0 0.991443
    outer loop
      vertex 18.5383 42.5 18.9471
      vertex 18.2702 45 18.9118
      vertex 18.2702 42.5 18.9118
    endloop
  endfacet
  facet normal -0.537258 0 -0.843418
    outer loop
      vertex 19.55 42.5 24.6847
      vertex 19.7781 45 24.5394
      vertex 19.7781 42.5 24.5394
    endloop
  endfacet
  facet normal -0.537258 0 -0.843418
    outer loop
      vertex 19.7781 45 24.5394
      vertex 19.55 42.5 24.6847
      vertex 19.55 45 24.6847
    endloop
  endfacet
  facet normal -0.609014 0 -0.79316
    outer loop
      vertex 19.7781 42.5 24.5394
      vertex 19.9926 45 24.3747
      vertex 19.9926 42.5 24.3747
    endloop
  endfacet
  facet normal -0.609014 0 -0.79316
    outer loop
      vertex 19.9926 45 24.3747
      vertex 19.7781 42.5 24.5394
      vertex 19.7781 45 24.5394
    endloop
  endfacet
  facet normal 0.461795 0 0.886987
    outer loop
      vertex 16.45 45 19.3153
      vertex 16.6899 42.5 19.1904
      vertex 16.6899 45 19.1904
    endloop
  endfacet
  facet normal 0.461795 0 0.886987
    outer loop
      vertex 16.6899 42.5 19.1904
      vertex 16.45 45 19.3153
      vertex 16.45 42.5 19.3153
    endloop
  endfacet
  facet normal 0.216343 0 -0.976317
    outer loop
      vertex 17.1977 42.5 24.9944
      vertex 17.4617 45 25.0529
      vertex 17.4617 42.5 25.0529
    endloop
  endfacet
  facet normal 0.216343 0 -0.976317
    outer loop
      vertex 17.4617 45 25.0529
      vertex 17.1977 42.5 24.9944
      vertex 17.1977 45 24.9944
    endloop
  endfacet
  facet normal -1 0 0
    outer loop
      vertex 48 42.5 8.5
      vertex 48 45 15.5
      vertex 48 45 8.5
    endloop
  endfacet
  facet normal -1 -0 0
    outer loop
      vertex 48 45 15.5
      vertex 48 42.5 8.5
      vertex 48 42.5 15.5
    endloop
  endfacet
  facet normal 0 0 -1
    outer loop
      vertex 36 42.5 15.5
      vertex 48 45 15.5
      vertex 48 42.5 15.5
    endloop
  endfacet
  facet normal -0 0 -1
    outer loop
      vertex 48 45 15.5
      vertex 36 42.5 15.5
      vertex 36 45 15.5
    endloop
  endfacet
  facet normal -0 0 1
    outer loop
      vertex 36 45 8.5
      vertex 48 42.5 8.5
      vertex 48 45 8.5
    endloop
  endfacet
  facet normal 0 0 1
    outer loop
      vertex 48 42.5 8.5
      vertex 36 45 8.5
      vertex 36 42.5 8.5
    endloop
  endfacet
  facet normal 1 -0 0
    outer loop
      vertex 36 42.5 15.5
      vertex 36 45 8.5
      vertex 36 45 15.5
    endloop
  endfacet
  facet normal 1 0 0
    outer loop
      vertex 36 45 8.5
      vertex 36 42.5 15.5
      vertex 36 42.5 8.5
    endloop
  endfacet
endsolid OpenSCAD_Model
