solid OpenSCAD_Model
  facet normal -0.991491 -0.130175 0
    outer loop
      vertex -57.8065 -39.3518 0
      vertex -57.8258 -39.2048 2.5
      vertex -57.8258 -39.2048 0
    endloop
  endfacet
  facet normal -0.991491 -0.130175 0
    outer loop
      vertex -57.8258 -39.2048 2.5
      vertex -57.8065 -39.3518 0
      vertex -57.8065 -39.3518 2.5
    endloop
  endfacet
  facet normal -0.99904 -0.0438175 0
    outer loop
      vertex -57.8 -39.5 0
      vertex -57.8065 -39.3518 2.5
      vertex -57.8065 -39.3518 0
    endloop
  endfacet
  facet normal -0.99904 -0.0438175 0
    outer loop
      vertex -57.8065 -39.3518 2.5
      vertex -57.8 -39.5 0
      vertex -57.8 -39.5 2.5
    endloop
  endfacet
  facet normal -0.976298 -0.216431 0
    outer loop
      vertex -57.8258 -39.2048 0
      vertex -57.8579 -39.06 2.5
      vertex -57.8579 -39.06 0
    endloop
  endfacet
  facet normal -0.976298 -0.216431 0
    outer loop
      vertex -57.8579 -39.06 2.5
      vertex -57.8258 -39.2048 0
      vertex -57.8258 -39.2048 2.5
    endloop
  endfacet
  facet normal -0.130175 0.991491 0
    outer loop
      vertex -59.2048 -41.1742 0
      vertex -59.3518 -41.1935 2.5
      vertex -59.2048 -41.1742 2.5
    endloop
  endfacet
  facet normal -0.130175 0.991491 0
    outer loop
      vertex -59.3518 -41.1935 2.5
      vertex -59.2048 -41.1742 0
      vertex -59.3518 -41.1935 0
    endloop
  endfacet
  facet normal -0.300809 0.953685 0
    outer loop
      vertex -58.9186 -41.0975 0
      vertex -59.06 -41.1421 2.5
      vertex -58.9186 -41.0975 2.5
    endloop
  endfacet
  facet normal -0.300809 0.953685 0
    outer loop
      vertex -59.06 -41.1421 2.5
      vertex -58.9186 -41.0975 0
      vertex -59.06 -41.1421 0
    endloop
  endfacet
  facet normal 0.953685 -0.300809 0
    outer loop
      vertex -61.1421 -39.06 2.5
      vertex -61.0975 -38.9186 0
      vertex -61.0975 -38.9186 2.5
    endloop
  endfacet
  facet normal 0.953685 -0.300809 0
    outer loop
      vertex -61.0975 -38.9186 0
      vertex -61.1421 -39.06 2.5
      vertex -61.1421 -39.06 0
    endloop
  endfacet
  facet normal 0.79315 0.609026 0
    outer loop
      vertex -60.8023 -40.5927 2.5
      vertex -60.8926 -40.4751 0
      vertex -60.8926 -40.4751 2.5
    endloop
  endfacet
  facet normal 0.79315 0.609026 0
    outer loop
      vertex -60.8926 -40.4751 0
      vertex -60.8023 -40.5927 2.5
      vertex -60.8023 -40.5927 0
    endloop
  endfacet
  facet normal -0.953685 -0.300809 0
    outer loop
      vertex -57.8579 -39.06 0
      vertex -57.9025 -38.9186 2.5
      vertex -57.9025 -38.9186 0
    endloop
  endfacet
  facet normal -0.953685 -0.300809 0
    outer loop
      vertex -57.9025 -38.9186 2.5
      vertex -57.8579 -39.06 0
      vertex -57.8579 -39.06 2.5
    endloop
  endfacet
  facet normal -0.79315 -0.609026 0
    outer loop
      vertex -58.1074 -38.5249 0
      vertex -58.1977 -38.4073 2.5
      vertex -58.1977 -38.4073 0
    endloop
  endfacet
  facet normal -0.79315 -0.609026 0
    outer loop
      vertex -58.1977 -38.4073 2.5
      vertex -58.1074 -38.5249 0
      vertex -58.1074 -38.5249 2.5
    endloop
  endfacet
  facet normal 0.536832 -0.843689 0
    outer loop
      vertex -60.4751 -38.1074 0
      vertex -60.35 -38.0278 2.5
      vertex -60.4751 -38.1074 2.5
    endloop
  endfacet
  facet normal 0.536832 -0.843689 0
    outer loop
      vertex -60.35 -38.0278 2.5
      vertex -60.4751 -38.1074 0
      vertex -60.35 -38.0278 0
    endloop
  endfacet
  facet normal 0.300809 -0.953685 0
    outer loop
      vertex -60.0814 -37.9025 0
      vertex -59.94 -37.8579 2.5
      vertex -60.0814 -37.9025 2.5
    endloop
  endfacet
  facet normal 0.300809 -0.953685 0
    outer loop
      vertex -59.94 -37.8579 2.5
      vertex -60.0814 -37.9025 0
      vertex -59.94 -37.8579 0
    endloop
  endfacet
  facet normal 0.216431 -0.976298 0
    outer loop
      vertex -59.94 -37.8579 0
      vertex -59.7952 -37.8258 2.5
      vertex -59.94 -37.8579 2.5
    endloop
  endfacet
  facet normal 0.216431 -0.976298 0
    outer loop
      vertex -59.7952 -37.8258 2.5
      vertex -59.94 -37.8579 0
      vertex -59.7952 -37.8258 0
    endloop
  endfacet
  facet normal 0.923853 0.382749 0
    outer loop
      vertex -61.0407 -40.2185 2.5
      vertex -61.0975 -40.0814 0
      vertex -61.0975 -40.0814 2.5
    endloop
  endfacet
  facet normal 0.923853 0.382749 0
    outer loop
      vertex -61.0975 -40.0814 0
      vertex -61.0407 -40.2185 2.5
      vertex -61.0407 -40.2185 0
    endloop
  endfacet
  facet normal -0.843689 -0.536832 0
    outer loop
      vertex -58.0278 -38.65 0
      vertex -58.1074 -38.5249 2.5
      vertex -58.1074 -38.5249 0
    endloop
  endfacet
  facet normal -0.843689 -0.536832 0
    outer loop
      vertex -58.1074 -38.5249 2.5
      vertex -58.0278 -38.65 0
      vertex -58.0278 -38.65 2.5
    endloop
  endfacet
  facet normal -0.953685 0.300809 0
    outer loop
      vertex -57.9025 -40.0814 0
      vertex -57.8579 -39.94 2.5
      vertex -57.8579 -39.94 0
    endloop
  endfacet
  facet normal -0.953685 0.300809 0
    outer loop
      vertex -57.8579 -39.94 2.5
      vertex -57.9025 -40.0814 0
      vertex -57.9025 -40.0814 2.5
    endloop
  endfacet
  facet normal -0.675419 -0.737434 0
    outer loop
      vertex -58.4073 -38.1977 0
      vertex -58.2979 -38.2979 2.5
      vertex -58.4073 -38.1977 2.5
    endloop
  endfacet
  facet normal -0.675419 -0.737434 -0
    outer loop
      vertex -58.2979 -38.2979 2.5
      vertex -58.4073 -38.1977 0
      vertex -58.2979 -38.2979 0
    endloop
  endfacet
  facet normal -0.536832 -0.843689 0
    outer loop
      vertex -58.65 -38.0278 0
      vertex -58.5249 -38.1074 2.5
      vertex -58.65 -38.0278 2.5
    endloop
  endfacet
  facet normal -0.536832 -0.843689 -0
    outer loop
      vertex -58.5249 -38.1074 2.5
      vertex -58.65 -38.0278 0
      vertex -58.5249 -38.1074 0
    endloop
  endfacet
  facet normal -0.99904 0.0438175 0
    outer loop
      vertex -57.8065 -39.6482 0
      vertex -57.8 -39.5 2.5
      vertex -57.8 -39.5 0
    endloop
  endfacet
  facet normal -0.99904 0.0438175 0
    outer loop
      vertex -57.8 -39.5 2.5
      vertex -57.8065 -39.6482 0
      vertex -57.8065 -39.6482 2.5
    endloop
  endfacet
  facet normal 0.216431 0.976298 -0
    outer loop
      vertex -59.7952 -41.1742 0
      vertex -59.94 -41.1421 2.5
      vertex -59.7952 -41.1742 2.5
    endloop
  endfacet
  facet normal 0.216431 0.976298 0
    outer loop
      vertex -59.94 -41.1421 2.5
      vertex -59.7952 -41.1742 0
      vertex -59.94 -41.1421 0
    endloop
  endfacet
  facet normal -0.609026 -0.79315 0
    outer loop
      vertex -58.5249 -38.1074 0
      vertex -58.4073 -38.1977 2.5
      vertex -58.5249 -38.1074 2.5
    endloop
  endfacet
  facet normal -0.609026 -0.79315 -0
    outer loop
      vertex -58.4073 -38.1977 2.5
      vertex -58.5249 -38.1074 0
      vertex -58.4073 -38.1977 0
    endloop
  endfacet
  facet normal 0.953685 0.300809 0
    outer loop
      vertex -61.0975 -40.0814 2.5
      vertex -61.1421 -39.94 0
      vertex -61.1421 -39.94 2.5
    endloop
  endfacet
  facet normal 0.953685 0.300809 0
    outer loop
      vertex -61.1421 -39.94 0
      vertex -61.0975 -40.0814 2.5
      vertex -61.0975 -40.0814 0
    endloop
  endfacet
  facet normal 0.609026 -0.79315 0
    outer loop
      vertex -60.5927 -38.1977 0
      vertex -60.4751 -38.1074 2.5
      vertex -60.5927 -38.1977 2.5
    endloop
  endfacet
  facet normal 0.609026 -0.79315 0
    outer loop
      vertex -60.4751 -38.1074 2.5
      vertex -60.5927 -38.1977 0
      vertex -60.4751 -38.1074 0
    endloop
  endfacet
  facet normal -0.216431 0.976298 0
    outer loop
      vertex -59.06 -41.1421 0
      vertex -59.2048 -41.1742 2.5
      vertex -59.06 -41.1421 2.5
    endloop
  endfacet
  facet normal -0.216431 0.976298 0
    outer loop
      vertex -59.2048 -41.1742 2.5
      vertex -59.06 -41.1421 0
      vertex -59.2048 -41.1742 0
    endloop
  endfacet
  facet normal 0.382749 0.923853 -0
    outer loop
      vertex -60.0814 -41.0975 0
      vertex -60.2185 -41.0407 2.5
      vertex -60.0814 -41.0975 2.5
    endloop
  endfacet
  facet normal 0.382749 0.923853 0
    outer loop
      vertex -60.2185 -41.0407 2.5
      vertex -60.0814 -41.0975 0
      vertex -60.2185 -41.0407 0
    endloop
  endfacet
  facet normal -0.46199 0.886885 0
    outer loop
      vertex -58.65 -40.9722 0
      vertex -58.7815 -41.0407 2.5
      vertex -58.65 -40.9722 2.5
    endloop
  endfacet
  facet normal -0.46199 0.886885 0
    outer loop
      vertex -58.7815 -41.0407 2.5
      vertex -58.65 -40.9722 0
      vertex -58.7815 -41.0407 0
    endloop
  endfacet
  facet normal 0.0438175 -0.99904 0
    outer loop
      vertex -59.6482 -37.8065 0
      vertex -59.5 -37.8 2.5
      vertex -59.6482 -37.8065 2.5
    endloop
  endfacet
  facet normal 0.0438175 -0.99904 0
    outer loop
      vertex -59.5 -37.8 2.5
      vertex -59.6482 -37.8065 0
      vertex -59.5 -37.8 0
    endloop
  endfacet
  facet normal 0.536832 0.843689 -0
    outer loop
      vertex -60.35 -40.9722 0
      vertex -60.4751 -40.8926 2.5
      vertex -60.35 -40.9722 2.5
    endloop
  endfacet
  facet normal 0.536832 0.843689 0
    outer loop
      vertex -60.4751 -40.8926 2.5
      vertex -60.35 -40.9722 0
      vertex -60.4751 -40.8926 0
    endloop
  endfacet
  facet normal -0.0438175 0.99904 0
    outer loop
      vertex -59.3518 -41.1935 0
      vertex -59.5 -41.2 2.5
      vertex -59.3518 -41.1935 2.5
    endloop
  endfacet
  facet normal -0.0438175 0.99904 0
    outer loop
      vertex -59.5 -41.2 2.5
      vertex -59.3518 -41.1935 0
      vertex -59.5 -41.2 0
    endloop
  endfacet
  facet normal 0.886885 0.46199 0
    outer loop
      vertex -60.9722 -40.35 2.5
      vertex -61.0407 -40.2185 0
      vertex -61.0407 -40.2185 2.5
    endloop
  endfacet
  facet normal 0.886885 0.46199 0
    outer loop
      vertex -61.0407 -40.2185 0
      vertex -60.9722 -40.35 2.5
      vertex -60.9722 -40.35 0
    endloop
  endfacet
  facet normal -0.46199 -0.886885 0
    outer loop
      vertex -58.7815 -37.9593 0
      vertex -58.65 -38.0278 2.5
      vertex -58.7815 -37.9593 2.5
    endloop
  endfacet
  facet normal -0.46199 -0.886885 -0
    outer loop
      vertex -58.65 -38.0278 2.5
      vertex -58.7815 -37.9593 0
      vertex -58.65 -38.0278 0
    endloop
  endfacet
  facet normal -0.675419 0.737434 0
    outer loop
      vertex -58.2979 -40.7021 0
      vertex -58.4073 -40.8023 2.5
      vertex -58.2979 -40.7021 2.5
    endloop
  endfacet
  facet normal -0.675419 0.737434 0
    outer loop
      vertex -58.4073 -40.8023 2.5
      vertex -58.2979 -40.7021 0
      vertex -58.4073 -40.8023 0
    endloop
  endfacet
  facet normal -0.536832 0.843689 0
    outer loop
      vertex -58.5249 -40.8926 0
      vertex -58.65 -40.9722 2.5
      vertex -58.5249 -40.8926 2.5
    endloop
  endfacet
  facet normal -0.536832 0.843689 0
    outer loop
      vertex -58.65 -40.9722 2.5
      vertex -58.5249 -40.8926 0
      vertex -58.65 -40.9722 0
    endloop
  endfacet
  facet normal -0.79315 0.609026 0
    outer loop
      vertex -58.1977 -40.5927 0
      vertex -58.1074 -40.4751 2.5
      vertex -58.1074 -40.4751 0
    endloop
  endfacet
  facet normal -0.79315 0.609026 0
    outer loop
      vertex -58.1074 -40.4751 2.5
      vertex -58.1977 -40.5927 0
      vertex -58.1977 -40.5927 2.5
    endloop
  endfacet
  facet normal 0.99904 -0.0438175 0
    outer loop
      vertex -61.2 -39.5 2.5
      vertex -61.1935 -39.3518 0
      vertex -61.1935 -39.3518 2.5
    endloop
  endfacet
  facet normal 0.99904 -0.0438175 0
    outer loop
      vertex -61.1935 -39.3518 0
      vertex -61.2 -39.5 2.5
      vertex -61.2 -39.5 0
    endloop
  endfacet
  facet normal -0.609026 0.79315 0
    outer loop
      vertex -58.4073 -40.8023 0
      vertex -58.5249 -40.8926 2.5
      vertex -58.4073 -40.8023 2.5
    endloop
  endfacet
  facet normal -0.609026 0.79315 0
    outer loop
      vertex -58.5249 -40.8926 2.5
      vertex -58.4073 -40.8023 0
      vertex -58.5249 -40.8926 0
    endloop
  endfacet
  facet normal -0.923853 -0.382749 0
    outer loop
      vertex -57.9025 -38.9186 0
      vertex -57.9593 -38.7815 2.5
      vertex -57.9593 -38.7815 0
    endloop
  endfacet
  facet normal -0.923853 -0.382749 0
    outer loop
      vertex -57.9593 -38.7815 2.5
      vertex -57.9025 -38.9186 0
      vertex -57.9025 -38.9186 2.5
    endloop
  endfacet
  facet normal -0.737434 -0.675419 0
    outer loop
      vertex -58.1977 -38.4073 0
      vertex -58.2979 -38.2979 2.5
      vertex -58.2979 -38.2979 0
    endloop
  endfacet
  facet normal -0.737434 -0.675419 0
    outer loop
      vertex -58.2979 -38.2979 2.5
      vertex -58.1977 -38.4073 0
      vertex -58.1977 -38.4073 2.5
    endloop
  endfacet
  facet normal 0.923853 -0.382749 0
    outer loop
      vertex -61.0975 -38.9186 2.5
      vertex -61.0407 -38.7815 0
      vertex -61.0407 -38.7815 2.5
    endloop
  endfacet
  facet normal 0.923853 -0.382749 0
    outer loop
      vertex -61.0407 -38.7815 0
      vertex -61.0975 -38.9186 2.5
      vertex -61.0975 -38.9186 0
    endloop
  endfacet
  facet normal -0.382749 0.923853 0
    outer loop
      vertex -58.7815 -41.0407 0
      vertex -58.9186 -41.0975 2.5
      vertex -58.7815 -41.0407 2.5
    endloop
  endfacet
  facet normal -0.382749 0.923853 0
    outer loop
      vertex -58.9186 -41.0975 2.5
      vertex -58.7815 -41.0407 0
      vertex -58.9186 -41.0975 0
    endloop
  endfacet
  facet normal -0.886885 -0.46199 0
    outer loop
      vertex -57.9593 -38.7815 0
      vertex -58.0278 -38.65 2.5
      vertex -58.0278 -38.65 0
    endloop
  endfacet
  facet normal -0.886885 -0.46199 0
    outer loop
      vertex -58.0278 -38.65 2.5
      vertex -57.9593 -38.7815 0
      vertex -57.9593 -38.7815 2.5
    endloop
  endfacet
  facet normal 0.675419 -0.737434 0
    outer loop
      vertex -60.7021 -38.2979 0
      vertex -60.5927 -38.1977 2.5
      vertex -60.7021 -38.2979 2.5
    endloop
  endfacet
  facet normal 0.675419 -0.737434 0
    outer loop
      vertex -60.5927 -38.1977 2.5
      vertex -60.7021 -38.2979 0
      vertex -60.5927 -38.1977 0
    endloop
  endfacet
  facet normal 0.675419 0.737434 -0
    outer loop
      vertex -60.5927 -40.8023 0
      vertex -60.7021 -40.7021 2.5
      vertex -60.5927 -40.8023 2.5
    endloop
  endfacet
  facet normal 0.675419 0.737434 0
    outer loop
      vertex -60.7021 -40.7021 2.5
      vertex -60.5927 -40.8023 0
      vertex -60.7021 -40.7021 0
    endloop
  endfacet
  facet normal -0.130175 -0.991491 0
    outer loop
      vertex -59.3518 -37.8065 0
      vertex -59.2048 -37.8258 2.5
      vertex -59.3518 -37.8065 2.5
    endloop
  endfacet
  facet normal -0.130175 -0.991491 -0
    outer loop
      vertex -59.2048 -37.8258 2.5
      vertex -59.3518 -37.8065 0
      vertex -59.2048 -37.8258 0
    endloop
  endfacet
  facet normal 0.46199 -0.886885 0
    outer loop
      vertex -60.35 -38.0278 0
      vertex -60.2185 -37.9593 2.5
      vertex -60.35 -38.0278 2.5
    endloop
  endfacet
  facet normal 0.46199 -0.886885 0
    outer loop
      vertex -60.2185 -37.9593 2.5
      vertex -60.35 -38.0278 0
      vertex -60.2185 -37.9593 0
    endloop
  endfacet
  facet normal 0.382749 -0.923853 0
    outer loop
      vertex -60.2185 -37.9593 0
      vertex -60.0814 -37.9025 2.5
      vertex -60.2185 -37.9593 2.5
    endloop
  endfacet
  facet normal 0.382749 -0.923853 0
    outer loop
      vertex -60.0814 -37.9025 2.5
      vertex -60.2185 -37.9593 0
      vertex -60.0814 -37.9025 0
    endloop
  endfacet
  facet normal 0.991491 -0.130175 0
    outer loop
      vertex -61.1935 -39.3518 2.5
      vertex -61.1742 -39.2048 0
      vertex -61.1742 -39.2048 2.5
    endloop
  endfacet
  facet normal 0.991491 -0.130175 0
    outer loop
      vertex -61.1742 -39.2048 0
      vertex -61.1935 -39.3518 2.5
      vertex -61.1935 -39.3518 0
    endloop
  endfacet
  facet normal 0.976298 -0.216431 0
    outer loop
      vertex -61.1742 -39.2048 2.5
      vertex -61.1421 -39.06 0
      vertex -61.1421 -39.06 2.5
    endloop
  endfacet
  facet normal 0.976298 -0.216431 0
    outer loop
      vertex -61.1421 -39.06 0
      vertex -61.1742 -39.2048 2.5
      vertex -61.1742 -39.2048 0
    endloop
  endfacet
  facet normal -0.923853 0.382749 0
    outer loop
      vertex -57.9593 -40.2185 0
      vertex -57.9025 -40.0814 2.5
      vertex -57.9025 -40.0814 0
    endloop
  endfacet
  facet normal -0.923853 0.382749 0
    outer loop
      vertex -57.9025 -40.0814 2.5
      vertex -57.9593 -40.2185 0
      vertex -57.9593 -40.2185 2.5
    endloop
  endfacet
  facet normal -0.216431 -0.976298 0
    outer loop
      vertex -59.2048 -37.8258 0
      vertex -59.06 -37.8579 2.5
      vertex -59.2048 -37.8258 2.5
    endloop
  endfacet
  facet normal -0.216431 -0.976298 -0
    outer loop
      vertex -59.06 -37.8579 2.5
      vertex -59.2048 -37.8258 0
      vertex -59.06 -37.8579 0
    endloop
  endfacet
  facet normal 0.79315 -0.609026 0
    outer loop
      vertex -60.8926 -38.5249 2.5
      vertex -60.8023 -38.4073 0
      vertex -60.8023 -38.4073 2.5
    endloop
  endfacet
  facet normal 0.79315 -0.609026 0
    outer loop
      vertex -60.8023 -38.4073 0
      vertex -60.8926 -38.5249 2.5
      vertex -60.8926 -38.5249 0
    endloop
  endfacet
  facet normal 0.99904 0.0438175 0
    outer loop
      vertex -61.1935 -39.6482 2.5
      vertex -61.2 -39.5 0
      vertex -61.2 -39.5 2.5
    endloop
  endfacet
  facet normal 0.99904 0.0438175 0
    outer loop
      vertex -61.2 -39.5 0
      vertex -61.1935 -39.6482 2.5
      vertex -61.1935 -39.6482 0
    endloop
  endfacet
  facet normal 0.46199 0.886885 -0
    outer loop
      vertex -60.2185 -41.0407 0
      vertex -60.35 -40.9722 2.5
      vertex -60.2185 -41.0407 2.5
    endloop
  endfacet
  facet normal 0.46199 0.886885 0
    outer loop
      vertex -60.35 -40.9722 2.5
      vertex -60.2185 -41.0407 0
      vertex -60.35 -40.9722 0
    endloop
  endfacet
  facet normal -0.0438175 -0.99904 0
    outer loop
      vertex -59.5 -37.8 0
      vertex -59.3518 -37.8065 2.5
      vertex -59.5 -37.8 2.5
    endloop
  endfacet
  facet normal -0.0438175 -0.99904 -0
    outer loop
      vertex -59.3518 -37.8065 2.5
      vertex -59.5 -37.8 0
      vertex -59.3518 -37.8065 0
    endloop
  endfacet
  facet normal -0.976298 0.216431 0
    outer loop
      vertex -57.8579 -39.94 0
      vertex -57.8258 -39.7952 2.5
      vertex -57.8258 -39.7952 0
    endloop
  endfacet
  facet normal -0.976298 0.216431 0
    outer loop
      vertex -57.8258 -39.7952 2.5
      vertex -57.8579 -39.94 0
      vertex -57.8579 -39.94 2.5
    endloop
  endfacet
  facet normal 0.737434 0.675419 0
    outer loop
      vertex -60.7021 -40.7021 2.5
      vertex -60.8023 -40.5927 0
      vertex -60.8023 -40.5927 2.5
    endloop
  endfacet
  facet normal 0.737434 0.675419 0
    outer loop
      vertex -60.8023 -40.5927 0
      vertex -60.7021 -40.7021 2.5
      vertex -60.7021 -40.7021 0
    endloop
  endfacet
  facet normal 0.976298 0.216431 0
    outer loop
      vertex -61.1421 -39.94 2.5
      vertex -61.1742 -39.7952 0
      vertex -61.1742 -39.7952 2.5
    endloop
  endfacet
  facet normal 0.976298 0.216431 0
    outer loop
      vertex -61.1742 -39.7952 0
      vertex -61.1421 -39.94 2.5
      vertex -61.1421 -39.94 0
    endloop
  endfacet
  facet normal -0.886885 0.46199 0
    outer loop
      vertex -58.0278 -40.35 0
      vertex -57.9593 -40.2185 2.5
      vertex -57.9593 -40.2185 0
    endloop
  endfacet
  facet normal -0.886885 0.46199 0
    outer loop
      vertex -57.9593 -40.2185 2.5
      vertex -58.0278 -40.35 0
      vertex -58.0278 -40.35 2.5
    endloop
  endfacet
  facet normal -0.382749 -0.923853 0
    outer loop
      vertex -58.9186 -37.9025 0
      vertex -58.7815 -37.9593 2.5
      vertex -58.9186 -37.9025 2.5
    endloop
  endfacet
  facet normal -0.382749 -0.923853 -0
    outer loop
      vertex -58.7815 -37.9593 2.5
      vertex -58.9186 -37.9025 0
      vertex -58.7815 -37.9593 0
    endloop
  endfacet
  facet normal -0.300809 -0.953685 0
    outer loop
      vertex -59.06 -37.8579 0
      vertex -58.9186 -37.9025 2.5
      vertex -59.06 -37.8579 2.5
    endloop
  endfacet
  facet normal -0.300809 -0.953685 -0
    outer loop
      vertex -58.9186 -37.9025 2.5
      vertex -59.06 -37.8579 0
      vertex -58.9186 -37.9025 0
    endloop
  endfacet
  facet normal 0.737434 -0.675419 0
    outer loop
      vertex -60.8023 -38.4073 2.5
      vertex -60.7021 -38.2979 0
      vertex -60.7021 -38.2979 2.5
    endloop
  endfacet
  facet normal 0.737434 -0.675419 0
    outer loop
      vertex -60.7021 -38.2979 0
      vertex -60.8023 -38.4073 2.5
      vertex -60.8023 -38.4073 0
    endloop
  endfacet
  facet normal 0.130175 -0.991491 0
    outer loop
      vertex -59.7952 -37.8258 0
      vertex -59.6482 -37.8065 2.5
      vertex -59.7952 -37.8258 2.5
    endloop
  endfacet
  facet normal 0.130175 -0.991491 0
    outer loop
      vertex -59.6482 -37.8065 2.5
      vertex -59.7952 -37.8258 0
      vertex -59.6482 -37.8065 0
    endloop
  endfacet
  facet normal 0.609026 0.79315 -0
    outer loop
      vertex -60.4751 -40.8926 0
      vertex -60.5927 -40.8023 2.5
      vertex -60.4751 -40.8926 2.5
    endloop
  endfacet
  facet normal 0.609026 0.79315 0
    outer loop
      vertex -60.5927 -40.8023 2.5
      vertex -60.4751 -40.8926 0
      vertex -60.5927 -40.8023 0
    endloop
  endfacet
  facet normal -0.843689 0.536832 0
    outer loop
      vertex -58.1074 -40.4751 0
      vertex -58.0278 -40.35 2.5
      vertex -58.0278 -40.35 0
    endloop
  endfacet
  facet normal -0.843689 0.536832 0
    outer loop
      vertex -58.0278 -40.35 2.5
      vertex -58.1074 -40.4751 0
      vertex -58.1074 -40.4751 2.5
    endloop
  endfacet
  facet normal 0.300809 0.953685 -0
    outer loop
      vertex -59.94 -41.1421 0
      vertex -60.0814 -41.0975 2.5
      vertex -59.94 -41.1421 2.5
    endloop
  endfacet
  facet normal 0.300809 0.953685 0
    outer loop
      vertex -60.0814 -41.0975 2.5
      vertex -59.94 -41.1421 0
      vertex -60.0814 -41.0975 0
    endloop
  endfacet
  facet normal 0.991491 0.130175 0
    outer loop
      vertex -61.1742 -39.7952 2.5
      vertex -61.1935 -39.6482 0
      vertex -61.1935 -39.6482 2.5
    endloop
  endfacet
  facet normal 0.991491 0.130175 0
    outer loop
      vertex -61.1935 -39.6482 0
      vertex -61.1742 -39.7952 2.5
      vertex -61.1742 -39.7952 0
    endloop
  endfacet
  facet normal 0.843689 0.536832 0
    outer loop
      vertex -60.8926 -40.4751 2.5
      vertex -60.9722 -40.35 0
      vertex -60.9722 -40.35 2.5
    endloop
  endfacet
  facet normal 0.843689 0.536832 0
    outer loop
      vertex -60.9722 -40.35 0
      vertex -60.8926 -40.4751 2.5
      vertex -60.8926 -40.4751 0
    endloop
  endfacet
  facet normal 0.886885 -0.46199 0
    outer loop
      vertex -61.0407 -38.7815 2.5
      vertex -60.9722 -38.65 0
      vertex -60.9722 -38.65 2.5
    endloop
  endfacet
  facet normal 0.886885 -0.46199 0
    outer loop
      vertex -60.9722 -38.65 0
      vertex -61.0407 -38.7815 2.5
      vertex -61.0407 -38.7815 0
    endloop
  endfacet
  facet normal -0.991491 0.130175 0
    outer loop
      vertex -57.8258 -39.7952 0
      vertex -57.8065 -39.6482 2.5
      vertex -57.8065 -39.6482 0
    endloop
  endfacet
  facet normal -0.991491 0.130175 0
    outer loop
      vertex -57.8065 -39.6482 2.5
      vertex -57.8258 -39.7952 0
      vertex -57.8258 -39.7952 2.5
    endloop
  endfacet
  facet normal -0.737434 0.675419 0
    outer loop
      vertex -58.2979 -40.7021 0
      vertex -58.1977 -40.5927 2.5
      vertex -58.1977 -40.5927 0
    endloop
  endfacet
  facet normal -0.737434 0.675419 0
    outer loop
      vertex -58.1977 -40.5927 2.5
      vertex -58.2979 -40.7021 0
      vertex -58.2979 -40.7021 2.5
    endloop
  endfacet
  facet normal 0.0438175 0.99904 -0
    outer loop
      vertex -59.5 -41.2 0
      vertex -59.6482 -41.1935 2.5
      vertex -59.5 -41.2 2.5
    endloop
  endfacet
  facet normal 0.0438175 0.99904 0
    outer loop
      vertex -59.6482 -41.1935 2.5
      vertex -59.5 -41.2 0
      vertex -59.6482 -41.1935 0
    endloop
  endfacet
  facet normal 0.130175 0.991491 -0
    outer loop
      vertex -59.6482 -41.1935 0
      vertex -59.7952 -41.1742 2.5
      vertex -59.6482 -41.1935 2.5
    endloop
  endfacet
  facet normal 0.130175 0.991491 0
    outer loop
      vertex -59.7952 -41.1742 2.5
      vertex -59.6482 -41.1935 0
      vertex -59.7952 -41.1742 0
    endloop
  endfacet
  facet normal 0.843689 -0.536832 0
    outer loop
      vertex -60.9722 -38.65 2.5
      vertex -60.8926 -38.5249 0
      vertex -60.8926 -38.5249 2.5
    endloop
  endfacet
  facet normal 0.843689 -0.536832 0
    outer loop
      vertex -60.8926 -38.5249 0
      vertex -60.9722 -38.65 2.5
      vertex -60.9722 -38.65 0
    endloop
  endfacet
  facet normal -0.991491 -0.130175 0
    outer loop
      vertex -57.8065 39.6482 0
      vertex -57.8258 39.7952 2.5
      vertex -57.8258 39.7952 0
    endloop
  endfacet
  facet normal -0.991491 -0.130175 0
    outer loop
      vertex -57.8258 39.7952 2.5
      vertex -57.8065 39.6482 0
      vertex -57.8065 39.6482 2.5
    endloop
  endfacet
  facet normal -0.99904 -0.0438175 0
    outer loop
      vertex -57.8 39.5 0
      vertex -57.8065 39.6482 2.5
      vertex -57.8065 39.6482 0
    endloop
  endfacet
  facet normal -0.99904 -0.0438175 0
    outer loop
      vertex -57.8065 39.6482 2.5
      vertex -57.8 39.5 0
      vertex -57.8 39.5 2.5
    endloop
  endfacet
  facet normal -0.976298 -0.216431 0
    outer loop
      vertex -57.8258 39.7952 0
      vertex -57.8579 39.94 2.5
      vertex -57.8579 39.94 0
    endloop
  endfacet
  facet normal -0.976298 -0.216431 0
    outer loop
      vertex -57.8579 39.94 2.5
      vertex -57.8258 39.7952 0
      vertex -57.8258 39.7952 2.5
    endloop
  endfacet
  facet normal 0.216431 -0.976298 0
    outer loop
      vertex -59.94 41.1421 0
      vertex -59.7952 41.1742 2.5
      vertex -59.94 41.1421 2.5
    endloop
  endfacet
  facet normal 0.216431 -0.976298 0
    outer loop
      vertex -59.7952 41.1742 2.5
      vertex -59.94 41.1421 0
      vertex -59.7952 41.1742 0
    endloop
  endfacet
  facet normal -0.843689 -0.536832 0
    outer loop
      vertex -58.0278 40.35 0
      vertex -58.1074 40.4751 2.5
      vertex -58.1074 40.4751 0
    endloop
  endfacet
  facet normal -0.843689 -0.536832 0
    outer loop
      vertex -58.1074 40.4751 2.5
      vertex -58.0278 40.35 0
      vertex -58.0278 40.35 2.5
    endloop
  endfacet
  facet normal 0.976298 0.216431 0
    outer loop
      vertex -61.1421 39.06 2.5
      vertex -61.1742 39.2048 0
      vertex -61.1742 39.2048 2.5
    endloop
  endfacet
  facet normal 0.976298 0.216431 0
    outer loop
      vertex -61.1742 39.2048 0
      vertex -61.1421 39.06 2.5
      vertex -61.1421 39.06 0
    endloop
  endfacet
  facet normal -0.737434 -0.675419 0
    outer loop
      vertex -58.1977 40.5927 0
      vertex -58.2979 40.7021 2.5
      vertex -58.2979 40.7021 0
    endloop
  endfacet
  facet normal -0.737434 -0.675419 0
    outer loop
      vertex -58.2979 40.7021 2.5
      vertex -58.1977 40.5927 0
      vertex -58.1977 40.5927 2.5
    endloop
  endfacet
  facet normal -0.99904 0.0438175 0
    outer loop
      vertex -57.8065 39.3518 0
      vertex -57.8 39.5 2.5
      vertex -57.8 39.5 0
    endloop
  endfacet
  facet normal -0.99904 0.0438175 0
    outer loop
      vertex -57.8 39.5 2.5
      vertex -57.8065 39.3518 0
      vertex -57.8065 39.3518 2.5
    endloop
  endfacet
  facet normal -0.675419 0.737434 0
    outer loop
      vertex -58.2979 38.2979 0
      vertex -58.4073 38.1977 2.5
      vertex -58.2979 38.2979 2.5
    endloop
  endfacet
  facet normal -0.675419 0.737434 0
    outer loop
      vertex -58.4073 38.1977 2.5
      vertex -58.2979 38.2979 0
      vertex -58.4073 38.1977 0
    endloop
  endfacet
  facet normal 0.79315 -0.609026 0
    outer loop
      vertex -60.8926 40.4751 2.5
      vertex -60.8023 40.5927 0
      vertex -60.8023 40.5927 2.5
    endloop
  endfacet
  facet normal 0.79315 -0.609026 0
    outer loop
      vertex -60.8023 40.5927 0
      vertex -60.8926 40.4751 2.5
      vertex -60.8926 40.4751 0
    endloop
  endfacet
  facet normal -0.382749 0.923853 0
    outer loop
      vertex -58.7815 37.9593 0
      vertex -58.9186 37.9025 2.5
      vertex -58.7815 37.9593 2.5
    endloop
  endfacet
  facet normal -0.382749 0.923853 0
    outer loop
      vertex -58.9186 37.9025 2.5
      vertex -58.7815 37.9593 0
      vertex -58.9186 37.9025 0
    endloop
  endfacet
  facet normal -0.953685 -0.300809 0
    outer loop
      vertex -57.8579 39.94 0
      vertex -57.9025 40.0814 2.5
      vertex -57.9025 40.0814 0
    endloop
  endfacet
  facet normal -0.953685 -0.300809 0
    outer loop
      vertex -57.9025 40.0814 2.5
      vertex -57.8579 39.94 0
      vertex -57.8579 39.94 2.5
    endloop
  endfacet
  facet normal -0.130175 0.991491 0
    outer loop
      vertex -59.2048 37.8258 0
      vertex -59.3518 37.8065 2.5
      vertex -59.2048 37.8258 2.5
    endloop
  endfacet
  facet normal -0.130175 0.991491 0
    outer loop
      vertex -59.3518 37.8065 2.5
      vertex -59.2048 37.8258 0
      vertex -59.3518 37.8065 0
    endloop
  endfacet
  facet normal 0.976298 -0.216431 0
    outer loop
      vertex -61.1742 39.7952 2.5
      vertex -61.1421 39.94 0
      vertex -61.1421 39.94 2.5
    endloop
  endfacet
  facet normal 0.976298 -0.216431 0
    outer loop
      vertex -61.1421 39.94 0
      vertex -61.1742 39.7952 2.5
      vertex -61.1742 39.7952 0
    endloop
  endfacet
  facet normal 0.609026 -0.79315 0
    outer loop
      vertex -60.5927 40.8023 0
      vertex -60.4751 40.8926 2.5
      vertex -60.5927 40.8023 2.5
    endloop
  endfacet
  facet normal 0.609026 -0.79315 0
    outer loop
      vertex -60.4751 40.8926 2.5
      vertex -60.5927 40.8023 0
      vertex -60.4751 40.8926 0
    endloop
  endfacet
  facet normal 0.0438175 -0.99904 0
    outer loop
      vertex -59.6482 41.1935 0
      vertex -59.5 41.2 2.5
      vertex -59.6482 41.1935 2.5
    endloop
  endfacet
  facet normal 0.0438175 -0.99904 0
    outer loop
      vertex -59.5 41.2 2.5
      vertex -59.6482 41.1935 0
      vertex -59.5 41.2 0
    endloop
  endfacet
  facet normal 0.609026 0.79315 -0
    outer loop
      vertex -60.4751 38.1074 0
      vertex -60.5927 38.1977 2.5
      vertex -60.4751 38.1074 2.5
    endloop
  endfacet
  facet normal 0.609026 0.79315 0
    outer loop
      vertex -60.5927 38.1977 2.5
      vertex -60.4751 38.1074 0
      vertex -60.5927 38.1977 0
    endloop
  endfacet
  facet normal 0.382749 -0.923853 0
    outer loop
      vertex -60.2185 41.0407 0
      vertex -60.0814 41.0975 2.5
      vertex -60.2185 41.0407 2.5
    endloop
  endfacet
  facet normal 0.382749 -0.923853 0
    outer loop
      vertex -60.0814 41.0975 2.5
      vertex -60.2185 41.0407 0
      vertex -60.0814 41.0975 0
    endloop
  endfacet
  facet normal 0.99904 -0.0438175 0
    outer loop
      vertex -61.2 39.5 2.5
      vertex -61.1935 39.6482 0
      vertex -61.1935 39.6482 2.5
    endloop
  endfacet
  facet normal 0.99904 -0.0438175 0
    outer loop
      vertex -61.1935 39.6482 0
      vertex -61.2 39.5 2.5
      vertex -61.2 39.5 0
    endloop
  endfacet
  facet normal -0.300809 -0.953685 0
    outer loop
      vertex -59.06 41.1421 0
      vertex -58.9186 41.0975 2.5
      vertex -59.06 41.1421 2.5
    endloop
  endfacet
  facet normal -0.300809 -0.953685 -0
    outer loop
      vertex -58.9186 41.0975 2.5
      vertex -59.06 41.1421 0
      vertex -58.9186 41.0975 0
    endloop
  endfacet
  facet normal 0.300809 -0.953685 0
    outer loop
      vertex -60.0814 41.0975 0
      vertex -59.94 41.1421 2.5
      vertex -60.0814 41.0975 2.5
    endloop
  endfacet
  facet normal 0.300809 -0.953685 0
    outer loop
      vertex -59.94 41.1421 2.5
      vertex -60.0814 41.0975 0
      vertex -59.94 41.1421 0
    endloop
  endfacet
  facet normal -0.923853 -0.382749 0
    outer loop
      vertex -57.9025 40.0814 0
      vertex -57.9593 40.2185 2.5
      vertex -57.9593 40.2185 0
    endloop
  endfacet
  facet normal -0.923853 -0.382749 0
    outer loop
      vertex -57.9593 40.2185 2.5
      vertex -57.9025 40.0814 0
      vertex -57.9025 40.0814 2.5
    endloop
  endfacet
  facet normal -0.300809 0.953685 0
    outer loop
      vertex -58.9186 37.9025 0
      vertex -59.06 37.8579 2.5
      vertex -58.9186 37.9025 2.5
    endloop
  endfacet
  facet normal -0.300809 0.953685 0
    outer loop
      vertex -59.06 37.8579 2.5
      vertex -58.9186 37.9025 0
      vertex -59.06 37.8579 0
    endloop
  endfacet
  facet normal -0.216431 0.976298 0
    outer loop
      vertex -59.06 37.8579 0
      vertex -59.2048 37.8258 2.5
      vertex -59.06 37.8579 2.5
    endloop
  endfacet
  facet normal -0.216431 0.976298 0
    outer loop
      vertex -59.2048 37.8258 2.5
      vertex -59.06 37.8579 0
      vertex -59.2048 37.8258 0
    endloop
  endfacet
  facet normal -0.609026 -0.79315 0
    outer loop
      vertex -58.5249 40.8926 0
      vertex -58.4073 40.8023 2.5
      vertex -58.5249 40.8926 2.5
    endloop
  endfacet
  facet normal -0.609026 -0.79315 -0
    outer loop
      vertex -58.4073 40.8023 2.5
      vertex -58.5249 40.8926 0
      vertex -58.4073 40.8023 0
    endloop
  endfacet
  facet normal 0.46199 0.886885 -0
    outer loop
      vertex -60.2185 37.9593 0
      vertex -60.35 38.0278 2.5
      vertex -60.2185 37.9593 2.5
    endloop
  endfacet
  facet normal 0.46199 0.886885 0
    outer loop
      vertex -60.35 38.0278 2.5
      vertex -60.2185 37.9593 0
      vertex -60.35 38.0278 0
    endloop
  endfacet
  facet normal -0.0438175 -0.99904 0
    outer loop
      vertex -59.5 41.2 0
      vertex -59.3518 41.1935 2.5
      vertex -59.5 41.2 2.5
    endloop
  endfacet
  facet normal -0.0438175 -0.99904 -0
    outer loop
      vertex -59.3518 41.1935 2.5
      vertex -59.5 41.2 0
      vertex -59.3518 41.1935 0
    endloop
  endfacet
  facet normal 0.536832 -0.843689 0
    outer loop
      vertex -60.4751 40.8926 0
      vertex -60.35 40.9722 2.5
      vertex -60.4751 40.8926 2.5
    endloop
  endfacet
  facet normal 0.536832 -0.843689 0
    outer loop
      vertex -60.35 40.9722 2.5
      vertex -60.4751 40.8926 0
      vertex -60.35 40.9722 0
    endloop
  endfacet
  facet normal -0.130175 -0.991491 0
    outer loop
      vertex -59.3518 41.1935 0
      vertex -59.2048 41.1742 2.5
      vertex -59.3518 41.1935 2.5
    endloop
  endfacet
  facet normal -0.130175 -0.991491 -0
    outer loop
      vertex -59.2048 41.1742 2.5
      vertex -59.3518 41.1935 0
      vertex -59.2048 41.1742 0
    endloop
  endfacet
  facet normal -0.79315 0.609026 0
    outer loop
      vertex -58.1977 38.4073 0
      vertex -58.1074 38.5249 2.5
      vertex -58.1074 38.5249 0
    endloop
  endfacet
  facet normal -0.79315 0.609026 0
    outer loop
      vertex -58.1074 38.5249 2.5
      vertex -58.1977 38.4073 0
      vertex -58.1977 38.4073 2.5
    endloop
  endfacet
  facet normal -0.991491 0.130175 0
    outer loop
      vertex -57.8258 39.2048 0
      vertex -57.8065 39.3518 2.5
      vertex -57.8065 39.3518 0
    endloop
  endfacet
  facet normal -0.991491 0.130175 0
    outer loop
      vertex -57.8065 39.3518 2.5
      vertex -57.8258 39.2048 0
      vertex -57.8258 39.2048 2.5
    endloop
  endfacet
  facet normal -0.953685 0.300809 0
    outer loop
      vertex -57.9025 38.9186 0
      vertex -57.8579 39.06 2.5
      vertex -57.8579 39.06 0
    endloop
  endfacet
  facet normal -0.953685 0.300809 0
    outer loop
      vertex -57.8579 39.06 2.5
      vertex -57.9025 38.9186 0
      vertex -57.9025 38.9186 2.5
    endloop
  endfacet
  facet normal -0.382749 -0.923853 0
    outer loop
      vertex -58.9186 41.0975 0
      vertex -58.7815 41.0407 2.5
      vertex -58.9186 41.0975 2.5
    endloop
  endfacet
  facet normal -0.382749 -0.923853 -0
    outer loop
      vertex -58.7815 41.0407 2.5
      vertex -58.9186 41.0975 0
      vertex -58.7815 41.0407 0
    endloop
  endfacet
  facet normal 0.675419 -0.737434 0
    outer loop
      vertex -60.7021 40.7021 0
      vertex -60.5927 40.8023 2.5
      vertex -60.7021 40.7021 2.5
    endloop
  endfacet
  facet normal 0.675419 -0.737434 0
    outer loop
      vertex -60.5927 40.8023 2.5
      vertex -60.7021 40.7021 0
      vertex -60.5927 40.8023 0
    endloop
  endfacet
  facet normal 0.843689 -0.536832 0
    outer loop
      vertex -60.9722 40.35 2.5
      vertex -60.8926 40.4751 0
      vertex -60.8926 40.4751 2.5
    endloop
  endfacet
  facet normal 0.843689 -0.536832 0
    outer loop
      vertex -60.8926 40.4751 0
      vertex -60.9722 40.35 2.5
      vertex -60.9722 40.35 0
    endloop
  endfacet
  facet normal 0.382749 0.923853 -0
    outer loop
      vertex -60.0814 37.9025 0
      vertex -60.2185 37.9593 2.5
      vertex -60.0814 37.9025 2.5
    endloop
  endfacet
  facet normal 0.382749 0.923853 0
    outer loop
      vertex -60.2185 37.9593 2.5
      vertex -60.0814 37.9025 0
      vertex -60.2185 37.9593 0
    endloop
  endfacet
  facet normal -0.46199 0.886885 0
    outer loop
      vertex -58.65 38.0278 0
      vertex -58.7815 37.9593 2.5
      vertex -58.65 38.0278 2.5
    endloop
  endfacet
  facet normal -0.46199 0.886885 0
    outer loop
      vertex -58.7815 37.9593 2.5
      vertex -58.65 38.0278 0
      vertex -58.7815 37.9593 0
    endloop
  endfacet
  facet normal 0.300809 0.953685 -0
    outer loop
      vertex -59.94 37.8579 0
      vertex -60.0814 37.9025 2.5
      vertex -59.94 37.8579 2.5
    endloop
  endfacet
  facet normal 0.300809 0.953685 0
    outer loop
      vertex -60.0814 37.9025 2.5
      vertex -59.94 37.8579 0
      vertex -60.0814 37.9025 0
    endloop
  endfacet
  facet normal -0.976298 0.216431 0
    outer loop
      vertex -57.8579 39.06 0
      vertex -57.8258 39.2048 2.5
      vertex -57.8258 39.2048 0
    endloop
  endfacet
  facet normal -0.976298 0.216431 0
    outer loop
      vertex -57.8258 39.2048 2.5
      vertex -57.8579 39.06 0
      vertex -57.8579 39.06 2.5
    endloop
  endfacet
  facet normal -0.886885 -0.46199 0
    outer loop
      vertex -57.9593 40.2185 0
      vertex -58.0278 40.35 2.5
      vertex -58.0278 40.35 0
    endloop
  endfacet
  facet normal -0.886885 -0.46199 0
    outer loop
      vertex -58.0278 40.35 2.5
      vertex -57.9593 40.2185 0
      vertex -57.9593 40.2185 2.5
    endloop
  endfacet
  facet normal -0.675419 -0.737434 0
    outer loop
      vertex -58.4073 40.8023 0
      vertex -58.2979 40.7021 2.5
      vertex -58.4073 40.8023 2.5
    endloop
  endfacet
  facet normal -0.675419 -0.737434 -0
    outer loop
      vertex -58.2979 40.7021 2.5
      vertex -58.4073 40.8023 0
      vertex -58.2979 40.7021 0
    endloop
  endfacet
  facet normal 0.953685 0.300809 0
    outer loop
      vertex -61.0975 38.9186 2.5
      vertex -61.1421 39.06 0
      vertex -61.1421 39.06 2.5
    endloop
  endfacet
  facet normal 0.953685 0.300809 0
    outer loop
      vertex -61.1421 39.06 0
      vertex -61.0975 38.9186 2.5
      vertex -61.0975 38.9186 0
    endloop
  endfacet
  facet normal -0.0438175 0.99904 0
    outer loop
      vertex -59.3518 37.8065 0
      vertex -59.5 37.8 2.5
      vertex -59.3518 37.8065 2.5
    endloop
  endfacet
  facet normal -0.0438175 0.99904 0
    outer loop
      vertex -59.5 37.8 2.5
      vertex -59.3518 37.8065 0
      vertex -59.5 37.8 0
    endloop
  endfacet
  facet normal 0.130175 -0.991491 0
    outer loop
      vertex -59.7952 41.1742 0
      vertex -59.6482 41.1935 2.5
      vertex -59.7952 41.1742 2.5
    endloop
  endfacet
  facet normal 0.130175 -0.991491 0
    outer loop
      vertex -59.6482 41.1935 2.5
      vertex -59.7952 41.1742 0
      vertex -59.6482 41.1935 0
    endloop
  endfacet
  facet normal -0.886885 0.46199 0
    outer loop
      vertex -58.0278 38.65 0
      vertex -57.9593 38.7815 2.5
      vertex -57.9593 38.7815 0
    endloop
  endfacet
  facet normal -0.886885 0.46199 0
    outer loop
      vertex -57.9593 38.7815 2.5
      vertex -58.0278 38.65 0
      vertex -58.0278 38.65 2.5
    endloop
  endfacet
  facet normal 0.216431 0.976298 -0
    outer loop
      vertex -59.7952 37.8258 0
      vertex -59.94 37.8579 2.5
      vertex -59.7952 37.8258 2.5
    endloop
  endfacet
  facet normal 0.216431 0.976298 0
    outer loop
      vertex -59.94 37.8579 2.5
      vertex -59.7952 37.8258 0
      vertex -59.94 37.8579 0
    endloop
  endfacet
  facet normal 0.953685 -0.300809 0
    outer loop
      vertex -61.1421 39.94 2.5
      vertex -61.0975 40.0814 0
      vertex -61.0975 40.0814 2.5
    endloop
  endfacet
  facet normal 0.953685 -0.300809 0
    outer loop
      vertex -61.0975 40.0814 0
      vertex -61.1421 39.94 2.5
      vertex -61.1421 39.94 0
    endloop
  endfacet
  facet normal -0.923853 0.382749 0
    outer loop
      vertex -57.9593 38.7815 0
      vertex -57.9025 38.9186 2.5
      vertex -57.9025 38.9186 0
    endloop
  endfacet
  facet normal -0.923853 0.382749 0
    outer loop
      vertex -57.9025 38.9186 2.5
      vertex -57.9593 38.7815 0
      vertex -57.9593 38.7815 2.5
    endloop
  endfacet
  facet normal 0.886885 -0.46199 0
    outer loop
      vertex -61.0407 40.2185 2.5
      vertex -60.9722 40.35 0
      vertex -60.9722 40.35 2.5
    endloop
  endfacet
  facet normal 0.886885 -0.46199 0
    outer loop
      vertex -60.9722 40.35 0
      vertex -61.0407 40.2185 2.5
      vertex -61.0407 40.2185 0
    endloop
  endfacet
  facet normal 0.46199 -0.886885 0
    outer loop
      vertex -60.35 40.9722 0
      vertex -60.2185 41.0407 2.5
      vertex -60.35 40.9722 2.5
    endloop
  endfacet
  facet normal 0.46199 -0.886885 0
    outer loop
      vertex -60.2185 41.0407 2.5
      vertex -60.35 40.9722 0
      vertex -60.2185 41.0407 0
    endloop
  endfacet
  facet normal 0.843689 0.536832 0
    outer loop
      vertex -60.8926 38.5249 2.5
      vertex -60.9722 38.65 0
      vertex -60.9722 38.65 2.5
    endloop
  endfacet
  facet normal 0.843689 0.536832 0
    outer loop
      vertex -60.9722 38.65 0
      vertex -60.8926 38.5249 2.5
      vertex -60.8926 38.5249 0
    endloop
  endfacet
  facet normal -0.79315 -0.609026 0
    outer loop
      vertex -58.1074 40.4751 0
      vertex -58.1977 40.5927 2.5
      vertex -58.1977 40.5927 0
    endloop
  endfacet
  facet normal -0.79315 -0.609026 0
    outer loop
      vertex -58.1977 40.5927 2.5
      vertex -58.1074 40.4751 0
      vertex -58.1074 40.4751 2.5
    endloop
  endfacet
  facet normal 0.991491 -0.130175 0
    outer loop
      vertex -61.1935 39.6482 2.5
      vertex -61.1742 39.7952 0
      vertex -61.1742 39.7952 2.5
    endloop
  endfacet
  facet normal 0.991491 -0.130175 0
    outer loop
      vertex -61.1742 39.7952 0
      vertex -61.1935 39.6482 2.5
      vertex -61.1935 39.6482 0
    endloop
  endfacet
  facet normal 0.737434 -0.675419 0
    outer loop
      vertex -60.8023 40.5927 2.5
      vertex -60.7021 40.7021 0
      vertex -60.7021 40.7021 2.5
    endloop
  endfacet
  facet normal 0.737434 -0.675419 0
    outer loop
      vertex -60.7021 40.7021 0
      vertex -60.8023 40.5927 2.5
      vertex -60.8023 40.5927 0
    endloop
  endfacet
  facet normal 0.886885 0.46199 0
    outer loop
      vertex -60.9722 38.65 2.5
      vertex -61.0407 38.7815 0
      vertex -61.0407 38.7815 2.5
    endloop
  endfacet
  facet normal 0.886885 0.46199 0
    outer loop
      vertex -61.0407 38.7815 0
      vertex -60.9722 38.65 2.5
      vertex -60.9722 38.65 0
    endloop
  endfacet
  facet normal 0.991491 0.130175 0
    outer loop
      vertex -61.1742 39.2048 2.5
      vertex -61.1935 39.3518 0
      vertex -61.1935 39.3518 2.5
    endloop
  endfacet
  facet normal 0.991491 0.130175 0
    outer loop
      vertex -61.1935 39.3518 0
      vertex -61.1742 39.2048 2.5
      vertex -61.1742 39.2048 0
    endloop
  endfacet
  facet normal 0.0438175 0.99904 -0
    outer loop
      vertex -59.5 37.8 0
      vertex -59.6482 37.8065 2.5
      vertex -59.5 37.8 2.5
    endloop
  endfacet
  facet normal 0.0438175 0.99904 0
    outer loop
      vertex -59.6482 37.8065 2.5
      vertex -59.5 37.8 0
      vertex -59.6482 37.8065 0
    endloop
  endfacet
  facet normal 0.675419 0.737434 -0
    outer loop
      vertex -60.5927 38.1977 0
      vertex -60.7021 38.2979 2.5
      vertex -60.5927 38.1977 2.5
    endloop
  endfacet
  facet normal 0.675419 0.737434 0
    outer loop
      vertex -60.7021 38.2979 2.5
      vertex -60.5927 38.1977 0
      vertex -60.7021 38.2979 0
    endloop
  endfacet
  facet normal -0.46199 -0.886885 0
    outer loop
      vertex -58.7815 41.0407 0
      vertex -58.65 40.9722 2.5
      vertex -58.7815 41.0407 2.5
    endloop
  endfacet
  facet normal -0.46199 -0.886885 -0
    outer loop
      vertex -58.65 40.9722 2.5
      vertex -58.7815 41.0407 0
      vertex -58.65 40.9722 0
    endloop
  endfacet
  facet normal -0.536832 0.843689 0
    outer loop
      vertex -58.5249 38.1074 0
      vertex -58.65 38.0278 2.5
      vertex -58.5249 38.1074 2.5
    endloop
  endfacet
  facet normal -0.536832 0.843689 0
    outer loop
      vertex -58.65 38.0278 2.5
      vertex -58.5249 38.1074 0
      vertex -58.65 38.0278 0
    endloop
  endfacet
  facet normal 0.923853 0.382749 0
    outer loop
      vertex -61.0407 38.7815 2.5
      vertex -61.0975 38.9186 0
      vertex -61.0975 38.9186 2.5
    endloop
  endfacet
  facet normal 0.923853 0.382749 0
    outer loop
      vertex -61.0975 38.9186 0
      vertex -61.0407 38.7815 2.5
      vertex -61.0407 38.7815 0
    endloop
  endfacet
  facet normal 0.923853 -0.382749 0
    outer loop
      vertex -61.0975 40.0814 2.5
      vertex -61.0407 40.2185 0
      vertex -61.0407 40.2185 2.5
    endloop
  endfacet
  facet normal 0.923853 -0.382749 0
    outer loop
      vertex -61.0407 40.2185 0
      vertex -61.0975 40.0814 2.5
      vertex -61.0975 40.0814 0
    endloop
  endfacet
  facet normal -0.536832 -0.843689 0
    outer loop
      vertex -58.65 40.9722 0
      vertex -58.5249 40.8926 2.5
      vertex -58.65 40.9722 2.5
    endloop
  endfacet
  facet normal -0.536832 -0.843689 -0
    outer loop
      vertex -58.5249 40.8926 2.5
      vertex -58.65 40.9722 0
      vertex -58.5249 40.8926 0
    endloop
  endfacet
  facet normal 0.737434 0.675419 0
    outer loop
      vertex -60.7021 38.2979 2.5
      vertex -60.8023 38.4073 0
      vertex -60.8023 38.4073 2.5
    endloop
  endfacet
  facet normal 0.737434 0.675419 0
    outer loop
      vertex -60.8023 38.4073 0
      vertex -60.7021 38.2979 2.5
      vertex -60.7021 38.2979 0
    endloop
  endfacet
  facet normal 0.79315 0.609026 0
    outer loop
      vertex -60.8023 38.4073 2.5
      vertex -60.8926 38.5249 0
      vertex -60.8926 38.5249 2.5
    endloop
  endfacet
  facet normal 0.79315 0.609026 0
    outer loop
      vertex -60.8926 38.5249 0
      vertex -60.8023 38.4073 2.5
      vertex -60.8023 38.4073 0
    endloop
  endfacet
  facet normal -0.609026 0.79315 0
    outer loop
      vertex -58.4073 38.1977 0
      vertex -58.5249 38.1074 2.5
      vertex -58.4073 38.1977 2.5
    endloop
  endfacet
  facet normal -0.609026 0.79315 0
    outer loop
      vertex -58.5249 38.1074 2.5
      vertex -58.4073 38.1977 0
      vertex -58.5249 38.1074 0
    endloop
  endfacet
  facet normal 0.99904 0.0438175 0
    outer loop
      vertex -61.1935 39.3518 2.5
      vertex -61.2 39.5 0
      vertex -61.2 39.5 2.5
    endloop
  endfacet
  facet normal 0.99904 0.0438175 0
    outer loop
      vertex -61.2 39.5 0
      vertex -61.1935 39.3518 2.5
      vertex -61.1935 39.3518 0
    endloop
  endfacet
  facet normal -0.843689 0.536832 0
    outer loop
      vertex -58.1074 38.5249 0
      vertex -58.0278 38.65 2.5
      vertex -58.0278 38.65 0
    endloop
  endfacet
  facet normal -0.843689 0.536832 0
    outer loop
      vertex -58.0278 38.65 2.5
      vertex -58.1074 38.5249 0
      vertex -58.1074 38.5249 2.5
    endloop
  endfacet
  facet normal -0.737434 0.675419 0
    outer loop
      vertex -58.2979 38.2979 0
      vertex -58.1977 38.4073 2.5
      vertex -58.1977 38.4073 0
    endloop
  endfacet
  facet normal -0.737434 0.675419 0
    outer loop
      vertex -58.1977 38.4073 2.5
      vertex -58.2979 38.2979 0
      vertex -58.2979 38.2979 2.5
    endloop
  endfacet
  facet normal -0.216431 -0.976298 0
    outer loop
      vertex -59.2048 41.1742 0
      vertex -59.06 41.1421 2.5
      vertex -59.2048 41.1742 2.5
    endloop
  endfacet
  facet normal -0.216431 -0.976298 -0
    outer loop
      vertex -59.06 41.1421 2.5
      vertex -59.2048 41.1742 0
      vertex -59.06 41.1421 0
    endloop
  endfacet
  facet normal 0.536832 0.843689 -0
    outer loop
      vertex -60.35 38.0278 0
      vertex -60.4751 38.1074 2.5
      vertex -60.35 38.0278 2.5
    endloop
  endfacet
  facet normal 0.536832 0.843689 0
    outer loop
      vertex -60.4751 38.1074 2.5
      vertex -60.35 38.0278 0
      vertex -60.4751 38.1074 0
    endloop
  endfacet
  facet normal 0.130175 0.991491 -0
    outer loop
      vertex -59.6482 37.8065 0
      vertex -59.7952 37.8258 2.5
      vertex -59.6482 37.8065 2.5
    endloop
  endfacet
  facet normal 0.130175 0.991491 0
    outer loop
      vertex -59.7952 37.8258 2.5
      vertex -59.6482 37.8065 0
      vertex -59.7952 37.8258 0
    endloop
  endfacet
  facet normal -0.991491 -0.130175 0
    outer loop
      vertex 61.1935 -39.3518 0
      vertex 61.1742 -39.2048 2.5
      vertex 61.1742 -39.2048 0
    endloop
  endfacet
  facet normal -0.991491 -0.130175 0
    outer loop
      vertex 61.1742 -39.2048 2.5
      vertex 61.1935 -39.3518 0
      vertex 61.1935 -39.3518 2.5
    endloop
  endfacet
  facet normal -0.99904 -0.0438175 0
    outer loop
      vertex 61.2 -39.5 0
      vertex 61.1935 -39.3518 2.5
      vertex 61.1935 -39.3518 0
    endloop
  endfacet
  facet normal -0.99904 -0.0438175 0
    outer loop
      vertex 61.1935 -39.3518 2.5
      vertex 61.2 -39.5 0
      vertex 61.2 -39.5 2.5
    endloop
  endfacet
  facet normal -0.976298 -0.216431 0
    outer loop
      vertex 61.1742 -39.2048 0
      vertex 61.1421 -39.06 2.5
      vertex 61.1421 -39.06 0
    endloop
  endfacet
  facet normal -0.976298 -0.216431 0
    outer loop
      vertex 61.1421 -39.06 2.5
      vertex 61.1742 -39.2048 0
      vertex 61.1742 -39.2048 2.5
    endloop
  endfacet
  facet normal -0.130175 0.991491 0
    outer loop
      vertex 59.7952 -41.1742 0
      vertex 59.6482 -41.1935 2.5
      vertex 59.7952 -41.1742 2.5
    endloop
  endfacet
  facet normal -0.130175 0.991491 0
    outer loop
      vertex 59.6482 -41.1935 2.5
      vertex 59.7952 -41.1742 0
      vertex 59.6482 -41.1935 0
    endloop
  endfacet
  facet normal -0.300809 0.953685 0
    outer loop
      vertex 60.0814 -41.0975 0
      vertex 59.94 -41.1421 2.5
      vertex 60.0814 -41.0975 2.5
    endloop
  endfacet
  facet normal -0.300809 0.953685 0
    outer loop
      vertex 59.94 -41.1421 2.5
      vertex 60.0814 -41.0975 0
      vertex 59.94 -41.1421 0
    endloop
  endfacet
  facet normal 0.953685 -0.300809 0
    outer loop
      vertex 57.8579 -39.06 2.5
      vertex 57.9025 -38.9186 0
      vertex 57.9025 -38.9186 2.5
    endloop
  endfacet
  facet normal 0.953685 -0.300809 0
    outer loop
      vertex 57.9025 -38.9186 0
      vertex 57.8579 -39.06 2.5
      vertex 57.8579 -39.06 0
    endloop
  endfacet
  facet normal 0.79315 0.609026 0
    outer loop
      vertex 58.1977 -40.5927 2.5
      vertex 58.1074 -40.4751 0
      vertex 58.1074 -40.4751 2.5
    endloop
  endfacet
  facet normal 0.79315 0.609026 0
    outer loop
      vertex 58.1074 -40.4751 0
      vertex 58.1977 -40.5927 2.5
      vertex 58.1977 -40.5927 0
    endloop
  endfacet
  facet normal -0.953685 -0.300809 0
    outer loop
      vertex 61.1421 -39.06 0
      vertex 61.0975 -38.9186 2.5
      vertex 61.0975 -38.9186 0
    endloop
  endfacet
  facet normal -0.953685 -0.300809 0
    outer loop
      vertex 61.0975 -38.9186 2.5
      vertex 61.1421 -39.06 0
      vertex 61.1421 -39.06 2.5
    endloop
  endfacet
  facet normal -0.79315 -0.609026 0
    outer loop
      vertex 60.8926 -38.5249 0
      vertex 60.8023 -38.4073 2.5
      vertex 60.8023 -38.4073 0
    endloop
  endfacet
  facet normal -0.79315 -0.609026 0
    outer loop
      vertex 60.8023 -38.4073 2.5
      vertex 60.8926 -38.5249 0
      vertex 60.8926 -38.5249 2.5
    endloop
  endfacet
  facet normal 0.536832 -0.843689 0
    outer loop
      vertex 58.5249 -38.1074 0
      vertex 58.65 -38.0278 2.5
      vertex 58.5249 -38.1074 2.5
    endloop
  endfacet
  facet normal 0.536832 -0.843689 0
    outer loop
      vertex 58.65 -38.0278 2.5
      vertex 58.5249 -38.1074 0
      vertex 58.65 -38.0278 0
    endloop
  endfacet
  facet normal 0.300809 -0.953685 0
    outer loop
      vertex 58.9186 -37.9025 0
      vertex 59.06 -37.8579 2.5
      vertex 58.9186 -37.9025 2.5
    endloop
  endfacet
  facet normal 0.300809 -0.953685 0
    outer loop
      vertex 59.06 -37.8579 2.5
      vertex 58.9186 -37.9025 0
      vertex 59.06 -37.8579 0
    endloop
  endfacet
  facet normal 0.216431 -0.976298 0
    outer loop
      vertex 59.06 -37.8579 0
      vertex 59.2048 -37.8258 2.5
      vertex 59.06 -37.8579 2.5
    endloop
  endfacet
  facet normal 0.216431 -0.976298 0
    outer loop
      vertex 59.2048 -37.8258 2.5
      vertex 59.06 -37.8579 0
      vertex 59.2048 -37.8258 0
    endloop
  endfacet
  facet normal 0.923853 0.382749 0
    outer loop
      vertex 57.9593 -40.2185 2.5
      vertex 57.9025 -40.0814 0
      vertex 57.9025 -40.0814 2.5
    endloop
  endfacet
  facet normal 0.923853 0.382749 0
    outer loop
      vertex 57.9025 -40.0814 0
      vertex 57.9593 -40.2185 2.5
      vertex 57.9593 -40.2185 0
    endloop
  endfacet
  facet normal -0.843689 -0.536832 0
    outer loop
      vertex 60.9722 -38.65 0
      vertex 60.8926 -38.5249 2.5
      vertex 60.8926 -38.5249 0
    endloop
  endfacet
  facet normal -0.843689 -0.536832 0
    outer loop
      vertex 60.8926 -38.5249 2.5
      vertex 60.9722 -38.65 0
      vertex 60.9722 -38.65 2.5
    endloop
  endfacet
  facet normal -0.953685 0.300809 0
    outer loop
      vertex 61.0975 -40.0814 0
      vertex 61.1421 -39.94 2.5
      vertex 61.1421 -39.94 0
    endloop
  endfacet
  facet normal -0.953685 0.300809 0
    outer loop
      vertex 61.1421 -39.94 2.5
      vertex 61.0975 -40.0814 0
      vertex 61.0975 -40.0814 2.5
    endloop
  endfacet
  facet normal -0.675419 -0.737434 0
    outer loop
      vertex 60.5927 -38.1977 0
      vertex 60.7021 -38.2979 2.5
      vertex 60.5927 -38.1977 2.5
    endloop
  endfacet
  facet normal -0.675419 -0.737434 -0
    outer loop
      vertex 60.7021 -38.2979 2.5
      vertex 60.5927 -38.1977 0
      vertex 60.7021 -38.2979 0
    endloop
  endfacet
  facet normal -0.536832 -0.843689 0
    outer loop
      vertex 60.35 -38.0278 0
      vertex 60.4751 -38.1074 2.5
      vertex 60.35 -38.0278 2.5
    endloop
  endfacet
  facet normal -0.536832 -0.843689 -0
    outer loop
      vertex 60.4751 -38.1074 2.5
      vertex 60.35 -38.0278 0
      vertex 60.4751 -38.1074 0
    endloop
  endfacet
  facet normal -0.99904 0.0438175 0
    outer loop
      vertex 61.1935 -39.6482 0
      vertex 61.2 -39.5 2.5
      vertex 61.2 -39.5 0
    endloop
  endfacet
  facet normal -0.99904 0.0438175 0
    outer loop
      vertex 61.2 -39.5 2.5
      vertex 61.1935 -39.6482 0
      vertex 61.1935 -39.6482 2.5
    endloop
  endfacet
  facet normal 0.216431 0.976298 -0
    outer loop
      vertex 59.2048 -41.1742 0
      vertex 59.06 -41.1421 2.5
      vertex 59.2048 -41.1742 2.5
    endloop
  endfacet
  facet normal 0.216431 0.976298 0
    outer loop
      vertex 59.06 -41.1421 2.5
      vertex 59.2048 -41.1742 0
      vertex 59.06 -41.1421 0
    endloop
  endfacet
  facet normal -0.609026 -0.79315 0
    outer loop
      vertex 60.4751 -38.1074 0
      vertex 60.5927 -38.1977 2.5
      vertex 60.4751 -38.1074 2.5
    endloop
  endfacet
  facet normal -0.609026 -0.79315 -0
    outer loop
      vertex 60.5927 -38.1977 2.5
      vertex 60.4751 -38.1074 0
      vertex 60.5927 -38.1977 0
    endloop
  endfacet
  facet normal 0.953685 0.300809 0
    outer loop
      vertex 57.9025 -40.0814 2.5
      vertex 57.8579 -39.94 0
      vertex 57.8579 -39.94 2.5
    endloop
  endfacet
  facet normal 0.953685 0.300809 0
    outer loop
      vertex 57.8579 -39.94 0
      vertex 57.9025 -40.0814 2.5
      vertex 57.9025 -40.0814 0
    endloop
  endfacet
  facet normal 0.609026 -0.79315 0
    outer loop
      vertex 58.4073 -38.1977 0
      vertex 58.5249 -38.1074 2.5
      vertex 58.4073 -38.1977 2.5
    endloop
  endfacet
  facet normal 0.609026 -0.79315 0
    outer loop
      vertex 58.5249 -38.1074 2.5
      vertex 58.4073 -38.1977 0
      vertex 58.5249 -38.1074 0
    endloop
  endfacet
  facet normal -0.216431 0.976298 0
    outer loop
      vertex 59.94 -41.1421 0
      vertex 59.7952 -41.1742 2.5
      vertex 59.94 -41.1421 2.5
    endloop
  endfacet
  facet normal -0.216431 0.976298 0
    outer loop
      vertex 59.7952 -41.1742 2.5
      vertex 59.94 -41.1421 0
      vertex 59.7952 -41.1742 0
    endloop
  endfacet
  facet normal 0.382749 0.923853 -0
    outer loop
      vertex 58.9186 -41.0975 0
      vertex 58.7815 -41.0407 2.5
      vertex 58.9186 -41.0975 2.5
    endloop
  endfacet
  facet normal 0.382749 0.923853 0
    outer loop
      vertex 58.7815 -41.0407 2.5
      vertex 58.9186 -41.0975 0
      vertex 58.7815 -41.0407 0
    endloop
  endfacet
  facet normal -0.46199 0.886885 0
    outer loop
      vertex 60.35 -40.9722 0
      vertex 60.2185 -41.0407 2.5
      vertex 60.35 -40.9722 2.5
    endloop
  endfacet
  facet normal -0.46199 0.886885 0
    outer loop
      vertex 60.2185 -41.0407 2.5
      vertex 60.35 -40.9722 0
      vertex 60.2185 -41.0407 0
    endloop
  endfacet
  facet normal 0.0438175 -0.99904 0
    outer loop
      vertex 59.3518 -37.8065 0
      vertex 59.5 -37.8 2.5
      vertex 59.3518 -37.8065 2.5
    endloop
  endfacet
  facet normal 0.0438175 -0.99904 0
    outer loop
      vertex 59.5 -37.8 2.5
      vertex 59.3518 -37.8065 0
      vertex 59.5 -37.8 0
    endloop
  endfacet
  facet normal 0.536832 0.843689 -0
    outer loop
      vertex 58.65 -40.9722 0
      vertex 58.5249 -40.8926 2.5
      vertex 58.65 -40.9722 2.5
    endloop
  endfacet
  facet normal 0.536832 0.843689 0
    outer loop
      vertex 58.5249 -40.8926 2.5
      vertex 58.65 -40.9722 0
      vertex 58.5249 -40.8926 0
    endloop
  endfacet
  facet normal -0.0438175 0.99904 0
    outer loop
      vertex 59.6482 -41.1935 0
      vertex 59.5 -41.2 2.5
      vertex 59.6482 -41.1935 2.5
    endloop
  endfacet
  facet normal -0.0438175 0.99904 0
    outer loop
      vertex 59.5 -41.2 2.5
      vertex 59.6482 -41.1935 0
      vertex 59.5 -41.2 0
    endloop
  endfacet
  facet normal 0.886885 0.46199 0
    outer loop
      vertex 58.0278 -40.35 2.5
      vertex 57.9593 -40.2185 0
      vertex 57.9593 -40.2185 2.5
    endloop
  endfacet
  facet normal 0.886885 0.46199 0
    outer loop
      vertex 57.9593 -40.2185 0
      vertex 58.0278 -40.35 2.5
      vertex 58.0278 -40.35 0
    endloop
  endfacet
  facet normal -0.46199 -0.886885 0
    outer loop
      vertex 60.2185 -37.9593 0
      vertex 60.35 -38.0278 2.5
      vertex 60.2185 -37.9593 2.5
    endloop
  endfacet
  facet normal -0.46199 -0.886885 -0
    outer loop
      vertex 60.35 -38.0278 2.5
      vertex 60.2185 -37.9593 0
      vertex 60.35 -38.0278 0
    endloop
  endfacet
  facet normal -0.675419 0.737434 0
    outer loop
      vertex 60.7021 -40.7021 0
      vertex 60.5927 -40.8023 2.5
      vertex 60.7021 -40.7021 2.5
    endloop
  endfacet
  facet normal -0.675419 0.737434 0
    outer loop
      vertex 60.5927 -40.8023 2.5
      vertex 60.7021 -40.7021 0
      vertex 60.5927 -40.8023 0
    endloop
  endfacet
  facet normal -0.536832 0.843689 0
    outer loop
      vertex 60.4751 -40.8926 0
      vertex 60.35 -40.9722 2.5
      vertex 60.4751 -40.8926 2.5
    endloop
  endfacet
  facet normal -0.536832 0.843689 0
    outer loop
      vertex 60.35 -40.9722 2.5
      vertex 60.4751 -40.8926 0
      vertex 60.35 -40.9722 0
    endloop
  endfacet
  facet normal -0.79315 0.609026 0
    outer loop
      vertex 60.8023 -40.5927 0
      vertex 60.8926 -40.4751 2.5
      vertex 60.8926 -40.4751 0
    endloop
  endfacet
  facet normal -0.79315 0.609026 0
    outer loop
      vertex 60.8926 -40.4751 2.5
      vertex 60.8023 -40.5927 0
      vertex 60.8023 -40.5927 2.5
    endloop
  endfacet
  facet normal -0.609026 0.79315 0
    outer loop
      vertex 60.5927 -40.8023 0
      vertex 60.4751 -40.8926 2.5
      vertex 60.5927 -40.8023 2.5
    endloop
  endfacet
  facet normal -0.609026 0.79315 0
    outer loop
      vertex 60.4751 -40.8926 2.5
      vertex 60.5927 -40.8023 0
      vertex 60.4751 -40.8926 0
    endloop
  endfacet
  facet normal -0.923853 -0.382749 0
    outer loop
      vertex 61.0975 -38.9186 0
      vertex 61.0407 -38.7815 2.5
      vertex 61.0407 -38.7815 0
    endloop
  endfacet
  facet normal -0.923853 -0.382749 0
    outer loop
      vertex 61.0407 -38.7815 2.5
      vertex 61.0975 -38.9186 0
      vertex 61.0975 -38.9186 2.5
    endloop
  endfacet
  facet normal -0.737434 -0.675419 0
    outer loop
      vertex 60.8023 -38.4073 0
      vertex 60.7021 -38.2979 2.5
      vertex 60.7021 -38.2979 0
    endloop
  endfacet
  facet normal -0.737434 -0.675419 0
    outer loop
      vertex 60.7021 -38.2979 2.5
      vertex 60.8023 -38.4073 0
      vertex 60.8023 -38.4073 2.5
    endloop
  endfacet
  facet normal 0.923853 -0.382749 0
    outer loop
      vertex 57.9025 -38.9186 2.5
      vertex 57.9593 -38.7815 0
      vertex 57.9593 -38.7815 2.5
    endloop
  endfacet
  facet normal 0.923853 -0.382749 0
    outer loop
      vertex 57.9593 -38.7815 0
      vertex 57.9025 -38.9186 2.5
      vertex 57.9025 -38.9186 0
    endloop
  endfacet
  facet normal -0.382749 0.923853 0
    outer loop
      vertex 60.2185 -41.0407 0
      vertex 60.0814 -41.0975 2.5
      vertex 60.2185 -41.0407 2.5
    endloop
  endfacet
  facet normal -0.382749 0.923853 0
    outer loop
      vertex 60.0814 -41.0975 2.5
      vertex 60.2185 -41.0407 0
      vertex 60.0814 -41.0975 0
    endloop
  endfacet
  facet normal -0.886885 -0.46199 0
    outer loop
      vertex 61.0407 -38.7815 0
      vertex 60.9722 -38.65 2.5
      vertex 60.9722 -38.65 0
    endloop
  endfacet
  facet normal -0.886885 -0.46199 0
    outer loop
      vertex 60.9722 -38.65 2.5
      vertex 61.0407 -38.7815 0
      vertex 61.0407 -38.7815 2.5
    endloop
  endfacet
  facet normal 0.675419 -0.737434 0
    outer loop
      vertex 58.2979 -38.2979 0
      vertex 58.4073 -38.1977 2.5
      vertex 58.2979 -38.2979 2.5
    endloop
  endfacet
  facet normal 0.675419 -0.737434 0
    outer loop
      vertex 58.4073 -38.1977 2.5
      vertex 58.2979 -38.2979 0
      vertex 58.4073 -38.1977 0
    endloop
  endfacet
  facet normal 0.675419 0.737434 -0
    outer loop
      vertex 58.4073 -40.8023 0
      vertex 58.2979 -40.7021 2.5
      vertex 58.4073 -40.8023 2.5
    endloop
  endfacet
  facet normal 0.675419 0.737434 0
    outer loop
      vertex 58.2979 -40.7021 2.5
      vertex 58.4073 -40.8023 0
      vertex 58.2979 -40.7021 0
    endloop
  endfacet
  facet normal -0.130175 -0.991491 0
    outer loop
      vertex 59.6482 -37.8065 0
      vertex 59.7952 -37.8258 2.5
      vertex 59.6482 -37.8065 2.5
    endloop
  endfacet
  facet normal -0.130175 -0.991491 -0
    outer loop
      vertex 59.7952 -37.8258 2.5
      vertex 59.6482 -37.8065 0
      vertex 59.7952 -37.8258 0
    endloop
  endfacet
  facet normal 0.46199 -0.886885 0
    outer loop
      vertex 58.65 -38.0278 0
      vertex 58.7815 -37.9593 2.5
      vertex 58.65 -38.0278 2.5
    endloop
  endfacet
  facet normal 0.46199 -0.886885 0
    outer loop
      vertex 58.7815 -37.9593 2.5
      vertex 58.65 -38.0278 0
      vertex 58.7815 -37.9593 0
    endloop
  endfacet
  facet normal 0.382749 -0.923853 0
    outer loop
      vertex 58.7815 -37.9593 0
      vertex 58.9186 -37.9025 2.5
      vertex 58.7815 -37.9593 2.5
    endloop
  endfacet
  facet normal 0.382749 -0.923853 0
    outer loop
      vertex 58.9186 -37.9025 2.5
      vertex 58.7815 -37.9593 0
      vertex 58.9186 -37.9025 0
    endloop
  endfacet
  facet normal 0.991491 -0.130175 0
    outer loop
      vertex 57.8065 -39.3518 2.5
      vertex 57.8258 -39.2048 0
      vertex 57.8258 -39.2048 2.5
    endloop
  endfacet
  facet normal 0.991491 -0.130175 0
    outer loop
      vertex 57.8258 -39.2048 0
      vertex 57.8065 -39.3518 2.5
      vertex 57.8065 -39.3518 0
    endloop
  endfacet
  facet normal 0.976298 -0.216431 0
    outer loop
      vertex 57.8258 -39.2048 2.5
      vertex 57.8579 -39.06 0
      vertex 57.8579 -39.06 2.5
    endloop
  endfacet
  facet normal 0.976298 -0.216431 0
    outer loop
      vertex 57.8579 -39.06 0
      vertex 57.8258 -39.2048 2.5
      vertex 57.8258 -39.2048 0
    endloop
  endfacet
  facet normal -0.923853 0.382749 0
    outer loop
      vertex 61.0407 -40.2185 0
      vertex 61.0975 -40.0814 2.5
      vertex 61.0975 -40.0814 0
    endloop
  endfacet
  facet normal -0.923853 0.382749 0
    outer loop
      vertex 61.0975 -40.0814 2.5
      vertex 61.0407 -40.2185 0
      vertex 61.0407 -40.2185 2.5
    endloop
  endfacet
  facet normal -0.216431 -0.976298 0
    outer loop
      vertex 59.7952 -37.8258 0
      vertex 59.94 -37.8579 2.5
      vertex 59.7952 -37.8258 2.5
    endloop
  endfacet
  facet normal -0.216431 -0.976298 -0
    outer loop
      vertex 59.94 -37.8579 2.5
      vertex 59.7952 -37.8258 0
      vertex 59.94 -37.8579 0
    endloop
  endfacet
  facet normal 0.79315 -0.609026 0
    outer loop
      vertex 58.1074 -38.5249 2.5
      vertex 58.1977 -38.4073 0
      vertex 58.1977 -38.4073 2.5
    endloop
  endfacet
  facet normal 0.79315 -0.609026 0
    outer loop
      vertex 58.1977 -38.4073 0
      vertex 58.1074 -38.5249 2.5
      vertex 58.1074 -38.5249 0
    endloop
  endfacet
  facet normal 0.99904 0.0438175 0
    outer loop
      vertex 57.8065 -39.6482 2.5
      vertex 57.8 -39.5 0
      vertex 57.8 -39.5 2.5
    endloop
  endfacet
  facet normal 0.99904 0.0438175 0
    outer loop
      vertex 57.8 -39.5 0
      vertex 57.8065 -39.6482 2.5
      vertex 57.8065 -39.6482 0
    endloop
  endfacet
  facet normal 0.46199 0.886885 -0
    outer loop
      vertex 58.7815 -41.0407 0
      vertex 58.65 -40.9722 2.5
      vertex 58.7815 -41.0407 2.5
    endloop
  endfacet
  facet normal 0.46199 0.886885 0
    outer loop
      vertex 58.65 -40.9722 2.5
      vertex 58.7815 -41.0407 0
      vertex 58.65 -40.9722 0
    endloop
  endfacet
  facet normal -0.0438175 -0.99904 0
    outer loop
      vertex 59.5 -37.8 0
      vertex 59.6482 -37.8065 2.5
      vertex 59.5 -37.8 2.5
    endloop
  endfacet
  facet normal -0.0438175 -0.99904 -0
    outer loop
      vertex 59.6482 -37.8065 2.5
      vertex 59.5 -37.8 0
      vertex 59.6482 -37.8065 0
    endloop
  endfacet
  facet normal -0.976298 0.216431 0
    outer loop
      vertex 61.1421 -39.94 0
      vertex 61.1742 -39.7952 2.5
      vertex 61.1742 -39.7952 0
    endloop
  endfacet
  facet normal -0.976298 0.216431 0
    outer loop
      vertex 61.1742 -39.7952 2.5
      vertex 61.1421 -39.94 0
      vertex 61.1421 -39.94 2.5
    endloop
  endfacet
  facet normal 0.737434 0.675419 0
    outer loop
      vertex 58.2979 -40.7021 2.5
      vertex 58.1977 -40.5927 0
      vertex 58.1977 -40.5927 2.5
    endloop
  endfacet
  facet normal 0.737434 0.675419 0
    outer loop
      vertex 58.1977 -40.5927 0
      vertex 58.2979 -40.7021 2.5
      vertex 58.2979 -40.7021 0
    endloop
  endfacet
  facet normal 0.976298 0.216431 0
    outer loop
      vertex 57.8579 -39.94 2.5
      vertex 57.8258 -39.7952 0
      vertex 57.8258 -39.7952 2.5
    endloop
  endfacet
  facet normal 0.976298 0.216431 0
    outer loop
      vertex 57.8258 -39.7952 0
      vertex 57.8579 -39.94 2.5
      vertex 57.8579 -39.94 0
    endloop
  endfacet
  facet normal -0.886885 0.46199 0
    outer loop
      vertex 60.9722 -40.35 0
      vertex 61.0407 -40.2185 2.5
      vertex 61.0407 -40.2185 0
    endloop
  endfacet
  facet normal -0.886885 0.46199 0
    outer loop
      vertex 61.0407 -40.2185 2.5
      vertex 60.9722 -40.35 0
      vertex 60.9722 -40.35 2.5
    endloop
  endfacet
  facet normal -0.382749 -0.923853 0
    outer loop
      vertex 60.0814 -37.9025 0
      vertex 60.2185 -37.9593 2.5
      vertex 60.0814 -37.9025 2.5
    endloop
  endfacet
  facet normal -0.382749 -0.923853 -0
    outer loop
      vertex 60.2185 -37.9593 2.5
      vertex 60.0814 -37.9025 0
      vertex 60.2185 -37.9593 0
    endloop
  endfacet
  facet normal -0.300809 -0.953685 0
    outer loop
      vertex 59.94 -37.8579 0
      vertex 60.0814 -37.9025 2.5
      vertex 59.94 -37.8579 2.5
    endloop
  endfacet
  facet normal -0.300809 -0.953685 -0
    outer loop
      vertex 60.0814 -37.9025 2.5
      vertex 59.94 -37.8579 0
      vertex 60.0814 -37.9025 0
    endloop
  endfacet
  facet normal 0.737434 -0.675419 0
    outer loop
      vertex 58.1977 -38.4073 2.5
      vertex 58.2979 -38.2979 0
      vertex 58.2979 -38.2979 2.5
    endloop
  endfacet
  facet normal 0.737434 -0.675419 0
    outer loop
      vertex 58.2979 -38.2979 0
      vertex 58.1977 -38.4073 2.5
      vertex 58.1977 -38.4073 0
    endloop
  endfacet
  facet normal 0.130175 -0.991491 0
    outer loop
      vertex 59.2048 -37.8258 0
      vertex 59.3518 -37.8065 2.5
      vertex 59.2048 -37.8258 2.5
    endloop
  endfacet
  facet normal 0.130175 -0.991491 0
    outer loop
      vertex 59.3518 -37.8065 2.5
      vertex 59.2048 -37.8258 0
      vertex 59.3518 -37.8065 0
    endloop
  endfacet
  facet normal 0.609026 0.79315 -0
    outer loop
      vertex 58.5249 -40.8926 0
      vertex 58.4073 -40.8023 2.5
      vertex 58.5249 -40.8926 2.5
    endloop
  endfacet
  facet normal 0.609026 0.79315 0
    outer loop
      vertex 58.4073 -40.8023 2.5
      vertex 58.5249 -40.8926 0
      vertex 58.4073 -40.8023 0
    endloop
  endfacet
  facet normal -0.843689 0.536832 0
    outer loop
      vertex 60.8926 -40.4751 0
      vertex 60.9722 -40.35 2.5
      vertex 60.9722 -40.35 0
    endloop
  endfacet
  facet normal -0.843689 0.536832 0
    outer loop
      vertex 60.9722 -40.35 2.5
      vertex 60.8926 -40.4751 0
      vertex 60.8926 -40.4751 2.5
    endloop
  endfacet
  facet normal 0.300809 0.953685 -0
    outer loop
      vertex 59.06 -41.1421 0
      vertex 58.9186 -41.0975 2.5
      vertex 59.06 -41.1421 2.5
    endloop
  endfacet
  facet normal 0.300809 0.953685 0
    outer loop
      vertex 58.9186 -41.0975 2.5
      vertex 59.06 -41.1421 0
      vertex 58.9186 -41.0975 0
    endloop
  endfacet
  facet normal 0.991491 0.130175 0
    outer loop
      vertex 57.8258 -39.7952 2.5
      vertex 57.8065 -39.6482 0
      vertex 57.8065 -39.6482 2.5
    endloop
  endfacet
  facet normal 0.991491 0.130175 0
    outer loop
      vertex 57.8065 -39.6482 0
      vertex 57.8258 -39.7952 2.5
      vertex 57.8258 -39.7952 0
    endloop
  endfacet
  facet normal 0.843689 0.536832 0
    outer loop
      vertex 58.1074 -40.4751 2.5
      vertex 58.0278 -40.35 0
      vertex 58.0278 -40.35 2.5
    endloop
  endfacet
  facet normal 0.843689 0.536832 0
    outer loop
      vertex 58.0278 -40.35 0
      vertex 58.1074 -40.4751 2.5
      vertex 58.1074 -40.4751 0
    endloop
  endfacet
  facet normal 0.99904 -0.0438175 0
    outer loop
      vertex 57.8 -39.5 2.5
      vertex 57.8065 -39.3518 0
      vertex 57.8065 -39.3518 2.5
    endloop
  endfacet
  facet normal 0.99904 -0.0438175 0
    outer loop
      vertex 57.8065 -39.3518 0
      vertex 57.8 -39.5 2.5
      vertex 57.8 -39.5 0
    endloop
  endfacet
  facet normal 0.886885 -0.46199 0
    outer loop
      vertex 57.9593 -38.7815 2.5
      vertex 58.0278 -38.65 0
      vertex 58.0278 -38.65 2.5
    endloop
  endfacet
  facet normal 0.886885 -0.46199 0
    outer loop
      vertex 58.0278 -38.65 0
      vertex 57.9593 -38.7815 2.5
      vertex 57.9593 -38.7815 0
    endloop
  endfacet
  facet normal -0.991491 0.130175 0
    outer loop
      vertex 61.1742 -39.7952 0
      vertex 61.1935 -39.6482 2.5
      vertex 61.1935 -39.6482 0
    endloop
  endfacet
  facet normal -0.991491 0.130175 0
    outer loop
      vertex 61.1935 -39.6482 2.5
      vertex 61.1742 -39.7952 0
      vertex 61.1742 -39.7952 2.5
    endloop
  endfacet
  facet normal -0.737434 0.675419 0
    outer loop
      vertex 60.7021 -40.7021 0
      vertex 60.8023 -40.5927 2.5
      vertex 60.8023 -40.5927 0
    endloop
  endfacet
  facet normal -0.737434 0.675419 0
    outer loop
      vertex 60.8023 -40.5927 2.5
      vertex 60.7021 -40.7021 0
      vertex 60.7021 -40.7021 2.5
    endloop
  endfacet
  facet normal 0.0438175 0.99904 -0
    outer loop
      vertex 59.5 -41.2 0
      vertex 59.3518 -41.1935 2.5
      vertex 59.5 -41.2 2.5
    endloop
  endfacet
  facet normal 0.0438175 0.99904 0
    outer loop
      vertex 59.3518 -41.1935 2.5
      vertex 59.5 -41.2 0
      vertex 59.3518 -41.1935 0
    endloop
  endfacet
  facet normal 0.130175 0.991491 -0
    outer loop
      vertex 59.3518 -41.1935 0
      vertex 59.2048 -41.1742 2.5
      vertex 59.3518 -41.1935 2.5
    endloop
  endfacet
  facet normal 0.130175 0.991491 0
    outer loop
      vertex 59.2048 -41.1742 2.5
      vertex 59.3518 -41.1935 0
      vertex 59.2048 -41.1742 0
    endloop
  endfacet
  facet normal 0.843689 -0.536832 0
    outer loop
      vertex 58.0278 -38.65 2.5
      vertex 58.1074 -38.5249 0
      vertex 58.1074 -38.5249 2.5
    endloop
  endfacet
  facet normal 0.843689 -0.536832 0
    outer loop
      vertex 58.1074 -38.5249 0
      vertex 58.0278 -38.65 2.5
      vertex 58.0278 -38.65 0
    endloop
  endfacet
  facet normal -0.991491 -0.130175 0
    outer loop
      vertex 61.1935 39.6482 0
      vertex 61.1742 39.7952 2.5
      vertex 61.1742 39.7952 0
    endloop
  endfacet
  facet normal -0.991491 -0.130175 0
    outer loop
      vertex 61.1742 39.7952 2.5
      vertex 61.1935 39.6482 0
      vertex 61.1935 39.6482 2.5
    endloop
  endfacet
  facet normal -0.99904 -0.0438175 0
    outer loop
      vertex 61.2 39.5 0
      vertex 61.1935 39.6482 2.5
      vertex 61.1935 39.6482 0
    endloop
  endfacet
  facet normal -0.99904 -0.0438175 0
    outer loop
      vertex 61.1935 39.6482 2.5
      vertex 61.2 39.5 0
      vertex 61.2 39.5 2.5
    endloop
  endfacet
  facet normal -0.976298 -0.216431 0
    outer loop
      vertex 61.1742 39.7952 0
      vertex 61.1421 39.94 2.5
      vertex 61.1421 39.94 0
    endloop
  endfacet
  facet normal -0.976298 -0.216431 0
    outer loop
      vertex 61.1421 39.94 2.5
      vertex 61.1742 39.7952 0
      vertex 61.1742 39.7952 2.5
    endloop
  endfacet
  facet normal 0.216431 -0.976298 0
    outer loop
      vertex 59.06 41.1421 0
      vertex 59.2048 41.1742 2.5
      vertex 59.06 41.1421 2.5
    endloop
  endfacet
  facet normal 0.216431 -0.976298 0
    outer loop
      vertex 59.2048 41.1742 2.5
      vertex 59.06 41.1421 0
      vertex 59.2048 41.1742 0
    endloop
  endfacet
  facet normal -0.843689 -0.536832 0
    outer loop
      vertex 60.9722 40.35 0
      vertex 60.8926 40.4751 2.5
      vertex 60.8926 40.4751 0
    endloop
  endfacet
  facet normal -0.843689 -0.536832 0
    outer loop
      vertex 60.8926 40.4751 2.5
      vertex 60.9722 40.35 0
      vertex 60.9722 40.35 2.5
    endloop
  endfacet
  facet normal 0.976298 0.216431 0
    outer loop
      vertex 57.8579 39.06 2.5
      vertex 57.8258 39.2048 0
      vertex 57.8258 39.2048 2.5
    endloop
  endfacet
  facet normal 0.976298 0.216431 0
    outer loop
      vertex 57.8258 39.2048 0
      vertex 57.8579 39.06 2.5
      vertex 57.8579 39.06 0
    endloop
  endfacet
  facet normal -0.737434 -0.675419 0
    outer loop
      vertex 60.8023 40.5927 0
      vertex 60.7021 40.7021 2.5
      vertex 60.7021 40.7021 0
    endloop
  endfacet
  facet normal -0.737434 -0.675419 0
    outer loop
      vertex 60.7021 40.7021 2.5
      vertex 60.8023 40.5927 0
      vertex 60.8023 40.5927 2.5
    endloop
  endfacet
  facet normal -0.99904 0.0438175 0
    outer loop
      vertex 61.1935 39.3518 0
      vertex 61.2 39.5 2.5
      vertex 61.2 39.5 0
    endloop
  endfacet
  facet normal -0.99904 0.0438175 0
    outer loop
      vertex 61.2 39.5 2.5
      vertex 61.1935 39.3518 0
      vertex 61.1935 39.3518 2.5
    endloop
  endfacet
  facet normal -0.675419 0.737434 0
    outer loop
      vertex 60.7021 38.2979 0
      vertex 60.5927 38.1977 2.5
      vertex 60.7021 38.2979 2.5
    endloop
  endfacet
  facet normal -0.675419 0.737434 0
    outer loop
      vertex 60.5927 38.1977 2.5
      vertex 60.7021 38.2979 0
      vertex 60.5927 38.1977 0
    endloop
  endfacet
  facet normal 0.79315 -0.609026 0
    outer loop
      vertex 58.1074 40.4751 2.5
      vertex 58.1977 40.5927 0
      vertex 58.1977 40.5927 2.5
    endloop
  endfacet
  facet normal 0.79315 -0.609026 0
    outer loop
      vertex 58.1977 40.5927 0
      vertex 58.1074 40.4751 2.5
      vertex 58.1074 40.4751 0
    endloop
  endfacet
  facet normal -0.382749 0.923853 0
    outer loop
      vertex 60.2185 37.9593 0
      vertex 60.0814 37.9025 2.5
      vertex 60.2185 37.9593 2.5
    endloop
  endfacet
  facet normal -0.382749 0.923853 0
    outer loop
      vertex 60.0814 37.9025 2.5
      vertex 60.2185 37.9593 0
      vertex 60.0814 37.9025 0
    endloop
  endfacet
  facet normal -0.953685 -0.300809 0
    outer loop
      vertex 61.1421 39.94 0
      vertex 61.0975 40.0814 2.5
      vertex 61.0975 40.0814 0
    endloop
  endfacet
  facet normal -0.953685 -0.300809 0
    outer loop
      vertex 61.0975 40.0814 2.5
      vertex 61.1421 39.94 0
      vertex 61.1421 39.94 2.5
    endloop
  endfacet
  facet normal -0.130175 0.991491 0
    outer loop
      vertex 59.7952 37.8258 0
      vertex 59.6482 37.8065 2.5
      vertex 59.7952 37.8258 2.5
    endloop
  endfacet
  facet normal -0.130175 0.991491 0
    outer loop
      vertex 59.6482 37.8065 2.5
      vertex 59.7952 37.8258 0
      vertex 59.6482 37.8065 0
    endloop
  endfacet
  facet normal 0.976298 -0.216431 0
    outer loop
      vertex 57.8258 39.7952 2.5
      vertex 57.8579 39.94 0
      vertex 57.8579 39.94 2.5
    endloop
  endfacet
  facet normal 0.976298 -0.216431 0
    outer loop
      vertex 57.8579 39.94 0
      vertex 57.8258 39.7952 2.5
      vertex 57.8258 39.7952 0
    endloop
  endfacet
  facet normal 0.609026 -0.79315 0
    outer loop
      vertex 58.4073 40.8023 0
      vertex 58.5249 40.8926 2.5
      vertex 58.4073 40.8023 2.5
    endloop
  endfacet
  facet normal 0.609026 -0.79315 0
    outer loop
      vertex 58.5249 40.8926 2.5
      vertex 58.4073 40.8023 0
      vertex 58.5249 40.8926 0
    endloop
  endfacet
  facet normal 0.0438175 -0.99904 0
    outer loop
      vertex 59.3518 41.1935 0
      vertex 59.5 41.2 2.5
      vertex 59.3518 41.1935 2.5
    endloop
  endfacet
  facet normal 0.0438175 -0.99904 0
    outer loop
      vertex 59.5 41.2 2.5
      vertex 59.3518 41.1935 0
      vertex 59.5 41.2 0
    endloop
  endfacet
  facet normal 0.609026 0.79315 -0
    outer loop
      vertex 58.5249 38.1074 0
      vertex 58.4073 38.1977 2.5
      vertex 58.5249 38.1074 2.5
    endloop
  endfacet
  facet normal 0.609026 0.79315 0
    outer loop
      vertex 58.4073 38.1977 2.5
      vertex 58.5249 38.1074 0
      vertex 58.4073 38.1977 0
    endloop
  endfacet
  facet normal 0.953685 0.300809 0
    outer loop
      vertex 57.9025 38.9186 2.5
      vertex 57.8579 39.06 0
      vertex 57.8579 39.06 2.5
    endloop
  endfacet
  facet normal 0.953685 0.300809 0
    outer loop
      vertex 57.8579 39.06 0
      vertex 57.9025 38.9186 2.5
      vertex 57.9025 38.9186 0
    endloop
  endfacet
  facet normal 0.382749 -0.923853 0
    outer loop
      vertex 58.7815 41.0407 0
      vertex 58.9186 41.0975 2.5
      vertex 58.7815 41.0407 2.5
    endloop
  endfacet
  facet normal 0.382749 -0.923853 0
    outer loop
      vertex 58.9186 41.0975 2.5
      vertex 58.7815 41.0407 0
      vertex 58.9186 41.0975 0
    endloop
  endfacet
  facet normal 0.99904 -0.0438175 0
    outer loop
      vertex 57.8 39.5 2.5
      vertex 57.8065 39.6482 0
      vertex 57.8065 39.6482 2.5
    endloop
  endfacet
  facet normal 0.99904 -0.0438175 0
    outer loop
      vertex 57.8065 39.6482 0
      vertex 57.8 39.5 2.5
      vertex 57.8 39.5 0
    endloop
  endfacet
  facet normal -0.300809 -0.953685 0
    outer loop
      vertex 59.94 41.1421 0
      vertex 60.0814 41.0975 2.5
      vertex 59.94 41.1421 2.5
    endloop
  endfacet
  facet normal -0.300809 -0.953685 -0
    outer loop
      vertex 60.0814 41.0975 2.5
      vertex 59.94 41.1421 0
      vertex 60.0814 41.0975 0
    endloop
  endfacet
  facet normal 0.300809 -0.953685 0
    outer loop
      vertex 58.9186 41.0975 0
      vertex 59.06 41.1421 2.5
      vertex 58.9186 41.0975 2.5
    endloop
  endfacet
  facet normal 0.300809 -0.953685 0
    outer loop
      vertex 59.06 41.1421 2.5
      vertex 58.9186 41.0975 0
      vertex 59.06 41.1421 0
    endloop
  endfacet
  facet normal -0.923853 -0.382749 0
    outer loop
      vertex 61.0975 40.0814 0
      vertex 61.0407 40.2185 2.5
      vertex 61.0407 40.2185 0
    endloop
  endfacet
  facet normal -0.923853 -0.382749 0
    outer loop
      vertex 61.0407 40.2185 2.5
      vertex 61.0975 40.0814 0
      vertex 61.0975 40.0814 2.5
    endloop
  endfacet
  facet normal -0.300809 0.953685 0
    outer loop
      vertex 60.0814 37.9025 0
      vertex 59.94 37.8579 2.5
      vertex 60.0814 37.9025 2.5
    endloop
  endfacet
  facet normal -0.300809 0.953685 0
    outer loop
      vertex 59.94 37.8579 2.5
      vertex 60.0814 37.9025 0
      vertex 59.94 37.8579 0
    endloop
  endfacet
  facet normal -0.216431 0.976298 0
    outer loop
      vertex 59.94 37.8579 0
      vertex 59.7952 37.8258 2.5
      vertex 59.94 37.8579 2.5
    endloop
  endfacet
  facet normal -0.216431 0.976298 0
    outer loop
      vertex 59.7952 37.8258 2.5
      vertex 59.94 37.8579 0
      vertex 59.7952 37.8258 0
    endloop
  endfacet
  facet normal -0.609026 -0.79315 0
    outer loop
      vertex 60.4751 40.8926 0
      vertex 60.5927 40.8023 2.5
      vertex 60.4751 40.8926 2.5
    endloop
  endfacet
  facet normal -0.609026 -0.79315 -0
    outer loop
      vertex 60.5927 40.8023 2.5
      vertex 60.4751 40.8926 0
      vertex 60.5927 40.8023 0
    endloop
  endfacet
  facet normal 0.46199 0.886885 -0
    outer loop
      vertex 58.7815 37.9593 0
      vertex 58.65 38.0278 2.5
      vertex 58.7815 37.9593 2.5
    endloop
  endfacet
  facet normal 0.46199 0.886885 0
    outer loop
      vertex 58.65 38.0278 2.5
      vertex 58.7815 37.9593 0
      vertex 58.65 38.0278 0
    endloop
  endfacet
  facet normal -0.0438175 -0.99904 0
    outer loop
      vertex 59.5 41.2 0
      vertex 59.6482 41.1935 2.5
      vertex 59.5 41.2 2.5
    endloop
  endfacet
  facet normal -0.0438175 -0.99904 -0
    outer loop
      vertex 59.6482 41.1935 2.5
      vertex 59.5 41.2 0
      vertex 59.6482 41.1935 0
    endloop
  endfacet
  facet normal 0.536832 -0.843689 0
    outer loop
      vertex 58.5249 40.8926 0
      vertex 58.65 40.9722 2.5
      vertex 58.5249 40.8926 2.5
    endloop
  endfacet
  facet normal 0.536832 -0.843689 0
    outer loop
      vertex 58.65 40.9722 2.5
      vertex 58.5249 40.8926 0
      vertex 58.65 40.9722 0
    endloop
  endfacet
  facet normal -0.130175 -0.991491 0
    outer loop
      vertex 59.6482 41.1935 0
      vertex 59.7952 41.1742 2.5
      vertex 59.6482 41.1935 2.5
    endloop
  endfacet
  facet normal -0.130175 -0.991491 -0
    outer loop
      vertex 59.7952 41.1742 2.5
      vertex 59.6482 41.1935 0
      vertex 59.7952 41.1742 0
    endloop
  endfacet
  facet normal -0.79315 0.609026 0
    outer loop
      vertex 60.8023 38.4073 0
      vertex 60.8926 38.5249 2.5
      vertex 60.8926 38.5249 0
    endloop
  endfacet
  facet normal -0.79315 0.609026 0
    outer loop
      vertex 60.8926 38.5249 2.5
      vertex 60.8023 38.4073 0
      vertex 60.8023 38.4073 2.5
    endloop
  endfacet
  facet normal -0.991491 0.130175 0
    outer loop
      vertex 61.1742 39.2048 0
      vertex 61.1935 39.3518 2.5
      vertex 61.1935 39.3518 0
    endloop
  endfacet
  facet normal -0.991491 0.130175 0
    outer loop
      vertex 61.1935 39.3518 2.5
      vertex 61.1742 39.2048 0
      vertex 61.1742 39.2048 2.5
    endloop
  endfacet
  facet normal -0.953685 0.300809 0
    outer loop
      vertex 61.0975 38.9186 0
      vertex 61.1421 39.06 2.5
      vertex 61.1421 39.06 0
    endloop
  endfacet
  facet normal -0.953685 0.300809 0
    outer loop
      vertex 61.1421 39.06 2.5
      vertex 61.0975 38.9186 0
      vertex 61.0975 38.9186 2.5
    endloop
  endfacet
  facet normal -0.382749 -0.923853 0
    outer loop
      vertex 60.0814 41.0975 0
      vertex 60.2185 41.0407 2.5
      vertex 60.0814 41.0975 2.5
    endloop
  endfacet
  facet normal -0.382749 -0.923853 -0
    outer loop
      vertex 60.2185 41.0407 2.5
      vertex 60.0814 41.0975 0
      vertex 60.2185 41.0407 0
    endloop
  endfacet
  facet normal 0.675419 -0.737434 0
    outer loop
      vertex 58.2979 40.7021 0
      vertex 58.4073 40.8023 2.5
      vertex 58.2979 40.7021 2.5
    endloop
  endfacet
  facet normal 0.675419 -0.737434 0
    outer loop
      vertex 58.4073 40.8023 2.5
      vertex 58.2979 40.7021 0
      vertex 58.4073 40.8023 0
    endloop
  endfacet
  facet normal 0.843689 -0.536832 0
    outer loop
      vertex 58.0278 40.35 2.5
      vertex 58.1074 40.4751 0
      vertex 58.1074 40.4751 2.5
    endloop
  endfacet
  facet normal 0.843689 -0.536832 0
    outer loop
      vertex 58.1074 40.4751 0
      vertex 58.0278 40.35 2.5
      vertex 58.0278 40.35 0
    endloop
  endfacet
  facet normal 0.382749 0.923853 -0
    outer loop
      vertex 58.9186 37.9025 0
      vertex 58.7815 37.9593 2.5
      vertex 58.9186 37.9025 2.5
    endloop
  endfacet
  facet normal 0.382749 0.923853 0
    outer loop
      vertex 58.7815 37.9593 2.5
      vertex 58.9186 37.9025 0
      vertex 58.7815 37.9593 0
    endloop
  endfacet
  facet normal -0.46199 0.886885 0
    outer loop
      vertex 60.35 38.0278 0
      vertex 60.2185 37.9593 2.5
      vertex 60.35 38.0278 2.5
    endloop
  endfacet
  facet normal -0.46199 0.886885 0
    outer loop
      vertex 60.2185 37.9593 2.5
      vertex 60.35 38.0278 0
      vertex 60.2185 37.9593 0
    endloop
  endfacet
  facet normal 0.300809 0.953685 -0
    outer loop
      vertex 59.06 37.8579 0
      vertex 58.9186 37.9025 2.5
      vertex 59.06 37.8579 2.5
    endloop
  endfacet
  facet normal 0.300809 0.953685 0
    outer loop
      vertex 58.9186 37.9025 2.5
      vertex 59.06 37.8579 0
      vertex 58.9186 37.9025 0
    endloop
  endfacet
  facet normal -0.976298 0.216431 0
    outer loop
      vertex 61.1421 39.06 0
      vertex 61.1742 39.2048 2.5
      vertex 61.1742 39.2048 0
    endloop
  endfacet
  facet normal -0.976298 0.216431 0
    outer loop
      vertex 61.1742 39.2048 2.5
      vertex 61.1421 39.06 0
      vertex 61.1421 39.06 2.5
    endloop
  endfacet
  facet normal -0.886885 -0.46199 0
    outer loop
      vertex 61.0407 40.2185 0
      vertex 60.9722 40.35 2.5
      vertex 60.9722 40.35 0
    endloop
  endfacet
  facet normal -0.886885 -0.46199 0
    outer loop
      vertex 60.9722 40.35 2.5
      vertex 61.0407 40.2185 0
      vertex 61.0407 40.2185 2.5
    endloop
  endfacet
  facet normal -0.0438175 0.99904 0
    outer loop
      vertex 59.6482 37.8065 0
      vertex 59.5 37.8 2.5
      vertex 59.6482 37.8065 2.5
    endloop
  endfacet
  facet normal -0.0438175 0.99904 0
    outer loop
      vertex 59.5 37.8 2.5
      vertex 59.6482 37.8065 0
      vertex 59.5 37.8 0
    endloop
  endfacet
  facet normal 0.130175 -0.991491 0
    outer loop
      vertex 59.2048 41.1742 0
      vertex 59.3518 41.1935 2.5
      vertex 59.2048 41.1742 2.5
    endloop
  endfacet
  facet normal 0.130175 -0.991491 0
    outer loop
      vertex 59.3518 41.1935 2.5
      vertex 59.2048 41.1742 0
      vertex 59.3518 41.1935 0
    endloop
  endfacet
  facet normal -0.886885 0.46199 0
    outer loop
      vertex 60.9722 38.65 0
      vertex 61.0407 38.7815 2.5
      vertex 61.0407 38.7815 0
    endloop
  endfacet
  facet normal -0.886885 0.46199 0
    outer loop
      vertex 61.0407 38.7815 2.5
      vertex 60.9722 38.65 0
      vertex 60.9722 38.65 2.5
    endloop
  endfacet
  facet normal 0.216431 0.976298 -0
    outer loop
      vertex 59.2048 37.8258 0
      vertex 59.06 37.8579 2.5
      vertex 59.2048 37.8258 2.5
    endloop
  endfacet
  facet normal 0.216431 0.976298 0
    outer loop
      vertex 59.06 37.8579 2.5
      vertex 59.2048 37.8258 0
      vertex 59.06 37.8579 0
    endloop
  endfacet
  facet normal 0.953685 -0.300809 0
    outer loop
      vertex 57.8579 39.94 2.5
      vertex 57.9025 40.0814 0
      vertex 57.9025 40.0814 2.5
    endloop
  endfacet
  facet normal 0.953685 -0.300809 0
    outer loop
      vertex 57.9025 40.0814 0
      vertex 57.8579 39.94 2.5
      vertex 57.8579 39.94 0
    endloop
  endfacet
  facet normal -0.923853 0.382749 0
    outer loop
      vertex 61.0407 38.7815 0
      vertex 61.0975 38.9186 2.5
      vertex 61.0975 38.9186 0
    endloop
  endfacet
  facet normal -0.923853 0.382749 0
    outer loop
      vertex 61.0975 38.9186 2.5
      vertex 61.0407 38.7815 0
      vertex 61.0407 38.7815 2.5
    endloop
  endfacet
  facet normal 0.886885 -0.46199 0
    outer loop
      vertex 57.9593 40.2185 2.5
      vertex 58.0278 40.35 0
      vertex 58.0278 40.35 2.5
    endloop
  endfacet
  facet normal 0.886885 -0.46199 0
    outer loop
      vertex 58.0278 40.35 0
      vertex 57.9593 40.2185 2.5
      vertex 57.9593 40.2185 0
    endloop
  endfacet
  facet normal 0.46199 -0.886885 0
    outer loop
      vertex 58.65 40.9722 0
      vertex 58.7815 41.0407 2.5
      vertex 58.65 40.9722 2.5
    endloop
  endfacet
  facet normal 0.46199 -0.886885 0
    outer loop
      vertex 58.7815 41.0407 2.5
      vertex 58.65 40.9722 0
      vertex 58.7815 41.0407 0
    endloop
  endfacet
  facet normal 0.843689 0.536832 0
    outer loop
      vertex 58.1074 38.5249 2.5
      vertex 58.0278 38.65 0
      vertex 58.0278 38.65 2.5
    endloop
  endfacet
  facet normal 0.843689 0.536832 0
    outer loop
      vertex 58.0278 38.65 0
      vertex 58.1074 38.5249 2.5
      vertex 58.1074 38.5249 0
    endloop
  endfacet
  facet normal 0.991491 -0.130175 0
    outer loop
      vertex 57.8065 39.6482 2.5
      vertex 57.8258 39.7952 0
      vertex 57.8258 39.7952 2.5
    endloop
  endfacet
  facet normal 0.991491 -0.130175 0
    outer loop
      vertex 57.8258 39.7952 0
      vertex 57.8065 39.6482 2.5
      vertex 57.8065 39.6482 0
    endloop
  endfacet
  facet normal 0.737434 -0.675419 0
    outer loop
      vertex 58.1977 40.5927 2.5
      vertex 58.2979 40.7021 0
      vertex 58.2979 40.7021 2.5
    endloop
  endfacet
  facet normal 0.737434 -0.675419 0
    outer loop
      vertex 58.2979 40.7021 0
      vertex 58.1977 40.5927 2.5
      vertex 58.1977 40.5927 0
    endloop
  endfacet
  facet normal 0.886885 0.46199 0
    outer loop
      vertex 58.0278 38.65 2.5
      vertex 57.9593 38.7815 0
      vertex 57.9593 38.7815 2.5
    endloop
  endfacet
  facet normal 0.886885 0.46199 0
    outer loop
      vertex 57.9593 38.7815 0
      vertex 58.0278 38.65 2.5
      vertex 58.0278 38.65 0
    endloop
  endfacet
  facet normal 0.991491 0.130175 0
    outer loop
      vertex 57.8258 39.2048 2.5
      vertex 57.8065 39.3518 0
      vertex 57.8065 39.3518 2.5
    endloop
  endfacet
  facet normal 0.991491 0.130175 0
    outer loop
      vertex 57.8065 39.3518 0
      vertex 57.8258 39.2048 2.5
      vertex 57.8258 39.2048 0
    endloop
  endfacet
  facet normal 0.0438175 0.99904 -0
    outer loop
      vertex 59.5 37.8 0
      vertex 59.3518 37.8065 2.5
      vertex 59.5 37.8 2.5
    endloop
  endfacet
  facet normal 0.0438175 0.99904 0
    outer loop
      vertex 59.3518 37.8065 2.5
      vertex 59.5 37.8 0
      vertex 59.3518 37.8065 0
    endloop
  endfacet
  facet normal 0.675419 0.737434 -0
    outer loop
      vertex 58.4073 38.1977 0
      vertex 58.2979 38.2979 2.5
      vertex 58.4073 38.1977 2.5
    endloop
  endfacet
  facet normal 0.675419 0.737434 0
    outer loop
      vertex 58.2979 38.2979 2.5
      vertex 58.4073 38.1977 0
      vertex 58.2979 38.2979 0
    endloop
  endfacet
  facet normal -0.46199 -0.886885 0
    outer loop
      vertex 60.2185 41.0407 0
      vertex 60.35 40.9722 2.5
      vertex 60.2185 41.0407 2.5
    endloop
  endfacet
  facet normal -0.46199 -0.886885 -0
    outer loop
      vertex 60.35 40.9722 2.5
      vertex 60.2185 41.0407 0
      vertex 60.35 40.9722 0
    endloop
  endfacet
  facet normal -0.536832 0.843689 0
    outer loop
      vertex 60.4751 38.1074 0
      vertex 60.35 38.0278 2.5
      vertex 60.4751 38.1074 2.5
    endloop
  endfacet
  facet normal -0.536832 0.843689 0
    outer loop
      vertex 60.35 38.0278 2.5
      vertex 60.4751 38.1074 0
      vertex 60.35 38.0278 0
    endloop
  endfacet
  facet normal 0.923853 0.382749 0
    outer loop
      vertex 57.9593 38.7815 2.5
      vertex 57.9025 38.9186 0
      vertex 57.9025 38.9186 2.5
    endloop
  endfacet
  facet normal 0.923853 0.382749 0
    outer loop
      vertex 57.9025 38.9186 0
      vertex 57.9593 38.7815 2.5
      vertex 57.9593 38.7815 0
    endloop
  endfacet
  facet normal -0.79315 -0.609026 0
    outer loop
      vertex 60.8926 40.4751 0
      vertex 60.8023 40.5927 2.5
      vertex 60.8023 40.5927 0
    endloop
  endfacet
  facet normal -0.79315 -0.609026 0
    outer loop
      vertex 60.8023 40.5927 2.5
      vertex 60.8926 40.4751 0
      vertex 60.8926 40.4751 2.5
    endloop
  endfacet
  facet normal -0.675419 -0.737434 0
    outer loop
      vertex 60.5927 40.8023 0
      vertex 60.7021 40.7021 2.5
      vertex 60.5927 40.8023 2.5
    endloop
  endfacet
  facet normal -0.675419 -0.737434 -0
    outer loop
      vertex 60.7021 40.7021 2.5
      vertex 60.5927 40.8023 0
      vertex 60.7021 40.7021 0
    endloop
  endfacet
  facet normal 0.923853 -0.382749 0
    outer loop
      vertex 57.9025 40.0814 2.5
      vertex 57.9593 40.2185 0
      vertex 57.9593 40.2185 2.5
    endloop
  endfacet
  facet normal 0.923853 -0.382749 0
    outer loop
      vertex 57.9593 40.2185 0
      vertex 57.9025 40.0814 2.5
      vertex 57.9025 40.0814 0
    endloop
  endfacet
  facet normal -0.536832 -0.843689 0
    outer loop
      vertex 60.35 40.9722 0
      vertex 60.4751 40.8926 2.5
      vertex 60.35 40.9722 2.5
    endloop
  endfacet
  facet normal -0.536832 -0.843689 -0
    outer loop
      vertex 60.4751 40.8926 2.5
      vertex 60.35 40.9722 0
      vertex 60.4751 40.8926 0
    endloop
  endfacet
  facet normal 0.737434 0.675419 0
    outer loop
      vertex 58.2979 38.2979 2.5
      vertex 58.1977 38.4073 0
      vertex 58.1977 38.4073 2.5
    endloop
  endfacet
  facet normal 0.737434 0.675419 0
    outer loop
      vertex 58.1977 38.4073 0
      vertex 58.2979 38.2979 2.5
      vertex 58.2979 38.2979 0
    endloop
  endfacet
  facet normal 0.79315 0.609026 0
    outer loop
      vertex 58.1977 38.4073 2.5
      vertex 58.1074 38.5249 0
      vertex 58.1074 38.5249 2.5
    endloop
  endfacet
  facet normal 0.79315 0.609026 0
    outer loop
      vertex 58.1074 38.5249 0
      vertex 58.1977 38.4073 2.5
      vertex 58.1977 38.4073 0
    endloop
  endfacet
  facet normal -0.609026 0.79315 0
    outer loop
      vertex 60.5927 38.1977 0
      vertex 60.4751 38.1074 2.5
      vertex 60.5927 38.1977 2.5
    endloop
  endfacet
  facet normal -0.609026 0.79315 0
    outer loop
      vertex 60.4751 38.1074 2.5
      vertex 60.5927 38.1977 0
      vertex 60.4751 38.1074 0
    endloop
  endfacet
  facet normal 0.99904 0.0438175 0
    outer loop
      vertex 57.8065 39.3518 2.5
      vertex 57.8 39.5 0
      vertex 57.8 39.5 2.5
    endloop
  endfacet
  facet normal 0.99904 0.0438175 0
    outer loop
      vertex 57.8 39.5 0
      vertex 57.8065 39.3518 2.5
      vertex 57.8065 39.3518 0
    endloop
  endfacet
  facet normal -0.843689 0.536832 0
    outer loop
      vertex 60.8926 38.5249 0
      vertex 60.9722 38.65 2.5
      vertex 60.9722 38.65 0
    endloop
  endfacet
  facet normal -0.843689 0.536832 0
    outer loop
      vertex 60.9722 38.65 2.5
      vertex 60.8926 38.5249 0
      vertex 60.8926 38.5249 2.5
    endloop
  endfacet
  facet normal -0.737434 0.675419 0
    outer loop
      vertex 60.7021 38.2979 0
      vertex 60.8023 38.4073 2.5
      vertex 60.8023 38.4073 0
    endloop
  endfacet
  facet normal -0.737434 0.675419 0
    outer loop
      vertex 60.8023 38.4073 2.5
      vertex 60.7021 38.2979 0
      vertex 60.7021 38.2979 2.5
    endloop
  endfacet
  facet normal -0.216431 -0.976298 0
    outer loop
      vertex 59.7952 41.1742 0
      vertex 59.94 41.1421 2.5
      vertex 59.7952 41.1742 2.5
    endloop
  endfacet
  facet normal -0.216431 -0.976298 -0
    outer loop
      vertex 59.94 41.1421 2.5
      vertex 59.7952 41.1742 0
      vertex 59.94 41.1421 0
    endloop
  endfacet
  facet normal 0.536832 0.843689 -0
    outer loop
      vertex 58.65 38.0278 0
      vertex 58.5249 38.1074 2.5
      vertex 58.65 38.0278 2.5
    endloop
  endfacet
  facet normal 0.536832 0.843689 0
    outer loop
      vertex 58.5249 38.1074 2.5
      vertex 58.65 38.0278 0
      vertex 58.5249 38.1074 0
    endloop
  endfacet
  facet normal 0.130175 0.991491 -0
    outer loop
      vertex 59.3518 37.8065 0
      vertex 59.2048 37.8258 2.5
      vertex 59.3518 37.8065 2.5
    endloop
  endfacet
  facet normal 0.130175 0.991491 0
    outer loop
      vertex 59.2048 37.8258 2.5
      vertex 59.3518 37.8065 0
      vertex 59.2048 37.8258 0
    endloop
  endfacet
  facet normal 0.0435533 -0.999051 0
    outer loop
      vertex 62 -45 0
      vertex 62.2615 -44.9886 2.5
      vertex 62 -45 2.5
    endloop
  endfacet
  facet normal 0.0435533 -0.999051 0
    outer loop
      vertex 62.2615 -44.9886 2.5
      vertex 62 -45 0
      vertex 62.2615 -44.9886 0
    endloop
  endfacet
  facet normal -0.300711 0.953715 0
    outer loop
      vertex -62.7765 44.8978 0
      vertex -63.0261 44.8191 2.5
      vertex -62.7765 44.8978 2.5
    endloop
  endfacet
  facet normal -0.300711 0.953715 0
    outer loop
      vertex -63.0261 44.8191 2.5
      vertex -62.7765 44.8978 0
      vertex -63.0261 44.8191 0
    endloop
  endfacet
  facet normal -0.999051 0.0435533 0
    outer loop
      vertex -65 42 0
      vertex -64.9886 42.2615 2.5
      vertex -64.9886 42.2615 0
    endloop
  endfacet
  facet normal -0.999051 0.0435533 0
    outer loop
      vertex -64.9886 42.2615 2.5
      vertex -65 42 0
      vertex -65 42 2.5
    endloop
  endfacet
  facet normal -1 0 0
    outer loop
      vertex -65 -42 0
      vertex -65 42 2.5
      vertex -65 42 0
    endloop
  endfacet
  facet normal -1 -0 0
    outer loop
      vertex -65 42 2.5
      vertex -65 -42 0
      vertex -65 -42 2.5
    endloop
  endfacet
  facet normal -0.0435533 -0.999051 0
    outer loop
      vertex -62.2615 -44.9886 0
      vertex -62 -45 2.5
      vertex -62.2615 -44.9886 2.5
    endloop
  endfacet
  facet normal -0.0435533 -0.999051 -0
    outer loop
      vertex -62 -45 2.5
      vertex -62.2615 -44.9886 0
      vertex -62 -45 0
    endloop
  endfacet
  facet normal -0.991427 0.130662 0
    outer loop
      vertex -64.9886 42.2615 0
      vertex -64.9544 42.521 2.5
      vertex -64.9544 42.521 0
    endloop
  endfacet
  facet normal -0.991427 0.130662 0
    outer loop
      vertex -64.9544 42.521 2.5
      vertex -64.9886 42.2615 0
      vertex -64.9886 42.2615 2.5
    endloop
  endfacet
  facet normal -0.537296 0.843394 0
    outer loop
      vertex -63.5 44.5981 0
      vertex -63.7207 44.4575 2.5
      vertex -63.5 44.5981 2.5
    endloop
  endfacet
  facet normal -0.537296 0.843394 0
    outer loop
      vertex -63.7207 44.4575 2.5
      vertex -63.5 44.5981 0
      vertex -63.7207 44.4575 0
    endloop
  endfacet
  facet normal 0.300711 -0.953715 0
    outer loop
      vertex 62.7765 -44.8978 0
      vertex 63.0261 -44.8191 2.5
      vertex 62.7765 -44.8978 2.5
    endloop
  endfacet
  facet normal 0.300711 -0.953715 0
    outer loop
      vertex 63.0261 -44.8191 2.5
      vertex 62.7765 -44.8978 0
      vertex 63.0261 -44.8191 0
    endloop
  endfacet
  facet normal 0.0435533 0.999051 -0
    outer loop
      vertex 62.2615 44.9886 0
      vertex 62 45 2.5
      vertex 62.2615 44.9886 2.5
    endloop
  endfacet
  facet normal 0.0435533 0.999051 0
    outer loop
      vertex 62 45 2.5
      vertex 62.2615 44.9886 0
      vertex 62 45 0
    endloop
  endfacet
  facet normal -0.976331 -0.216283 0
    outer loop
      vertex -64.8978 -42.7765 0
      vertex -64.9544 -42.521 2.5
      vertex -64.9544 -42.521 0
    endloop
  endfacet
  facet normal -0.976331 -0.216283 0
    outer loop
      vertex -64.9544 -42.521 2.5
      vertex -64.8978 -42.7765 0
      vertex -64.8978 -42.7765 2.5
    endloop
  endfacet
  facet normal 0 -1 0
    outer loop
      vertex -62 -45 0
      vertex 62 -45 2.5
      vertex -62 -45 2.5
    endloop
  endfacet
  facet normal 0 -1 -0
    outer loop
      vertex 62 -45 2.5
      vertex -62 -45 0
      vertex 62 -45 0
    endloop
  endfacet
  facet normal 0.300711 0.953715 -0
    outer loop
      vertex 63.0261 44.8191 0
      vertex 62.7765 44.8978 2.5
      vertex 63.0261 44.8191 2.5
    endloop
  endfacet
  facet normal 0.300711 0.953715 0
    outer loop
      vertex 62.7765 44.8978 2.5
      vertex 63.0261 44.8191 0
      vertex 62.7765 44.8978 0
    endloop
  endfacet
  facet normal -0.0435533 0.999051 0
    outer loop
      vertex -62 45 0
      vertex -62.2615 44.9886 2.5
      vertex -62 45 2.5
    endloop
  endfacet
  facet normal -0.0435533 0.999051 0
    outer loop
      vertex -62.2615 44.9886 2.5
      vertex -62 45 0
      vertex -62.2615 44.9886 0
    endloop
  endfacet
  facet normal -0.991427 -0.130662 0
    outer loop
      vertex -64.9544 -42.521 0
      vertex -64.9886 -42.2615 2.5
      vertex -64.9886 -42.2615 0
    endloop
  endfacet
  facet normal -0.991427 -0.130662 0
    outer loop
      vertex -64.9886 -42.2615 2.5
      vertex -64.9544 -42.521 0
      vertex -64.9544 -42.521 2.5
    endloop
  endfacet
  facet normal 0.737202 0.675673 0
    outer loop
      vertex 64.2981 43.9284 2.5
      vertex 64.1213 44.1213 0
      vertex 64.1213 44.1213 2.5
    endloop
  endfacet
  facet normal 0.737202 0.675673 0
    outer loop
      vertex 64.1213 44.1213 0
      vertex 64.2981 43.9284 2.5
      vertex 64.2981 43.9284 0
    endloop
  endfacet
  facet normal 0 1 -0
    outer loop
      vertex 62 45 0
      vertex -62 45 2.5
      vertex 62 45 2.5
    endloop
  endfacet
  facet normal 0 1 0
    outer loop
      vertex -62 45 2.5
      vertex 62 45 0
      vertex -62 45 0
    endloop
  endfacet
  facet normal -0.793305 -0.608824 0
    outer loop
      vertex -64.2981 -43.9284 0
      vertex -64.4575 -43.7207 2.5
      vertex -64.4575 -43.7207 0
    endloop
  endfacet
  facet normal -0.793305 -0.608824 0
    outer loop
      vertex -64.4575 -43.7207 2.5
      vertex -64.2981 -43.9284 0
      vertex -64.2981 -43.9284 2.5
    endloop
  endfacet
  facet normal 0.999051 0.0435533 0
    outer loop
      vertex 65 42 2.5
      vertex 64.9886 42.2615 0
      vertex 64.9886 42.2615 2.5
    endloop
  endfacet
  facet normal 0.999051 0.0435533 0
    outer loop
      vertex 64.9886 42.2615 0
      vertex 65 42 2.5
      vertex 65 42 0
    endloop
  endfacet
  facet normal 0.382824 -0.923821 0
    outer loop
      vertex 63.0261 -44.8191 0
      vertex 63.2679 -44.7189 2.5
      vertex 63.0261 -44.8191 2.5
    endloop
  endfacet
  facet normal 0.382824 -0.923821 0
    outer loop
      vertex 63.2679 -44.7189 2.5
      vertex 63.0261 -44.8191 0
      vertex 63.2679 -44.7189 0
    endloop
  endfacet
  facet normal 0.461678 0.887048 -0
    outer loop
      vertex 63.5 44.5981 0
      vertex 63.2679 44.7189 2.5
      vertex 63.5 44.5981 2.5
    endloop
  endfacet
  facet normal 0.461678 0.887048 0
    outer loop
      vertex 63.2679 44.7189 2.5
      vertex 63.5 44.5981 0
      vertex 63.2679 44.7189 0
    endloop
  endfacet
  facet normal 0.843394 0.537296 0
    outer loop
      vertex 64.5981 43.5 2.5
      vertex 64.4575 43.7207 0
      vertex 64.4575 43.7207 2.5
    endloop
  endfacet
  facet normal 0.843394 0.537296 0
    outer loop
      vertex 64.4575 43.7207 0
      vertex 64.5981 43.5 2.5
      vertex 64.5981 43.5 0
    endloop
  endfacet
  facet normal -0.537296 -0.843394 0
    outer loop
      vertex -63.7207 -44.4575 0
      vertex -63.5 -44.5981 2.5
      vertex -63.7207 -44.4575 2.5
    endloop
  endfacet
  facet normal -0.537296 -0.843394 -0
    outer loop
      vertex -63.5 -44.5981 2.5
      vertex -63.7207 -44.4575 0
      vertex -63.5 -44.5981 0
    endloop
  endfacet
  facet normal 0 0 -1
    outer loop
      vertex -57.9593 -38.7815 0
      vertex 57.9593 -38.7815 0
      vertex -57.9025 -38.9186 0
    endloop
  endfacet
  facet normal 0 0 -1
    outer loop
      vertex 58.1074 38.5249 0
      vertex -57.8065 39.3518 0
      vertex -57.8 39.5 0
    endloop
  endfacet
  facet normal 0 0 -1
    outer loop
      vertex 57.9593 -38.7815 0
      vertex -57.9593 -38.7815 0
      vertex 58.0278 -38.65 0
    endloop
  endfacet
  facet normal 0 0 -1
    outer loop
      vertex 58.1074 38.5249 0
      vertex -57.8258 39.2048 0
      vertex -57.8065 39.3518 0
    endloop
  endfacet
  facet normal 0 0 -1
    outer loop
      vertex -58.0278 -38.65 0
      vertex 58.0278 -38.65 0
      vertex -57.9593 -38.7815 0
    endloop
  endfacet
  facet normal 0 0 -1
    outer loop
      vertex 58.1074 38.5249 0
      vertex -57.8579 39.06 0
      vertex -57.8258 39.2048 0
    endloop
  endfacet
  facet normal 0 0 -1
    outer loop
      vertex 58.0278 -38.65 0
      vertex -58.0278 -38.65 0
      vertex 58.1074 -38.5249 0
    endloop
  endfacet
  facet normal 0 0 -1
    outer loop
      vertex 58.1074 38.5249 0
      vertex -57.9025 38.9186 0
      vertex -57.8579 39.06 0
    endloop
  endfacet
  facet normal 0 0 -1
    outer loop
      vertex -58.1074 -38.5249 0
      vertex 58.1074 -38.5249 0
      vertex -58.0278 -38.65 0
    endloop
  endfacet
  facet normal 0 0 -1
    outer loop
      vertex 58.1074 38.5249 0
      vertex -57.9593 38.7815 0
      vertex -57.9025 38.9186 0
    endloop
  endfacet
  facet normal 0 0 -1
    outer loop
      vertex 58.1074 -38.5249 0
      vertex -58.1074 -38.5249 0
      vertex 58.1074 38.5249 0
    endloop
  endfacet
  facet normal 0 0 -1
    outer loop
      vertex 58.1074 38.5249 0
      vertex -58.0278 38.65 0
      vertex -57.9593 38.7815 0
    endloop
  endfacet
  facet normal 0 0 -1
    outer loop
      vertex -58.1074 38.5249 0
      vertex 58.1074 38.5249 0
      vertex -58.1074 -38.5249 0
    endloop
  endfacet
  facet normal 0 0 -1
    outer loop
      vertex 58.1074 38.5249 0
      vertex -58.1074 38.5249 0
      vertex -58.0278 38.65 0
    endloop
  endfacet
  facet normal 0 0 -1
    outer loop
      vertex -58.1977 -38.4073 0
      vertex -58.1074 38.5249 0
      vertex -58.1074 -38.5249 0
    endloop
  endfacet
  facet normal 0 0 -1
    outer loop
      vertex -58.1977 -38.4073 0
      vertex -58.1977 38.4073 0
      vertex -58.1074 38.5249 0
    endloop
  endfacet
  facet normal 0 0 -1
    outer loop
      vertex -58.2979 -38.2979 0
      vertex -58.1977 38.4073 0
      vertex -58.1977 -38.4073 0
    endloop
  endfacet
  facet normal 0 0 -1
    outer loop
      vertex -58.2979 -38.2979 0
      vertex -58.2979 38.2979 0
      vertex -58.1977 38.4073 0
    endloop
  endfacet
  facet normal 0 0 -1
    outer loop
      vertex -58.4073 -38.1977 0
      vertex -58.2979 38.2979 0
      vertex -58.2979 -38.2979 0
    endloop
  endfacet
  facet normal 0 0 -1
    outer loop
      vertex -58.4073 -38.1977 0
      vertex -58.4073 38.1977 0
      vertex -58.2979 38.2979 0
    endloop
  endfacet
  facet normal 0 0 -1
    outer loop
      vertex -58.5249 -38.1074 0
      vertex -58.4073 38.1977 0
      vertex -58.4073 -38.1977 0
    endloop
  endfacet
  facet normal 0 0 -1
    outer loop
      vertex -58.5249 -38.1074 0
      vertex -58.5249 38.1074 0
      vertex -58.4073 38.1977 0
    endloop
  endfacet
  facet normal 0 0 -1
    outer loop
      vertex -58.65 -38.0278 0
      vertex -58.5249 38.1074 0
      vertex -58.5249 -38.1074 0
    endloop
  endfacet
  facet normal 0 0 -1
    outer loop
      vertex -58.65 -38.0278 0
      vertex -58.65 38.0278 0
      vertex -58.5249 38.1074 0
    endloop
  endfacet
  facet normal 0 0 -1
    outer loop
      vertex -58.7815 -37.9593 0
      vertex -58.65 38.0278 0
      vertex -58.65 -38.0278 0
    endloop
  endfacet
  facet normal 0 0 -1
    outer loop
      vertex -58.7815 -37.9593 0
      vertex -58.7815 37.9593 0
      vertex -58.65 38.0278 0
    endloop
  endfacet
  facet normal 0 0 -1
    outer loop
      vertex -58.9186 -37.9025 0
      vertex -58.7815 37.9593 0
      vertex -58.7815 -37.9593 0
    endloop
  endfacet
  facet normal 0 0 -1
    outer loop
      vertex -58.9186 -37.9025 0
      vertex -58.9186 37.9025 0
      vertex -58.7815 37.9593 0
    endloop
  endfacet
  facet normal 0 0 -1
    outer loop
      vertex -59.06 -37.8579 0
      vertex -58.9186 37.9025 0
      vertex -58.9186 -37.9025 0
    endloop
  endfacet
  facet normal 0 0 -1
    outer loop
      vertex -59.06 -37.8579 0
      vertex -59.06 37.8579 0
      vertex -58.9186 37.9025 0
    endloop
  endfacet
  facet normal 0 0 -1
    outer loop
      vertex -59.2048 -37.8258 0
      vertex -59.06 37.8579 0
      vertex -59.06 -37.8579 0
    endloop
  endfacet
  facet normal 0 0 -1
    outer loop
      vertex -59.2048 -37.8258 0
      vertex -59.2048 37.8258 0
      vertex -59.06 37.8579 0
    endloop
  endfacet
  facet normal 0 0 -1
    outer loop
      vertex -59.3518 -37.8065 0
      vertex -59.2048 37.8258 0
      vertex -59.2048 -37.8258 0
    endloop
  endfacet
  facet normal 0 0 -1
    outer loop
      vertex -59.3518 -37.8065 0
      vertex -59.3518 37.8065 0
      vertex -59.2048 37.8258 0
    endloop
  endfacet
  facet normal 0 0 -1
    outer loop
      vertex -59.5 -37.8 0
      vertex -59.3518 37.8065 0
      vertex -59.3518 -37.8065 0
    endloop
  endfacet
  facet normal 0 0 -1
    outer loop
      vertex -59.5 -37.8 0
      vertex -59.5 37.8 0
      vertex -59.3518 37.8065 0
    endloop
  endfacet
  facet normal 0 0 -1
    outer loop
      vertex -59.6482 -37.8065 0
      vertex -59.5 37.8 0
      vertex -59.5 -37.8 0
    endloop
  endfacet
  facet normal 0 0 -1
    outer loop
      vertex -59.6482 -37.8065 0
      vertex -59.6482 37.8065 0
      vertex -59.5 37.8 0
    endloop
  endfacet
  facet normal 0 0 -1
    outer loop
      vertex -59.7952 -37.8258 0
      vertex -59.6482 37.8065 0
      vertex -59.6482 -37.8065 0
    endloop
  endfacet
  facet normal 0 0 -1
    outer loop
      vertex -59.7952 -37.8258 0
      vertex -59.7952 37.8258 0
      vertex -59.6482 37.8065 0
    endloop
  endfacet
  facet normal 0 0 -1
    outer loop
      vertex -59.94 -37.8579 0
      vertex -59.7952 37.8258 0
      vertex -59.7952 -37.8258 0
    endloop
  endfacet
  facet normal 0 0 -1
    outer loop
      vertex -59.94 -37.8579 0
      vertex -59.94 37.8579 0
      vertex -59.7952 37.8258 0
    endloop
  endfacet
  facet normal 0 0 -1
    outer loop
      vertex -60.0814 -37.9025 0
      vertex -59.94 37.8579 0
      vertex -59.94 -37.8579 0
    endloop
  endfacet
  facet normal 0 0 -1
    outer loop
      vertex -60.0814 -37.9025 0
      vertex -60.0814 37.9025 0
      vertex -59.94 37.8579 0
    endloop
  endfacet
  facet normal 0 0 -1
    outer loop
      vertex -60.2185 -37.9593 0
      vertex -60.0814 37.9025 0
      vertex -60.0814 -37.9025 0
    endloop
  endfacet
  facet normal 0 0 -1
    outer loop
      vertex -60.2185 -37.9593 0
      vertex -60.2185 37.9593 0
      vertex -60.0814 37.9025 0
    endloop
  endfacet
  facet normal 0 0 -1
    outer loop
      vertex -60.35 -38.0278 0
      vertex -60.2185 37.9593 0
      vertex -60.2185 -37.9593 0
    endloop
  endfacet
  facet normal 0 0 -1
    outer loop
      vertex -60.35 -38.0278 0
      vertex -60.35 38.0278 0
      vertex -60.2185 37.9593 0
    endloop
  endfacet
  facet normal 0 0 -1
    outer loop
      vertex -60.4751 -38.1074 0
      vertex -60.35 38.0278 0
      vertex -60.35 -38.0278 0
    endloop
  endfacet
  facet normal 0 0 -1
    outer loop
      vertex -60.4751 -38.1074 0
      vertex -60.4751 38.1074 0
      vertex -60.35 38.0278 0
    endloop
  endfacet
  facet normal 0 0 -1
    outer loop
      vertex -60.5927 -38.1977 0
      vertex -60.4751 38.1074 0
      vertex -60.4751 -38.1074 0
    endloop
  endfacet
  facet normal 0 0 -1
    outer loop
      vertex -60.5927 -38.1977 0
      vertex -60.5927 38.1977 0
      vertex -60.4751 38.1074 0
    endloop
  endfacet
  facet normal 0 0 -1
    outer loop
      vertex -60.7021 -38.2979 0
      vertex -60.5927 38.1977 0
      vertex -60.5927 -38.1977 0
    endloop
  endfacet
  facet normal 0 0 -1
    outer loop
      vertex -60.7021 -38.2979 0
      vertex -60.7021 38.2979 0
      vertex -60.5927 38.1977 0
    endloop
  endfacet
  facet normal 0 0 -1
    outer loop
      vertex -65 -42 0
      vertex -60.7021 -38.2979 0
      vertex -60.8023 -38.4073 0
    endloop
  endfacet
  facet normal -0 0 -1
    outer loop
      vertex -60.7021 -38.2979 0
      vertex -65 -42 0
      vertex -60.7021 38.2979 0
    endloop
  endfacet
  facet normal 0 0 -1
    outer loop
      vertex -65 -42 0
      vertex -60.8023 -38.4073 0
      vertex -60.8926 -38.5249 0
    endloop
  endfacet
  facet normal 0 0 -1
    outer loop
      vertex -65 42 0
      vertex -60.7021 38.2979 0
      vertex -65 -42 0
    endloop
  endfacet
  facet normal 0 0 -1
    outer loop
      vertex -65 -42 0
      vertex -60.8926 -38.5249 0
      vertex -60.9722 -38.65 0
    endloop
  endfacet
  facet normal 0 0 -1
    outer loop
      vertex -60.7021 38.2979 0
      vertex -65 42 0
      vertex -60.8023 38.4073 0
    endloop
  endfacet
  facet normal 0 0 -1
    outer loop
      vertex -65 -42 0
      vertex -60.9722 -38.65 0
      vertex -61.0407 -38.7815 0
    endloop
  endfacet
  facet normal 0 0 -1
    outer loop
      vertex -60.8023 38.4073 0
      vertex -65 42 0
      vertex -60.8926 38.5249 0
    endloop
  endfacet
  facet normal 0 0 -1
    outer loop
      vertex -65 -42 0
      vertex -61.0407 -38.7815 0
      vertex -61.0975 -38.9186 0
    endloop
  endfacet
  facet normal 0 0 -1
    outer loop
      vertex -60.8926 38.5249 0
      vertex -65 42 0
      vertex -60.9722 38.65 0
    endloop
  endfacet
  facet normal 0 0 -1
    outer loop
      vertex -65 -42 0
      vertex -61.0975 -38.9186 0
      vertex -61.1421 -39.06 0
    endloop
  endfacet
  facet normal 0 0 -1
    outer loop
      vertex -60.9722 38.65 0
      vertex -65 42 0
      vertex -61.0407 38.7815 0
    endloop
  endfacet
  facet normal 0 0 -1
    outer loop
      vertex -65 -42 0
      vertex -61.1421 -39.06 0
      vertex -61.1742 -39.2048 0
    endloop
  endfacet
  facet normal 0 0 -1
    outer loop
      vertex -61.0407 38.7815 0
      vertex -65 42 0
      vertex -61.0975 38.9186 0
    endloop
  endfacet
  facet normal 0 0 -1
    outer loop
      vertex -65 -42 0
      vertex -61.1742 -39.2048 0
      vertex -61.1935 -39.3518 0
    endloop
  endfacet
  facet normal 0 0 -1
    outer loop
      vertex -61.0975 38.9186 0
      vertex -65 42 0
      vertex -61.1421 39.06 0
    endloop
  endfacet
  facet normal 0 0 -1
    outer loop
      vertex -65 -42 0
      vertex -61.1935 -39.3518 0
      vertex -61.2 -39.5 0
    endloop
  endfacet
  facet normal 0 0 -1
    outer loop
      vertex -61.1421 39.06 0
      vertex -65 42 0
      vertex -61.1742 39.2048 0
    endloop
  endfacet
  facet normal 0 0 -1
    outer loop
      vertex 61.1421 -39.06 0
      vertex 65 -42 0
      vertex 61.1742 -39.2048 0
    endloop
  endfacet
  facet normal 0 0 -1
    outer loop
      vertex 65 42 0
      vertex 61.1935 39.3518 0
      vertex 61.2 39.5 0
    endloop
  endfacet
  facet normal 0 0 -1
    outer loop
      vertex 61.0975 -38.9186 0
      vertex 65 -42 0
      vertex 61.1421 -39.06 0
    endloop
  endfacet
  facet normal 0 0 -1
    outer loop
      vertex 65 42 0
      vertex 61.1742 39.2048 0
      vertex 61.1935 39.3518 0
    endloop
  endfacet
  facet normal 0 0 -1
    outer loop
      vertex 61.0407 -38.7815 0
      vertex 65 -42 0
      vertex 61.0975 -38.9186 0
    endloop
  endfacet
  facet normal 0 0 -1
    outer loop
      vertex 65 42 0
      vertex 61.1421 39.06 0
      vertex 61.1742 39.2048 0
    endloop
  endfacet
  facet normal 0 0 -1
    outer loop
      vertex 60.9722 -38.65 0
      vertex 65 -42 0
      vertex 61.0407 -38.7815 0
    endloop
  endfacet
  facet normal 0 0 -1
    outer loop
      vertex 65 42 0
      vertex 61.0975 38.9186 0
      vertex 61.1421 39.06 0
    endloop
  endfacet
  facet normal 0 0 -1
    outer loop
      vertex 60.8926 -38.5249 0
      vertex 65 -42 0
      vertex 60.9722 -38.65 0
    endloop
  endfacet
  facet normal 0 0 -1
    outer loop
      vertex 65 42 0
      vertex 61.0407 38.7815 0
      vertex 61.0975 38.9186 0
    endloop
  endfacet
  facet normal 0 0 -1
    outer loop
      vertex 60.8023 -38.4073 0
      vertex 65 -42 0
      vertex 60.8926 -38.5249 0
    endloop
  endfacet
  facet normal 0 0 -1
    outer loop
      vertex 65 42 0
      vertex 60.9722 38.65 0
      vertex 61.0407 38.7815 0
    endloop
  endfacet
  facet normal 0 0 -1
    outer loop
      vertex 60.7021 -38.2979 0
      vertex 65 -42 0
      vertex 60.8023 -38.4073 0
    endloop
  endfacet
  facet normal 0 0 -1
    outer loop
      vertex 65 42 0
      vertex 60.8926 38.5249 0
      vertex 60.9722 38.65 0
    endloop
  endfacet
  facet normal 0 0 -1
    outer loop
      vertex 65 -42 0
      vertex 60.7021 -38.2979 0
      vertex 65 42 0
    endloop
  endfacet
  facet normal 0 0 -1
    outer loop
      vertex 65 42 0
      vertex 60.8023 38.4073 0
      vertex 60.8926 38.5249 0
    endloop
  endfacet
  facet normal 0 0 -1
    outer loop
      vertex 60.7021 38.2979 0
      vertex 65 42 0
      vertex 60.7021 -38.2979 0
    endloop
  endfacet
  facet normal 0 0 -1
    outer loop
      vertex 65 42 0
      vertex 60.7021 38.2979 0
      vertex 60.8023 38.4073 0
    endloop
  endfacet
  facet normal 0 0 -1
    outer loop
      vertex 60.5927 -38.1977 0
      vertex 60.7021 38.2979 0
      vertex 60.7021 -38.2979 0
    endloop
  endfacet
  facet normal 0 0 -1
    outer loop
      vertex 60.5927 -38.1977 0
      vertex 60.5927 38.1977 0
      vertex 60.7021 38.2979 0
    endloop
  endfacet
  facet normal 0 0 -1
    outer loop
      vertex 60.4751 -38.1074 0
      vertex 60.5927 38.1977 0
      vertex 60.5927 -38.1977 0
    endloop
  endfacet
  facet normal 0 0 -1
    outer loop
      vertex 60.4751 -38.1074 0
      vertex 60.4751 38.1074 0
      vertex 60.5927 38.1977 0
    endloop
  endfacet
  facet normal 0 0 -1
    outer loop
      vertex 60.35 -38.0278 0
      vertex 60.4751 38.1074 0
      vertex 60.4751 -38.1074 0
    endloop
  endfacet
  facet normal 0 0 -1
    outer loop
      vertex 60.35 -38.0278 0
      vertex 60.35 38.0278 0
      vertex 60.4751 38.1074 0
    endloop
  endfacet
  facet normal 0 0 -1
    outer loop
      vertex 60.2185 -37.9593 0
      vertex 60.35 38.0278 0
      vertex 60.35 -38.0278 0
    endloop
  endfacet
  facet normal 0 0 -1
    outer loop
      vertex 60.2185 -37.9593 0
      vertex 60.2185 37.9593 0
      vertex 60.35 38.0278 0
    endloop
  endfacet
  facet normal 0 0 -1
    outer loop
      vertex 60.0814 -37.9025 0
      vertex 60.2185 37.9593 0
      vertex 60.2185 -37.9593 0
    endloop
  endfacet
  facet normal 0 0 -1
    outer loop
      vertex 60.0814 -37.9025 0
      vertex 60.0814 37.9025 0
      vertex 60.2185 37.9593 0
    endloop
  endfacet
  facet normal 0 0 -1
    outer loop
      vertex 59.94 -37.8579 0
      vertex 60.0814 37.9025 0
      vertex 60.0814 -37.9025 0
    endloop
  endfacet
  facet normal 0 0 -1
    outer loop
      vertex 59.94 -37.8579 0
      vertex 59.94 37.8579 0
      vertex 60.0814 37.9025 0
    endloop
  endfacet
  facet normal 0 0 -1
    outer loop
      vertex 59.7952 -37.8258 0
      vertex 59.94 37.8579 0
      vertex 59.94 -37.8579 0
    endloop
  endfacet
  facet normal 0 0 -1
    outer loop
      vertex 59.7952 -37.8258 0
      vertex 59.7952 37.8258 0
      vertex 59.94 37.8579 0
    endloop
  endfacet
  facet normal 0 0 -1
    outer loop
      vertex 59.6482 -37.8065 0
      vertex 59.7952 37.8258 0
      vertex 59.7952 -37.8258 0
    endloop
  endfacet
  facet normal 0 0 -1
    outer loop
      vertex 59.6482 -37.8065 0
      vertex 59.6482 37.8065 0
      vertex 59.7952 37.8258 0
    endloop
  endfacet
  facet normal 0 0 -1
    outer loop
      vertex 59.5 -37.8 0
      vertex 59.6482 37.8065 0
      vertex 59.6482 -37.8065 0
    endloop
  endfacet
  facet normal 0 0 -1
    outer loop
      vertex 59.5 -37.8 0
      vertex 59.5 37.8 0
      vertex 59.6482 37.8065 0
    endloop
  endfacet
  facet normal 0 0 -1
    outer loop
      vertex 59.3518 -37.8065 0
      vertex 59.5 37.8 0
      vertex 59.5 -37.8 0
    endloop
  endfacet
  facet normal 0 0 -1
    outer loop
      vertex 59.3518 -37.8065 0
      vertex 59.3518 37.8065 0
      vertex 59.5 37.8 0
    endloop
  endfacet
  facet normal 0 0 -1
    outer loop
      vertex 59.2048 -37.8258 0
      vertex 59.3518 37.8065 0
      vertex 59.3518 -37.8065 0
    endloop
  endfacet
  facet normal 0 0 -1
    outer loop
      vertex 59.2048 -37.8258 0
      vertex 59.2048 37.8258 0
      vertex 59.3518 37.8065 0
    endloop
  endfacet
  facet normal 0 0 -1
    outer loop
      vertex 59.06 -37.8579 0
      vertex 59.2048 37.8258 0
      vertex 59.2048 -37.8258 0
    endloop
  endfacet
  facet normal 0 0 -1
    outer loop
      vertex 59.06 -37.8579 0
      vertex 59.06 37.8579 0
      vertex 59.2048 37.8258 0
    endloop
  endfacet
  facet normal 0 0 -1
    outer loop
      vertex 58.9186 -37.9025 0
      vertex 59.06 37.8579 0
      vertex 59.06 -37.8579 0
    endloop
  endfacet
  facet normal 0 0 -1
    outer loop
      vertex 58.9186 -37.9025 0
      vertex 58.9186 37.9025 0
      vertex 59.06 37.8579 0
    endloop
  endfacet
  facet normal 0 0 -1
    outer loop
      vertex 58.7815 -37.9593 0
      vertex 58.9186 37.9025 0
      vertex 58.9186 -37.9025 0
    endloop
  endfacet
  facet normal 0 0 -1
    outer loop
      vertex 58.7815 -37.9593 0
      vertex 58.7815 37.9593 0
      vertex 58.9186 37.9025 0
    endloop
  endfacet
  facet normal 0 0 -1
    outer loop
      vertex 58.65 -38.0278 0
      vertex 58.7815 37.9593 0
      vertex 58.7815 -37.9593 0
    endloop
  endfacet
  facet normal 0 0 -1
    outer loop
      vertex 58.65 -38.0278 0
      vertex 58.65 38.0278 0
      vertex 58.7815 37.9593 0
    endloop
  endfacet
  facet normal 0 0 -1
    outer loop
      vertex 58.5249 -38.1074 0
      vertex 58.65 38.0278 0
      vertex 58.65 -38.0278 0
    endloop
  endfacet
  facet normal 0 0 -1
    outer loop
      vertex 58.5249 -38.1074 0
      vertex 58.5249 38.1074 0
      vertex 58.65 38.0278 0
    endloop
  endfacet
  facet normal 0 0 -1
    outer loop
      vertex 58.4073 -38.1977 0
      vertex 58.5249 38.1074 0
      vertex 58.5249 -38.1074 0
    endloop
  endfacet
  facet normal 0 0 -1
    outer loop
      vertex 58.4073 -38.1977 0
      vertex 58.4073 38.1977 0
      vertex 58.5249 38.1074 0
    endloop
  endfacet
  facet normal 0 0 -1
    outer loop
      vertex 58.2979 -38.2979 0
      vertex 58.4073 38.1977 0
      vertex 58.4073 -38.1977 0
    endloop
  endfacet
  facet normal 0 0 -1
    outer loop
      vertex 58.2979 -38.2979 0
      vertex 58.2979 38.2979 0
      vertex 58.4073 38.1977 0
    endloop
  endfacet
  facet normal 0 0 -1
    outer loop
      vertex 58.1977 -38.4073 0
      vertex 58.2979 38.2979 0
      vertex 58.2979 -38.2979 0
    endloop
  endfacet
  facet normal 0 0 -1
    outer loop
      vertex 58.1977 -38.4073 0
      vertex 58.1977 38.4073 0
      vertex 58.2979 38.2979 0
    endloop
  endfacet
  facet normal 0 0 -1
    outer loop
      vertex 58.1074 -38.5249 0
      vertex 58.1977 38.4073 0
      vertex 58.1977 -38.4073 0
    endloop
  endfacet
  facet normal 0 0 -1
    outer loop
      vertex 58.1074 -38.5249 0
      vertex 58.1074 38.5249 0
      vertex 58.1977 38.4073 0
    endloop
  endfacet
  facet normal 0 0 -1
    outer loop
      vertex 57.8579 -39.06 0
      vertex -57.8579 -39.06 0
      vertex 57.9025 -38.9186 0
    endloop
  endfacet
  facet normal 0 0 -1
    outer loop
      vertex -57.9025 -38.9186 0
      vertex 57.9025 -38.9186 0
      vertex -57.8579 -39.06 0
    endloop
  endfacet
  facet normal 0 0 -1
    outer loop
      vertex -57.8579 -39.06 0
      vertex 57.8579 -39.06 0
      vertex -57.8258 -39.2048 0
    endloop
  endfacet
  facet normal 0 0 -1
    outer loop
      vertex 57.9025 -38.9186 0
      vertex -57.9025 -38.9186 0
      vertex 57.9593 -38.7815 0
    endloop
  endfacet
  facet normal 0 0 -1
    outer loop
      vertex 57.8258 -39.2048 0
      vertex -57.8258 -39.2048 0
      vertex 57.8579 -39.06 0
    endloop
  endfacet
  facet normal 0 0 -1
    outer loop
      vertex 58.1074 38.5249 0
      vertex -57.8 39.5 0
      vertex 58.0278 38.65 0
    endloop
  endfacet
  facet normal 0 0 -1
    outer loop
      vertex -57.8258 -39.2048 0
      vertex 57.8258 -39.2048 0
      vertex -57.8065 -39.3518 0
    endloop
  endfacet
  facet normal 0 0 -1
    outer loop
      vertex 58.0278 38.65 0
      vertex -57.8 39.5 0
      vertex 57.9593 38.7815 0
    endloop
  endfacet
  facet normal 0 0 -1
    outer loop
      vertex 57.8065 -39.3518 0
      vertex -57.8065 -39.3518 0
      vertex 57.8258 -39.2048 0
    endloop
  endfacet
  facet normal 0 0 -1
    outer loop
      vertex 57.9593 38.7815 0
      vertex -57.8 39.5 0
      vertex 57.9025 38.9186 0
    endloop
  endfacet
  facet normal 0 0 -1
    outer loop
      vertex -57.8065 -39.3518 0
      vertex 57.8065 -39.3518 0
      vertex -57.8 -39.5 0
    endloop
  endfacet
  facet normal 0 0 -1
    outer loop
      vertex 57.9025 38.9186 0
      vertex -57.8 39.5 0
      vertex 57.8579 39.06 0
    endloop
  endfacet
  facet normal 0 0 -1
    outer loop
      vertex -57.8 -39.5 0
      vertex 57.8065 -39.3518 0
      vertex 57.8 -39.5 0
    endloop
  endfacet
  facet normal 0 0 -1
    outer loop
      vertex 57.8579 39.06 0
      vertex -57.8 39.5 0
      vertex 57.8258 39.2048 0
    endloop
  endfacet
  facet normal 0 0 -1
    outer loop
      vertex 60.8023 -40.5927 0
      vertex 65 -42 0
      vertex 64.9886 -42.2615 0
    endloop
  endfacet
  facet normal 0 0 -1
    outer loop
      vertex 61.1935 -39.3518 0
      vertex 65 -42 0
      vertex 61.2 -39.5 0
    endloop
  endfacet
  facet normal 0 0 -1
    outer loop
      vertex 60.8023 -40.5927 0
      vertex 64.9886 -42.2615 0
      vertex 64.9544 -42.521 0
    endloop
  endfacet
  facet normal 0 0 -1
    outer loop
      vertex 61.1742 -39.2048 0
      vertex 65 -42 0
      vertex 61.1935 -39.3518 0
    endloop
  endfacet
  facet normal 0 0 -1
    outer loop
      vertex 60.8023 -40.5927 0
      vertex 64.9544 -42.521 0
      vertex 64.8978 -42.7765 0
    endloop
  endfacet
  facet normal 0 0 -1
    outer loop
      vertex 61.1935 39.6482 0
      vertex 65 42 0
      vertex 61.2 39.5 0
    endloop
  endfacet
  facet normal 0 0 -1
    outer loop
      vertex 60.8023 -40.5927 0
      vertex 64.8978 -42.7765 0
      vertex 64.8191 -43.0261 0
    endloop
  endfacet
  facet normal 0 0 -1
    outer loop
      vertex 61.1742 39.7952 0
      vertex 65 42 0
      vertex 61.1935 39.6482 0
    endloop
  endfacet
  facet normal 0 0 -1
    outer loop
      vertex 60.8023 -40.5927 0
      vertex 64.8191 -43.0261 0
      vertex 64.7189 -43.2679 0
    endloop
  endfacet
  facet normal 0 0 -1
    outer loop
      vertex 61.1421 39.94 0
      vertex 65 42 0
      vertex 61.1742 39.7952 0
    endloop
  endfacet
  facet normal 0 0 -1
    outer loop
      vertex 60.8023 -40.5927 0
      vertex 64.7189 -43.2679 0
      vertex 64.5981 -43.5 0
    endloop
  endfacet
  facet normal 0 0 -1
    outer loop
      vertex 61.0975 40.0814 0
      vertex 65 42 0
      vertex 61.1421 39.94 0
    endloop
  endfacet
  facet normal 0 0 -1
    outer loop
      vertex 60.7021 -40.7021 0
      vertex 64.5981 -43.5 0
      vertex 64.4575 -43.7207 0
    endloop
  endfacet
  facet normal 0 0 -1
    outer loop
      vertex 61.0407 40.2185 0
      vertex 65 42 0
      vertex 61.0975 40.0814 0
    endloop
  endfacet
  facet normal 0 0 -1
    outer loop
      vertex 60.7021 -40.7021 0
      vertex 64.4575 -43.7207 0
      vertex 64.2981 -43.9284 0
    endloop
  endfacet
  facet normal 0 0 -1
    outer loop
      vertex 60.9722 40.35 0
      vertex 65 42 0
      vertex 61.0407 40.2185 0
    endloop
  endfacet
  facet normal 0 0 -1
    outer loop
      vertex 60.7021 -40.7021 0
      vertex 64.2981 -43.9284 0
      vertex 64.1213 -44.1213 0
    endloop
  endfacet
  facet normal 0 0 -1
    outer loop
      vertex 60.8926 40.4751 0
      vertex 65 42 0
      vertex 60.9722 40.35 0
    endloop
  endfacet
  facet normal 0 0 -1
    outer loop
      vertex 60.7021 -40.7021 0
      vertex 64.1213 -44.1213 0
      vertex 63.9284 -44.2981 0
    endloop
  endfacet
  facet normal 0 0 -1
    outer loop
      vertex 60.8023 40.5927 0
      vertex 65 42 0
      vertex 60.8926 40.4751 0
    endloop
  endfacet
  facet normal 0 0 -1
    outer loop
      vertex 60.7021 -40.7021 0
      vertex 63.9284 -44.2981 0
      vertex 63.7207 -44.4575 0
    endloop
  endfacet
  facet normal -0 0 -1
    outer loop
      vertex 65 42 0
      vertex 60.8023 40.5927 0
      vertex 64.9886 42.2615 0
    endloop
  endfacet
  facet normal 0 0 -1
    outer loop
      vertex 60.7021 -40.7021 0
      vertex 63.7207 -44.4575 0
      vertex 63.5 -44.5981 0
    endloop
  endfacet
  facet normal -0 0 -1
    outer loop
      vertex 64.9886 42.2615 0
      vertex 60.8023 40.5927 0
      vertex 64.9544 42.521 0
    endloop
  endfacet
  facet normal 0 0 -1
    outer loop
      vertex 60.7021 -40.7021 0
      vertex 63.5 -44.5981 0
      vertex 63.2679 -44.7189 0
    endloop
  endfacet
  facet normal -0 0 -1
    outer loop
      vertex 64.9544 42.521 0
      vertex 60.8023 40.5927 0
      vertex 64.8978 42.7765 0
    endloop
  endfacet
  facet normal 0 0 -1
    outer loop
      vertex 60.5927 -40.8023 0
      vertex 63.2679 -44.7189 0
      vertex 63.0261 -44.8191 0
    endloop
  endfacet
  facet normal -0 0 -1
    outer loop
      vertex 64.8978 42.7765 0
      vertex 60.8023 40.5927 0
      vertex 64.8191 43.0261 0
    endloop
  endfacet
  facet normal 0 0 -1
    outer loop
      vertex 60.5927 -40.8023 0
      vertex 63.0261 -44.8191 0
      vertex 62.7765 -44.8978 0
    endloop
  endfacet
  facet normal -0 0 -1
    outer loop
      vertex 64.8191 43.0261 0
      vertex 60.8023 40.5927 0
      vertex 64.7189 43.2679 0
    endloop
  endfacet
  facet normal 0 0 -1
    outer loop
      vertex 60.5927 -40.8023 0
      vertex 62.7765 -44.8978 0
      vertex 62.521 -44.9544 0
    endloop
  endfacet
  facet normal -0 0 -1
    outer loop
      vertex 64.7189 43.2679 0
      vertex 60.8023 40.5927 0
      vertex 64.5981 43.5 0
    endloop
  endfacet
  facet normal 0 0 -1
    outer loop
      vertex 60.5927 -40.8023 0
      vertex 62.521 -44.9544 0
      vertex 62.2615 -44.9886 0
    endloop
  endfacet
  facet normal 0 0 -1
    outer loop
      vertex 60.7021 40.7021 0
      vertex 64.5981 43.5 0
      vertex 60.8023 40.5927 0
    endloop
  endfacet
  facet normal 0 0 -1
    outer loop
      vertex 60.5927 -40.8023 0
      vertex 62.2615 -44.9886 0
      vertex 62 -45 0
    endloop
  endfacet
  facet normal -0 0 -1
    outer loop
      vertex 64.5981 43.5 0
      vertex 60.7021 40.7021 0
      vertex 64.4575 43.7207 0
    endloop
  endfacet
  facet normal -0 0 -1
    outer loop
      vertex 64.4575 43.7207 0
      vertex 60.7021 40.7021 0
      vertex 64.2981 43.9284 0
    endloop
  endfacet
  facet normal 0 0 -1
    outer loop
      vertex 65 -42 0
      vertex 61.1935 -39.6482 0
      vertex 61.2 -39.5 0
    endloop
  endfacet
  facet normal 0 0 -1
    outer loop
      vertex 65 -42 0
      vertex 61.1742 -39.7952 0
      vertex 61.1935 -39.6482 0
    endloop
  endfacet
  facet normal 0 0 -1
    outer loop
      vertex 65 -42 0
      vertex 61.1421 -39.94 0
      vertex 61.1742 -39.7952 0
    endloop
  endfacet
  facet normal 0 0 -1
    outer loop
      vertex 65 -42 0
      vertex 61.0975 -40.0814 0
      vertex 61.1421 -39.94 0
    endloop
  endfacet
  facet normal 0 0 -1
    outer loop
      vertex 65 -42 0
      vertex 61.0407 -40.2185 0
      vertex 61.0975 -40.0814 0
    endloop
  endfacet
  facet normal 0 0 -1
    outer loop
      vertex 65 -42 0
      vertex 60.9722 -40.35 0
      vertex 61.0407 -40.2185 0
    endloop
  endfacet
  facet normal 0 0 -1
    outer loop
      vertex 65 -42 0
      vertex 60.8926 -40.4751 0
      vertex 60.9722 -40.35 0
    endloop
  endfacet
  facet normal 0 0 -1
    outer loop
      vertex 65 -42 0
      vertex 60.8023 -40.5927 0
      vertex 60.8926 -40.4751 0
    endloop
  endfacet
  facet normal 0 0 -1
    outer loop
      vertex 64.5981 -43.5 0
      vertex 60.7021 -40.7021 0
      vertex 60.8023 -40.5927 0
    endloop
  endfacet
  facet normal 0 0 -1
    outer loop
      vertex 63.2679 -44.7189 0
      vertex 60.5927 -40.8023 0
      vertex 60.7021 -40.7021 0
    endloop
  endfacet
  facet normal 0 0 -1
    outer loop
      vertex 62 -45 0
      vertex 60.4751 -40.8926 0
      vertex 60.5927 -40.8023 0
    endloop
  endfacet
  facet normal 0 0 -1
    outer loop
      vertex 62 -45 0
      vertex 60.35 -40.9722 0
      vertex 60.4751 -40.8926 0
    endloop
  endfacet
  facet normal 0 0 -1
    outer loop
      vertex 62 -45 0
      vertex 60.2185 -41.0407 0
      vertex 60.35 -40.9722 0
    endloop
  endfacet
  facet normal 0 0 -1
    outer loop
      vertex 62 -45 0
      vertex 60.0814 -41.0975 0
      vertex 60.2185 -41.0407 0
    endloop
  endfacet
  facet normal 0 0 -1
    outer loop
      vertex 62 -45 0
      vertex 59.94 -41.1421 0
      vertex 60.0814 -41.0975 0
    endloop
  endfacet
  facet normal 0 0 -1
    outer loop
      vertex 62 -45 0
      vertex 59.7952 -41.1742 0
      vertex 59.94 -41.1421 0
    endloop
  endfacet
  facet normal 0 0 -1
    outer loop
      vertex 62 -45 0
      vertex 59.6482 -41.1935 0
      vertex 59.7952 -41.1742 0
    endloop
  endfacet
  facet normal 0 0 -1
    outer loop
      vertex 62 -45 0
      vertex 59.5 -41.2 0
      vertex 59.6482 -41.1935 0
    endloop
  endfacet
  facet normal 0 0 -1
    outer loop
      vertex 62 -45 0
      vertex 59.3518 -41.1935 0
      vertex 59.5 -41.2 0
    endloop
  endfacet
  facet normal 0 0 -1
    outer loop
      vertex 62 -45 0
      vertex 59.2048 -41.1742 0
      vertex 59.3518 -41.1935 0
    endloop
  endfacet
  facet normal 0 0 -1
    outer loop
      vertex 62 -45 0
      vertex 59.06 -41.1421 0
      vertex 59.2048 -41.1742 0
    endloop
  endfacet
  facet normal 0 0 -1
    outer loop
      vertex 62 -45 0
      vertex 58.9186 -41.0975 0
      vertex 59.06 -41.1421 0
    endloop
  endfacet
  facet normal 0 0 -1
    outer loop
      vertex 62 -45 0
      vertex 58.7815 -41.0407 0
      vertex 58.9186 -41.0975 0
    endloop
  endfacet
  facet normal 0 0 -1
    outer loop
      vertex 62 -45 0
      vertex 58.65 -40.9722 0
      vertex 58.7815 -41.0407 0
    endloop
  endfacet
  facet normal 0 0 -1
    outer loop
      vertex 62 -45 0
      vertex 58.5249 -40.8926 0
      vertex 58.65 -40.9722 0
    endloop
  endfacet
  facet normal 0 0 -1
    outer loop
      vertex 62 -45 0
      vertex 58.4073 -40.8023 0
      vertex 58.5249 -40.8926 0
    endloop
  endfacet
  facet normal 0 0 -1
    outer loop
      vertex 62 -45 0
      vertex 58.2979 -40.7021 0
      vertex 58.4073 -40.8023 0
    endloop
  endfacet
  facet normal 0 0 -1
    outer loop
      vertex 62 -45 0
      vertex 58.1977 -40.5927 0
      vertex 58.2979 -40.7021 0
    endloop
  endfacet
  facet normal 0 0 -1
    outer loop
      vertex 57.8258 39.2048 0
      vertex -57.8 39.5 0
      vertex 57.8065 39.3518 0
    endloop
  endfacet
  facet normal 0 0 -1
    outer loop
      vertex 57.8065 -39.6482 0
      vertex -57.8 -39.5 0
      vertex 57.8 -39.5 0
    endloop
  endfacet
  facet normal 0 0 -1
    outer loop
      vertex -57.8065 -39.6482 0
      vertex 57.8065 -39.6482 0
      vertex 57.8258 -39.7952 0
    endloop
  endfacet
  facet normal 0 0 -1
    outer loop
      vertex -57.8258 -39.7952 0
      vertex 57.8258 -39.7952 0
      vertex 57.8579 -39.94 0
    endloop
  endfacet
  facet normal 0 0 -1
    outer loop
      vertex -57.8579 -39.94 0
      vertex 57.8579 -39.94 0
      vertex 57.9025 -40.0814 0
    endloop
  endfacet
  facet normal 0 0 -1
    outer loop
      vertex -57.9025 -40.0814 0
      vertex 57.9025 -40.0814 0
      vertex 57.9593 -40.2185 0
    endloop
  endfacet
  facet normal 0 0 -1
    outer loop
      vertex -57.9593 -40.2185 0
      vertex 57.9593 -40.2185 0
      vertex 58.0278 -40.35 0
    endloop
  endfacet
  facet normal 0 0 -1
    outer loop
      vertex -58.0278 -40.35 0
      vertex 58.0278 -40.35 0
      vertex 58.1074 -40.4751 0
    endloop
  endfacet
  facet normal 0 0 -1
    outer loop
      vertex -58.1074 -40.4751 0
      vertex 58.1074 -40.4751 0
      vertex 58.1977 -40.5927 0
    endloop
  endfacet
  facet normal 0 0 -1
    outer loop
      vertex -58.1977 -40.5927 0
      vertex 58.1977 -40.5927 0
      vertex 62 -45 0
    endloop
  endfacet
  facet normal 0 0 -1
    outer loop
      vertex 57.8065 -39.6482 0
      vertex -57.8065 -39.6482 0
      vertex -57.8 -39.5 0
    endloop
  endfacet
  facet normal 0 0 -1
    outer loop
      vertex 57.8258 -39.7952 0
      vertex -57.8258 -39.7952 0
      vertex -57.8065 -39.6482 0
    endloop
  endfacet
  facet normal 0 0 -1
    outer loop
      vertex 57.8579 -39.94 0
      vertex -57.8579 -39.94 0
      vertex -57.8258 -39.7952 0
    endloop
  endfacet
  facet normal 0 0 -1
    outer loop
      vertex 57.9025 -40.0814 0
      vertex -57.9025 -40.0814 0
      vertex -57.8579 -39.94 0
    endloop
  endfacet
  facet normal 0 0 -1
    outer loop
      vertex 57.9593 -40.2185 0
      vertex -57.9593 -40.2185 0
      vertex -57.9025 -40.0814 0
    endloop
  endfacet
  facet normal 0 0 -1
    outer loop
      vertex 58.0278 -40.35 0
      vertex -58.0278 -40.35 0
      vertex -57.9593 -40.2185 0
    endloop
  endfacet
  facet normal 0 0 -1
    outer loop
      vertex 58.1074 -40.4751 0
      vertex -58.1074 -40.4751 0
      vertex -58.0278 -40.35 0
    endloop
  endfacet
  facet normal 0 0 -1
    outer loop
      vertex 58.1977 -40.5927 0
      vertex -58.1977 -40.5927 0
      vertex -58.1074 -40.4751 0
    endloop
  endfacet
  facet normal 0 0 -1
    outer loop
      vertex 62 -45 0
      vertex -58.2979 -40.7021 0
      vertex -58.1977 -40.5927 0
    endloop
  endfacet
  facet normal 0 0 -1
    outer loop
      vertex -62 -45 0
      vertex -58.2979 -40.7021 0
      vertex 62 -45 0
    endloop
  endfacet
  facet normal 0 0 -1
    outer loop
      vertex -58.2979 -40.7021 0
      vertex -62 -45 0
      vertex -58.4073 -40.8023 0
    endloop
  endfacet
  facet normal 0 0 -1
    outer loop
      vertex -58.4073 -40.8023 0
      vertex -62 -45 0
      vertex -58.5249 -40.8926 0
    endloop
  endfacet
  facet normal 0 0 -1
    outer loop
      vertex -58.5249 -40.8926 0
      vertex -62 -45 0
      vertex -58.65 -40.9722 0
    endloop
  endfacet
  facet normal 0 0 -1
    outer loop
      vertex -58.65 -40.9722 0
      vertex -62 -45 0
      vertex -58.7815 -41.0407 0
    endloop
  endfacet
  facet normal 0 0 -1
    outer loop
      vertex -58.7815 -41.0407 0
      vertex -62 -45 0
      vertex -58.9186 -41.0975 0
    endloop
  endfacet
  facet normal 0 0 -1
    outer loop
      vertex -58.9186 -41.0975 0
      vertex -62 -45 0
      vertex -59.06 -41.1421 0
    endloop
  endfacet
  facet normal 0 0 -1
    outer loop
      vertex -59.06 -41.1421 0
      vertex -62 -45 0
      vertex -59.2048 -41.1742 0
    endloop
  endfacet
  facet normal 0 0 -1
    outer loop
      vertex -59.2048 -41.1742 0
      vertex -62 -45 0
      vertex -59.3518 -41.1935 0
    endloop
  endfacet
  facet normal 0 0 -1
    outer loop
      vertex -64.2981 -43.9284 0
      vertex -60.7021 -40.7021 0
      vertex -64.1213 -44.1213 0
    endloop
  endfacet
  facet normal 0 0 -1
    outer loop
      vertex -64.1213 -44.1213 0
      vertex -60.7021 -40.7021 0
      vertex -63.9284 -44.2981 0
    endloop
  endfacet
  facet normal 0 0 -1
    outer loop
      vertex -63.9284 -44.2981 0
      vertex -60.7021 -40.7021 0
      vertex -63.7207 -44.4575 0
    endloop
  endfacet
  facet normal 0 0 -1
    outer loop
      vertex -63.7207 -44.4575 0
      vertex -60.7021 -40.7021 0
      vertex -63.5 -44.5981 0
    endloop
  endfacet
  facet normal 0 0 -1
    outer loop
      vertex -63.5 -44.5981 0
      vertex -60.7021 -40.7021 0
      vertex -63.2679 -44.7189 0
    endloop
  endfacet
  facet normal -0 0 -1
    outer loop
      vertex -60.5927 -40.8023 0
      vertex -63.2679 -44.7189 0
      vertex -60.7021 -40.7021 0
    endloop
  endfacet
  facet normal 0 0 -1
    outer loop
      vertex -63.2679 -44.7189 0
      vertex -60.5927 -40.8023 0
      vertex -63.0261 -44.8191 0
    endloop
  endfacet
  facet normal 0 0 -1
    outer loop
      vertex -63.0261 -44.8191 0
      vertex -60.5927 -40.8023 0
      vertex -62.7765 -44.8978 0
    endloop
  endfacet
  facet normal 0 0 -1
    outer loop
      vertex -62.7765 -44.8978 0
      vertex -60.5927 -40.8023 0
      vertex -62.521 -44.9544 0
    endloop
  endfacet
  facet normal 0 0 -1
    outer loop
      vertex -62.521 -44.9544 0
      vertex -60.5927 -40.8023 0
      vertex -62.2615 -44.9886 0
    endloop
  endfacet
  facet normal 0 0 -1
    outer loop
      vertex -62.2615 -44.9886 0
      vertex -60.5927 -40.8023 0
      vertex -62 -45 0
    endloop
  endfacet
  facet normal -0 0 -1
    outer loop
      vertex -60.4751 -40.8926 0
      vertex -62 -45 0
      vertex -60.5927 -40.8023 0
    endloop
  endfacet
  facet normal -0 0 -1
    outer loop
      vertex -60.35 -40.9722 0
      vertex -62 -45 0
      vertex -60.4751 -40.8926 0
    endloop
  endfacet
  facet normal -0 0 -1
    outer loop
      vertex -60.2185 -41.0407 0
      vertex -62 -45 0
      vertex -60.35 -40.9722 0
    endloop
  endfacet
  facet normal -0 0 -1
    outer loop
      vertex -60.0814 -41.0975 0
      vertex -62 -45 0
      vertex -60.2185 -41.0407 0
    endloop
  endfacet
  facet normal -0 0 -1
    outer loop
      vertex -59.94 -41.1421 0
      vertex -62 -45 0
      vertex -60.0814 -41.0975 0
    endloop
  endfacet
  facet normal -0 0 -1
    outer loop
      vertex -59.7952 -41.1742 0
      vertex -62 -45 0
      vertex -59.94 -41.1421 0
    endloop
  endfacet
  facet normal -0 0 -1
    outer loop
      vertex -59.6482 -41.1935 0
      vertex -62 -45 0
      vertex -59.7952 -41.1742 0
    endloop
  endfacet
  facet normal -0 0 -1
    outer loop
      vertex -59.5 -41.2 0
      vertex -62 -45 0
      vertex -59.6482 -41.1935 0
    endloop
  endfacet
  facet normal 0 0 -1
    outer loop
      vertex -59.3518 -41.1935 0
      vertex -62 -45 0
      vertex -59.5 -41.2 0
    endloop
  endfacet
  facet normal -0 0 -1
    outer loop
      vertex 64.2981 43.9284 0
      vertex 60.7021 40.7021 0
      vertex 64.1213 44.1213 0
    endloop
  endfacet
  facet normal -0 0 -1
    outer loop
      vertex 64.1213 44.1213 0
      vertex 60.7021 40.7021 0
      vertex 63.9284 44.2981 0
    endloop
  endfacet
  facet normal -0 0 -1
    outer loop
      vertex 63.9284 44.2981 0
      vertex 60.7021 40.7021 0
      vertex 63.7207 44.4575 0
    endloop
  endfacet
  facet normal -0 0 -1
    outer loop
      vertex 63.7207 44.4575 0
      vertex 60.7021 40.7021 0
      vertex 63.5 44.5981 0
    endloop
  endfacet
  facet normal -0 0 -1
    outer loop
      vertex 63.5 44.5981 0
      vertex 60.7021 40.7021 0
      vertex 63.2679 44.7189 0
    endloop
  endfacet
  facet normal 0 0 -1
    outer loop
      vertex 60.5927 40.8023 0
      vertex 63.2679 44.7189 0
      vertex 60.7021 40.7021 0
    endloop
  endfacet
  facet normal -0 0 -1
    outer loop
      vertex 63.2679 44.7189 0
      vertex 60.5927 40.8023 0
      vertex 63.0261 44.8191 0
    endloop
  endfacet
  facet normal -0 0 -1
    outer loop
      vertex 63.0261 44.8191 0
      vertex 60.5927 40.8023 0
      vertex 62.7765 44.8978 0
    endloop
  endfacet
  facet normal -0 0 -1
    outer loop
      vertex 62.7765 44.8978 0
      vertex 60.5927 40.8023 0
      vertex 62.521 44.9544 0
    endloop
  endfacet
  facet normal -0 0 -1
    outer loop
      vertex 62.521 44.9544 0
      vertex 60.5927 40.8023 0
      vertex 62.2615 44.9886 0
    endloop
  endfacet
  facet normal -0 0 -1
    outer loop
      vertex 62.2615 44.9886 0
      vertex 60.5927 40.8023 0
      vertex 62 45 0
    endloop
  endfacet
  facet normal 0 0 -1
    outer loop
      vertex 60.4751 40.8926 0
      vertex 62 45 0
      vertex 60.5927 40.8023 0
    endloop
  endfacet
  facet normal 0 0 -1
    outer loop
      vertex 60.35 40.9722 0
      vertex 62 45 0
      vertex 60.4751 40.8926 0
    endloop
  endfacet
  facet normal 0 0 -1
    outer loop
      vertex 60.2185 41.0407 0
      vertex 62 45 0
      vertex 60.35 40.9722 0
    endloop
  endfacet
  facet normal 0 0 -1
    outer loop
      vertex 60.0814 41.0975 0
      vertex 62 45 0
      vertex 60.2185 41.0407 0
    endloop
  endfacet
  facet normal 0 0 -1
    outer loop
      vertex 59.94 41.1421 0
      vertex 62 45 0
      vertex 60.0814 41.0975 0
    endloop
  endfacet
  facet normal 0 0 -1
    outer loop
      vertex 59.7952 41.1742 0
      vertex 62 45 0
      vertex 59.94 41.1421 0
    endloop
  endfacet
  facet normal 0 0 -1
    outer loop
      vertex 59.6482 41.1935 0
      vertex 62 45 0
      vertex 59.7952 41.1742 0
    endloop
  endfacet
  facet normal 0 0 -1
    outer loop
      vertex 59.5 41.2 0
      vertex 62 45 0
      vertex 59.6482 41.1935 0
    endloop
  endfacet
  facet normal 0 0 -1
    outer loop
      vertex 59.3518 41.1935 0
      vertex 62 45 0
      vertex 59.5 41.2 0
    endloop
  endfacet
  facet normal 0 0 -1
    outer loop
      vertex 59.2048 41.1742 0
      vertex 62 45 0
      vertex 59.3518 41.1935 0
    endloop
  endfacet
  facet normal 0 0 -1
    outer loop
      vertex 59.06 41.1421 0
      vertex 62 45 0
      vertex 59.2048 41.1742 0
    endloop
  endfacet
  facet normal 0 0 -1
    outer loop
      vertex 58.9186 41.0975 0
      vertex 62 45 0
      vertex 59.06 41.1421 0
    endloop
  endfacet
  facet normal 0 0 -1
    outer loop
      vertex 58.7815 41.0407 0
      vertex 62 45 0
      vertex 58.9186 41.0975 0
    endloop
  endfacet
  facet normal 0 0 -1
    outer loop
      vertex 58.65 40.9722 0
      vertex 62 45 0
      vertex 58.7815 41.0407 0
    endloop
  endfacet
  facet normal 0 0 -1
    outer loop
      vertex 58.5249 40.8926 0
      vertex 62 45 0
      vertex 58.65 40.9722 0
    endloop
  endfacet
  facet normal 0 0 -1
    outer loop
      vertex 58.4073 40.8023 0
      vertex 62 45 0
      vertex 58.5249 40.8926 0
    endloop
  endfacet
  facet normal 0 0 -1
    outer loop
      vertex 58.2979 40.7021 0
      vertex 62 45 0
      vertex 58.4073 40.8023 0
    endloop
  endfacet
  facet normal 0 0 -1
    outer loop
      vertex 58.1977 40.5927 0
      vertex 62 45 0
      vertex 58.2979 40.7021 0
    endloop
  endfacet
  facet normal 0 0 -1
    outer loop
      vertex 57.8065 39.3518 0
      vertex -57.8 39.5 0
      vertex 57.8 39.5 0
    endloop
  endfacet
  facet normal 0 0 -1
    outer loop
      vertex 57.8 39.5 0
      vertex -57.8 39.5 0
      vertex 57.8065 39.6482 0
    endloop
  endfacet
  facet normal 0 0 -1
    outer loop
      vertex -57.8065 39.6482 0
      vertex 57.8065 39.6482 0
      vertex -57.8 39.5 0
    endloop
  endfacet
  facet normal 0 0 -1
    outer loop
      vertex 57.8065 39.6482 0
      vertex -57.8065 39.6482 0
      vertex 57.8258 39.7952 0
    endloop
  endfacet
  facet normal 0 0 -1
    outer loop
      vertex -57.8258 39.7952 0
      vertex 57.8258 39.7952 0
      vertex -57.8065 39.6482 0
    endloop
  endfacet
  facet normal 0 0 -1
    outer loop
      vertex 57.8258 39.7952 0
      vertex -57.8258 39.7952 0
      vertex 57.8579 39.94 0
    endloop
  endfacet
  facet normal 0 0 -1
    outer loop
      vertex -57.8579 39.94 0
      vertex 57.8579 39.94 0
      vertex -57.8258 39.7952 0
    endloop
  endfacet
  facet normal 0 0 -1
    outer loop
      vertex 57.8579 39.94 0
      vertex -57.8579 39.94 0
      vertex 57.9025 40.0814 0
    endloop
  endfacet
  facet normal 0 0 -1
    outer loop
      vertex -57.9025 40.0814 0
      vertex 57.9025 40.0814 0
      vertex -57.8579 39.94 0
    endloop
  endfacet
  facet normal 0 0 -1
    outer loop
      vertex 57.9025 40.0814 0
      vertex -57.9025 40.0814 0
      vertex 57.9593 40.2185 0
    endloop
  endfacet
  facet normal 0 0 -1
    outer loop
      vertex -57.9593 40.2185 0
      vertex 57.9593 40.2185 0
      vertex -57.9025 40.0814 0
    endloop
  endfacet
  facet normal 0 0 -1
    outer loop
      vertex 57.9593 40.2185 0
      vertex -57.9593 40.2185 0
      vertex 58.0278 40.35 0
    endloop
  endfacet
  facet normal 0 0 -1
    outer loop
      vertex -58.0278 40.35 0
      vertex 58.0278 40.35 0
      vertex -57.9593 40.2185 0
    endloop
  endfacet
  facet normal 0 0 -1
    outer loop
      vertex 58.0278 40.35 0
      vertex -58.0278 40.35 0
      vertex 58.1074 40.4751 0
    endloop
  endfacet
  facet normal 0 0 -1
    outer loop
      vertex -58.1074 40.4751 0
      vertex 58.1074 40.4751 0
      vertex -58.0278 40.35 0
    endloop
  endfacet
  facet normal 0 0 -1
    outer loop
      vertex 58.1074 40.4751 0
      vertex -58.1074 40.4751 0
      vertex 58.1977 40.5927 0
    endloop
  endfacet
  facet normal 0 0 -1
    outer loop
      vertex -58.1977 40.5927 0
      vertex 58.1977 40.5927 0
      vertex -58.1074 40.4751 0
    endloop
  endfacet
  facet normal 0 0 -1
    outer loop
      vertex 58.1977 40.5927 0
      vertex -58.1977 40.5927 0
      vertex 62 45 0
    endloop
  endfacet
  facet normal 0 0 -1
    outer loop
      vertex -58.2979 40.7021 0
      vertex 62 45 0
      vertex -58.1977 40.5927 0
    endloop
  endfacet
  facet normal 0 0 -1
    outer loop
      vertex -62 45 0
      vertex -58.2979 40.7021 0
      vertex -58.4073 40.8023 0
    endloop
  endfacet
  facet normal 0 0 -1
    outer loop
      vertex -62 45 0
      vertex -58.4073 40.8023 0
      vertex -58.5249 40.8926 0
    endloop
  endfacet
  facet normal 0 0 -1
    outer loop
      vertex -62 45 0
      vertex -58.5249 40.8926 0
      vertex -58.65 40.9722 0
    endloop
  endfacet
  facet normal 0 0 -1
    outer loop
      vertex -62 45 0
      vertex -58.65 40.9722 0
      vertex -58.7815 41.0407 0
    endloop
  endfacet
  facet normal 0 0 -1
    outer loop
      vertex -62 45 0
      vertex -58.7815 41.0407 0
      vertex -58.9186 41.0975 0
    endloop
  endfacet
  facet normal 0 0 -1
    outer loop
      vertex -62 45 0
      vertex -58.9186 41.0975 0
      vertex -59.06 41.1421 0
    endloop
  endfacet
  facet normal 0 0 -1
    outer loop
      vertex -62 45 0
      vertex -59.06 41.1421 0
      vertex -59.2048 41.1742 0
    endloop
  endfacet
  facet normal 0 0 -1
    outer loop
      vertex -62 45 0
      vertex -59.2048 41.1742 0
      vertex -59.3518 41.1935 0
    endloop
  endfacet
  facet normal 0 0 -1
    outer loop
      vertex -62 45 0
      vertex -59.3518 41.1935 0
      vertex -59.5 41.2 0
    endloop
  endfacet
  facet normal 0 0 -1
    outer loop
      vertex -58.2979 40.7021 0
      vertex -62 45 0
      vertex 62 45 0
    endloop
  endfacet
  facet normal 0 0 -1
    outer loop
      vertex -59.6482 41.1935 0
      vertex -62 45 0
      vertex -59.5 41.2 0
    endloop
  endfacet
  facet normal 0 0 -1
    outer loop
      vertex -59.7952 41.1742 0
      vertex -62 45 0
      vertex -59.6482 41.1935 0
    endloop
  endfacet
  facet normal 0 0 -1
    outer loop
      vertex -59.94 41.1421 0
      vertex -62 45 0
      vertex -59.7952 41.1742 0
    endloop
  endfacet
  facet normal 0 0 -1
    outer loop
      vertex -60.0814 41.0975 0
      vertex -62 45 0
      vertex -59.94 41.1421 0
    endloop
  endfacet
  facet normal 0 0 -1
    outer loop
      vertex -60.2185 41.0407 0
      vertex -62 45 0
      vertex -60.0814 41.0975 0
    endloop
  endfacet
  facet normal 0 0 -1
    outer loop
      vertex -60.35 40.9722 0
      vertex -62 45 0
      vertex -60.2185 41.0407 0
    endloop
  endfacet
  facet normal 0 0 -1
    outer loop
      vertex -60.4751 40.8926 0
      vertex -62 45 0
      vertex -60.35 40.9722 0
    endloop
  endfacet
  facet normal 0 0 -1
    outer loop
      vertex -60.5927 40.8023 0
      vertex -62 45 0
      vertex -60.4751 40.8926 0
    endloop
  endfacet
  facet normal 0 0 -1
    outer loop
      vertex -63.2679 44.7189 0
      vertex -60.5927 40.8023 0
      vertex -60.7021 40.7021 0
    endloop
  endfacet
  facet normal 0 0 -1
    outer loop
      vertex -64.5981 43.5 0
      vertex -60.7021 40.7021 0
      vertex -60.8023 40.5927 0
    endloop
  endfacet
  facet normal 0 0 -1
    outer loop
      vertex -65 42 0
      vertex -60.8023 40.5927 0
      vertex -60.8926 40.4751 0
    endloop
  endfacet
  facet normal 0 0 -1
    outer loop
      vertex -65 42 0
      vertex -60.8926 40.4751 0
      vertex -60.9722 40.35 0
    endloop
  endfacet
  facet normal 0 0 -1
    outer loop
      vertex -65 42 0
      vertex -60.9722 40.35 0
      vertex -61.0407 40.2185 0
    endloop
  endfacet
  facet normal 0 0 -1
    outer loop
      vertex -65 42 0
      vertex -61.0407 40.2185 0
      vertex -61.0975 40.0814 0
    endloop
  endfacet
  facet normal 0 0 -1
    outer loop
      vertex -65 42 0
      vertex -61.0975 40.0814 0
      vertex -61.1421 39.94 0
    endloop
  endfacet
  facet normal 0 0 -1
    outer loop
      vertex -65 42 0
      vertex -61.1421 39.94 0
      vertex -61.1742 39.7952 0
    endloop
  endfacet
  facet normal 0 0 -1
    outer loop
      vertex -65 42 0
      vertex -61.1742 39.7952 0
      vertex -61.1935 39.6482 0
    endloop
  endfacet
  facet normal 0 0 -1
    outer loop
      vertex -65 42 0
      vertex -61.1935 39.6482 0
      vertex -61.2 39.5 0
    endloop
  endfacet
  facet normal 0 0 -1
    outer loop
      vertex -61.1742 39.2048 0
      vertex -65 42 0
      vertex -61.1935 39.3518 0
    endloop
  endfacet
  facet normal 0 0 -1
    outer loop
      vertex -64.4575 -43.7207 0
      vertex -60.7021 -40.7021 0
      vertex -64.2981 -43.9284 0
    endloop
  endfacet
  facet normal 0 0 -1
    outer loop
      vertex -61.1935 39.3518 0
      vertex -65 42 0
      vertex -61.2 39.5 0
    endloop
  endfacet
  facet normal 0 0 -1
    outer loop
      vertex -64.5981 -43.5 0
      vertex -60.7021 -40.7021 0
      vertex -64.4575 -43.7207 0
    endloop
  endfacet
  facet normal 0 0 -1
    outer loop
      vertex -60.8023 40.5927 0
      vertex -65 42 0
      vertex -64.9886 42.2615 0
    endloop
  endfacet
  facet normal -0 0 -1
    outer loop
      vertex -60.7021 -40.7021 0
      vertex -64.5981 -43.5 0
      vertex -60.8023 -40.5927 0
    endloop
  endfacet
  facet normal 0 0 -1
    outer loop
      vertex -60.5927 40.8023 0
      vertex -62.2615 44.9886 0
      vertex -62 45 0
    endloop
  endfacet
  facet normal 0 0 -1
    outer loop
      vertex -64.7189 -43.2679 0
      vertex -60.8023 -40.5927 0
      vertex -64.5981 -43.5 0
    endloop
  endfacet
  facet normal 0 0 -1
    outer loop
      vertex -60.5927 40.8023 0
      vertex -62.521 44.9544 0
      vertex -62.2615 44.9886 0
    endloop
  endfacet
  facet normal 0 0 -1
    outer loop
      vertex -64.8191 -43.0261 0
      vertex -60.8023 -40.5927 0
      vertex -64.7189 -43.2679 0
    endloop
  endfacet
  facet normal 0 0 -1
    outer loop
      vertex -60.5927 40.8023 0
      vertex -62.7765 44.8978 0
      vertex -62.521 44.9544 0
    endloop
  endfacet
  facet normal 0 0 -1
    outer loop
      vertex -64.8978 -42.7765 0
      vertex -60.8023 -40.5927 0
      vertex -64.8191 -43.0261 0
    endloop
  endfacet
  facet normal 0 0 -1
    outer loop
      vertex -60.5927 40.8023 0
      vertex -63.0261 44.8191 0
      vertex -62.7765 44.8978 0
    endloop
  endfacet
  facet normal 0 0 -1
    outer loop
      vertex -64.9544 -42.521 0
      vertex -60.8023 -40.5927 0
      vertex -64.8978 -42.7765 0
    endloop
  endfacet
  facet normal 0 0 -1
    outer loop
      vertex -60.5927 40.8023 0
      vertex -63.2679 44.7189 0
      vertex -63.0261 44.8191 0
    endloop
  endfacet
  facet normal 0 0 -1
    outer loop
      vertex -64.9886 -42.2615 0
      vertex -60.8023 -40.5927 0
      vertex -64.9544 -42.521 0
    endloop
  endfacet
  facet normal 0 0 -1
    outer loop
      vertex -60.7021 40.7021 0
      vertex -63.5 44.5981 0
      vertex -63.2679 44.7189 0
    endloop
  endfacet
  facet normal 0 0 -1
    outer loop
      vertex -65 -42 0
      vertex -60.8023 -40.5927 0
      vertex -64.9886 -42.2615 0
    endloop
  endfacet
  facet normal 0 0 -1
    outer loop
      vertex -60.7021 40.7021 0
      vertex -63.7207 44.4575 0
      vertex -63.5 44.5981 0
    endloop
  endfacet
  facet normal -0 0 -1
    outer loop
      vertex -60.8023 -40.5927 0
      vertex -65 -42 0
      vertex -60.8926 -40.4751 0
    endloop
  endfacet
  facet normal 0 0 -1
    outer loop
      vertex -60.7021 40.7021 0
      vertex -63.9284 44.2981 0
      vertex -63.7207 44.4575 0
    endloop
  endfacet
  facet normal -0 0 -1
    outer loop
      vertex -60.8926 -40.4751 0
      vertex -65 -42 0
      vertex -60.9722 -40.35 0
    endloop
  endfacet
  facet normal 0 0 -1
    outer loop
      vertex -60.7021 40.7021 0
      vertex -64.1213 44.1213 0
      vertex -63.9284 44.2981 0
    endloop
  endfacet
  facet normal -0 0 -1
    outer loop
      vertex -60.9722 -40.35 0
      vertex -65 -42 0
      vertex -61.0407 -40.2185 0
    endloop
  endfacet
  facet normal 0 0 -1
    outer loop
      vertex -60.7021 40.7021 0
      vertex -64.2981 43.9284 0
      vertex -64.1213 44.1213 0
    endloop
  endfacet
  facet normal -0 0 -1
    outer loop
      vertex -61.0407 -40.2185 0
      vertex -65 -42 0
      vertex -61.0975 -40.0814 0
    endloop
  endfacet
  facet normal 0 0 -1
    outer loop
      vertex -60.7021 40.7021 0
      vertex -64.4575 43.7207 0
      vertex -64.2981 43.9284 0
    endloop
  endfacet
  facet normal -0 0 -1
    outer loop
      vertex -61.0975 -40.0814 0
      vertex -65 -42 0
      vertex -61.1421 -39.94 0
    endloop
  endfacet
  facet normal 0 0 -1
    outer loop
      vertex -60.7021 40.7021 0
      vertex -64.5981 43.5 0
      vertex -64.4575 43.7207 0
    endloop
  endfacet
  facet normal -0 0 -1
    outer loop
      vertex -61.1421 -39.94 0
      vertex -65 -42 0
      vertex -61.1742 -39.7952 0
    endloop
  endfacet
  facet normal 0 0 -1
    outer loop
      vertex -60.8023 40.5927 0
      vertex -64.7189 43.2679 0
      vertex -64.5981 43.5 0
    endloop
  endfacet
  facet normal -0 0 -1
    outer loop
      vertex -61.1935 -39.6482 0
      vertex -65 -42 0
      vertex -61.2 -39.5 0
    endloop
  endfacet
  facet normal 0 0 -1
    outer loop
      vertex -60.8023 40.5927 0
      vertex -64.8191 43.0261 0
      vertex -64.7189 43.2679 0
    endloop
  endfacet
  facet normal -0 0 -1
    outer loop
      vertex -61.1742 -39.7952 0
      vertex -65 -42 0
      vertex -61.1935 -39.6482 0
    endloop
  endfacet
  facet normal 0 0 -1
    outer loop
      vertex -60.8023 40.5927 0
      vertex -64.8978 42.7765 0
      vertex -64.8191 43.0261 0
    endloop
  endfacet
  facet normal 0 0 -1
    outer loop
      vertex -60.8023 40.5927 0
      vertex -64.9544 42.521 0
      vertex -64.8978 42.7765 0
    endloop
  endfacet
  facet normal 0 0 -1
    outer loop
      vertex -60.8023 40.5927 0
      vertex -64.9886 42.2615 0
      vertex -64.9544 42.521 0
    endloop
  endfacet
  facet normal -0.608824 0.793305 0
    outer loop
      vertex -63.7207 44.4575 0
      vertex -63.9284 44.2981 2.5
      vertex -63.7207 44.4575 2.5
    endloop
  endfacet
  facet normal -0.608824 0.793305 0
    outer loop
      vertex -63.9284 44.2981 2.5
      vertex -63.7207 44.4575 0
      vertex -63.9284 44.2981 0
    endloop
  endfacet
  facet normal -0.216283 -0.976331 0
    outer loop
      vertex -62.7765 -44.8978 0
      vertex -62.521 -44.9544 2.5
      vertex -62.7765 -44.8978 2.5
    endloop
  endfacet
  facet normal -0.216283 -0.976331 -0
    outer loop
      vertex -62.521 -44.9544 2.5
      vertex -62.7765 -44.8978 0
      vertex -62.521 -44.9544 0
    endloop
  endfacet
  facet normal -0.216283 0.976331 0
    outer loop
      vertex -62.521 44.9544 0
      vertex -62.7765 44.8978 2.5
      vertex -62.521 44.9544 2.5
    endloop
  endfacet
  facet normal -0.216283 0.976331 0
    outer loop
      vertex -62.7765 44.8978 2.5
      vertex -62.521 44.9544 0
      vertex -62.7765 44.8978 0
    endloop
  endfacet
  facet normal 0.887048 -0.461678 0
    outer loop
      vertex 64.5981 -43.5 2.5
      vertex 64.7189 -43.2679 0
      vertex 64.7189 -43.2679 2.5
    endloop
  endfacet
  facet normal 0.887048 -0.461678 0
    outer loop
      vertex 64.7189 -43.2679 0
      vertex 64.5981 -43.5 2.5
      vertex 64.5981 -43.5 0
    endloop
  endfacet
  facet normal 1 -0 0
    outer loop
      vertex 65 -42 2.5
      vertex 65 42 0
      vertex 65 42 2.5
    endloop
  endfacet
  facet normal 1 0 0
    outer loop
      vertex 65 42 0
      vertex 65 -42 2.5
      vertex 65 -42 0
    endloop
  endfacet
  facet normal 0.923821 -0.382824 0
    outer loop
      vertex 64.7189 -43.2679 2.5
      vertex 64.8191 -43.0261 0
      vertex 64.8191 -43.0261 2.5
    endloop
  endfacet
  facet normal 0.923821 -0.382824 0
    outer loop
      vertex 64.8191 -43.0261 0
      vertex 64.7189 -43.2679 2.5
      vertex 64.7189 -43.2679 0
    endloop
  endfacet
  facet normal 0.953715 0.300711 0
    outer loop
      vertex 64.8978 42.7765 2.5
      vertex 64.8191 43.0261 0
      vertex 64.8191 43.0261 2.5
    endloop
  endfacet
  facet normal 0.953715 0.300711 0
    outer loop
      vertex 64.8191 43.0261 0
      vertex 64.8978 42.7765 2.5
      vertex 64.8978 42.7765 0
    endloop
  endfacet
  facet normal -0.953715 0.300711 0
    outer loop
      vertex -64.8978 42.7765 0
      vertex -64.8191 43.0261 2.5
      vertex -64.8191 43.0261 0
    endloop
  endfacet
  facet normal -0.953715 0.300711 0
    outer loop
      vertex -64.8191 43.0261 2.5
      vertex -64.8978 42.7765 0
      vertex -64.8978 42.7765 2.5
    endloop
  endfacet
  facet normal -0.130662 0.991427 0
    outer loop
      vertex -62.2615 44.9886 0
      vertex -62.521 44.9544 2.5
      vertex -62.2615 44.9886 2.5
    endloop
  endfacet
  facet normal -0.130662 0.991427 0
    outer loop
      vertex -62.521 44.9544 2.5
      vertex -62.2615 44.9886 0
      vertex -62.521 44.9544 0
    endloop
  endfacet
  facet normal 0.675673 -0.737202 0
    outer loop
      vertex 63.9284 -44.2981 0
      vertex 64.1213 -44.1213 2.5
      vertex 63.9284 -44.2981 2.5
    endloop
  endfacet
  facet normal 0.675673 -0.737202 0
    outer loop
      vertex 64.1213 -44.1213 2.5
      vertex 63.9284 -44.2981 0
      vertex 64.1213 -44.1213 0
    endloop
  endfacet
  facet normal -0.923821 0.382824 0
    outer loop
      vertex -64.8191 43.0261 0
      vertex -64.7189 43.2679 2.5
      vertex -64.7189 43.2679 0
    endloop
  endfacet
  facet normal -0.923821 0.382824 0
    outer loop
      vertex -64.7189 43.2679 2.5
      vertex -64.8191 43.0261 0
      vertex -64.8191 43.0261 2.5
    endloop
  endfacet
  facet normal 0.675673 0.737202 -0
    outer loop
      vertex 64.1213 44.1213 0
      vertex 63.9284 44.2981 2.5
      vertex 64.1213 44.1213 2.5
    endloop
  endfacet
  facet normal 0.675673 0.737202 0
    outer loop
      vertex 63.9284 44.2981 2.5
      vertex 64.1213 44.1213 0
      vertex 63.9284 44.2981 0
    endloop
  endfacet
  facet normal -0.130662 -0.991427 0
    outer loop
      vertex -62.521 -44.9544 0
      vertex -62.2615 -44.9886 2.5
      vertex -62.521 -44.9544 2.5
    endloop
  endfacet
  facet normal -0.130662 -0.991427 -0
    outer loop
      vertex -62.2615 -44.9886 2.5
      vertex -62.521 -44.9544 0
      vertex -62.2615 -44.9886 0
    endloop
  endfacet
  facet normal -0.461678 0.887048 0
    outer loop
      vertex -63.2679 44.7189 0
      vertex -63.5 44.5981 2.5
      vertex -63.2679 44.7189 2.5
    endloop
  endfacet
  facet normal -0.461678 0.887048 0
    outer loop
      vertex -63.5 44.5981 2.5
      vertex -63.2679 44.7189 0
      vertex -63.5 44.5981 0
    endloop
  endfacet
  facet normal 0.537296 0.843394 -0
    outer loop
      vertex 63.7207 44.4575 0
      vertex 63.5 44.5981 2.5
      vertex 63.7207 44.4575 2.5
    endloop
  endfacet
  facet normal 0.537296 0.843394 0
    outer loop
      vertex 63.5 44.5981 2.5
      vertex 63.7207 44.4575 0
      vertex 63.5 44.5981 0
    endloop
  endfacet
  facet normal -0.923821 -0.382824 0
    outer loop
      vertex -64.7189 -43.2679 0
      vertex -64.8191 -43.0261 2.5
      vertex -64.8191 -43.0261 0
    endloop
  endfacet
  facet normal -0.923821 -0.382824 0
    outer loop
      vertex -64.8191 -43.0261 2.5
      vertex -64.7189 -43.2679 0
      vertex -64.7189 -43.2679 2.5
    endloop
  endfacet
  facet normal -0.461678 -0.887048 0
    outer loop
      vertex -63.5 -44.5981 0
      vertex -63.2679 -44.7189 2.5
      vertex -63.5 -44.5981 2.5
    endloop
  endfacet
  facet normal -0.461678 -0.887048 -0
    outer loop
      vertex -63.2679 -44.7189 2.5
      vertex -63.5 -44.5981 0
      vertex -63.2679 -44.7189 0
    endloop
  endfacet
  facet normal -0.976331 0.216283 0
    outer loop
      vertex -64.9544 42.521 0
      vertex -64.8978 42.7765 2.5
      vertex -64.8978 42.7765 0
    endloop
  endfacet
  facet normal -0.976331 0.216283 0
    outer loop
      vertex -64.8978 42.7765 2.5
      vertex -64.9544 42.521 0
      vertex -64.9544 42.521 2.5
    endloop
  endfacet
  facet normal -0.887048 -0.461678 0
    outer loop
      vertex -64.5981 -43.5 0
      vertex -64.7189 -43.2679 2.5
      vertex -64.7189 -43.2679 0
    endloop
  endfacet
  facet normal -0.887048 -0.461678 0
    outer loop
      vertex -64.7189 -43.2679 2.5
      vertex -64.5981 -43.5 0
      vertex -64.5981 -43.5 2.5
    endloop
  endfacet
  facet normal 0.216283 0.976331 -0
    outer loop
      vertex 62.7765 44.8978 0
      vertex 62.521 44.9544 2.5
      vertex 62.7765 44.8978 2.5
    endloop
  endfacet
  facet normal 0.216283 0.976331 0
    outer loop
      vertex 62.521 44.9544 2.5
      vertex 62.7765 44.8978 0
      vertex 62.521 44.9544 0
    endloop
  endfacet
  facet normal -0.999051 -0.0435533 0
    outer loop
      vertex -64.9886 -42.2615 0
      vertex -65 -42 2.5
      vertex -65 -42 0
    endloop
  endfacet
  facet normal -0.999051 -0.0435533 0
    outer loop
      vertex -65 -42 2.5
      vertex -64.9886 -42.2615 0
      vertex -64.9886 -42.2615 2.5
    endloop
  endfacet
  facet normal 0.382824 0.923821 -0
    outer loop
      vertex 63.2679 44.7189 0
      vertex 63.0261 44.8191 2.5
      vertex 63.2679 44.7189 2.5
    endloop
  endfacet
  facet normal 0.382824 0.923821 0
    outer loop
      vertex 63.0261 44.8191 2.5
      vertex 63.2679 44.7189 0
      vertex 63.0261 44.8191 0
    endloop
  endfacet
  facet normal 0.991427 -0.130662 0
    outer loop
      vertex 64.9544 -42.521 2.5
      vertex 64.9886 -42.2615 0
      vertex 64.9886 -42.2615 2.5
    endloop
  endfacet
  facet normal 0.991427 -0.130662 0
    outer loop
      vertex 64.9886 -42.2615 0
      vertex 64.9544 -42.521 2.5
      vertex 64.9544 -42.521 0
    endloop
  endfacet
  facet normal 0.991427 0.130662 0
    outer loop
      vertex 64.9886 42.2615 2.5
      vertex 64.9544 42.521 0
      vertex 64.9544 42.521 2.5
    endloop
  endfacet
  facet normal 0.991427 0.130662 0
    outer loop
      vertex 64.9544 42.521 0
      vertex 64.9886 42.2615 2.5
      vertex 64.9886 42.2615 0
    endloop
  endfacet
  facet normal -0.608824 -0.793305 0
    outer loop
      vertex -63.9284 -44.2981 0
      vertex -63.7207 -44.4575 2.5
      vertex -63.9284 -44.2981 2.5
    endloop
  endfacet
  facet normal -0.608824 -0.793305 -0
    outer loop
      vertex -63.7207 -44.4575 2.5
      vertex -63.9284 -44.2981 0
      vertex -63.7207 -44.4575 0
    endloop
  endfacet
  facet normal -0.953715 -0.300711 0
    outer loop
      vertex -64.8191 -43.0261 0
      vertex -64.8978 -42.7765 2.5
      vertex -64.8978 -42.7765 0
    endloop
  endfacet
  facet normal -0.953715 -0.300711 0
    outer loop
      vertex -64.8978 -42.7765 2.5
      vertex -64.8191 -43.0261 0
      vertex -64.8191 -43.0261 2.5
    endloop
  endfacet
  facet normal -0.843394 0.537296 0
    outer loop
      vertex -64.5981 43.5 0
      vertex -64.4575 43.7207 2.5
      vertex -64.4575 43.7207 0
    endloop
  endfacet
  facet normal -0.843394 0.537296 0
    outer loop
      vertex -64.4575 43.7207 2.5
      vertex -64.5981 43.5 0
      vertex -64.5981 43.5 2.5
    endloop
  endfacet
  facet normal 0.999051 -0.0435533 0
    outer loop
      vertex 64.9886 -42.2615 2.5
      vertex 65 -42 0
      vertex 65 -42 2.5
    endloop
  endfacet
  facet normal 0.999051 -0.0435533 0
    outer loop
      vertex 65 -42 0
      vertex 64.9886 -42.2615 2.5
      vertex 64.9886 -42.2615 0
    endloop
  endfacet
  facet normal -0.887048 0.461678 0
    outer loop
      vertex -64.7189 43.2679 0
      vertex -64.5981 43.5 2.5
      vertex -64.5981 43.5 0
    endloop
  endfacet
  facet normal -0.887048 0.461678 0
    outer loop
      vertex -64.5981 43.5 2.5
      vertex -64.7189 43.2679 0
      vertex -64.7189 43.2679 2.5
    endloop
  endfacet
  facet normal -0.675673 0.737202 0
    outer loop
      vertex -63.9284 44.2981 0
      vertex -64.1213 44.1213 2.5
      vertex -63.9284 44.2981 2.5
    endloop
  endfacet
  facet normal -0.675673 0.737202 0
    outer loop
      vertex -64.1213 44.1213 2.5
      vertex -63.9284 44.2981 0
      vertex -64.1213 44.1213 0
    endloop
  endfacet
  facet normal -0.793305 0.608824 0
    outer loop
      vertex -64.4575 43.7207 0
      vertex -64.2981 43.9284 2.5
      vertex -64.2981 43.9284 0
    endloop
  endfacet
  facet normal -0.793305 0.608824 0
    outer loop
      vertex -64.2981 43.9284 2.5
      vertex -64.4575 43.7207 0
      vertex -64.4575 43.7207 2.5
    endloop
  endfacet
  facet normal -0.382824 -0.923821 0
    outer loop
      vertex -63.2679 -44.7189 0
      vertex -63.0261 -44.8191 2.5
      vertex -63.2679 -44.7189 2.5
    endloop
  endfacet
  facet normal -0.382824 -0.923821 -0
    outer loop
      vertex -63.0261 -44.8191 2.5
      vertex -63.2679 -44.7189 0
      vertex -63.0261 -44.8191 0
    endloop
  endfacet
  facet normal -0.300711 -0.953715 0
    outer loop
      vertex -63.0261 -44.8191 0
      vertex -62.7765 -44.8978 2.5
      vertex -63.0261 -44.8191 2.5
    endloop
  endfacet
  facet normal -0.300711 -0.953715 -0
    outer loop
      vertex -62.7765 -44.8978 2.5
      vertex -63.0261 -44.8191 0
      vertex -62.7765 -44.8978 0
    endloop
  endfacet
  facet normal 0.608824 0.793305 -0
    outer loop
      vertex 63.9284 44.2981 0
      vertex 63.7207 44.4575 2.5
      vertex 63.9284 44.2981 2.5
    endloop
  endfacet
  facet normal 0.608824 0.793305 0
    outer loop
      vertex 63.7207 44.4575 2.5
      vertex 63.9284 44.2981 0
      vertex 63.7207 44.4575 0
    endloop
  endfacet
  facet normal 0.130662 0.991427 -0
    outer loop
      vertex 62.521 44.9544 0
      vertex 62.2615 44.9886 2.5
      vertex 62.521 44.9544 2.5
    endloop
  endfacet
  facet normal 0.130662 0.991427 0
    outer loop
      vertex 62.2615 44.9886 2.5
      vertex 62.521 44.9544 0
      vertex 62.2615 44.9886 0
    endloop
  endfacet
  facet normal -0.737202 -0.675673 0
    outer loop
      vertex -64.1213 -44.1213 0
      vertex -64.2981 -43.9284 2.5
      vertex -64.2981 -43.9284 0
    endloop
  endfacet
  facet normal -0.737202 -0.675673 0
    outer loop
      vertex -64.2981 -43.9284 2.5
      vertex -64.1213 -44.1213 0
      vertex -64.1213 -44.1213 2.5
    endloop
  endfacet
  facet normal 0.461678 -0.887048 0
    outer loop
      vertex 63.2679 -44.7189 0
      vertex 63.5 -44.5981 2.5
      vertex 63.2679 -44.7189 2.5
    endloop
  endfacet
  facet normal 0.461678 -0.887048 0
    outer loop
      vertex 63.5 -44.5981 2.5
      vertex 63.2679 -44.7189 0
      vertex 63.5 -44.5981 0
    endloop
  endfacet
  facet normal 0.793305 0.608824 0
    outer loop
      vertex 64.4575 43.7207 2.5
      vertex 64.2981 43.9284 0
      vertex 64.2981 43.9284 2.5
    endloop
  endfacet
  facet normal 0.793305 0.608824 0
    outer loop
      vertex 64.2981 43.9284 0
      vertex 64.4575 43.7207 2.5
      vertex 64.4575 43.7207 0
    endloop
  endfacet
  facet normal -0.843394 -0.537296 0
    outer loop
      vertex -64.4575 -43.7207 0
      vertex -64.5981 -43.5 2.5
      vertex -64.5981 -43.5 0
    endloop
  endfacet
  facet normal -0.843394 -0.537296 0
    outer loop
      vertex -64.5981 -43.5 2.5
      vertex -64.4575 -43.7207 0
      vertex -64.4575 -43.7207 2.5
    endloop
  endfacet
  facet normal 0.843394 -0.537296 0
    outer loop
      vertex 64.4575 -43.7207 2.5
      vertex 64.5981 -43.5 0
      vertex 64.5981 -43.5 2.5
    endloop
  endfacet
  facet normal 0.843394 -0.537296 0
    outer loop
      vertex 64.5981 -43.5 0
      vertex 64.4575 -43.7207 2.5
      vertex 64.4575 -43.7207 0
    endloop
  endfacet
  facet normal 0.130662 -0.991427 0
    outer loop
      vertex 62.2615 -44.9886 0
      vertex 62.521 -44.9544 2.5
      vertex 62.2615 -44.9886 2.5
    endloop
  endfacet
  facet normal 0.130662 -0.991427 0
    outer loop
      vertex 62.521 -44.9544 2.5
      vertex 62.2615 -44.9886 0
      vertex 62.521 -44.9544 0
    endloop
  endfacet
  facet normal 0 0 1
    outer loop
      vertex -57.9593 38.7815 2.5
      vertex 57.9593 38.7815 2.5
      vertex -57.9025 38.9186 2.5
    endloop
  endfacet
  facet normal 0 0 1
    outer loop
      vertex 58.1074 -38.5249 2.5
      vertex -57.8065 -39.3518 2.5
      vertex -57.8 -39.5 2.5
    endloop
  endfacet
  facet normal 0 0 1
    outer loop
      vertex 57.9593 38.7815 2.5
      vertex -57.9593 38.7815 2.5
      vertex 58.0278 38.65 2.5
    endloop
  endfacet
  facet normal 0 0 1
    outer loop
      vertex 58.1074 -38.5249 2.5
      vertex -57.8258 -39.2048 2.5
      vertex -57.8065 -39.3518 2.5
    endloop
  endfacet
  facet normal 0 0 1
    outer loop
      vertex -58.0278 38.65 2.5
      vertex 58.0278 38.65 2.5
      vertex -57.9593 38.7815 2.5
    endloop
  endfacet
  facet normal 0 0 1
    outer loop
      vertex 58.1074 -38.5249 2.5
      vertex -57.8579 -39.06 2.5
      vertex -57.8258 -39.2048 2.5
    endloop
  endfacet
  facet normal 0 0 1
    outer loop
      vertex 58.0278 38.65 2.5
      vertex -58.0278 38.65 2.5
      vertex 58.1074 38.5249 2.5
    endloop
  endfacet
  facet normal 0 0 1
    outer loop
      vertex 58.1074 -38.5249 2.5
      vertex -57.9025 -38.9186 2.5
      vertex -57.8579 -39.06 2.5
    endloop
  endfacet
  facet normal 0 0 1
    outer loop
      vertex -58.1074 38.5249 2.5
      vertex 58.1074 38.5249 2.5
      vertex -58.0278 38.65 2.5
    endloop
  endfacet
  facet normal 0 0 1
    outer loop
      vertex 58.1074 -38.5249 2.5
      vertex -57.9593 -38.7815 2.5
      vertex -57.9025 -38.9186 2.5
    endloop
  endfacet
  facet normal 0 0 1
    outer loop
      vertex 58.1074 38.5249 2.5
      vertex -58.1074 38.5249 2.5
      vertex 58.1074 -38.5249 2.5
    endloop
  endfacet
  facet normal 0 0 1
    outer loop
      vertex 58.1074 -38.5249 2.5
      vertex -58.0278 -38.65 2.5
      vertex -57.9593 -38.7815 2.5
    endloop
  endfacet
  facet normal 0 0 1
    outer loop
      vertex -58.1074 -38.5249 2.5
      vertex 58.1074 -38.5249 2.5
      vertex -58.1074 38.5249 2.5
    endloop
  endfacet
  facet normal 0 0 1
    outer loop
      vertex 58.1074 -38.5249 2.5
      vertex -58.1074 -38.5249 2.5
      vertex -58.0278 -38.65 2.5
    endloop
  endfacet
  facet normal -0 0 1
    outer loop
      vertex -58.1977 38.4073 2.5
      vertex -58.1074 -38.5249 2.5
      vertex -58.1074 38.5249 2.5
    endloop
  endfacet
  facet normal 0 0 1
    outer loop
      vertex -58.1977 38.4073 2.5
      vertex -58.1977 -38.4073 2.5
      vertex -58.1074 -38.5249 2.5
    endloop
  endfacet
  facet normal -0 0 1
    outer loop
      vertex -58.2979 38.2979 2.5
      vertex -58.1977 -38.4073 2.5
      vertex -58.1977 38.4073 2.5
    endloop
  endfacet
  facet normal 0 0 1
    outer loop
      vertex -58.2979 38.2979 2.5
      vertex -58.2979 -38.2979 2.5
      vertex -58.1977 -38.4073 2.5
    endloop
  endfacet
  facet normal -0 0 1
    outer loop
      vertex -58.4073 38.1977 2.5
      vertex -58.2979 -38.2979 2.5
      vertex -58.2979 38.2979 2.5
    endloop
  endfacet
  facet normal 0 0 1
    outer loop
      vertex -58.4073 38.1977 2.5
      vertex -58.4073 -38.1977 2.5
      vertex -58.2979 -38.2979 2.5
    endloop
  endfacet
  facet normal -0 0 1
    outer loop
      vertex -58.5249 38.1074 2.5
      vertex -58.4073 -38.1977 2.5
      vertex -58.4073 38.1977 2.5
    endloop
  endfacet
  facet normal 0 0 1
    outer loop
      vertex -58.5249 38.1074 2.5
      vertex -58.5249 -38.1074 2.5
      vertex -58.4073 -38.1977 2.5
    endloop
  endfacet
  facet normal -0 0 1
    outer loop
      vertex -58.65 38.0278 2.5
      vertex -58.5249 -38.1074 2.5
      vertex -58.5249 38.1074 2.5
    endloop
  endfacet
  facet normal 0 0 1
    outer loop
      vertex -58.65 38.0278 2.5
      vertex -58.65 -38.0278 2.5
      vertex -58.5249 -38.1074 2.5
    endloop
  endfacet
  facet normal -0 0 1
    outer loop
      vertex -58.7815 37.9593 2.5
      vertex -58.65 -38.0278 2.5
      vertex -58.65 38.0278 2.5
    endloop
  endfacet
  facet normal 0 0 1
    outer loop
      vertex -58.7815 37.9593 2.5
      vertex -58.7815 -37.9593 2.5
      vertex -58.65 -38.0278 2.5
    endloop
  endfacet
  facet normal -0 0 1
    outer loop
      vertex -58.9186 37.9025 2.5
      vertex -58.7815 -37.9593 2.5
      vertex -58.7815 37.9593 2.5
    endloop
  endfacet
  facet normal 0 0 1
    outer loop
      vertex -58.9186 37.9025 2.5
      vertex -58.9186 -37.9025 2.5
      vertex -58.7815 -37.9593 2.5
    endloop
  endfacet
  facet normal -0 0 1
    outer loop
      vertex -59.06 37.8579 2.5
      vertex -58.9186 -37.9025 2.5
      vertex -58.9186 37.9025 2.5
    endloop
  endfacet
  facet normal 0 0 1
    outer loop
      vertex -59.06 37.8579 2.5
      vertex -59.06 -37.8579 2.5
      vertex -58.9186 -37.9025 2.5
    endloop
  endfacet
  facet normal -0 0 1
    outer loop
      vertex -59.2048 37.8258 2.5
      vertex -59.06 -37.8579 2.5
      vertex -59.06 37.8579 2.5
    endloop
  endfacet
  facet normal 0 0 1
    outer loop
      vertex -59.2048 37.8258 2.5
      vertex -59.2048 -37.8258 2.5
      vertex -59.06 -37.8579 2.5
    endloop
  endfacet
  facet normal -0 0 1
    outer loop
      vertex -59.3518 37.8065 2.5
      vertex -59.2048 -37.8258 2.5
      vertex -59.2048 37.8258 2.5
    endloop
  endfacet
  facet normal 0 0 1
    outer loop
      vertex -59.3518 37.8065 2.5
      vertex -59.3518 -37.8065 2.5
      vertex -59.2048 -37.8258 2.5
    endloop
  endfacet
  facet normal -0 0 1
    outer loop
      vertex -59.5 37.8 2.5
      vertex -59.3518 -37.8065 2.5
      vertex -59.3518 37.8065 2.5
    endloop
  endfacet
  facet normal 0 0 1
    outer loop
      vertex -59.5 37.8 2.5
      vertex -59.5 -37.8 2.5
      vertex -59.3518 -37.8065 2.5
    endloop
  endfacet
  facet normal 0 0 1
    outer loop
      vertex -59.6482 37.8065 2.5
      vertex -59.5 -37.8 2.5
      vertex -59.5 37.8 2.5
    endloop
  endfacet
  facet normal 0 0 1
    outer loop
      vertex -59.6482 37.8065 2.5
      vertex -59.6482 -37.8065 2.5
      vertex -59.5 -37.8 2.5
    endloop
  endfacet
  facet normal 0 0 1
    outer loop
      vertex -59.7952 37.8258 2.5
      vertex -59.6482 -37.8065 2.5
      vertex -59.6482 37.8065 2.5
    endloop
  endfacet
  facet normal 0 0 1
    outer loop
      vertex -59.7952 37.8258 2.5
      vertex -59.7952 -37.8258 2.5
      vertex -59.6482 -37.8065 2.5
    endloop
  endfacet
  facet normal 0 0 1
    outer loop
      vertex -59.94 37.8579 2.5
      vertex -59.7952 -37.8258 2.5
      vertex -59.7952 37.8258 2.5
    endloop
  endfacet
  facet normal 0 0 1
    outer loop
      vertex -59.94 37.8579 2.5
      vertex -59.94 -37.8579 2.5
      vertex -59.7952 -37.8258 2.5
    endloop
  endfacet
  facet normal 0 0 1
    outer loop
      vertex -60.0814 37.9025 2.5
      vertex -59.94 -37.8579 2.5
      vertex -59.94 37.8579 2.5
    endloop
  endfacet
  facet normal 0 0 1
    outer loop
      vertex -60.0814 37.9025 2.5
      vertex -60.0814 -37.9025 2.5
      vertex -59.94 -37.8579 2.5
    endloop
  endfacet
  facet normal 0 0 1
    outer loop
      vertex -60.2185 37.9593 2.5
      vertex -60.0814 -37.9025 2.5
      vertex -60.0814 37.9025 2.5
    endloop
  endfacet
  facet normal 0 0 1
    outer loop
      vertex -60.2185 37.9593 2.5
      vertex -60.2185 -37.9593 2.5
      vertex -60.0814 -37.9025 2.5
    endloop
  endfacet
  facet normal 0 0 1
    outer loop
      vertex -60.35 38.0278 2.5
      vertex -60.2185 -37.9593 2.5
      vertex -60.2185 37.9593 2.5
    endloop
  endfacet
  facet normal 0 0 1
    outer loop
      vertex -60.35 38.0278 2.5
      vertex -60.35 -38.0278 2.5
      vertex -60.2185 -37.9593 2.5
    endloop
  endfacet
  facet normal 0 0 1
    outer loop
      vertex -60.4751 38.1074 2.5
      vertex -60.35 -38.0278 2.5
      vertex -60.35 38.0278 2.5
    endloop
  endfacet
  facet normal 0 0 1
    outer loop
      vertex -60.4751 38.1074 2.5
      vertex -60.4751 -38.1074 2.5
      vertex -60.35 -38.0278 2.5
    endloop
  endfacet
  facet normal 0 0 1
    outer loop
      vertex -60.5927 38.1977 2.5
      vertex -60.4751 -38.1074 2.5
      vertex -60.4751 38.1074 2.5
    endloop
  endfacet
  facet normal 0 0 1
    outer loop
      vertex -60.5927 38.1977 2.5
      vertex -60.5927 -38.1977 2.5
      vertex -60.4751 -38.1074 2.5
    endloop
  endfacet
  facet normal 0 0 1
    outer loop
      vertex -60.7021 38.2979 2.5
      vertex -60.5927 -38.1977 2.5
      vertex -60.5927 38.1977 2.5
    endloop
  endfacet
  facet normal 0 0 1
    outer loop
      vertex -60.7021 38.2979 2.5
      vertex -60.7021 -38.2979 2.5
      vertex -60.5927 -38.1977 2.5
    endloop
  endfacet
  facet normal 0 0 1
    outer loop
      vertex -65 42 2.5
      vertex -60.7021 38.2979 2.5
      vertex -60.8023 38.4073 2.5
    endloop
  endfacet
  facet normal 0 0 1
    outer loop
      vertex -60.7021 38.2979 2.5
      vertex -65 42 2.5
      vertex -60.7021 -38.2979 2.5
    endloop
  endfacet
  facet normal 0 0 1
    outer loop
      vertex -65 42 2.5
      vertex -60.8023 38.4073 2.5
      vertex -60.8926 38.5249 2.5
    endloop
  endfacet
  facet normal 0 0 1
    outer loop
      vertex -65 -42 2.5
      vertex -60.7021 -38.2979 2.5
      vertex -65 42 2.5
    endloop
  endfacet
  facet normal 0 0 1
    outer loop
      vertex -65 42 2.5
      vertex -60.8926 38.5249 2.5
      vertex -60.9722 38.65 2.5
    endloop
  endfacet
  facet normal 0 0 1
    outer loop
      vertex -60.7021 -38.2979 2.5
      vertex -65 -42 2.5
      vertex -60.8023 -38.4073 2.5
    endloop
  endfacet
  facet normal 0 0 1
    outer loop
      vertex -65 42 2.5
      vertex -60.9722 38.65 2.5
      vertex -61.0407 38.7815 2.5
    endloop
  endfacet
  facet normal 0 0 1
    outer loop
      vertex -60.8023 -38.4073 2.5
      vertex -65 -42 2.5
      vertex -60.8926 -38.5249 2.5
    endloop
  endfacet
  facet normal 0 0 1
    outer loop
      vertex -65 42 2.5
      vertex -61.0407 38.7815 2.5
      vertex -61.0975 38.9186 2.5
    endloop
  endfacet
  facet normal 0 0 1
    outer loop
      vertex -60.8926 -38.5249 2.5
      vertex -65 -42 2.5
      vertex -60.9722 -38.65 2.5
    endloop
  endfacet
  facet normal 0 0 1
    outer loop
      vertex -65 42 2.5
      vertex -61.0975 38.9186 2.5
      vertex -61.1421 39.06 2.5
    endloop
  endfacet
  facet normal 0 0 1
    outer loop
      vertex -60.9722 -38.65 2.5
      vertex -65 -42 2.5
      vertex -61.0407 -38.7815 2.5
    endloop
  endfacet
  facet normal 0 0 1
    outer loop
      vertex -65 42 2.5
      vertex -61.1421 39.06 2.5
      vertex -61.1742 39.2048 2.5
    endloop
  endfacet
  facet normal 0 0 1
    outer loop
      vertex -61.0407 -38.7815 2.5
      vertex -65 -42 2.5
      vertex -61.0975 -38.9186 2.5
    endloop
  endfacet
  facet normal 0 0 1
    outer loop
      vertex -65 42 2.5
      vertex -61.1742 39.2048 2.5
      vertex -61.1935 39.3518 2.5
    endloop
  endfacet
  facet normal 0 0 1
    outer loop
      vertex -61.0975 -38.9186 2.5
      vertex -65 -42 2.5
      vertex -61.1421 -39.06 2.5
    endloop
  endfacet
  facet normal 0 0 1
    outer loop
      vertex -65 42 2.5
      vertex -61.1935 39.3518 2.5
      vertex -61.2 39.5 2.5
    endloop
  endfacet
  facet normal 0 0 1
    outer loop
      vertex -61.1421 -39.06 2.5
      vertex -65 -42 2.5
      vertex -61.1742 -39.2048 2.5
    endloop
  endfacet
  facet normal 0 0 1
    outer loop
      vertex 61.1421 39.06 2.5
      vertex 65 42 2.5
      vertex 61.1742 39.2048 2.5
    endloop
  endfacet
  facet normal 0 0 1
    outer loop
      vertex 65 -42 2.5
      vertex 61.1935 -39.3518 2.5
      vertex 61.2 -39.5 2.5
    endloop
  endfacet
  facet normal 0 0 1
    outer loop
      vertex 61.0975 38.9186 2.5
      vertex 65 42 2.5
      vertex 61.1421 39.06 2.5
    endloop
  endfacet
  facet normal 0 0 1
    outer loop
      vertex 65 -42 2.5
      vertex 61.1742 -39.2048 2.5
      vertex 61.1935 -39.3518 2.5
    endloop
  endfacet
  facet normal 0 0 1
    outer loop
      vertex 61.0407 38.7815 2.5
      vertex 65 42 2.5
      vertex 61.0975 38.9186 2.5
    endloop
  endfacet
  facet normal 0 0 1
    outer loop
      vertex 65 -42 2.5
      vertex 61.1421 -39.06 2.5
      vertex 61.1742 -39.2048 2.5
    endloop
  endfacet
  facet normal 0 0 1
    outer loop
      vertex 60.9722 38.65 2.5
      vertex 65 42 2.5
      vertex 61.0407 38.7815 2.5
    endloop
  endfacet
  facet normal 0 0 1
    outer loop
      vertex 65 -42 2.5
      vertex 61.0975 -38.9186 2.5
      vertex 61.1421 -39.06 2.5
    endloop
  endfacet
  facet normal 0 0 1
    outer loop
      vertex 60.8926 38.5249 2.5
      vertex 65 42 2.5
      vertex 60.9722 38.65 2.5
    endloop
  endfacet
  facet normal 0 0 1
    outer loop
      vertex 65 -42 2.5
      vertex 61.0407 -38.7815 2.5
      vertex 61.0975 -38.9186 2.5
    endloop
  endfacet
  facet normal 0 0 1
    outer loop
      vertex 60.8023 38.4073 2.5
      vertex 65 42 2.5
      vertex 60.8926 38.5249 2.5
    endloop
  endfacet
  facet normal 0 0 1
    outer loop
      vertex 65 -42 2.5
      vertex 60.9722 -38.65 2.5
      vertex 61.0407 -38.7815 2.5
    endloop
  endfacet
  facet normal 0 0 1
    outer loop
      vertex 60.7021 38.2979 2.5
      vertex 65 42 2.5
      vertex 60.8023 38.4073 2.5
    endloop
  endfacet
  facet normal 0 0 1
    outer loop
      vertex 65 -42 2.5
      vertex 60.8926 -38.5249 2.5
      vertex 60.9722 -38.65 2.5
    endloop
  endfacet
  facet normal 0 0 1
    outer loop
      vertex 65 42 2.5
      vertex 60.7021 38.2979 2.5
      vertex 65 -42 2.5
    endloop
  endfacet
  facet normal 0 0 1
    outer loop
      vertex 65 -42 2.5
      vertex 60.8023 -38.4073 2.5
      vertex 60.8926 -38.5249 2.5
    endloop
  endfacet
  facet normal -0 0 1
    outer loop
      vertex 60.7021 -38.2979 2.5
      vertex 65 -42 2.5
      vertex 60.7021 38.2979 2.5
    endloop
  endfacet
  facet normal 0 0 1
    outer loop
      vertex 65 -42 2.5
      vertex 60.7021 -38.2979 2.5
      vertex 60.8023 -38.4073 2.5
    endloop
  endfacet
  facet normal -0 0 1
    outer loop
      vertex 60.5927 38.1977 2.5
      vertex 60.7021 -38.2979 2.5
      vertex 60.7021 38.2979 2.5
    endloop
  endfacet
  facet normal 0 0 1
    outer loop
      vertex 60.5927 38.1977 2.5
      vertex 60.5927 -38.1977 2.5
      vertex 60.7021 -38.2979 2.5
    endloop
  endfacet
  facet normal -0 0 1
    outer loop
      vertex 60.4751 38.1074 2.5
      vertex 60.5927 -38.1977 2.5
      vertex 60.5927 38.1977 2.5
    endloop
  endfacet
  facet normal 0 0 1
    outer loop
      vertex 60.4751 38.1074 2.5
      vertex 60.4751 -38.1074 2.5
      vertex 60.5927 -38.1977 2.5
    endloop
  endfacet
  facet normal -0 0 1
    outer loop
      vertex 60.35 38.0278 2.5
      vertex 60.4751 -38.1074 2.5
      vertex 60.4751 38.1074 2.5
    endloop
  endfacet
  facet normal 0 0 1
    outer loop
      vertex 60.35 38.0278 2.5
      vertex 60.35 -38.0278 2.5
      vertex 60.4751 -38.1074 2.5
    endloop
  endfacet
  facet normal -0 0 1
    outer loop
      vertex 60.2185 37.9593 2.5
      vertex 60.35 -38.0278 2.5
      vertex 60.35 38.0278 2.5
    endloop
  endfacet
  facet normal 0 0 1
    outer loop
      vertex 60.2185 37.9593 2.5
      vertex 60.2185 -37.9593 2.5
      vertex 60.35 -38.0278 2.5
    endloop
  endfacet
  facet normal -0 0 1
    outer loop
      vertex 60.0814 37.9025 2.5
      vertex 60.2185 -37.9593 2.5
      vertex 60.2185 37.9593 2.5
    endloop
  endfacet
  facet normal 0 0 1
    outer loop
      vertex 60.0814 37.9025 2.5
      vertex 60.0814 -37.9025 2.5
      vertex 60.2185 -37.9593 2.5
    endloop
  endfacet
  facet normal -0 0 1
    outer loop
      vertex 59.94 37.8579 2.5
      vertex 60.0814 -37.9025 2.5
      vertex 60.0814 37.9025 2.5
    endloop
  endfacet
  facet normal 0 0 1
    outer loop
      vertex 59.94 37.8579 2.5
      vertex 59.94 -37.8579 2.5
      vertex 60.0814 -37.9025 2.5
    endloop
  endfacet
  facet normal -0 0 1
    outer loop
      vertex 59.7952 37.8258 2.5
      vertex 59.94 -37.8579 2.5
      vertex 59.94 37.8579 2.5
    endloop
  endfacet
  facet normal 0 0 1
    outer loop
      vertex 59.7952 37.8258 2.5
      vertex 59.7952 -37.8258 2.5
      vertex 59.94 -37.8579 2.5
    endloop
  endfacet
  facet normal -0 0 1
    outer loop
      vertex 59.6482 37.8065 2.5
      vertex 59.7952 -37.8258 2.5
      vertex 59.7952 37.8258 2.5
    endloop
  endfacet
  facet normal 0 0 1
    outer loop
      vertex 59.6482 37.8065 2.5
      vertex 59.6482 -37.8065 2.5
      vertex 59.7952 -37.8258 2.5
    endloop
  endfacet
  facet normal -0 0 1
    outer loop
      vertex 59.5 37.8 2.5
      vertex 59.6482 -37.8065 2.5
      vertex 59.6482 37.8065 2.5
    endloop
  endfacet
  facet normal 0 0 1
    outer loop
      vertex 59.5 37.8 2.5
      vertex 59.5 -37.8 2.5
      vertex 59.6482 -37.8065 2.5
    endloop
  endfacet
  facet normal 0 0 1
    outer loop
      vertex 59.3518 37.8065 2.5
      vertex 59.5 -37.8 2.5
      vertex 59.5 37.8 2.5
    endloop
  endfacet
  facet normal 0 0 1
    outer loop
      vertex 59.3518 37.8065 2.5
      vertex 59.3518 -37.8065 2.5
      vertex 59.5 -37.8 2.5
    endloop
  endfacet
  facet normal 0 0 1
    outer loop
      vertex 59.2048 37.8258 2.5
      vertex 59.3518 -37.8065 2.5
      vertex 59.3518 37.8065 2.5
    endloop
  endfacet
  facet normal 0 0 1
    outer loop
      vertex 59.2048 37.8258 2.5
      vertex 59.2048 -37.8258 2.5
      vertex 59.3518 -37.8065 2.5
    endloop
  endfacet
  facet normal 0 0 1
    outer loop
      vertex 59.06 37.8579 2.5
      vertex 59.2048 -37.8258 2.5
      vertex 59.2048 37.8258 2.5
    endloop
  endfacet
  facet normal 0 0 1
    outer loop
      vertex 59.06 37.8579 2.5
      vertex 59.06 -37.8579 2.5
      vertex 59.2048 -37.8258 2.5
    endloop
  endfacet
  facet normal 0 0 1
    outer loop
      vertex 58.9186 37.9025 2.5
      vertex 59.06 -37.8579 2.5
      vertex 59.06 37.8579 2.5
    endloop
  endfacet
  facet normal 0 0 1
    outer loop
      vertex 58.9186 37.9025 2.5
      vertex 58.9186 -37.9025 2.5
      vertex 59.06 -37.8579 2.5
    endloop
  endfacet
  facet normal 0 0 1
    outer loop
      vertex 58.7815 37.9593 2.5
      vertex 58.9186 -37.9025 2.5
      vertex 58.9186 37.9025 2.5
    endloop
  endfacet
  facet normal 0 0 1
    outer loop
      vertex 58.7815 37.9593 2.5
      vertex 58.7815 -37.9593 2.5
      vertex 58.9186 -37.9025 2.5
    endloop
  endfacet
  facet normal 0 0 1
    outer loop
      vertex 58.65 38.0278 2.5
      vertex 58.7815 -37.9593 2.5
      vertex 58.7815 37.9593 2.5
    endloop
  endfacet
  facet normal 0 0 1
    outer loop
      vertex 58.65 38.0278 2.5
      vertex 58.65 -38.0278 2.5
      vertex 58.7815 -37.9593 2.5
    endloop
  endfacet
  facet normal 0 0 1
    outer loop
      vertex 58.5249 38.1074 2.5
      vertex 58.65 -38.0278 2.5
      vertex 58.65 38.0278 2.5
    endloop
  endfacet
  facet normal 0 0 1
    outer loop
      vertex 58.5249 38.1074 2.5
      vertex 58.5249 -38.1074 2.5
      vertex 58.65 -38.0278 2.5
    endloop
  endfacet
  facet normal 0 0 1
    outer loop
      vertex 58.4073 38.1977 2.5
      vertex 58.5249 -38.1074 2.5
      vertex 58.5249 38.1074 2.5
    endloop
  endfacet
  facet normal 0 0 1
    outer loop
      vertex 58.4073 38.1977 2.5
      vertex 58.4073 -38.1977 2.5
      vertex 58.5249 -38.1074 2.5
    endloop
  endfacet
  facet normal 0 0 1
    outer loop
      vertex 58.2979 38.2979 2.5
      vertex 58.4073 -38.1977 2.5
      vertex 58.4073 38.1977 2.5
    endloop
  endfacet
  facet normal 0 0 1
    outer loop
      vertex 58.2979 38.2979 2.5
      vertex 58.2979 -38.2979 2.5
      vertex 58.4073 -38.1977 2.5
    endloop
  endfacet
  facet normal 0 0 1
    outer loop
      vertex 58.1977 38.4073 2.5
      vertex 58.2979 -38.2979 2.5
      vertex 58.2979 38.2979 2.5
    endloop
  endfacet
  facet normal 0 0 1
    outer loop
      vertex 58.1977 38.4073 2.5
      vertex 58.1977 -38.4073 2.5
      vertex 58.2979 -38.2979 2.5
    endloop
  endfacet
  facet normal 0 0 1
    outer loop
      vertex 58.1074 38.5249 2.5
      vertex 58.1977 -38.4073 2.5
      vertex 58.1977 38.4073 2.5
    endloop
  endfacet
  facet normal 0 0 1
    outer loop
      vertex 58.1074 38.5249 2.5
      vertex 58.1074 -38.5249 2.5
      vertex 58.1977 -38.4073 2.5
    endloop
  endfacet
  facet normal 0 0 1
    outer loop
      vertex 57.8579 39.06 2.5
      vertex -57.8579 39.06 2.5
      vertex 57.9025 38.9186 2.5
    endloop
  endfacet
  facet normal 0 0 1
    outer loop
      vertex -57.9025 38.9186 2.5
      vertex 57.9025 38.9186 2.5
      vertex -57.8579 39.06 2.5
    endloop
  endfacet
  facet normal 0 0 1
    outer loop
      vertex -57.8579 39.06 2.5
      vertex 57.8579 39.06 2.5
      vertex -57.8258 39.2048 2.5
    endloop
  endfacet
  facet normal 0 0 1
    outer loop
      vertex 57.9025 38.9186 2.5
      vertex -57.9025 38.9186 2.5
      vertex 57.9593 38.7815 2.5
    endloop
  endfacet
  facet normal 0 0 1
    outer loop
      vertex 57.8258 39.2048 2.5
      vertex -57.8258 39.2048 2.5
      vertex 57.8579 39.06 2.5
    endloop
  endfacet
  facet normal 0 0 1
    outer loop
      vertex 58.1074 -38.5249 2.5
      vertex -57.8 -39.5 2.5
      vertex 58.0278 -38.65 2.5
    endloop
  endfacet
  facet normal 0 0 1
    outer loop
      vertex -57.8258 39.2048 2.5
      vertex 57.8258 39.2048 2.5
      vertex -57.8065 39.3518 2.5
    endloop
  endfacet
  facet normal 0 0 1
    outer loop
      vertex 58.0278 -38.65 2.5
      vertex -57.8 -39.5 2.5
      vertex 57.9593 -38.7815 2.5
    endloop
  endfacet
  facet normal 0 0 1
    outer loop
      vertex 57.8065 39.3518 2.5
      vertex -57.8065 39.3518 2.5
      vertex 57.8258 39.2048 2.5
    endloop
  endfacet
  facet normal 0 0 1
    outer loop
      vertex 57.9593 -38.7815 2.5
      vertex -57.8 -39.5 2.5
      vertex 57.9025 -38.9186 2.5
    endloop
  endfacet
  facet normal 0 0 1
    outer loop
      vertex -57.8065 39.3518 2.5
      vertex 57.8065 39.3518 2.5
      vertex -57.8 39.5 2.5
    endloop
  endfacet
  facet normal 0 0 1
    outer loop
      vertex 57.9025 -38.9186 2.5
      vertex -57.8 -39.5 2.5
      vertex 57.8579 -39.06 2.5
    endloop
  endfacet
  facet normal -0 0 1
    outer loop
      vertex -57.8 39.5 2.5
      vertex 57.8065 39.3518 2.5
      vertex 57.8 39.5 2.5
    endloop
  endfacet
  facet normal 0 0 1
    outer loop
      vertex 57.8579 -39.06 2.5
      vertex -57.8 -39.5 2.5
      vertex 57.8258 -39.2048 2.5
    endloop
  endfacet
  facet normal 0 0 1
    outer loop
      vertex 60.8023 40.5927 2.5
      vertex 65 42 2.5
      vertex 64.9886 42.2615 2.5
    endloop
  endfacet
  facet normal 0 0 1
    outer loop
      vertex 61.1935 39.3518 2.5
      vertex 65 42 2.5
      vertex 61.2 39.5 2.5
    endloop
  endfacet
  facet normal 0 0 1
    outer loop
      vertex 60.8023 40.5927 2.5
      vertex 64.9886 42.2615 2.5
      vertex 64.9544 42.521 2.5
    endloop
  endfacet
  facet normal 0 0 1
    outer loop
      vertex 61.1742 39.2048 2.5
      vertex 65 42 2.5
      vertex 61.1935 39.3518 2.5
    endloop
  endfacet
  facet normal 0 0 1
    outer loop
      vertex 60.8023 40.5927 2.5
      vertex 64.9544 42.521 2.5
      vertex 64.8978 42.7765 2.5
    endloop
  endfacet
  facet normal -0 0 1
    outer loop
      vertex 61.1935 -39.6482 2.5
      vertex 65 -42 2.5
      vertex 61.2 -39.5 2.5
    endloop
  endfacet
  facet normal 0 0 1
    outer loop
      vertex 60.8023 40.5927 2.5
      vertex 64.8978 42.7765 2.5
      vertex 64.8191 43.0261 2.5
    endloop
  endfacet
  facet normal -0 0 1
    outer loop
      vertex 61.1742 -39.7952 2.5
      vertex 65 -42 2.5
      vertex 61.1935 -39.6482 2.5
    endloop
  endfacet
  facet normal 0 0 1
    outer loop
      vertex 60.8023 40.5927 2.5
      vertex 64.8191 43.0261 2.5
      vertex 64.7189 43.2679 2.5
    endloop
  endfacet
  facet normal -0 0 1
    outer loop
      vertex 61.1421 -39.94 2.5
      vertex 65 -42 2.5
      vertex 61.1742 -39.7952 2.5
    endloop
  endfacet
  facet normal 0 0 1
    outer loop
      vertex 60.8023 40.5927 2.5
      vertex 64.7189 43.2679 2.5
      vertex 64.5981 43.5 2.5
    endloop
  endfacet
  facet normal -0 0 1
    outer loop
      vertex 61.0975 -40.0814 2.5
      vertex 65 -42 2.5
      vertex 61.1421 -39.94 2.5
    endloop
  endfacet
  facet normal 0 0 1
    outer loop
      vertex 60.7021 40.7021 2.5
      vertex 64.5981 43.5 2.5
      vertex 64.4575 43.7207 2.5
    endloop
  endfacet
  facet normal -0 0 1
    outer loop
      vertex 61.0407 -40.2185 2.5
      vertex 65 -42 2.5
      vertex 61.0975 -40.0814 2.5
    endloop
  endfacet
  facet normal 0 0 1
    outer loop
      vertex 60.7021 40.7021 2.5
      vertex 64.4575 43.7207 2.5
      vertex 64.2981 43.9284 2.5
    endloop
  endfacet
  facet normal -0 0 1
    outer loop
      vertex 60.9722 -40.35 2.5
      vertex 65 -42 2.5
      vertex 61.0407 -40.2185 2.5
    endloop
  endfacet
  facet normal 0 0 1
    outer loop
      vertex 60.7021 40.7021 2.5
      vertex 64.2981 43.9284 2.5
      vertex 64.1213 44.1213 2.5
    endloop
  endfacet
  facet normal -0 0 1
    outer loop
      vertex 60.8926 -40.4751 2.5
      vertex 65 -42 2.5
      vertex 60.9722 -40.35 2.5
    endloop
  endfacet
  facet normal 0 0 1
    outer loop
      vertex 60.7021 40.7021 2.5
      vertex 64.1213 44.1213 2.5
      vertex 63.9284 44.2981 2.5
    endloop
  endfacet
  facet normal -0 0 1
    outer loop
      vertex 60.8023 -40.5927 2.5
      vertex 65 -42 2.5
      vertex 60.8926 -40.4751 2.5
    endloop
  endfacet
  facet normal 0 0 1
    outer loop
      vertex 60.7021 40.7021 2.5
      vertex 63.9284 44.2981 2.5
      vertex 63.7207 44.4575 2.5
    endloop
  endfacet
  facet normal 0 0 1
    outer loop
      vertex 65 -42 2.5
      vertex 60.8023 -40.5927 2.5
      vertex 64.9886 -42.2615 2.5
    endloop
  endfacet
  facet normal 0 0 1
    outer loop
      vertex 60.7021 40.7021 2.5
      vertex 63.7207 44.4575 2.5
      vertex 63.5 44.5981 2.5
    endloop
  endfacet
  facet normal 0 0 1
    outer loop
      vertex 64.9886 -42.2615 2.5
      vertex 60.8023 -40.5927 2.5
      vertex 64.9544 -42.521 2.5
    endloop
  endfacet
  facet normal 0 0 1
    outer loop
      vertex 60.7021 40.7021 2.5
      vertex 63.5 44.5981 2.5
      vertex 63.2679 44.7189 2.5
    endloop
  endfacet
  facet normal 0 0 1
    outer loop
      vertex 64.9544 -42.521 2.5
      vertex 60.8023 -40.5927 2.5
      vertex 64.8978 -42.7765 2.5
    endloop
  endfacet
  facet normal 0 0 1
    outer loop
      vertex 60.5927 40.8023 2.5
      vertex 63.2679 44.7189 2.5
      vertex 63.0261 44.8191 2.5
    endloop
  endfacet
  facet normal 0 0 1
    outer loop
      vertex 64.8978 -42.7765 2.5
      vertex 60.8023 -40.5927 2.5
      vertex 64.8191 -43.0261 2.5
    endloop
  endfacet
  facet normal 0 0 1
    outer loop
      vertex 60.5927 40.8023 2.5
      vertex 63.0261 44.8191 2.5
      vertex 62.7765 44.8978 2.5
    endloop
  endfacet
  facet normal 0 0 1
    outer loop
      vertex 64.8191 -43.0261 2.5
      vertex 60.8023 -40.5927 2.5
      vertex 64.7189 -43.2679 2.5
    endloop
  endfacet
  facet normal 0 0 1
    outer loop
      vertex 60.5927 40.8023 2.5
      vertex 62.7765 44.8978 2.5
      vertex 62.521 44.9544 2.5
    endloop
  endfacet
  facet normal 0 0 1
    outer loop
      vertex 64.7189 -43.2679 2.5
      vertex 60.8023 -40.5927 2.5
      vertex 64.5981 -43.5 2.5
    endloop
  endfacet
  facet normal 0 0 1
    outer loop
      vertex 60.5927 40.8023 2.5
      vertex 62.521 44.9544 2.5
      vertex 62.2615 44.9886 2.5
    endloop
  endfacet
  facet normal -0 0 1
    outer loop
      vertex 60.7021 -40.7021 2.5
      vertex 64.5981 -43.5 2.5
      vertex 60.8023 -40.5927 2.5
    endloop
  endfacet
  facet normal 0 0 1
    outer loop
      vertex 60.5927 40.8023 2.5
      vertex 62.2615 44.9886 2.5
      vertex 62 45 2.5
    endloop
  endfacet
  facet normal 0 0 1
    outer loop
      vertex 64.5981 -43.5 2.5
      vertex 60.7021 -40.7021 2.5
      vertex 64.4575 -43.7207 2.5
    endloop
  endfacet
  facet normal 0 0 1
    outer loop
      vertex 64.4575 -43.7207 2.5
      vertex 60.7021 -40.7021 2.5
      vertex 64.2981 -43.9284 2.5
    endloop
  endfacet
  facet normal 0 0 1
    outer loop
      vertex 65 42 2.5
      vertex 61.1935 39.6482 2.5
      vertex 61.2 39.5 2.5
    endloop
  endfacet
  facet normal 0 0 1
    outer loop
      vertex 65 42 2.5
      vertex 61.1742 39.7952 2.5
      vertex 61.1935 39.6482 2.5
    endloop
  endfacet
  facet normal 0 0 1
    outer loop
      vertex 65 42 2.5
      vertex 61.1421 39.94 2.5
      vertex 61.1742 39.7952 2.5
    endloop
  endfacet
  facet normal 0 0 1
    outer loop
      vertex 65 42 2.5
      vertex 61.0975 40.0814 2.5
      vertex 61.1421 39.94 2.5
    endloop
  endfacet
  facet normal 0 0 1
    outer loop
      vertex 65 42 2.5
      vertex 61.0407 40.2185 2.5
      vertex 61.0975 40.0814 2.5
    endloop
  endfacet
  facet normal 0 0 1
    outer loop
      vertex 65 42 2.5
      vertex 60.9722 40.35 2.5
      vertex 61.0407 40.2185 2.5
    endloop
  endfacet
  facet normal 0 0 1
    outer loop
      vertex 65 42 2.5
      vertex 60.8926 40.4751 2.5
      vertex 60.9722 40.35 2.5
    endloop
  endfacet
  facet normal 0 0 1
    outer loop
      vertex 65 42 2.5
      vertex 60.8023 40.5927 2.5
      vertex 60.8926 40.4751 2.5
    endloop
  endfacet
  facet normal 0 0 1
    outer loop
      vertex 64.5981 43.5 2.5
      vertex 60.7021 40.7021 2.5
      vertex 60.8023 40.5927 2.5
    endloop
  endfacet
  facet normal 0 0 1
    outer loop
      vertex 63.2679 44.7189 2.5
      vertex 60.5927 40.8023 2.5
      vertex 60.7021 40.7021 2.5
    endloop
  endfacet
  facet normal 0 0 1
    outer loop
      vertex 62 45 2.5
      vertex 60.4751 40.8926 2.5
      vertex 60.5927 40.8023 2.5
    endloop
  endfacet
  facet normal 0 0 1
    outer loop
      vertex 62 45 2.5
      vertex 60.35 40.9722 2.5
      vertex 60.4751 40.8926 2.5
    endloop
  endfacet
  facet normal 0 0 1
    outer loop
      vertex 62 45 2.5
      vertex 60.2185 41.0407 2.5
      vertex 60.35 40.9722 2.5
    endloop
  endfacet
  facet normal 0 0 1
    outer loop
      vertex 62 45 2.5
      vertex 60.0814 41.0975 2.5
      vertex 60.2185 41.0407 2.5
    endloop
  endfacet
  facet normal 0 0 1
    outer loop
      vertex 62 45 2.5
      vertex 59.94 41.1421 2.5
      vertex 60.0814 41.0975 2.5
    endloop
  endfacet
  facet normal 0 0 1
    outer loop
      vertex 62 45 2.5
      vertex 59.7952 41.1742 2.5
      vertex 59.94 41.1421 2.5
    endloop
  endfacet
  facet normal 0 0 1
    outer loop
      vertex 62 45 2.5
      vertex 59.6482 41.1935 2.5
      vertex 59.7952 41.1742 2.5
    endloop
  endfacet
  facet normal 0 0 1
    outer loop
      vertex 62 45 2.5
      vertex 59.5 41.2 2.5
      vertex 59.6482 41.1935 2.5
    endloop
  endfacet
  facet normal 0 0 1
    outer loop
      vertex 62 45 2.5
      vertex 59.3518 41.1935 2.5
      vertex 59.5 41.2 2.5
    endloop
  endfacet
  facet normal 0 0 1
    outer loop
      vertex 62 45 2.5
      vertex 59.2048 41.1742 2.5
      vertex 59.3518 41.1935 2.5
    endloop
  endfacet
  facet normal 0 0 1
    outer loop
      vertex 62 45 2.5
      vertex 59.06 41.1421 2.5
      vertex 59.2048 41.1742 2.5
    endloop
  endfacet
  facet normal 0 0 1
    outer loop
      vertex 62 45 2.5
      vertex 58.9186 41.0975 2.5
      vertex 59.06 41.1421 2.5
    endloop
  endfacet
  facet normal 0 0 1
    outer loop
      vertex 62 45 2.5
      vertex 58.7815 41.0407 2.5
      vertex 58.9186 41.0975 2.5
    endloop
  endfacet
  facet normal 0 0 1
    outer loop
      vertex 62 45 2.5
      vertex 58.65 40.9722 2.5
      vertex 58.7815 41.0407 2.5
    endloop
  endfacet
  facet normal 0 0 1
    outer loop
      vertex 62 45 2.5
      vertex 58.5249 40.8926 2.5
      vertex 58.65 40.9722 2.5
    endloop
  endfacet
  facet normal 0 0 1
    outer loop
      vertex 62 45 2.5
      vertex 58.4073 40.8023 2.5
      vertex 58.5249 40.8926 2.5
    endloop
  endfacet
  facet normal 0 0 1
    outer loop
      vertex 62 45 2.5
      vertex 58.2979 40.7021 2.5
      vertex 58.4073 40.8023 2.5
    endloop
  endfacet
  facet normal 0 0 1
    outer loop
      vertex 62 45 2.5
      vertex 58.1977 40.5927 2.5
      vertex 58.2979 40.7021 2.5
    endloop
  endfacet
  facet normal 0 0 1
    outer loop
      vertex 57.8258 -39.2048 2.5
      vertex -57.8 -39.5 2.5
      vertex 57.8065 -39.3518 2.5
    endloop
  endfacet
  facet normal 0 0 1
    outer loop
      vertex 57.8065 39.6482 2.5
      vertex -57.8 39.5 2.5
      vertex 57.8 39.5 2.5
    endloop
  endfacet
  facet normal 0 0 1
    outer loop
      vertex -57.8065 39.6482 2.5
      vertex 57.8065 39.6482 2.5
      vertex 57.8258 39.7952 2.5
    endloop
  endfacet
  facet normal 0 0 1
    outer loop
      vertex -57.8258 39.7952 2.5
      vertex 57.8258 39.7952 2.5
      vertex 57.8579 39.94 2.5
    endloop
  endfacet
  facet normal 0 0 1
    outer loop
      vertex -57.8579 39.94 2.5
      vertex 57.8579 39.94 2.5
      vertex 57.9025 40.0814 2.5
    endloop
  endfacet
  facet normal 0 0 1
    outer loop
      vertex -57.9025 40.0814 2.5
      vertex 57.9025 40.0814 2.5
      vertex 57.9593 40.2185 2.5
    endloop
  endfacet
  facet normal 0 0 1
    outer loop
      vertex -57.9593 40.2185 2.5
      vertex 57.9593 40.2185 2.5
      vertex 58.0278 40.35 2.5
    endloop
  endfacet
  facet normal 0 0 1
    outer loop
      vertex -58.0278 40.35 2.5
      vertex 58.0278 40.35 2.5
      vertex 58.1074 40.4751 2.5
    endloop
  endfacet
  facet normal 0 0 1
    outer loop
      vertex -58.1074 40.4751 2.5
      vertex 58.1074 40.4751 2.5
      vertex 58.1977 40.5927 2.5
    endloop
  endfacet
  facet normal 0 0 1
    outer loop
      vertex -58.1977 40.5927 2.5
      vertex 58.1977 40.5927 2.5
      vertex 62 45 2.5
    endloop
  endfacet
  facet normal 0 0 1
    outer loop
      vertex 57.8065 39.6482 2.5
      vertex -57.8065 39.6482 2.5
      vertex -57.8 39.5 2.5
    endloop
  endfacet
  facet normal 0 0 1
    outer loop
      vertex 57.8258 39.7952 2.5
      vertex -57.8258 39.7952 2.5
      vertex -57.8065 39.6482 2.5
    endloop
  endfacet
  facet normal 0 0 1
    outer loop
      vertex 57.8579 39.94 2.5
      vertex -57.8579 39.94 2.5
      vertex -57.8258 39.7952 2.5
    endloop
  endfacet
  facet normal 0 0 1
    outer loop
      vertex 57.9025 40.0814 2.5
      vertex -57.9025 40.0814 2.5
      vertex -57.8579 39.94 2.5
    endloop
  endfacet
  facet normal 0 0 1
    outer loop
      vertex 57.9593 40.2185 2.5
      vertex -57.9593 40.2185 2.5
      vertex -57.9025 40.0814 2.5
    endloop
  endfacet
  facet normal 0 0 1
    outer loop
      vertex 58.0278 40.35 2.5
      vertex -58.0278 40.35 2.5
      vertex -57.9593 40.2185 2.5
    endloop
  endfacet
  facet normal 0 0 1
    outer loop
      vertex 58.1074 40.4751 2.5
      vertex -58.1074 40.4751 2.5
      vertex -58.0278 40.35 2.5
    endloop
  endfacet
  facet normal 0 0 1
    outer loop
      vertex 58.1977 40.5927 2.5
      vertex -58.1977 40.5927 2.5
      vertex -58.1074 40.4751 2.5
    endloop
  endfacet
  facet normal 0 0 1
    outer loop
      vertex 62 45 2.5
      vertex -58.2979 40.7021 2.5
      vertex -58.1977 40.5927 2.5
    endloop
  endfacet
  facet normal -0 0 1
    outer loop
      vertex -62 45 2.5
      vertex -58.2979 40.7021 2.5
      vertex 62 45 2.5
    endloop
  endfacet
  facet normal 0 0 1
    outer loop
      vertex -58.2979 40.7021 2.5
      vertex -62 45 2.5
      vertex -58.4073 40.8023 2.5
    endloop
  endfacet
  facet normal 0 0 1
    outer loop
      vertex -58.4073 40.8023 2.5
      vertex -62 45 2.5
      vertex -58.5249 40.8926 2.5
    endloop
  endfacet
  facet normal 0 0 1
    outer loop
      vertex -58.5249 40.8926 2.5
      vertex -62 45 2.5
      vertex -58.65 40.9722 2.5
    endloop
  endfacet
  facet normal 0 0 1
    outer loop
      vertex -58.65 40.9722 2.5
      vertex -62 45 2.5
      vertex -58.7815 41.0407 2.5
    endloop
  endfacet
  facet normal 0 0 1
    outer loop
      vertex -58.7815 41.0407 2.5
      vertex -62 45 2.5
      vertex -58.9186 41.0975 2.5
    endloop
  endfacet
  facet normal 0 0 1
    outer loop
      vertex -58.9186 41.0975 2.5
      vertex -62 45 2.5
      vertex -59.06 41.1421 2.5
    endloop
  endfacet
  facet normal 0 0 1
    outer loop
      vertex -59.06 41.1421 2.5
      vertex -62 45 2.5
      vertex -59.2048 41.1742 2.5
    endloop
  endfacet
  facet normal 0 0 1
    outer loop
      vertex -59.2048 41.1742 2.5
      vertex -62 45 2.5
      vertex -59.3518 41.1935 2.5
    endloop
  endfacet
  facet normal -0 0 1
    outer loop
      vertex -64.2981 43.9284 2.5
      vertex -60.7021 40.7021 2.5
      vertex -64.1213 44.1213 2.5
    endloop
  endfacet
  facet normal -0 0 1
    outer loop
      vertex -64.1213 44.1213 2.5
      vertex -60.7021 40.7021 2.5
      vertex -63.9284 44.2981 2.5
    endloop
  endfacet
  facet normal -0 0 1
    outer loop
      vertex -63.9284 44.2981 2.5
      vertex -60.7021 40.7021 2.5
      vertex -63.7207 44.4575 2.5
    endloop
  endfacet
  facet normal -0 0 1
    outer loop
      vertex -63.7207 44.4575 2.5
      vertex -60.7021 40.7021 2.5
      vertex -63.5 44.5981 2.5
    endloop
  endfacet
  facet normal -0 0 1
    outer loop
      vertex -63.5 44.5981 2.5
      vertex -60.7021 40.7021 2.5
      vertex -63.2679 44.7189 2.5
    endloop
  endfacet
  facet normal 0 0 1
    outer loop
      vertex -60.5927 40.8023 2.5
      vertex -63.2679 44.7189 2.5
      vertex -60.7021 40.7021 2.5
    endloop
  endfacet
  facet normal -0 0 1
    outer loop
      vertex -63.2679 44.7189 2.5
      vertex -60.5927 40.8023 2.5
      vertex -63.0261 44.8191 2.5
    endloop
  endfacet
  facet normal -0 0 1
    outer loop
      vertex -63.0261 44.8191 2.5
      vertex -60.5927 40.8023 2.5
      vertex -62.7765 44.8978 2.5
    endloop
  endfacet
  facet normal -0 0 1
    outer loop
      vertex -62.7765 44.8978 2.5
      vertex -60.5927 40.8023 2.5
      vertex -62.521 44.9544 2.5
    endloop
  endfacet
  facet normal -0 0 1
    outer loop
      vertex -62.521 44.9544 2.5
      vertex -60.5927 40.8023 2.5
      vertex -62.2615 44.9886 2.5
    endloop
  endfacet
  facet normal -0 0 1
    outer loop
      vertex -62.2615 44.9886 2.5
      vertex -60.5927 40.8023 2.5
      vertex -62 45 2.5
    endloop
  endfacet
  facet normal 0 0 1
    outer loop
      vertex -60.4751 40.8926 2.5
      vertex -62 45 2.5
      vertex -60.5927 40.8023 2.5
    endloop
  endfacet
  facet normal 0 0 1
    outer loop
      vertex -60.35 40.9722 2.5
      vertex -62 45 2.5
      vertex -60.4751 40.8926 2.5
    endloop
  endfacet
  facet normal 0 0 1
    outer loop
      vertex -60.2185 41.0407 2.5
      vertex -62 45 2.5
      vertex -60.35 40.9722 2.5
    endloop
  endfacet
  facet normal 0 0 1
    outer loop
      vertex -60.0814 41.0975 2.5
      vertex -62 45 2.5
      vertex -60.2185 41.0407 2.5
    endloop
  endfacet
  facet normal 0 0 1
    outer loop
      vertex -59.94 41.1421 2.5
      vertex -62 45 2.5
      vertex -60.0814 41.0975 2.5
    endloop
  endfacet
  facet normal 0 0 1
    outer loop
      vertex -59.7952 41.1742 2.5
      vertex -62 45 2.5
      vertex -59.94 41.1421 2.5
    endloop
  endfacet
  facet normal 0 0 1
    outer loop
      vertex -59.6482 41.1935 2.5
      vertex -62 45 2.5
      vertex -59.7952 41.1742 2.5
    endloop
  endfacet
  facet normal 0 0 1
    outer loop
      vertex -59.5 41.2 2.5
      vertex -62 45 2.5
      vertex -59.6482 41.1935 2.5
    endloop
  endfacet
  facet normal 0 0 1
    outer loop
      vertex -59.3518 41.1935 2.5
      vertex -62 45 2.5
      vertex -59.5 41.2 2.5
    endloop
  endfacet
  facet normal 0 0 1
    outer loop
      vertex 64.2981 -43.9284 2.5
      vertex 60.7021 -40.7021 2.5
      vertex 64.1213 -44.1213 2.5
    endloop
  endfacet
  facet normal 0 0 1
    outer loop
      vertex 64.1213 -44.1213 2.5
      vertex 60.7021 -40.7021 2.5
      vertex 63.9284 -44.2981 2.5
    endloop
  endfacet
  facet normal 0 0 1
    outer loop
      vertex 63.9284 -44.2981 2.5
      vertex 60.7021 -40.7021 2.5
      vertex 63.7207 -44.4575 2.5
    endloop
  endfacet
  facet normal 0 0 1
    outer loop
      vertex 63.7207 -44.4575 2.5
      vertex 60.7021 -40.7021 2.5
      vertex 63.5 -44.5981 2.5
    endloop
  endfacet
  facet normal 0 0 1
    outer loop
      vertex 63.5 -44.5981 2.5
      vertex 60.7021 -40.7021 2.5
      vertex 63.2679 -44.7189 2.5
    endloop
  endfacet
  facet normal -0 0 1
    outer loop
      vertex 60.5927 -40.8023 2.5
      vertex 63.2679 -44.7189 2.5
      vertex 60.7021 -40.7021 2.5
    endloop
  endfacet
  facet normal 0 0 1
    outer loop
      vertex 63.2679 -44.7189 2.5
      vertex 60.5927 -40.8023 2.5
      vertex 63.0261 -44.8191 2.5
    endloop
  endfacet
  facet normal 0 0 1
    outer loop
      vertex 63.0261 -44.8191 2.5
      vertex 60.5927 -40.8023 2.5
      vertex 62.7765 -44.8978 2.5
    endloop
  endfacet
  facet normal 0 0 1
    outer loop
      vertex 62.7765 -44.8978 2.5
      vertex 60.5927 -40.8023 2.5
      vertex 62.521 -44.9544 2.5
    endloop
  endfacet
  facet normal 0 0 1
    outer loop
      vertex 62.521 -44.9544 2.5
      vertex 60.5927 -40.8023 2.5
      vertex 62.2615 -44.9886 2.5
    endloop
  endfacet
  facet normal 0 0 1
    outer loop
      vertex 62.2615 -44.9886 2.5
      vertex 60.5927 -40.8023 2.5
      vertex 62 -45 2.5
    endloop
  endfacet
  facet normal -0 0 1
    outer loop
      vertex 60.4751 -40.8926 2.5
      vertex 62 -45 2.5
      vertex 60.5927 -40.8023 2.5
    endloop
  endfacet
  facet normal -0 0 1
    outer loop
      vertex 60.35 -40.9722 2.5
      vertex 62 -45 2.5
      vertex 60.4751 -40.8926 2.5
    endloop
  endfacet
  facet normal -0 0 1
    outer loop
      vertex 60.2185 -41.0407 2.5
      vertex 62 -45 2.5
      vertex 60.35 -40.9722 2.5
    endloop
  endfacet
  facet normal -0 0 1
    outer loop
      vertex 60.0814 -41.0975 2.5
      vertex 62 -45 2.5
      vertex 60.2185 -41.0407 2.5
    endloop
  endfacet
  facet normal -0 0 1
    outer loop
      vertex 59.94 -41.1421 2.5
      vertex 62 -45 2.5
      vertex 60.0814 -41.0975 2.5
    endloop
  endfacet
  facet normal -0 0 1
    outer loop
      vertex 59.7952 -41.1742 2.5
      vertex 62 -45 2.5
      vertex 59.94 -41.1421 2.5
    endloop
  endfacet
  facet normal -0 0 1
    outer loop
      vertex 59.6482 -41.1935 2.5
      vertex 62 -45 2.5
      vertex 59.7952 -41.1742 2.5
    endloop
  endfacet
  facet normal -0 0 1
    outer loop
      vertex 59.5 -41.2 2.5
      vertex 62 -45 2.5
      vertex 59.6482 -41.1935 2.5
    endloop
  endfacet
  facet normal 0 0 1
    outer loop
      vertex 59.3518 -41.1935 2.5
      vertex 62 -45 2.5
      vertex 59.5 -41.2 2.5
    endloop
  endfacet
  facet normal 0 0 1
    outer loop
      vertex 59.2048 -41.1742 2.5
      vertex 62 -45 2.5
      vertex 59.3518 -41.1935 2.5
    endloop
  endfacet
  facet normal 0 0 1
    outer loop
      vertex 59.06 -41.1421 2.5
      vertex 62 -45 2.5
      vertex 59.2048 -41.1742 2.5
    endloop
  endfacet
  facet normal 0 0 1
    outer loop
      vertex 58.9186 -41.0975 2.5
      vertex 62 -45 2.5
      vertex 59.06 -41.1421 2.5
    endloop
  endfacet
  facet normal 0 0 1
    outer loop
      vertex 58.7815 -41.0407 2.5
      vertex 62 -45 2.5
      vertex 58.9186 -41.0975 2.5
    endloop
  endfacet
  facet normal 0 0 1
    outer loop
      vertex 58.65 -40.9722 2.5
      vertex 62 -45 2.5
      vertex 58.7815 -41.0407 2.5
    endloop
  endfacet
  facet normal 0 0 1
    outer loop
      vertex 58.5249 -40.8926 2.5
      vertex 62 -45 2.5
      vertex 58.65 -40.9722 2.5
    endloop
  endfacet
  facet normal 0 0 1
    outer loop
      vertex 58.4073 -40.8023 2.5
      vertex 62 -45 2.5
      vertex 58.5249 -40.8926 2.5
    endloop
  endfacet
  facet normal 0 0 1
    outer loop
      vertex 58.2979 -40.7021 2.5
      vertex 62 -45 2.5
      vertex 58.4073 -40.8023 2.5
    endloop
  endfacet
  facet normal 0 0 1
    outer loop
      vertex 58.1977 -40.5927 2.5
      vertex 62 -45 2.5
      vertex 58.2979 -40.7021 2.5
    endloop
  endfacet
  facet normal 0 0 1
    outer loop
      vertex 57.8065 -39.3518 2.5
      vertex -57.8 -39.5 2.5
      vertex 57.8 -39.5 2.5
    endloop
  endfacet
  facet normal 0 0 1
    outer loop
      vertex 57.8 -39.5 2.5
      vertex -57.8 -39.5 2.5
      vertex 57.8065 -39.6482 2.5
    endloop
  endfacet
  facet normal 0 0 1
    outer loop
      vertex -57.8065 -39.6482 2.5
      vertex 57.8065 -39.6482 2.5
      vertex -57.8 -39.5 2.5
    endloop
  endfacet
  facet normal 0 0 1
    outer loop
      vertex 57.8065 -39.6482 2.5
      vertex -57.8065 -39.6482 2.5
      vertex 57.8258 -39.7952 2.5
    endloop
  endfacet
  facet normal 0 0 1
    outer loop
      vertex -57.8258 -39.7952 2.5
      vertex 57.8258 -39.7952 2.5
      vertex -57.8065 -39.6482 2.5
    endloop
  endfacet
  facet normal 0 0 1
    outer loop
      vertex 57.8258 -39.7952 2.5
      vertex -57.8258 -39.7952 2.5
      vertex 57.8579 -39.94 2.5
    endloop
  endfacet
  facet normal 0 0 1
    outer loop
      vertex -57.8579 -39.94 2.5
      vertex 57.8579 -39.94 2.5
      vertex -57.8258 -39.7952 2.5
    endloop
  endfacet
  facet normal 0 0 1
    outer loop
      vertex 57.8579 -39.94 2.5
      vertex -57.8579 -39.94 2.5
      vertex 57.9025 -40.0814 2.5
    endloop
  endfacet
  facet normal 0 0 1
    outer loop
      vertex -57.9025 -40.0814 2.5
      vertex 57.9025 -40.0814 2.5
      vertex -57.8579 -39.94 2.5
    endloop
  endfacet
  facet normal 0 0 1
    outer loop
      vertex 57.9025 -40.0814 2.5
      vertex -57.9025 -40.0814 2.5
      vertex 57.9593 -40.2185 2.5
    endloop
  endfacet
  facet normal 0 0 1
    outer loop
      vertex -57.9593 -40.2185 2.5
      vertex 57.9593 -40.2185 2.5
      vertex -57.9025 -40.0814 2.5
    endloop
  endfacet
  facet normal 0 0 1
    outer loop
      vertex 57.9593 -40.2185 2.5
      vertex -57.9593 -40.2185 2.5
      vertex 58.0278 -40.35 2.5
    endloop
  endfacet
  facet normal 0 0 1
    outer loop
      vertex -58.0278 -40.35 2.5
      vertex 58.0278 -40.35 2.5
      vertex -57.9593 -40.2185 2.5
    endloop
  endfacet
  facet normal 0 0 1
    outer loop
      vertex 58.0278 -40.35 2.5
      vertex -58.0278 -40.35 2.5
      vertex 58.1074 -40.4751 2.5
    endloop
  endfacet
  facet normal 0 0 1
    outer loop
      vertex -58.1074 -40.4751 2.5
      vertex 58.1074 -40.4751 2.5
      vertex -58.0278 -40.35 2.5
    endloop
  endfacet
  facet normal 0 0 1
    outer loop
      vertex 58.1074 -40.4751 2.5
      vertex -58.1074 -40.4751 2.5
      vertex 58.1977 -40.5927 2.5
    endloop
  endfacet
  facet normal 0 0 1
    outer loop
      vertex -58.1977 -40.5927 2.5
      vertex 58.1977 -40.5927 2.5
      vertex -58.1074 -40.4751 2.5
    endloop
  endfacet
  facet normal 0 0 1
    outer loop
      vertex 58.1977 -40.5927 2.5
      vertex -58.1977 -40.5927 2.5
      vertex 62 -45 2.5
    endloop
  endfacet
  facet normal -0 0 1
    outer loop
      vertex -58.2979 -40.7021 2.5
      vertex 62 -45 2.5
      vertex -58.1977 -40.5927 2.5
    endloop
  endfacet
  facet normal 0 0 1
    outer loop
      vertex -62 -45 2.5
      vertex -58.2979 -40.7021 2.5
      vertex -58.4073 -40.8023 2.5
    endloop
  endfacet
  facet normal 0 0 1
    outer loop
      vertex -62 -45 2.5
      vertex -58.4073 -40.8023 2.5
      vertex -58.5249 -40.8926 2.5
    endloop
  endfacet
  facet normal 0 0 1
    outer loop
      vertex -62 -45 2.5
      vertex -58.5249 -40.8926 2.5
      vertex -58.65 -40.9722 2.5
    endloop
  endfacet
  facet normal 0 0 1
    outer loop
      vertex -62 -45 2.5
      vertex -58.65 -40.9722 2.5
      vertex -58.7815 -41.0407 2.5
    endloop
  endfacet
  facet normal 0 0 1
    outer loop
      vertex -62 -45 2.5
      vertex -58.7815 -41.0407 2.5
      vertex -58.9186 -41.0975 2.5
    endloop
  endfacet
  facet normal 0 0 1
    outer loop
      vertex -62 -45 2.5
      vertex -58.9186 -41.0975 2.5
      vertex -59.06 -41.1421 2.5
    endloop
  endfacet
  facet normal 0 0 1
    outer loop
      vertex -62 -45 2.5
      vertex -59.06 -41.1421 2.5
      vertex -59.2048 -41.1742 2.5
    endloop
  endfacet
  facet normal 0 0 1
    outer loop
      vertex -62 -45 2.5
      vertex -59.2048 -41.1742 2.5
      vertex -59.3518 -41.1935 2.5
    endloop
  endfacet
  facet normal 0 0 1
    outer loop
      vertex -62 -45 2.5
      vertex -59.3518 -41.1935 2.5
      vertex -59.5 -41.2 2.5
    endloop
  endfacet
  facet normal 0 0 1
    outer loop
      vertex -58.2979 -40.7021 2.5
      vertex -62 -45 2.5
      vertex 62 -45 2.5
    endloop
  endfacet
  facet normal 0 0 1
    outer loop
      vertex -59.6482 -41.1935 2.5
      vertex -62 -45 2.5
      vertex -59.5 -41.2 2.5
    endloop
  endfacet
  facet normal 0 0 1
    outer loop
      vertex -59.7952 -41.1742 2.5
      vertex -62 -45 2.5
      vertex -59.6482 -41.1935 2.5
    endloop
  endfacet
  facet normal 0 0 1
    outer loop
      vertex -59.94 -41.1421 2.5
      vertex -62 -45 2.5
      vertex -59.7952 -41.1742 2.5
    endloop
  endfacet
  facet normal 0 0 1
    outer loop
      vertex -60.0814 -41.0975 2.5
      vertex -62 -45 2.5
      vertex -59.94 -41.1421 2.5
    endloop
  endfacet
  facet normal 0 0 1
    outer loop
      vertex -60.2185 -41.0407 2.5
      vertex -62 -45 2.5
      vertex -60.0814 -41.0975 2.5
    endloop
  endfacet
  facet normal 0 0 1
    outer loop
      vertex -60.35 -40.9722 2.5
      vertex -62 -45 2.5
      vertex -60.2185 -41.0407 2.5
    endloop
  endfacet
  facet normal 0 0 1
    outer loop
      vertex -60.4751 -40.8926 2.5
      vertex -62 -45 2.5
      vertex -60.35 -40.9722 2.5
    endloop
  endfacet
  facet normal 0 0 1
    outer loop
      vertex -60.5927 -40.8023 2.5
      vertex -62 -45 2.5
      vertex -60.4751 -40.8926 2.5
    endloop
  endfacet
  facet normal 0 0 1
    outer loop
      vertex -63.2679 -44.7189 2.5
      vertex -60.5927 -40.8023 2.5
      vertex -60.7021 -40.7021 2.5
    endloop
  endfacet
  facet normal 0 0 1
    outer loop
      vertex -64.5981 -43.5 2.5
      vertex -60.7021 -40.7021 2.5
      vertex -60.8023 -40.5927 2.5
    endloop
  endfacet
  facet normal 0 0 1
    outer loop
      vertex -65 -42 2.5
      vertex -60.8023 -40.5927 2.5
      vertex -60.8926 -40.4751 2.5
    endloop
  endfacet
  facet normal 0 0 1
    outer loop
      vertex -65 -42 2.5
      vertex -60.8926 -40.4751 2.5
      vertex -60.9722 -40.35 2.5
    endloop
  endfacet
  facet normal 0 0 1
    outer loop
      vertex -65 -42 2.5
      vertex -60.9722 -40.35 2.5
      vertex -61.0407 -40.2185 2.5
    endloop
  endfacet
  facet normal 0 0 1
    outer loop
      vertex -65 -42 2.5
      vertex -61.0407 -40.2185 2.5
      vertex -61.0975 -40.0814 2.5
    endloop
  endfacet
  facet normal 0 0 1
    outer loop
      vertex -65 -42 2.5
      vertex -61.0975 -40.0814 2.5
      vertex -61.1421 -39.94 2.5
    endloop
  endfacet
  facet normal 0 0 1
    outer loop
      vertex -65 -42 2.5
      vertex -61.1421 -39.94 2.5
      vertex -61.1742 -39.7952 2.5
    endloop
  endfacet
  facet normal 0 0 1
    outer loop
      vertex -65 -42 2.5
      vertex -61.1742 -39.7952 2.5
      vertex -61.1935 -39.6482 2.5
    endloop
  endfacet
  facet normal 0 0 1
    outer loop
      vertex -65 -42 2.5
      vertex -61.1935 -39.6482 2.5
      vertex -61.2 -39.5 2.5
    endloop
  endfacet
  facet normal 0 0 1
    outer loop
      vertex -61.1742 -39.2048 2.5
      vertex -65 -42 2.5
      vertex -61.1935 -39.3518 2.5
    endloop
  endfacet
  facet normal -0 0 1
    outer loop
      vertex -64.4575 43.7207 2.5
      vertex -60.7021 40.7021 2.5
      vertex -64.2981 43.9284 2.5
    endloop
  endfacet
  facet normal 0 0 1
    outer loop
      vertex -61.1935 -39.3518 2.5
      vertex -65 -42 2.5
      vertex -61.2 -39.5 2.5
    endloop
  endfacet
  facet normal -0 0 1
    outer loop
      vertex -64.5981 43.5 2.5
      vertex -60.7021 40.7021 2.5
      vertex -64.4575 43.7207 2.5
    endloop
  endfacet
  facet normal 0 0 1
    outer loop
      vertex -60.8023 -40.5927 2.5
      vertex -65 -42 2.5
      vertex -64.9886 -42.2615 2.5
    endloop
  endfacet
  facet normal 0 0 1
    outer loop
      vertex -60.7021 40.7021 2.5
      vertex -64.5981 43.5 2.5
      vertex -60.8023 40.5927 2.5
    endloop
  endfacet
  facet normal 0 0 1
    outer loop
      vertex -60.5927 -40.8023 2.5
      vertex -62.2615 -44.9886 2.5
      vertex -62 -45 2.5
    endloop
  endfacet
  facet normal -0 0 1
    outer loop
      vertex -64.7189 43.2679 2.5
      vertex -60.8023 40.5927 2.5
      vertex -64.5981 43.5 2.5
    endloop
  endfacet
  facet normal 0 0 1
    outer loop
      vertex -60.5927 -40.8023 2.5
      vertex -62.521 -44.9544 2.5
      vertex -62.2615 -44.9886 2.5
    endloop
  endfacet
  facet normal -0 0 1
    outer loop
      vertex -64.8191 43.0261 2.5
      vertex -60.8023 40.5927 2.5
      vertex -64.7189 43.2679 2.5
    endloop
  endfacet
  facet normal 0 0 1
    outer loop
      vertex -60.5927 -40.8023 2.5
      vertex -62.7765 -44.8978 2.5
      vertex -62.521 -44.9544 2.5
    endloop
  endfacet
  facet normal -0 0 1
    outer loop
      vertex -64.8978 42.7765 2.5
      vertex -60.8023 40.5927 2.5
      vertex -64.8191 43.0261 2.5
    endloop
  endfacet
  facet normal 0 0 1
    outer loop
      vertex -60.5927 -40.8023 2.5
      vertex -63.0261 -44.8191 2.5
      vertex -62.7765 -44.8978 2.5
    endloop
  endfacet
  facet normal -0 0 1
    outer loop
      vertex -64.9544 42.521 2.5
      vertex -60.8023 40.5927 2.5
      vertex -64.8978 42.7765 2.5
    endloop
  endfacet
  facet normal 0 0 1
    outer loop
      vertex -60.5927 -40.8023 2.5
      vertex -63.2679 -44.7189 2.5
      vertex -63.0261 -44.8191 2.5
    endloop
  endfacet
  facet normal -0 0 1
    outer loop
      vertex -64.9886 42.2615 2.5
      vertex -60.8023 40.5927 2.5
      vertex -64.9544 42.521 2.5
    endloop
  endfacet
  facet normal 0 0 1
    outer loop
      vertex -60.7021 -40.7021 2.5
      vertex -63.5 -44.5981 2.5
      vertex -63.2679 -44.7189 2.5
    endloop
  endfacet
  facet normal -0 0 1
    outer loop
      vertex -65 42 2.5
      vertex -60.8023 40.5927 2.5
      vertex -64.9886 42.2615 2.5
    endloop
  endfacet
  facet normal 0 0 1
    outer loop
      vertex -60.7021 -40.7021 2.5
      vertex -63.7207 -44.4575 2.5
      vertex -63.5 -44.5981 2.5
    endloop
  endfacet
  facet normal 0 0 1
    outer loop
      vertex -60.8023 40.5927 2.5
      vertex -65 42 2.5
      vertex -60.8926 40.4751 2.5
    endloop
  endfacet
  facet normal 0 0 1
    outer loop
      vertex -60.7021 -40.7021 2.5
      vertex -63.9284 -44.2981 2.5
      vertex -63.7207 -44.4575 2.5
    endloop
  endfacet
  facet normal 0 0 1
    outer loop
      vertex -60.8926 40.4751 2.5
      vertex -65 42 2.5
      vertex -60.9722 40.35 2.5
    endloop
  endfacet
  facet normal 0 0 1
    outer loop
      vertex -60.7021 -40.7021 2.5
      vertex -64.1213 -44.1213 2.5
      vertex -63.9284 -44.2981 2.5
    endloop
  endfacet
  facet normal 0 0 1
    outer loop
      vertex -60.9722 40.35 2.5
      vertex -65 42 2.5
      vertex -61.0407 40.2185 2.5
    endloop
  endfacet
  facet normal 0 0 1
    outer loop
      vertex -60.7021 -40.7021 2.5
      vertex -64.2981 -43.9284 2.5
      vertex -64.1213 -44.1213 2.5
    endloop
  endfacet
  facet normal 0 0 1
    outer loop
      vertex -61.0407 40.2185 2.5
      vertex -65 42 2.5
      vertex -61.0975 40.0814 2.5
    endloop
  endfacet
  facet normal 0 0 1
    outer loop
      vertex -60.7021 -40.7021 2.5
      vertex -64.4575 -43.7207 2.5
      vertex -64.2981 -43.9284 2.5
    endloop
  endfacet
  facet normal 0 0 1
    outer loop
      vertex -61.0975 40.0814 2.5
      vertex -65 42 2.5
      vertex -61.1421 39.94 2.5
    endloop
  endfacet
  facet normal 0 0 1
    outer loop
      vertex -60.7021 -40.7021 2.5
      vertex -64.5981 -43.5 2.5
      vertex -64.4575 -43.7207 2.5
    endloop
  endfacet
  facet normal 0 0 1
    outer loop
      vertex -61.1421 39.94 2.5
      vertex -65 42 2.5
      vertex -61.1742 39.7952 2.5
    endloop
  endfacet
  facet normal 0 0 1
    outer loop
      vertex -60.8023 -40.5927 2.5
      vertex -64.7189 -43.2679 2.5
      vertex -64.5981 -43.5 2.5
    endloop
  endfacet
  facet normal 0 0 1
    outer loop
      vertex -61.1935 39.6482 2.5
      vertex -65 42 2.5
      vertex -61.2 39.5 2.5
    endloop
  endfacet
  facet normal 0 0 1
    outer loop
      vertex -60.8023 -40.5927 2.5
      vertex -64.8191 -43.0261 2.5
      vertex -64.7189 -43.2679 2.5
    endloop
  endfacet
  facet normal 0 0 1
    outer loop
      vertex -61.1742 39.7952 2.5
      vertex -65 42 2.5
      vertex -61.1935 39.6482 2.5
    endloop
  endfacet
  facet normal 0 0 1
    outer loop
      vertex -60.8023 -40.5927 2.5
      vertex -64.8978 -42.7765 2.5
      vertex -64.8191 -43.0261 2.5
    endloop
  endfacet
  facet normal 0 0 1
    outer loop
      vertex -60.8023 -40.5927 2.5
      vertex -64.9544 -42.521 2.5
      vertex -64.8978 -42.7765 2.5
    endloop
  endfacet
  facet normal 0 0 1
    outer loop
      vertex -60.8023 -40.5927 2.5
      vertex -64.9886 -42.2615 2.5
      vertex -64.9544 -42.521 2.5
    endloop
  endfacet
  facet normal -0.382824 0.923821 0
    outer loop
      vertex -63.0261 44.8191 0
      vertex -63.2679 44.7189 2.5
      vertex -63.0261 44.8191 2.5
    endloop
  endfacet
  facet normal -0.382824 0.923821 0
    outer loop
      vertex -63.2679 44.7189 2.5
      vertex -63.0261 44.8191 0
      vertex -63.2679 44.7189 0
    endloop
  endfacet
  facet normal 0.537296 -0.843394 0
    outer loop
      vertex 63.5 -44.5981 0
      vertex 63.7207 -44.4575 2.5
      vertex 63.5 -44.5981 2.5
    endloop
  endfacet
  facet normal 0.537296 -0.843394 0
    outer loop
      vertex 63.7207 -44.4575 2.5
      vertex 63.5 -44.5981 0
      vertex 63.7207 -44.4575 0
    endloop
  endfacet
  facet normal -0.737202 0.675673 0
    outer loop
      vertex -64.2981 43.9284 0
      vertex -64.1213 44.1213 2.5
      vertex -64.1213 44.1213 0
    endloop
  endfacet
  facet normal -0.737202 0.675673 0
    outer loop
      vertex -64.1213 44.1213 2.5
      vertex -64.2981 43.9284 0
      vertex -64.2981 43.9284 2.5
    endloop
  endfacet
  facet normal 0.793305 -0.608824 0
    outer loop
      vertex 64.2981 -43.9284 2.5
      vertex 64.4575 -43.7207 0
      vertex 64.4575 -43.7207 2.5
    endloop
  endfacet
  facet normal 0.793305 -0.608824 0
    outer loop
      vertex 64.4575 -43.7207 0
      vertex 64.2981 -43.9284 2.5
      vertex 64.2981 -43.9284 0
    endloop
  endfacet
  facet normal 0.608824 -0.793305 0
    outer loop
      vertex 63.7207 -44.4575 0
      vertex 63.9284 -44.2981 2.5
      vertex 63.7207 -44.4575 2.5
    endloop
  endfacet
  facet normal 0.608824 -0.793305 0
    outer loop
      vertex 63.9284 -44.2981 2.5
      vertex 63.7207 -44.4575 0
      vertex 63.9284 -44.2981 0
    endloop
  endfacet
  facet normal -0.675673 -0.737202 0
    outer loop
      vertex -64.1213 -44.1213 0
      vertex -63.9284 -44.2981 2.5
      vertex -64.1213 -44.1213 2.5
    endloop
  endfacet
  facet normal -0.675673 -0.737202 -0
    outer loop
      vertex -63.9284 -44.2981 2.5
      vertex -64.1213 -44.1213 0
      vertex -63.9284 -44.2981 0
    endloop
  endfacet
  facet normal 0.216283 -0.976331 0
    outer loop
      vertex 62.521 -44.9544 0
      vertex 62.7765 -44.8978 2.5
      vertex 62.521 -44.9544 2.5
    endloop
  endfacet
  facet normal 0.216283 -0.976331 0
    outer loop
      vertex 62.7765 -44.8978 2.5
      vertex 62.521 -44.9544 0
      vertex 62.7765 -44.8978 0
    endloop
  endfacet
  facet normal 0.887048 0.461678 0
    outer loop
      vertex 64.7189 43.2679 2.5
      vertex 64.5981 43.5 0
      vertex 64.5981 43.5 2.5
    endloop
  endfacet
  facet normal 0.887048 0.461678 0
    outer loop
      vertex 64.5981 43.5 0
      vertex 64.7189 43.2679 2.5
      vertex 64.7189 43.2679 0
    endloop
  endfacet
  facet normal 0.953715 -0.300711 0
    outer loop
      vertex 64.8191 -43.0261 2.5
      vertex 64.8978 -42.7765 0
      vertex 64.8978 -42.7765 2.5
    endloop
  endfacet
  facet normal 0.953715 -0.300711 0
    outer loop
      vertex 64.8978 -42.7765 0
      vertex 64.8191 -43.0261 2.5
      vertex 64.8191 -43.0261 0
    endloop
  endfacet
  facet normal 0.976331 -0.216283 0
    outer loop
      vertex 64.8978 -42.7765 2.5
      vertex 64.9544 -42.521 0
      vertex 64.9544 -42.521 2.5
    endloop
  endfacet
  facet normal 0.976331 -0.216283 0
    outer loop
      vertex 64.9544 -42.521 0
      vertex 64.8978 -42.7765 2.5
      vertex 64.8978 -42.7765 0
    endloop
  endfacet
  facet normal 0.737202 -0.675673 0
    outer loop
      vertex 64.1213 -44.1213 2.5
      vertex 64.2981 -43.9284 0
      vertex 64.2981 -43.9284 2.5
    endloop
  endfacet
  facet normal 0.737202 -0.675673 0
    outer loop
      vertex 64.2981 -43.9284 0
      vertex 64.1213 -44.1213 2.5
      vertex 64.1213 -44.1213 0
    endloop
  endfacet
  facet normal 0.923821 0.382824 0
    outer loop
      vertex 64.8191 43.0261 2.5
      vertex 64.7189 43.2679 0
      vertex 64.7189 43.2679 2.5
    endloop
  endfacet
  facet normal 0.923821 0.382824 0
    outer loop
      vertex 64.7189 43.2679 0
      vertex 64.8191 43.0261 2.5
      vertex 64.8191 43.0261 0
    endloop
  endfacet
  facet normal 0.976331 0.216283 0
    outer loop
      vertex 64.9544 42.521 2.5
      vertex 64.8978 42.7765 0
      vertex 64.8978 42.7765 2.5
    endloop
  endfacet
  facet normal 0.976331 0.216283 0
    outer loop
      vertex 64.8978 42.7765 0
      vertex 64.9544 42.521 2.5
      vertex 64.9544 42.521 0
    endloop
  endfacet
endsolid OpenSCAD_Model
