solid OpenSCAD_Model
  facet normal -0.216533 -0.976275 0
    outer loop
      vertex -6.53518 -24.3896 6
      vertex -6 -24.5083 55
      vertex -6.53518 -24.3896 55
    endloop
  endfacet
  facet normal -0.216533 -0.976275 -0
    outer loop
      vertex -6 -24.5083 55
      vertex -6.53518 -24.3896 6
      vertex -6 -24.5083 6
    endloop
  endfacet
  facet normal 0.991446 0.130517 0
    outer loop
      vertex 25.1539 2.20068 55
      vertex 24.8664 4.38462 6
      vertex 24.8664 4.38462 55
    endloop
  endfacet
  facet normal 0.991446 0.130517 0
    outer loop
      vertex 24.8664 4.38462 6
      vertex 25.1539 2.20068 55
      vertex 25.1539 2.20068 6
    endloop
  endfacet
  facet normal 0.999048 0.0436267 0
    outer loop
      vertex 25.25 0 55
      vertex 25.1539 2.20068 6
      vertex 25.1539 2.20068 55
    endloop
  endfacet
  facet normal 0.999048 0.0436267 0
    outer loop
      vertex 25.1539 2.20068 6
      vertex 25.25 0 55
      vertex 25.25 0 6
    endloop
  endfacet
  facet normal 0.976293 0.216454 0
    outer loop
      vertex 24.8664 4.38462 55
      vertex 24.3896 6.53518 6
      vertex 24.3896 6.53518 55
    endloop
  endfacet
  facet normal 0.976293 0.216454 0
    outer loop
      vertex 24.3896 6.53518 6
      vertex 24.8664 4.38462 55
      vertex 24.8664 4.38462 6
    endloop
  endfacet
  facet normal 0.30071 0.953716 -0
    outer loop
      vertex 8.63601 23.7272 6
      vertex 6.53518 24.3896 55
      vertex 8.63601 23.7272 55
    endloop
  endfacet
  facet normal 0.30071 0.953716 0
    outer loop
      vertex 6.53518 24.3896 55
      vertex 8.63601 23.7272 6
      vertex 6.53518 24.3896 6
    endloop
  endfacet
  facet normal -0.991446 -0.130517 0
    outer loop
      vertex -24.8664 -4.38462 6
      vertex -25.1539 -2.20068 55
      vertex -25.1539 -2.20068 6
    endloop
  endfacet
  facet normal -0.991446 -0.130517 0
    outer loop
      vertex -25.1539 -2.20068 55
      vertex -24.8664 -4.38462 6
      vertex -24.8664 -4.38462 55
    endloop
  endfacet
  facet normal 0.382659 0.923889 -0
    outer loop
      vertex 10.6711 22.8843 6
      vertex 8.63601 23.7272 55
      vertex 10.6711 22.8843 55
    endloop
  endfacet
  facet normal 0.382659 0.923889 0
    outer loop
      vertex 8.63601 23.7272 55
      vertex 10.6711 22.8843 6
      vertex 8.63601 23.7272 6
    endloop
  endfacet
  facet normal -0.793349 -0.608767 0
    outer loop
      vertex -19.3426 -16.2304 6
      vertex -20.6836 -14.4828 55
      vertex -20.6836 -14.4828 6
    endloop
  endfacet
  facet normal -0.793349 -0.608767 0
    outer loop
      vertex -20.6836 -14.4828 55
      vertex -19.3426 -16.2304 6
      vertex -19.3426 -16.2304 55
    endloop
  endfacet
  facet normal -0.886999 0.461771 0
    outer loop
      vertex -22.8843 10.6711 6
      vertex -21.8671 12.625 55
      vertex -21.8671 12.625 6
    endloop
  endfacet
  facet normal -0.886999 0.461771 0
    outer loop
      vertex -21.8671 12.625 55
      vertex -22.8843 10.6711 6
      vertex -22.8843 10.6711 55
    endloop
  endfacet
  facet normal -0.953716 0.30071 0
    outer loop
      vertex -24.3896 6.53518 6
      vertex -23.7272 8.63601 55
      vertex -23.7272 8.63601 6
    endloop
  endfacet
  facet normal -0.953716 0.30071 0
    outer loop
      vertex -23.7272 8.63601 55
      vertex -24.3896 6.53518 6
      vertex -24.3896 6.53518 55
    endloop
  endfacet
  facet normal -0.923889 -0.382659 0
    outer loop
      vertex -22.8843 -10.6711 6
      vertex -23.7272 -8.63601 55
      vertex -23.7272 -8.63601 6
    endloop
  endfacet
  facet normal -0.923889 -0.382659 0
    outer loop
      vertex -23.7272 -8.63601 55
      vertex -22.8843 -10.6711 6
      vertex -22.8843 -10.6711 55
    endloop
  endfacet
  facet normal 0.537284 0.843402 -0
    outer loop
      vertex 14.4828 20.6836 6
      vertex 12.625 21.8671 55
      vertex 14.4828 20.6836 55
    endloop
  endfacet
  facet normal 0.537284 0.843402 0
    outer loop
      vertex 12.625 21.8671 55
      vertex 14.4828 20.6836 6
      vertex 12.625 21.8671 6
    endloop
  endfacet
  facet normal -0.30071 0.953716 0
    outer loop
      vertex -6.53518 24.3896 6
      vertex -8.63601 23.7272 55
      vertex -6.53518 24.3896 55
    endloop
  endfacet
  facet normal -0.30071 0.953716 0
    outer loop
      vertex -8.63601 23.7272 55
      vertex -6.53518 24.3896 6
      vertex -8.63601 23.7272 6
    endloop
  endfacet
  facet normal -0.216454 0.976293 0
    outer loop
      vertex -4.38462 24.8664 6
      vertex -6.53518 24.3896 55
      vertex -4.38462 24.8664 55
    endloop
  endfacet
  facet normal -0.216454 0.976293 0
    outer loop
      vertex -6.53518 24.3896 55
      vertex -4.38462 24.8664 6
      vertex -6.53518 24.3896 6
    endloop
  endfacet
  facet normal 0.461771 0.886999 -0
    outer loop
      vertex 12.625 21.8671 6
      vertex 10.6711 22.8843 55
      vertex 12.625 21.8671 55
    endloop
  endfacet
  facet normal 0.461771 0.886999 0
    outer loop
      vertex 10.6711 22.8843 55
      vertex 12.625 21.8671 6
      vertex 10.6711 22.8843 6
    endloop
  endfacet
  facet normal 0.953716 0.30071 0
    outer loop
      vertex 24.3896 6.53518 55
      vertex 23.7272 8.63601 6
      vertex 23.7272 8.63601 55
    endloop
  endfacet
  facet normal 0.953716 0.30071 0
    outer loop
      vertex 23.7272 8.63601 6
      vertex 24.3896 6.53518 55
      vertex 24.3896 6.53518 6
    endloop
  endfacet
  facet normal 0.793349 -0.608767 0
    outer loop
      vertex 19.3426 -16.2304 55
      vertex 20.6836 -14.4828 6
      vertex 20.6836 -14.4828 55
    endloop
  endfacet
  facet normal 0.793349 -0.608767 0
    outer loop
      vertex 20.6836 -14.4828 6
      vertex 19.3426 -16.2304 55
      vertex 19.3426 -16.2304 6
    endloop
  endfacet
  facet normal 0.675609 0.73726 -0
    outer loop
      vertex 17.8544 17.8544 6
      vertex 16.2304 19.3426 55
      vertex 17.8544 17.8544 55
    endloop
  endfacet
  facet normal 0.675609 0.73726 0
    outer loop
      vertex 16.2304 19.3426 55
      vertex 17.8544 17.8544 6
      vertex 16.2304 19.3426 6
    endloop
  endfacet
  facet normal -0.953716 -0.30071 0
    outer loop
      vertex -23.7272 -8.63601 6
      vertex -24.3896 -6.53518 55
      vertex -24.3896 -6.53518 6
    endloop
  endfacet
  facet normal -0.953716 -0.30071 0
    outer loop
      vertex -24.3896 -6.53518 55
      vertex -23.7272 -8.63601 6
      vertex -23.7272 -8.63601 55
    endloop
  endfacet
  facet normal -0.608767 0.793349 0
    outer loop
      vertex -14.4828 20.6836 6
      vertex -16.2304 19.3426 55
      vertex -14.4828 20.6836 55
    endloop
  endfacet
  facet normal -0.608767 0.793349 0
    outer loop
      vertex -16.2304 19.3426 55
      vertex -14.4828 20.6836 6
      vertex -16.2304 19.3426 6
    endloop
  endfacet
  facet normal 0.976293 -0.216454 0
    outer loop
      vertex 24.3896 -6.53518 55
      vertex 24.8664 -4.38462 6
      vertex 24.8664 -4.38462 55
    endloop
  endfacet
  facet normal 0.976293 -0.216454 0
    outer loop
      vertex 24.8664 -4.38462 6
      vertex 24.3896 -6.53518 55
      vertex 24.3896 -6.53518 6
    endloop
  endfacet
  facet normal 0.953716 -0.30071 0
    outer loop
      vertex 23.7272 -8.63601 55
      vertex 24.3896 -6.53518 6
      vertex 24.3896 -6.53518 55
    endloop
  endfacet
  facet normal 0.953716 -0.30071 0
    outer loop
      vertex 24.3896 -6.53518 6
      vertex 23.7272 -8.63601 55
      vertex 23.7272 -8.63601 6
    endloop
  endfacet
  facet normal -0.976293 0.216454 0
    outer loop
      vertex -24.8664 4.38462 6
      vertex -24.3896 6.53518 55
      vertex -24.3896 6.53518 6
    endloop
  endfacet
  facet normal -0.976293 0.216454 0
    outer loop
      vertex -24.3896 6.53518 55
      vertex -24.8664 4.38462 6
      vertex -24.8664 4.38462 55
    endloop
  endfacet
  facet normal 0.30071 -0.953716 0
    outer loop
      vertex 6.53518 -24.3896 6
      vertex 8.63601 -23.7272 55
      vertex 6.53518 -24.3896 55
    endloop
  endfacet
  facet normal 0.30071 -0.953716 0
    outer loop
      vertex 8.63601 -23.7272 55
      vertex 6.53518 -24.3896 6
      vertex 8.63601 -23.7272 6
    endloop
  endfacet
  facet normal 0.793349 0.608767 0
    outer loop
      vertex 20.6836 14.4828 55
      vertex 19.3426 16.2304 6
      vertex 19.3426 16.2304 55
    endloop
  endfacet
  facet normal 0.793349 0.608767 0
    outer loop
      vertex 19.3426 16.2304 6
      vertex 20.6836 14.4828 55
      vertex 20.6836 14.4828 6
    endloop
  endfacet
  facet normal -0.0436267 0.999048 0
    outer loop
      vertex 0 25.25 6
      vertex -2.20068 25.1539 55
      vertex 0 25.25 55
    endloop
  endfacet
  facet normal -0.0436267 0.999048 0
    outer loop
      vertex -2.20068 25.1539 55
      vertex 0 25.25 6
      vertex -2.20068 25.1539 6
    endloop
  endfacet
  facet normal 0.216533 -0.976275 0
    outer loop
      vertex 6 -24.5083 6
      vertex 6.53518 -24.3896 55
      vertex 6 -24.5083 55
    endloop
  endfacet
  facet normal 0.216533 -0.976275 0
    outer loop
      vertex 6.53518 -24.3896 55
      vertex 6 -24.5083 6
      vertex 6.53518 -24.3896 6
    endloop
  endfacet
  facet normal 0.0436267 0.999048 -0
    outer loop
      vertex 2.20068 25.1539 6
      vertex 0 25.25 55
      vertex 2.20068 25.1539 55
    endloop
  endfacet
  facet normal 0.0436267 0.999048 0
    outer loop
      vertex 0 25.25 55
      vertex 2.20068 25.1539 6
      vertex 0 25.25 6
    endloop
  endfacet
  facet normal 0.461771 -0.886999 0
    outer loop
      vertex 10.6711 -22.8843 6
      vertex 12.625 -21.8671 55
      vertex 10.6711 -22.8843 55
    endloop
  endfacet
  facet normal 0.461771 -0.886999 0
    outer loop
      vertex 12.625 -21.8671 55
      vertex 10.6711 -22.8843 6
      vertex 12.625 -21.8671 6
    endloop
  endfacet
  facet normal -0.608767 -0.793349 0
    outer loop
      vertex -16.2304 -19.3426 6
      vertex -14.4828 -20.6836 55
      vertex -16.2304 -19.3426 55
    endloop
  endfacet
  facet normal -0.608767 -0.793349 -0
    outer loop
      vertex -14.4828 -20.6836 55
      vertex -16.2304 -19.3426 6
      vertex -14.4828 -20.6836 6
    endloop
  endfacet
  facet normal -0.537284 -0.843402 0
    outer loop
      vertex -14.4828 -20.6836 6
      vertex -12.625 -21.8671 55
      vertex -14.4828 -20.6836 55
    endloop
  endfacet
  facet normal -0.537284 -0.843402 -0
    outer loop
      vertex -12.625 -21.8671 55
      vertex -14.4828 -20.6836 6
      vertex -12.625 -21.8671 6
    endloop
  endfacet
  facet normal 0.886999 -0.461771 0
    outer loop
      vertex 21.8671 -12.625 55
      vertex 22.8843 -10.6711 6
      vertex 22.8843 -10.6711 55
    endloop
  endfacet
  facet normal 0.886999 -0.461771 0
    outer loop
      vertex 22.8843 -10.6711 6
      vertex 21.8671 -12.625 55
      vertex 21.8671 -12.625 6
    endloop
  endfacet
  facet normal -0.461771 -0.886999 0
    outer loop
      vertex -12.625 -21.8671 6
      vertex -10.6711 -22.8843 55
      vertex -12.625 -21.8671 55
    endloop
  endfacet
  facet normal -0.461771 -0.886999 -0
    outer loop
      vertex -10.6711 -22.8843 55
      vertex -12.625 -21.8671 6
      vertex -10.6711 -22.8843 6
    endloop
  endfacet
  facet normal 0.608767 0.793349 -0
    outer loop
      vertex 16.2304 19.3426 6
      vertex 14.4828 20.6836 55
      vertex 16.2304 19.3426 55
    endloop
  endfacet
  facet normal 0.608767 0.793349 0
    outer loop
      vertex 14.4828 20.6836 55
      vertex 16.2304 19.3426 6
      vertex 14.4828 20.6836 6
    endloop
  endfacet
  facet normal -0.130517 0.991446 0
    outer loop
      vertex -2.20068 25.1539 6
      vertex -4.38462 24.8664 55
      vertex -2.20068 25.1539 55
    endloop
  endfacet
  facet normal -0.130517 0.991446 0
    outer loop
      vertex -4.38462 24.8664 55
      vertex -2.20068 25.1539 6
      vertex -4.38462 24.8664 6
    endloop
  endfacet
  facet normal -0.843402 0.537284 0
    outer loop
      vertex -21.8671 12.625 6
      vertex -20.6836 14.4828 55
      vertex -20.6836 14.4828 6
    endloop
  endfacet
  facet normal -0.843402 0.537284 0
    outer loop
      vertex -20.6836 14.4828 55
      vertex -21.8671 12.625 6
      vertex -21.8671 12.625 55
    endloop
  endfacet
  facet normal -0.991446 0.130517 0
    outer loop
      vertex -25.1539 2.20068 6
      vertex -24.8664 4.38462 55
      vertex -24.8664 4.38462 6
    endloop
  endfacet
  facet normal -0.991446 0.130517 0
    outer loop
      vertex -24.8664 4.38462 55
      vertex -25.1539 2.20068 6
      vertex -25.1539 2.20068 55
    endloop
  endfacet
  facet normal 0.843402 -0.537284 0
    outer loop
      vertex 20.6836 -14.4828 55
      vertex 21.8671 -12.625 6
      vertex 21.8671 -12.625 55
    endloop
  endfacet
  facet normal 0.843402 -0.537284 0
    outer loop
      vertex 21.8671 -12.625 6
      vertex 20.6836 -14.4828 55
      vertex 20.6836 -14.4828 6
    endloop
  endfacet
  facet normal 0.923889 0.382659 0
    outer loop
      vertex 23.7272 8.63601 55
      vertex 22.8843 10.6711 6
      vertex 22.8843 10.6711 55
    endloop
  endfacet
  facet normal 0.923889 0.382659 0
    outer loop
      vertex 22.8843 10.6711 6
      vertex 23.7272 8.63601 55
      vertex 23.7272 8.63601 6
    endloop
  endfacet
  facet normal 0.382659 -0.923889 0
    outer loop
      vertex 8.63601 -23.7272 6
      vertex 10.6711 -22.8843 55
      vertex 8.63601 -23.7272 55
    endloop
  endfacet
  facet normal 0.382659 -0.923889 0
    outer loop
      vertex 10.6711 -22.8843 55
      vertex 8.63601 -23.7272 6
      vertex 10.6711 -22.8843 6
    endloop
  endfacet
  facet normal -0.675609 -0.73726 0
    outer loop
      vertex -17.8544 -17.8544 6
      vertex -16.2304 -19.3426 55
      vertex -17.8544 -17.8544 55
    endloop
  endfacet
  facet normal -0.675609 -0.73726 -0
    outer loop
      vertex -16.2304 -19.3426 55
      vertex -17.8544 -17.8544 6
      vertex -16.2304 -19.3426 6
    endloop
  endfacet
  facet normal 0.991446 -0.130517 0
    outer loop
      vertex 24.8664 -4.38462 55
      vertex 25.1539 -2.20068 6
      vertex 25.1539 -2.20068 55
    endloop
  endfacet
  facet normal 0.991446 -0.130517 0
    outer loop
      vertex 25.1539 -2.20068 6
      vertex 24.8664 -4.38462 55
      vertex 24.8664 -4.38462 6
    endloop
  endfacet
  facet normal -0.382659 -0.923889 0
    outer loop
      vertex -10.6711 -22.8843 6
      vertex -8.63601 -23.7272 55
      vertex -10.6711 -22.8843 55
    endloop
  endfacet
  facet normal -0.382659 -0.923889 -0
    outer loop
      vertex -8.63601 -23.7272 55
      vertex -10.6711 -22.8843 6
      vertex -8.63601 -23.7272 6
    endloop
  endfacet
  facet normal -0.73726 0.675609 0
    outer loop
      vertex -19.3426 16.2304 6
      vertex -17.8544 17.8544 55
      vertex -17.8544 17.8544 6
    endloop
  endfacet
  facet normal -0.73726 0.675609 0
    outer loop
      vertex -17.8544 17.8544 55
      vertex -19.3426 16.2304 6
      vertex -19.3426 16.2304 55
    endloop
  endfacet
  facet normal 0.73726 -0.675609 0
    outer loop
      vertex 17.8544 -17.8544 55
      vertex 19.3426 -16.2304 6
      vertex 19.3426 -16.2304 55
    endloop
  endfacet
  facet normal 0.73726 -0.675609 0
    outer loop
      vertex 19.3426 -16.2304 6
      vertex 17.8544 -17.8544 55
      vertex 17.8544 -17.8544 6
    endloop
  endfacet
  facet normal -0.675609 0.73726 0
    outer loop
      vertex -16.2304 19.3426 6
      vertex -17.8544 17.8544 55
      vertex -16.2304 19.3426 55
    endloop
  endfacet
  facet normal -0.675609 0.73726 0
    outer loop
      vertex -17.8544 17.8544 55
      vertex -16.2304 19.3426 6
      vertex -17.8544 17.8544 6
    endloop
  endfacet
  facet normal 0.999048 -0.0436267 0
    outer loop
      vertex 25.1539 -2.20068 55
      vertex 25.25 0 6
      vertex 25.25 0 55
    endloop
  endfacet
  facet normal 0.999048 -0.0436267 0
    outer loop
      vertex 25.25 0 6
      vertex 25.1539 -2.20068 55
      vertex 25.1539 -2.20068 6
    endloop
  endfacet
  facet normal -0.382659 0.923889 0
    outer loop
      vertex -8.63601 23.7272 6
      vertex -10.6711 22.8843 55
      vertex -8.63601 23.7272 55
    endloop
  endfacet
  facet normal -0.382659 0.923889 0
    outer loop
      vertex -10.6711 22.8843 55
      vertex -8.63601 23.7272 6
      vertex -10.6711 22.8843 6
    endloop
  endfacet
  facet normal -0.793349 0.608767 0
    outer loop
      vertex -20.6836 14.4828 6
      vertex -19.3426 16.2304 55
      vertex -19.3426 16.2304 6
    endloop
  endfacet
  facet normal -0.793349 0.608767 0
    outer loop
      vertex -19.3426 16.2304 55
      vertex -20.6836 14.4828 6
      vertex -20.6836 14.4828 55
    endloop
  endfacet
  facet normal 0.923889 -0.382659 0
    outer loop
      vertex 22.8843 -10.6711 55
      vertex 23.7272 -8.63601 6
      vertex 23.7272 -8.63601 55
    endloop
  endfacet
  facet normal 0.923889 -0.382659 0
    outer loop
      vertex 23.7272 -8.63601 6
      vertex 22.8843 -10.6711 55
      vertex 22.8843 -10.6711 6
    endloop
  endfacet
  facet normal -0.886999 -0.461771 0
    outer loop
      vertex -21.8671 -12.625 6
      vertex -22.8843 -10.6711 55
      vertex -22.8843 -10.6711 6
    endloop
  endfacet
  facet normal -0.886999 -0.461771 0
    outer loop
      vertex -22.8843 -10.6711 55
      vertex -21.8671 -12.625 6
      vertex -21.8671 -12.625 55
    endloop
  endfacet
  facet normal 0.130517 0.991446 -0
    outer loop
      vertex 4.38462 24.8664 6
      vertex 2.20068 25.1539 55
      vertex 4.38462 24.8664 55
    endloop
  endfacet
  facet normal 0.130517 0.991446 0
    outer loop
      vertex 2.20068 25.1539 55
      vertex 4.38462 24.8664 6
      vertex 2.20068 25.1539 6
    endloop
  endfacet
  facet normal -0.73726 -0.675609 0
    outer loop
      vertex -17.8544 -17.8544 6
      vertex -19.3426 -16.2304 55
      vertex -19.3426 -16.2304 6
    endloop
  endfacet
  facet normal -0.73726 -0.675609 0
    outer loop
      vertex -19.3426 -16.2304 55
      vertex -17.8544 -17.8544 6
      vertex -17.8544 -17.8544 55
    endloop
  endfacet
  facet normal -0.30071 -0.953716 0
    outer loop
      vertex -8.63601 -23.7272 6
      vertex -6.53518 -24.3896 55
      vertex -8.63601 -23.7272 55
    endloop
  endfacet
  facet normal -0.30071 -0.953716 -0
    outer loop
      vertex -6.53518 -24.3896 55
      vertex -8.63601 -23.7272 6
      vertex -6.53518 -24.3896 6
    endloop
  endfacet
  facet normal -0.976293 -0.216454 0
    outer loop
      vertex -24.3896 -6.53518 6
      vertex -24.8664 -4.38462 55
      vertex -24.8664 -4.38462 6
    endloop
  endfacet
  facet normal -0.976293 -0.216454 0
    outer loop
      vertex -24.8664 -4.38462 55
      vertex -24.3896 -6.53518 6
      vertex -24.3896 -6.53518 55
    endloop
  endfacet
  facet normal -0.537284 0.843402 0
    outer loop
      vertex -12.625 21.8671 6
      vertex -14.4828 20.6836 55
      vertex -12.625 21.8671 55
    endloop
  endfacet
  facet normal -0.537284 0.843402 0
    outer loop
      vertex -14.4828 20.6836 55
      vertex -12.625 21.8671 6
      vertex -14.4828 20.6836 6
    endloop
  endfacet
  facet normal -0.461771 0.886999 0
    outer loop
      vertex -10.6711 22.8843 6
      vertex -12.625 21.8671 55
      vertex -10.6711 22.8843 55
    endloop
  endfacet
  facet normal -0.461771 0.886999 0
    outer loop
      vertex -12.625 21.8671 55
      vertex -10.6711 22.8843 6
      vertex -12.625 21.8671 6
    endloop
  endfacet
  facet normal -0.843402 -0.537284 0
    outer loop
      vertex -20.6836 -14.4828 6
      vertex -21.8671 -12.625 55
      vertex -21.8671 -12.625 6
    endloop
  endfacet
  facet normal -0.843402 -0.537284 0
    outer loop
      vertex -21.8671 -12.625 55
      vertex -20.6836 -14.4828 6
      vertex -20.6836 -14.4828 55
    endloop
  endfacet
  facet normal -0.999048 -0.0436267 0
    outer loop
      vertex -25.1539 -2.20068 6
      vertex -25.25 0 55
      vertex -25.25 0 6
    endloop
  endfacet
  facet normal -0.999048 -0.0436267 0
    outer loop
      vertex -25.25 0 55
      vertex -25.1539 -2.20068 6
      vertex -25.1539 -2.20068 55
    endloop
  endfacet
  facet normal 0.886999 0.461771 0
    outer loop
      vertex 22.8843 10.6711 55
      vertex 21.8671 12.625 6
      vertex 21.8671 12.625 55
    endloop
  endfacet
  facet normal 0.886999 0.461771 0
    outer loop
      vertex 21.8671 12.625 6
      vertex 22.8843 10.6711 55
      vertex 22.8843 10.6711 6
    endloop
  endfacet
  facet normal 0.608767 -0.793349 0
    outer loop
      vertex 14.4828 -20.6836 6
      vertex 16.2304 -19.3426 55
      vertex 14.4828 -20.6836 55
    endloop
  endfacet
  facet normal 0.608767 -0.793349 0
    outer loop
      vertex 16.2304 -19.3426 55
      vertex 14.4828 -20.6836 6
      vertex 16.2304 -19.3426 6
    endloop
  endfacet
  facet normal -0.923889 0.382659 0
    outer loop
      vertex -23.7272 8.63601 6
      vertex -22.8843 10.6711 55
      vertex -22.8843 10.6711 6
    endloop
  endfacet
  facet normal -0.923889 0.382659 0
    outer loop
      vertex -22.8843 10.6711 55
      vertex -23.7272 8.63601 6
      vertex -23.7272 8.63601 55
    endloop
  endfacet
  facet normal 0.73726 0.675609 0
    outer loop
      vertex 19.3426 16.2304 55
      vertex 17.8544 17.8544 6
      vertex 17.8544 17.8544 55
    endloop
  endfacet
  facet normal 0.73726 0.675609 0
    outer loop
      vertex 17.8544 17.8544 6
      vertex 19.3426 16.2304 55
      vertex 19.3426 16.2304 6
    endloop
  endfacet
  facet normal 0.843402 0.537284 0
    outer loop
      vertex 21.8671 12.625 55
      vertex 20.6836 14.4828 6
      vertex 20.6836 14.4828 55
    endloop
  endfacet
  facet normal 0.843402 0.537284 0
    outer loop
      vertex 20.6836 14.4828 6
      vertex 21.8671 12.625 55
      vertex 21.8671 12.625 6
    endloop
  endfacet
  facet normal -0.999048 0.0436267 0
    outer loop
      vertex -25.25 0 6
      vertex -25.1539 2.20068 55
      vertex -25.1539 2.20068 6
    endloop
  endfacet
  facet normal -0.999048 0.0436267 0
    outer loop
      vertex -25.1539 2.20068 55
      vertex -25.25 0 6
      vertex -25.25 0 55
    endloop
  endfacet
  facet normal 0.537284 -0.843402 0
    outer loop
      vertex 12.625 -21.8671 6
      vertex 14.4828 -20.6836 55
      vertex 12.625 -21.8671 55
    endloop
  endfacet
  facet normal 0.537284 -0.843402 0
    outer loop
      vertex 14.4828 -20.6836 55
      vertex 12.625 -21.8671 6
      vertex 14.4828 -20.6836 6
    endloop
  endfacet
  facet normal 0.216454 0.976293 -0
    outer loop
      vertex 6.53518 24.3896 6
      vertex 4.38462 24.8664 55
      vertex 6.53518 24.3896 55
    endloop
  endfacet
  facet normal 0.216454 0.976293 0
    outer loop
      vertex 4.38462 24.8664 55
      vertex 6.53518 24.3896 6
      vertex 4.38462 24.8664 6
    endloop
  endfacet
  facet normal -0 0 -1
    outer loop
      vertex -14.3189 -14.3189 0
      vertex -46.393 -46.0849 0
      vertex -15.5124 -13.0164 0
    endloop
  endfacet
  facet normal 0 0 -1
    outer loop
      vertex -20.25 0 0
      vertex -45.5095 47.7821 0
      vertex -45.5 48 0
    endloop
  endfacet
  facet normal 0 0 -1
    outer loop
      vertex -46.5661 -45.9521 0
      vertex -15.5124 -13.0164 0
      vertex -46.393 -46.0849 0
    endloop
  endfacet
  facet normal 0 0 -1
    outer loop
      vertex -20.25 0 0
      vertex -45.538 47.5659 0
      vertex -45.5095 47.7821 0
    endloop
  endfacet
  facet normal -0 0 -1
    outer loop
      vertex -15.5124 -13.0164 0
      vertex -46.5661 -45.9521 0
      vertex -16.5878 -11.6149 0
    endloop
  endfacet
  facet normal 0 0 -1
    outer loop
      vertex -20.25 0 0
      vertex -45.5852 47.353 0
      vertex -45.538 47.5659 0
    endloop
  endfacet
  facet normal 0 0 -1
    outer loop
      vertex -46.75 -45.8349 0
      vertex -16.5878 -11.6149 0
      vertex -46.5661 -45.9521 0
    endloop
  endfacet
  facet normal 0 0 -1
    outer loop
      vertex -20.25 0 0
      vertex -45.6508 47.145 0
      vertex -45.5852 47.353 0
    endloop
  endfacet
  facet normal 0 0 -1
    outer loop
      vertex -46.9435 -45.7342 0
      vertex -16.5878 -11.6149 0
      vertex -46.75 -45.8349 0
    endloop
  endfacet
  facet normal 0 0 -1
    outer loop
      vertex -20.25 0 0
      vertex -45.7342 46.9435 0
      vertex -45.6508 47.145 0
    endloop
  endfacet
  facet normal -0 0 -1
    outer loop
      vertex -16.5878 -11.6149 0
      vertex -46.9435 -45.7342 0
      vertex -17.537 -10.125 0
    endloop
  endfacet
  facet normal 0 0 -1
    outer loop
      vertex -20.25 0 0
      vertex -45.8349 46.75 0
      vertex -45.7342 46.9435 0
    endloop
  endfacet
  facet normal 0 0 -1
    outer loop
      vertex -47.145 -45.6508 0
      vertex -17.537 -10.125 0
      vertex -46.9435 -45.7342 0
    endloop
  endfacet
  facet normal 0 0 -1
    outer loop
      vertex -20.25 0 0
      vertex -45.9521 46.5661 0
      vertex -45.8349 46.75 0
    endloop
  endfacet
  facet normal 0 0 -1
    outer loop
      vertex -47.353 -45.5852 0
      vertex -17.537 -10.125 0
      vertex -47.145 -45.6508 0
    endloop
  endfacet
  facet normal 0 0 -1
    outer loop
      vertex -20.25 0 0
      vertex -46.0849 46.393 0
      vertex -45.9521 46.5661 0
    endloop
  endfacet
  facet normal -0 0 -1
    outer loop
      vertex -17.537 -10.125 0
      vertex -47.353 -45.5852 0
      vertex -18.3527 -8.55802 0
    endloop
  endfacet
  facet normal 0 0 -1
    outer loop
      vertex -20.25 0 0
      vertex -46.2322 46.2322 0
      vertex -46.0849 46.393 0
    endloop
  endfacet
  facet normal 0 0 -1
    outer loop
      vertex -47.5659 -45.538 0
      vertex -18.3527 -8.55802 0
      vertex -47.353 -45.5852 0
    endloop
  endfacet
  facet normal 0 0 -1
    outer loop
      vertex -20.25 0 0
      vertex -46.393 46.0849 0
      vertex -46.2322 46.2322 0
    endloop
  endfacet
  facet normal -0 0 -1
    outer loop
      vertex -18.3527 -8.55802 0
      vertex -47.5659 -45.538 0
      vertex -19.0288 -6.92591 0
    endloop
  endfacet
  facet normal 0 0 -1
    outer loop
      vertex -20.25 0 0
      vertex -46.5661 45.9521 0
      vertex -46.393 46.0849 0
    endloop
  endfacet
  facet normal 0 0 -1
    outer loop
      vertex -47.7821 -45.5095 0
      vertex -19.0288 -6.92591 0
      vertex -47.5659 -45.538 0
    endloop
  endfacet
  facet normal 0 0 -1
    outer loop
      vertex -20.25 0 0
      vertex -46.75 45.8349 0
      vertex -46.5661 45.9521 0
    endloop
  endfacet
  facet normal 0 0 -1
    outer loop
      vertex -48 -45.5 0
      vertex -19.0288 -6.92591 0
      vertex -47.7821 -45.5095 0
    endloop
  endfacet
  facet normal 0 0 -1
    outer loop
      vertex -20.25 0 0
      vertex -46.9435 45.7342 0
      vertex -46.75 45.8349 0
    endloop
  endfacet
  facet normal -0 0 -1
    outer loop
      vertex -19.0288 -6.92591 0
      vertex -48 -45.5 0
      vertex -19.56 -5.24109 0
    endloop
  endfacet
  facet normal 0 0 -1
    outer loop
      vertex -20.25 0 0
      vertex -47.145 45.6508 0
      vertex -46.9435 45.7342 0
    endloop
  endfacet
  facet normal 0 0 -1
    outer loop
      vertex -48.2179 -45.5095 0
      vertex -19.56 -5.24109 0
      vertex -48 -45.5 0
    endloop
  endfacet
  facet normal 0 0 -1
    outer loop
      vertex -20.25 0 0
      vertex -47.353 45.5852 0
      vertex -47.145 45.6508 0
    endloop
  endfacet
  facet normal -0 0 -1
    outer loop
      vertex -19.56 -5.24109 0
      vertex -48.2179 -45.5095 0
      vertex -19.9424 -3.51638 0
    endloop
  endfacet
  facet normal 0 0 -1
    outer loop
      vertex -20.25 0 0
      vertex -47.5659 45.538 0
      vertex -47.353 45.5852 0
    endloop
  endfacet
  facet normal 0 0 -1
    outer loop
      vertex -48.4341 -45.538 0
      vertex -19.9424 -3.51638 0
      vertex -48.2179 -45.5095 0
    endloop
  endfacet
  facet normal 0 0 -1
    outer loop
      vertex -20.25 0 0
      vertex -47.7821 45.5095 0
      vertex -47.5659 45.538 0
    endloop
  endfacet
  facet normal 0 0 -1
    outer loop
      vertex -48.647 -45.5852 0
      vertex -19.9424 -3.51638 0
      vertex -48.4341 -45.538 0
    endloop
  endfacet
  facet normal 0 0 -1
    outer loop
      vertex -20.25 0 0
      vertex -48 45.5 0
      vertex -47.7821 45.5095 0
    endloop
  endfacet
  facet normal -0 0 -1
    outer loop
      vertex -19.9424 -3.51638 0
      vertex -48.647 -45.5852 0
      vertex -20.1729 -1.7649 0
    endloop
  endfacet
  facet normal 0 0 -1
    outer loop
      vertex -20.25 0 0
      vertex -48.2179 45.5095 0
      vertex -48 45.5 0
    endloop
  endfacet
  facet normal 0 0 -1
    outer loop
      vertex -48.855 -45.6508 0
      vertex -20.1729 -1.7649 0
      vertex -48.647 -45.5852 0
    endloop
  endfacet
  facet normal 0 0 -1
    outer loop
      vertex -20.25 0 0
      vertex -48.4341 45.538 0
      vertex -48.2179 45.5095 0
    endloop
  endfacet
  facet normal -0 0 -1
    outer loop
      vertex -20.1729 -1.7649 0
      vertex -48.855 -45.6508 0
      vertex -20.25 0 0
    endloop
  endfacet
  facet normal 0 0 -1
    outer loop
      vertex -20.25 0 0
      vertex -48.647 45.5852 0
      vertex -48.4341 45.538 0
    endloop
  endfacet
  facet normal 0 0 -1
    outer loop
      vertex -49.0565 -45.7342 0
      vertex -20.25 0 0
      vertex -48.855 -45.6508 0
    endloop
  endfacet
  facet normal 0 0 -1
    outer loop
      vertex -20.25 0 0
      vertex -48.855 45.6508 0
      vertex -48.647 45.5852 0
    endloop
  endfacet
  facet normal 0 0 -1
    outer loop
      vertex -49.0565 45.7342 0
      vertex -20.25 0 0
      vertex -49.0565 -45.7342 0
    endloop
  endfacet
  facet normal 0 0 -1
    outer loop
      vertex -20.25 0 0
      vertex -49.0565 45.7342 0
      vertex -48.855 45.6508 0
    endloop
  endfacet
  facet normal 0 0 -1
    outer loop
      vertex -49.25 -45.8349 0
      vertex -49.0565 45.7342 0
      vertex -49.0565 -45.7342 0
    endloop
  endfacet
  facet normal 0 0 -1
    outer loop
      vertex -49.25 -45.8349 0
      vertex -49.25 45.8349 0
      vertex -49.0565 45.7342 0
    endloop
  endfacet
  facet normal 0 0 -1
    outer loop
      vertex -60 -50 0
      vertex -49.25 -45.8349 0
      vertex -49.4339 -45.9521 0
    endloop
  endfacet
  facet normal -0 0 -1
    outer loop
      vertex -49.25 -45.8349 0
      vertex -60 -50 0
      vertex -49.25 45.8349 0
    endloop
  endfacet
  facet normal 0 0 -1
    outer loop
      vertex -60 -50 0
      vertex -49.4339 -45.9521 0
      vertex -49.607 -46.0849 0
    endloop
  endfacet
  facet normal 0 0 -1
    outer loop
      vertex -60 50 0
      vertex -49.25 45.8349 0
      vertex -60 -50 0
    endloop
  endfacet
  facet normal 0 0 -1
    outer loop
      vertex -60 -50 0
      vertex -49.607 -46.0849 0
      vertex -49.7678 -46.2322 0
    endloop
  endfacet
  facet normal 0 0 -1
    outer loop
      vertex -49.25 45.8349 0
      vertex -60 50 0
      vertex -49.4339 45.9521 0
    endloop
  endfacet
  facet normal 0 0 -1
    outer loop
      vertex -60 -50 0
      vertex -49.7678 -46.2322 0
      vertex -49.9151 -46.393 0
    endloop
  endfacet
  facet normal 0 0 -1
    outer loop
      vertex -49.4339 45.9521 0
      vertex -60 50 0
      vertex -49.607 46.0849 0
    endloop
  endfacet
  facet normal 0 0 -1
    outer loop
      vertex -60 -50 0
      vertex -49.9151 -46.393 0
      vertex -50.0479 -46.5661 0
    endloop
  endfacet
  facet normal 0 0 -1
    outer loop
      vertex -49.607 46.0849 0
      vertex -60 50 0
      vertex -49.7678 46.2322 0
    endloop
  endfacet
  facet normal 0 0 -1
    outer loop
      vertex -60 -50 0
      vertex -50.0479 -46.5661 0
      vertex -50.1651 -46.75 0
    endloop
  endfacet
  facet normal 0 0 -1
    outer loop
      vertex -49.7678 46.2322 0
      vertex -60 50 0
      vertex -49.9151 46.393 0
    endloop
  endfacet
  facet normal 0 0 -1
    outer loop
      vertex -60 -50 0
      vertex -50.1651 -46.75 0
      vertex -50.2658 -46.9435 0
    endloop
  endfacet
  facet normal 0 0 -1
    outer loop
      vertex -49.9151 46.393 0
      vertex -60 50 0
      vertex -50.0479 46.5661 0
    endloop
  endfacet
  facet normal 0 0 -1
    outer loop
      vertex -60 -50 0
      vertex -50.2658 -46.9435 0
      vertex -50.3492 -47.145 0
    endloop
  endfacet
  facet normal 0 0 -1
    outer loop
      vertex -50.0479 46.5661 0
      vertex -60 50 0
      vertex -50.1651 46.75 0
    endloop
  endfacet
  facet normal 0 0 -1
    outer loop
      vertex -60 -50 0
      vertex -50.3492 -47.145 0
      vertex -50.4148 -47.353 0
    endloop
  endfacet
  facet normal 0 0 -1
    outer loop
      vertex -50.1651 46.75 0
      vertex -60 50 0
      vertex -50.2658 46.9435 0
    endloop
  endfacet
  facet normal 0 0 -1
    outer loop
      vertex -60 -50 0
      vertex -50.4148 -47.353 0
      vertex -50.462 -47.5659 0
    endloop
  endfacet
  facet normal 0 0 -1
    outer loop
      vertex -50.2658 46.9435 0
      vertex -60 50 0
      vertex -50.3492 47.145 0
    endloop
  endfacet
  facet normal 0 0 -1
    outer loop
      vertex -60 -50 0
      vertex -50.462 -47.5659 0
      vertex -50.4905 -47.7821 0
    endloop
  endfacet
  facet normal 0 0 -1
    outer loop
      vertex -50.3492 47.145 0
      vertex -60 50 0
      vertex -50.4148 47.353 0
    endloop
  endfacet
  facet normal 0 0 -1
    outer loop
      vertex -60 -50 0
      vertex -50.4905 -47.7821 0
      vertex -50.5 -48 0
    endloop
  endfacet
  facet normal 0 0 -1
    outer loop
      vertex -50.4148 47.353 0
      vertex -60 50 0
      vertex -50.462 47.5659 0
    endloop
  endfacet
  facet normal 0 0 -1
    outer loop
      vertex 50.4148 -47.353 0
      vertex 60 -50 0
      vertex 50.462 -47.5659 0
    endloop
  endfacet
  facet normal 0 0 -1
    outer loop
      vertex 60 50 0
      vertex 50.4905 47.7821 0
      vertex 50.5 48 0
    endloop
  endfacet
  facet normal 0 0 -1
    outer loop
      vertex 50.3492 -47.145 0
      vertex 60 -50 0
      vertex 50.4148 -47.353 0
    endloop
  endfacet
  facet normal 0 0 -1
    outer loop
      vertex 60 50 0
      vertex 50.462 47.5659 0
      vertex 50.4905 47.7821 0
    endloop
  endfacet
  facet normal 0 0 -1
    outer loop
      vertex 50.2658 -46.9435 0
      vertex 60 -50 0
      vertex 50.3492 -47.145 0
    endloop
  endfacet
  facet normal 0 0 -1
    outer loop
      vertex 60 50 0
      vertex 50.4148 47.353 0
      vertex 50.462 47.5659 0
    endloop
  endfacet
  facet normal 0 0 -1
    outer loop
      vertex 50.1651 -46.75 0
      vertex 60 -50 0
      vertex 50.2658 -46.9435 0
    endloop
  endfacet
  facet normal 0 0 -1
    outer loop
      vertex 60 50 0
      vertex 50.3492 47.145 0
      vertex 50.4148 47.353 0
    endloop
  endfacet
  facet normal 0 0 -1
    outer loop
      vertex 50.0479 -46.5661 0
      vertex 60 -50 0
      vertex 50.1651 -46.75 0
    endloop
  endfacet
  facet normal 0 0 -1
    outer loop
      vertex 60 50 0
      vertex 50.2658 46.9435 0
      vertex 50.3492 47.145 0
    endloop
  endfacet
  facet normal 0 0 -1
    outer loop
      vertex 49.9151 -46.393 0
      vertex 60 -50 0
      vertex 50.0479 -46.5661 0
    endloop
  endfacet
  facet normal 0 0 -1
    outer loop
      vertex 60 50 0
      vertex 50.1651 46.75 0
      vertex 50.2658 46.9435 0
    endloop
  endfacet
  facet normal 0 0 -1
    outer loop
      vertex 49.7678 -46.2322 0
      vertex 60 -50 0
      vertex 49.9151 -46.393 0
    endloop
  endfacet
  facet normal 0 0 -1
    outer loop
      vertex 60 50 0
      vertex 50.0479 46.5661 0
      vertex 50.1651 46.75 0
    endloop
  endfacet
  facet normal 0 0 -1
    outer loop
      vertex 49.607 -46.0849 0
      vertex 60 -50 0
      vertex 49.7678 -46.2322 0
    endloop
  endfacet
  facet normal 0 0 -1
    outer loop
      vertex 60 50 0
      vertex 49.9151 46.393 0
      vertex 50.0479 46.5661 0
    endloop
  endfacet
  facet normal 0 0 -1
    outer loop
      vertex 49.4339 -45.9521 0
      vertex 60 -50 0
      vertex 49.607 -46.0849 0
    endloop
  endfacet
  facet normal 0 0 -1
    outer loop
      vertex 60 50 0
      vertex 49.7678 46.2322 0
      vertex 49.9151 46.393 0
    endloop
  endfacet
  facet normal 0 0 -1
    outer loop
      vertex 49.25 -45.8349 0
      vertex 60 -50 0
      vertex 49.4339 -45.9521 0
    endloop
  endfacet
  facet normal 0 0 -1
    outer loop
      vertex 60 50 0
      vertex 49.607 46.0849 0
      vertex 49.7678 46.2322 0
    endloop
  endfacet
  facet normal 0 0 -1
    outer loop
      vertex 60 -50 0
      vertex 49.25 -45.8349 0
      vertex 60 50 0
    endloop
  endfacet
  facet normal 0 0 -1
    outer loop
      vertex 60 50 0
      vertex 49.4339 45.9521 0
      vertex 49.607 46.0849 0
    endloop
  endfacet
  facet normal 0 0 -1
    outer loop
      vertex 49.25 45.8349 0
      vertex 60 50 0
      vertex 49.25 -45.8349 0
    endloop
  endfacet
  facet normal 0 0 -1
    outer loop
      vertex 60 50 0
      vertex 49.25 45.8349 0
      vertex 49.4339 45.9521 0
    endloop
  endfacet
  facet normal 0 0 -1
    outer loop
      vertex 49.0565 -45.7342 0
      vertex 49.25 45.8349 0
      vertex 49.25 -45.8349 0
    endloop
  endfacet
  facet normal 0 0 -1
    outer loop
      vertex 49.0565 -45.7342 0
      vertex 49.0565 45.7342 0
      vertex 49.25 45.8349 0
    endloop
  endfacet
  facet normal 0 0 -1
    outer loop
      vertex 20.25 0 0
      vertex 49.0565 -45.7342 0
      vertex 48.855 -45.6508 0
    endloop
  endfacet
  facet normal 0 0 -1
    outer loop
      vertex 49.0565 -45.7342 0
      vertex 20.25 0 0
      vertex 49.0565 45.7342 0
    endloop
  endfacet
  facet normal 0 0 -1
    outer loop
      vertex 20.1729 -1.7649 0
      vertex 48.855 -45.6508 0
      vertex 48.647 -45.5852 0
    endloop
  endfacet
  facet normal 0 0 -1
    outer loop
      vertex 49.0565 45.7342 0
      vertex 20.25 0 0
      vertex 48.855 45.6508 0
    endloop
  endfacet
  facet normal 0 0 -1
    outer loop
      vertex 19.9424 -3.51638 0
      vertex 48.647 -45.5852 0
      vertex 48.4341 -45.538 0
    endloop
  endfacet
  facet normal 0 0 -1
    outer loop
      vertex 20.1729 1.7649 0
      vertex 48.855 45.6508 0
      vertex 20.25 0 0
    endloop
  endfacet
  facet normal 0 0 -1
    outer loop
      vertex 19.9424 -3.51638 0
      vertex 48.4341 -45.538 0
      vertex 48.2179 -45.5095 0
    endloop
  endfacet
  facet normal 0 0 -1
    outer loop
      vertex 48.855 45.6508 0
      vertex 20.1729 1.7649 0
      vertex 48.647 45.5852 0
    endloop
  endfacet
  facet normal 0 0 -1
    outer loop
      vertex 19.56 -5.24109 0
      vertex 48.2179 -45.5095 0
      vertex 48 -45.5 0
    endloop
  endfacet
  facet normal 0 0 -1
    outer loop
      vertex 19.9424 3.51638 0
      vertex 48.647 45.5852 0
      vertex 20.1729 1.7649 0
    endloop
  endfacet
  facet normal 0 0 -1
    outer loop
      vertex 19.0288 -6.92591 0
      vertex 48 -45.5 0
      vertex 47.7821 -45.5095 0
    endloop
  endfacet
  facet normal 0 0 -1
    outer loop
      vertex 48.647 45.5852 0
      vertex 19.9424 3.51638 0
      vertex 48.4341 45.538 0
    endloop
  endfacet
  facet normal 0 0 -1
    outer loop
      vertex 19.0288 -6.92591 0
      vertex 47.7821 -45.5095 0
      vertex 47.5659 -45.538 0
    endloop
  endfacet
  facet normal 0 0 -1
    outer loop
      vertex 48.4341 45.538 0
      vertex 19.9424 3.51638 0
      vertex 48.2179 45.5095 0
    endloop
  endfacet
  facet normal 0 0 -1
    outer loop
      vertex 18.3527 -8.55802 0
      vertex 47.5659 -45.538 0
      vertex 47.353 -45.5852 0
    endloop
  endfacet
  facet normal 0 0 -1
    outer loop
      vertex 19.56 5.24109 0
      vertex 48.2179 45.5095 0
      vertex 19.9424 3.51638 0
    endloop
  endfacet
  facet normal 0 0 -1
    outer loop
      vertex 17.537 -10.125 0
      vertex 47.353 -45.5852 0
      vertex 47.145 -45.6508 0
    endloop
  endfacet
  facet normal 0 0 -1
    outer loop
      vertex 48.2179 45.5095 0
      vertex 19.56 5.24109 0
      vertex 48 45.5 0
    endloop
  endfacet
  facet normal 0 0 -1
    outer loop
      vertex 17.537 -10.125 0
      vertex 47.145 -45.6508 0
      vertex 46.9435 -45.7342 0
    endloop
  endfacet
  facet normal 0 0 -1
    outer loop
      vertex 19.0288 6.92591 0
      vertex 48 45.5 0
      vertex 19.56 5.24109 0
    endloop
  endfacet
  facet normal 0 0 -1
    outer loop
      vertex 16.5878 -11.6149 0
      vertex 46.9435 -45.7342 0
      vertex 46.75 -45.8349 0
    endloop
  endfacet
  facet normal -0 0 -1
    outer loop
      vertex 48 45.5 0
      vertex 19.0288 6.92591 0
      vertex 47.7821 45.5095 0
    endloop
  endfacet
  facet normal 0 0 -1
    outer loop
      vertex 16.5878 -11.6149 0
      vertex 46.75 -45.8349 0
      vertex 46.5661 -45.9521 0
    endloop
  endfacet
  facet normal -0 0 -1
    outer loop
      vertex 47.7821 45.5095 0
      vertex 19.0288 6.92591 0
      vertex 47.5659 45.538 0
    endloop
  endfacet
  facet normal 0 0 -1
    outer loop
      vertex 15.5124 -13.0164 0
      vertex 46.5661 -45.9521 0
      vertex 46.393 -46.0849 0
    endloop
  endfacet
  facet normal 0 0 -1
    outer loop
      vertex 18.3527 8.55802 0
      vertex 47.5659 45.538 0
      vertex 19.0288 6.92591 0
    endloop
  endfacet
  facet normal 0 0 -1
    outer loop
      vertex 14.3189 -14.3189 0
      vertex 46.393 -46.0849 0
      vertex 46.2322 -46.2322 0
    endloop
  endfacet
  facet normal -0 0 -1
    outer loop
      vertex 47.5659 45.538 0
      vertex 18.3527 8.55802 0
      vertex 47.353 45.5852 0
    endloop
  endfacet
  facet normal 0 0 -1
    outer loop
      vertex 14.3189 -14.3189 0
      vertex 46.2322 -46.2322 0
      vertex 46.0849 -46.393 0
    endloop
  endfacet
  facet normal 0 0 -1
    outer loop
      vertex 17.537 10.125 0
      vertex 47.353 45.5852 0
      vertex 18.3527 8.55802 0
    endloop
  endfacet
  facet normal 0 0 -1
    outer loop
      vertex 13.0164 -15.5124 0
      vertex 46.0849 -46.393 0
      vertex 45.9521 -46.5661 0
    endloop
  endfacet
  facet normal -0 0 -1
    outer loop
      vertex 47.353 45.5852 0
      vertex 17.537 10.125 0
      vertex 47.145 45.6508 0
    endloop
  endfacet
  facet normal 0 0 -1
    outer loop
      vertex 13.0164 -15.5124 0
      vertex 45.9521 -46.5661 0
      vertex 45.8349 -46.75 0
    endloop
  endfacet
  facet normal -0 0 -1
    outer loop
      vertex 47.145 45.6508 0
      vertex 17.537 10.125 0
      vertex 46.9435 45.7342 0
    endloop
  endfacet
  facet normal 0 0 -1
    outer loop
      vertex 11.6149 -16.5878 0
      vertex 45.8349 -46.75 0
      vertex 45.7342 -46.9435 0
    endloop
  endfacet
  facet normal 0 0 -1
    outer loop
      vertex 16.5878 11.6149 0
      vertex 46.9435 45.7342 0
      vertex 17.537 10.125 0
    endloop
  endfacet
  facet normal 0 0 -1
    outer loop
      vertex 10.125 -17.537 0
      vertex 45.7342 -46.9435 0
      vertex 45.6508 -47.145 0
    endloop
  endfacet
  facet normal -0 0 -1
    outer loop
      vertex 46.9435 45.7342 0
      vertex 16.5878 11.6149 0
      vertex 46.75 45.8349 0
    endloop
  endfacet
  facet normal 0 0 -1
    outer loop
      vertex 10.125 -17.537 0
      vertex 45.6508 -47.145 0
      vertex 45.5852 -47.353 0
    endloop
  endfacet
  facet normal -0 0 -1
    outer loop
      vertex 46.75 45.8349 0
      vertex 16.5878 11.6149 0
      vertex 46.5661 45.9521 0
    endloop
  endfacet
  facet normal 0 0 -1
    outer loop
      vertex 8.55802 -18.3527 0
      vertex 45.5852 -47.353 0
      vertex 45.538 -47.5659 0
    endloop
  endfacet
  facet normal 0 0 -1
    outer loop
      vertex 15.5124 13.0164 0
      vertex 46.5661 45.9521 0
      vertex 16.5878 11.6149 0
    endloop
  endfacet
  facet normal 0 0 -1
    outer loop
      vertex 8.55802 -18.3527 0
      vertex 45.538 -47.5659 0
      vertex 45.5095 -47.7821 0
    endloop
  endfacet
  facet normal -0 0 -1
    outer loop
      vertex 46.5661 45.9521 0
      vertex 15.5124 13.0164 0
      vertex 46.393 46.0849 0
    endloop
  endfacet
  facet normal 0 0 -1
    outer loop
      vertex 6.92591 -19.0288 0
      vertex 45.5095 -47.7821 0
      vertex 45.5 -48 0
    endloop
  endfacet
  facet normal 0 0 -1
    outer loop
      vertex 14.3189 14.3189 0
      vertex 46.393 46.0849 0
      vertex 15.5124 13.0164 0
    endloop
  endfacet
  facet normal 0 0 -1
    outer loop
      vertex 50.4148 -48.647 0
      vertex 60 -50 0
      vertex 59.9619 -50.8716 0
    endloop
  endfacet
  facet normal 0 0 -1
    outer loop
      vertex 50.4905 -47.7821 0
      vertex 60 -50 0
      vertex 50.5 -48 0
    endloop
  endfacet
  facet normal 0 0 -1
    outer loop
      vertex 50.3492 -48.855 0
      vertex 59.9619 -50.8716 0
      vertex 59.8481 -51.7365 0
    endloop
  endfacet
  facet normal 0 0 -1
    outer loop
      vertex 50.462 -47.5659 0
      vertex 60 -50 0
      vertex 50.4905 -47.7821 0
    endloop
  endfacet
  facet normal 0 0 -1
    outer loop
      vertex 50.2658 -49.0565 0
      vertex 59.8481 -51.7365 0
      vertex 59.6593 -52.5882 0
    endloop
  endfacet
  facet normal 0 0 -1
    outer loop
      vertex 50.4905 48.2179 0
      vertex 60 50 0
      vertex 50.5 48 0
    endloop
  endfacet
  facet normal 0 0 -1
    outer loop
      vertex 50.2658 -49.0565 0
      vertex 59.6593 -52.5882 0
      vertex 59.3969 -53.4202 0
    endloop
  endfacet
  facet normal 0 0 -1
    outer loop
      vertex 50.462 48.4341 0
      vertex 60 50 0
      vertex 50.4905 48.2179 0
    endloop
  endfacet
  facet normal 0 0 -1
    outer loop
      vertex 50.1651 -49.25 0
      vertex 59.3969 -53.4202 0
      vertex 59.0631 -54.2262 0
    endloop
  endfacet
  facet normal 0 0 -1
    outer loop
      vertex 50.4148 48.647 0
      vertex 60 50 0
      vertex 50.462 48.4341 0
    endloop
  endfacet
  facet normal 0 0 -1
    outer loop
      vertex 50.0479 -49.4339 0
      vertex 59.0631 -54.2262 0
      vertex 58.6602 -55 0
    endloop
  endfacet
  facet normal -0 0 -1
    outer loop
      vertex 60 50 0
      vertex 50.4148 48.647 0
      vertex 59.9619 50.8716 0
    endloop
  endfacet
  facet normal 0 0 -1
    outer loop
      vertex 50.0479 -49.4339 0
      vertex 58.6602 -55 0
      vertex 58.1915 -55.7358 0
    endloop
  endfacet
  facet normal 0 0 -1
    outer loop
      vertex 50.3492 48.855 0
      vertex 59.9619 50.8716 0
      vertex 50.4148 48.647 0
    endloop
  endfacet
  facet normal 0 0 -1
    outer loop
      vertex 49.9151 -49.607 0
      vertex 58.1915 -55.7358 0
      vertex 57.6604 -56.4279 0
    endloop
  endfacet
  facet normal -0 0 -1
    outer loop
      vertex 59.9619 50.8716 0
      vertex 50.3492 48.855 0
      vertex 59.8481 51.7365 0
    endloop
  endfacet
  facet normal 0 0 -1
    outer loop
      vertex 49.7678 -49.7678 0
      vertex 57.6604 -56.4279 0
      vertex 57.0711 -57.0711 0
    endloop
  endfacet
  facet normal 0 0 -1
    outer loop
      vertex 50.2658 49.0565 0
      vertex 59.8481 51.7365 0
      vertex 50.3492 48.855 0
    endloop
  endfacet
  facet normal 0 0 -1
    outer loop
      vertex 49.7678 -49.7678 0
      vertex 57.0711 -57.0711 0
      vertex 56.4279 -57.6604 0
    endloop
  endfacet
  facet normal -0 0 -1
    outer loop
      vertex 59.8481 51.7365 0
      vertex 50.2658 49.0565 0
      vertex 59.6593 52.5882 0
    endloop
  endfacet
  facet normal 0 0 -1
    outer loop
      vertex 49.607 -49.9151 0
      vertex 56.4279 -57.6604 0
      vertex 55.7358 -58.1915 0
    endloop
  endfacet
  facet normal -0 0 -1
    outer loop
      vertex 59.6593 52.5882 0
      vertex 50.2658 49.0565 0
      vertex 59.3969 53.4202 0
    endloop
  endfacet
  facet normal 0 0 -1
    outer loop
      vertex 49.4339 -50.0479 0
      vertex 55.7358 -58.1915 0
      vertex 55 -58.6602 0
    endloop
  endfacet
  facet normal 0 0 -1
    outer loop
      vertex 50.1651 49.25 0
      vertex 59.3969 53.4202 0
      vertex 50.2658 49.0565 0
    endloop
  endfacet
  facet normal 0 0 -1
    outer loop
      vertex 49.4339 -50.0479 0
      vertex 55 -58.6602 0
      vertex 54.2262 -59.0631 0
    endloop
  endfacet
  facet normal -0 0 -1
    outer loop
      vertex 59.3969 53.4202 0
      vertex 50.1651 49.25 0
      vertex 59.0631 54.2262 0
    endloop
  endfacet
  facet normal 0 0 -1
    outer loop
      vertex 49.25 -50.1651 0
      vertex 54.2262 -59.0631 0
      vertex 53.4202 -59.3969 0
    endloop
  endfacet
  facet normal 0 0 -1
    outer loop
      vertex 50.0479 49.4339 0
      vertex 59.0631 54.2262 0
      vertex 50.1651 49.25 0
    endloop
  endfacet
  facet normal 0 0 -1
    outer loop
      vertex 49.25 -50.1651 0
      vertex 53.4202 -59.3969 0
      vertex 52.5882 -59.6593 0
    endloop
  endfacet
  facet normal -0 0 -1
    outer loop
      vertex 59.0631 54.2262 0
      vertex 50.0479 49.4339 0
      vertex 58.6602 55 0
    endloop
  endfacet
  facet normal 0 0 -1
    outer loop
      vertex 49.0565 -50.2658 0
      vertex 52.5882 -59.6593 0
      vertex 51.7365 -59.8481 0
    endloop
  endfacet
  facet normal -0 0 -1
    outer loop
      vertex 58.6602 55 0
      vertex 50.0479 49.4339 0
      vertex 58.1915 55.7358 0
    endloop
  endfacet
  facet normal 0 0 -1
    outer loop
      vertex 48.855 -50.3492 0
      vertex 51.7365 -59.8481 0
      vertex 50.8716 -59.9619 0
    endloop
  endfacet
  facet normal 0 0 -1
    outer loop
      vertex 49.9151 49.607 0
      vertex 58.1915 55.7358 0
      vertex 50.0479 49.4339 0
    endloop
  endfacet
  facet normal -0 0 -1
    outer loop
      vertex 58.1915 55.7358 0
      vertex 49.9151 49.607 0
      vertex 57.6604 56.4279 0
    endloop
  endfacet
  facet normal 0 0 -1
    outer loop
      vertex 60 -50 0
      vertex 50.4905 -48.2179 0
      vertex 50.5 -48 0
    endloop
  endfacet
  facet normal 0 0 -1
    outer loop
      vertex 60 -50 0
      vertex 50.462 -48.4341 0
      vertex 50.4905 -48.2179 0
    endloop
  endfacet
  facet normal 0 0 -1
    outer loop
      vertex 60 -50 0
      vertex 50.4148 -48.647 0
      vertex 50.462 -48.4341 0
    endloop
  endfacet
  facet normal 0 0 -1
    outer loop
      vertex 59.9619 -50.8716 0
      vertex 50.3492 -48.855 0
      vertex 50.4148 -48.647 0
    endloop
  endfacet
  facet normal 0 0 -1
    outer loop
      vertex 59.8481 -51.7365 0
      vertex 50.2658 -49.0565 0
      vertex 50.3492 -48.855 0
    endloop
  endfacet
  facet normal 0 0 -1
    outer loop
      vertex 59.3969 -53.4202 0
      vertex 50.1651 -49.25 0
      vertex 50.2658 -49.0565 0
    endloop
  endfacet
  facet normal 0 0 -1
    outer loop
      vertex 59.0631 -54.2262 0
      vertex 50.0479 -49.4339 0
      vertex 50.1651 -49.25 0
    endloop
  endfacet
  facet normal 0 0 -1
    outer loop
      vertex 48.855 -50.3492 0
      vertex 50.8716 -59.9619 0
      vertex 50 -60 0
    endloop
  endfacet
  facet normal 0 0 -1
    outer loop
      vertex 58.1915 -55.7358 0
      vertex 49.9151 -49.607 0
      vertex 50.0479 -49.4339 0
    endloop
  endfacet
  facet normal 0 0 -1
    outer loop
      vertex 57.6604 -56.4279 0
      vertex 49.7678 -49.7678 0
      vertex 49.9151 -49.607 0
    endloop
  endfacet
  facet normal 0 0 -1
    outer loop
      vertex 56.4279 -57.6604 0
      vertex 49.607 -49.9151 0
      vertex 49.7678 -49.7678 0
    endloop
  endfacet
  facet normal 0 0 -1
    outer loop
      vertex 55.7358 -58.1915 0
      vertex 49.4339 -50.0479 0
      vertex 49.607 -49.9151 0
    endloop
  endfacet
  facet normal 0 0 -1
    outer loop
      vertex 54.2262 -59.0631 0
      vertex 49.25 -50.1651 0
      vertex 49.4339 -50.0479 0
    endloop
  endfacet
  facet normal 0 0 -1
    outer loop
      vertex 52.5882 -59.6593 0
      vertex 49.0565 -50.2658 0
      vertex 49.25 -50.1651 0
    endloop
  endfacet
  facet normal 0 0 -1
    outer loop
      vertex 51.7365 -59.8481 0
      vertex 48.855 -50.3492 0
      vertex 49.0565 -50.2658 0
    endloop
  endfacet
  facet normal 0 0 -1
    outer loop
      vertex 50 -60 0
      vertex 48.647 -50.4148 0
      vertex 48.855 -50.3492 0
    endloop
  endfacet
  facet normal 0 0 -1
    outer loop
      vertex 50 -60 0
      vertex 48.4341 -50.462 0
      vertex 48.647 -50.4148 0
    endloop
  endfacet
  facet normal 0 0 -1
    outer loop
      vertex 50 -60 0
      vertex 48.2179 -50.4905 0
      vertex 48.4341 -50.462 0
    endloop
  endfacet
  facet normal 0 0 -1
    outer loop
      vertex 50 -60 0
      vertex 48 -50.5 0
      vertex 48.2179 -50.4905 0
    endloop
  endfacet
  facet normal 0 0 -1
    outer loop
      vertex 50 -60 0
      vertex 47.7821 -50.4905 0
      vertex 48 -50.5 0
    endloop
  endfacet
  facet normal 0 0 -1
    outer loop
      vertex 50 -60 0
      vertex 47.5659 -50.462 0
      vertex 47.7821 -50.4905 0
    endloop
  endfacet
  facet normal 0 0 -1
    outer loop
      vertex 50 -60 0
      vertex 47.353 -50.4148 0
      vertex 47.5659 -50.462 0
    endloop
  endfacet
  facet normal 0 0 -1
    outer loop
      vertex 50 -60 0
      vertex 47.145 -50.3492 0
      vertex 47.353 -50.4148 0
    endloop
  endfacet
  facet normal 0 0 -1
    outer loop
      vertex 50 -60 0
      vertex 46.9435 -50.2658 0
      vertex 47.145 -50.3492 0
    endloop
  endfacet
  facet normal 0 0 -1
    outer loop
      vertex 50 -60 0
      vertex 46.75 -50.1651 0
      vertex 46.9435 -50.2658 0
    endloop
  endfacet
  facet normal 0 0 -1
    outer loop
      vertex 50 -60 0
      vertex 46.5661 -50.0479 0
      vertex 46.75 -50.1651 0
    endloop
  endfacet
  facet normal 0 0 -1
    outer loop
      vertex 50 -60 0
      vertex 46.393 -49.9151 0
      vertex 46.5661 -50.0479 0
    endloop
  endfacet
  facet normal 0 0 -1
    outer loop
      vertex 50 -60 0
      vertex 46.2322 -49.7678 0
      vertex 46.393 -49.9151 0
    endloop
  endfacet
  facet normal 0 0 -1
    outer loop
      vertex 50 -60 0
      vertex 46.0849 -49.607 0
      vertex 46.2322 -49.7678 0
    endloop
  endfacet
  facet normal 0 0 -1
    outer loop
      vertex 50 -60 0
      vertex 45.9521 -49.4339 0
      vertex 46.0849 -49.607 0
    endloop
  endfacet
  facet normal 0 0 -1
    outer loop
      vertex 50 -60 0
      vertex 45.8349 -49.25 0
      vertex 45.9521 -49.4339 0
    endloop
  endfacet
  facet normal 0 0 -1
    outer loop
      vertex 50 -60 0
      vertex 45.7342 -49.0565 0
      vertex 45.8349 -49.25 0
    endloop
  endfacet
  facet normal 0 0 -1
    outer loop
      vertex -45.7342 -49.0565 0
      vertex 45.7342 -49.0565 0
      vertex 50 -60 0
    endloop
  endfacet
  facet normal -0 0 -1
    outer loop
      vertex 46.393 46.0849 0
      vertex 14.3189 14.3189 0
      vertex 46.2322 46.2322 0
    endloop
  endfacet
  facet normal 0 0 -1
    outer loop
      vertex 5.24109 -19.56 0
      vertex 45.5 -48 0
      vertex 45.5095 -48.2179 0
    endloop
  endfacet
  facet normal 0 0 -1
    outer loop
      vertex 5.24109 -19.56 0
      vertex 45.5095 -48.2179 0
      vertex 45.538 -48.4341 0
    endloop
  endfacet
  facet normal 0 0 -1
    outer loop
      vertex 3.51638 -19.9424 0
      vertex 45.538 -48.4341 0
      vertex 45.5852 -48.647 0
    endloop
  endfacet
  facet normal 0 0 -1
    outer loop
      vertex 1.7649 -20.1729 0
      vertex 45.5852 -48.647 0
      vertex 45.6508 -48.855 0
    endloop
  endfacet
  facet normal 0 -0 -1
    outer loop
      vertex 0 -20.25 0
      vertex 45.7342 -49.0565 0
      vertex -45.7342 -49.0565 0
    endloop
  endfacet
  facet normal 0 0 -1
    outer loop
      vertex 48.855 -45.6508 0
      vertex 20.1729 -1.7649 0
      vertex 20.25 0 0
    endloop
  endfacet
  facet normal 0 0 -1
    outer loop
      vertex 48.647 -45.5852 0
      vertex 19.9424 -3.51638 0
      vertex 20.1729 -1.7649 0
    endloop
  endfacet
  facet normal 0 0 -1
    outer loop
      vertex 48.2179 -45.5095 0
      vertex 19.56 -5.24109 0
      vertex 19.9424 -3.51638 0
    endloop
  endfacet
  facet normal 0 0 -1
    outer loop
      vertex 48 -45.5 0
      vertex 19.0288 -6.92591 0
      vertex 19.56 -5.24109 0
    endloop
  endfacet
  facet normal 0 0 -1
    outer loop
      vertex 47.5659 -45.538 0
      vertex 18.3527 -8.55802 0
      vertex 19.0288 -6.92591 0
    endloop
  endfacet
  facet normal 0 0 -1
    outer loop
      vertex 47.353 -45.5852 0
      vertex 17.537 -10.125 0
      vertex 18.3527 -8.55802 0
    endloop
  endfacet
  facet normal 0 0 -1
    outer loop
      vertex 46.9435 -45.7342 0
      vertex 16.5878 -11.6149 0
      vertex 17.537 -10.125 0
    endloop
  endfacet
  facet normal 0 0 -1
    outer loop
      vertex 46.5661 -45.9521 0
      vertex 15.5124 -13.0164 0
      vertex 16.5878 -11.6149 0
    endloop
  endfacet
  facet normal 0 0 -1
    outer loop
      vertex 46.393 -46.0849 0
      vertex 14.3189 -14.3189 0
      vertex 15.5124 -13.0164 0
    endloop
  endfacet
  facet normal 0 0 -1
    outer loop
      vertex 46.0849 -46.393 0
      vertex 13.0164 -15.5124 0
      vertex 14.3189 -14.3189 0
    endloop
  endfacet
  facet normal 0 0 -1
    outer loop
      vertex 45.8349 -46.75 0
      vertex 11.6149 -16.5878 0
      vertex 13.0164 -15.5124 0
    endloop
  endfacet
  facet normal 0 0 -1
    outer loop
      vertex 45.7342 -46.9435 0
      vertex 10.125 -17.537 0
      vertex 11.6149 -16.5878 0
    endloop
  endfacet
  facet normal 0 0 -1
    outer loop
      vertex 45.5852 -47.353 0
      vertex 8.55802 -18.3527 0
      vertex 10.125 -17.537 0
    endloop
  endfacet
  facet normal 0 0 -1
    outer loop
      vertex 45.5095 -47.7821 0
      vertex 6.92591 -19.0288 0
      vertex 8.55802 -18.3527 0
    endloop
  endfacet
  facet normal 0 0 -1
    outer loop
      vertex 45.5 -48 0
      vertex 5.24109 -19.56 0
      vertex 6.92591 -19.0288 0
    endloop
  endfacet
  facet normal 0 0 -1
    outer loop
      vertex 45.538 -48.4341 0
      vertex 3.51638 -19.9424 0
      vertex 5.24109 -19.56 0
    endloop
  endfacet
  facet normal 0 0 -1
    outer loop
      vertex 45.5852 -48.647 0
      vertex 1.7649 -20.1729 0
      vertex 3.51638 -19.9424 0
    endloop
  endfacet
  facet normal 0 0 -1
    outer loop
      vertex 45.6508 -48.855 0
      vertex 0 -20.25 0
      vertex 1.7649 -20.1729 0
    endloop
  endfacet
  facet normal 0 0 -1
    outer loop
      vertex 45.7342 -49.0565 0
      vertex 0 -20.25 0
      vertex 45.6508 -48.855 0
    endloop
  endfacet
  facet normal -0 0 -1
    outer loop
      vertex 0 -20.25 0
      vertex -45.7342 -49.0565 0
      vertex -1.7649 -20.1729 0
    endloop
  endfacet
  facet normal 0 -0 -1
    outer loop
      vertex -45.6508 -48.855 0
      vertex -1.7649 -20.1729 0
      vertex -45.7342 -49.0565 0
    endloop
  endfacet
  facet normal 0 -0 -1
    outer loop
      vertex -45.5852 -48.647 0
      vertex -1.7649 -20.1729 0
      vertex -45.6508 -48.855 0
    endloop
  endfacet
  facet normal -0 0 -1
    outer loop
      vertex -1.7649 -20.1729 0
      vertex -45.5852 -48.647 0
      vertex -3.51638 -19.9424 0
    endloop
  endfacet
  facet normal -0 0 -1
    outer loop
      vertex -3.51638 -19.9424 0
      vertex -45.538 -48.4341 0
      vertex -5.24109 -19.56 0
    endloop
  endfacet
  facet normal 0 -0 -1
    outer loop
      vertex -45.5095 -48.2179 0
      vertex -5.24109 -19.56 0
      vertex -45.538 -48.4341 0
    endloop
  endfacet
  facet normal 0 0 -1
    outer loop
      vertex -46.2322 -46.2322 0
      vertex -14.3189 -14.3189 0
      vertex -46.0849 -46.393 0
    endloop
  endfacet
  facet normal -0 0 -1
    outer loop
      vertex -13.0164 -15.5124 0
      vertex -46.0849 -46.393 0
      vertex -14.3189 -14.3189 0
    endloop
  endfacet
  facet normal 0 0 -1
    outer loop
      vertex -46.0849 -46.393 0
      vertex -13.0164 -15.5124 0
      vertex -45.9521 -46.5661 0
    endloop
  endfacet
  facet normal 0 0 -1
    outer loop
      vertex -45.9521 -46.5661 0
      vertex -13.0164 -15.5124 0
      vertex -45.8349 -46.75 0
    endloop
  endfacet
  facet normal -0 0 -1
    outer loop
      vertex -11.6149 -16.5878 0
      vertex -45.8349 -46.75 0
      vertex -13.0164 -15.5124 0
    endloop
  endfacet
  facet normal 0 0 -1
    outer loop
      vertex -45.8349 -46.75 0
      vertex -11.6149 -16.5878 0
      vertex -45.7342 -46.9435 0
    endloop
  endfacet
  facet normal -0 0 -1
    outer loop
      vertex -10.125 -17.537 0
      vertex -45.7342 -46.9435 0
      vertex -11.6149 -16.5878 0
    endloop
  endfacet
  facet normal 0 0 -1
    outer loop
      vertex -45.7342 -46.9435 0
      vertex -10.125 -17.537 0
      vertex -45.6508 -47.145 0
    endloop
  endfacet
  facet normal 0 0 -1
    outer loop
      vertex -45.6508 -47.145 0
      vertex -10.125 -17.537 0
      vertex -45.5852 -47.353 0
    endloop
  endfacet
  facet normal -0 0 -1
    outer loop
      vertex -8.55802 -18.3527 0
      vertex -45.5852 -47.353 0
      vertex -10.125 -17.537 0
    endloop
  endfacet
  facet normal 0 0 -1
    outer loop
      vertex -45.5852 -47.353 0
      vertex -8.55802 -18.3527 0
      vertex -45.538 -47.5659 0
    endloop
  endfacet
  facet normal 0 -0 -1
    outer loop
      vertex -45.5 -48 0
      vertex -5.24109 -19.56 0
      vertex -45.5095 -48.2179 0
    endloop
  endfacet
  facet normal 0 0 -1
    outer loop
      vertex -45.538 -47.5659 0
      vertex -8.55802 -18.3527 0
      vertex -45.5095 -47.7821 0
    endloop
  endfacet
  facet normal -0 0 -1
    outer loop
      vertex -6.92591 -19.0288 0
      vertex -45.5095 -47.7821 0
      vertex -8.55802 -18.3527 0
    endloop
  endfacet
  facet normal 0 0 -1
    outer loop
      vertex -45.5095 -47.7821 0
      vertex -6.92591 -19.0288 0
      vertex -45.5 -48 0
    endloop
  endfacet
  facet normal -0 0 -1
    outer loop
      vertex -5.24109 -19.56 0
      vertex -45.5 -48 0
      vertex -6.92591 -19.0288 0
    endloop
  endfacet
  facet normal 0 -0 -1
    outer loop
      vertex -45.538 -48.4341 0
      vertex -3.51638 -19.9424 0
      vertex -45.5852 -48.647 0
    endloop
  endfacet
  facet normal 0 0 -1
    outer loop
      vertex 50 -60 0
      vertex -45.8349 -49.25 0
      vertex -45.7342 -49.0565 0
    endloop
  endfacet
  facet normal 0 0 -1
    outer loop
      vertex -50 -60 0
      vertex -45.8349 -49.25 0
      vertex 50 -60 0
    endloop
  endfacet
  facet normal 0 0 -1
    outer loop
      vertex -45.8349 -49.25 0
      vertex -50 -60 0
      vertex -45.9521 -49.4339 0
    endloop
  endfacet
  facet normal 0 0 -1
    outer loop
      vertex -45.9521 -49.4339 0
      vertex -50 -60 0
      vertex -46.0849 -49.607 0
    endloop
  endfacet
  facet normal 0 0 -1
    outer loop
      vertex -46.0849 -49.607 0
      vertex -50 -60 0
      vertex -46.2322 -49.7678 0
    endloop
  endfacet
  facet normal 0 0 -1
    outer loop
      vertex -46.2322 -49.7678 0
      vertex -50 -60 0
      vertex -46.393 -49.9151 0
    endloop
  endfacet
  facet normal 0 0 -1
    outer loop
      vertex -46.393 -49.9151 0
      vertex -50 -60 0
      vertex -46.5661 -50.0479 0
    endloop
  endfacet
  facet normal 0 0 -1
    outer loop
      vertex -46.5661 -50.0479 0
      vertex -50 -60 0
      vertex -46.75 -50.1651 0
    endloop
  endfacet
  facet normal 0 0 -1
    outer loop
      vertex -46.75 -50.1651 0
      vertex -50 -60 0
      vertex -46.9435 -50.2658 0
    endloop
  endfacet
  facet normal 0 0 -1
    outer loop
      vertex -46.9435 -50.2658 0
      vertex -50 -60 0
      vertex -47.145 -50.3492 0
    endloop
  endfacet
  facet normal 0 0 -1
    outer loop
      vertex -47.145 -50.3492 0
      vertex -50 -60 0
      vertex -47.353 -50.4148 0
    endloop
  endfacet
  facet normal 0 0 -1
    outer loop
      vertex -47.353 -50.4148 0
      vertex -50 -60 0
      vertex -47.5659 -50.462 0
    endloop
  endfacet
  facet normal 0 0 -1
    outer loop
      vertex -47.5659 -50.462 0
      vertex -50 -60 0
      vertex -47.7821 -50.4905 0
    endloop
  endfacet
  facet normal 0 0 -1
    outer loop
      vertex -47.7821 -50.4905 0
      vertex -50 -60 0
      vertex -48 -50.5 0
    endloop
  endfacet
  facet normal -0 0 -1
    outer loop
      vertex -48 -50.5 0
      vertex -50 -60 0
      vertex -48.2179 -50.4905 0
    endloop
  endfacet
  facet normal 0 0 -1
    outer loop
      vertex -50 -60 0
      vertex -48.4341 -50.462 0
      vertex -48.2179 -50.4905 0
    endloop
  endfacet
  facet normal 0 0 -1
    outer loop
      vertex -50 -60 0
      vertex -48.647 -50.4148 0
      vertex -48.4341 -50.462 0
    endloop
  endfacet
  facet normal 0 0 -1
    outer loop
      vertex -50 -60 0
      vertex -48.855 -50.3492 0
      vertex -48.647 -50.4148 0
    endloop
  endfacet
  facet normal 0 0 -1
    outer loop
      vertex -50.8716 -59.9619 0
      vertex -48.855 -50.3492 0
      vertex -50 -60 0
    endloop
  endfacet
  facet normal 0 0 -1
    outer loop
      vertex -51.7365 -59.8481 0
      vertex -48.855 -50.3492 0
      vertex -50.8716 -59.9619 0
    endloop
  endfacet
  facet normal -0 0 -1
    outer loop
      vertex -48.855 -50.3492 0
      vertex -51.7365 -59.8481 0
      vertex -49.0565 -50.2658 0
    endloop
  endfacet
  facet normal 0 0 -1
    outer loop
      vertex -52.5882 -59.6593 0
      vertex -49.0565 -50.2658 0
      vertex -51.7365 -59.8481 0
    endloop
  endfacet
  facet normal -0 0 -1
    outer loop
      vertex -49.0565 -50.2658 0
      vertex -52.5882 -59.6593 0
      vertex -49.25 -50.1651 0
    endloop
  endfacet
  facet normal 0 0 -1
    outer loop
      vertex -53.4202 -59.3969 0
      vertex -49.25 -50.1651 0
      vertex -52.5882 -59.6593 0
    endloop
  endfacet
  facet normal 0 0 -1
    outer loop
      vertex -54.2262 -59.0631 0
      vertex -49.25 -50.1651 0
      vertex -53.4202 -59.3969 0
    endloop
  endfacet
  facet normal -0 0 -1
    outer loop
      vertex -49.25 -50.1651 0
      vertex -54.2262 -59.0631 0
      vertex -49.4339 -50.0479 0
    endloop
  endfacet
  facet normal 0 0 -1
    outer loop
      vertex -55 -58.6602 0
      vertex -49.4339 -50.0479 0
      vertex -54.2262 -59.0631 0
    endloop
  endfacet
  facet normal 0 0 -1
    outer loop
      vertex -55.7358 -58.1915 0
      vertex -49.4339 -50.0479 0
      vertex -55 -58.6602 0
    endloop
  endfacet
  facet normal -0 0 -1
    outer loop
      vertex -49.4339 -50.0479 0
      vertex -55.7358 -58.1915 0
      vertex -49.607 -49.9151 0
    endloop
  endfacet
  facet normal 0 0 -1
    outer loop
      vertex -56.4279 -57.6604 0
      vertex -49.607 -49.9151 0
      vertex -55.7358 -58.1915 0
    endloop
  endfacet
  facet normal -0 0 -1
    outer loop
      vertex -49.607 -49.9151 0
      vertex -56.4279 -57.6604 0
      vertex -49.7678 -49.7678 0
    endloop
  endfacet
  facet normal 0 0 -1
    outer loop
      vertex -57.0711 -57.0711 0
      vertex -49.7678 -49.7678 0
      vertex -56.4279 -57.6604 0
    endloop
  endfacet
  facet normal -0 0 -1
    outer loop
      vertex -49.7678 -49.7678 0
      vertex -57.6604 -56.4279 0
      vertex -49.9151 -49.607 0
    endloop
  endfacet
  facet normal 0 0 -1
    outer loop
      vertex -57.6604 -56.4279 0
      vertex -49.7678 -49.7678 0
      vertex -57.0711 -57.0711 0
    endloop
  endfacet
  facet normal 0 0 -1
    outer loop
      vertex 49.7678 49.7678 0
      vertex 57.6604 56.4279 0
      vertex 49.9151 49.607 0
    endloop
  endfacet
  facet normal -0 0 -1
    outer loop
      vertex 57.6604 56.4279 0
      vertex 49.7678 49.7678 0
      vertex 57.0711 57.0711 0
    endloop
  endfacet
  facet normal -0 0 -1
    outer loop
      vertex 57.0711 57.0711 0
      vertex 49.7678 49.7678 0
      vertex 56.4279 57.6604 0
    endloop
  endfacet
  facet normal 0 0 -1
    outer loop
      vertex 49.607 49.9151 0
      vertex 56.4279 57.6604 0
      vertex 49.7678 49.7678 0
    endloop
  endfacet
  facet normal -0 0 -1
    outer loop
      vertex 56.4279 57.6604 0
      vertex 49.607 49.9151 0
      vertex 55.7358 58.1915 0
    endloop
  endfacet
  facet normal 0 0 -1
    outer loop
      vertex 49.4339 50.0479 0
      vertex 55.7358 58.1915 0
      vertex 49.607 49.9151 0
    endloop
  endfacet
  facet normal -0 0 -1
    outer loop
      vertex 55.7358 58.1915 0
      vertex 49.4339 50.0479 0
      vertex 55 58.6602 0
    endloop
  endfacet
  facet normal -0 0 -1
    outer loop
      vertex 55 58.6602 0
      vertex 49.4339 50.0479 0
      vertex 54.2262 59.0631 0
    endloop
  endfacet
  facet normal 0 0 -1
    outer loop
      vertex 49.25 50.1651 0
      vertex 54.2262 59.0631 0
      vertex 49.4339 50.0479 0
    endloop
  endfacet
  facet normal -0 0 -1
    outer loop
      vertex 54.2262 59.0631 0
      vertex 49.25 50.1651 0
      vertex 53.4202 59.3969 0
    endloop
  endfacet
  facet normal -0 0 -1
    outer loop
      vertex 53.4202 59.3969 0
      vertex 49.25 50.1651 0
      vertex 52.5882 59.6593 0
    endloop
  endfacet
  facet normal 0 0 -1
    outer loop
      vertex 49.0565 50.2658 0
      vertex 52.5882 59.6593 0
      vertex 49.25 50.1651 0
    endloop
  endfacet
  facet normal -0 0 -1
    outer loop
      vertex 52.5882 59.6593 0
      vertex 49.0565 50.2658 0
      vertex 51.7365 59.8481 0
    endloop
  endfacet
  facet normal 0 0 -1
    outer loop
      vertex 48.855 50.3492 0
      vertex 51.7365 59.8481 0
      vertex 49.0565 50.2658 0
    endloop
  endfacet
  facet normal -0 0 -1
    outer loop
      vertex 51.7365 59.8481 0
      vertex 48.855 50.3492 0
      vertex 50.8716 59.9619 0
    endloop
  endfacet
  facet normal -0 0 -1
    outer loop
      vertex 50.8716 59.9619 0
      vertex 48.855 50.3492 0
      vertex 50 60 0
    endloop
  endfacet
  facet normal 0 0 -1
    outer loop
      vertex 48.647 50.4148 0
      vertex 50 60 0
      vertex 48.855 50.3492 0
    endloop
  endfacet
  facet normal 0 0 -1
    outer loop
      vertex 48.4341 50.462 0
      vertex 50 60 0
      vertex 48.647 50.4148 0
    endloop
  endfacet
  facet normal 0 0 -1
    outer loop
      vertex 48.2179 50.4905 0
      vertex 50 60 0
      vertex 48.4341 50.462 0
    endloop
  endfacet
  facet normal 0 0 -1
    outer loop
      vertex 48 50.5 0
      vertex 50 60 0
      vertex 48.2179 50.4905 0
    endloop
  endfacet
  facet normal 0 0 -1
    outer loop
      vertex 47.7821 50.4905 0
      vertex 50 60 0
      vertex 48 50.5 0
    endloop
  endfacet
  facet normal 0 0 -1
    outer loop
      vertex 47.5659 50.462 0
      vertex 50 60 0
      vertex 47.7821 50.4905 0
    endloop
  endfacet
  facet normal 0 0 -1
    outer loop
      vertex 47.353 50.4148 0
      vertex 50 60 0
      vertex 47.5659 50.462 0
    endloop
  endfacet
  facet normal 0 0 -1
    outer loop
      vertex 47.145 50.3492 0
      vertex 50 60 0
      vertex 47.353 50.4148 0
    endloop
  endfacet
  facet normal 0 0 -1
    outer loop
      vertex 46.9435 50.2658 0
      vertex 50 60 0
      vertex 47.145 50.3492 0
    endloop
  endfacet
  facet normal 0 0 -1
    outer loop
      vertex 46.75 50.1651 0
      vertex 50 60 0
      vertex 46.9435 50.2658 0
    endloop
  endfacet
  facet normal 0 0 -1
    outer loop
      vertex 46.5661 50.0479 0
      vertex 50 60 0
      vertex 46.75 50.1651 0
    endloop
  endfacet
  facet normal 0 0 -1
    outer loop
      vertex 46.393 49.9151 0
      vertex 50 60 0
      vertex 46.5661 50.0479 0
    endloop
  endfacet
  facet normal 0 0 -1
    outer loop
      vertex 46.2322 49.7678 0
      vertex 50 60 0
      vertex 46.393 49.9151 0
    endloop
  endfacet
  facet normal 0 0 -1
    outer loop
      vertex 46.0849 49.607 0
      vertex 50 60 0
      vertex 46.2322 49.7678 0
    endloop
  endfacet
  facet normal 0 0 -1
    outer loop
      vertex 45.9521 49.4339 0
      vertex 50 60 0
      vertex 46.0849 49.607 0
    endloop
  endfacet
  facet normal 0 0 -1
    outer loop
      vertex 45.8349 49.25 0
      vertex 50 60 0
      vertex 45.9521 49.4339 0
    endloop
  endfacet
  facet normal 0 0 -1
    outer loop
      vertex 45.7342 49.0565 0
      vertex 50 60 0
      vertex 45.8349 49.25 0
    endloop
  endfacet
  facet normal 0 0 -1
    outer loop
      vertex 0 20.25 0
      vertex 45.7342 49.0565 0
      vertex 45.6508 48.855 0
    endloop
  endfacet
  facet normal -0 0 -1
    outer loop
      vertex 46.2322 46.2322 0
      vertex 14.3189 14.3189 0
      vertex 46.0849 46.393 0
    endloop
  endfacet
  facet normal 0 0 -1
    outer loop
      vertex 13.0164 15.5124 0
      vertex 46.0849 46.393 0
      vertex 14.3189 14.3189 0
    endloop
  endfacet
  facet normal -0 0 -1
    outer loop
      vertex 46.0849 46.393 0
      vertex 13.0164 15.5124 0
      vertex 45.9521 46.5661 0
    endloop
  endfacet
  facet normal -0 0 -1
    outer loop
      vertex 45.9521 46.5661 0
      vertex 13.0164 15.5124 0
      vertex 45.8349 46.75 0
    endloop
  endfacet
  facet normal 0 0 -1
    outer loop
      vertex 11.6149 16.5878 0
      vertex 45.8349 46.75 0
      vertex 13.0164 15.5124 0
    endloop
  endfacet
  facet normal -0 0 -1
    outer loop
      vertex 45.8349 46.75 0
      vertex 11.6149 16.5878 0
      vertex 45.7342 46.9435 0
    endloop
  endfacet
  facet normal 0 0 -1
    outer loop
      vertex 10.125 17.537 0
      vertex 45.7342 46.9435 0
      vertex 11.6149 16.5878 0
    endloop
  endfacet
  facet normal -0 0 -1
    outer loop
      vertex 45.7342 46.9435 0
      vertex 10.125 17.537 0
      vertex 45.6508 47.145 0
    endloop
  endfacet
  facet normal -0 0 -1
    outer loop
      vertex 45.6508 47.145 0
      vertex 10.125 17.537 0
      vertex 45.5852 47.353 0
    endloop
  endfacet
  facet normal 0 0 -1
    outer loop
      vertex 8.55802 18.3527 0
      vertex 45.5852 47.353 0
      vertex 10.125 17.537 0
    endloop
  endfacet
  facet normal -0 0 -1
    outer loop
      vertex 45.5852 47.353 0
      vertex 8.55802 18.3527 0
      vertex 45.538 47.5659 0
    endloop
  endfacet
  facet normal -0 0 -1
    outer loop
      vertex 45.538 47.5659 0
      vertex 8.55802 18.3527 0
      vertex 45.5095 47.7821 0
    endloop
  endfacet
  facet normal 0 0 -1
    outer loop
      vertex 6.92591 19.0288 0
      vertex 45.5095 47.7821 0
      vertex 8.55802 18.3527 0
    endloop
  endfacet
  facet normal -0 0 -1
    outer loop
      vertex 45.5095 47.7821 0
      vertex 6.92591 19.0288 0
      vertex 45.5 48 0
    endloop
  endfacet
  facet normal 0 0 -1
    outer loop
      vertex 5.24109 19.56 0
      vertex 45.5 48 0
      vertex 6.92591 19.0288 0
    endloop
  endfacet
  facet normal -0 0 -1
    outer loop
      vertex 45.5 48 0
      vertex 5.24109 19.56 0
      vertex 45.5095 48.2179 0
    endloop
  endfacet
  facet normal -0 0 -1
    outer loop
      vertex 45.5095 48.2179 0
      vertex 5.24109 19.56 0
      vertex 45.538 48.4341 0
    endloop
  endfacet
  facet normal 0 0 -1
    outer loop
      vertex 3.51638 19.9424 0
      vertex 45.538 48.4341 0
      vertex 5.24109 19.56 0
    endloop
  endfacet
  facet normal -0 0 -1
    outer loop
      vertex 45.538 48.4341 0
      vertex 3.51638 19.9424 0
      vertex 45.5852 48.647 0
    endloop
  endfacet
  facet normal 0 0 -1
    outer loop
      vertex 1.7649 20.1729 0
      vertex 45.5852 48.647 0
      vertex 3.51638 19.9424 0
    endloop
  endfacet
  facet normal -0 0 -1
    outer loop
      vertex 45.5852 48.647 0
      vertex 1.7649 20.1729 0
      vertex 45.6508 48.855 0
    endloop
  endfacet
  facet normal 0 0 -1
    outer loop
      vertex 0 20.25 0
      vertex 45.6508 48.855 0
      vertex 1.7649 20.1729 0
    endloop
  endfacet
  facet normal -0 0 -1
    outer loop
      vertex 45.7342 49.0565 0
      vertex 0 20.25 0
      vertex -45.7342 49.0565 0
    endloop
  endfacet
  facet normal 0 0 -1
    outer loop
      vertex -45.7342 49.0565 0
      vertex 0 20.25 0
      vertex -1.7649 20.1729 0
    endloop
  endfacet
  facet normal 0 0 -1
    outer loop
      vertex -45.5852 48.647 0
      vertex -1.7649 20.1729 0
      vertex -3.51638 19.9424 0
    endloop
  endfacet
  facet normal 0 0 -1
    outer loop
      vertex -45.538 48.4341 0
      vertex -3.51638 19.9424 0
      vertex -5.24109 19.56 0
    endloop
  endfacet
  facet normal 0 0 -1
    outer loop
      vertex -45.5 48 0
      vertex -5.24109 19.56 0
      vertex -6.92591 19.0288 0
    endloop
  endfacet
  facet normal 0 0 -1
    outer loop
      vertex -45.5 48 0
      vertex -6.92591 19.0288 0
      vertex -8.55802 18.3527 0
    endloop
  endfacet
  facet normal 0 0 -1
    outer loop
      vertex -45.5 48 0
      vertex -8.55802 18.3527 0
      vertex -10.125 17.537 0
    endloop
  endfacet
  facet normal 0 0 -1
    outer loop
      vertex -45.5 48 0
      vertex -10.125 17.537 0
      vertex -11.6149 16.5878 0
    endloop
  endfacet
  facet normal 0 0 -1
    outer loop
      vertex -46.393 -46.0849 0
      vertex -14.3189 -14.3189 0
      vertex -46.2322 -46.2322 0
    endloop
  endfacet
  facet normal 0 0 -1
    outer loop
      vertex -20.25 0 0
      vertex -45.5 48 0
      vertex -20.1729 1.7649 0
    endloop
  endfacet
  facet normal 0 0 -1
    outer loop
      vertex -20.1729 1.7649 0
      vertex -45.5 48 0
      vertex -19.9424 3.51638 0
    endloop
  endfacet
  facet normal 0 0 -1
    outer loop
      vertex -19.9424 3.51638 0
      vertex -45.5 48 0
      vertex -19.56 5.24109 0
    endloop
  endfacet
  facet normal 0 0 -1
    outer loop
      vertex -19.56 5.24109 0
      vertex -45.5 48 0
      vertex -19.0288 6.92591 0
    endloop
  endfacet
  facet normal 0 0 -1
    outer loop
      vertex -19.0288 6.92591 0
      vertex -45.5 48 0
      vertex -18.3527 8.55802 0
    endloop
  endfacet
  facet normal 0 0 -1
    outer loop
      vertex -45.5 48 0
      vertex -17.537 10.125 0
      vertex -18.3527 8.55802 0
    endloop
  endfacet
  facet normal 0 0 -1
    outer loop
      vertex -45.5 48 0
      vertex -16.5878 11.6149 0
      vertex -17.537 10.125 0
    endloop
  endfacet
  facet normal 0 0 -1
    outer loop
      vertex -45.5 48 0
      vertex -15.5124 13.0164 0
      vertex -16.5878 11.6149 0
    endloop
  endfacet
  facet normal 0 0 -1
    outer loop
      vertex -45.5 48 0
      vertex -14.3189 14.3189 0
      vertex -15.5124 13.0164 0
    endloop
  endfacet
  facet normal 0 0 -1
    outer loop
      vertex -45.5 48 0
      vertex -13.0164 15.5124 0
      vertex -14.3189 14.3189 0
    endloop
  endfacet
  facet normal 0 0 -1
    outer loop
      vertex -45.5 48 0
      vertex -11.6149 16.5878 0
      vertex -13.0164 15.5124 0
    endloop
  endfacet
  facet normal 0 0 -1
    outer loop
      vertex -5.24109 19.56 0
      vertex -45.5 48 0
      vertex -45.5095 48.2179 0
    endloop
  endfacet
  facet normal 0 0 -1
    outer loop
      vertex -5.24109 19.56 0
      vertex -45.5095 48.2179 0
      vertex -45.538 48.4341 0
    endloop
  endfacet
  facet normal 0 0 -1
    outer loop
      vertex -3.51638 19.9424 0
      vertex -45.538 48.4341 0
      vertex -45.5852 48.647 0
    endloop
  endfacet
  facet normal 0 0 -1
    outer loop
      vertex -1.7649 20.1729 0
      vertex -45.5852 48.647 0
      vertex -45.6508 48.855 0
    endloop
  endfacet
  facet normal 0 0 -1
    outer loop
      vertex -1.7649 20.1729 0
      vertex -45.6508 48.855 0
      vertex -45.7342 49.0565 0
    endloop
  endfacet
  facet normal 0 0 -1
    outer loop
      vertex 45.7342 49.0565 0
      vertex -45.7342 49.0565 0
      vertex 50 60 0
    endloop
  endfacet
  facet normal 0 0 -1
    outer loop
      vertex -45.8349 49.25 0
      vertex 50 60 0
      vertex -45.7342 49.0565 0
    endloop
  endfacet
  facet normal 0 0 -1
    outer loop
      vertex -50 60 0
      vertex -45.8349 49.25 0
      vertex -45.9521 49.4339 0
    endloop
  endfacet
  facet normal 0 0 -1
    outer loop
      vertex -50 60 0
      vertex -45.9521 49.4339 0
      vertex -46.0849 49.607 0
    endloop
  endfacet
  facet normal 0 0 -1
    outer loop
      vertex -50 60 0
      vertex -46.0849 49.607 0
      vertex -46.2322 49.7678 0
    endloop
  endfacet
  facet normal 0 0 -1
    outer loop
      vertex -50 60 0
      vertex -46.2322 49.7678 0
      vertex -46.393 49.9151 0
    endloop
  endfacet
  facet normal 0 0 -1
    outer loop
      vertex -50 60 0
      vertex -46.393 49.9151 0
      vertex -46.5661 50.0479 0
    endloop
  endfacet
  facet normal 0 0 -1
    outer loop
      vertex -50 60 0
      vertex -46.5661 50.0479 0
      vertex -46.75 50.1651 0
    endloop
  endfacet
  facet normal 0 0 -1
    outer loop
      vertex -50 60 0
      vertex -46.75 50.1651 0
      vertex -46.9435 50.2658 0
    endloop
  endfacet
  facet normal 0 0 -1
    outer loop
      vertex -50 60 0
      vertex -46.9435 50.2658 0
      vertex -47.145 50.3492 0
    endloop
  endfacet
  facet normal 0 0 -1
    outer loop
      vertex -50 60 0
      vertex -47.145 50.3492 0
      vertex -47.353 50.4148 0
    endloop
  endfacet
  facet normal 0 0 -1
    outer loop
      vertex -50 60 0
      vertex -47.353 50.4148 0
      vertex -47.5659 50.462 0
    endloop
  endfacet
  facet normal 0 0 -1
    outer loop
      vertex -50 60 0
      vertex -47.5659 50.462 0
      vertex -47.7821 50.4905 0
    endloop
  endfacet
  facet normal 0 0 -1
    outer loop
      vertex -50 60 0
      vertex -47.7821 50.4905 0
      vertex -48 50.5 0
    endloop
  endfacet
  facet normal 0 0 -1
    outer loop
      vertex -50 60 0
      vertex -48 50.5 0
      vertex -48.2179 50.4905 0
    endloop
  endfacet
  facet normal 0 0 -1
    outer loop
      vertex -45.8349 49.25 0
      vertex -50 60 0
      vertex 50 60 0
    endloop
  endfacet
  facet normal 0 0 -1
    outer loop
      vertex -48.4341 50.462 0
      vertex -50 60 0
      vertex -48.2179 50.4905 0
    endloop
  endfacet
  facet normal 0 0 -1
    outer loop
      vertex -48.647 50.4148 0
      vertex -50 60 0
      vertex -48.4341 50.462 0
    endloop
  endfacet
  facet normal 0 0 -1
    outer loop
      vertex -48.855 50.3492 0
      vertex -50 60 0
      vertex -48.647 50.4148 0
    endloop
  endfacet
  facet normal 0 0 -1
    outer loop
      vertex -51.7365 59.8481 0
      vertex -48.855 50.3492 0
      vertex -49.0565 50.2658 0
    endloop
  endfacet
  facet normal 0 0 -1
    outer loop
      vertex -52.5882 59.6593 0
      vertex -49.0565 50.2658 0
      vertex -49.25 50.1651 0
    endloop
  endfacet
  facet normal 0 0 -1
    outer loop
      vertex -54.2262 59.0631 0
      vertex -49.25 50.1651 0
      vertex -49.4339 50.0479 0
    endloop
  endfacet
  facet normal 0 0 -1
    outer loop
      vertex -55.7358 58.1915 0
      vertex -49.4339 50.0479 0
      vertex -49.607 49.9151 0
    endloop
  endfacet
  facet normal 0 0 -1
    outer loop
      vertex -56.4279 57.6604 0
      vertex -49.607 49.9151 0
      vertex -49.7678 49.7678 0
    endloop
  endfacet
  facet normal 0 0 -1
    outer loop
      vertex -57.6604 56.4279 0
      vertex -49.7678 49.7678 0
      vertex -49.9151 49.607 0
    endloop
  endfacet
  facet normal 0 0 -1
    outer loop
      vertex -58.1915 55.7358 0
      vertex -49.9151 49.607 0
      vertex -50.0479 49.4339 0
    endloop
  endfacet
  facet normal 0 0 -1
    outer loop
      vertex -59.0631 54.2262 0
      vertex -50.0479 49.4339 0
      vertex -50.1651 49.25 0
    endloop
  endfacet
  facet normal 0 0 -1
    outer loop
      vertex -59.3969 53.4202 0
      vertex -50.1651 49.25 0
      vertex -50.2658 49.0565 0
    endloop
  endfacet
  facet normal 0 0 -1
    outer loop
      vertex -59.8481 51.7365 0
      vertex -50.2658 49.0565 0
      vertex -50.3492 48.855 0
    endloop
  endfacet
  facet normal 0 0 -1
    outer loop
      vertex -59.9619 50.8716 0
      vertex -50.3492 48.855 0
      vertex -50.4148 48.647 0
    endloop
  endfacet
  facet normal 0 0 -1
    outer loop
      vertex -60 50 0
      vertex -50.4148 48.647 0
      vertex -50.462 48.4341 0
    endloop
  endfacet
  facet normal 0 0 -1
    outer loop
      vertex -60 50 0
      vertex -50.462 48.4341 0
      vertex -50.4905 48.2179 0
    endloop
  endfacet
  facet normal 0 0 -1
    outer loop
      vertex -60 50 0
      vertex -50.4905 48.2179 0
      vertex -50.5 48 0
    endloop
  endfacet
  facet normal 0 0 -1
    outer loop
      vertex -48.855 50.3492 0
      vertex -50.8716 59.9619 0
      vertex -50 60 0
    endloop
  endfacet
  facet normal 0 0 -1
    outer loop
      vertex -50.462 47.5659 0
      vertex -60 50 0
      vertex -50.4905 47.7821 0
    endloop
  endfacet
  facet normal 0 0 -1
    outer loop
      vertex -58.1915 -55.7358 0
      vertex -49.9151 -49.607 0
      vertex -57.6604 -56.4279 0
    endloop
  endfacet
  facet normal 0 0 -1
    outer loop
      vertex -50.4905 47.7821 0
      vertex -60 50 0
      vertex -50.5 48 0
    endloop
  endfacet
  facet normal -0 0 -1
    outer loop
      vertex -49.9151 -49.607 0
      vertex -58.1915 -55.7358 0
      vertex -50.0479 -49.4339 0
    endloop
  endfacet
  facet normal 0 0 -1
    outer loop
      vertex -50.4148 48.647 0
      vertex -60 50 0
      vertex -59.9619 50.8716 0
    endloop
  endfacet
  facet normal 0 0 -1
    outer loop
      vertex -58.6602 -55 0
      vertex -50.0479 -49.4339 0
      vertex -58.1915 -55.7358 0
    endloop
  endfacet
  facet normal 0 0 -1
    outer loop
      vertex -48.855 50.3492 0
      vertex -51.7365 59.8481 0
      vertex -50.8716 59.9619 0
    endloop
  endfacet
  facet normal 0 0 -1
    outer loop
      vertex -59.0631 -54.2262 0
      vertex -50.0479 -49.4339 0
      vertex -58.6602 -55 0
    endloop
  endfacet
  facet normal 0 0 -1
    outer loop
      vertex -49.0565 50.2658 0
      vertex -52.5882 59.6593 0
      vertex -51.7365 59.8481 0
    endloop
  endfacet
  facet normal -0 0 -1
    outer loop
      vertex -50.0479 -49.4339 0
      vertex -59.0631 -54.2262 0
      vertex -50.1651 -49.25 0
    endloop
  endfacet
  facet normal 0 0 -1
    outer loop
      vertex -49.25 50.1651 0
      vertex -53.4202 59.3969 0
      vertex -52.5882 59.6593 0
    endloop
  endfacet
  facet normal 0 0 -1
    outer loop
      vertex -59.3969 -53.4202 0
      vertex -50.1651 -49.25 0
      vertex -59.0631 -54.2262 0
    endloop
  endfacet
  facet normal 0 0 -1
    outer loop
      vertex -49.25 50.1651 0
      vertex -54.2262 59.0631 0
      vertex -53.4202 59.3969 0
    endloop
  endfacet
  facet normal -0 0 -1
    outer loop
      vertex -50.1651 -49.25 0
      vertex -59.3969 -53.4202 0
      vertex -50.2658 -49.0565 0
    endloop
  endfacet
  facet normal 0 0 -1
    outer loop
      vertex -49.4339 50.0479 0
      vertex -55 58.6602 0
      vertex -54.2262 59.0631 0
    endloop
  endfacet
  facet normal 0 0 -1
    outer loop
      vertex -59.6593 -52.5882 0
      vertex -50.2658 -49.0565 0
      vertex -59.3969 -53.4202 0
    endloop
  endfacet
  facet normal 0 0 -1
    outer loop
      vertex -49.4339 50.0479 0
      vertex -55.7358 58.1915 0
      vertex -55 58.6602 0
    endloop
  endfacet
  facet normal 0 0 -1
    outer loop
      vertex -59.8481 -51.7365 0
      vertex -50.2658 -49.0565 0
      vertex -59.6593 -52.5882 0
    endloop
  endfacet
  facet normal 0 0 -1
    outer loop
      vertex -49.607 49.9151 0
      vertex -56.4279 57.6604 0
      vertex -55.7358 58.1915 0
    endloop
  endfacet
  facet normal -0 0 -1
    outer loop
      vertex -50.2658 -49.0565 0
      vertex -59.8481 -51.7365 0
      vertex -50.3492 -48.855 0
    endloop
  endfacet
  facet normal 0 0 -1
    outer loop
      vertex -49.7678 49.7678 0
      vertex -57.0711 57.0711 0
      vertex -56.4279 57.6604 0
    endloop
  endfacet
  facet normal 0 0 -1
    outer loop
      vertex -59.9619 -50.8716 0
      vertex -50.3492 -48.855 0
      vertex -59.8481 -51.7365 0
    endloop
  endfacet
  facet normal 0 0 -1
    outer loop
      vertex -49.7678 49.7678 0
      vertex -57.6604 56.4279 0
      vertex -57.0711 57.0711 0
    endloop
  endfacet
  facet normal -0 0 -1
    outer loop
      vertex -50.3492 -48.855 0
      vertex -59.9619 -50.8716 0
      vertex -50.4148 -48.647 0
    endloop
  endfacet
  facet normal 0 0 -1
    outer loop
      vertex -49.9151 49.607 0
      vertex -58.1915 55.7358 0
      vertex -57.6604 56.4279 0
    endloop
  endfacet
  facet normal 0 0 -1
    outer loop
      vertex -60 -50 0
      vertex -50.4148 -48.647 0
      vertex -59.9619 -50.8716 0
    endloop
  endfacet
  facet normal 0 0 -1
    outer loop
      vertex -50.0479 49.4339 0
      vertex -58.6602 55 0
      vertex -58.1915 55.7358 0
    endloop
  endfacet
  facet normal -0 0 -1
    outer loop
      vertex -50.4148 -48.647 0
      vertex -60 -50 0
      vertex -50.462 -48.4341 0
    endloop
  endfacet
  facet normal 0 0 -1
    outer loop
      vertex -50.0479 49.4339 0
      vertex -59.0631 54.2262 0
      vertex -58.6602 55 0
    endloop
  endfacet
  facet normal -0 0 -1
    outer loop
      vertex -50.462 -48.4341 0
      vertex -60 -50 0
      vertex -50.4905 -48.2179 0
    endloop
  endfacet
  facet normal 0 0 -1
    outer loop
      vertex -50.1651 49.25 0
      vertex -59.3969 53.4202 0
      vertex -59.0631 54.2262 0
    endloop
  endfacet
  facet normal -0 0 -1
    outer loop
      vertex -50.4905 -48.2179 0
      vertex -60 -50 0
      vertex -50.5 -48 0
    endloop
  endfacet
  facet normal 0 0 -1
    outer loop
      vertex -50.2658 49.0565 0
      vertex -59.6593 52.5882 0
      vertex -59.3969 53.4202 0
    endloop
  endfacet
  facet normal 0 0 -1
    outer loop
      vertex -50.2658 49.0565 0
      vertex -59.8481 51.7365 0
      vertex -59.6593 52.5882 0
    endloop
  endfacet
  facet normal 0 0 -1
    outer loop
      vertex -50.3492 48.855 0
      vertex -59.9619 50.8716 0
      vertex -59.8481 51.7365 0
    endloop
  endfacet
  facet normal 0.675609 -0.73726 0
    outer loop
      vertex 16.2304 -19.3426 6
      vertex 17.8544 -17.8544 55
      vertex 16.2304 -19.3426 55
    endloop
  endfacet
  facet normal 0.675609 -0.73726 0
    outer loop
      vertex 17.8544 -17.8544 55
      vertex 16.2304 -19.3426 6
      vertex 17.8544 -17.8544 6
    endloop
  endfacet
  facet normal 0 0 1
    outer loop
      vertex 20.25 0 55
      vertex 25.25 0 55
      vertex 25.1539 2.20068 55
    endloop
  endfacet
  facet normal 0 0 1
    outer loop
      vertex 20.1729 1.7649 55
      vertex 25.1539 2.20068 55
      vertex 24.8664 4.38462 55
    endloop
  endfacet
  facet normal 0 0 1
    outer loop
      vertex 25.25 0 55
      vertex 20.25 0 55
      vertex 25.1539 -2.20068 55
    endloop
  endfacet
  facet normal 0 0 1
    outer loop
      vertex 19.9424 3.51638 55
      vertex 24.8664 4.38462 55
      vertex 24.3896 6.53518 55
    endloop
  endfacet
  facet normal -0 0 1
    outer loop
      vertex 20.1729 -1.7649 55
      vertex 25.1539 -2.20068 55
      vertex 20.25 0 55
    endloop
  endfacet
  facet normal 0 0 1
    outer loop
      vertex 19.56 5.24109 55
      vertex 24.3896 6.53518 55
      vertex 23.7272 8.63601 55
    endloop
  endfacet
  facet normal 0 0 1
    outer loop
      vertex 25.1539 -2.20068 55
      vertex 20.1729 -1.7649 55
      vertex 24.8664 -4.38462 55
    endloop
  endfacet
  facet normal 0 0 1
    outer loop
      vertex 19.0288 6.92591 55
      vertex 23.7272 8.63601 55
      vertex 22.8843 10.6711 55
    endloop
  endfacet
  facet normal -0 0 1
    outer loop
      vertex 19.9424 -3.51638 55
      vertex 24.8664 -4.38462 55
      vertex 20.1729 -1.7649 55
    endloop
  endfacet
  facet normal 0 0 1
    outer loop
      vertex 18.3527 8.55802 55
      vertex 22.8843 10.6711 55
      vertex 21.8671 12.625 55
    endloop
  endfacet
  facet normal 0 0 1
    outer loop
      vertex 24.8664 -4.38462 55
      vertex 19.9424 -3.51638 55
      vertex 24.3896 -6.53518 55
    endloop
  endfacet
  facet normal 0 0 1
    outer loop
      vertex 17.537 10.125 55
      vertex 21.8671 12.625 55
      vertex 20.6836 14.4828 55
    endloop
  endfacet
  facet normal -0 0 1
    outer loop
      vertex 19.56 -5.24109 55
      vertex 24.3896 -6.53518 55
      vertex 19.9424 -3.51638 55
    endloop
  endfacet
  facet normal 0 0 1
    outer loop
      vertex 24.3896 -6.53518 55
      vertex 19.56 -5.24109 55
      vertex 23.7272 -8.63601 55
    endloop
  endfacet
  facet normal 0 0 1
    outer loop
      vertex 25.1539 2.20068 55
      vertex 20.1729 1.7649 55
      vertex 20.25 0 55
    endloop
  endfacet
  facet normal 0 0 1
    outer loop
      vertex 24.8664 4.38462 55
      vertex 19.9424 3.51638 55
      vertex 20.1729 1.7649 55
    endloop
  endfacet
  facet normal 0 0 1
    outer loop
      vertex 24.3896 6.53518 55
      vertex 19.56 5.24109 55
      vertex 19.9424 3.51638 55
    endloop
  endfacet
  facet normal 0 0 1
    outer loop
      vertex 16.5878 11.6149 55
      vertex 20.6836 14.4828 55
      vertex 19.3426 16.2304 55
    endloop
  endfacet
  facet normal 0 0 1
    outer loop
      vertex 23.7272 8.63601 55
      vertex 19.0288 6.92591 55
      vertex 19.56 5.24109 55
    endloop
  endfacet
  facet normal 0 0 1
    outer loop
      vertex 22.8843 10.6711 55
      vertex 18.3527 8.55802 55
      vertex 19.0288 6.92591 55
    endloop
  endfacet
  facet normal 0 0 1
    outer loop
      vertex 15.5124 13.0164 55
      vertex 19.3426 16.2304 55
      vertex 17.8544 17.8544 55
    endloop
  endfacet
  facet normal 0 0 1
    outer loop
      vertex 21.8671 12.625 55
      vertex 17.537 10.125 55
      vertex 18.3527 8.55802 55
    endloop
  endfacet
  facet normal 0 0 1
    outer loop
      vertex 20.6836 14.4828 55
      vertex 16.5878 11.6149 55
      vertex 17.537 10.125 55
    endloop
  endfacet
  facet normal 0 0 1
    outer loop
      vertex 14.3189 14.3189 55
      vertex 17.8544 17.8544 55
      vertex 16.2304 19.3426 55
    endloop
  endfacet
  facet normal 0 0 1
    outer loop
      vertex 19.3426 16.2304 55
      vertex 15.5124 13.0164 55
      vertex 16.5878 11.6149 55
    endloop
  endfacet
  facet normal 0 0 1
    outer loop
      vertex 13.0164 15.5124 55
      vertex 16.2304 19.3426 55
      vertex 14.4828 20.6836 55
    endloop
  endfacet
  facet normal 0 0 1
    outer loop
      vertex 17.8544 17.8544 55
      vertex 14.3189 14.3189 55
      vertex 15.5124 13.0164 55
    endloop
  endfacet
  facet normal 0 0 1
    outer loop
      vertex 16.2304 19.3426 55
      vertex 13.0164 15.5124 55
      vertex 14.3189 14.3189 55
    endloop
  endfacet
  facet normal 0 0 1
    outer loop
      vertex 11.6149 16.5878 55
      vertex 14.4828 20.6836 55
      vertex 12.625 21.8671 55
    endloop
  endfacet
  facet normal 0 0 1
    outer loop
      vertex 14.4828 20.6836 55
      vertex 11.6149 16.5878 55
      vertex 13.0164 15.5124 55
    endloop
  endfacet
  facet normal 0 0 1
    outer loop
      vertex 10.125 17.537 55
      vertex 12.625 21.8671 55
      vertex 10.6711 22.8843 55
    endloop
  endfacet
  facet normal 0 0 1
    outer loop
      vertex 12.625 21.8671 55
      vertex 10.125 17.537 55
      vertex 11.6149 16.5878 55
    endloop
  endfacet
  facet normal 0 0 1
    outer loop
      vertex 8.55802 18.3527 55
      vertex 10.6711 22.8843 55
      vertex 8.63601 23.7272 55
    endloop
  endfacet
  facet normal 0 0 1
    outer loop
      vertex 10.6711 22.8843 55
      vertex 8.55802 18.3527 55
      vertex 10.125 17.537 55
    endloop
  endfacet
  facet normal 0 0 1
    outer loop
      vertex 8.63601 23.7272 55
      vertex 6.92591 19.0288 55
      vertex 8.55802 18.3527 55
    endloop
  endfacet
  facet normal 0 0 1
    outer loop
      vertex 6.53518 24.3896 55
      vertex 6.92591 19.0288 55
      vertex 8.63601 23.7272 55
    endloop
  endfacet
  facet normal 0 0 1
    outer loop
      vertex 6.53518 24.3896 55
      vertex 5.24109 19.56 55
      vertex 6.92591 19.0288 55
    endloop
  endfacet
  facet normal 0 0 1
    outer loop
      vertex 4.38462 24.8664 55
      vertex 5.24109 19.56 55
      vertex 6.53518 24.3896 55
    endloop
  endfacet
  facet normal 0 0 1
    outer loop
      vertex 4.38462 24.8664 55
      vertex 3.51638 19.9424 55
      vertex 5.24109 19.56 55
    endloop
  endfacet
  facet normal 0 0 1
    outer loop
      vertex 2.20068 25.1539 55
      vertex 3.51638 19.9424 55
      vertex 4.38462 24.8664 55
    endloop
  endfacet
  facet normal 0 0 1
    outer loop
      vertex 2.20068 25.1539 55
      vertex 1.7649 20.1729 55
      vertex 3.51638 19.9424 55
    endloop
  endfacet
  facet normal 0 0 1
    outer loop
      vertex 0 25.25 55
      vertex 1.7649 20.1729 55
      vertex 2.20068 25.1539 55
    endloop
  endfacet
  facet normal 0 0 1
    outer loop
      vertex 0 25.25 55
      vertex 0 20.25 55
      vertex 1.7649 20.1729 55
    endloop
  endfacet
  facet normal 0 0 1
    outer loop
      vertex 0 25.25 55
      vertex -1.7649 20.1729 55
      vertex 0 20.25 55
    endloop
  endfacet
  facet normal -0 0 1
    outer loop
      vertex -2.20068 25.1539 55
      vertex -1.7649 20.1729 55
      vertex 0 25.25 55
    endloop
  endfacet
  facet normal 0 0 1
    outer loop
      vertex -2.20068 25.1539 55
      vertex -3.51638 19.9424 55
      vertex -1.7649 20.1729 55
    endloop
  endfacet
  facet normal -0 0 1
    outer loop
      vertex -4.38462 24.8664 55
      vertex -3.51638 19.9424 55
      vertex -2.20068 25.1539 55
    endloop
  endfacet
  facet normal 0 0 1
    outer loop
      vertex -4.38462 24.8664 55
      vertex -5.24109 19.56 55
      vertex -3.51638 19.9424 55
    endloop
  endfacet
  facet normal -0 0 1
    outer loop
      vertex -6.53518 24.3896 55
      vertex -5.24109 19.56 55
      vertex -4.38462 24.8664 55
    endloop
  endfacet
  facet normal 0 0 1
    outer loop
      vertex -6.53518 24.3896 55
      vertex -6.92591 19.0288 55
      vertex -5.24109 19.56 55
    endloop
  endfacet
  facet normal -0 0 1
    outer loop
      vertex -8.63601 23.7272 55
      vertex -6.92591 19.0288 55
      vertex -6.53518 24.3896 55
    endloop
  endfacet
  facet normal 0 0 1
    outer loop
      vertex -6.92591 19.0288 55
      vertex -8.63601 23.7272 55
      vertex -8.55802 18.3527 55
    endloop
  endfacet
  facet normal -0 0 1
    outer loop
      vertex -10.6711 22.8843 55
      vertex -8.55802 18.3527 55
      vertex -8.63601 23.7272 55
    endloop
  endfacet
  facet normal 0 0 1
    outer loop
      vertex -8.55802 18.3527 55
      vertex -10.6711 22.8843 55
      vertex -10.125 17.537 55
    endloop
  endfacet
  facet normal -0 0 1
    outer loop
      vertex -12.625 21.8671 55
      vertex -10.125 17.537 55
      vertex -10.6711 22.8843 55
    endloop
  endfacet
  facet normal 0 0 1
    outer loop
      vertex -10.125 17.537 55
      vertex -12.625 21.8671 55
      vertex -11.6149 16.5878 55
    endloop
  endfacet
  facet normal -0 0 1
    outer loop
      vertex -14.4828 20.6836 55
      vertex -11.6149 16.5878 55
      vertex -12.625 21.8671 55
    endloop
  endfacet
  facet normal 0 0 1
    outer loop
      vertex -11.6149 16.5878 55
      vertex -14.4828 20.6836 55
      vertex -13.0164 15.5124 55
    endloop
  endfacet
  facet normal -0 0 1
    outer loop
      vertex -16.2304 19.3426 55
      vertex -13.0164 15.5124 55
      vertex -14.4828 20.6836 55
    endloop
  endfacet
  facet normal 0 0 1
    outer loop
      vertex -13.0164 15.5124 55
      vertex -16.2304 19.3426 55
      vertex -14.3189 14.3189 55
    endloop
  endfacet
  facet normal -0 0 1
    outer loop
      vertex -17.8544 17.8544 55
      vertex -14.3189 14.3189 55
      vertex -16.2304 19.3426 55
    endloop
  endfacet
  facet normal 0 0 1
    outer loop
      vertex -14.3189 14.3189 55
      vertex -17.8544 17.8544 55
      vertex -15.5124 13.0164 55
    endloop
  endfacet
  facet normal -0 0 1
    outer loop
      vertex -19.3426 16.2304 55
      vertex -15.5124 13.0164 55
      vertex -17.8544 17.8544 55
    endloop
  endfacet
  facet normal 0 0 1
    outer loop
      vertex -15.5124 13.0164 55
      vertex -19.3426 16.2304 55
      vertex -16.5878 11.6149 55
    endloop
  endfacet
  facet normal -0 0 1
    outer loop
      vertex -20.6836 14.4828 55
      vertex -16.5878 11.6149 55
      vertex -19.3426 16.2304 55
    endloop
  endfacet
  facet normal 0 0 1
    outer loop
      vertex -16.5878 11.6149 55
      vertex -20.6836 14.4828 55
      vertex -17.537 10.125 55
    endloop
  endfacet
  facet normal -0 0 1
    outer loop
      vertex -21.8671 12.625 55
      vertex -17.537 10.125 55
      vertex -20.6836 14.4828 55
    endloop
  endfacet
  facet normal 0 0 1
    outer loop
      vertex -17.537 10.125 55
      vertex -21.8671 12.625 55
      vertex -18.3527 8.55802 55
    endloop
  endfacet
  facet normal -0 0 1
    outer loop
      vertex -22.8843 10.6711 55
      vertex -18.3527 8.55802 55
      vertex -21.8671 12.625 55
    endloop
  endfacet
  facet normal 0 0 1
    outer loop
      vertex -18.3527 8.55802 55
      vertex -22.8843 10.6711 55
      vertex -19.0288 6.92591 55
    endloop
  endfacet
  facet normal 0 0 1
    outer loop
      vertex -19.0288 6.92591 55
      vertex -23.7272 8.63601 55
      vertex -19.56 5.24109 55
    endloop
  endfacet
  facet normal -0 0 1
    outer loop
      vertex -23.7272 8.63601 55
      vertex -19.0288 6.92591 55
      vertex -22.8843 10.6711 55
    endloop
  endfacet
  facet normal -0 0 1
    outer loop
      vertex 19.0288 -6.92591 55
      vertex 23.7272 -8.63601 55
      vertex 19.56 -5.24109 55
    endloop
  endfacet
  facet normal 0 0 1
    outer loop
      vertex 23.7272 -8.63601 55
      vertex 19.0288 -6.92591 55
      vertex 22.8843 -10.6711 55
    endloop
  endfacet
  facet normal -0 0 1
    outer loop
      vertex 18.3527 -8.55802 55
      vertex 22.8843 -10.6711 55
      vertex 19.0288 -6.92591 55
    endloop
  endfacet
  facet normal 0 0 1
    outer loop
      vertex 22.8843 -10.6711 55
      vertex 18.3527 -8.55802 55
      vertex 21.8671 -12.625 55
    endloop
  endfacet
  facet normal -0 0 1
    outer loop
      vertex 17.537 -10.125 55
      vertex 21.8671 -12.625 55
      vertex 18.3527 -8.55802 55
    endloop
  endfacet
  facet normal 0 0 1
    outer loop
      vertex 21.8671 -12.625 55
      vertex 17.537 -10.125 55
      vertex 20.6836 -14.4828 55
    endloop
  endfacet
  facet normal -0 0 1
    outer loop
      vertex 16.5878 -11.6149 55
      vertex 20.6836 -14.4828 55
      vertex 17.537 -10.125 55
    endloop
  endfacet
  facet normal 0 0 1
    outer loop
      vertex 20.6836 -14.4828 55
      vertex 16.5878 -11.6149 55
      vertex 19.3426 -16.2304 55
    endloop
  endfacet
  facet normal -0 0 1
    outer loop
      vertex 15.5124 -13.0164 55
      vertex 19.3426 -16.2304 55
      vertex 16.5878 -11.6149 55
    endloop
  endfacet
  facet normal 0 0 1
    outer loop
      vertex 19.3426 -16.2304 55
      vertex 15.5124 -13.0164 55
      vertex 17.8544 -17.8544 55
    endloop
  endfacet
  facet normal -0 0 1
    outer loop
      vertex 14.3189 -14.3189 55
      vertex 17.8544 -17.8544 55
      vertex 15.5124 -13.0164 55
    endloop
  endfacet
  facet normal 0 0 1
    outer loop
      vertex 17.8544 -17.8544 55
      vertex 14.3189 -14.3189 55
      vertex 16.2304 -19.3426 55
    endloop
  endfacet
  facet normal -0 0 1
    outer loop
      vertex 13.0164 -15.5124 55
      vertex 16.2304 -19.3426 55
      vertex 14.3189 -14.3189 55
    endloop
  endfacet
  facet normal 0 0 1
    outer loop
      vertex 16.2304 -19.3426 55
      vertex 13.0164 -15.5124 55
      vertex 14.4828 -20.6836 55
    endloop
  endfacet
  facet normal -0 0 1
    outer loop
      vertex 11.6149 -16.5878 55
      vertex 14.4828 -20.6836 55
      vertex 13.0164 -15.5124 55
    endloop
  endfacet
  facet normal 0 0 1
    outer loop
      vertex 14.4828 -20.6836 55
      vertex 11.6149 -16.5878 55
      vertex 12.625 -21.8671 55
    endloop
  endfacet
  facet normal -0 0 1
    outer loop
      vertex 10.125 -17.537 55
      vertex 12.625 -21.8671 55
      vertex 11.6149 -16.5878 55
    endloop
  endfacet
  facet normal 0 0 1
    outer loop
      vertex 12.625 -21.8671 55
      vertex 10.125 -17.537 55
      vertex 10.6711 -22.8843 55
    endloop
  endfacet
  facet normal -0 0 1
    outer loop
      vertex 8.55802 -18.3527 55
      vertex 10.6711 -22.8843 55
      vertex 10.125 -17.537 55
    endloop
  endfacet
  facet normal 0 0 1
    outer loop
      vertex 10.6711 -22.8843 55
      vertex 8.55802 -18.3527 55
      vertex 8.63601 -23.7272 55
    endloop
  endfacet
  facet normal -0 0 1
    outer loop
      vertex 6.92591 -19.0288 55
      vertex 8.63601 -23.7272 55
      vertex 8.55802 -18.3527 55
    endloop
  endfacet
  facet normal 0 0 1
    outer loop
      vertex 6.92591 -19.0288 55
      vertex 6.53518 -24.3896 55
      vertex 8.63601 -23.7272 55
    endloop
  endfacet
  facet normal -0 0 1
    outer loop
      vertex 5.24109 -19.56 55
      vertex 6.53518 -24.3896 55
      vertex 6.92591 -19.0288 55
    endloop
  endfacet
  facet normal 0 0 1
    outer loop
      vertex 6.53518 -24.3896 55
      vertex 5.24109 -19.56 55
      vertex 6 -24.5083 55
    endloop
  endfacet
  facet normal -0 0 1
    outer loop
      vertex 3.51638 -19.9424 55
      vertex 6 -24.5083 55
      vertex 5.24109 -19.56 55
    endloop
  endfacet
  facet normal -0 0 1
    outer loop
      vertex 1.7649 -20.1729 55
      vertex 6 -24.5083 55
      vertex 3.51638 -19.9424 55
    endloop
  endfacet
  facet normal -0 0 1
    outer loop
      vertex 1 -20.2063 55
      vertex 6 -24.5083 55
      vertex 1.7649 -20.1729 55
    endloop
  endfacet
  facet normal 0 0 1
    outer loop
      vertex 6 -24.5083 55
      vertex 1 -20.2063 55
      vertex 1 -35.25 55
    endloop
  endfacet
  facet normal 0 0 1
    outer loop
      vertex 6 -24.5083 55
      vertex 1 -35.25 55
      vertex 6 -35.25 55
    endloop
  endfacet
  facet normal 0 0 1
    outer loop
      vertex -5.24109 -19.56 55
      vertex -6.53518 -24.3896 55
      vertex -6 -24.5083 55
    endloop
  endfacet
  facet normal 0 0 1
    outer loop
      vertex -6.92591 -19.0288 55
      vertex -6.53518 -24.3896 55
      vertex -5.24109 -19.56 55
    endloop
  endfacet
  facet normal 0 0 1
    outer loop
      vertex -8.63601 -23.7272 55
      vertex -6.92591 -19.0288 55
      vertex -8.55802 -18.3527 55
    endloop
  endfacet
  facet normal 0 0 1
    outer loop
      vertex -6.92591 -19.0288 55
      vertex -8.63601 -23.7272 55
      vertex -6.53518 -24.3896 55
    endloop
  endfacet
  facet normal 0 0 1
    outer loop
      vertex -10.6711 -22.8843 55
      vertex -8.55802 -18.3527 55
      vertex -10.125 -17.537 55
    endloop
  endfacet
  facet normal 0 0 1
    outer loop
      vertex -8.55802 -18.3527 55
      vertex -10.6711 -22.8843 55
      vertex -8.63601 -23.7272 55
    endloop
  endfacet
  facet normal 0 0 1
    outer loop
      vertex -12.625 -21.8671 55
      vertex -10.125 -17.537 55
      vertex -11.6149 -16.5878 55
    endloop
  endfacet
  facet normal 0 0 1
    outer loop
      vertex -10.125 -17.537 55
      vertex -12.625 -21.8671 55
      vertex -10.6711 -22.8843 55
    endloop
  endfacet
  facet normal 0 0 1
    outer loop
      vertex -14.4828 -20.6836 55
      vertex -11.6149 -16.5878 55
      vertex -13.0164 -15.5124 55
    endloop
  endfacet
  facet normal 0 0 1
    outer loop
      vertex -16.2304 -19.3426 55
      vertex -13.0164 -15.5124 55
      vertex -14.3189 -14.3189 55
    endloop
  endfacet
  facet normal 0 0 1
    outer loop
      vertex -11.6149 -16.5878 55
      vertex -14.4828 -20.6836 55
      vertex -12.625 -21.8671 55
    endloop
  endfacet
  facet normal 0 0 1
    outer loop
      vertex -17.8544 -17.8544 55
      vertex -14.3189 -14.3189 55
      vertex -15.5124 -13.0164 55
    endloop
  endfacet
  facet normal 0 0 1
    outer loop
      vertex -13.0164 -15.5124 55
      vertex -16.2304 -19.3426 55
      vertex -14.4828 -20.6836 55
    endloop
  endfacet
  facet normal 0 0 1
    outer loop
      vertex -19.3426 -16.2304 55
      vertex -15.5124 -13.0164 55
      vertex -16.5878 -11.6149 55
    endloop
  endfacet
  facet normal 0 0 1
    outer loop
      vertex -20.6836 -14.4828 55
      vertex -16.5878 -11.6149 55
      vertex -17.537 -10.125 55
    endloop
  endfacet
  facet normal 0 0 1
    outer loop
      vertex -14.3189 -14.3189 55
      vertex -17.8544 -17.8544 55
      vertex -16.2304 -19.3426 55
    endloop
  endfacet
  facet normal 0 0 1
    outer loop
      vertex -21.8671 -12.625 55
      vertex -17.537 -10.125 55
      vertex -18.3527 -8.55802 55
    endloop
  endfacet
  facet normal 0 0 1
    outer loop
      vertex -22.8843 -10.6711 55
      vertex -18.3527 -8.55802 55
      vertex -19.0288 -6.92591 55
    endloop
  endfacet
  facet normal 0 0 1
    outer loop
      vertex -15.5124 -13.0164 55
      vertex -19.3426 -16.2304 55
      vertex -17.8544 -17.8544 55
    endloop
  endfacet
  facet normal 0 0 1
    outer loop
      vertex -23.7272 -8.63601 55
      vertex -19.0288 -6.92591 55
      vertex -19.56 -5.24109 55
    endloop
  endfacet
  facet normal 0 0 1
    outer loop
      vertex -24.3896 -6.53518 55
      vertex -19.56 -5.24109 55
      vertex -19.9424 -3.51638 55
    endloop
  endfacet
  facet normal 0 0 1
    outer loop
      vertex -24.8664 -4.38462 55
      vertex -19.9424 -3.51638 55
      vertex -20.1729 -1.7649 55
    endloop
  endfacet
  facet normal 0 0 1
    outer loop
      vertex -16.5878 -11.6149 55
      vertex -20.6836 -14.4828 55
      vertex -19.3426 -16.2304 55
    endloop
  endfacet
  facet normal 0 0 1
    outer loop
      vertex -25.1539 -2.20068 55
      vertex -20.1729 -1.7649 55
      vertex -20.25 0 55
    endloop
  endfacet
  facet normal -0 0 1
    outer loop
      vertex -24.3896 6.53518 55
      vertex -19.56 5.24109 55
      vertex -23.7272 8.63601 55
    endloop
  endfacet
  facet normal 0 0 1
    outer loop
      vertex -19.56 5.24109 55
      vertex -24.3896 6.53518 55
      vertex -19.9424 3.51638 55
    endloop
  endfacet
  facet normal 0 0 1
    outer loop
      vertex -17.537 -10.125 55
      vertex -21.8671 -12.625 55
      vertex -20.6836 -14.4828 55
    endloop
  endfacet
  facet normal -0 0 1
    outer loop
      vertex -24.8664 4.38462 55
      vertex -19.9424 3.51638 55
      vertex -24.3896 6.53518 55
    endloop
  endfacet
  facet normal 0 0 1
    outer loop
      vertex -18.3527 -8.55802 55
      vertex -22.8843 -10.6711 55
      vertex -21.8671 -12.625 55
    endloop
  endfacet
  facet normal 0 0 1
    outer loop
      vertex -19.9424 3.51638 55
      vertex -24.8664 4.38462 55
      vertex -20.1729 1.7649 55
    endloop
  endfacet
  facet normal 0 0 1
    outer loop
      vertex -19.0288 -6.92591 55
      vertex -23.7272 -8.63601 55
      vertex -22.8843 -10.6711 55
    endloop
  endfacet
  facet normal -0 0 1
    outer loop
      vertex -25.1539 2.20068 55
      vertex -20.1729 1.7649 55
      vertex -24.8664 4.38462 55
    endloop
  endfacet
  facet normal 0 0 1
    outer loop
      vertex -19.56 -5.24109 55
      vertex -24.3896 -6.53518 55
      vertex -23.7272 -8.63601 55
    endloop
  endfacet
  facet normal 0 0 1
    outer loop
      vertex -20.1729 1.7649 55
      vertex -25.1539 2.20068 55
      vertex -20.25 0 55
    endloop
  endfacet
  facet normal 0 0 1
    outer loop
      vertex -19.9424 -3.51638 55
      vertex -24.8664 -4.38462 55
      vertex -24.3896 -6.53518 55
    endloop
  endfacet
  facet normal 0 0 1
    outer loop
      vertex -25.25 0 55
      vertex -20.25 0 55
      vertex -25.1539 2.20068 55
    endloop
  endfacet
  facet normal 0 0 1
    outer loop
      vertex -20.1729 -1.7649 55
      vertex -25.1539 -2.20068 55
      vertex -24.8664 -4.38462 55
    endloop
  endfacet
  facet normal 0 0 1
    outer loop
      vertex -20.25 0 55
      vertex -25.25 0 55
      vertex -25.1539 -2.20068 55
    endloop
  endfacet
  facet normal 0 0 1
    outer loop
      vertex -6 -24.5083 55
      vertex -1 -20.2063 55
      vertex -1.7649 -20.1729 55
    endloop
  endfacet
  facet normal 0 0 1
    outer loop
      vertex -6 -24.5083 55
      vertex -1.7649 -20.1729 55
      vertex -3.51638 -19.9424 55
    endloop
  endfacet
  facet normal 0 0 1
    outer loop
      vertex -6 -24.5083 55
      vertex -3.51638 -19.9424 55
      vertex -5.24109 -19.56 55
    endloop
  endfacet
  facet normal 0 0 1
    outer loop
      vertex -1 -20.2063 55
      vertex -6 -24.5083 55
      vertex -1 -35.25 55
    endloop
  endfacet
  facet normal 0 0 1
    outer loop
      vertex -1 -35.25 55
      vertex -6 -24.5083 55
      vertex -6 -35.25 55
    endloop
  endfacet
  facet normal 1 0 0
    outer loop
      vertex 6 -24.5083 55
      vertex 6 -28 27.5
      vertex 6 -24.5083 6
    endloop
  endfacet
  facet normal 1 0 0
    outer loop
      vertex 6 -24.5083 55
      vertex 6 -28.0086 27.6961
      vertex 6 -28 27.5
    endloop
  endfacet
  facet normal 1 0 0
    outer loop
      vertex 6 -24.5083 55
      vertex 6 -28.0342 27.8907
      vertex 6 -28.0086 27.6961
    endloop
  endfacet
  facet normal 1 0 0
    outer loop
      vertex 6 -24.5083 55
      vertex 6 -28.0767 28.0823
      vertex 6 -28.0342 27.8907
    endloop
  endfacet
  facet normal 1 0 0
    outer loop
      vertex 6 -24.5083 55
      vertex 6 -28.1357 28.2695
      vertex 6 -28.0767 28.0823
    endloop
  endfacet
  facet normal 1 0 0
    outer loop
      vertex 6 -24.5083 55
      vertex 6 -28.2108 28.4509
      vertex 6 -28.1357 28.2695
    endloop
  endfacet
  facet normal 1 0 0
    outer loop
      vertex 6 -24.5083 55
      vertex 6 -28.3014 28.625
      vertex 6 -28.2108 28.4509
    endloop
  endfacet
  facet normal 1 0 0
    outer loop
      vertex 6 -24.5083 55
      vertex 6 -28.4069 28.7905
      vertex 6 -28.3014 28.625
    endloop
  endfacet
  facet normal 1 0 0
    outer loop
      vertex 6 -24.5083 55
      vertex 6 -28.5264 28.9463
      vertex 6 -28.4069 28.7905
    endloop
  endfacet
  facet normal 1 0 0
    outer loop
      vertex 6 -24.5083 55
      vertex 6 -28.659 29.091
      vertex 6 -28.5264 28.9463
    endloop
  endfacet
  facet normal 1 0 0
    outer loop
      vertex 6 -24.5083 55
      vertex 6 -28.8037 29.2236
      vertex 6 -28.659 29.091
    endloop
  endfacet
  facet normal 1 0 0
    outer loop
      vertex 6 -24.5083 55
      vertex 6 -28.9595 29.3431
      vertex 6 -28.8037 29.2236
    endloop
  endfacet
  facet normal 1 0 0
    outer loop
      vertex 6 -24.5083 55
      vertex 6 -29.125 29.4486
      vertex 6 -28.9595 29.3431
    endloop
  endfacet
  facet normal 1 0 0
    outer loop
      vertex 6 -24.5083 55
      vertex 6 -29.2991 29.5392
      vertex 6 -29.125 29.4486
    endloop
  endfacet
  facet normal 1 0 0
    outer loop
      vertex 6 -24.5083 55
      vertex 6 -29.4805 29.6143
      vertex 6 -29.2991 29.5392
    endloop
  endfacet
  facet normal 1 0 0
    outer loop
      vertex 6 -24.5083 55
      vertex 6 -29.6677 29.6733
      vertex 6 -29.4805 29.6143
    endloop
  endfacet
  facet normal 1 0 0
    outer loop
      vertex 6 -24.5083 55
      vertex 6 -29.8593 29.7158
      vertex 6 -29.6677 29.6733
    endloop
  endfacet
  facet normal 1 0 0
    outer loop
      vertex 6 -24.5083 55
      vertex 6 -30.0539 29.7414
      vertex 6 -29.8593 29.7158
    endloop
  endfacet
  facet normal 1 0 0
    outer loop
      vertex 6 -24.5083 55
      vertex 6 -30.25 29.75
      vertex 6 -30.0539 29.7414
    endloop
  endfacet
  facet normal 1 -0 0
    outer loop
      vertex 6 -35.25 55
      vertex 6 -30.25 29.75
      vertex 6 -24.5083 55
    endloop
  endfacet
  facet normal 1 0 0
    outer loop
      vertex 6 -30.25 29.75
      vertex 6 -35.25 55
      vertex 6 -30.4461 29.7414
    endloop
  endfacet
  facet normal 1 0 0
    outer loop
      vertex 6 -30.4461 29.7414
      vertex 6 -35.25 55
      vertex 6 -30.6407 29.7158
    endloop
  endfacet
  facet normal 1 0 0
    outer loop
      vertex 6 -30.6407 29.7158
      vertex 6 -35.25 55
      vertex 6 -30.8323 29.6733
    endloop
  endfacet
  facet normal 1 0 0
    outer loop
      vertex 6 -30.8323 29.6733
      vertex 6 -35.25 55
      vertex 6 -31.0195 29.6143
    endloop
  endfacet
  facet normal 1 0 0
    outer loop
      vertex 6 -31.0195 29.6143
      vertex 6 -35.25 55
      vertex 6 -31.2009 29.5392
    endloop
  endfacet
  facet normal 1 0 0
    outer loop
      vertex 6 -31.2009 29.5392
      vertex 6 -35.25 55
      vertex 6 -31.375 29.4486
    endloop
  endfacet
  facet normal 1 0 0
    outer loop
      vertex 6 -31.375 29.4486
      vertex 6 -35.25 55
      vertex 6 -31.5405 29.3431
    endloop
  endfacet
  facet normal 1 0 0
    outer loop
      vertex 6 -31.5405 29.3431
      vertex 6 -35.25 55
      vertex 6 -31.6963 29.2236
    endloop
  endfacet
  facet normal 1 0 0
    outer loop
      vertex 6 -31.6963 29.2236
      vertex 6 -35.25 55
      vertex 6 -31.841 29.091
    endloop
  endfacet
  facet normal 1 0 0
    outer loop
      vertex 6 -31.841 29.091
      vertex 6 -35.25 55
      vertex 6 -31.9736 28.9463
    endloop
  endfacet
  facet normal 1 0 0
    outer loop
      vertex 6 -31.9736 28.9463
      vertex 6 -35.25 55
      vertex 6 -32.0931 28.7905
    endloop
  endfacet
  facet normal 1 0 0
    outer loop
      vertex 6 -32.0931 28.7905
      vertex 6 -35.25 55
      vertex 6 -32.1986 28.625
    endloop
  endfacet
  facet normal 1 0 0
    outer loop
      vertex 6 -32.1986 28.625
      vertex 6 -35.25 55
      vertex 6 -32.2892 28.4509
    endloop
  endfacet
  facet normal 1 0 0
    outer loop
      vertex 6 -32.2892 28.4509
      vertex 6 -35.25 55
      vertex 6 -32.3643 28.2695
    endloop
  endfacet
  facet normal 1 0 0
    outer loop
      vertex 6 -32.4914 27.6961
      vertex 6 -35.25 55
      vertex 6 -32.5 27.5
    endloop
  endfacet
  facet normal 1 0 0
    outer loop
      vertex 6 -32.4658 27.8907
      vertex 6 -35.25 55
      vertex 6 -32.4914 27.6961
    endloop
  endfacet
  facet normal 1 0 0
    outer loop
      vertex 6 -32.4233 28.0823
      vertex 6 -35.25 55
      vertex 6 -32.4658 27.8907
    endloop
  endfacet
  facet normal 1 0 0
    outer loop
      vertex 6 -32.3643 28.2695
      vertex 6 -35.25 55
      vertex 6 -32.4233 28.0823
    endloop
  endfacet
  facet normal 1 -0 0
    outer loop
      vertex 6 -28.0086 27.3039
      vertex 6 -24.5083 6
      vertex 6 -28 27.5
    endloop
  endfacet
  facet normal 1 -0 0
    outer loop
      vertex 6 -28.0342 27.1093
      vertex 6 -24.5083 6
      vertex 6 -28.0086 27.3039
    endloop
  endfacet
  facet normal 1 -0 0
    outer loop
      vertex 6 -28.0767 26.9177
      vertex 6 -24.5083 6
      vertex 6 -28.0342 27.1093
    endloop
  endfacet
  facet normal 1 -0 0
    outer loop
      vertex 6 -28.1357 26.7305
      vertex 6 -24.5083 6
      vertex 6 -28.0767 26.9177
    endloop
  endfacet
  facet normal 1 -0 0
    outer loop
      vertex 6 -28.2108 26.5491
      vertex 6 -24.5083 6
      vertex 6 -28.1357 26.7305
    endloop
  endfacet
  facet normal 1 -0 0
    outer loop
      vertex 6 -28.3014 26.375
      vertex 6 -24.5083 6
      vertex 6 -28.2108 26.5491
    endloop
  endfacet
  facet normal 1 -0 0
    outer loop
      vertex 6 -28.4069 26.2095
      vertex 6 -24.5083 6
      vertex 6 -28.3014 26.375
    endloop
  endfacet
  facet normal 1 -0 0
    outer loop
      vertex 6 -28.5264 26.0537
      vertex 6 -24.5083 6
      vertex 6 -28.4069 26.2095
    endloop
  endfacet
  facet normal 1 -0 0
    outer loop
      vertex 6 -28.659 25.909
      vertex 6 -24.5083 6
      vertex 6 -28.5264 26.0537
    endloop
  endfacet
  facet normal 1 -0 0
    outer loop
      vertex 6 -28.8037 25.7764
      vertex 6 -24.5083 6
      vertex 6 -28.659 25.909
    endloop
  endfacet
  facet normal 1 -0 0
    outer loop
      vertex 6 -28.9595 25.6569
      vertex 6 -24.5083 6
      vertex 6 -28.8037 25.7764
    endloop
  endfacet
  facet normal 1 -0 0
    outer loop
      vertex 6 -29.125 25.5514
      vertex 6 -24.5083 6
      vertex 6 -28.9595 25.6569
    endloop
  endfacet
  facet normal 1 -0 0
    outer loop
      vertex 6 -29.2991 25.4608
      vertex 6 -24.5083 6
      vertex 6 -29.125 25.5514
    endloop
  endfacet
  facet normal 1 -0 0
    outer loop
      vertex 6 -29.4805 25.3857
      vertex 6 -24.5083 6
      vertex 6 -29.2991 25.4608
    endloop
  endfacet
  facet normal 1 -0 0
    outer loop
      vertex 6 -29.6677 25.3267
      vertex 6 -24.5083 6
      vertex 6 -29.4805 25.3857
    endloop
  endfacet
  facet normal 1 -0 0
    outer loop
      vertex 6 -29.8593 25.2842
      vertex 6 -24.5083 6
      vertex 6 -29.6677 25.3267
    endloop
  endfacet
  facet normal 1 -0 0
    outer loop
      vertex 6 -30.0539 25.2586
      vertex 6 -24.5083 6
      vertex 6 -29.8593 25.2842
    endloop
  endfacet
  facet normal 1 -0 0
    outer loop
      vertex 6 -30.25 25.25
      vertex 6 -24.5083 6
      vertex 6 -30.0539 25.2586
    endloop
  endfacet
  facet normal 1 0 0
    outer loop
      vertex 6 -35.25 6
      vertex 6 -30.25 25.25
      vertex 6 -30.4461 25.2586
    endloop
  endfacet
  facet normal 1 0 0
    outer loop
      vertex 6 -35.25 6
      vertex 6 -30.4461 25.2586
      vertex 6 -30.6407 25.2842
    endloop
  endfacet
  facet normal 1 0 0
    outer loop
      vertex 6 -35.25 6
      vertex 6 -30.6407 25.2842
      vertex 6 -30.8323 25.3267
    endloop
  endfacet
  facet normal 1 0 0
    outer loop
      vertex 6 -35.25 6
      vertex 6 -30.8323 25.3267
      vertex 6 -31.0195 25.3857
    endloop
  endfacet
  facet normal 1 0 0
    outer loop
      vertex 6 -35.25 6
      vertex 6 -31.0195 25.3857
      vertex 6 -31.2009 25.4608
    endloop
  endfacet
  facet normal 1 0 0
    outer loop
      vertex 6 -35.25 6
      vertex 6 -31.2009 25.4608
      vertex 6 -31.375 25.5514
    endloop
  endfacet
  facet normal 1 0 0
    outer loop
      vertex 6 -35.25 6
      vertex 6 -31.375 25.5514
      vertex 6 -31.5405 25.6569
    endloop
  endfacet
  facet normal 1 0 0
    outer loop
      vertex 6 -35.25 6
      vertex 6 -31.5405 25.6569
      vertex 6 -31.6963 25.7764
    endloop
  endfacet
  facet normal 1 0 0
    outer loop
      vertex 6 -35.25 6
      vertex 6 -31.6963 25.7764
      vertex 6 -31.841 25.909
    endloop
  endfacet
  facet normal 1 0 0
    outer loop
      vertex 6 -35.25 6
      vertex 6 -31.841 25.909
      vertex 6 -31.9736 26.0537
    endloop
  endfacet
  facet normal 1 0 0
    outer loop
      vertex 6 -35.25 6
      vertex 6 -31.9736 26.0537
      vertex 6 -32.0931 26.2095
    endloop
  endfacet
  facet normal 1 0 0
    outer loop
      vertex 6 -35.25 6
      vertex 6 -32.0931 26.2095
      vertex 6 -32.1986 26.375
    endloop
  endfacet
  facet normal 1 0 0
    outer loop
      vertex 6 -35.25 6
      vertex 6 -32.1986 26.375
      vertex 6 -32.2892 26.5491
    endloop
  endfacet
  facet normal 1 0 0
    outer loop
      vertex 6 -35.25 6
      vertex 6 -32.2892 26.5491
      vertex 6 -32.3643 26.7305
    endloop
  endfacet
  facet normal 1 0 0
    outer loop
      vertex 6 -35.25 6
      vertex 6 -32.5 27.5
      vertex 6 -35.25 55
    endloop
  endfacet
  facet normal 1 0 0
    outer loop
      vertex 6 -30.25 25.25
      vertex 6 -35.25 6
      vertex 6 -24.5083 6
    endloop
  endfacet
  facet normal 1 0 0
    outer loop
      vertex 6 -32.4233 26.9177
      vertex 6 -35.25 6
      vertex 6 -32.3643 26.7305
    endloop
  endfacet
  facet normal 1 0 0
    outer loop
      vertex 6 -32.4658 27.1093
      vertex 6 -35.25 6
      vertex 6 -32.4233 26.9177
    endloop
  endfacet
  facet normal 1 0 0
    outer loop
      vertex 6 -32.4914 27.3039
      vertex 6 -35.25 6
      vertex 6 -32.4658 27.1093
    endloop
  endfacet
  facet normal 1 0 0
    outer loop
      vertex 6 -32.5 27.5
      vertex 6 -35.25 6
      vertex 6 -32.4914 27.3039
    endloop
  endfacet
  facet normal -1 0 0
    outer loop
      vertex -6 -24.5083 6
      vertex -6 -28 27.5
      vertex -6 -24.5083 55
    endloop
  endfacet
  facet normal -1 0 0
    outer loop
      vertex -6 -24.5083 6
      vertex -6 -28.0086 27.3039
      vertex -6 -28 27.5
    endloop
  endfacet
  facet normal -1 0 0
    outer loop
      vertex -6 -24.5083 6
      vertex -6 -28.0342 27.1093
      vertex -6 -28.0086 27.3039
    endloop
  endfacet
  facet normal -1 0 0
    outer loop
      vertex -6 -24.5083 6
      vertex -6 -28.0767 26.9177
      vertex -6 -28.0342 27.1093
    endloop
  endfacet
  facet normal -1 0 0
    outer loop
      vertex -6 -24.5083 6
      vertex -6 -28.1357 26.7305
      vertex -6 -28.0767 26.9177
    endloop
  endfacet
  facet normal -1 0 0
    outer loop
      vertex -6 -24.5083 6
      vertex -6 -28.2108 26.5491
      vertex -6 -28.1357 26.7305
    endloop
  endfacet
  facet normal -1 0 0
    outer loop
      vertex -6 -24.5083 6
      vertex -6 -28.3014 26.375
      vertex -6 -28.2108 26.5491
    endloop
  endfacet
  facet normal -1 0 0
    outer loop
      vertex -6 -24.5083 6
      vertex -6 -28.4069 26.2095
      vertex -6 -28.3014 26.375
    endloop
  endfacet
  facet normal -1 0 0
    outer loop
      vertex -6 -24.5083 6
      vertex -6 -28.5264 26.0537
      vertex -6 -28.4069 26.2095
    endloop
  endfacet
  facet normal -1 0 0
    outer loop
      vertex -6 -24.5083 6
      vertex -6 -28.659 25.909
      vertex -6 -28.5264 26.0537
    endloop
  endfacet
  facet normal -1 0 0
    outer loop
      vertex -6 -24.5083 6
      vertex -6 -28.8037 25.7764
      vertex -6 -28.659 25.909
    endloop
  endfacet
  facet normal -1 0 0
    outer loop
      vertex -6 -24.5083 6
      vertex -6 -28.9595 25.6569
      vertex -6 -28.8037 25.7764
    endloop
  endfacet
  facet normal -1 0 0
    outer loop
      vertex -6 -24.5083 6
      vertex -6 -29.125 25.5514
      vertex -6 -28.9595 25.6569
    endloop
  endfacet
  facet normal -1 0 0
    outer loop
      vertex -6 -24.5083 6
      vertex -6 -29.2991 25.4608
      vertex -6 -29.125 25.5514
    endloop
  endfacet
  facet normal -1 0 0
    outer loop
      vertex -6 -24.5083 6
      vertex -6 -29.4805 25.3857
      vertex -6 -29.2991 25.4608
    endloop
  endfacet
  facet normal -1 0 0
    outer loop
      vertex -6 -24.5083 6
      vertex -6 -29.6677 25.3267
      vertex -6 -29.4805 25.3857
    endloop
  endfacet
  facet normal -1 0 0
    outer loop
      vertex -6 -24.5083 6
      vertex -6 -29.8593 25.2842
      vertex -6 -29.6677 25.3267
    endloop
  endfacet
  facet normal -1 0 0
    outer loop
      vertex -6 -24.5083 6
      vertex -6 -30.0539 25.2586
      vertex -6 -29.8593 25.2842
    endloop
  endfacet
  facet normal -1 0 0
    outer loop
      vertex -6 -24.5083 6
      vertex -6 -30.25 25.25
      vertex -6 -30.0539 25.2586
    endloop
  endfacet
  facet normal -1 0 0
    outer loop
      vertex -6 -35.25 6
      vertex -6 -30.25 25.25
      vertex -6 -24.5083 6
    endloop
  endfacet
  facet normal -1 -0 0
    outer loop
      vertex -6 -30.25 25.25
      vertex -6 -35.25 6
      vertex -6 -30.4461 25.2586
    endloop
  endfacet
  facet normal -1 -0 0
    outer loop
      vertex -6 -30.4461 25.2586
      vertex -6 -35.25 6
      vertex -6 -30.6407 25.2842
    endloop
  endfacet
  facet normal -1 -0 0
    outer loop
      vertex -6 -30.6407 25.2842
      vertex -6 -35.25 6
      vertex -6 -30.8323 25.3267
    endloop
  endfacet
  facet normal -1 -0 0
    outer loop
      vertex -6 -30.8323 25.3267
      vertex -6 -35.25 6
      vertex -6 -31.0195 25.3857
    endloop
  endfacet
  facet normal -1 -0 0
    outer loop
      vertex -6 -31.0195 25.3857
      vertex -6 -35.25 6
      vertex -6 -31.2009 25.4608
    endloop
  endfacet
  facet normal -1 -0 0
    outer loop
      vertex -6 -31.2009 25.4608
      vertex -6 -35.25 6
      vertex -6 -31.375 25.5514
    endloop
  endfacet
  facet normal -1 -0 0
    outer loop
      vertex -6 -31.375 25.5514
      vertex -6 -35.25 6
      vertex -6 -31.5405 25.6569
    endloop
  endfacet
  facet normal -1 -0 0
    outer loop
      vertex -6 -31.5405 25.6569
      vertex -6 -35.25 6
      vertex -6 -31.6963 25.7764
    endloop
  endfacet
  facet normal -1 -0 0
    outer loop
      vertex -6 -31.6963 25.7764
      vertex -6 -35.25 6
      vertex -6 -31.841 25.909
    endloop
  endfacet
  facet normal -1 -0 0
    outer loop
      vertex -6 -31.841 25.909
      vertex -6 -35.25 6
      vertex -6 -31.9736 26.0537
    endloop
  endfacet
  facet normal -1 -0 0
    outer loop
      vertex -6 -31.9736 26.0537
      vertex -6 -35.25 6
      vertex -6 -32.0931 26.2095
    endloop
  endfacet
  facet normal -1 -0 0
    outer loop
      vertex -6 -32.0931 26.2095
      vertex -6 -35.25 6
      vertex -6 -32.1986 26.375
    endloop
  endfacet
  facet normal -1 -0 0
    outer loop
      vertex -6 -32.1986 26.375
      vertex -6 -35.25 6
      vertex -6 -32.2892 26.5491
    endloop
  endfacet
  facet normal -1 -0 0
    outer loop
      vertex -6 -32.4914 27.3039
      vertex -6 -35.25 6
      vertex -6 -32.5 27.5
    endloop
  endfacet
  facet normal -1 -0 0
    outer loop
      vertex -6 -32.4658 27.1093
      vertex -6 -35.25 6
      vertex -6 -32.4914 27.3039
    endloop
  endfacet
  facet normal -1 -0 0
    outer loop
      vertex -6 -32.4233 26.9177
      vertex -6 -35.25 6
      vertex -6 -32.4658 27.1093
    endloop
  endfacet
  facet normal -1 -0 0
    outer loop
      vertex -6 -32.3643 26.7305
      vertex -6 -35.25 6
      vertex -6 -32.4233 26.9177
    endloop
  endfacet
  facet normal -1 -0 0
    outer loop
      vertex -6 -32.2892 26.5491
      vertex -6 -35.25 6
      vertex -6 -32.3643 26.7305
    endloop
  endfacet
  facet normal -1 0 0
    outer loop
      vertex -6 -28.0086 27.6961
      vertex -6 -24.5083 55
      vertex -6 -28 27.5
    endloop
  endfacet
  facet normal -1 0 0
    outer loop
      vertex -6 -28.0342 27.8907
      vertex -6 -24.5083 55
      vertex -6 -28.0086 27.6961
    endloop
  endfacet
  facet normal -1 0 0
    outer loop
      vertex -6 -28.0767 28.0823
      vertex -6 -24.5083 55
      vertex -6 -28.0342 27.8907
    endloop
  endfacet
  facet normal -1 0 0
    outer loop
      vertex -6 -28.1357 28.2695
      vertex -6 -24.5083 55
      vertex -6 -28.0767 28.0823
    endloop
  endfacet
  facet normal -1 0 0
    outer loop
      vertex -6 -28.2108 28.4509
      vertex -6 -24.5083 55
      vertex -6 -28.1357 28.2695
    endloop
  endfacet
  facet normal -1 0 0
    outer loop
      vertex -6 -28.3014 28.625
      vertex -6 -24.5083 55
      vertex -6 -28.2108 28.4509
    endloop
  endfacet
  facet normal -1 0 0
    outer loop
      vertex -6 -28.4069 28.7905
      vertex -6 -24.5083 55
      vertex -6 -28.3014 28.625
    endloop
  endfacet
  facet normal -1 0 0
    outer loop
      vertex -6 -28.5264 28.9463
      vertex -6 -24.5083 55
      vertex -6 -28.4069 28.7905
    endloop
  endfacet
  facet normal -1 0 0
    outer loop
      vertex -6 -28.659 29.091
      vertex -6 -24.5083 55
      vertex -6 -28.5264 28.9463
    endloop
  endfacet
  facet normal -1 0 0
    outer loop
      vertex -6 -28.8037 29.2236
      vertex -6 -24.5083 55
      vertex -6 -28.659 29.091
    endloop
  endfacet
  facet normal -1 0 0
    outer loop
      vertex -6 -28.9595 29.3431
      vertex -6 -24.5083 55
      vertex -6 -28.8037 29.2236
    endloop
  endfacet
  facet normal -1 0 0
    outer loop
      vertex -6 -29.125 29.4486
      vertex -6 -24.5083 55
      vertex -6 -28.9595 29.3431
    endloop
  endfacet
  facet normal -1 0 0
    outer loop
      vertex -6 -29.2991 29.5392
      vertex -6 -24.5083 55
      vertex -6 -29.125 29.4486
    endloop
  endfacet
  facet normal -1 0 0
    outer loop
      vertex -6 -29.4805 29.6143
      vertex -6 -24.5083 55
      vertex -6 -29.2991 29.5392
    endloop
  endfacet
  facet normal -1 0 0
    outer loop
      vertex -6 -29.6677 29.6733
      vertex -6 -24.5083 55
      vertex -6 -29.4805 29.6143
    endloop
  endfacet
  facet normal -1 0 0
    outer loop
      vertex -6 -29.8593 29.7158
      vertex -6 -24.5083 55
      vertex -6 -29.6677 29.6733
    endloop
  endfacet
  facet normal -1 0 0
    outer loop
      vertex -6 -30.0539 29.7414
      vertex -6 -24.5083 55
      vertex -6 -29.8593 29.7158
    endloop
  endfacet
  facet normal -1 0 0
    outer loop
      vertex -6 -30.25 29.75
      vertex -6 -24.5083 55
      vertex -6 -30.0539 29.7414
    endloop
  endfacet
  facet normal -1 0 0
    outer loop
      vertex -6 -35.25 55
      vertex -6 -30.25 29.75
      vertex -6 -30.4461 29.7414
    endloop
  endfacet
  facet normal -1 0 0
    outer loop
      vertex -6 -35.25 55
      vertex -6 -30.4461 29.7414
      vertex -6 -30.6407 29.7158
    endloop
  endfacet
  facet normal -1 0 0
    outer loop
      vertex -6 -35.25 55
      vertex -6 -30.6407 29.7158
      vertex -6 -30.8323 29.6733
    endloop
  endfacet
  facet normal -1 0 0
    outer loop
      vertex -6 -35.25 55
      vertex -6 -30.8323 29.6733
      vertex -6 -31.0195 29.6143
    endloop
  endfacet
  facet normal -1 0 0
    outer loop
      vertex -6 -35.25 55
      vertex -6 -31.0195 29.6143
      vertex -6 -31.2009 29.5392
    endloop
  endfacet
  facet normal -1 0 0
    outer loop
      vertex -6 -35.25 55
      vertex -6 -31.2009 29.5392
      vertex -6 -31.375 29.4486
    endloop
  endfacet
  facet normal -1 0 0
    outer loop
      vertex -6 -35.25 55
      vertex -6 -31.375 29.4486
      vertex -6 -31.5405 29.3431
    endloop
  endfacet
  facet normal -1 0 0
    outer loop
      vertex -6 -35.25 55
      vertex -6 -31.5405 29.3431
      vertex -6 -31.6963 29.2236
    endloop
  endfacet
  facet normal -1 0 0
    outer loop
      vertex -6 -35.25 55
      vertex -6 -31.6963 29.2236
      vertex -6 -31.841 29.091
    endloop
  endfacet
  facet normal -1 0 0
    outer loop
      vertex -6 -35.25 55
      vertex -6 -31.841 29.091
      vertex -6 -31.9736 28.9463
    endloop
  endfacet
  facet normal -1 0 0
    outer loop
      vertex -6 -35.25 55
      vertex -6 -31.9736 28.9463
      vertex -6 -32.0931 28.7905
    endloop
  endfacet
  facet normal -1 0 0
    outer loop
      vertex -6 -35.25 55
      vertex -6 -32.0931 28.7905
      vertex -6 -32.1986 28.625
    endloop
  endfacet
  facet normal -1 0 0
    outer loop
      vertex -6 -35.25 55
      vertex -6 -32.1986 28.625
      vertex -6 -32.2892 28.4509
    endloop
  endfacet
  facet normal -1 0 0
    outer loop
      vertex -6 -35.25 55
      vertex -6 -32.2892 28.4509
      vertex -6 -32.3643 28.2695
    endloop
  endfacet
  facet normal -1 0 0
    outer loop
      vertex -6 -35.25 55
      vertex -6 -32.3643 28.2695
      vertex -6 -32.4233 28.0823
    endloop
  endfacet
  facet normal -1 0 0
    outer loop
      vertex -6 -35.25 55
      vertex -6 -32.5 27.5
      vertex -6 -35.25 6
    endloop
  endfacet
  facet normal -1 0 0
    outer loop
      vertex -6 -30.25 29.75
      vertex -6 -35.25 55
      vertex -6 -24.5083 55
    endloop
  endfacet
  facet normal -1 0 0
    outer loop
      vertex -6 -32.4658 27.8907
      vertex -6 -35.25 55
      vertex -6 -32.4233 28.0823
    endloop
  endfacet
  facet normal -1 0 0
    outer loop
      vertex -6 -32.4914 27.6961
      vertex -6 -35.25 55
      vertex -6 -32.4658 27.8907
    endloop
  endfacet
  facet normal -1 0 0
    outer loop
      vertex -6 -32.5 27.5
      vertex -6 -35.25 55
      vertex -6 -32.4914 27.6961
    endloop
  endfacet
  facet normal 0 -1 0
    outer loop
      vertex -6 -35.25 6
      vertex -1 -35.25 55
      vertex -6 -35.25 55
    endloop
  endfacet
  facet normal 0 -1 -0
    outer loop
      vertex -1 -35.25 55
      vertex -6 -35.25 6
      vertex -1 -35.25 6
    endloop
  endfacet
  facet normal 0 -1 0
    outer loop
      vertex 1 -35.25 6
      vertex 6 -35.25 55
      vertex 1 -35.25 55
    endloop
  endfacet
  facet normal 0 -1 -0
    outer loop
      vertex 6 -35.25 55
      vertex 1 -35.25 6
      vertex 6 -35.25 6
    endloop
  endfacet
  facet normal -0.991451 -0.130478 0
    outer loop
      vertex 20.1729 1.7649 0
      vertex 19.9424 3.51638 55
      vertex 19.9424 3.51638 0
    endloop
  endfacet
  facet normal -0.991451 -0.130478 0
    outer loop
      vertex 19.9424 3.51638 55
      vertex 20.1729 1.7649 0
      vertex 20.1729 1.7649 55
    endloop
  endfacet
  facet normal -0.999047 -0.0436436 0
    outer loop
      vertex 20.25 0 0
      vertex 20.1729 1.7649 55
      vertex 20.1729 1.7649 0
    endloop
  endfacet
  facet normal -0.999047 -0.0436436 0
    outer loop
      vertex 20.1729 1.7649 55
      vertex 20.25 0 0
      vertex 20.25 0 55
    endloop
  endfacet
  facet normal -0.976291 -0.216462 0
    outer loop
      vertex 19.9424 3.51638 0
      vertex 19.56 5.24109 55
      vertex 19.56 5.24109 0
    endloop
  endfacet
  facet normal -0.976291 -0.216462 0
    outer loop
      vertex 19.56 5.24109 55
      vertex 19.9424 3.51638 0
      vertex 19.9424 3.51638 55
    endloop
  endfacet
  facet normal 0.737283 -0.675584 0
    outer loop
      vertex -15.5124 13.0164 55
      vertex -14.3189 14.3189 0
      vertex -14.3189 14.3189 55
    endloop
  endfacet
  facet normal 0.737283 -0.675584 0
    outer loop
      vertex -14.3189 14.3189 0
      vertex -15.5124 13.0164 55
      vertex -15.5124 13.0164 0
    endloop
  endfacet
  facet normal 0.675584 0.737283 -0
    outer loop
      vertex -13.0164 -15.5124 0
      vertex -14.3189 -14.3189 55
      vertex -13.0164 -15.5124 55
    endloop
  endfacet
  facet normal 0.675584 0.737283 0
    outer loop
      vertex -14.3189 -14.3189 55
      vertex -13.0164 -15.5124 0
      vertex -14.3189 -14.3189 0
    endloop
  endfacet
  facet normal -0.382711 -0.923868 0
    outer loop
      vertex 6.92591 19.0288 0
      vertex 8.55802 18.3527 55
      vertex 6.92591 19.0288 55
    endloop
  endfacet
  facet normal -0.382711 -0.923868 -0
    outer loop
      vertex 8.55802 18.3527 55
      vertex 6.92591 19.0288 0
      vertex 8.55802 18.3527 0
    endloop
  endfacet
  facet normal 0.923868 0.382711 0
    outer loop
      vertex -18.3527 -8.55802 55
      vertex -19.0288 -6.92591 0
      vertex -19.0288 -6.92591 55
    endloop
  endfacet
  facet normal 0.923868 0.382711 0
    outer loop
      vertex -19.0288 -6.92591 0
      vertex -18.3527 -8.55802 55
      vertex -18.3527 -8.55802 0
    endloop
  endfacet
  facet normal 0.991451 0.130478 0
    outer loop
      vertex -19.9424 -3.51638 55
      vertex -20.1729 -1.7649 0
      vertex -20.1729 -1.7649 55
    endloop
  endfacet
  facet normal 0.991451 0.130478 0
    outer loop
      vertex -20.1729 -1.7649 0
      vertex -19.9424 -3.51638 55
      vertex -19.9424 -3.51638 0
    endloop
  endfacet
  facet normal -0.461741 0.887015 0
    outer loop
      vertex 10.125 -17.537 0
      vertex 8.55802 -18.3527 55
      vertex 10.125 -17.537 55
    endloop
  endfacet
  facet normal -0.461741 0.887015 0
    outer loop
      vertex 8.55802 -18.3527 55
      vertex 10.125 -17.537 0
      vertex 8.55802 -18.3527 0
    endloop
  endfacet
  facet normal 0.95372 -0.300695 0
    outer loop
      vertex -19.56 5.24109 55
      vertex -19.0288 6.92591 0
      vertex -19.0288 6.92591 55
    endloop
  endfacet
  facet normal 0.95372 -0.300695 0
    outer loop
      vertex -19.0288 6.92591 0
      vertex -19.56 5.24109 55
      vertex -19.56 5.24109 0
    endloop
  endfacet
  facet normal -0.793356 0.608758 0
    outer loop
      vertex 15.5124 -13.0164 0
      vertex 16.5878 -11.6149 55
      vertex 16.5878 -11.6149 0
    endloop
  endfacet
  facet normal -0.793356 0.608758 0
    outer loop
      vertex 16.5878 -11.6149 55
      vertex 15.5124 -13.0164 0
      vertex 15.5124 -13.0164 55
    endloop
  endfacet
  facet normal 0.130478 0.991451 -0
    outer loop
      vertex -1.7649 -20.1729 0
      vertex -3.51638 -19.9424 55
      vertex -1.7649 -20.1729 55
    endloop
  endfacet
  facet normal 0.130478 0.991451 0
    outer loop
      vertex -3.51638 -19.9424 55
      vertex -1.7649 -20.1729 0
      vertex -3.51638 -19.9424 0
    endloop
  endfacet
  facet normal -0.887015 -0.461741 0
    outer loop
      vertex 18.3527 8.55802 0
      vertex 17.537 10.125 55
      vertex 17.537 10.125 0
    endloop
  endfacet
  facet normal -0.887015 -0.461741 0
    outer loop
      vertex 17.537 10.125 55
      vertex 18.3527 8.55802 0
      vertex 18.3527 8.55802 55
    endloop
  endfacet
  facet normal 0.923868 -0.382711 0
    outer loop
      vertex -19.0288 6.92591 55
      vertex -18.3527 8.55802 0
      vertex -18.3527 8.55802 55
    endloop
  endfacet
  facet normal 0.923868 -0.382711 0
    outer loop
      vertex -18.3527 8.55802 0
      vertex -19.0288 6.92591 55
      vertex -19.0288 6.92591 0
    endloop
  endfacet
  facet normal 0.382711 0.923868 -0
    outer loop
      vertex -6.92591 -19.0288 0
      vertex -8.55802 -18.3527 55
      vertex -6.92591 -19.0288 55
    endloop
  endfacet
  facet normal 0.382711 0.923868 0
    outer loop
      vertex -8.55802 -18.3527 55
      vertex -6.92591 -19.0288 0
      vertex -8.55802 -18.3527 0
    endloop
  endfacet
  facet normal -0.991451 0.130478 0
    outer loop
      vertex 19.9424 -3.51638 0
      vertex 20.1729 -1.7649 55
      vertex 20.1729 -1.7649 0
    endloop
  endfacet
  facet normal -0.991451 0.130478 0
    outer loop
      vertex 20.1729 -1.7649 55
      vertex 19.9424 -3.51638 0
      vertex 19.9424 -3.51638 55
    endloop
  endfacet
  facet normal -0.461741 -0.887015 0
    outer loop
      vertex 8.55802 18.3527 0
      vertex 10.125 17.537 55
      vertex 8.55802 18.3527 55
    endloop
  endfacet
  facet normal -0.461741 -0.887015 -0
    outer loop
      vertex 10.125 17.537 55
      vertex 8.55802 18.3527 0
      vertex 10.125 17.537 0
    endloop
  endfacet
  facet normal 0.976291 0.216462 0
    outer loop
      vertex -19.56 -5.24109 55
      vertex -19.9424 -3.51638 0
      vertex -19.9424 -3.51638 55
    endloop
  endfacet
  facet normal 0.976291 0.216462 0
    outer loop
      vertex -19.9424 -3.51638 0
      vertex -19.56 -5.24109 55
      vertex -19.56 -5.24109 0
    endloop
  endfacet
  facet normal 0.95372 0.300695 0
    outer loop
      vertex -19.0288 -6.92591 55
      vertex -19.56 -5.24109 0
      vertex -19.56 -5.24109 55
    endloop
  endfacet
  facet normal 0.95372 0.300695 0
    outer loop
      vertex -19.56 -5.24109 0
      vertex -19.0288 -6.92591 55
      vertex -19.0288 -6.92591 0
    endloop
  endfacet
  facet normal 0.130478 -0.991451 0
    outer loop
      vertex -3.51638 19.9424 0
      vertex -1.7649 20.1729 55
      vertex -3.51638 19.9424 55
    endloop
  endfacet
  facet normal 0.130478 -0.991451 0
    outer loop
      vertex -1.7649 20.1729 55
      vertex -3.51638 19.9424 0
      vertex -1.7649 20.1729 0
    endloop
  endfacet
  facet normal -0.95372 0.300695 0
    outer loop
      vertex 19.0288 -6.92591 0
      vertex 19.56 -5.24109 55
      vertex 19.56 -5.24109 0
    endloop
  endfacet
  facet normal -0.95372 0.300695 0
    outer loop
      vertex 19.56 -5.24109 55
      vertex 19.0288 -6.92591 0
      vertex 19.0288 -6.92591 55
    endloop
  endfacet
  facet normal 0.382711 -0.923868 0
    outer loop
      vertex -8.55802 18.3527 0
      vertex -6.92591 19.0288 55
      vertex -8.55802 18.3527 55
    endloop
  endfacet
  facet normal 0.382711 -0.923868 0
    outer loop
      vertex -6.92591 19.0288 55
      vertex -8.55802 18.3527 0
      vertex -6.92591 19.0288 0
    endloop
  endfacet
  facet normal 0.537311 0.843384 -0
    outer loop
      vertex -10.125 -17.537 0
      vertex -11.6149 -16.5878 55
      vertex -10.125 -17.537 55
    endloop
  endfacet
  facet normal 0.537311 0.843384 0
    outer loop
      vertex -11.6149 -16.5878 55
      vertex -10.125 -17.537 0
      vertex -11.6149 -16.5878 0
    endloop
  endfacet
  facet normal 0.608758 -0.793356 0
    outer loop
      vertex -13.0164 15.5124 0
      vertex -11.6149 16.5878 55
      vertex -13.0164 15.5124 55
    endloop
  endfacet
  facet normal 0.608758 -0.793356 0
    outer loop
      vertex -11.6149 16.5878 55
      vertex -13.0164 15.5124 0
      vertex -11.6149 16.5878 0
    endloop
  endfacet
  facet normal -0.300695 0.95372 0
    outer loop
      vertex 6.92591 -19.0288 0
      vertex 5.24109 -19.56 55
      vertex 6.92591 -19.0288 55
    endloop
  endfacet
  facet normal -0.300695 0.95372 0
    outer loop
      vertex 5.24109 -19.56 55
      vertex 6.92591 -19.0288 0
      vertex 5.24109 -19.56 0
    endloop
  endfacet
  facet normal 0.300695 -0.95372 0
    outer loop
      vertex -6.92591 19.0288 0
      vertex -5.24109 19.56 55
      vertex -6.92591 19.0288 55
    endloop
  endfacet
  facet normal 0.300695 -0.95372 0
    outer loop
      vertex -5.24109 19.56 55
      vertex -6.92591 19.0288 0
      vertex -5.24109 19.56 0
    endloop
  endfacet
  facet normal -0.793356 -0.608758 0
    outer loop
      vertex 16.5878 11.6149 0
      vertex 15.5124 13.0164 55
      vertex 15.5124 13.0164 0
    endloop
  endfacet
  facet normal -0.793356 -0.608758 0
    outer loop
      vertex 15.5124 13.0164 55
      vertex 16.5878 11.6149 0
      vertex 16.5878 11.6149 55
    endloop
  endfacet
  facet normal 0.608758 0.793356 -0
    outer loop
      vertex -11.6149 -16.5878 0
      vertex -13.0164 -15.5124 55
      vertex -11.6149 -16.5878 55
    endloop
  endfacet
  facet normal 0.608758 0.793356 0
    outer loop
      vertex -13.0164 -15.5124 55
      vertex -11.6149 -16.5878 0
      vertex -13.0164 -15.5124 0
    endloop
  endfacet
  facet normal 0.793356 -0.608758 0
    outer loop
      vertex -16.5878 11.6149 55
      vertex -15.5124 13.0164 0
      vertex -15.5124 13.0164 55
    endloop
  endfacet
  facet normal 0.793356 -0.608758 0
    outer loop
      vertex -15.5124 13.0164 0
      vertex -16.5878 11.6149 55
      vertex -16.5878 11.6149 0
    endloop
  endfacet
  facet normal -0.737283 -0.675584 0
    outer loop
      vertex 15.5124 13.0164 0
      vertex 14.3189 14.3189 55
      vertex 14.3189 14.3189 0
    endloop
  endfacet
  facet normal -0.737283 -0.675584 0
    outer loop
      vertex 14.3189 14.3189 55
      vertex 15.5124 13.0164 0
      vertex 15.5124 13.0164 55
    endloop
  endfacet
  facet normal -0.999047 0.0436436 0
    outer loop
      vertex 20.1729 -1.7649 0
      vertex 20.25 0 55
      vertex 20.25 0 0
    endloop
  endfacet
  facet normal -0.999047 0.0436436 0
    outer loop
      vertex 20.25 0 55
      vertex 20.1729 -1.7649 0
      vertex 20.1729 -1.7649 55
    endloop
  endfacet
  facet normal -0.887015 0.461741 0
    outer loop
      vertex 17.537 -10.125 0
      vertex 18.3527 -8.55802 55
      vertex 18.3527 -8.55802 0
    endloop
  endfacet
  facet normal -0.887015 0.461741 0
    outer loop
      vertex 18.3527 -8.55802 55
      vertex 17.537 -10.125 0
      vertex 17.537 -10.125 55
    endloop
  endfacet
  facet normal 0.461741 0.887015 -0
    outer loop
      vertex -8.55802 -18.3527 0
      vertex -10.125 -17.537 55
      vertex -8.55802 -18.3527 55
    endloop
  endfacet
  facet normal 0.461741 0.887015 0
    outer loop
      vertex -10.125 -17.537 55
      vertex -8.55802 -18.3527 0
      vertex -10.125 -17.537 0
    endloop
  endfacet
  facet normal -0.300695 -0.95372 0
    outer loop
      vertex 5.24109 19.56 0
      vertex 6.92591 19.0288 55
      vertex 5.24109 19.56 55
    endloop
  endfacet
  facet normal -0.300695 -0.95372 -0
    outer loop
      vertex 6.92591 19.0288 55
      vertex 5.24109 19.56 0
      vertex 6.92591 19.0288 0
    endloop
  endfacet
  facet normal 0.461741 -0.887015 0
    outer loop
      vertex -10.125 17.537 0
      vertex -8.55802 18.3527 55
      vertex -10.125 17.537 55
    endloop
  endfacet
  facet normal 0.461741 -0.887015 0
    outer loop
      vertex -8.55802 18.3527 55
      vertex -10.125 17.537 0
      vertex -8.55802 18.3527 0
    endloop
  endfacet
  facet normal -0.608758 -0.793356 0
    outer loop
      vertex 11.6149 16.5878 0
      vertex 13.0164 15.5124 55
      vertex 11.6149 16.5878 55
    endloop
  endfacet
  facet normal -0.608758 -0.793356 -0
    outer loop
      vertex 13.0164 15.5124 55
      vertex 11.6149 16.5878 0
      vertex 13.0164 15.5124 0
    endloop
  endfacet
  facet normal -0.537311 -0.843384 0
    outer loop
      vertex 10.125 17.537 0
      vertex 11.6149 16.5878 55
      vertex 10.125 17.537 55
    endloop
  endfacet
  facet normal -0.537311 -0.843384 -0
    outer loop
      vertex 11.6149 16.5878 55
      vertex 10.125 17.537 0
      vertex 11.6149 16.5878 0
    endloop
  endfacet
  facet normal -0.0436243 0.999048 0
    outer loop
      vertex 1.7649 -20.1729 55
      vertex 1 -20.2063 6
      vertex 1 -20.2063 55
    endloop
  endfacet
  facet normal -0.0436243 0.999048 0
    outer loop
      vertex 1.7649 -20.1729 0
      vertex 1 -20.2063 6
      vertex 1.7649 -20.1729 55
    endloop
  endfacet
  facet normal -0.0436436 0.999047 -2.46521e-06
    outer loop
      vertex 0 -20.25 0
      vertex 1 -20.2063 6
      vertex 1.7649 -20.1729 0
    endloop
  endfacet
  facet normal -0.0436583 0.999047 0
    outer loop
      vertex 1 -20.2063 6
      vertex 0 -20.25 0
      vertex 0 -20.25 6
    endloop
  endfacet
  facet normal -0.95372 -0.300695 0
    outer loop
      vertex 19.56 5.24109 0
      vertex 19.0288 6.92591 55
      vertex 19.0288 6.92591 0
    endloop
  endfacet
  facet normal -0.95372 -0.300695 0
    outer loop
      vertex 19.0288 6.92591 55
      vertex 19.56 5.24109 0
      vertex 19.56 5.24109 55
    endloop
  endfacet
  facet normal -0.843384 0.537311 0
    outer loop
      vertex 16.5878 -11.6149 0
      vertex 17.537 -10.125 55
      vertex 17.537 -10.125 0
    endloop
  endfacet
  facet normal -0.843384 0.537311 0
    outer loop
      vertex 17.537 -10.125 55
      vertex 16.5878 -11.6149 0
      vertex 16.5878 -11.6149 55
    endloop
  endfacet
  facet normal 0.216462 0.976291 -0
    outer loop
      vertex -3.51638 -19.9424 0
      vertex -5.24109 -19.56 55
      vertex -3.51638 -19.9424 55
    endloop
  endfacet
  facet normal 0.216462 0.976291 0
    outer loop
      vertex -5.24109 -19.56 55
      vertex -3.51638 -19.9424 0
      vertex -5.24109 -19.56 0
    endloop
  endfacet
  facet normal -0.130478 -0.991451 0
    outer loop
      vertex 1.7649 20.1729 0
      vertex 3.51638 19.9424 55
      vertex 1.7649 20.1729 55
    endloop
  endfacet
  facet normal -0.130478 -0.991451 -0
    outer loop
      vertex 3.51638 19.9424 55
      vertex 1.7649 20.1729 0
      vertex 3.51638 19.9424 0
    endloop
  endfacet
  facet normal -0.675584 -0.737283 0
    outer loop
      vertex 13.0164 15.5124 0
      vertex 14.3189 14.3189 55
      vertex 13.0164 15.5124 55
    endloop
  endfacet
  facet normal -0.675584 -0.737283 -0
    outer loop
      vertex 14.3189 14.3189 55
      vertex 13.0164 15.5124 0
      vertex 14.3189 14.3189 0
    endloop
  endfacet
  facet normal -0.976291 0.216462 0
    outer loop
      vertex 19.56 -5.24109 0
      vertex 19.9424 -3.51638 55
      vertex 19.9424 -3.51638 0
    endloop
  endfacet
  facet normal -0.976291 0.216462 0
    outer loop
      vertex 19.9424 -3.51638 55
      vertex 19.56 -5.24109 0
      vertex 19.56 -5.24109 55
    endloop
  endfacet
  facet normal -0.923868 -0.382711 0
    outer loop
      vertex 19.0288 6.92591 0
      vertex 18.3527 8.55802 55
      vertex 18.3527 8.55802 0
    endloop
  endfacet
  facet normal -0.923868 -0.382711 0
    outer loop
      vertex 18.3527 8.55802 55
      vertex 19.0288 6.92591 0
      vertex 19.0288 6.92591 55
    endloop
  endfacet
  facet normal 0.887015 -0.461741 0
    outer loop
      vertex -18.3527 8.55802 55
      vertex -17.537 10.125 0
      vertex -17.537 10.125 55
    endloop
  endfacet
  facet normal 0.887015 -0.461741 0
    outer loop
      vertex -17.537 10.125 0
      vertex -18.3527 8.55802 55
      vertex -18.3527 8.55802 0
    endloop
  endfacet
  facet normal 0.537311 -0.843384 0
    outer loop
      vertex -11.6149 16.5878 0
      vertex -10.125 17.537 55
      vertex -11.6149 16.5878 55
    endloop
  endfacet
  facet normal 0.537311 -0.843384 0
    outer loop
      vertex -10.125 17.537 55
      vertex -11.6149 16.5878 0
      vertex -10.125 17.537 0
    endloop
  endfacet
  facet normal -0.737283 0.675584 0
    outer loop
      vertex 14.3189 -14.3189 0
      vertex 15.5124 -13.0164 55
      vertex 15.5124 -13.0164 0
    endloop
  endfacet
  facet normal -0.737283 0.675584 0
    outer loop
      vertex 15.5124 -13.0164 55
      vertex 14.3189 -14.3189 0
      vertex 14.3189 -14.3189 55
    endloop
  endfacet
  facet normal 0.675584 -0.737283 0
    outer loop
      vertex -14.3189 14.3189 0
      vertex -13.0164 15.5124 55
      vertex -14.3189 14.3189 55
    endloop
  endfacet
  facet normal 0.675584 -0.737283 0
    outer loop
      vertex -13.0164 15.5124 55
      vertex -14.3189 14.3189 0
      vertex -13.0164 15.5124 0
    endloop
  endfacet
  facet normal -0.130478 0.991451 0
    outer loop
      vertex 3.51638 -19.9424 0
      vertex 1.7649 -20.1729 55
      vertex 3.51638 -19.9424 55
    endloop
  endfacet
  facet normal -0.130478 0.991451 0
    outer loop
      vertex 1.7649 -20.1729 55
      vertex 3.51638 -19.9424 0
      vertex 1.7649 -20.1729 0
    endloop
  endfacet
  facet normal -0.216462 -0.976291 0
    outer loop
      vertex 3.51638 19.9424 0
      vertex 5.24109 19.56 55
      vertex 3.51638 19.9424 55
    endloop
  endfacet
  facet normal -0.216462 -0.976291 -0
    outer loop
      vertex 5.24109 19.56 55
      vertex 3.51638 19.9424 0
      vertex 5.24109 19.56 0
    endloop
  endfacet
  facet normal 0.843384 0.537311 0
    outer loop
      vertex -16.5878 -11.6149 55
      vertex -17.537 -10.125 0
      vertex -17.537 -10.125 55
    endloop
  endfacet
  facet normal 0.843384 0.537311 0
    outer loop
      vertex -17.537 -10.125 0
      vertex -16.5878 -11.6149 55
      vertex -16.5878 -11.6149 0
    endloop
  endfacet
  facet normal 0.0436436 -0.999047 0
    outer loop
      vertex -1.7649 20.1729 0
      vertex 0 20.25 55
      vertex -1.7649 20.1729 55
    endloop
  endfacet
  facet normal 0.0436436 -0.999047 0
    outer loop
      vertex 0 20.25 55
      vertex -1.7649 20.1729 0
      vertex 0 20.25 0
    endloop
  endfacet
  facet normal 0.887015 0.461741 0
    outer loop
      vertex -17.537 -10.125 55
      vertex -18.3527 -8.55802 0
      vertex -18.3527 -8.55802 55
    endloop
  endfacet
  facet normal 0.887015 0.461741 0
    outer loop
      vertex -18.3527 -8.55802 0
      vertex -17.537 -10.125 55
      vertex -17.537 -10.125 0
    endloop
  endfacet
  facet normal 0.737283 0.675584 0
    outer loop
      vertex -14.3189 -14.3189 55
      vertex -15.5124 -13.0164 0
      vertex -15.5124 -13.0164 55
    endloop
  endfacet
  facet normal 0.737283 0.675584 0
    outer loop
      vertex -15.5124 -13.0164 0
      vertex -14.3189 -14.3189 55
      vertex -14.3189 -14.3189 0
    endloop
  endfacet
  facet normal -0.537311 0.843384 0
    outer loop
      vertex 11.6149 -16.5878 0
      vertex 10.125 -17.537 55
      vertex 11.6149 -16.5878 55
    endloop
  endfacet
  facet normal -0.537311 0.843384 0
    outer loop
      vertex 10.125 -17.537 55
      vertex 11.6149 -16.5878 0
      vertex 10.125 -17.537 0
    endloop
  endfacet
  facet normal 0.793356 0.608758 0
    outer loop
      vertex -15.5124 -13.0164 55
      vertex -16.5878 -11.6149 0
      vertex -16.5878 -11.6149 55
    endloop
  endfacet
  facet normal 0.793356 0.608758 0
    outer loop
      vertex -16.5878 -11.6149 0
      vertex -15.5124 -13.0164 55
      vertex -15.5124 -13.0164 0
    endloop
  endfacet
  facet normal -0.382711 0.923868 0
    outer loop
      vertex 8.55802 -18.3527 0
      vertex 6.92591 -19.0288 55
      vertex 8.55802 -18.3527 55
    endloop
  endfacet
  facet normal -0.382711 0.923868 0
    outer loop
      vertex 6.92591 -19.0288 55
      vertex 8.55802 -18.3527 0
      vertex 6.92591 -19.0288 0
    endloop
  endfacet
  facet normal 0.300695 0.95372 -0
    outer loop
      vertex -5.24109 -19.56 0
      vertex -6.92591 -19.0288 55
      vertex -5.24109 -19.56 55
    endloop
  endfacet
  facet normal 0.300695 0.95372 0
    outer loop
      vertex -6.92591 -19.0288 55
      vertex -5.24109 -19.56 0
      vertex -6.92591 -19.0288 0
    endloop
  endfacet
  facet normal 0.999047 0.0436436 0
    outer loop
      vertex -20.1729 -1.7649 55
      vertex -20.25 0 0
      vertex -20.25 0 55
    endloop
  endfacet
  facet normal 0.999047 0.0436436 0
    outer loop
      vertex -20.25 0 0
      vertex -20.1729 -1.7649 55
      vertex -20.1729 -1.7649 0
    endloop
  endfacet
  facet normal -0.0436436 -0.999047 0
    outer loop
      vertex 0 20.25 0
      vertex 1.7649 20.1729 55
      vertex 0 20.25 55
    endloop
  endfacet
  facet normal -0.0436436 -0.999047 -0
    outer loop
      vertex 1.7649 20.1729 55
      vertex 0 20.25 0
      vertex 1.7649 20.1729 0
    endloop
  endfacet
  facet normal -0.608758 0.793356 0
    outer loop
      vertex 13.0164 -15.5124 0
      vertex 11.6149 -16.5878 55
      vertex 13.0164 -15.5124 55
    endloop
  endfacet
  facet normal -0.608758 0.793356 0
    outer loop
      vertex 11.6149 -16.5878 55
      vertex 13.0164 -15.5124 0
      vertex 11.6149 -16.5878 0
    endloop
  endfacet
  facet normal 0.843384 -0.537311 0
    outer loop
      vertex -17.537 10.125 55
      vertex -16.5878 11.6149 0
      vertex -16.5878 11.6149 55
    endloop
  endfacet
  facet normal 0.843384 -0.537311 0
    outer loop
      vertex -16.5878 11.6149 0
      vertex -17.537 10.125 55
      vertex -17.537 10.125 0
    endloop
  endfacet
  facet normal -0.216462 0.976291 0
    outer loop
      vertex 5.24109 -19.56 0
      vertex 3.51638 -19.9424 55
      vertex 5.24109 -19.56 55
    endloop
  endfacet
  facet normal -0.216462 0.976291 0
    outer loop
      vertex 3.51638 -19.9424 55
      vertex 5.24109 -19.56 0
      vertex 3.51638 -19.9424 0
    endloop
  endfacet
  facet normal -0.923868 0.382711 0
    outer loop
      vertex 18.3527 -8.55802 0
      vertex 19.0288 -6.92591 55
      vertex 19.0288 -6.92591 0
    endloop
  endfacet
  facet normal -0.923868 0.382711 0
    outer loop
      vertex 19.0288 -6.92591 55
      vertex 18.3527 -8.55802 0
      vertex 18.3527 -8.55802 55
    endloop
  endfacet
  facet normal 0.216462 -0.976291 0
    outer loop
      vertex -5.24109 19.56 0
      vertex -3.51638 19.9424 55
      vertex -5.24109 19.56 55
    endloop
  endfacet
  facet normal 0.216462 -0.976291 0
    outer loop
      vertex -3.51638 19.9424 55
      vertex -5.24109 19.56 0
      vertex -3.51638 19.9424 0
    endloop
  endfacet
  facet normal -0.843384 -0.537311 0
    outer loop
      vertex 17.537 10.125 0
      vertex 16.5878 11.6149 55
      vertex 16.5878 11.6149 0
    endloop
  endfacet
  facet normal -0.843384 -0.537311 0
    outer loop
      vertex 16.5878 11.6149 55
      vertex 17.537 10.125 0
      vertex 17.537 10.125 55
    endloop
  endfacet
  facet normal 0.991451 -0.130478 0
    outer loop
      vertex -20.1729 1.7649 55
      vertex -19.9424 3.51638 0
      vertex -19.9424 3.51638 55
    endloop
  endfacet
  facet normal 0.991451 -0.130478 0
    outer loop
      vertex -19.9424 3.51638 0
      vertex -20.1729 1.7649 55
      vertex -20.1729 1.7649 0
    endloop
  endfacet
  facet normal 0.0436583 0.999047 0
    outer loop
      vertex 0 -20.25 6
      vertex 0 -20.25 0
      vertex -1 -20.2063 6
    endloop
  endfacet
  facet normal 0.0436243 0.999048 -0
    outer loop
      vertex -1 -20.2063 6
      vertex -1.7649 -20.1729 55
      vertex -1 -20.2063 55
    endloop
  endfacet
  facet normal 0.0436243 0.999048 0
    outer loop
      vertex -1 -20.2063 6
      vertex -1.7649 -20.1729 0
      vertex -1.7649 -20.1729 55
    endloop
  endfacet
  facet normal 0.0436436 0.999047 -2.46521e-06
    outer loop
      vertex -1.7649 -20.1729 0
      vertex -1 -20.2063 6
      vertex 0 -20.25 0
    endloop
  endfacet
  facet normal 0.999047 -0.0436436 0
    outer loop
      vertex -20.25 0 55
      vertex -20.1729 1.7649 0
      vertex -20.1729 1.7649 55
    endloop
  endfacet
  facet normal 0.999047 -0.0436436 0
    outer loop
      vertex -20.1729 1.7649 0
      vertex -20.25 0 55
      vertex -20.25 0 0
    endloop
  endfacet
  facet normal 0.976291 -0.216462 0
    outer loop
      vertex -19.9424 3.51638 55
      vertex -19.56 5.24109 0
      vertex -19.56 5.24109 55
    endloop
  endfacet
  facet normal 0.976291 -0.216462 0
    outer loop
      vertex -19.56 5.24109 0
      vertex -19.9424 3.51638 55
      vertex -19.9424 3.51638 0
    endloop
  endfacet
  facet normal -0.675584 0.737283 0
    outer loop
      vertex 14.3189 -14.3189 0
      vertex 13.0164 -15.5124 55
      vertex 14.3189 -14.3189 55
    endloop
  endfacet
  facet normal -0.675584 0.737283 0
    outer loop
      vertex 13.0164 -15.5124 55
      vertex 14.3189 -14.3189 0
      vertex 13.0164 -15.5124 0
    endloop
  endfacet
  facet normal -1 0 0
    outer loop
      vertex 1 -28.0086 27.6961
      vertex 1 -20.2063 6
      vertex 1 -28 27.5
    endloop
  endfacet
  facet normal -1 0 0
    outer loop
      vertex 1 -20.2063 6
      vertex 1 -28.0086 27.3039
      vertex 1 -28 27.5
    endloop
  endfacet
  facet normal -1 0 0
    outer loop
      vertex 1 -20.2063 6
      vertex 1 -28.0342 27.1093
      vertex 1 -28.0086 27.3039
    endloop
  endfacet
  facet normal -1 0 0
    outer loop
      vertex 1 -20.2063 6
      vertex 1 -28.0767 26.9177
      vertex 1 -28.0342 27.1093
    endloop
  endfacet
  facet normal -1 0 0
    outer loop
      vertex 1 -20.2063 6
      vertex 1 -28.1357 26.7305
      vertex 1 -28.0767 26.9177
    endloop
  endfacet
  facet normal -1 0 0
    outer loop
      vertex 1 -20.2063 6
      vertex 1 -28.2108 26.5491
      vertex 1 -28.1357 26.7305
    endloop
  endfacet
  facet normal -1 0 0
    outer loop
      vertex 1 -20.2063 6
      vertex 1 -28.3014 26.375
      vertex 1 -28.2108 26.5491
    endloop
  endfacet
  facet normal -1 0 0
    outer loop
      vertex 1 -20.2063 6
      vertex 1 -28.4069 26.2095
      vertex 1 -28.3014 26.375
    endloop
  endfacet
  facet normal -1 0 0
    outer loop
      vertex 1 -20.2063 6
      vertex 1 -28.5264 26.0537
      vertex 1 -28.4069 26.2095
    endloop
  endfacet
  facet normal -1 0 0
    outer loop
      vertex 1 -20.2063 6
      vertex 1 -28.659 25.909
      vertex 1 -28.5264 26.0537
    endloop
  endfacet
  facet normal -1 0 0
    outer loop
      vertex 1 -20.2063 6
      vertex 1 -28.8037 25.7764
      vertex 1 -28.659 25.909
    endloop
  endfacet
  facet normal -1 0 0
    outer loop
      vertex 1 -20.2063 6
      vertex 1 -28.9595 25.6569
      vertex 1 -28.8037 25.7764
    endloop
  endfacet
  facet normal -1 0 0
    outer loop
      vertex 1 -20.2063 6
      vertex 1 -29.125 25.5514
      vertex 1 -28.9595 25.6569
    endloop
  endfacet
  facet normal -1 0 0
    outer loop
      vertex 1 -20.2063 6
      vertex 1 -29.2991 25.4608
      vertex 1 -29.125 25.5514
    endloop
  endfacet
  facet normal -1 0 0
    outer loop
      vertex 1 -20.2063 6
      vertex 1 -29.4805 25.3857
      vertex 1 -29.2991 25.4608
    endloop
  endfacet
  facet normal -1 0 0
    outer loop
      vertex 1 -20.2063 6
      vertex 1 -29.6677 25.3267
      vertex 1 -29.4805 25.3857
    endloop
  endfacet
  facet normal -1 0 0
    outer loop
      vertex 1 -20.2063 6
      vertex 1 -29.8593 25.2842
      vertex 1 -29.6677 25.3267
    endloop
  endfacet
  facet normal -1 0 0
    outer loop
      vertex 1 -35.25 6
      vertex 1 -29.8593 25.2842
      vertex 1 -20.2063 6
    endloop
  endfacet
  facet normal -1 0 0
    outer loop
      vertex 1 -29.8593 25.2842
      vertex 1 -35.25 6
      vertex 1 -30.0539 25.2586
    endloop
  endfacet
  facet normal -1 0 0
    outer loop
      vertex 1 -30.0539 25.2586
      vertex 1 -35.25 6
      vertex 1 -30.25 25.25
    endloop
  endfacet
  facet normal -1 -0 0
    outer loop
      vertex 1 -30.25 25.25
      vertex 1 -35.25 6
      vertex 1 -30.4461 25.2586
    endloop
  endfacet
  facet normal -1 -0 0
    outer loop
      vertex 1 -30.4461 25.2586
      vertex 1 -35.25 6
      vertex 1 -30.6407 25.2842
    endloop
  endfacet
  facet normal -1 -0 0
    outer loop
      vertex 1 -30.6407 25.2842
      vertex 1 -35.25 6
      vertex 1 -30.8323 25.3267
    endloop
  endfacet
  facet normal -1 -0 0
    outer loop
      vertex 1 -30.8323 25.3267
      vertex 1 -35.25 6
      vertex 1 -31.0195 25.3857
    endloop
  endfacet
  facet normal -1 -0 0
    outer loop
      vertex 1 -31.0195 25.3857
      vertex 1 -35.25 6
      vertex 1 -31.2009 25.4608
    endloop
  endfacet
  facet normal -1 -0 0
    outer loop
      vertex 1 -31.2009 25.4608
      vertex 1 -35.25 6
      vertex 1 -31.375 25.5514
    endloop
  endfacet
  facet normal -1 -0 0
    outer loop
      vertex 1 -31.375 25.5514
      vertex 1 -35.25 6
      vertex 1 -31.5405 25.6569
    endloop
  endfacet
  facet normal -1 -0 0
    outer loop
      vertex 1 -31.5405 25.6569
      vertex 1 -35.25 6
      vertex 1 -31.6963 25.7764
    endloop
  endfacet
  facet normal -1 -0 0
    outer loop
      vertex 1 -31.6963 25.7764
      vertex 1 -35.25 6
      vertex 1 -31.841 25.909
    endloop
  endfacet
  facet normal -1 -0 0
    outer loop
      vertex 1 -31.841 25.909
      vertex 1 -35.25 6
      vertex 1 -31.9736 26.0537
    endloop
  endfacet
  facet normal -1 -0 0
    outer loop
      vertex 1 -31.9736 26.0537
      vertex 1 -35.25 6
      vertex 1 -32.0931 26.2095
    endloop
  endfacet
  facet normal -1 -0 0
    outer loop
      vertex 1 -32.4914 27.3039
      vertex 1 -35.25 6
      vertex 1 -32.5 27.5
    endloop
  endfacet
  facet normal -1 -0 0
    outer loop
      vertex 1 -32.4658 27.1093
      vertex 1 -35.25 6
      vertex 1 -32.4914 27.3039
    endloop
  endfacet
  facet normal -1 -0 0
    outer loop
      vertex 1 -32.4233 26.9177
      vertex 1 -35.25 6
      vertex 1 -32.4658 27.1093
    endloop
  endfacet
  facet normal -1 -0 0
    outer loop
      vertex 1 -32.3643 26.7305
      vertex 1 -35.25 6
      vertex 1 -32.4233 26.9177
    endloop
  endfacet
  facet normal -1 -0 0
    outer loop
      vertex 1 -32.2892 26.5491
      vertex 1 -35.25 6
      vertex 1 -32.3643 26.7305
    endloop
  endfacet
  facet normal -1 -0 0
    outer loop
      vertex 1 -32.1986 26.375
      vertex 1 -35.25 6
      vertex 1 -32.2892 26.5491
    endloop
  endfacet
  facet normal -1 -0 0
    outer loop
      vertex 1 -32.0931 26.2095
      vertex 1 -35.25 6
      vertex 1 -32.1986 26.375
    endloop
  endfacet
  facet normal -1 0 0
    outer loop
      vertex 1 -20.2063 6
      vertex 1 -28.0086 27.6961
      vertex 1 -20.2063 55
    endloop
  endfacet
  facet normal -1 0 0
    outer loop
      vertex 1 -28.0342 27.8907
      vertex 1 -20.2063 55
      vertex 1 -28.0086 27.6961
    endloop
  endfacet
  facet normal -1 0 0
    outer loop
      vertex 1 -28.0767 28.0823
      vertex 1 -20.2063 55
      vertex 1 -28.0342 27.8907
    endloop
  endfacet
  facet normal -1 0 0
    outer loop
      vertex 1 -28.1357 28.2695
      vertex 1 -20.2063 55
      vertex 1 -28.0767 28.0823
    endloop
  endfacet
  facet normal -1 0 0
    outer loop
      vertex 1 -28.2108 28.4509
      vertex 1 -20.2063 55
      vertex 1 -28.1357 28.2695
    endloop
  endfacet
  facet normal -1 0 0
    outer loop
      vertex 1 -28.3014 28.625
      vertex 1 -20.2063 55
      vertex 1 -28.2108 28.4509
    endloop
  endfacet
  facet normal -1 0 0
    outer loop
      vertex 1 -28.4069 28.7905
      vertex 1 -20.2063 55
      vertex 1 -28.3014 28.625
    endloop
  endfacet
  facet normal -1 0 0
    outer loop
      vertex 1 -28.5264 28.9463
      vertex 1 -20.2063 55
      vertex 1 -28.4069 28.7905
    endloop
  endfacet
  facet normal -1 0 0
    outer loop
      vertex 1 -28.659 29.091
      vertex 1 -20.2063 55
      vertex 1 -28.5264 28.9463
    endloop
  endfacet
  facet normal -1 0 0
    outer loop
      vertex 1 -28.8037 29.2236
      vertex 1 -20.2063 55
      vertex 1 -28.659 29.091
    endloop
  endfacet
  facet normal -1 0 0
    outer loop
      vertex 1 -28.9595 29.3431
      vertex 1 -20.2063 55
      vertex 1 -28.8037 29.2236
    endloop
  endfacet
  facet normal -1 0 0
    outer loop
      vertex 1 -29.125 29.4486
      vertex 1 -20.2063 55
      vertex 1 -28.9595 29.3431
    endloop
  endfacet
  facet normal -1 0 0
    outer loop
      vertex 1 -29.2991 29.5392
      vertex 1 -20.2063 55
      vertex 1 -29.125 29.4486
    endloop
  endfacet
  facet normal -1 0 0
    outer loop
      vertex 1 -29.4805 29.6143
      vertex 1 -20.2063 55
      vertex 1 -29.2991 29.5392
    endloop
  endfacet
  facet normal -1 0 0
    outer loop
      vertex 1 -29.6677 29.6733
      vertex 1 -20.2063 55
      vertex 1 -29.4805 29.6143
    endloop
  endfacet
  facet normal -1 0 0
    outer loop
      vertex 1 -29.8593 29.7158
      vertex 1 -20.2063 55
      vertex 1 -29.6677 29.6733
    endloop
  endfacet
  facet normal -1 0 0
    outer loop
      vertex 1 -35.25 55
      vertex 1 -29.8593 29.7158
      vertex 1 -30.0539 29.7414
    endloop
  endfacet
  facet normal -1 0 0
    outer loop
      vertex 1 -35.25 55
      vertex 1 -30.0539 29.7414
      vertex 1 -30.25 29.75
    endloop
  endfacet
  facet normal -1 0 0
    outer loop
      vertex 1 -35.25 55
      vertex 1 -30.25 29.75
      vertex 1 -30.4461 29.7414
    endloop
  endfacet
  facet normal -1 0 0
    outer loop
      vertex 1 -35.25 55
      vertex 1 -30.4461 29.7414
      vertex 1 -30.6407 29.7158
    endloop
  endfacet
  facet normal -1 0 0
    outer loop
      vertex 1 -35.25 55
      vertex 1 -30.6407 29.7158
      vertex 1 -30.8323 29.6733
    endloop
  endfacet
  facet normal -1 0 0
    outer loop
      vertex 1 -35.25 55
      vertex 1 -30.8323 29.6733
      vertex 1 -31.0195 29.6143
    endloop
  endfacet
  facet normal -1 0 0
    outer loop
      vertex 1 -35.25 55
      vertex 1 -31.0195 29.6143
      vertex 1 -31.2009 29.5392
    endloop
  endfacet
  facet normal -1 0 0
    outer loop
      vertex 1 -35.25 55
      vertex 1 -31.2009 29.5392
      vertex 1 -31.375 29.4486
    endloop
  endfacet
  facet normal -1 0 0
    outer loop
      vertex 1 -35.25 55
      vertex 1 -31.375 29.4486
      vertex 1 -31.5405 29.3431
    endloop
  endfacet
  facet normal -1 0 0
    outer loop
      vertex 1 -35.25 55
      vertex 1 -31.5405 29.3431
      vertex 1 -31.6963 29.2236
    endloop
  endfacet
  facet normal -1 0 0
    outer loop
      vertex 1 -35.25 55
      vertex 1 -31.6963 29.2236
      vertex 1 -31.841 29.091
    endloop
  endfacet
  facet normal -1 0 0
    outer loop
      vertex 1 -35.25 55
      vertex 1 -31.841 29.091
      vertex 1 -31.9736 28.9463
    endloop
  endfacet
  facet normal -1 0 0
    outer loop
      vertex 1 -35.25 55
      vertex 1 -31.9736 28.9463
      vertex 1 -32.0931 28.7905
    endloop
  endfacet
  facet normal -1 0 0
    outer loop
      vertex 1 -35.25 55
      vertex 1 -32.0931 28.7905
      vertex 1 -32.1986 28.625
    endloop
  endfacet
  facet normal -1 0 0
    outer loop
      vertex 1 -35.25 55
      vertex 1 -32.1986 28.625
      vertex 1 -32.2892 28.4509
    endloop
  endfacet
  facet normal -1 0 0
    outer loop
      vertex 1 -35.25 55
      vertex 1 -32.5 27.5
      vertex 1 -35.25 6
    endloop
  endfacet
  facet normal -1 0 0
    outer loop
      vertex 1 -29.8593 29.7158
      vertex 1 -35.25 55
      vertex 1 -20.2063 55
    endloop
  endfacet
  facet normal -1 0 0
    outer loop
      vertex 1 -32.3643 28.2695
      vertex 1 -35.25 55
      vertex 1 -32.2892 28.4509
    endloop
  endfacet
  facet normal -1 0 0
    outer loop
      vertex 1 -32.4233 28.0823
      vertex 1 -35.25 55
      vertex 1 -32.3643 28.2695
    endloop
  endfacet
  facet normal -1 0 0
    outer loop
      vertex 1 -32.4658 27.8907
      vertex 1 -35.25 55
      vertex 1 -32.4233 28.0823
    endloop
  endfacet
  facet normal -1 0 0
    outer loop
      vertex 1 -32.4914 27.6961
      vertex 1 -35.25 55
      vertex 1 -32.4658 27.8907
    endloop
  endfacet
  facet normal -1 0 0
    outer loop
      vertex 1 -32.5 27.5
      vertex 1 -35.25 55
      vertex 1 -32.4914 27.6961
    endloop
  endfacet
  facet normal 1 -0 0
    outer loop
      vertex -1 -28.0086 27.6961
      vertex -1 -20.2063 6
      vertex -1 -20.2063 55
    endloop
  endfacet
  facet normal 1 0 0
    outer loop
      vertex -1 -20.2063 6
      vertex -1 -28.0086 27.6961
      vertex -1 -28 27.5
    endloop
  endfacet
  facet normal 1 0 0
    outer loop
      vertex -1 -20.2063 55
      vertex -1 -28.0342 27.8907
      vertex -1 -28.0086 27.6961
    endloop
  endfacet
  facet normal 1 0 0
    outer loop
      vertex -1 -20.2063 55
      vertex -1 -28.0767 28.0823
      vertex -1 -28.0342 27.8907
    endloop
  endfacet
  facet normal 1 0 0
    outer loop
      vertex -1 -20.2063 55
      vertex -1 -28.1357 28.2695
      vertex -1 -28.0767 28.0823
    endloop
  endfacet
  facet normal 1 0 0
    outer loop
      vertex -1 -20.2063 55
      vertex -1 -28.2108 28.4509
      vertex -1 -28.1357 28.2695
    endloop
  endfacet
  facet normal 1 0 0
    outer loop
      vertex -1 -20.2063 55
      vertex -1 -28.3014 28.625
      vertex -1 -28.2108 28.4509
    endloop
  endfacet
  facet normal 1 0 0
    outer loop
      vertex -1 -20.2063 55
      vertex -1 -28.4069 28.7905
      vertex -1 -28.3014 28.625
    endloop
  endfacet
  facet normal 1 0 0
    outer loop
      vertex -1 -20.2063 55
      vertex -1 -28.5264 28.9463
      vertex -1 -28.4069 28.7905
    endloop
  endfacet
  facet normal 1 0 0
    outer loop
      vertex -1 -20.2063 55
      vertex -1 -28.659 29.091
      vertex -1 -28.5264 28.9463
    endloop
  endfacet
  facet normal 1 0 0
    outer loop
      vertex -1 -20.2063 55
      vertex -1 -28.8037 29.2236
      vertex -1 -28.659 29.091
    endloop
  endfacet
  facet normal 1 0 0
    outer loop
      vertex -1 -20.2063 55
      vertex -1 -28.9595 29.3431
      vertex -1 -28.8037 29.2236
    endloop
  endfacet
  facet normal 1 0 0
    outer loop
      vertex -1 -20.2063 55
      vertex -1 -29.125 29.4486
      vertex -1 -28.9595 29.3431
    endloop
  endfacet
  facet normal 1 0 0
    outer loop
      vertex -1 -20.2063 55
      vertex -1 -29.2991 29.5392
      vertex -1 -29.125 29.4486
    endloop
  endfacet
  facet normal 1 0 0
    outer loop
      vertex -1 -20.2063 55
      vertex -1 -29.4805 29.6143
      vertex -1 -29.2991 29.5392
    endloop
  endfacet
  facet normal 1 0 0
    outer loop
      vertex -1 -20.2063 55
      vertex -1 -29.6677 29.6733
      vertex -1 -29.4805 29.6143
    endloop
  endfacet
  facet normal 1 0 0
    outer loop
      vertex -1 -20.2063 55
      vertex -1 -29.8593 29.7158
      vertex -1 -29.6677 29.6733
    endloop
  endfacet
  facet normal 1 -0 0
    outer loop
      vertex -1 -35.25 55
      vertex -1 -29.8593 29.7158
      vertex -1 -20.2063 55
    endloop
  endfacet
  facet normal 1 0 0
    outer loop
      vertex -1 -29.8593 29.7158
      vertex -1 -35.25 55
      vertex -1 -30.0539 29.7414
    endloop
  endfacet
  facet normal 1 0 0
    outer loop
      vertex -1 -30.0539 29.7414
      vertex -1 -35.25 55
      vertex -1 -30.25 29.75
    endloop
  endfacet
  facet normal 1 0 0
    outer loop
      vertex -1 -30.25 29.75
      vertex -1 -35.25 55
      vertex -1 -30.4461 29.7414
    endloop
  endfacet
  facet normal 1 0 0
    outer loop
      vertex -1 -30.4461 29.7414
      vertex -1 -35.25 55
      vertex -1 -30.6407 29.7158
    endloop
  endfacet
  facet normal 1 0 0
    outer loop
      vertex -1 -30.6407 29.7158
      vertex -1 -35.25 55
      vertex -1 -30.8323 29.6733
    endloop
  endfacet
  facet normal 1 0 0
    outer loop
      vertex -1 -30.8323 29.6733
      vertex -1 -35.25 55
      vertex -1 -31.0195 29.6143
    endloop
  endfacet
  facet normal 1 0 0
    outer loop
      vertex -1 -31.0195 29.6143
      vertex -1 -35.25 55
      vertex -1 -31.2009 29.5392
    endloop
  endfacet
  facet normal 1 0 0
    outer loop
      vertex -1 -31.2009 29.5392
      vertex -1 -35.25 55
      vertex -1 -31.375 29.4486
    endloop
  endfacet
  facet normal 1 0 0
    outer loop
      vertex -1 -31.375 29.4486
      vertex -1 -35.25 55
      vertex -1 -31.5405 29.3431
    endloop
  endfacet
  facet normal 1 0 0
    outer loop
      vertex -1 -31.5405 29.3431
      vertex -1 -35.25 55
      vertex -1 -31.6963 29.2236
    endloop
  endfacet
  facet normal 1 0 0
    outer loop
      vertex -1 -31.6963 29.2236
      vertex -1 -35.25 55
      vertex -1 -31.841 29.091
    endloop
  endfacet
  facet normal 1 0 0
    outer loop
      vertex -1 -31.841 29.091
      vertex -1 -35.25 55
      vertex -1 -31.9736 28.9463
    endloop
  endfacet
  facet normal 1 0 0
    outer loop
      vertex -1 -31.9736 28.9463
      vertex -1 -35.25 55
      vertex -1 -32.0931 28.7905
    endloop
  endfacet
  facet normal 1 0 0
    outer loop
      vertex -1 -32.0931 28.7905
      vertex -1 -35.25 55
      vertex -1 -32.1986 28.625
    endloop
  endfacet
  facet normal 1 0 0
    outer loop
      vertex -1 -32.4914 27.6961
      vertex -1 -35.25 55
      vertex -1 -32.5 27.5
    endloop
  endfacet
  facet normal 1 0 0
    outer loop
      vertex -1 -32.4658 27.8907
      vertex -1 -35.25 55
      vertex -1 -32.4914 27.6961
    endloop
  endfacet
  facet normal 1 0 0
    outer loop
      vertex -1 -32.4233 28.0823
      vertex -1 -35.25 55
      vertex -1 -32.4658 27.8907
    endloop
  endfacet
  facet normal 1 0 0
    outer loop
      vertex -1 -32.3643 28.2695
      vertex -1 -35.25 55
      vertex -1 -32.4233 28.0823
    endloop
  endfacet
  facet normal 1 0 0
    outer loop
      vertex -1 -32.2892 28.4509
      vertex -1 -35.25 55
      vertex -1 -32.3643 28.2695
    endloop
  endfacet
  facet normal 1 0 0
    outer loop
      vertex -1 -32.1986 28.625
      vertex -1 -35.25 55
      vertex -1 -32.2892 28.4509
    endloop
  endfacet
  facet normal 1 -0 0
    outer loop
      vertex -1 -28.0086 27.3039
      vertex -1 -20.2063 6
      vertex -1 -28 27.5
    endloop
  endfacet
  facet normal 1 -0 0
    outer loop
      vertex -1 -28.0342 27.1093
      vertex -1 -20.2063 6
      vertex -1 -28.0086 27.3039
    endloop
  endfacet
  facet normal 1 -0 0
    outer loop
      vertex -1 -28.0767 26.9177
      vertex -1 -20.2063 6
      vertex -1 -28.0342 27.1093
    endloop
  endfacet
  facet normal 1 -0 0
    outer loop
      vertex -1 -28.1357 26.7305
      vertex -1 -20.2063 6
      vertex -1 -28.0767 26.9177
    endloop
  endfacet
  facet normal 1 -0 0
    outer loop
      vertex -1 -28.2108 26.5491
      vertex -1 -20.2063 6
      vertex -1 -28.1357 26.7305
    endloop
  endfacet
  facet normal 1 -0 0
    outer loop
      vertex -1 -28.3014 26.375
      vertex -1 -20.2063 6
      vertex -1 -28.2108 26.5491
    endloop
  endfacet
  facet normal 1 -0 0
    outer loop
      vertex -1 -28.4069 26.2095
      vertex -1 -20.2063 6
      vertex -1 -28.3014 26.375
    endloop
  endfacet
  facet normal 1 -0 0
    outer loop
      vertex -1 -28.5264 26.0537
      vertex -1 -20.2063 6
      vertex -1 -28.4069 26.2095
    endloop
  endfacet
  facet normal 1 -0 0
    outer loop
      vertex -1 -28.659 25.909
      vertex -1 -20.2063 6
      vertex -1 -28.5264 26.0537
    endloop
  endfacet
  facet normal 1 -0 0
    outer loop
      vertex -1 -28.8037 25.7764
      vertex -1 -20.2063 6
      vertex -1 -28.659 25.909
    endloop
  endfacet
  facet normal 1 -0 0
    outer loop
      vertex -1 -28.9595 25.6569
      vertex -1 -20.2063 6
      vertex -1 -28.8037 25.7764
    endloop
  endfacet
  facet normal 1 -0 0
    outer loop
      vertex -1 -29.125 25.5514
      vertex -1 -20.2063 6
      vertex -1 -28.9595 25.6569
    endloop
  endfacet
  facet normal 1 -0 0
    outer loop
      vertex -1 -29.2991 25.4608
      vertex -1 -20.2063 6
      vertex -1 -29.125 25.5514
    endloop
  endfacet
  facet normal 1 -0 0
    outer loop
      vertex -1 -29.4805 25.3857
      vertex -1 -20.2063 6
      vertex -1 -29.2991 25.4608
    endloop
  endfacet
  facet normal 1 -0 0
    outer loop
      vertex -1 -29.6677 25.3267
      vertex -1 -20.2063 6
      vertex -1 -29.4805 25.3857
    endloop
  endfacet
  facet normal 1 -0 0
    outer loop
      vertex -1 -29.8593 25.2842
      vertex -1 -20.2063 6
      vertex -1 -29.6677 25.3267
    endloop
  endfacet
  facet normal 1 0 0
    outer loop
      vertex -1 -35.25 6
      vertex -1 -29.8593 25.2842
      vertex -1 -30.0539 25.2586
    endloop
  endfacet
  facet normal 1 0 0
    outer loop
      vertex -1 -35.25 6
      vertex -1 -30.0539 25.2586
      vertex -1 -30.25 25.25
    endloop
  endfacet
  facet normal 1 0 0
    outer loop
      vertex -1 -35.25 6
      vertex -1 -30.25 25.25
      vertex -1 -30.4461 25.2586
    endloop
  endfacet
  facet normal 1 0 0
    outer loop
      vertex -1 -35.25 6
      vertex -1 -30.4461 25.2586
      vertex -1 -30.6407 25.2842
    endloop
  endfacet
  facet normal 1 0 0
    outer loop
      vertex -1 -35.25 6
      vertex -1 -30.6407 25.2842
      vertex -1 -30.8323 25.3267
    endloop
  endfacet
  facet normal 1 0 0
    outer loop
      vertex -1 -35.25 6
      vertex -1 -30.8323 25.3267
      vertex -1 -31.0195 25.3857
    endloop
  endfacet
  facet normal 1 0 0
    outer loop
      vertex -1 -35.25 6
      vertex -1 -31.0195 25.3857
      vertex -1 -31.2009 25.4608
    endloop
  endfacet
  facet normal 1 0 0
    outer loop
      vertex -1 -35.25 6
      vertex -1 -31.2009 25.4608
      vertex -1 -31.375 25.5514
    endloop
  endfacet
  facet normal 1 0 0
    outer loop
      vertex -1 -35.25 6
      vertex -1 -31.375 25.5514
      vertex -1 -31.5405 25.6569
    endloop
  endfacet
  facet normal 1 0 0
    outer loop
      vertex -1 -35.25 6
      vertex -1 -31.5405 25.6569
      vertex -1 -31.6963 25.7764
    endloop
  endfacet
  facet normal 1 0 0
    outer loop
      vertex -1 -35.25 6
      vertex -1 -31.6963 25.7764
      vertex -1 -31.841 25.909
    endloop
  endfacet
  facet normal 1 0 0
    outer loop
      vertex -1 -35.25 6
      vertex -1 -31.841 25.909
      vertex -1 -31.9736 26.0537
    endloop
  endfacet
  facet normal 1 0 0
    outer loop
      vertex -1 -35.25 6
      vertex -1 -31.9736 26.0537
      vertex -1 -32.0931 26.2095
    endloop
  endfacet
  facet normal 1 0 0
    outer loop
      vertex -1 -35.25 6
      vertex -1 -32.0931 26.2095
      vertex -1 -32.1986 26.375
    endloop
  endfacet
  facet normal 1 0 0
    outer loop
      vertex -1 -35.25 6
      vertex -1 -32.5 27.5
      vertex -1 -35.25 55
    endloop
  endfacet
  facet normal 1 0 0
    outer loop
      vertex -1 -29.8593 25.2842
      vertex -1 -35.25 6
      vertex -1 -20.2063 6
    endloop
  endfacet
  facet normal 1 0 0
    outer loop
      vertex -1 -32.2892 26.5491
      vertex -1 -35.25 6
      vertex -1 -32.1986 26.375
    endloop
  endfacet
  facet normal 1 0 0
    outer loop
      vertex -1 -32.3643 26.7305
      vertex -1 -35.25 6
      vertex -1 -32.2892 26.5491
    endloop
  endfacet
  facet normal 1 0 0
    outer loop
      vertex -1 -32.4233 26.9177
      vertex -1 -35.25 6
      vertex -1 -32.3643 26.7305
    endloop
  endfacet
  facet normal 1 0 0
    outer loop
      vertex -1 -32.4658 27.1093
      vertex -1 -35.25 6
      vertex -1 -32.4233 26.9177
    endloop
  endfacet
  facet normal 1 0 0
    outer loop
      vertex -1 -32.4914 27.3039
      vertex -1 -35.25 6
      vertex -1 -32.4658 27.1093
    endloop
  endfacet
  facet normal 1 0 0
    outer loop
      vertex -1 -32.5 27.5
      vertex -1 -35.25 6
      vertex -1 -32.4914 27.3039
    endloop
  endfacet
  facet normal 0 -0.216553 0.976271
    outer loop
      vertex -6 -29.6677 25.3267
      vertex -1 -29.8593 25.2842
      vertex -1 -29.6677 25.3267
    endloop
  endfacet
  facet normal 0 -0.216553 0.976271
    outer loop
      vertex -1 -29.8593 25.2842
      vertex -6 -29.6677 25.3267
      vertex -6 -29.8593 25.2842
    endloop
  endfacet
  facet normal 0 -0.216553 0.976271
    outer loop
      vertex 1 -29.6677 25.3267
      vertex 6 -29.8593 25.2842
      vertex 6 -29.6677 25.3267
    endloop
  endfacet
  facet normal 0 -0.216553 0.976271
    outer loop
      vertex 6 -29.8593 25.2842
      vertex 1 -29.6677 25.3267
      vertex 1 -29.8593 25.2842
    endloop
  endfacet
  facet normal 0 -0.0438131 0.99904
    outer loop
      vertex -6 -30.0539 25.2586
      vertex -1 -30.25 25.25
      vertex -1 -30.0539 25.2586
    endloop
  endfacet
  facet normal 0 -0.0438131 0.99904
    outer loop
      vertex -1 -30.25 25.25
      vertex -6 -30.0539 25.2586
      vertex -6 -30.25 25.25
    endloop
  endfacet
  facet normal 0 -0.0438131 0.99904
    outer loop
      vertex 1 -30.0539 25.2586
      vertex 6 -30.25 25.25
      vertex 6 -30.0539 25.2586
    endloop
  endfacet
  facet normal 0 -0.0438131 0.99904
    outer loop
      vertex 6 -30.25 25.25
      vertex 1 -30.0539 25.2586
      vertex 1 -30.25 25.25
    endloop
  endfacet
  facet normal 0 -0.976271 0.216553
    outer loop
      vertex -6 -28.0767 26.9177
      vertex -1 -28.0342 27.1093
      vertex -6 -28.0342 27.1093
    endloop
  endfacet
  facet normal 0 -0.976271 0.216553
    outer loop
      vertex -1 -28.0342 27.1093
      vertex -6 -28.0767 26.9177
      vertex -1 -28.0767 26.9177
    endloop
  endfacet
  facet normal 0 -0.976271 0.216553
    outer loop
      vertex 1 -28.0767 26.9177
      vertex 6 -28.0342 27.1093
      vertex 1 -28.0342 27.1093
    endloop
  endfacet
  facet normal 0 -0.976271 0.216553
    outer loop
      vertex 6 -28.0342 27.1093
      vertex 1 -28.0767 26.9177
      vertex 6 -28.0767 26.9177
    endloop
  endfacet
  facet normal 0 0.537535 -0.843242
    outer loop
      vertex -6 -31.5405 29.3431
      vertex -1 -31.375 29.4486
      vertex -1 -31.5405 29.3431
    endloop
  endfacet
  facet normal 0 0.537535 -0.843242
    outer loop
      vertex -1 -31.375 29.4486
      vertex -6 -31.5405 29.3431
      vertex -6 -31.375 29.4486
    endloop
  endfacet
  facet normal 0 0.537535 -0.843242
    outer loop
      vertex 1 -31.5405 29.3431
      vertex 6 -31.375 29.4486
      vertex 6 -31.5405 29.3431
    endloop
  endfacet
  facet normal 0 0.537535 -0.843242
    outer loop
      vertex 6 -31.375 29.4486
      vertex 1 -31.5405 29.3431
      vertex 1 -31.375 29.4486
    endloop
  endfacet
  facet normal 0 0.99904 0.0438131
    outer loop
      vertex -1 -32.4914 27.3039
      vertex -6 -32.5 27.5
      vertex -1 -32.5 27.5
    endloop
  endfacet
  facet normal 0 0.99904 0.0438131
    outer loop
      vertex -6 -32.5 27.5
      vertex -1 -32.4914 27.3039
      vertex -6 -32.4914 27.3039
    endloop
  endfacet
  facet normal 0 0.99904 0.0438131
    outer loop
      vertex 6 -32.4914 27.3039
      vertex 1 -32.5 27.5
      vertex 6 -32.5 27.5
    endloop
  endfacet
  facet normal 0 0.99904 0.0438131
    outer loop
      vertex 1 -32.5 27.5
      vertex 6 -32.4914 27.3039
      vertex 1 -32.4914 27.3039
    endloop
  endfacet
  facet normal 0 -0.843242 0.537535
    outer loop
      vertex -6 -28.4069 26.2095
      vertex -1 -28.3014 26.375
      vertex -6 -28.3014 26.375
    endloop
  endfacet
  facet normal 0 -0.843242 0.537535
    outer loop
      vertex -1 -28.3014 26.375
      vertex -6 -28.4069 26.2095
      vertex -1 -28.4069 26.2095
    endloop
  endfacet
  facet normal 0 -0.843242 0.537535
    outer loop
      vertex 1 -28.4069 26.2095
      vertex 6 -28.3014 26.375
      vertex 1 -28.3014 26.375
    endloop
  endfacet
  facet normal 0 -0.843242 0.537535
    outer loop
      vertex 6 -28.3014 26.375
      vertex 1 -28.4069 26.2095
      vertex 6 -28.4069 26.2095
    endloop
  endfacet
  facet normal 0 -0.73726 0.675609
    outer loop
      vertex -6 -28.659 25.909
      vertex -1 -28.5264 26.0537
      vertex -6 -28.5264 26.0537
    endloop
  endfacet
  facet normal 0 -0.73726 0.675609
    outer loop
      vertex -1 -28.5264 26.0537
      vertex -6 -28.659 25.909
      vertex -1 -28.659 25.909
    endloop
  endfacet
  facet normal 0 -0.73726 0.675609
    outer loop
      vertex 1 -28.659 25.909
      vertex 6 -28.5264 26.0537
      vertex 1 -28.5264 26.0537
    endloop
  endfacet
  facet normal 0 -0.73726 0.675609
    outer loop
      vertex 6 -28.5264 26.0537
      vertex 1 -28.659 25.909
      vertex 6 -28.659 25.909
    endloop
  endfacet
  facet normal 0 0.99904 -0.0438131
    outer loop
      vertex -1 -32.5 27.5
      vertex -6 -32.4914 27.6961
      vertex -1 -32.4914 27.6961
    endloop
  endfacet
  facet normal 0 0.99904 -0.0438131
    outer loop
      vertex -6 -32.4914 27.6961
      vertex -1 -32.5 27.5
      vertex -6 -32.5 27.5
    endloop
  endfacet
  facet normal 0 0.99904 -0.0438131
    outer loop
      vertex 6 -32.5 27.5
      vertex 1 -32.4914 27.6961
      vertex 6 -32.4914 27.6961
    endloop
  endfacet
  facet normal 0 0.99904 -0.0438131
    outer loop
      vertex 1 -32.4914 27.6961
      vertex 6 -32.5 27.5
      vertex 1 -32.5 27.5
    endloop
  endfacet
  facet normal 0 0.382517 -0.923949
    outer loop
      vertex -6 -31.2009 29.5392
      vertex -1 -31.0195 29.6143
      vertex -1 -31.2009 29.5392
    endloop
  endfacet
  facet normal 0 0.382517 -0.923949
    outer loop
      vertex -1 -31.0195 29.6143
      vertex -6 -31.2009 29.5392
      vertex -6 -31.0195 29.6143
    endloop
  endfacet
  facet normal 0 0.382517 -0.923949
    outer loop
      vertex 1 -31.2009 29.5392
      vertex 6 -31.0195 29.6143
      vertex 6 -31.2009 29.5392
    endloop
  endfacet
  facet normal 0 0.382517 -0.923949
    outer loop
      vertex 6 -31.0195 29.6143
      vertex 1 -31.2009 29.5392
      vertex 1 -31.0195 29.6143
    endloop
  endfacet
  facet normal 0 -0.608603 -0.793475
    outer loop
      vertex -6 -28.9595 29.3431
      vertex -1 -28.8037 29.2236
      vertex -1 -28.9595 29.3431
    endloop
  endfacet
  facet normal -0 -0.608603 -0.793475
    outer loop
      vertex -1 -28.8037 29.2236
      vertex -6 -28.9595 29.3431
      vertex -6 -28.8037 29.2236
    endloop
  endfacet
  facet normal 0 -0.608603 -0.793475
    outer loop
      vertex 1 -28.9595 29.3431
      vertex 6 -28.8037 29.2236
      vertex 6 -28.9595 29.3431
    endloop
  endfacet
  facet normal -0 -0.608603 -0.793475
    outer loop
      vertex 6 -28.8037 29.2236
      vertex 1 -28.9595 29.3431
      vertex 1 -28.8037 29.2236
    endloop
  endfacet
  facet normal 0 -0.99904 -0.0438131
    outer loop
      vertex -6 -28 27.5
      vertex -1 -28.0086 27.6961
      vertex -6 -28.0086 27.6961
    endloop
  endfacet
  facet normal 0 -0.99904 -0.0438131
    outer loop
      vertex -1 -28.0086 27.6961
      vertex -6 -28 27.5
      vertex -1 -28 27.5
    endloop
  endfacet
  facet normal 0 -0.99904 -0.0438131
    outer loop
      vertex 1 -28 27.5
      vertex 6 -28.0086 27.6961
      vertex 1 -28.0086 27.6961
    endloop
  endfacet
  facet normal 0 -0.99904 -0.0438131
    outer loop
      vertex 6 -28.0086 27.6961
      vertex 1 -28 27.5
      vertex 6 -28 27.5
    endloop
  endfacet
  facet normal 0 0.923949 -0.382517
    outer loop
      vertex -1 -32.3643 28.2695
      vertex -6 -32.2892 28.4509
      vertex -1 -32.2892 28.4509
    endloop
  endfacet
  facet normal 0 0.923949 -0.382517
    outer loop
      vertex -6 -32.2892 28.4509
      vertex -1 -32.3643 28.2695
      vertex -6 -32.3643 28.2695
    endloop
  endfacet
  facet normal 0 0.923949 -0.382517
    outer loop
      vertex 6 -32.3643 28.2695
      vertex 1 -32.2892 28.4509
      vertex 6 -32.2892 28.4509
    endloop
  endfacet
  facet normal 0 0.923949 -0.382517
    outer loop
      vertex 1 -32.2892 28.4509
      vertex 6 -32.3643 28.2695
      vertex 1 -32.3643 28.2695
    endloop
  endfacet
  facet normal 0 -0.887075 0.461625
    outer loop
      vertex -6 -28.3014 26.375
      vertex -1 -28.2108 26.5491
      vertex -6 -28.2108 26.5491
    endloop
  endfacet
  facet normal 0 -0.887075 0.461625
    outer loop
      vertex -1 -28.2108 26.5491
      vertex -6 -28.3014 26.375
      vertex -1 -28.3014 26.375
    endloop
  endfacet
  facet normal 0 -0.887075 0.461625
    outer loop
      vertex 1 -28.3014 26.375
      vertex 6 -28.2108 26.5491
      vertex 1 -28.2108 26.5491
    endloop
  endfacet
  facet normal 0 -0.887075 0.461625
    outer loop
      vertex 6 -28.2108 26.5491
      vertex 1 -28.3014 26.375
      vertex 6 -28.3014 26.375
    endloop
  endfacet
  facet normal 0 -0.99904 0.0438131
    outer loop
      vertex -6 -28.0086 27.3039
      vertex -1 -28 27.5
      vertex -6 -28 27.5
    endloop
  endfacet
  facet normal 0 -0.99904 0.0438131
    outer loop
      vertex -1 -28 27.5
      vertex -6 -28.0086 27.3039
      vertex -1 -28.0086 27.3039
    endloop
  endfacet
  facet normal 0 -0.99904 0.0438131
    outer loop
      vertex 1 -28.0086 27.3039
      vertex 6 -28 27.5
      vertex 1 -28 27.5
    endloop
  endfacet
  facet normal 0 -0.99904 0.0438131
    outer loop
      vertex 6 -28 27.5
      vertex 1 -28.0086 27.3039
      vertex 6 -28.0086 27.3039
    endloop
  endfacet
  facet normal 0 -0.130428 -0.991458
    outer loop
      vertex -6 -30.0539 29.7414
      vertex -1 -29.8593 29.7158
      vertex -1 -30.0539 29.7414
    endloop
  endfacet
  facet normal -0 -0.130428 -0.991458
    outer loop
      vertex -1 -29.8593 29.7158
      vertex -6 -30.0539 29.7414
      vertex -6 -29.8593 29.7158
    endloop
  endfacet
  facet normal 0 -0.130428 -0.991458
    outer loop
      vertex 1 -30.0539 29.7414
      vertex 6 -29.8593 29.7158
      vertex 6 -30.0539 29.7414
    endloop
  endfacet
  facet normal -0 -0.130428 -0.991458
    outer loop
      vertex 6 -29.8593 29.7158
      vertex 1 -30.0539 29.7414
      vertex 1 -29.8593 29.7158
    endloop
  endfacet
  facet normal -0 0.461625 0.887075
    outer loop
      vertex -6 -31.2009 25.4608
      vertex -1 -31.375 25.5514
      vertex -1 -31.2009 25.4608
    endloop
  endfacet
  facet normal 0 0.461625 0.887075
    outer loop
      vertex -1 -31.375 25.5514
      vertex -6 -31.2009 25.4608
      vertex -6 -31.375 25.5514
    endloop
  endfacet
  facet normal -0 0.461625 0.887075
    outer loop
      vertex 1 -31.2009 25.4608
      vertex 6 -31.375 25.5514
      vertex 6 -31.2009 25.4608
    endloop
  endfacet
  facet normal 0 0.461625 0.887075
    outer loop
      vertex 6 -31.375 25.5514
      vertex 1 -31.2009 25.4608
      vertex 1 -31.375 25.5514
    endloop
  endfacet
  facet normal 0 -0.793475 -0.608603
    outer loop
      vertex -6 -28.4069 28.7905
      vertex -1 -28.5264 28.9463
      vertex -6 -28.5264 28.9463
    endloop
  endfacet
  facet normal 0 -0.793475 -0.608603
    outer loop
      vertex -1 -28.5264 28.9463
      vertex -6 -28.4069 28.7905
      vertex -1 -28.4069 28.7905
    endloop
  endfacet
  facet normal 0 -0.793475 -0.608603
    outer loop
      vertex 1 -28.4069 28.7905
      vertex 6 -28.5264 28.9463
      vertex 1 -28.5264 28.9463
    endloop
  endfacet
  facet normal 0 -0.793475 -0.608603
    outer loop
      vertex 6 -28.5264 28.9463
      vertex 1 -28.4069 28.7905
      vertex 6 -28.4069 28.7905
    endloop
  endfacet
  facet normal 0 -0.537535 0.843242
    outer loop
      vertex -6 -28.9595 25.6569
      vertex -1 -29.125 25.5514
      vertex -1 -28.9595 25.6569
    endloop
  endfacet
  facet normal 0 -0.537535 0.843242
    outer loop
      vertex -1 -29.125 25.5514
      vertex -6 -28.9595 25.6569
      vertex -6 -29.125 25.5514
    endloop
  endfacet
  facet normal 0 -0.537535 0.843242
    outer loop
      vertex 1 -28.9595 25.6569
      vertex 6 -29.125 25.5514
      vertex 6 -28.9595 25.6569
    endloop
  endfacet
  facet normal 0 -0.537535 0.843242
    outer loop
      vertex 6 -29.125 25.5514
      vertex 1 -28.9595 25.6569
      vertex 1 -29.125 25.5514
    endloop
  endfacet
  facet normal -0 0.216553 0.976271
    outer loop
      vertex -6 -30.6407 25.2842
      vertex -1 -30.8323 25.3267
      vertex -1 -30.6407 25.2842
    endloop
  endfacet
  facet normal 0 0.216553 0.976271
    outer loop
      vertex -1 -30.8323 25.3267
      vertex -6 -30.6407 25.2842
      vertex -6 -30.8323 25.3267
    endloop
  endfacet
  facet normal -0 0.216553 0.976271
    outer loop
      vertex 1 -30.6407 25.2842
      vertex 6 -30.8323 25.3267
      vertex 6 -30.6407 25.2842
    endloop
  endfacet
  facet normal 0 0.216553 0.976271
    outer loop
      vertex 6 -30.8323 25.3267
      vertex 1 -30.6407 25.2842
      vertex 1 -30.8323 25.3267
    endloop
  endfacet
  facet normal 0 -0.976271 -0.216553
    outer loop
      vertex -6 -28.0342 27.8907
      vertex -1 -28.0767 28.0823
      vertex -6 -28.0767 28.0823
    endloop
  endfacet
  facet normal 0 -0.976271 -0.216553
    outer loop
      vertex -1 -28.0767 28.0823
      vertex -6 -28.0342 27.8907
      vertex -1 -28.0342 27.8907
    endloop
  endfacet
  facet normal 0 -0.976271 -0.216553
    outer loop
      vertex 1 -28.0342 27.8907
      vertex 6 -28.0767 28.0823
      vertex 1 -28.0767 28.0823
    endloop
  endfacet
  facet normal 0 -0.976271 -0.216553
    outer loop
      vertex 6 -28.0767 28.0823
      vertex 1 -28.0342 27.8907
      vertex 6 -28.0342 27.8907
    endloop
  endfacet
  facet normal 0 0.923949 0.382517
    outer loop
      vertex -1 -32.2892 26.5491
      vertex -6 -32.3643 26.7305
      vertex -1 -32.3643 26.7305
    endloop
  endfacet
  facet normal 0 0.923949 0.382517
    outer loop
      vertex -6 -32.3643 26.7305
      vertex -1 -32.2892 26.5491
      vertex -6 -32.2892 26.5491
    endloop
  endfacet
  facet normal 0 0.923949 0.382517
    outer loop
      vertex 6 -32.2892 26.5491
      vertex 1 -32.3643 26.7305
      vertex 6 -32.3643 26.7305
    endloop
  endfacet
  facet normal 0 0.923949 0.382517
    outer loop
      vertex 1 -32.3643 26.7305
      vertex 6 -32.2892 26.5491
      vertex 1 -32.2892 26.5491
    endloop
  endfacet
  facet normal 0 -0.382517 0.923949
    outer loop
      vertex -6 -29.2991 25.4608
      vertex -1 -29.4805 25.3857
      vertex -1 -29.2991 25.4608
    endloop
  endfacet
  facet normal 0 -0.382517 0.923949
    outer loop
      vertex -1 -29.4805 25.3857
      vertex -6 -29.2991 25.4608
      vertex -6 -29.4805 25.3857
    endloop
  endfacet
  facet normal 0 -0.382517 0.923949
    outer loop
      vertex 1 -29.2991 25.4608
      vertex 6 -29.4805 25.3857
      vertex 6 -29.2991 25.4608
    endloop
  endfacet
  facet normal 0 -0.382517 0.923949
    outer loop
      vertex 6 -29.4805 25.3857
      vertex 1 -29.2991 25.4608
      vertex 1 -29.4805 25.3857
    endloop
  endfacet
  facet normal 0 -0.887075 -0.461625
    outer loop
      vertex -6 -28.2108 28.4509
      vertex -1 -28.3014 28.625
      vertex -6 -28.3014 28.625
    endloop
  endfacet
  facet normal 0 -0.887075 -0.461625
    outer loop
      vertex -1 -28.3014 28.625
      vertex -6 -28.2108 28.4509
      vertex -1 -28.2108 28.4509
    endloop
  endfacet
  facet normal 0 -0.887075 -0.461625
    outer loop
      vertex 1 -28.2108 28.4509
      vertex 6 -28.3014 28.625
      vertex 1 -28.3014 28.625
    endloop
  endfacet
  facet normal 0 -0.887075 -0.461625
    outer loop
      vertex 6 -28.3014 28.625
      vertex 1 -28.2108 28.4509
      vertex 6 -28.2108 28.4509
    endloop
  endfacet
  facet normal 0 -0.923949 0.382517
    outer loop
      vertex -6 -28.2108 26.5491
      vertex -1 -28.1357 26.7305
      vertex -6 -28.1357 26.7305
    endloop
  endfacet
  facet normal 0 -0.923949 0.382517
    outer loop
      vertex -1 -28.1357 26.7305
      vertex -6 -28.2108 26.5491
      vertex -1 -28.2108 26.5491
    endloop
  endfacet
  facet normal 0 -0.923949 0.382517
    outer loop
      vertex 1 -28.2108 26.5491
      vertex 6 -28.1357 26.7305
      vertex 1 -28.1357 26.7305
    endloop
  endfacet
  facet normal 0 -0.923949 0.382517
    outer loop
      vertex 6 -28.1357 26.7305
      vertex 1 -28.2108 26.5491
      vertex 6 -28.2108 26.5491
    endloop
  endfacet
  facet normal 0 0.73726 -0.675609
    outer loop
      vertex -1 -31.9736 28.9463
      vertex -6 -31.841 29.091
      vertex -1 -31.841 29.091
    endloop
  endfacet
  facet normal 0 0.73726 -0.675609
    outer loop
      vertex -6 -31.841 29.091
      vertex -1 -31.9736 28.9463
      vertex -6 -31.9736 28.9463
    endloop
  endfacet
  facet normal 0 0.73726 -0.675609
    outer loop
      vertex 6 -31.9736 28.9463
      vertex 1 -31.841 29.091
      vertex 6 -31.841 29.091
    endloop
  endfacet
  facet normal 0 0.73726 -0.675609
    outer loop
      vertex 1 -31.841 29.091
      vertex 6 -31.9736 28.9463
      vertex 1 -31.9736 28.9463
    endloop
  endfacet
  facet normal 0 -0.216553 -0.976271
    outer loop
      vertex -6 -29.8593 29.7158
      vertex -1 -29.6677 29.6733
      vertex -1 -29.8593 29.7158
    endloop
  endfacet
  facet normal -0 -0.216553 -0.976271
    outer loop
      vertex -1 -29.6677 29.6733
      vertex -6 -29.8593 29.7158
      vertex -6 -29.6677 29.6733
    endloop
  endfacet
  facet normal 0 -0.216553 -0.976271
    outer loop
      vertex 1 -29.8593 29.7158
      vertex 6 -29.6677 29.6733
      vertex 6 -29.8593 29.7158
    endloop
  endfacet
  facet normal -0 -0.216553 -0.976271
    outer loop
      vertex 6 -29.6677 29.6733
      vertex 1 -29.8593 29.7158
      vertex 1 -29.6677 29.6733
    endloop
  endfacet
  facet normal 0 -0.0438131 -0.99904
    outer loop
      vertex -6 -30.25 29.75
      vertex -1 -30.0539 29.7414
      vertex -1 -30.25 29.75
    endloop
  endfacet
  facet normal -0 -0.0438131 -0.99904
    outer loop
      vertex -1 -30.0539 29.7414
      vertex -6 -30.25 29.75
      vertex -6 -30.0539 29.7414
    endloop
  endfacet
  facet normal 0 -0.0438131 -0.99904
    outer loop
      vertex 1 -30.25 29.75
      vertex 6 -30.0539 29.7414
      vertex 6 -30.25 29.75
    endloop
  endfacet
  facet normal -0 -0.0438131 -0.99904
    outer loop
      vertex 6 -30.0539 29.7414
      vertex 1 -30.25 29.75
      vertex 1 -30.0539 29.7414
    endloop
  endfacet
  facet normal 0 0.300595 -0.953752
    outer loop
      vertex -6 -31.0195 29.6143
      vertex -1 -30.8323 29.6733
      vertex -1 -31.0195 29.6143
    endloop
  endfacet
  facet normal 0 0.300595 -0.953752
    outer loop
      vertex -1 -30.8323 29.6733
      vertex -6 -31.0195 29.6143
      vertex -6 -30.8323 29.6733
    endloop
  endfacet
  facet normal 0 0.300595 -0.953752
    outer loop
      vertex 1 -31.0195 29.6143
      vertex 6 -30.8323 29.6733
      vertex 6 -31.0195 29.6143
    endloop
  endfacet
  facet normal 0 0.300595 -0.953752
    outer loop
      vertex 6 -30.8323 29.6733
      vertex 1 -31.0195 29.6143
      vertex 1 -30.8323 29.6733
    endloop
  endfacet
  facet normal 0 -0.130428 0.991458
    outer loop
      vertex -6 -29.8593 25.2842
      vertex -1 -30.0539 25.2586
      vertex -1 -29.8593 25.2842
    endloop
  endfacet
  facet normal 0 -0.130428 0.991458
    outer loop
      vertex -1 -30.0539 25.2586
      vertex -6 -29.8593 25.2842
      vertex -6 -30.0539 25.2586
    endloop
  endfacet
  facet normal 0 -0.130428 0.991458
    outer loop
      vertex 1 -29.8593 25.2842
      vertex 6 -30.0539 25.2586
      vertex 6 -29.8593 25.2842
    endloop
  endfacet
  facet normal 0 -0.130428 0.991458
    outer loop
      vertex 6 -30.0539 25.2586
      vertex 1 -29.8593 25.2842
      vertex 1 -30.0539 25.2586
    endloop
  endfacet
  facet normal -0 0.382517 0.923949
    outer loop
      vertex -6 -31.0195 25.3857
      vertex -1 -31.2009 25.4608
      vertex -1 -31.0195 25.3857
    endloop
  endfacet
  facet normal 0 0.382517 0.923949
    outer loop
      vertex -1 -31.2009 25.4608
      vertex -6 -31.0195 25.3857
      vertex -6 -31.2009 25.4608
    endloop
  endfacet
  facet normal -0 0.382517 0.923949
    outer loop
      vertex 1 -31.0195 25.3857
      vertex 6 -31.2009 25.4608
      vertex 6 -31.0195 25.3857
    endloop
  endfacet
  facet normal 0 0.382517 0.923949
    outer loop
      vertex 6 -31.2009 25.4608
      vertex 1 -31.0195 25.3857
      vertex 1 -31.2009 25.4608
    endloop
  endfacet
  facet normal 0 -0.991458 0.130428
    outer loop
      vertex -6 -28.0342 27.1093
      vertex -1 -28.0086 27.3039
      vertex -6 -28.0086 27.3039
    endloop
  endfacet
  facet normal 0 -0.991458 0.130428
    outer loop
      vertex -1 -28.0086 27.3039
      vertex -6 -28.0342 27.1093
      vertex -1 -28.0342 27.1093
    endloop
  endfacet
  facet normal 0 -0.991458 0.130428
    outer loop
      vertex 1 -28.0342 27.1093
      vertex 6 -28.0086 27.3039
      vertex 1 -28.0086 27.3039
    endloop
  endfacet
  facet normal 0 -0.991458 0.130428
    outer loop
      vertex 6 -28.0086 27.3039
      vertex 1 -28.0342 27.1093
      vertex 6 -28.0342 27.1093
    endloop
  endfacet
  facet normal 0 0.991458 0.130428
    outer loop
      vertex -1 -32.4658 27.1093
      vertex -6 -32.4914 27.3039
      vertex -1 -32.4914 27.3039
    endloop
  endfacet
  facet normal 0 0.991458 0.130428
    outer loop
      vertex -6 -32.4914 27.3039
      vertex -1 -32.4658 27.1093
      vertex -6 -32.4658 27.1093
    endloop
  endfacet
  facet normal 0 0.991458 0.130428
    outer loop
      vertex 6 -32.4658 27.1093
      vertex 1 -32.4914 27.3039
      vertex 6 -32.4914 27.3039
    endloop
  endfacet
  facet normal 0 0.991458 0.130428
    outer loop
      vertex 1 -32.4914 27.3039
      vertex 6 -32.4658 27.1093
      vertex 1 -32.4658 27.1093
    endloop
  endfacet
  facet normal 0 0.216553 -0.976271
    outer loop
      vertex -6 -30.8323 29.6733
      vertex -1 -30.6407 29.7158
      vertex -1 -30.8323 29.6733
    endloop
  endfacet
  facet normal 0 0.216553 -0.976271
    outer loop
      vertex -1 -30.6407 29.7158
      vertex -6 -30.8323 29.6733
      vertex -6 -30.6407 29.7158
    endloop
  endfacet
  facet normal 0 0.216553 -0.976271
    outer loop
      vertex 1 -30.8323 29.6733
      vertex 6 -30.6407 29.7158
      vertex 6 -30.8323 29.6733
    endloop
  endfacet
  facet normal 0 0.216553 -0.976271
    outer loop
      vertex 6 -30.6407 29.7158
      vertex 1 -30.8323 29.6733
      vertex 1 -30.6407 29.7158
    endloop
  endfacet
  facet normal -0 0.675609 0.73726
    outer loop
      vertex -6 -31.6963 25.7764
      vertex -1 -31.841 25.909
      vertex -1 -31.6963 25.7764
    endloop
  endfacet
  facet normal 0 0.675609 0.73726
    outer loop
      vertex -1 -31.841 25.909
      vertex -6 -31.6963 25.7764
      vertex -6 -31.841 25.909
    endloop
  endfacet
  facet normal -0 0.675609 0.73726
    outer loop
      vertex 1 -31.6963 25.7764
      vertex 6 -31.841 25.909
      vertex 6 -31.6963 25.7764
    endloop
  endfacet
  facet normal 0 0.675609 0.73726
    outer loop
      vertex 6 -31.841 25.909
      vertex 1 -31.6963 25.7764
      vertex 1 -31.841 25.909
    endloop
  endfacet
  facet normal 0 0.843242 -0.537535
    outer loop
      vertex -1 -32.1986 28.625
      vertex -6 -32.0931 28.7905
      vertex -1 -32.0931 28.7905
    endloop
  endfacet
  facet normal 0 0.843242 -0.537535
    outer loop
      vertex -6 -32.0931 28.7905
      vertex -1 -32.1986 28.625
      vertex -6 -32.1986 28.625
    endloop
  endfacet
  facet normal 0 0.843242 -0.537535
    outer loop
      vertex 6 -32.1986 28.625
      vertex 1 -32.0931 28.7905
      vertex 6 -32.0931 28.7905
    endloop
  endfacet
  facet normal 0 0.843242 -0.537535
    outer loop
      vertex 1 -32.0931 28.7905
      vertex 6 -32.1986 28.625
      vertex 1 -32.1986 28.625
    endloop
  endfacet
  facet normal 0 0.887075 0.461625
    outer loop
      vertex -1 -32.1986 26.375
      vertex -6 -32.2892 26.5491
      vertex -1 -32.2892 26.5491
    endloop
  endfacet
  facet normal 0 0.887075 0.461625
    outer loop
      vertex -6 -32.2892 26.5491
      vertex -1 -32.1986 26.375
      vertex -6 -32.1986 26.375
    endloop
  endfacet
  facet normal 0 0.887075 0.461625
    outer loop
      vertex 6 -32.1986 26.375
      vertex 1 -32.2892 26.5491
      vertex 6 -32.2892 26.5491
    endloop
  endfacet
  facet normal 0 0.887075 0.461625
    outer loop
      vertex 1 -32.2892 26.5491
      vertex 6 -32.1986 26.375
      vertex 1 -32.1986 26.375
    endloop
  endfacet
  facet normal 0 -0.382517 -0.923949
    outer loop
      vertex -6 -29.4805 29.6143
      vertex -1 -29.2991 29.5392
      vertex -1 -29.4805 29.6143
    endloop
  endfacet
  facet normal -0 -0.382517 -0.923949
    outer loop
      vertex -1 -29.2991 29.5392
      vertex -6 -29.4805 29.6143
      vertex -6 -29.2991 29.5392
    endloop
  endfacet
  facet normal 0 -0.382517 -0.923949
    outer loop
      vertex 1 -29.4805 29.6143
      vertex 6 -29.2991 29.5392
      vertex 6 -29.4805 29.6143
    endloop
  endfacet
  facet normal -0 -0.382517 -0.923949
    outer loop
      vertex 6 -29.2991 29.5392
      vertex 1 -29.4805 29.6143
      vertex 1 -29.2991 29.5392
    endloop
  endfacet
  facet normal 0 -0.953752 -0.300595
    outer loop
      vertex -6 -28.0767 28.0823
      vertex -1 -28.1357 28.2695
      vertex -6 -28.1357 28.2695
    endloop
  endfacet
  facet normal 0 -0.953752 -0.300595
    outer loop
      vertex -1 -28.1357 28.2695
      vertex -6 -28.0767 28.0823
      vertex -1 -28.0767 28.0823
    endloop
  endfacet
  facet normal 0 -0.953752 -0.300595
    outer loop
      vertex 1 -28.0767 28.0823
      vertex 6 -28.1357 28.2695
      vertex 1 -28.1357 28.2695
    endloop
  endfacet
  facet normal 0 -0.953752 -0.300595
    outer loop
      vertex 6 -28.1357 28.2695
      vertex 1 -28.0767 28.0823
      vertex 6 -28.0767 28.0823
    endloop
  endfacet
  facet normal 0 0.675609 -0.73726
    outer loop
      vertex -6 -31.841 29.091
      vertex -1 -31.6963 29.2236
      vertex -1 -31.841 29.091
    endloop
  endfacet
  facet normal 0 0.675609 -0.73726
    outer loop
      vertex -1 -31.6963 29.2236
      vertex -6 -31.841 29.091
      vertex -6 -31.6963 29.2236
    endloop
  endfacet
  facet normal 0 0.675609 -0.73726
    outer loop
      vertex 1 -31.841 29.091
      vertex 6 -31.6963 29.2236
      vertex 6 -31.841 29.091
    endloop
  endfacet
  facet normal 0 0.675609 -0.73726
    outer loop
      vertex 6 -31.6963 29.2236
      vertex 1 -31.841 29.091
      vertex 1 -31.6963 29.2236
    endloop
  endfacet
  facet normal 0 0.608603 -0.793475
    outer loop
      vertex -6 -31.6963 29.2236
      vertex -1 -31.5405 29.3431
      vertex -1 -31.6963 29.2236
    endloop
  endfacet
  facet normal 0 0.608603 -0.793475
    outer loop
      vertex -1 -31.5405 29.3431
      vertex -6 -31.6963 29.2236
      vertex -6 -31.5405 29.3431
    endloop
  endfacet
  facet normal 0 0.608603 -0.793475
    outer loop
      vertex 1 -31.6963 29.2236
      vertex 6 -31.5405 29.3431
      vertex 6 -31.6963 29.2236
    endloop
  endfacet
  facet normal 0 0.608603 -0.793475
    outer loop
      vertex 6 -31.5405 29.3431
      vertex 1 -31.6963 29.2236
      vertex 1 -31.5405 29.3431
    endloop
  endfacet
  facet normal -0 0.537535 0.843242
    outer loop
      vertex -6 -31.375 25.5514
      vertex -1 -31.5405 25.6569
      vertex -1 -31.375 25.5514
    endloop
  endfacet
  facet normal 0 0.537535 0.843242
    outer loop
      vertex -1 -31.5405 25.6569
      vertex -6 -31.375 25.5514
      vertex -6 -31.5405 25.6569
    endloop
  endfacet
  facet normal -0 0.537535 0.843242
    outer loop
      vertex 1 -31.375 25.5514
      vertex 6 -31.5405 25.6569
      vertex 6 -31.375 25.5514
    endloop
  endfacet
  facet normal 0 0.537535 0.843242
    outer loop
      vertex 6 -31.5405 25.6569
      vertex 1 -31.375 25.5514
      vertex 1 -31.5405 25.6569
    endloop
  endfacet
  facet normal 0 0.887075 -0.461625
    outer loop
      vertex -1 -32.2892 28.4509
      vertex -6 -32.1986 28.625
      vertex -1 -32.1986 28.625
    endloop
  endfacet
  facet normal 0 0.887075 -0.461625
    outer loop
      vertex -6 -32.1986 28.625
      vertex -1 -32.2892 28.4509
      vertex -6 -32.2892 28.4509
    endloop
  endfacet
  facet normal 0 0.887075 -0.461625
    outer loop
      vertex 6 -32.2892 28.4509
      vertex 1 -32.1986 28.625
      vertex 6 -32.1986 28.625
    endloop
  endfacet
  facet normal 0 0.887075 -0.461625
    outer loop
      vertex 1 -32.1986 28.625
      vertex 6 -32.2892 28.4509
      vertex 1 -32.2892 28.4509
    endloop
  endfacet
  facet normal 0 -0.793475 0.608603
    outer loop
      vertex -6 -28.5264 26.0537
      vertex -1 -28.4069 26.2095
      vertex -6 -28.4069 26.2095
    endloop
  endfacet
  facet normal 0 -0.793475 0.608603
    outer loop
      vertex -1 -28.4069 26.2095
      vertex -6 -28.5264 26.0537
      vertex -1 -28.5264 26.0537
    endloop
  endfacet
  facet normal 0 -0.793475 0.608603
    outer loop
      vertex 1 -28.5264 26.0537
      vertex 6 -28.4069 26.2095
      vertex 1 -28.4069 26.2095
    endloop
  endfacet
  facet normal 0 -0.793475 0.608603
    outer loop
      vertex 6 -28.4069 26.2095
      vertex 1 -28.5264 26.0537
      vertex 6 -28.5264 26.0537
    endloop
  endfacet
  facet normal -0 0.130428 0.991458
    outer loop
      vertex -6 -30.4461 25.2586
      vertex -1 -30.6407 25.2842
      vertex -1 -30.4461 25.2586
    endloop
  endfacet
  facet normal 0 0.130428 0.991458
    outer loop
      vertex -1 -30.6407 25.2842
      vertex -6 -30.4461 25.2586
      vertex -6 -30.6407 25.2842
    endloop
  endfacet
  facet normal -0 0.130428 0.991458
    outer loop
      vertex 1 -30.4461 25.2586
      vertex 6 -30.6407 25.2842
      vertex 6 -30.4461 25.2586
    endloop
  endfacet
  facet normal 0 0.130428 0.991458
    outer loop
      vertex 6 -30.6407 25.2842
      vertex 1 -30.4461 25.2586
      vertex 1 -30.6407 25.2842
    endloop
  endfacet
  facet normal 0 0.976271 -0.216553
    outer loop
      vertex -1 -32.4658 27.8907
      vertex -6 -32.4233 28.0823
      vertex -1 -32.4233 28.0823
    endloop
  endfacet
  facet normal 0 0.976271 -0.216553
    outer loop
      vertex -6 -32.4233 28.0823
      vertex -1 -32.4658 27.8907
      vertex -6 -32.4658 27.8907
    endloop
  endfacet
  facet normal 0 0.976271 -0.216553
    outer loop
      vertex 6 -32.4658 27.8907
      vertex 1 -32.4233 28.0823
      vertex 6 -32.4233 28.0823
    endloop
  endfacet
  facet normal 0 0.976271 -0.216553
    outer loop
      vertex 1 -32.4233 28.0823
      vertex 6 -32.4658 27.8907
      vertex 1 -32.4658 27.8907
    endloop
  endfacet
  facet normal 0 -0.300595 0.953752
    outer loop
      vertex -6 -29.4805 25.3857
      vertex -1 -29.6677 25.3267
      vertex -1 -29.4805 25.3857
    endloop
  endfacet
  facet normal 0 -0.300595 0.953752
    outer loop
      vertex -1 -29.6677 25.3267
      vertex -6 -29.4805 25.3857
      vertex -6 -29.6677 25.3267
    endloop
  endfacet
  facet normal 0 -0.300595 0.953752
    outer loop
      vertex 1 -29.4805 25.3857
      vertex 6 -29.6677 25.3267
      vertex 6 -29.4805 25.3857
    endloop
  endfacet
  facet normal 0 -0.300595 0.953752
    outer loop
      vertex 6 -29.6677 25.3267
      vertex 1 -29.4805 25.3857
      vertex 1 -29.6677 25.3267
    endloop
  endfacet
  facet normal 0 -0.461625 0.887075
    outer loop
      vertex -6 -29.125 25.5514
      vertex -1 -29.2991 25.4608
      vertex -1 -29.125 25.5514
    endloop
  endfacet
  facet normal 0 -0.461625 0.887075
    outer loop
      vertex -1 -29.2991 25.4608
      vertex -6 -29.125 25.5514
      vertex -6 -29.2991 25.4608
    endloop
  endfacet
  facet normal 0 -0.461625 0.887075
    outer loop
      vertex 1 -29.125 25.5514
      vertex 6 -29.2991 25.4608
      vertex 6 -29.125 25.5514
    endloop
  endfacet
  facet normal 0 -0.461625 0.887075
    outer loop
      vertex 6 -29.2991 25.4608
      vertex 1 -29.125 25.5514
      vertex 1 -29.2991 25.4608
    endloop
  endfacet
  facet normal -0 0.0438131 0.99904
    outer loop
      vertex -6 -30.25 25.25
      vertex -1 -30.4461 25.2586
      vertex -1 -30.25 25.25
    endloop
  endfacet
  facet normal 0 0.0438131 0.99904
    outer loop
      vertex -1 -30.4461 25.2586
      vertex -6 -30.25 25.25
      vertex -6 -30.4461 25.2586
    endloop
  endfacet
  facet normal -0 0.0438131 0.99904
    outer loop
      vertex 1 -30.25 25.25
      vertex 6 -30.4461 25.2586
      vertex 6 -30.25 25.25
    endloop
  endfacet
  facet normal 0 0.0438131 0.99904
    outer loop
      vertex 6 -30.4461 25.2586
      vertex 1 -30.25 25.25
      vertex 1 -30.4461 25.2586
    endloop
  endfacet
  facet normal 0 -0.953752 0.300595
    outer loop
      vertex -6 -28.1357 26.7305
      vertex -1 -28.0767 26.9177
      vertex -6 -28.0767 26.9177
    endloop
  endfacet
  facet normal 0 -0.953752 0.300595
    outer loop
      vertex -1 -28.0767 26.9177
      vertex -6 -28.1357 26.7305
      vertex -1 -28.1357 26.7305
    endloop
  endfacet
  facet normal 0 -0.953752 0.300595
    outer loop
      vertex 1 -28.1357 26.7305
      vertex 6 -28.0767 26.9177
      vertex 1 -28.0767 26.9177
    endloop
  endfacet
  facet normal 0 -0.953752 0.300595
    outer loop
      vertex 6 -28.0767 26.9177
      vertex 1 -28.1357 26.7305
      vertex 6 -28.1357 26.7305
    endloop
  endfacet
  facet normal 0 -0.73726 -0.675609
    outer loop
      vertex -6 -28.5264 28.9463
      vertex -1 -28.659 29.091
      vertex -6 -28.659 29.091
    endloop
  endfacet
  facet normal 0 -0.73726 -0.675609
    outer loop
      vertex -1 -28.659 29.091
      vertex -6 -28.5264 28.9463
      vertex -1 -28.5264 28.9463
    endloop
  endfacet
  facet normal 0 -0.73726 -0.675609
    outer loop
      vertex 1 -28.5264 28.9463
      vertex 6 -28.659 29.091
      vertex 1 -28.659 29.091
    endloop
  endfacet
  facet normal 0 -0.73726 -0.675609
    outer loop
      vertex 6 -28.659 29.091
      vertex 1 -28.5264 28.9463
      vertex 6 -28.5264 28.9463
    endloop
  endfacet
  facet normal 0 0.461625 -0.887075
    outer loop
      vertex -6 -31.375 29.4486
      vertex -1 -31.2009 29.5392
      vertex -1 -31.375 29.4486
    endloop
  endfacet
  facet normal 0 0.461625 -0.887075
    outer loop
      vertex -1 -31.2009 29.5392
      vertex -6 -31.375 29.4486
      vertex -6 -31.2009 29.5392
    endloop
  endfacet
  facet normal 0 0.461625 -0.887075
    outer loop
      vertex 1 -31.375 29.4486
      vertex 6 -31.2009 29.5392
      vertex 6 -31.375 29.4486
    endloop
  endfacet
  facet normal 0 0.461625 -0.887075
    outer loop
      vertex 6 -31.2009 29.5392
      vertex 1 -31.375 29.4486
      vertex 1 -31.2009 29.5392
    endloop
  endfacet
  facet normal 0 -0.923949 -0.382517
    outer loop
      vertex -6 -28.1357 28.2695
      vertex -1 -28.2108 28.4509
      vertex -6 -28.2108 28.4509
    endloop
  endfacet
  facet normal 0 -0.923949 -0.382517
    outer loop
      vertex -1 -28.2108 28.4509
      vertex -6 -28.1357 28.2695
      vertex -1 -28.1357 28.2695
    endloop
  endfacet
  facet normal 0 -0.923949 -0.382517
    outer loop
      vertex 1 -28.1357 28.2695
      vertex 6 -28.2108 28.4509
      vertex 1 -28.2108 28.4509
    endloop
  endfacet
  facet normal 0 -0.923949 -0.382517
    outer loop
      vertex 6 -28.2108 28.4509
      vertex 1 -28.1357 28.2695
      vertex 6 -28.1357 28.2695
    endloop
  endfacet
  facet normal 0 0.0438131 -0.99904
    outer loop
      vertex -6 -30.4461 29.7414
      vertex -1 -30.25 29.75
      vertex -1 -30.4461 29.7414
    endloop
  endfacet
  facet normal 0 0.0438131 -0.99904
    outer loop
      vertex -1 -30.25 29.75
      vertex -6 -30.4461 29.7414
      vertex -6 -30.25 29.75
    endloop
  endfacet
  facet normal 0 0.0438131 -0.99904
    outer loop
      vertex 1 -30.4461 29.7414
      vertex 6 -30.25 29.75
      vertex 6 -30.4461 29.7414
    endloop
  endfacet
  facet normal 0 0.0438131 -0.99904
    outer loop
      vertex 6 -30.25 29.75
      vertex 1 -30.4461 29.7414
      vertex 1 -30.25 29.75
    endloop
  endfacet
  facet normal 0 0.793475 0.608603
    outer loop
      vertex -1 -31.9736 26.0537
      vertex -6 -32.0931 26.2095
      vertex -1 -32.0931 26.2095
    endloop
  endfacet
  facet normal 0 0.793475 0.608603
    outer loop
      vertex -6 -32.0931 26.2095
      vertex -1 -31.9736 26.0537
      vertex -6 -31.9736 26.0537
    endloop
  endfacet
  facet normal 0 0.793475 0.608603
    outer loop
      vertex 6 -31.9736 26.0537
      vertex 1 -32.0931 26.2095
      vertex 6 -32.0931 26.2095
    endloop
  endfacet
  facet normal 0 0.793475 0.608603
    outer loop
      vertex 1 -32.0931 26.2095
      vertex 6 -31.9736 26.0537
      vertex 1 -31.9736 26.0537
    endloop
  endfacet
  facet normal 0 -0.991458 -0.130428
    outer loop
      vertex -6 -28.0086 27.6961
      vertex -1 -28.0342 27.8907
      vertex -6 -28.0342 27.8907
    endloop
  endfacet
  facet normal 0 -0.991458 -0.130428
    outer loop
      vertex -1 -28.0342 27.8907
      vertex -6 -28.0086 27.6961
      vertex -1 -28.0086 27.6961
    endloop
  endfacet
  facet normal 0 -0.991458 -0.130428
    outer loop
      vertex 1 -28.0086 27.6961
      vertex 6 -28.0342 27.8907
      vertex 1 -28.0342 27.8907
    endloop
  endfacet
  facet normal 0 -0.991458 -0.130428
    outer loop
      vertex 6 -28.0342 27.8907
      vertex 1 -28.0086 27.6961
      vertex 6 -28.0086 27.6961
    endloop
  endfacet
  facet normal -0 0.300595 0.953752
    outer loop
      vertex -6 -30.8323 25.3267
      vertex -1 -31.0195 25.3857
      vertex -1 -30.8323 25.3267
    endloop
  endfacet
  facet normal 0 0.300595 0.953752
    outer loop
      vertex -1 -31.0195 25.3857
      vertex -6 -30.8323 25.3267
      vertex -6 -31.0195 25.3857
    endloop
  endfacet
  facet normal -0 0.300595 0.953752
    outer loop
      vertex 1 -30.8323 25.3267
      vertex 6 -31.0195 25.3857
      vertex 6 -30.8323 25.3267
    endloop
  endfacet
  facet normal 0 0.300595 0.953752
    outer loop
      vertex 6 -31.0195 25.3857
      vertex 1 -30.8323 25.3267
      vertex 1 -31.0195 25.3857
    endloop
  endfacet
  facet normal 0 0.953752 0.300595
    outer loop
      vertex -1 -32.3643 26.7305
      vertex -6 -32.4233 26.9177
      vertex -1 -32.4233 26.9177
    endloop
  endfacet
  facet normal 0 0.953752 0.300595
    outer loop
      vertex -6 -32.4233 26.9177
      vertex -1 -32.3643 26.7305
      vertex -6 -32.3643 26.7305
    endloop
  endfacet
  facet normal 0 0.953752 0.300595
    outer loop
      vertex 6 -32.3643 26.7305
      vertex 1 -32.4233 26.9177
      vertex 6 -32.4233 26.9177
    endloop
  endfacet
  facet normal 0 0.953752 0.300595
    outer loop
      vertex 1 -32.4233 26.9177
      vertex 6 -32.3643 26.7305
      vertex 1 -32.3643 26.7305
    endloop
  endfacet
  facet normal 0 0.976271 0.216553
    outer loop
      vertex -1 -32.4233 26.9177
      vertex -6 -32.4658 27.1093
      vertex -1 -32.4658 27.1093
    endloop
  endfacet
  facet normal 0 0.976271 0.216553
    outer loop
      vertex -6 -32.4658 27.1093
      vertex -1 -32.4233 26.9177
      vertex -6 -32.4233 26.9177
    endloop
  endfacet
  facet normal 0 0.976271 0.216553
    outer loop
      vertex 6 -32.4233 26.9177
      vertex 1 -32.4658 27.1093
      vertex 6 -32.4658 27.1093
    endloop
  endfacet
  facet normal 0 0.976271 0.216553
    outer loop
      vertex 1 -32.4658 27.1093
      vertex 6 -32.4233 26.9177
      vertex 1 -32.4233 26.9177
    endloop
  endfacet
  facet normal -0 0.608603 0.793475
    outer loop
      vertex -6 -31.5405 25.6569
      vertex -1 -31.6963 25.7764
      vertex -1 -31.5405 25.6569
    endloop
  endfacet
  facet normal 0 0.608603 0.793475
    outer loop
      vertex -1 -31.6963 25.7764
      vertex -6 -31.5405 25.6569
      vertex -6 -31.6963 25.7764
    endloop
  endfacet
  facet normal -0 0.608603 0.793475
    outer loop
      vertex 1 -31.5405 25.6569
      vertex 6 -31.6963 25.7764
      vertex 6 -31.5405 25.6569
    endloop
  endfacet
  facet normal 0 0.608603 0.793475
    outer loop
      vertex 6 -31.6963 25.7764
      vertex 1 -31.5405 25.6569
      vertex 1 -31.6963 25.7764
    endloop
  endfacet
  facet normal 0 0.130428 -0.991458
    outer loop
      vertex -6 -30.6407 29.7158
      vertex -1 -30.4461 29.7414
      vertex -1 -30.6407 29.7158
    endloop
  endfacet
  facet normal 0 0.130428 -0.991458
    outer loop
      vertex -1 -30.4461 29.7414
      vertex -6 -30.6407 29.7158
      vertex -6 -30.4461 29.7414
    endloop
  endfacet
  facet normal 0 0.130428 -0.991458
    outer loop
      vertex 1 -30.6407 29.7158
      vertex 6 -30.4461 29.7414
      vertex 6 -30.6407 29.7158
    endloop
  endfacet
  facet normal 0 0.130428 -0.991458
    outer loop
      vertex 6 -30.4461 29.7414
      vertex 1 -30.6407 29.7158
      vertex 1 -30.4461 29.7414
    endloop
  endfacet
  facet normal 0 -0.608603 0.793475
    outer loop
      vertex -6 -28.8037 25.7764
      vertex -1 -28.9595 25.6569
      vertex -1 -28.8037 25.7764
    endloop
  endfacet
  facet normal 0 -0.608603 0.793475
    outer loop
      vertex -1 -28.9595 25.6569
      vertex -6 -28.8037 25.7764
      vertex -6 -28.9595 25.6569
    endloop
  endfacet
  facet normal 0 -0.608603 0.793475
    outer loop
      vertex 1 -28.8037 25.7764
      vertex 6 -28.9595 25.6569
      vertex 6 -28.8037 25.7764
    endloop
  endfacet
  facet normal 0 -0.608603 0.793475
    outer loop
      vertex 6 -28.9595 25.6569
      vertex 1 -28.8037 25.7764
      vertex 1 -28.9595 25.6569
    endloop
  endfacet
  facet normal 0 -0.675609 -0.73726
    outer loop
      vertex -6 -28.8037 29.2236
      vertex -1 -28.659 29.091
      vertex -1 -28.8037 29.2236
    endloop
  endfacet
  facet normal -0 -0.675609 -0.73726
    outer loop
      vertex -1 -28.659 29.091
      vertex -6 -28.8037 29.2236
      vertex -6 -28.659 29.091
    endloop
  endfacet
  facet normal 0 -0.675609 -0.73726
    outer loop
      vertex 1 -28.8037 29.2236
      vertex 6 -28.659 29.091
      vertex 6 -28.8037 29.2236
    endloop
  endfacet
  facet normal -0 -0.675609 -0.73726
    outer loop
      vertex 6 -28.659 29.091
      vertex 1 -28.8037 29.2236
      vertex 1 -28.659 29.091
    endloop
  endfacet
  facet normal 0 -0.675609 0.73726
    outer loop
      vertex -6 -28.659 25.909
      vertex -1 -28.8037 25.7764
      vertex -1 -28.659 25.909
    endloop
  endfacet
  facet normal 0 -0.675609 0.73726
    outer loop
      vertex -1 -28.8037 25.7764
      vertex -6 -28.659 25.909
      vertex -6 -28.8037 25.7764
    endloop
  endfacet
  facet normal 0 -0.675609 0.73726
    outer loop
      vertex 1 -28.659 25.909
      vertex 6 -28.8037 25.7764
      vertex 6 -28.659 25.909
    endloop
  endfacet
  facet normal 0 -0.675609 0.73726
    outer loop
      vertex 6 -28.8037 25.7764
      vertex 1 -28.659 25.909
      vertex 1 -28.8037 25.7764
    endloop
  endfacet
  facet normal 0 -0.300595 -0.953752
    outer loop
      vertex -6 -29.6677 29.6733
      vertex -1 -29.4805 29.6143
      vertex -1 -29.6677 29.6733
    endloop
  endfacet
  facet normal -0 -0.300595 -0.953752
    outer loop
      vertex -1 -29.4805 29.6143
      vertex -6 -29.6677 29.6733
      vertex -6 -29.4805 29.6143
    endloop
  endfacet
  facet normal 0 -0.300595 -0.953752
    outer loop
      vertex 1 -29.6677 29.6733
      vertex 6 -29.4805 29.6143
      vertex 6 -29.6677 29.6733
    endloop
  endfacet
  facet normal -0 -0.300595 -0.953752
    outer loop
      vertex 6 -29.4805 29.6143
      vertex 1 -29.6677 29.6733
      vertex 1 -29.4805 29.6143
    endloop
  endfacet
  facet normal 0 -0.843242 -0.537535
    outer loop
      vertex -6 -28.3014 28.625
      vertex -1 -28.4069 28.7905
      vertex -6 -28.4069 28.7905
    endloop
  endfacet
  facet normal 0 -0.843242 -0.537535
    outer loop
      vertex -1 -28.4069 28.7905
      vertex -6 -28.3014 28.625
      vertex -1 -28.3014 28.625
    endloop
  endfacet
  facet normal 0 -0.843242 -0.537535
    outer loop
      vertex 1 -28.3014 28.625
      vertex 6 -28.4069 28.7905
      vertex 1 -28.4069 28.7905
    endloop
  endfacet
  facet normal 0 -0.843242 -0.537535
    outer loop
      vertex 6 -28.4069 28.7905
      vertex 1 -28.3014 28.625
      vertex 6 -28.3014 28.625
    endloop
  endfacet
  facet normal 0 0.843242 0.537535
    outer loop
      vertex -1 -32.0931 26.2095
      vertex -6 -32.1986 26.375
      vertex -1 -32.1986 26.375
    endloop
  endfacet
  facet normal 0 0.843242 0.537535
    outer loop
      vertex -6 -32.1986 26.375
      vertex -1 -32.0931 26.2095
      vertex -6 -32.0931 26.2095
    endloop
  endfacet
  facet normal 0 0.843242 0.537535
    outer loop
      vertex 6 -32.0931 26.2095
      vertex 1 -32.1986 26.375
      vertex 6 -32.1986 26.375
    endloop
  endfacet
  facet normal 0 0.843242 0.537535
    outer loop
      vertex 1 -32.1986 26.375
      vertex 6 -32.0931 26.2095
      vertex 1 -32.0931 26.2095
    endloop
  endfacet
  facet normal 0 0.953752 -0.300595
    outer loop
      vertex -1 -32.4233 28.0823
      vertex -6 -32.3643 28.2695
      vertex -1 -32.3643 28.2695
    endloop
  endfacet
  facet normal 0 0.953752 -0.300595
    outer loop
      vertex -6 -32.3643 28.2695
      vertex -1 -32.4233 28.0823
      vertex -6 -32.4233 28.0823
    endloop
  endfacet
  facet normal 0 0.953752 -0.300595
    outer loop
      vertex 6 -32.4233 28.0823
      vertex 1 -32.3643 28.2695
      vertex 6 -32.3643 28.2695
    endloop
  endfacet
  facet normal 0 0.953752 -0.300595
    outer loop
      vertex 1 -32.3643 28.2695
      vertex 6 -32.4233 28.0823
      vertex 1 -32.4233 28.0823
    endloop
  endfacet
  facet normal 0 0.991458 -0.130428
    outer loop
      vertex -1 -32.4914 27.6961
      vertex -6 -32.4658 27.8907
      vertex -1 -32.4658 27.8907
    endloop
  endfacet
  facet normal 0 0.991458 -0.130428
    outer loop
      vertex -6 -32.4658 27.8907
      vertex -1 -32.4914 27.6961
      vertex -6 -32.4914 27.6961
    endloop
  endfacet
  facet normal 0 0.991458 -0.130428
    outer loop
      vertex 6 -32.4914 27.6961
      vertex 1 -32.4658 27.8907
      vertex 6 -32.4658 27.8907
    endloop
  endfacet
  facet normal 0 0.991458 -0.130428
    outer loop
      vertex 1 -32.4658 27.8907
      vertex 6 -32.4914 27.6961
      vertex 1 -32.4914 27.6961
    endloop
  endfacet
  facet normal 0 0.73726 0.675609
    outer loop
      vertex -1 -31.841 25.909
      vertex -6 -31.9736 26.0537
      vertex -1 -31.9736 26.0537
    endloop
  endfacet
  facet normal 0 0.73726 0.675609
    outer loop
      vertex -6 -31.9736 26.0537
      vertex -1 -31.841 25.909
      vertex -6 -31.841 25.909
    endloop
  endfacet
  facet normal 0 0.73726 0.675609
    outer loop
      vertex 6 -31.841 25.909
      vertex 1 -31.9736 26.0537
      vertex 6 -31.9736 26.0537
    endloop
  endfacet
  facet normal 0 0.73726 0.675609
    outer loop
      vertex 1 -31.9736 26.0537
      vertex 6 -31.841 25.909
      vertex 1 -31.841 25.909
    endloop
  endfacet
  facet normal 0 -0.461625 -0.887075
    outer loop
      vertex -6 -29.2991 29.5392
      vertex -1 -29.125 29.4486
      vertex -1 -29.2991 29.5392
    endloop
  endfacet
  facet normal -0 -0.461625 -0.887075
    outer loop
      vertex -1 -29.125 29.4486
      vertex -6 -29.2991 29.5392
      vertex -6 -29.125 29.4486
    endloop
  endfacet
  facet normal 0 -0.461625 -0.887075
    outer loop
      vertex 1 -29.2991 29.5392
      vertex 6 -29.125 29.4486
      vertex 6 -29.2991 29.5392
    endloop
  endfacet
  facet normal -0 -0.461625 -0.887075
    outer loop
      vertex 6 -29.125 29.4486
      vertex 1 -29.2991 29.5392
      vertex 1 -29.125 29.4486
    endloop
  endfacet
  facet normal 0 0.793475 -0.608603
    outer loop
      vertex -1 -32.0931 28.7905
      vertex -6 -31.9736 28.9463
      vertex -1 -31.9736 28.9463
    endloop
  endfacet
  facet normal 0 0.793475 -0.608603
    outer loop
      vertex -6 -31.9736 28.9463
      vertex -1 -32.0931 28.7905
      vertex -6 -32.0931 28.7905
    endloop
  endfacet
  facet normal 0 0.793475 -0.608603
    outer loop
      vertex 6 -32.0931 28.7905
      vertex 1 -31.9736 28.9463
      vertex 6 -31.9736 28.9463
    endloop
  endfacet
  facet normal 0 0.793475 -0.608603
    outer loop
      vertex 1 -31.9736 28.9463
      vertex 6 -32.0931 28.7905
      vertex 1 -32.0931 28.7905
    endloop
  endfacet
  facet normal 0 -0.537535 -0.843242
    outer loop
      vertex -6 -29.125 29.4486
      vertex -1 -28.9595 29.3431
      vertex -1 -29.125 29.4486
    endloop
  endfacet
  facet normal -0 -0.537535 -0.843242
    outer loop
      vertex -1 -28.9595 29.3431
      vertex -6 -29.125 29.4486
      vertex -6 -28.9595 29.3431
    endloop
  endfacet
  facet normal 0 -0.537535 -0.843242
    outer loop
      vertex 1 -29.125 29.4486
      vertex 6 -28.9595 29.3431
      vertex 6 -29.125 29.4486
    endloop
  endfacet
  facet normal -0 -0.537535 -0.843242
    outer loop
      vertex 6 -28.9595 29.3431
      vertex 1 -29.125 29.4486
      vertex 1 -28.9595 29.3431
    endloop
  endfacet
  facet normal 0.216421 -0.9763 0
    outer loop
      vertex 51.7365 -59.8481 0
      vertex 52.5882 -59.6593 6
      vertex 51.7365 -59.8481 6
    endloop
  endfacet
  facet normal 0.216421 -0.9763 0
    outer loop
      vertex 52.5882 -59.6593 6
      vertex 51.7365 -59.8481 0
      vertex 52.5882 -59.6593 0
    endloop
  endfacet
  facet normal 0 -1 0
    outer loop
      vertex -50 -60 0
      vertex 50 -60 6
      vertex -50 -60 6
    endloop
  endfacet
  facet normal 0 -1 -0
    outer loop
      vertex 50 -60 6
      vertex -50 -60 0
      vertex 50 -60 0
    endloop
  endfacet
  facet normal 0.130452 -0.991455 0
    outer loop
      vertex 50.8716 -59.9619 0
      vertex 51.7365 -59.8481 6
      vertex 50.8716 -59.9619 6
    endloop
  endfacet
  facet normal 0.130452 -0.991455 0
    outer loop
      vertex 51.7365 -59.8481 6
      vertex 50.8716 -59.9619 0
      vertex 51.7365 -59.8481 0
    endloop
  endfacet
  facet normal -0.843421 -0.537254 0
    outer loop
      vertex -58.1915 -55.7358 0
      vertex -58.6602 -55 6
      vertex -58.6602 -55 0
    endloop
  endfacet
  facet normal -0.843421 -0.537254 0
    outer loop
      vertex -58.6602 -55 6
      vertex -58.1915 -55.7358 0
      vertex -58.1915 -55.7358 6
    endloop
  endfacet
  facet normal 0.953693 -0.30078 0
    outer loop
      vertex 59.3969 -53.4202 6
      vertex 59.6593 -52.5882 0
      vertex 59.6593 -52.5882 6
    endloop
  endfacet
  facet normal 0.953693 -0.30078 0
    outer loop
      vertex 59.6593 -52.5882 0
      vertex 59.3969 -53.4202 6
      vertex 59.3969 -53.4202 0
    endloop
  endfacet
  facet normal 0.043671 -0.999046 0
    outer loop
      vertex 50 -60 0
      vertex 50.8716 -59.9619 6
      vertex 50 -60 6
    endloop
  endfacet
  facet normal 0.043671 -0.999046 0
    outer loop
      vertex 50.8716 -59.9619 6
      vertex 50 -60 0
      vertex 50.8716 -59.9619 0
    endloop
  endfacet
  facet normal -0.216421 0.9763 0
    outer loop
      vertex -51.7365 59.8481 0
      vertex -52.5882 59.6593 6
      vertex -51.7365 59.8481 6
    endloop
  endfacet
  facet normal -0.216421 0.9763 0
    outer loop
      vertex -52.5882 59.6593 6
      vertex -51.7365 59.8481 0
      vertex -52.5882 59.6593 0
    endloop
  endfacet
  facet normal -0.30078 -0.953693 0
    outer loop
      vertex -53.4202 -59.3969 0
      vertex -52.5882 -59.6593 6
      vertex -53.4202 -59.3969 6
    endloop
  endfacet
  facet normal -0.30078 -0.953693 -0
    outer loop
      vertex -52.5882 -59.6593 6
      vertex -53.4202 -59.3969 0
      vertex -52.5882 -59.6593 0
    endloop
  endfacet
  facet normal -0.843421 0.537254 0
    outer loop
      vertex -58.6602 55 0
      vertex -58.1915 55.7358 6
      vertex -58.1915 55.7358 0
    endloop
  endfacet
  facet normal -0.843421 0.537254 0
    outer loop
      vertex -58.1915 55.7358 6
      vertex -58.6602 55 0
      vertex -58.6602 55 6
    endloop
  endfacet
  facet normal 0.843421 -0.537254 0
    outer loop
      vertex 58.1915 -55.7358 6
      vertex 58.6602 -55 0
      vertex 58.6602 -55 6
    endloop
  endfacet
  facet normal 0.843421 -0.537254 0
    outer loop
      vertex 58.6602 -55 0
      vertex 58.1915 -55.7358 6
      vertex 58.1915 -55.7358 0
    endloop
  endfacet
  facet normal 0.675538 -0.737325 0
    outer loop
      vertex 56.4279 -57.6604 0
      vertex 57.0711 -57.0711 6
      vertex 56.4279 -57.6604 6
    endloop
  endfacet
  facet normal 0.675538 -0.737325 0
    outer loop
      vertex 57.0711 -57.0711 6
      vertex 56.4279 -57.6604 0
      vertex 57.0711 -57.0711 0
    endloop
  endfacet
  facet normal -0.382629 0.923902 0
    outer loop
      vertex -53.4202 59.3969 0
      vertex -54.2262 59.0631 6
      vertex -53.4202 59.3969 6
    endloop
  endfacet
  facet normal -0.382629 0.923902 0
    outer loop
      vertex -54.2262 59.0631 6
      vertex -53.4202 59.3969 0
      vertex -54.2262 59.0631 0
    endloop
  endfacet
  facet normal -0.675538 -0.737325 0
    outer loop
      vertex -57.0711 -57.0711 0
      vertex -56.4279 -57.6604 6
      vertex -57.0711 -57.0711 6
    endloop
  endfacet
  facet normal -0.675538 -0.737325 -0
    outer loop
      vertex -56.4279 -57.6604 6
      vertex -57.0711 -57.0711 0
      vertex -56.4279 -57.6604 0
    endloop
  endfacet
  facet normal 0.9763 -0.216421 0
    outer loop
      vertex 59.6593 -52.5882 6
      vertex 59.8481 -51.7365 0
      vertex 59.8481 -51.7365 6
    endloop
  endfacet
  facet normal 0.9763 -0.216421 0
    outer loop
      vertex 59.8481 -51.7365 0
      vertex 59.6593 -52.5882 6
      vertex 59.6593 -52.5882 0
    endloop
  endfacet
  facet normal -0.793335 0.608785 0
    outer loop
      vertex -58.1915 55.7358 0
      vertex -57.6604 56.4279 6
      vertex -57.6604 56.4279 0
    endloop
  endfacet
  facet normal -0.793335 0.608785 0
    outer loop
      vertex -57.6604 56.4279 6
      vertex -58.1915 55.7358 0
      vertex -58.1915 55.7358 6
    endloop
  endfacet
  facet normal -0.737325 0.675538 0
    outer loop
      vertex -57.6604 56.4279 0
      vertex -57.0711 57.0711 6
      vertex -57.0711 57.0711 0
    endloop
  endfacet
  facet normal -0.737325 0.675538 0
    outer loop
      vertex -57.0711 57.0711 6
      vertex -57.6604 56.4279 0
      vertex -57.6604 56.4279 6
    endloop
  endfacet
  facet normal 0.843421 0.537254 0
    outer loop
      vertex 58.6602 55 6
      vertex 58.1915 55.7358 0
      vertex 58.1915 55.7358 6
    endloop
  endfacet
  facet normal 0.843421 0.537254 0
    outer loop
      vertex 58.1915 55.7358 0
      vertex 58.6602 55 6
      vertex 58.6602 55 0
    endloop
  endfacet
  facet normal -0.30078 0.953693 0
    outer loop
      vertex -52.5882 59.6593 0
      vertex -53.4202 59.3969 6
      vertex -52.5882 59.6593 6
    endloop
  endfacet
  facet normal -0.30078 0.953693 0
    outer loop
      vertex -53.4202 59.3969 6
      vertex -52.5882 59.6593 0
      vertex -53.4202 59.3969 0
    endloop
  endfacet
  facet normal 1 -0 0
    outer loop
      vertex 60 -50 6
      vertex 60 50 0
      vertex 60 50 6
    endloop
  endfacet
  facet normal 1 0 0
    outer loop
      vertex 60 50 0
      vertex 60 -50 6
      vertex 60 -50 0
    endloop
  endfacet
  facet normal 0 1 -0
    outer loop
      vertex 50 60 0
      vertex -50 60 6
      vertex 50 60 6
    endloop
  endfacet
  facet normal 0 1 0
    outer loop
      vertex -50 60 6
      vertex 50 60 0
      vertex -50 60 0
    endloop
  endfacet
  facet normal 0.999046 -0.043671 0
    outer loop
      vertex 59.9619 -50.8716 6
      vertex 60 -50 0
      vertex 60 -50 6
    endloop
  endfacet
  facet normal 0.999046 -0.043671 0
    outer loop
      vertex 60 -50 0
      vertex 59.9619 -50.8716 6
      vertex 59.9619 -50.8716 0
    endloop
  endfacet
  facet normal -0.043671 0.999046 0
    outer loop
      vertex -50 60 0
      vertex -50.8716 59.9619 6
      vertex -50 60 6
    endloop
  endfacet
  facet normal -0.043671 0.999046 0
    outer loop
      vertex -50.8716 59.9619 6
      vertex -50 60 0
      vertex -50.8716 59.9619 0
    endloop
  endfacet
  facet normal -1 0 0
    outer loop
      vertex -60 -50 0
      vertex -60 50 6
      vertex -60 50 0
    endloop
  endfacet
  facet normal -1 -0 0
    outer loop
      vertex -60 50 6
      vertex -60 -50 0
      vertex -60 -50 6
    endloop
  endfacet
  facet normal -0.461825 0.886971 0
    outer loop
      vertex -54.2262 59.0631 0
      vertex -55 58.6602 6
      vertex -54.2262 59.0631 6
    endloop
  endfacet
  facet normal -0.461825 0.886971 0
    outer loop
      vertex -55 58.6602 6
      vertex -54.2262 59.0631 0
      vertex -55 58.6602 0
    endloop
  endfacet
  facet normal 0.886971 -0.461825 0
    outer loop
      vertex 58.6602 -55 6
      vertex 59.0631 -54.2262 0
      vertex 59.0631 -54.2262 6
    endloop
  endfacet
  facet normal 0.886971 -0.461825 0
    outer loop
      vertex 59.0631 -54.2262 0
      vertex 58.6602 -55 6
      vertex 58.6602 -55 0
    endloop
  endfacet
  facet normal -0.999046 0.043671 0
    outer loop
      vertex -60 50 0
      vertex -59.9619 50.8716 6
      vertex -59.9619 50.8716 0
    endloop
  endfacet
  facet normal -0.999046 0.043671 0
    outer loop
      vertex -59.9619 50.8716 6
      vertex -60 50 0
      vertex -60 50 6
    endloop
  endfacet
  facet normal 0.923902 0.382629 0
    outer loop
      vertex 59.3969 53.4202 6
      vertex 59.0631 54.2262 0
      vertex 59.0631 54.2262 6
    endloop
  endfacet
  facet normal 0.923902 0.382629 0
    outer loop
      vertex 59.0631 54.2262 0
      vertex 59.3969 53.4202 6
      vertex 59.3969 53.4202 0
    endloop
  endfacet
  facet normal -0.737325 -0.675538 0
    outer loop
      vertex -57.0711 -57.0711 0
      vertex -57.6604 -56.4279 6
      vertex -57.6604 -56.4279 0
    endloop
  endfacet
  facet normal -0.737325 -0.675538 0
    outer loop
      vertex -57.6604 -56.4279 6
      vertex -57.0711 -57.0711 0
      vertex -57.0711 -57.0711 6
    endloop
  endfacet
  facet normal -0.793335 -0.608785 0
    outer loop
      vertex -57.6604 -56.4279 0
      vertex -58.1915 -55.7358 6
      vertex -58.1915 -55.7358 0
    endloop
  endfacet
  facet normal -0.793335 -0.608785 0
    outer loop
      vertex -58.1915 -55.7358 6
      vertex -57.6604 -56.4279 0
      vertex -57.6604 -56.4279 6
    endloop
  endfacet
  facet normal -0.923902 -0.382629 0
    outer loop
      vertex -59.0631 -54.2262 0
      vertex -59.3969 -53.4202 6
      vertex -59.3969 -53.4202 0
    endloop
  endfacet
  facet normal -0.923902 -0.382629 0
    outer loop
      vertex -59.3969 -53.4202 6
      vertex -59.0631 -54.2262 0
      vertex -59.0631 -54.2262 6
    endloop
  endfacet
  facet normal 0.608785 -0.793335 0
    outer loop
      vertex 55.7358 -58.1915 0
      vertex 56.4279 -57.6604 6
      vertex 55.7358 -58.1915 6
    endloop
  endfacet
  facet normal 0.608785 -0.793335 0
    outer loop
      vertex 56.4279 -57.6604 6
      vertex 55.7358 -58.1915 0
      vertex 56.4279 -57.6604 0
    endloop
  endfacet
  facet normal 0.9763 0.216421 0
    outer loop
      vertex 59.8481 51.7365 6
      vertex 59.6593 52.5882 0
      vertex 59.6593 52.5882 6
    endloop
  endfacet
  facet normal 0.9763 0.216421 0
    outer loop
      vertex 59.6593 52.5882 0
      vertex 59.8481 51.7365 6
      vertex 59.8481 51.7365 0
    endloop
  endfacet
  facet normal -0.043671 -0.999046 0
    outer loop
      vertex -50.8716 -59.9619 0
      vertex -50 -60 6
      vertex -50.8716 -59.9619 6
    endloop
  endfacet
  facet normal -0.043671 -0.999046 -0
    outer loop
      vertex -50 -60 6
      vertex -50.8716 -59.9619 0
      vertex -50 -60 0
    endloop
  endfacet
  facet normal -0.886971 0.461825 0
    outer loop
      vertex -59.0631 54.2262 0
      vertex -58.6602 55 6
      vertex -58.6602 55 0
    endloop
  endfacet
  facet normal -0.886971 0.461825 0
    outer loop
      vertex -58.6602 55 6
      vertex -59.0631 54.2262 0
      vertex -59.0631 54.2262 6
    endloop
  endfacet
  facet normal -0.130452 0.991455 0
    outer loop
      vertex -50.8716 59.9619 0
      vertex -51.7365 59.8481 6
      vertex -50.8716 59.9619 6
    endloop
  endfacet
  facet normal -0.130452 0.991455 0
    outer loop
      vertex -51.7365 59.8481 6
      vertex -50.8716 59.9619 0
      vertex -51.7365 59.8481 0
    endloop
  endfacet
  facet normal 0.793335 -0.608785 0
    outer loop
      vertex 57.6604 -56.4279 6
      vertex 58.1915 -55.7358 0
      vertex 58.1915 -55.7358 6
    endloop
  endfacet
  facet normal 0.793335 -0.608785 0
    outer loop
      vertex 58.1915 -55.7358 0
      vertex 57.6604 -56.4279 6
      vertex 57.6604 -56.4279 0
    endloop
  endfacet
  facet normal 0.991455 -0.130452 0
    outer loop
      vertex 59.8481 -51.7365 6
      vertex 59.9619 -50.8716 0
      vertex 59.9619 -50.8716 6
    endloop
  endfacet
  facet normal 0.991455 -0.130452 0
    outer loop
      vertex 59.9619 -50.8716 0
      vertex 59.8481 -51.7365 6
      vertex 59.8481 -51.7365 0
    endloop
  endfacet
  facet normal 0.953693 0.30078 0
    outer loop
      vertex 59.6593 52.5882 6
      vertex 59.3969 53.4202 0
      vertex 59.3969 53.4202 6
    endloop
  endfacet
  facet normal 0.953693 0.30078 0
    outer loop
      vertex 59.3969 53.4202 0
      vertex 59.6593 52.5882 6
      vertex 59.6593 52.5882 0
    endloop
  endfacet
  facet normal -0.382629 -0.923902 0
    outer loop
      vertex -54.2262 -59.0631 0
      vertex -53.4202 -59.3969 6
      vertex -54.2262 -59.0631 6
    endloop
  endfacet
  facet normal -0.382629 -0.923902 -0
    outer loop
      vertex -53.4202 -59.3969 6
      vertex -54.2262 -59.0631 0
      vertex -53.4202 -59.3969 0
    endloop
  endfacet
  facet normal 0 0 1
    outer loop
      vertex -17.8544 17.8544 6
      vertex -46.393 46.0849 6
      vertex -19.3426 16.2304 6
    endloop
  endfacet
  facet normal 0 0 1
    outer loop
      vertex -25.25 0 6
      vertex -45.5095 -47.7821 6
      vertex -45.5 -48 6
    endloop
  endfacet
  facet normal -0 0 1
    outer loop
      vertex -46.5661 45.9521 6
      vertex -19.3426 16.2304 6
      vertex -46.393 46.0849 6
    endloop
  endfacet
  facet normal 0 0 1
    outer loop
      vertex -25.25 0 6
      vertex -45.538 -47.5659 6
      vertex -45.5095 -47.7821 6
    endloop
  endfacet
  facet normal -0 0 1
    outer loop
      vertex -46.75 45.8349 6
      vertex -19.3426 16.2304 6
      vertex -46.5661 45.9521 6
    endloop
  endfacet
  facet normal 0 0 1
    outer loop
      vertex -25.25 0 6
      vertex -45.5852 -47.353 6
      vertex -45.538 -47.5659 6
    endloop
  endfacet
  facet normal 0 0 1
    outer loop
      vertex -19.3426 16.2304 6
      vertex -46.75 45.8349 6
      vertex -20.6836 14.4828 6
    endloop
  endfacet
  facet normal 0 0 1
    outer loop
      vertex -25.25 0 6
      vertex -45.6508 -47.145 6
      vertex -45.5852 -47.353 6
    endloop
  endfacet
  facet normal -0 0 1
    outer loop
      vertex -46.9435 45.7342 6
      vertex -20.6836 14.4828 6
      vertex -46.75 45.8349 6
    endloop
  endfacet
  facet normal 0 0 1
    outer loop
      vertex -25.25 0 6
      vertex -45.7342 -46.9435 6
      vertex -45.6508 -47.145 6
    endloop
  endfacet
  facet normal -0 0 1
    outer loop
      vertex -47.145 45.6508 6
      vertex -20.6836 14.4828 6
      vertex -46.9435 45.7342 6
    endloop
  endfacet
  facet normal 0 0 1
    outer loop
      vertex -25.25 0 6
      vertex -45.8349 -46.75 6
      vertex -45.7342 -46.9435 6
    endloop
  endfacet
  facet normal 0 0 1
    outer loop
      vertex -20.6836 14.4828 6
      vertex -47.145 45.6508 6
      vertex -21.8671 12.625 6
    endloop
  endfacet
  facet normal 0 0 1
    outer loop
      vertex -25.25 0 6
      vertex -45.9521 -46.5661 6
      vertex -45.8349 -46.75 6
    endloop
  endfacet
  facet normal -0 0 1
    outer loop
      vertex -47.353 45.5852 6
      vertex -21.8671 12.625 6
      vertex -47.145 45.6508 6
    endloop
  endfacet
  facet normal 0 0 1
    outer loop
      vertex -25.25 0 6
      vertex -46.0849 -46.393 6
      vertex -45.9521 -46.5661 6
    endloop
  endfacet
  facet normal -0 0 1
    outer loop
      vertex -47.5659 45.538 6
      vertex -21.8671 12.625 6
      vertex -47.353 45.5852 6
    endloop
  endfacet
  facet normal 0 0 1
    outer loop
      vertex -25.25 0 6
      vertex -46.2322 -46.2322 6
      vertex -46.0849 -46.393 6
    endloop
  endfacet
  facet normal 0 0 1
    outer loop
      vertex -21.8671 12.625 6
      vertex -47.5659 45.538 6
      vertex -22.8843 10.6711 6
    endloop
  endfacet
  facet normal 0 0 1
    outer loop
      vertex -25.25 0 6
      vertex -46.393 -46.0849 6
      vertex -46.2322 -46.2322 6
    endloop
  endfacet
  facet normal -0 0 1
    outer loop
      vertex -47.7821 45.5095 6
      vertex -22.8843 10.6711 6
      vertex -47.5659 45.538 6
    endloop
  endfacet
  facet normal 0 0 1
    outer loop
      vertex -25.25 0 6
      vertex -46.5661 -45.9521 6
      vertex -46.393 -46.0849 6
    endloop
  endfacet
  facet normal -0 0 1
    outer loop
      vertex -48 45.5 6
      vertex -22.8843 10.6711 6
      vertex -47.7821 45.5095 6
    endloop
  endfacet
  facet normal 0 0 1
    outer loop
      vertex -25.25 0 6
      vertex -46.75 -45.8349 6
      vertex -46.5661 -45.9521 6
    endloop
  endfacet
  facet normal 0 0 1
    outer loop
      vertex -22.8843 10.6711 6
      vertex -48 45.5 6
      vertex -23.7272 8.63601 6
    endloop
  endfacet
  facet normal 0 0 1
    outer loop
      vertex -25.25 0 6
      vertex -46.9435 -45.7342 6
      vertex -46.75 -45.8349 6
    endloop
  endfacet
  facet normal 0 0 1
    outer loop
      vertex -48.2179 45.5095 6
      vertex -23.7272 8.63601 6
      vertex -48 45.5 6
    endloop
  endfacet
  facet normal 0 0 1
    outer loop
      vertex -25.25 0 6
      vertex -47.145 -45.6508 6
      vertex -46.9435 -45.7342 6
    endloop
  endfacet
  facet normal 0 0 1
    outer loop
      vertex -23.7272 8.63601 6
      vertex -48.2179 45.5095 6
      vertex -24.3896 6.53518 6
    endloop
  endfacet
  facet normal 0 0 1
    outer loop
      vertex -25.25 0 6
      vertex -47.353 -45.5852 6
      vertex -47.145 -45.6508 6
    endloop
  endfacet
  facet normal 0 0 1
    outer loop
      vertex -48.4341 45.538 6
      vertex -24.3896 6.53518 6
      vertex -48.2179 45.5095 6
    endloop
  endfacet
  facet normal 0 0 1
    outer loop
      vertex -25.25 0 6
      vertex -47.5659 -45.538 6
      vertex -47.353 -45.5852 6
    endloop
  endfacet
  facet normal 0 0 1
    outer loop
      vertex -48.647 45.5852 6
      vertex -24.3896 6.53518 6
      vertex -48.4341 45.538 6
    endloop
  endfacet
  facet normal 0 0 1
    outer loop
      vertex -25.25 0 6
      vertex -47.7821 -45.5095 6
      vertex -47.5659 -45.538 6
    endloop
  endfacet
  facet normal 0 0 1
    outer loop
      vertex -24.3896 6.53518 6
      vertex -48.647 45.5852 6
      vertex -24.8664 4.38462 6
    endloop
  endfacet
  facet normal 0 0 1
    outer loop
      vertex -25.25 0 6
      vertex -48 -45.5 6
      vertex -47.7821 -45.5095 6
    endloop
  endfacet
  facet normal 0 0 1
    outer loop
      vertex -48.855 45.6508 6
      vertex -24.8664 4.38462 6
      vertex -48.647 45.5852 6
    endloop
  endfacet
  facet normal 0 0 1
    outer loop
      vertex -25.25 0 6
      vertex -48.2179 -45.5095 6
      vertex -48 -45.5 6
    endloop
  endfacet
  facet normal 0 0 1
    outer loop
      vertex -49.0565 45.7342 6
      vertex -24.8664 4.38462 6
      vertex -48.855 45.6508 6
    endloop
  endfacet
  facet normal 0 0 1
    outer loop
      vertex -25.25 0 6
      vertex -48.4341 -45.538 6
      vertex -48.2179 -45.5095 6
    endloop
  endfacet
  facet normal 0 0 1
    outer loop
      vertex -24.8664 4.38462 6
      vertex -49.0565 45.7342 6
      vertex -25.1539 2.20068 6
    endloop
  endfacet
  facet normal 0 0 1
    outer loop
      vertex -25.25 0 6
      vertex -48.647 -45.5852 6
      vertex -48.4341 -45.538 6
    endloop
  endfacet
  facet normal 0 0 1
    outer loop
      vertex -49.25 45.8349 6
      vertex -25.1539 2.20068 6
      vertex -49.0565 45.7342 6
    endloop
  endfacet
  facet normal 0 0 1
    outer loop
      vertex -25.25 0 6
      vertex -48.855 -45.6508 6
      vertex -48.647 -45.5852 6
    endloop
  endfacet
  facet normal 0 0 1
    outer loop
      vertex -60 50 6
      vertex -25.1539 2.20068 6
      vertex -49.25 45.8349 6
    endloop
  endfacet
  facet normal 0 0 1
    outer loop
      vertex -25.25 0 6
      vertex -49.0565 -45.7342 6
      vertex -48.855 -45.6508 6
    endloop
  endfacet
  facet normal 0 0 1
    outer loop
      vertex -25.1539 2.20068 6
      vertex -60 50 6
      vertex -25.25 0 6
    endloop
  endfacet
  facet normal 0 0 1
    outer loop
      vertex -25.25 0 6
      vertex -49.25 -45.8349 6
      vertex -49.0565 -45.7342 6
    endloop
  endfacet
  facet normal 0 0 1
    outer loop
      vertex -60 50 6
      vertex -49.25 45.8349 6
      vertex -49.4339 45.9521 6
    endloop
  endfacet
  facet normal 0 0 1
    outer loop
      vertex -60 -50 6
      vertex -25.25 0 6
      vertex -60 50 6
    endloop
  endfacet
  facet normal 0 0 1
    outer loop
      vertex -60 50 6
      vertex -49.4339 45.9521 6
      vertex -49.607 46.0849 6
    endloop
  endfacet
  facet normal 0 0 1
    outer loop
      vertex -25.25 0 6
      vertex -60 -50 6
      vertex -49.25 -45.8349 6
    endloop
  endfacet
  facet normal 0 0 1
    outer loop
      vertex -60 50 6
      vertex -49.607 46.0849 6
      vertex -49.7678 46.2322 6
    endloop
  endfacet
  facet normal 0 0 1
    outer loop
      vertex -49.25 -45.8349 6
      vertex -60 -50 6
      vertex -49.4339 -45.9521 6
    endloop
  endfacet
  facet normal 0 0 1
    outer loop
      vertex -60 50 6
      vertex -49.7678 46.2322 6
      vertex -49.9151 46.393 6
    endloop
  endfacet
  facet normal 0 0 1
    outer loop
      vertex -49.4339 -45.9521 6
      vertex -60 -50 6
      vertex -49.607 -46.0849 6
    endloop
  endfacet
  facet normal 0 0 1
    outer loop
      vertex -60 50 6
      vertex -49.9151 46.393 6
      vertex -50.0479 46.5661 6
    endloop
  endfacet
  facet normal 0 0 1
    outer loop
      vertex -49.607 -46.0849 6
      vertex -60 -50 6
      vertex -49.7678 -46.2322 6
    endloop
  endfacet
  facet normal 0 0 1
    outer loop
      vertex -60 50 6
      vertex -50.0479 46.5661 6
      vertex -50.1651 46.75 6
    endloop
  endfacet
  facet normal 0 0 1
    outer loop
      vertex -49.7678 -46.2322 6
      vertex -60 -50 6
      vertex -49.9151 -46.393 6
    endloop
  endfacet
  facet normal 0 0 1
    outer loop
      vertex -60 50 6
      vertex -50.1651 46.75 6
      vertex -50.2658 46.9435 6
    endloop
  endfacet
  facet normal 0 0 1
    outer loop
      vertex -49.9151 -46.393 6
      vertex -60 -50 6
      vertex -50.0479 -46.5661 6
    endloop
  endfacet
  facet normal 0 0 1
    outer loop
      vertex -60 50 6
      vertex -50.2658 46.9435 6
      vertex -50.3492 47.145 6
    endloop
  endfacet
  facet normal 0 0 1
    outer loop
      vertex -50.0479 -46.5661 6
      vertex -60 -50 6
      vertex -50.1651 -46.75 6
    endloop
  endfacet
  facet normal 0 0 1
    outer loop
      vertex -60 50 6
      vertex -50.3492 47.145 6
      vertex -50.4148 47.353 6
    endloop
  endfacet
  facet normal 0 0 1
    outer loop
      vertex -50.1651 -46.75 6
      vertex -60 -50 6
      vertex -50.2658 -46.9435 6
    endloop
  endfacet
  facet normal 0 0 1
    outer loop
      vertex -60 50 6
      vertex -50.4148 47.353 6
      vertex -50.462 47.5659 6
    endloop
  endfacet
  facet normal 0 0 1
    outer loop
      vertex -50.2658 -46.9435 6
      vertex -60 -50 6
      vertex -50.3492 -47.145 6
    endloop
  endfacet
  facet normal 0 0 1
    outer loop
      vertex -60 50 6
      vertex -50.462 47.5659 6
      vertex -50.4905 47.7821 6
    endloop
  endfacet
  facet normal 0 0 1
    outer loop
      vertex -50.3492 -47.145 6
      vertex -60 -50 6
      vertex -50.4148 -47.353 6
    endloop
  endfacet
  facet normal 0 0 1
    outer loop
      vertex -60 50 6
      vertex -50.4905 47.7821 6
      vertex -50.5 48 6
    endloop
  endfacet
  facet normal 0 0 1
    outer loop
      vertex -50.4148 -47.353 6
      vertex -60 -50 6
      vertex -50.462 -47.5659 6
    endloop
  endfacet
  facet normal 0 0 1
    outer loop
      vertex -6 -24.5083 6
      vertex -6.53518 -24.3896 6
      vertex -6 -35.25 6
    endloop
  endfacet
  facet normal 0 0 1
    outer loop
      vertex 1 -20.2063 6
      vertex 0 -20.25 6
      vertex 1 -35.25 6
    endloop
  endfacet
  facet normal 0 0 1
    outer loop
      vertex 50.4148 47.353 6
      vertex 60 50 6
      vertex 50.462 47.5659 6
    endloop
  endfacet
  facet normal 0 0 1
    outer loop
      vertex 60 -50 6
      vertex 50.4905 -47.7821 6
      vertex 50.5 -48 6
    endloop
  endfacet
  facet normal 0 0 1
    outer loop
      vertex 50.3492 47.145 6
      vertex 60 50 6
      vertex 50.4148 47.353 6
    endloop
  endfacet
  facet normal 0 0 1
    outer loop
      vertex 60 -50 6
      vertex 50.462 -47.5659 6
      vertex 50.4905 -47.7821 6
    endloop
  endfacet
  facet normal 0 0 1
    outer loop
      vertex 50.2658 46.9435 6
      vertex 60 50 6
      vertex 50.3492 47.145 6
    endloop
  endfacet
  facet normal 0 0 1
    outer loop
      vertex 60 -50 6
      vertex 50.4148 -47.353 6
      vertex 50.462 -47.5659 6
    endloop
  endfacet
  facet normal 0 0 1
    outer loop
      vertex 50.1651 46.75 6
      vertex 60 50 6
      vertex 50.2658 46.9435 6
    endloop
  endfacet
  facet normal 0 0 1
    outer loop
      vertex 60 -50 6
      vertex 50.3492 -47.145 6
      vertex 50.4148 -47.353 6
    endloop
  endfacet
  facet normal 0 0 1
    outer loop
      vertex 50.0479 46.5661 6
      vertex 60 50 6
      vertex 50.1651 46.75 6
    endloop
  endfacet
  facet normal 0 0 1
    outer loop
      vertex 60 -50 6
      vertex 50.2658 -46.9435 6
      vertex 50.3492 -47.145 6
    endloop
  endfacet
  facet normal 0 0 1
    outer loop
      vertex 49.9151 46.393 6
      vertex 60 50 6
      vertex 50.0479 46.5661 6
    endloop
  endfacet
  facet normal 0 0 1
    outer loop
      vertex 60 -50 6
      vertex 50.1651 -46.75 6
      vertex 50.2658 -46.9435 6
    endloop
  endfacet
  facet normal 0 0 1
    outer loop
      vertex 49.7678 46.2322 6
      vertex 60 50 6
      vertex 49.9151 46.393 6
    endloop
  endfacet
  facet normal 0 0 1
    outer loop
      vertex 60 -50 6
      vertex 50.0479 -46.5661 6
      vertex 50.1651 -46.75 6
    endloop
  endfacet
  facet normal 0 0 1
    outer loop
      vertex 49.607 46.0849 6
      vertex 60 50 6
      vertex 49.7678 46.2322 6
    endloop
  endfacet
  facet normal 0 0 1
    outer loop
      vertex 60 -50 6
      vertex 49.9151 -46.393 6
      vertex 50.0479 -46.5661 6
    endloop
  endfacet
  facet normal 0 0 1
    outer loop
      vertex 49.4339 45.9521 6
      vertex 60 50 6
      vertex 49.607 46.0849 6
    endloop
  endfacet
  facet normal 0 0 1
    outer loop
      vertex 60 -50 6
      vertex 49.7678 -46.2322 6
      vertex 49.9151 -46.393 6
    endloop
  endfacet
  facet normal 0 0 1
    outer loop
      vertex 49.25 45.8349 6
      vertex 60 50 6
      vertex 49.4339 45.9521 6
    endloop
  endfacet
  facet normal 0 0 1
    outer loop
      vertex 60 -50 6
      vertex 49.607 -46.0849 6
      vertex 49.7678 -46.2322 6
    endloop
  endfacet
  facet normal 0 0 1
    outer loop
      vertex 60 50 6
      vertex 25.25 0 6
      vertex 60 -50 6
    endloop
  endfacet
  facet normal 0 0 1
    outer loop
      vertex 60 -50 6
      vertex 49.4339 -45.9521 6
      vertex 49.607 -46.0849 6
    endloop
  endfacet
  facet normal 0 0 1
    outer loop
      vertex 25.1539 2.20068 6
      vertex 60 50 6
      vertex 49.25 45.8349 6
    endloop
  endfacet
  facet normal -0 0 1
    outer loop
      vertex 25.1539 -2.20068 6
      vertex 60 -50 6
      vertex 25.25 0 6
    endloop
  endfacet
  facet normal 0 0 1
    outer loop
      vertex 25.1539 2.20068 6
      vertex 49.25 45.8349 6
      vertex 49.0565 45.7342 6
    endloop
  endfacet
  facet normal 0 0 1
    outer loop
      vertex 60 -50 6
      vertex 49.25 -45.8349 6
      vertex 49.4339 -45.9521 6
    endloop
  endfacet
  facet normal 0 0 1
    outer loop
      vertex 24.8664 4.38462 6
      vertex 49.0565 45.7342 6
      vertex 48.855 45.6508 6
    endloop
  endfacet
  facet normal 0 0 1
    outer loop
      vertex 60 -50 6
      vertex 25.1539 -2.20068 6
      vertex 49.25 -45.8349 6
    endloop
  endfacet
  facet normal 0 0 1
    outer loop
      vertex 24.8664 4.38462 6
      vertex 48.855 45.6508 6
      vertex 48.647 45.5852 6
    endloop
  endfacet
  facet normal 0 0 1
    outer loop
      vertex 49.25 -45.8349 6
      vertex 25.1539 -2.20068 6
      vertex 49.0565 -45.7342 6
    endloop
  endfacet
  facet normal 0 0 1
    outer loop
      vertex 24.3896 6.53518 6
      vertex 48.647 45.5852 6
      vertex 48.4341 45.538 6
    endloop
  endfacet
  facet normal -0 0 1
    outer loop
      vertex 24.8664 -4.38462 6
      vertex 49.0565 -45.7342 6
      vertex 25.1539 -2.20068 6
    endloop
  endfacet
  facet normal 0 0 1
    outer loop
      vertex 24.3896 6.53518 6
      vertex 48.4341 45.538 6
      vertex 48.2179 45.5095 6
    endloop
  endfacet
  facet normal 0 0 1
    outer loop
      vertex 49.0565 -45.7342 6
      vertex 24.8664 -4.38462 6
      vertex 48.855 -45.6508 6
    endloop
  endfacet
  facet normal 0 0 1
    outer loop
      vertex 23.7272 8.63601 6
      vertex 48.2179 45.5095 6
      vertex 48 45.5 6
    endloop
  endfacet
  facet normal 0 0 1
    outer loop
      vertex 48.855 -45.6508 6
      vertex 24.8664 -4.38462 6
      vertex 48.647 -45.5852 6
    endloop
  endfacet
  facet normal 0 0 1
    outer loop
      vertex 22.8843 10.6711 6
      vertex 48 45.5 6
      vertex 47.7821 45.5095 6
    endloop
  endfacet
  facet normal -0 0 1
    outer loop
      vertex 24.3896 -6.53518 6
      vertex 48.647 -45.5852 6
      vertex 24.8664 -4.38462 6
    endloop
  endfacet
  facet normal 0 0 1
    outer loop
      vertex 22.8843 10.6711 6
      vertex 47.7821 45.5095 6
      vertex 47.5659 45.538 6
    endloop
  endfacet
  facet normal 0 0 1
    outer loop
      vertex 48.647 -45.5852 6
      vertex 24.3896 -6.53518 6
      vertex 48.4341 -45.538 6
    endloop
  endfacet
  facet normal 0 0 1
    outer loop
      vertex 21.8671 12.625 6
      vertex 47.5659 45.538 6
      vertex 47.353 45.5852 6
    endloop
  endfacet
  facet normal 0 0 1
    outer loop
      vertex 48.4341 -45.538 6
      vertex 24.3896 -6.53518 6
      vertex 48.2179 -45.5095 6
    endloop
  endfacet
  facet normal 0 0 1
    outer loop
      vertex 21.8671 12.625 6
      vertex 47.353 45.5852 6
      vertex 47.145 45.6508 6
    endloop
  endfacet
  facet normal -0 0 1
    outer loop
      vertex 23.7272 -8.63601 6
      vertex 48.2179 -45.5095 6
      vertex 24.3896 -6.53518 6
    endloop
  endfacet
  facet normal 0 0 1
    outer loop
      vertex 20.6836 14.4828 6
      vertex 47.145 45.6508 6
      vertex 46.9435 45.7342 6
    endloop
  endfacet
  facet normal 0 0 1
    outer loop
      vertex 48.2179 -45.5095 6
      vertex 23.7272 -8.63601 6
      vertex 48 -45.5 6
    endloop
  endfacet
  facet normal 0 0 1
    outer loop
      vertex 20.6836 14.4828 6
      vertex 46.9435 45.7342 6
      vertex 46.75 45.8349 6
    endloop
  endfacet
  facet normal -0 0 1
    outer loop
      vertex 22.8843 -10.6711 6
      vertex 48 -45.5 6
      vertex 23.7272 -8.63601 6
    endloop
  endfacet
  facet normal 0 0 1
    outer loop
      vertex 19.3426 16.2304 6
      vertex 46.75 45.8349 6
      vertex 46.5661 45.9521 6
    endloop
  endfacet
  facet normal 0 0 1
    outer loop
      vertex 48 -45.5 6
      vertex 22.8843 -10.6711 6
      vertex 47.7821 -45.5095 6
    endloop
  endfacet
  facet normal 0 0 1
    outer loop
      vertex 19.3426 16.2304 6
      vertex 46.5661 45.9521 6
      vertex 46.393 46.0849 6
    endloop
  endfacet
  facet normal 0 0 1
    outer loop
      vertex 47.7821 -45.5095 6
      vertex 22.8843 -10.6711 6
      vertex 47.5659 -45.538 6
    endloop
  endfacet
  facet normal 0 0 1
    outer loop
      vertex 17.8544 17.8544 6
      vertex 46.393 46.0849 6
      vertex 46.2322 46.2322 6
    endloop
  endfacet
  facet normal -0 0 1
    outer loop
      vertex 21.8671 -12.625 6
      vertex 47.5659 -45.538 6
      vertex 22.8843 -10.6711 6
    endloop
  endfacet
  facet normal 0 0 1
    outer loop
      vertex 17.8544 17.8544 6
      vertex 46.2322 46.2322 6
      vertex 46.0849 46.393 6
    endloop
  endfacet
  facet normal 0 0 1
    outer loop
      vertex 47.5659 -45.538 6
      vertex 21.8671 -12.625 6
      vertex 47.353 -45.5852 6
    endloop
  endfacet
  facet normal 0 0 1
    outer loop
      vertex 16.2304 19.3426 6
      vertex 46.0849 46.393 6
      vertex 45.9521 46.5661 6
    endloop
  endfacet
  facet normal 0 0 1
    outer loop
      vertex 47.353 -45.5852 6
      vertex 21.8671 -12.625 6
      vertex 47.145 -45.6508 6
    endloop
  endfacet
  facet normal 0 0 1
    outer loop
      vertex 16.2304 19.3426 6
      vertex 45.9521 46.5661 6
      vertex 45.8349 46.75 6
    endloop
  endfacet
  facet normal -0 0 1
    outer loop
      vertex 20.6836 -14.4828 6
      vertex 47.145 -45.6508 6
      vertex 21.8671 -12.625 6
    endloop
  endfacet
  facet normal 0 0 1
    outer loop
      vertex 14.4828 20.6836 6
      vertex 45.8349 46.75 6
      vertex 45.7342 46.9435 6
    endloop
  endfacet
  facet normal 0 0 1
    outer loop
      vertex 47.145 -45.6508 6
      vertex 20.6836 -14.4828 6
      vertex 46.9435 -45.7342 6
    endloop
  endfacet
  facet normal 0 0 1
    outer loop
      vertex 14.4828 20.6836 6
      vertex 45.7342 46.9435 6
      vertex 45.6508 47.145 6
    endloop
  endfacet
  facet normal 0 0 1
    outer loop
      vertex 46.9435 -45.7342 6
      vertex 20.6836 -14.4828 6
      vertex 46.75 -45.8349 6
    endloop
  endfacet
  facet normal 0 0 1
    outer loop
      vertex 12.625 21.8671 6
      vertex 45.6508 47.145 6
      vertex 45.5852 47.353 6
    endloop
  endfacet
  facet normal -0 0 1
    outer loop
      vertex 19.3426 -16.2304 6
      vertex 46.75 -45.8349 6
      vertex 20.6836 -14.4828 6
    endloop
  endfacet
  facet normal 0 0 1
    outer loop
      vertex 12.625 21.8671 6
      vertex 45.5852 47.353 6
      vertex 45.538 47.5659 6
    endloop
  endfacet
  facet normal 0 0 1
    outer loop
      vertex 46.75 -45.8349 6
      vertex 19.3426 -16.2304 6
      vertex 46.5661 -45.9521 6
    endloop
  endfacet
  facet normal 0 0 1
    outer loop
      vertex 10.6711 22.8843 6
      vertex 45.538 47.5659 6
      vertex 45.5095 47.7821 6
    endloop
  endfacet
  facet normal 0 0 1
    outer loop
      vertex 46.5661 -45.9521 6
      vertex 19.3426 -16.2304 6
      vertex 46.393 -46.0849 6
    endloop
  endfacet
  facet normal 0 0 1
    outer loop
      vertex 10.6711 22.8843 6
      vertex 45.5095 47.7821 6
      vertex 45.5 48 6
    endloop
  endfacet
  facet normal -0 0 1
    outer loop
      vertex 17.8544 -17.8544 6
      vertex 46.393 -46.0849 6
      vertex 19.3426 -16.2304 6
    endloop
  endfacet
  facet normal 0 0 1
    outer loop
      vertex 50.4148 48.647 6
      vertex 60 50 6
      vertex 59.9619 50.8716 6
    endloop
  endfacet
  facet normal 0 0 1
    outer loop
      vertex 50.4905 47.7821 6
      vertex 60 50 6
      vertex 50.5 48 6
    endloop
  endfacet
  facet normal 0 0 1
    outer loop
      vertex 50.3492 48.855 6
      vertex 59.9619 50.8716 6
      vertex 59.8481 51.7365 6
    endloop
  endfacet
  facet normal 0 0 1
    outer loop
      vertex 50.462 47.5659 6
      vertex 60 50 6
      vertex 50.4905 47.7821 6
    endloop
  endfacet
  facet normal 0 0 1
    outer loop
      vertex 50.2658 49.0565 6
      vertex 59.8481 51.7365 6
      vertex 59.6593 52.5882 6
    endloop
  endfacet
  facet normal -0 0 1
    outer loop
      vertex 50.4905 -48.2179 6
      vertex 60 -50 6
      vertex 50.5 -48 6
    endloop
  endfacet
  facet normal 0 0 1
    outer loop
      vertex 50.2658 49.0565 6
      vertex 59.6593 52.5882 6
      vertex 59.3969 53.4202 6
    endloop
  endfacet
  facet normal -0 0 1
    outer loop
      vertex 50.462 -48.4341 6
      vertex 60 -50 6
      vertex 50.4905 -48.2179 6
    endloop
  endfacet
  facet normal 0 0 1
    outer loop
      vertex 50.1651 49.25 6
      vertex 59.3969 53.4202 6
      vertex 59.0631 54.2262 6
    endloop
  endfacet
  facet normal -0 0 1
    outer loop
      vertex 50.4148 -48.647 6
      vertex 60 -50 6
      vertex 50.462 -48.4341 6
    endloop
  endfacet
  facet normal 0 0 1
    outer loop
      vertex 50.0479 49.4339 6
      vertex 59.0631 54.2262 6
      vertex 58.6602 55 6
    endloop
  endfacet
  facet normal 0 0 1
    outer loop
      vertex 60 -50 6
      vertex 50.4148 -48.647 6
      vertex 59.9619 -50.8716 6
    endloop
  endfacet
  facet normal 0 0 1
    outer loop
      vertex 50.0479 49.4339 6
      vertex 58.6602 55 6
      vertex 58.1915 55.7358 6
    endloop
  endfacet
  facet normal -0 0 1
    outer loop
      vertex 50.3492 -48.855 6
      vertex 59.9619 -50.8716 6
      vertex 50.4148 -48.647 6
    endloop
  endfacet
  facet normal 0 0 1
    outer loop
      vertex 49.9151 49.607 6
      vertex 58.1915 55.7358 6
      vertex 57.6604 56.4279 6
    endloop
  endfacet
  facet normal 0 0 1
    outer loop
      vertex 59.9619 -50.8716 6
      vertex 50.3492 -48.855 6
      vertex 59.8481 -51.7365 6
    endloop
  endfacet
  facet normal 0 0 1
    outer loop
      vertex 49.7678 49.7678 6
      vertex 57.6604 56.4279 6
      vertex 57.0711 57.0711 6
    endloop
  endfacet
  facet normal -0 0 1
    outer loop
      vertex 50.2658 -49.0565 6
      vertex 59.8481 -51.7365 6
      vertex 50.3492 -48.855 6
    endloop
  endfacet
  facet normal 0 0 1
    outer loop
      vertex 49.7678 49.7678 6
      vertex 57.0711 57.0711 6
      vertex 56.4279 57.6604 6
    endloop
  endfacet
  facet normal 0 0 1
    outer loop
      vertex 59.8481 -51.7365 6
      vertex 50.2658 -49.0565 6
      vertex 59.6593 -52.5882 6
    endloop
  endfacet
  facet normal 0 0 1
    outer loop
      vertex 49.607 49.9151 6
      vertex 56.4279 57.6604 6
      vertex 55.7358 58.1915 6
    endloop
  endfacet
  facet normal 0 0 1
    outer loop
      vertex 59.6593 -52.5882 6
      vertex 50.2658 -49.0565 6
      vertex 59.3969 -53.4202 6
    endloop
  endfacet
  facet normal 0 0 1
    outer loop
      vertex 49.4339 50.0479 6
      vertex 55.7358 58.1915 6
      vertex 55 58.6602 6
    endloop
  endfacet
  facet normal -0 0 1
    outer loop
      vertex 50.1651 -49.25 6
      vertex 59.3969 -53.4202 6
      vertex 50.2658 -49.0565 6
    endloop
  endfacet
  facet normal 0 0 1
    outer loop
      vertex 49.4339 50.0479 6
      vertex 55 58.6602 6
      vertex 54.2262 59.0631 6
    endloop
  endfacet
  facet normal 0 0 1
    outer loop
      vertex 59.3969 -53.4202 6
      vertex 50.1651 -49.25 6
      vertex 59.0631 -54.2262 6
    endloop
  endfacet
  facet normal 0 0 1
    outer loop
      vertex 49.25 50.1651 6
      vertex 54.2262 59.0631 6
      vertex 53.4202 59.3969 6
    endloop
  endfacet
  facet normal -0 0 1
    outer loop
      vertex 50.0479 -49.4339 6
      vertex 59.0631 -54.2262 6
      vertex 50.1651 -49.25 6
    endloop
  endfacet
  facet normal 0 0 1
    outer loop
      vertex 49.25 50.1651 6
      vertex 53.4202 59.3969 6
      vertex 52.5882 59.6593 6
    endloop
  endfacet
  facet normal 0 0 1
    outer loop
      vertex 59.0631 -54.2262 6
      vertex 50.0479 -49.4339 6
      vertex 58.6602 -55 6
    endloop
  endfacet
  facet normal 0 0 1
    outer loop
      vertex 49.0565 50.2658 6
      vertex 52.5882 59.6593 6
      vertex 51.7365 59.8481 6
    endloop
  endfacet
  facet normal 0 0 1
    outer loop
      vertex 58.6602 -55 6
      vertex 50.0479 -49.4339 6
      vertex 58.1915 -55.7358 6
    endloop
  endfacet
  facet normal 0 0 1
    outer loop
      vertex 48.855 50.3492 6
      vertex 51.7365 59.8481 6
      vertex 50.8716 59.9619 6
    endloop
  endfacet
  facet normal -0 0 1
    outer loop
      vertex 49.9151 -49.607 6
      vertex 58.1915 -55.7358 6
      vertex 50.0479 -49.4339 6
    endloop
  endfacet
  facet normal 0 0 1
    outer loop
      vertex 58.1915 -55.7358 6
      vertex 49.9151 -49.607 6
      vertex 57.6604 -56.4279 6
    endloop
  endfacet
  facet normal 0 0 1
    outer loop
      vertex 60 50 6
      vertex 50.4905 48.2179 6
      vertex 50.5 48 6
    endloop
  endfacet
  facet normal 0 0 1
    outer loop
      vertex 60 50 6
      vertex 50.462 48.4341 6
      vertex 50.4905 48.2179 6
    endloop
  endfacet
  facet normal 0 0 1
    outer loop
      vertex 60 50 6
      vertex 50.4148 48.647 6
      vertex 50.462 48.4341 6
    endloop
  endfacet
  facet normal 0 0 1
    outer loop
      vertex 59.9619 50.8716 6
      vertex 50.3492 48.855 6
      vertex 50.4148 48.647 6
    endloop
  endfacet
  facet normal 0 0 1
    outer loop
      vertex 59.8481 51.7365 6
      vertex 50.2658 49.0565 6
      vertex 50.3492 48.855 6
    endloop
  endfacet
  facet normal 0 0 1
    outer loop
      vertex 59.3969 53.4202 6
      vertex 50.1651 49.25 6
      vertex 50.2658 49.0565 6
    endloop
  endfacet
  facet normal 0 0 1
    outer loop
      vertex 59.0631 54.2262 6
      vertex 50.0479 49.4339 6
      vertex 50.1651 49.25 6
    endloop
  endfacet
  facet normal 0 0 1
    outer loop
      vertex 48.855 50.3492 6
      vertex 50.8716 59.9619 6
      vertex 50 60 6
    endloop
  endfacet
  facet normal 0 0 1
    outer loop
      vertex 58.1915 55.7358 6
      vertex 49.9151 49.607 6
      vertex 50.0479 49.4339 6
    endloop
  endfacet
  facet normal 0 0 1
    outer loop
      vertex 57.6604 56.4279 6
      vertex 49.7678 49.7678 6
      vertex 49.9151 49.607 6
    endloop
  endfacet
  facet normal 0 0 1
    outer loop
      vertex 56.4279 57.6604 6
      vertex 49.607 49.9151 6
      vertex 49.7678 49.7678 6
    endloop
  endfacet
  facet normal 0 0 1
    outer loop
      vertex 55.7358 58.1915 6
      vertex 49.4339 50.0479 6
      vertex 49.607 49.9151 6
    endloop
  endfacet
  facet normal 0 0 1
    outer loop
      vertex 54.2262 59.0631 6
      vertex 49.25 50.1651 6
      vertex 49.4339 50.0479 6
    endloop
  endfacet
  facet normal 0 0 1
    outer loop
      vertex 52.5882 59.6593 6
      vertex 49.0565 50.2658 6
      vertex 49.25 50.1651 6
    endloop
  endfacet
  facet normal 0 0 1
    outer loop
      vertex 51.7365 59.8481 6
      vertex 48.855 50.3492 6
      vertex 49.0565 50.2658 6
    endloop
  endfacet
  facet normal 0 0 1
    outer loop
      vertex 50 60 6
      vertex 48.647 50.4148 6
      vertex 48.855 50.3492 6
    endloop
  endfacet
  facet normal 0 0 1
    outer loop
      vertex 50 60 6
      vertex 48.4341 50.462 6
      vertex 48.647 50.4148 6
    endloop
  endfacet
  facet normal 0 0 1
    outer loop
      vertex 50 60 6
      vertex 48.2179 50.4905 6
      vertex 48.4341 50.462 6
    endloop
  endfacet
  facet normal 0 0 1
    outer loop
      vertex 50 60 6
      vertex 48 50.5 6
      vertex 48.2179 50.4905 6
    endloop
  endfacet
  facet normal 0 0 1
    outer loop
      vertex 50 60 6
      vertex 47.7821 50.4905 6
      vertex 48 50.5 6
    endloop
  endfacet
  facet normal 0 0 1
    outer loop
      vertex 50 60 6
      vertex 47.5659 50.462 6
      vertex 47.7821 50.4905 6
    endloop
  endfacet
  facet normal 0 0 1
    outer loop
      vertex 50 60 6
      vertex 47.353 50.4148 6
      vertex 47.5659 50.462 6
    endloop
  endfacet
  facet normal 0 0 1
    outer loop
      vertex 50 60 6
      vertex 47.145 50.3492 6
      vertex 47.353 50.4148 6
    endloop
  endfacet
  facet normal 0 0 1
    outer loop
      vertex 50 60 6
      vertex 46.9435 50.2658 6
      vertex 47.145 50.3492 6
    endloop
  endfacet
  facet normal 0 0 1
    outer loop
      vertex 50 60 6
      vertex 46.75 50.1651 6
      vertex 46.9435 50.2658 6
    endloop
  endfacet
  facet normal 0 0 1
    outer loop
      vertex 50 60 6
      vertex 46.5661 50.0479 6
      vertex 46.75 50.1651 6
    endloop
  endfacet
  facet normal 0 0 1
    outer loop
      vertex 50 60 6
      vertex 46.393 49.9151 6
      vertex 46.5661 50.0479 6
    endloop
  endfacet
  facet normal 0 0 1
    outer loop
      vertex 50 60 6
      vertex 46.2322 49.7678 6
      vertex 46.393 49.9151 6
    endloop
  endfacet
  facet normal 0 0 1
    outer loop
      vertex 50 60 6
      vertex 46.0849 49.607 6
      vertex 46.2322 49.7678 6
    endloop
  endfacet
  facet normal 0 0 1
    outer loop
      vertex 50 60 6
      vertex 45.9521 49.4339 6
      vertex 46.0849 49.607 6
    endloop
  endfacet
  facet normal 0 0 1
    outer loop
      vertex 50 60 6
      vertex 45.8349 49.25 6
      vertex 45.9521 49.4339 6
    endloop
  endfacet
  facet normal 0 0 1
    outer loop
      vertex 2.20068 25.1539 6
      vertex 45.8349 49.25 6
      vertex 50 60 6
    endloop
  endfacet
  facet normal 0 0 1
    outer loop
      vertex 45.8349 49.25 6
      vertex 2.20068 25.1539 6
      vertex 45.7342 49.0565 6
    endloop
  endfacet
  facet normal 0 0 1
    outer loop
      vertex 46.393 -46.0849 6
      vertex 17.8544 -17.8544 6
      vertex 46.2322 -46.2322 6
    endloop
  endfacet
  facet normal 0 0 1
    outer loop
      vertex 8.63601 23.7272 6
      vertex 45.5 48 6
      vertex 45.5095 48.2179 6
    endloop
  endfacet
  facet normal 0 0 1
    outer loop
      vertex 8.63601 23.7272 6
      vertex 45.5095 48.2179 6
      vertex 45.538 48.4341 6
    endloop
  endfacet
  facet normal 0 0 1
    outer loop
      vertex 6.53518 24.3896 6
      vertex 45.538 48.4341 6
      vertex 45.5852 48.647 6
    endloop
  endfacet
  facet normal 0 0 1
    outer loop
      vertex 4.38462 24.8664 6
      vertex 45.5852 48.647 6
      vertex 45.6508 48.855 6
    endloop
  endfacet
  facet normal 0 -0 1
    outer loop
      vertex 4.38462 24.8664 6
      vertex 45.7342 49.0565 6
      vertex 2.20068 25.1539 6
    endloop
  endfacet
  facet normal 0 0 1
    outer loop
      vertex 60 50 6
      vertex 25.1539 2.20068 6
      vertex 25.25 0 6
    endloop
  endfacet
  facet normal 0 0 1
    outer loop
      vertex 49.0565 45.7342 6
      vertex 24.8664 4.38462 6
      vertex 25.1539 2.20068 6
    endloop
  endfacet
  facet normal 0 0 1
    outer loop
      vertex 48.647 45.5852 6
      vertex 24.3896 6.53518 6
      vertex 24.8664 4.38462 6
    endloop
  endfacet
  facet normal 0 0 1
    outer loop
      vertex 48.2179 45.5095 6
      vertex 23.7272 8.63601 6
      vertex 24.3896 6.53518 6
    endloop
  endfacet
  facet normal 0 0 1
    outer loop
      vertex 48 45.5 6
      vertex 22.8843 10.6711 6
      vertex 23.7272 8.63601 6
    endloop
  endfacet
  facet normal 0 0 1
    outer loop
      vertex 47.5659 45.538 6
      vertex 21.8671 12.625 6
      vertex 22.8843 10.6711 6
    endloop
  endfacet
  facet normal 0 0 1
    outer loop
      vertex 47.145 45.6508 6
      vertex 20.6836 14.4828 6
      vertex 21.8671 12.625 6
    endloop
  endfacet
  facet normal 0 0 1
    outer loop
      vertex 46.75 45.8349 6
      vertex 19.3426 16.2304 6
      vertex 20.6836 14.4828 6
    endloop
  endfacet
  facet normal 0 0 1
    outer loop
      vertex 46.393 46.0849 6
      vertex 17.8544 17.8544 6
      vertex 19.3426 16.2304 6
    endloop
  endfacet
  facet normal 0 0 1
    outer loop
      vertex 46.0849 46.393 6
      vertex 16.2304 19.3426 6
      vertex 17.8544 17.8544 6
    endloop
  endfacet
  facet normal 0 0 1
    outer loop
      vertex 45.8349 46.75 6
      vertex 14.4828 20.6836 6
      vertex 16.2304 19.3426 6
    endloop
  endfacet
  facet normal 0 0 1
    outer loop
      vertex 45.6508 47.145 6
      vertex 12.625 21.8671 6
      vertex 14.4828 20.6836 6
    endloop
  endfacet
  facet normal 0 0 1
    outer loop
      vertex 45.538 47.5659 6
      vertex 10.6711 22.8843 6
      vertex 12.625 21.8671 6
    endloop
  endfacet
  facet normal 0 0 1
    outer loop
      vertex 45.5 48 6
      vertex 8.63601 23.7272 6
      vertex 10.6711 22.8843 6
    endloop
  endfacet
  facet normal 0 0 1
    outer loop
      vertex 45.538 48.4341 6
      vertex 6.53518 24.3896 6
      vertex 8.63601 23.7272 6
    endloop
  endfacet
  facet normal 0 0 1
    outer loop
      vertex 45.5852 48.647 6
      vertex 4.38462 24.8664 6
      vertex 6.53518 24.3896 6
    endloop
  endfacet
  facet normal 0 0 1
    outer loop
      vertex 45.7342 49.0565 6
      vertex 4.38462 24.8664 6
      vertex 45.6508 48.855 6
    endloop
  endfacet
  facet normal 0 0 1
    outer loop
      vertex 50 60 6
      vertex 0 25.25 6
      vertex 2.20068 25.1539 6
    endloop
  endfacet
  facet normal -0 0 1
    outer loop
      vertex -50 60 6
      vertex 0 25.25 6
      vertex 50 60 6
    endloop
  endfacet
  facet normal 0 0 1
    outer loop
      vertex 0 25.25 6
      vertex -50 60 6
      vertex -2.20068 25.1539 6
    endloop
  endfacet
  facet normal -0 -0 1
    outer loop
      vertex -45.8349 49.25 6
      vertex -2.20068 25.1539 6
      vertex -50 60 6
    endloop
  endfacet
  facet normal -0 -0 1
    outer loop
      vertex -45.7342 49.0565 6
      vertex -2.20068 25.1539 6
      vertex -45.8349 49.25 6
    endloop
  endfacet
  facet normal 0 0 1
    outer loop
      vertex -2.20068 25.1539 6
      vertex -45.7342 49.0565 6
      vertex -4.38462 24.8664 6
    endloop
  endfacet
  facet normal -0 -0 1
    outer loop
      vertex -45.5852 48.647 6
      vertex -4.38462 24.8664 6
      vertex -45.6508 48.855 6
    endloop
  endfacet
  facet normal -0 0 1
    outer loop
      vertex -46.2322 46.2322 6
      vertex -17.8544 17.8544 6
      vertex -46.0849 46.393 6
    endloop
  endfacet
  facet normal 0 0 1
    outer loop
      vertex -16.2304 19.3426 6
      vertex -46.0849 46.393 6
      vertex -17.8544 17.8544 6
    endloop
  endfacet
  facet normal -0 0 1
    outer loop
      vertex -46.0849 46.393 6
      vertex -16.2304 19.3426 6
      vertex -45.9521 46.5661 6
    endloop
  endfacet
  facet normal -0 0 1
    outer loop
      vertex -45.9521 46.5661 6
      vertex -16.2304 19.3426 6
      vertex -45.8349 46.75 6
    endloop
  endfacet
  facet normal 0 0 1
    outer loop
      vertex -14.4828 20.6836 6
      vertex -45.8349 46.75 6
      vertex -16.2304 19.3426 6
    endloop
  endfacet
  facet normal -0 0 1
    outer loop
      vertex -45.8349 46.75 6
      vertex -14.4828 20.6836 6
      vertex -45.7342 46.9435 6
    endloop
  endfacet
  facet normal -0 0 1
    outer loop
      vertex -45.7342 46.9435 6
      vertex -14.4828 20.6836 6
      vertex -45.6508 47.145 6
    endloop
  endfacet
  facet normal 0 0 1
    outer loop
      vertex -12.625 21.8671 6
      vertex -45.6508 47.145 6
      vertex -14.4828 20.6836 6
    endloop
  endfacet
  facet normal -0 0 1
    outer loop
      vertex -45.6508 47.145 6
      vertex -12.625 21.8671 6
      vertex -45.5852 47.353 6
    endloop
  endfacet
  facet normal -0 0 1
    outer loop
      vertex -45.5852 47.353 6
      vertex -12.625 21.8671 6
      vertex -45.538 47.5659 6
    endloop
  endfacet
  facet normal 0 0 1
    outer loop
      vertex -10.6711 22.8843 6
      vertex -45.538 47.5659 6
      vertex -12.625 21.8671 6
    endloop
  endfacet
  facet normal -0 0 1
    outer loop
      vertex -45.538 47.5659 6
      vertex -10.6711 22.8843 6
      vertex -45.5095 47.7821 6
    endloop
  endfacet
  facet normal -0 -0 1
    outer loop
      vertex -45.538 48.4341 6
      vertex -6.53518 24.3896 6
      vertex -45.5852 48.647 6
    endloop
  endfacet
  facet normal -0 0 1
    outer loop
      vertex -45.5095 47.7821 6
      vertex -10.6711 22.8843 6
      vertex -45.5 48 6
    endloop
  endfacet
  facet normal 0 0 1
    outer loop
      vertex -8.63601 23.7272 6
      vertex -45.5 48 6
      vertex -10.6711 22.8843 6
    endloop
  endfacet
  facet normal -0 -0 1
    outer loop
      vertex -45.5 48 6
      vertex -8.63601 23.7272 6
      vertex -45.5095 48.2179 6
    endloop
  endfacet
  facet normal -0 -0 1
    outer loop
      vertex -45.5095 48.2179 6
      vertex -8.63601 23.7272 6
      vertex -45.538 48.4341 6
    endloop
  endfacet
  facet normal 0 0 1
    outer loop
      vertex -6.53518 24.3896 6
      vertex -45.538 48.4341 6
      vertex -8.63601 23.7272 6
    endloop
  endfacet
  facet normal 0 0 1
    outer loop
      vertex -4.38462 24.8664 6
      vertex -45.5852 48.647 6
      vertex -6.53518 24.3896 6
    endloop
  endfacet
  facet normal -0 -0 1
    outer loop
      vertex -45.6508 48.855 6
      vertex -4.38462 24.8664 6
      vertex -45.7342 49.0565 6
    endloop
  endfacet
  facet normal 0 0 1
    outer loop
      vertex -45.8349 49.25 6
      vertex -50 60 6
      vertex -45.9521 49.4339 6
    endloop
  endfacet
  facet normal 0 0 1
    outer loop
      vertex -45.9521 49.4339 6
      vertex -50 60 6
      vertex -46.0849 49.607 6
    endloop
  endfacet
  facet normal 0 0 1
    outer loop
      vertex -46.0849 49.607 6
      vertex -50 60 6
      vertex -46.2322 49.7678 6
    endloop
  endfacet
  facet normal 0 0 1
    outer loop
      vertex -46.2322 49.7678 6
      vertex -50 60 6
      vertex -46.393 49.9151 6
    endloop
  endfacet
  facet normal 0 0 1
    outer loop
      vertex -46.393 49.9151 6
      vertex -50 60 6
      vertex -46.5661 50.0479 6
    endloop
  endfacet
  facet normal 0 0 1
    outer loop
      vertex -46.5661 50.0479 6
      vertex -50 60 6
      vertex -46.75 50.1651 6
    endloop
  endfacet
  facet normal 0 0 1
    outer loop
      vertex -46.75 50.1651 6
      vertex -50 60 6
      vertex -46.9435 50.2658 6
    endloop
  endfacet
  facet normal 0 0 1
    outer loop
      vertex -46.9435 50.2658 6
      vertex -50 60 6
      vertex -47.145 50.3492 6
    endloop
  endfacet
  facet normal 0 0 1
    outer loop
      vertex -47.145 50.3492 6
      vertex -50 60 6
      vertex -47.353 50.4148 6
    endloop
  endfacet
  facet normal 0 0 1
    outer loop
      vertex -47.353 50.4148 6
      vertex -50 60 6
      vertex -47.5659 50.462 6
    endloop
  endfacet
  facet normal 0 0 1
    outer loop
      vertex -47.5659 50.462 6
      vertex -50 60 6
      vertex -47.7821 50.4905 6
    endloop
  endfacet
  facet normal 0 0 1
    outer loop
      vertex -47.7821 50.4905 6
      vertex -50 60 6
      vertex -48 50.5 6
    endloop
  endfacet
  facet normal 0 0 1
    outer loop
      vertex -48 50.5 6
      vertex -50 60 6
      vertex -48.2179 50.4905 6
    endloop
  endfacet
  facet normal 0 0 1
    outer loop
      vertex -50 60 6
      vertex -48.4341 50.462 6
      vertex -48.2179 50.4905 6
    endloop
  endfacet
  facet normal 0 0 1
    outer loop
      vertex -50 60 6
      vertex -48.647 50.4148 6
      vertex -48.4341 50.462 6
    endloop
  endfacet
  facet normal 0 0 1
    outer loop
      vertex -50 60 6
      vertex -48.855 50.3492 6
      vertex -48.647 50.4148 6
    endloop
  endfacet
  facet normal -0 0 1
    outer loop
      vertex -50.8716 59.9619 6
      vertex -48.855 50.3492 6
      vertex -50 60 6
    endloop
  endfacet
  facet normal -0 0 1
    outer loop
      vertex -51.7365 59.8481 6
      vertex -48.855 50.3492 6
      vertex -50.8716 59.9619 6
    endloop
  endfacet
  facet normal 0 0 1
    outer loop
      vertex -48.855 50.3492 6
      vertex -51.7365 59.8481 6
      vertex -49.0565 50.2658 6
    endloop
  endfacet
  facet normal -0 0 1
    outer loop
      vertex -52.5882 59.6593 6
      vertex -49.0565 50.2658 6
      vertex -51.7365 59.8481 6
    endloop
  endfacet
  facet normal 0 0 1
    outer loop
      vertex -49.0565 50.2658 6
      vertex -52.5882 59.6593 6
      vertex -49.25 50.1651 6
    endloop
  endfacet
  facet normal -0 0 1
    outer loop
      vertex -53.4202 59.3969 6
      vertex -49.25 50.1651 6
      vertex -52.5882 59.6593 6
    endloop
  endfacet
  facet normal -0 0 1
    outer loop
      vertex -54.2262 59.0631 6
      vertex -49.25 50.1651 6
      vertex -53.4202 59.3969 6
    endloop
  endfacet
  facet normal 0 0 1
    outer loop
      vertex -49.25 50.1651 6
      vertex -54.2262 59.0631 6
      vertex -49.4339 50.0479 6
    endloop
  endfacet
  facet normal -0 0 1
    outer loop
      vertex -55 58.6602 6
      vertex -49.4339 50.0479 6
      vertex -54.2262 59.0631 6
    endloop
  endfacet
  facet normal -0 0 1
    outer loop
      vertex -55.7358 58.1915 6
      vertex -49.4339 50.0479 6
      vertex -55 58.6602 6
    endloop
  endfacet
  facet normal 0 0 1
    outer loop
      vertex -49.4339 50.0479 6
      vertex -55.7358 58.1915 6
      vertex -49.607 49.9151 6
    endloop
  endfacet
  facet normal -0 0 1
    outer loop
      vertex -56.4279 57.6604 6
      vertex -49.607 49.9151 6
      vertex -55.7358 58.1915 6
    endloop
  endfacet
  facet normal 0 0 1
    outer loop
      vertex -49.607 49.9151 6
      vertex -56.4279 57.6604 6
      vertex -49.7678 49.7678 6
    endloop
  endfacet
  facet normal -0 0 1
    outer loop
      vertex -57.0711 57.0711 6
      vertex -49.7678 49.7678 6
      vertex -56.4279 57.6604 6
    endloop
  endfacet
  facet normal 0 0 1
    outer loop
      vertex -49.7678 49.7678 6
      vertex -57.6604 56.4279 6
      vertex -49.9151 49.607 6
    endloop
  endfacet
  facet normal -0 0 1
    outer loop
      vertex -57.6604 56.4279 6
      vertex -49.7678 49.7678 6
      vertex -57.0711 57.0711 6
    endloop
  endfacet
  facet normal -0 0 1
    outer loop
      vertex 49.7678 -49.7678 6
      vertex 57.6604 -56.4279 6
      vertex 49.9151 -49.607 6
    endloop
  endfacet
  facet normal 0 0 1
    outer loop
      vertex 57.6604 -56.4279 6
      vertex 49.7678 -49.7678 6
      vertex 57.0711 -57.0711 6
    endloop
  endfacet
  facet normal 0 0 1
    outer loop
      vertex 57.0711 -57.0711 6
      vertex 49.7678 -49.7678 6
      vertex 56.4279 -57.6604 6
    endloop
  endfacet
  facet normal -0 0 1
    outer loop
      vertex 49.607 -49.9151 6
      vertex 56.4279 -57.6604 6
      vertex 49.7678 -49.7678 6
    endloop
  endfacet
  facet normal 0 0 1
    outer loop
      vertex 56.4279 -57.6604 6
      vertex 49.607 -49.9151 6
      vertex 55.7358 -58.1915 6
    endloop
  endfacet
  facet normal -0 0 1
    outer loop
      vertex 49.4339 -50.0479 6
      vertex 55.7358 -58.1915 6
      vertex 49.607 -49.9151 6
    endloop
  endfacet
  facet normal 0 0 1
    outer loop
      vertex 55.7358 -58.1915 6
      vertex 49.4339 -50.0479 6
      vertex 55 -58.6602 6
    endloop
  endfacet
  facet normal 0 0 1
    outer loop
      vertex 55 -58.6602 6
      vertex 49.4339 -50.0479 6
      vertex 54.2262 -59.0631 6
    endloop
  endfacet
  facet normal -0 0 1
    outer loop
      vertex 49.25 -50.1651 6
      vertex 54.2262 -59.0631 6
      vertex 49.4339 -50.0479 6
    endloop
  endfacet
  facet normal 0 0 1
    outer loop
      vertex 54.2262 -59.0631 6
      vertex 49.25 -50.1651 6
      vertex 53.4202 -59.3969 6
    endloop
  endfacet
  facet normal 0 0 1
    outer loop
      vertex 53.4202 -59.3969 6
      vertex 49.25 -50.1651 6
      vertex 52.5882 -59.6593 6
    endloop
  endfacet
  facet normal -0 0 1
    outer loop
      vertex 49.0565 -50.2658 6
      vertex 52.5882 -59.6593 6
      vertex 49.25 -50.1651 6
    endloop
  endfacet
  facet normal 0 0 1
    outer loop
      vertex 52.5882 -59.6593 6
      vertex 49.0565 -50.2658 6
      vertex 51.7365 -59.8481 6
    endloop
  endfacet
  facet normal -0 0 1
    outer loop
      vertex 48.855 -50.3492 6
      vertex 51.7365 -59.8481 6
      vertex 49.0565 -50.2658 6
    endloop
  endfacet
  facet normal 0 0 1
    outer loop
      vertex 51.7365 -59.8481 6
      vertex 48.855 -50.3492 6
      vertex 50.8716 -59.9619 6
    endloop
  endfacet
  facet normal 0 0 1
    outer loop
      vertex 50.8716 -59.9619 6
      vertex 48.855 -50.3492 6
      vertex 50 -60 6
    endloop
  endfacet
  facet normal -0 0 1
    outer loop
      vertex 48.647 -50.4148 6
      vertex 50 -60 6
      vertex 48.855 -50.3492 6
    endloop
  endfacet
  facet normal -0 0 1
    outer loop
      vertex 48.4341 -50.462 6
      vertex 50 -60 6
      vertex 48.647 -50.4148 6
    endloop
  endfacet
  facet normal -0 0 1
    outer loop
      vertex 48.2179 -50.4905 6
      vertex 50 -60 6
      vertex 48.4341 -50.462 6
    endloop
  endfacet
  facet normal -0 0 1
    outer loop
      vertex 48 -50.5 6
      vertex 50 -60 6
      vertex 48.2179 -50.4905 6
    endloop
  endfacet
  facet normal 0 0 1
    outer loop
      vertex 47.7821 -50.4905 6
      vertex 50 -60 6
      vertex 48 -50.5 6
    endloop
  endfacet
  facet normal 0 0 1
    outer loop
      vertex 47.5659 -50.462 6
      vertex 50 -60 6
      vertex 47.7821 -50.4905 6
    endloop
  endfacet
  facet normal 0 0 1
    outer loop
      vertex 47.353 -50.4148 6
      vertex 50 -60 6
      vertex 47.5659 -50.462 6
    endloop
  endfacet
  facet normal 0 0 1
    outer loop
      vertex 47.145 -50.3492 6
      vertex 50 -60 6
      vertex 47.353 -50.4148 6
    endloop
  endfacet
  facet normal 0 0 1
    outer loop
      vertex 46.9435 -50.2658 6
      vertex 50 -60 6
      vertex 47.145 -50.3492 6
    endloop
  endfacet
  facet normal 0 0 1
    outer loop
      vertex 46.75 -50.1651 6
      vertex 50 -60 6
      vertex 46.9435 -50.2658 6
    endloop
  endfacet
  facet normal 0 0 1
    outer loop
      vertex 46.5661 -50.0479 6
      vertex 50 -60 6
      vertex 46.75 -50.1651 6
    endloop
  endfacet
  facet normal 0 0 1
    outer loop
      vertex 46.393 -49.9151 6
      vertex 50 -60 6
      vertex 46.5661 -50.0479 6
    endloop
  endfacet
  facet normal 0 0 1
    outer loop
      vertex 46.2322 -49.7678 6
      vertex 50 -60 6
      vertex 46.393 -49.9151 6
    endloop
  endfacet
  facet normal 0 0 1
    outer loop
      vertex 46.0849 -49.607 6
      vertex 50 -60 6
      vertex 46.2322 -49.7678 6
    endloop
  endfacet
  facet normal 0 0 1
    outer loop
      vertex 45.9521 -49.4339 6
      vertex 50 -60 6
      vertex 46.0849 -49.607 6
    endloop
  endfacet
  facet normal 0 0 1
    outer loop
      vertex 45.8349 -49.25 6
      vertex 50 -60 6
      vertex 45.9521 -49.4339 6
    endloop
  endfacet
  facet normal 0 0 1
    outer loop
      vertex 6 -35.25 6
      vertex 45.8349 -49.25 6
      vertex 45.7342 -49.0565 6
    endloop
  endfacet
  facet normal 0 0 1
    outer loop
      vertex 6 -35.25 6
      vertex 45.7342 -49.0565 6
      vertex 45.6508 -48.855 6
    endloop
  endfacet
  facet normal 0 0 1
    outer loop
      vertex 46.2322 -46.2322 6
      vertex 17.8544 -17.8544 6
      vertex 46.0849 -46.393 6
    endloop
  endfacet
  facet normal -0 0 1
    outer loop
      vertex 16.2304 -19.3426 6
      vertex 46.0849 -46.393 6
      vertex 17.8544 -17.8544 6
    endloop
  endfacet
  facet normal 0 0 1
    outer loop
      vertex 46.0849 -46.393 6
      vertex 16.2304 -19.3426 6
      vertex 45.9521 -46.5661 6
    endloop
  endfacet
  facet normal 0 0 1
    outer loop
      vertex 45.9521 -46.5661 6
      vertex 16.2304 -19.3426 6
      vertex 45.8349 -46.75 6
    endloop
  endfacet
  facet normal -0 0 1
    outer loop
      vertex 14.4828 -20.6836 6
      vertex 45.8349 -46.75 6
      vertex 16.2304 -19.3426 6
    endloop
  endfacet
  facet normal 0 0 1
    outer loop
      vertex 45.8349 -46.75 6
      vertex 14.4828 -20.6836 6
      vertex 45.7342 -46.9435 6
    endloop
  endfacet
  facet normal -0 0 1
    outer loop
      vertex 6 -35.25 6
      vertex 45.7342 -46.9435 6
      vertex 14.4828 -20.6836 6
    endloop
  endfacet
  facet normal 0 0 1
    outer loop
      vertex 45.7342 -46.9435 6
      vertex 6 -35.25 6
      vertex 45.6508 -47.145 6
    endloop
  endfacet
  facet normal 0 0 1
    outer loop
      vertex 45.6508 -47.145 6
      vertex 6 -35.25 6
      vertex 45.5852 -47.353 6
    endloop
  endfacet
  facet normal 0 0 1
    outer loop
      vertex 45.5852 -47.353 6
      vertex 6 -35.25 6
      vertex 45.538 -47.5659 6
    endloop
  endfacet
  facet normal 0 0 1
    outer loop
      vertex 45.538 -47.5659 6
      vertex 6 -35.25 6
      vertex 45.5095 -47.7821 6
    endloop
  endfacet
  facet normal 0 0 1
    outer loop
      vertex 45.5095 -47.7821 6
      vertex 6 -35.25 6
      vertex 45.5 -48 6
    endloop
  endfacet
  facet normal 0 0 1
    outer loop
      vertex 45.5 -48 6
      vertex 6 -35.25 6
      vertex 45.5095 -48.2179 6
    endloop
  endfacet
  facet normal 0 0 1
    outer loop
      vertex 45.5095 -48.2179 6
      vertex 6 -35.25 6
      vertex 45.538 -48.4341 6
    endloop
  endfacet
  facet normal 0 0 1
    outer loop
      vertex 45.538 -48.4341 6
      vertex 6 -35.25 6
      vertex 45.5852 -48.647 6
    endloop
  endfacet
  facet normal 0 0 1
    outer loop
      vertex 45.5852 -48.647 6
      vertex 6 -35.25 6
      vertex 45.6508 -48.855 6
    endloop
  endfacet
  facet normal 0 0 1
    outer loop
      vertex 6 -35.25 6
      vertex 14.4828 -20.6836 6
      vertex 12.625 -21.8671 6
    endloop
  endfacet
  facet normal 0 0 1
    outer loop
      vertex 6 -35.25 6
      vertex 12.625 -21.8671 6
      vertex 10.6711 -22.8843 6
    endloop
  endfacet
  facet normal 0 0 1
    outer loop
      vertex 6 -35.25 6
      vertex 10.6711 -22.8843 6
      vertex 8.63601 -23.7272 6
    endloop
  endfacet
  facet normal 0 0 1
    outer loop
      vertex 6 -35.25 6
      vertex 8.63601 -23.7272 6
      vertex 6.53518 -24.3896 6
    endloop
  endfacet
  facet normal 0 0 1
    outer loop
      vertex 6 -35.25 6
      vertex 6.53518 -24.3896 6
      vertex 6 -24.5083 6
    endloop
  endfacet
  facet normal 0 0 1
    outer loop
      vertex 45.8349 -49.25 6
      vertex 6 -35.25 6
      vertex 50 -60 6
    endloop
  endfacet
  facet normal -0 0 1
    outer loop
      vertex 1 -35.25 6
      vertex 50 -60 6
      vertex 6 -35.25 6
    endloop
  endfacet
  facet normal 0 0 1
    outer loop
      vertex -1 -35.25 6
      vertex 0 -20.25 6
      vertex -1 -20.2063 6
    endloop
  endfacet
  facet normal 0 0 1
    outer loop
      vertex 0 -20.25 6
      vertex -1 -35.25 6
      vertex 1 -35.25 6
    endloop
  endfacet
  facet normal -0 0 1
    outer loop
      vertex -1 -35.25 6
      vertex 50 -60 6
      vertex 1 -35.25 6
    endloop
  endfacet
  facet normal 0 0 1
    outer loop
      vertex -50 -60 6
      vertex -1 -35.25 6
      vertex -6 -35.25 6
    endloop
  endfacet
  facet normal 0 0 1
    outer loop
      vertex -8.63601 -23.7272 6
      vertex -6 -35.25 6
      vertex -6.53518 -24.3896 6
    endloop
  endfacet
  facet normal 0 0 1
    outer loop
      vertex -10.6711 -22.8843 6
      vertex -6 -35.25 6
      vertex -8.63601 -23.7272 6
    endloop
  endfacet
  facet normal 0 0 1
    outer loop
      vertex -12.625 -21.8671 6
      vertex -6 -35.25 6
      vertex -10.6711 -22.8843 6
    endloop
  endfacet
  facet normal 0 0 1
    outer loop
      vertex -14.4828 -20.6836 6
      vertex -6 -35.25 6
      vertex -12.625 -21.8671 6
    endloop
  endfacet
  facet normal 0 0 1
    outer loop
      vertex -45.5 -48 6
      vertex -14.4828 -20.6836 6
      vertex -16.2304 -19.3426 6
    endloop
  endfacet
  facet normal 0 0 1
    outer loop
      vertex -45.5 -48 6
      vertex -16.2304 -19.3426 6
      vertex -17.8544 -17.8544 6
    endloop
  endfacet
  facet normal 0 0 1
    outer loop
      vertex -45.5 -48 6
      vertex -17.8544 -17.8544 6
      vertex -19.3426 -16.2304 6
    endloop
  endfacet
  facet normal 0 0 1
    outer loop
      vertex -45.5 -48 6
      vertex -19.3426 -16.2304 6
      vertex -20.6836 -14.4828 6
    endloop
  endfacet
  facet normal -0 0 1
    outer loop
      vertex -46.393 46.0849 6
      vertex -17.8544 17.8544 6
      vertex -46.2322 46.2322 6
    endloop
  endfacet
  facet normal 0 0 1
    outer loop
      vertex -25.25 0 6
      vertex -45.5 -48 6
      vertex -25.1539 -2.20068 6
    endloop
  endfacet
  facet normal 0 0 1
    outer loop
      vertex -25.1539 -2.20068 6
      vertex -45.5 -48 6
      vertex -24.8664 -4.38462 6
    endloop
  endfacet
  facet normal 0 0 1
    outer loop
      vertex -24.8664 -4.38462 6
      vertex -45.5 -48 6
      vertex -24.3896 -6.53518 6
    endloop
  endfacet
  facet normal 0 0 1
    outer loop
      vertex -24.3896 -6.53518 6
      vertex -45.5 -48 6
      vertex -23.7272 -8.63601 6
    endloop
  endfacet
  facet normal 0 0 1
    outer loop
      vertex -45.5 -48 6
      vertex -22.8843 -10.6711 6
      vertex -23.7272 -8.63601 6
    endloop
  endfacet
  facet normal 0 0 1
    outer loop
      vertex -45.5 -48 6
      vertex -21.8671 -12.625 6
      vertex -22.8843 -10.6711 6
    endloop
  endfacet
  facet normal 0 0 1
    outer loop
      vertex -45.5 -48 6
      vertex -20.6836 -14.4828 6
      vertex -21.8671 -12.625 6
    endloop
  endfacet
  facet normal 0 0 1
    outer loop
      vertex -14.4828 -20.6836 6
      vertex -45.5 -48 6
      vertex -6 -35.25 6
    endloop
  endfacet
  facet normal 0 0 1
    outer loop
      vertex -45.5095 -48.2179 6
      vertex -6 -35.25 6
      vertex -45.5 -48 6
    endloop
  endfacet
  facet normal 0 0 1
    outer loop
      vertex -45.538 -48.4341 6
      vertex -6 -35.25 6
      vertex -45.5095 -48.2179 6
    endloop
  endfacet
  facet normal 0 0 1
    outer loop
      vertex -45.5852 -48.647 6
      vertex -6 -35.25 6
      vertex -45.538 -48.4341 6
    endloop
  endfacet
  facet normal 0 0 1
    outer loop
      vertex -45.6508 -48.855 6
      vertex -6 -35.25 6
      vertex -45.5852 -48.647 6
    endloop
  endfacet
  facet normal 0 0 1
    outer loop
      vertex -45.7342 -49.0565 6
      vertex -6 -35.25 6
      vertex -45.6508 -48.855 6
    endloop
  endfacet
  facet normal 0 0 1
    outer loop
      vertex -45.8349 -49.25 6
      vertex -6 -35.25 6
      vertex -45.7342 -49.0565 6
    endloop
  endfacet
  facet normal 0 0 1
    outer loop
      vertex -50 -60 6
      vertex -6 -35.25 6
      vertex -45.8349 -49.25 6
    endloop
  endfacet
  facet normal 0 0 1
    outer loop
      vertex -50 -60 6
      vertex -45.8349 -49.25 6
      vertex -45.9521 -49.4339 6
    endloop
  endfacet
  facet normal 0 0 1
    outer loop
      vertex -50 -60 6
      vertex -45.9521 -49.4339 6
      vertex -46.0849 -49.607 6
    endloop
  endfacet
  facet normal 0 0 1
    outer loop
      vertex -50 -60 6
      vertex -46.0849 -49.607 6
      vertex -46.2322 -49.7678 6
    endloop
  endfacet
  facet normal 0 0 1
    outer loop
      vertex -50 -60 6
      vertex -46.2322 -49.7678 6
      vertex -46.393 -49.9151 6
    endloop
  endfacet
  facet normal 0 0 1
    outer loop
      vertex -50 -60 6
      vertex -46.393 -49.9151 6
      vertex -46.5661 -50.0479 6
    endloop
  endfacet
  facet normal 0 0 1
    outer loop
      vertex -50 -60 6
      vertex -46.5661 -50.0479 6
      vertex -46.75 -50.1651 6
    endloop
  endfacet
  facet normal 0 0 1
    outer loop
      vertex -50 -60 6
      vertex -46.75 -50.1651 6
      vertex -46.9435 -50.2658 6
    endloop
  endfacet
  facet normal 0 0 1
    outer loop
      vertex -50 -60 6
      vertex -46.9435 -50.2658 6
      vertex -47.145 -50.3492 6
    endloop
  endfacet
  facet normal 0 0 1
    outer loop
      vertex -50 -60 6
      vertex -47.145 -50.3492 6
      vertex -47.353 -50.4148 6
    endloop
  endfacet
  facet normal 0 0 1
    outer loop
      vertex -50 -60 6
      vertex -47.353 -50.4148 6
      vertex -47.5659 -50.462 6
    endloop
  endfacet
  facet normal 0 0 1
    outer loop
      vertex -50 -60 6
      vertex -47.5659 -50.462 6
      vertex -47.7821 -50.4905 6
    endloop
  endfacet
  facet normal 0 0 1
    outer loop
      vertex -50 -60 6
      vertex -47.7821 -50.4905 6
      vertex -48 -50.5 6
    endloop
  endfacet
  facet normal 0 0 1
    outer loop
      vertex -50 -60 6
      vertex -48 -50.5 6
      vertex -48.2179 -50.4905 6
    endloop
  endfacet
  facet normal 0 0 1
    outer loop
      vertex -1 -35.25 6
      vertex -50 -60 6
      vertex 50 -60 6
    endloop
  endfacet
  facet normal 0 0 1
    outer loop
      vertex -48.4341 -50.462 6
      vertex -50 -60 6
      vertex -48.2179 -50.4905 6
    endloop
  endfacet
  facet normal 0 0 1
    outer loop
      vertex -48.647 -50.4148 6
      vertex -50 -60 6
      vertex -48.4341 -50.462 6
    endloop
  endfacet
  facet normal 0 0 1
    outer loop
      vertex -48.855 -50.3492 6
      vertex -50 -60 6
      vertex -48.647 -50.4148 6
    endloop
  endfacet
  facet normal 0 0 1
    outer loop
      vertex -51.7365 -59.8481 6
      vertex -48.855 -50.3492 6
      vertex -49.0565 -50.2658 6
    endloop
  endfacet
  facet normal 0 0 1
    outer loop
      vertex -52.5882 -59.6593 6
      vertex -49.0565 -50.2658 6
      vertex -49.25 -50.1651 6
    endloop
  endfacet
  facet normal 0 0 1
    outer loop
      vertex -54.2262 -59.0631 6
      vertex -49.25 -50.1651 6
      vertex -49.4339 -50.0479 6
    endloop
  endfacet
  facet normal 0 0 1
    outer loop
      vertex -55.7358 -58.1915 6
      vertex -49.4339 -50.0479 6
      vertex -49.607 -49.9151 6
    endloop
  endfacet
  facet normal 0 0 1
    outer loop
      vertex -56.4279 -57.6604 6
      vertex -49.607 -49.9151 6
      vertex -49.7678 -49.7678 6
    endloop
  endfacet
  facet normal 0 0 1
    outer loop
      vertex -57.6604 -56.4279 6
      vertex -49.7678 -49.7678 6
      vertex -49.9151 -49.607 6
    endloop
  endfacet
  facet normal 0 0 1
    outer loop
      vertex -58.1915 -55.7358 6
      vertex -49.9151 -49.607 6
      vertex -50.0479 -49.4339 6
    endloop
  endfacet
  facet normal 0 0 1
    outer loop
      vertex -59.0631 -54.2262 6
      vertex -50.0479 -49.4339 6
      vertex -50.1651 -49.25 6
    endloop
  endfacet
  facet normal 0 0 1
    outer loop
      vertex -59.3969 -53.4202 6
      vertex -50.1651 -49.25 6
      vertex -50.2658 -49.0565 6
    endloop
  endfacet
  facet normal 0 0 1
    outer loop
      vertex -59.8481 -51.7365 6
      vertex -50.2658 -49.0565 6
      vertex -50.3492 -48.855 6
    endloop
  endfacet
  facet normal 0 0 1
    outer loop
      vertex -59.9619 -50.8716 6
      vertex -50.3492 -48.855 6
      vertex -50.4148 -48.647 6
    endloop
  endfacet
  facet normal 0 0 1
    outer loop
      vertex -60 -50 6
      vertex -50.4148 -48.647 6
      vertex -50.462 -48.4341 6
    endloop
  endfacet
  facet normal 0 0 1
    outer loop
      vertex -60 -50 6
      vertex -50.462 -48.4341 6
      vertex -50.4905 -48.2179 6
    endloop
  endfacet
  facet normal 0 0 1
    outer loop
      vertex -60 -50 6
      vertex -50.4905 -48.2179 6
      vertex -50.5 -48 6
    endloop
  endfacet
  facet normal 0 0 1
    outer loop
      vertex -48.855 -50.3492 6
      vertex -50.8716 -59.9619 6
      vertex -50 -60 6
    endloop
  endfacet
  facet normal 0 0 1
    outer loop
      vertex -50.462 -47.5659 6
      vertex -60 -50 6
      vertex -50.4905 -47.7821 6
    endloop
  endfacet
  facet normal -0 0 1
    outer loop
      vertex -58.1915 55.7358 6
      vertex -49.9151 49.607 6
      vertex -57.6604 56.4279 6
    endloop
  endfacet
  facet normal 0 0 1
    outer loop
      vertex -50.4905 -47.7821 6
      vertex -60 -50 6
      vertex -50.5 -48 6
    endloop
  endfacet
  facet normal 0 0 1
    outer loop
      vertex -49.9151 49.607 6
      vertex -58.1915 55.7358 6
      vertex -50.0479 49.4339 6
    endloop
  endfacet
  facet normal 0 0 1
    outer loop
      vertex -50.4148 -48.647 6
      vertex -60 -50 6
      vertex -59.9619 -50.8716 6
    endloop
  endfacet
  facet normal -0 0 1
    outer loop
      vertex -58.6602 55 6
      vertex -50.0479 49.4339 6
      vertex -58.1915 55.7358 6
    endloop
  endfacet
  facet normal 0 0 1
    outer loop
      vertex -48.855 -50.3492 6
      vertex -51.7365 -59.8481 6
      vertex -50.8716 -59.9619 6
    endloop
  endfacet
  facet normal -0 0 1
    outer loop
      vertex -59.0631 54.2262 6
      vertex -50.0479 49.4339 6
      vertex -58.6602 55 6
    endloop
  endfacet
  facet normal 0 0 1
    outer loop
      vertex -49.0565 -50.2658 6
      vertex -52.5882 -59.6593 6
      vertex -51.7365 -59.8481 6
    endloop
  endfacet
  facet normal 0 0 1
    outer loop
      vertex -50.0479 49.4339 6
      vertex -59.0631 54.2262 6
      vertex -50.1651 49.25 6
    endloop
  endfacet
  facet normal 0 0 1
    outer loop
      vertex -49.25 -50.1651 6
      vertex -53.4202 -59.3969 6
      vertex -52.5882 -59.6593 6
    endloop
  endfacet
  facet normal -0 0 1
    outer loop
      vertex -59.3969 53.4202 6
      vertex -50.1651 49.25 6
      vertex -59.0631 54.2262 6
    endloop
  endfacet
  facet normal 0 0 1
    outer loop
      vertex -49.25 -50.1651 6
      vertex -54.2262 -59.0631 6
      vertex -53.4202 -59.3969 6
    endloop
  endfacet
  facet normal 0 0 1
    outer loop
      vertex -50.1651 49.25 6
      vertex -59.3969 53.4202 6
      vertex -50.2658 49.0565 6
    endloop
  endfacet
  facet normal 0 0 1
    outer loop
      vertex -49.4339 -50.0479 6
      vertex -55 -58.6602 6
      vertex -54.2262 -59.0631 6
    endloop
  endfacet
  facet normal -0 0 1
    outer loop
      vertex -59.6593 52.5882 6
      vertex -50.2658 49.0565 6
      vertex -59.3969 53.4202 6
    endloop
  endfacet
  facet normal 0 0 1
    outer loop
      vertex -49.4339 -50.0479 6
      vertex -55.7358 -58.1915 6
      vertex -55 -58.6602 6
    endloop
  endfacet
  facet normal -0 0 1
    outer loop
      vertex -59.8481 51.7365 6
      vertex -50.2658 49.0565 6
      vertex -59.6593 52.5882 6
    endloop
  endfacet
  facet normal 0 0 1
    outer loop
      vertex -49.607 -49.9151 6
      vertex -56.4279 -57.6604 6
      vertex -55.7358 -58.1915 6
    endloop
  endfacet
  facet normal 0 0 1
    outer loop
      vertex -50.2658 49.0565 6
      vertex -59.8481 51.7365 6
      vertex -50.3492 48.855 6
    endloop
  endfacet
  facet normal 0 0 1
    outer loop
      vertex -49.7678 -49.7678 6
      vertex -57.0711 -57.0711 6
      vertex -56.4279 -57.6604 6
    endloop
  endfacet
  facet normal -0 0 1
    outer loop
      vertex -59.9619 50.8716 6
      vertex -50.3492 48.855 6
      vertex -59.8481 51.7365 6
    endloop
  endfacet
  facet normal 0 0 1
    outer loop
      vertex -49.7678 -49.7678 6
      vertex -57.6604 -56.4279 6
      vertex -57.0711 -57.0711 6
    endloop
  endfacet
  facet normal 0 0 1
    outer loop
      vertex -50.3492 48.855 6
      vertex -59.9619 50.8716 6
      vertex -50.4148 48.647 6
    endloop
  endfacet
  facet normal 0 0 1
    outer loop
      vertex -49.9151 -49.607 6
      vertex -58.1915 -55.7358 6
      vertex -57.6604 -56.4279 6
    endloop
  endfacet
  facet normal -0 0 1
    outer loop
      vertex -60 50 6
      vertex -50.4148 48.647 6
      vertex -59.9619 50.8716 6
    endloop
  endfacet
  facet normal 0 0 1
    outer loop
      vertex -50.0479 -49.4339 6
      vertex -58.6602 -55 6
      vertex -58.1915 -55.7358 6
    endloop
  endfacet
  facet normal 0 0 1
    outer loop
      vertex -50.4148 48.647 6
      vertex -60 50 6
      vertex -50.462 48.4341 6
    endloop
  endfacet
  facet normal 0 0 1
    outer loop
      vertex -50.0479 -49.4339 6
      vertex -59.0631 -54.2262 6
      vertex -58.6602 -55 6
    endloop
  endfacet
  facet normal 0 0 1
    outer loop
      vertex -50.462 48.4341 6
      vertex -60 50 6
      vertex -50.4905 48.2179 6
    endloop
  endfacet
  facet normal 0 0 1
    outer loop
      vertex -50.1651 -49.25 6
      vertex -59.3969 -53.4202 6
      vertex -59.0631 -54.2262 6
    endloop
  endfacet
  facet normal 0 0 1
    outer loop
      vertex -50.4905 48.2179 6
      vertex -60 50 6
      vertex -50.5 48 6
    endloop
  endfacet
  facet normal 0 0 1
    outer loop
      vertex -50.2658 -49.0565 6
      vertex -59.6593 -52.5882 6
      vertex -59.3969 -53.4202 6
    endloop
  endfacet
  facet normal 0 0 1
    outer loop
      vertex -50.2658 -49.0565 6
      vertex -59.8481 -51.7365 6
      vertex -59.6593 -52.5882 6
    endloop
  endfacet
  facet normal 0 0 1
    outer loop
      vertex -50.3492 -48.855 6
      vertex -59.9619 -50.8716 6
      vertex -59.8481 -51.7365 6
    endloop
  endfacet
  facet normal -0.461825 -0.886971 0
    outer loop
      vertex -55 -58.6602 0
      vertex -54.2262 -59.0631 6
      vertex -55 -58.6602 6
    endloop
  endfacet
  facet normal -0.461825 -0.886971 -0
    outer loop
      vertex -54.2262 -59.0631 6
      vertex -55 -58.6602 0
      vertex -54.2262 -59.0631 0
    endloop
  endfacet
  facet normal 0.991455 0.130452 0
    outer loop
      vertex 59.9619 50.8716 6
      vertex 59.8481 51.7365 0
      vertex 59.8481 51.7365 6
    endloop
  endfacet
  facet normal 0.991455 0.130452 0
    outer loop
      vertex 59.8481 51.7365 0
      vertex 59.9619 50.8716 6
      vertex 59.9619 50.8716 0
    endloop
  endfacet
  facet normal -0.923902 0.382629 0
    outer loop
      vertex -59.3969 53.4202 0
      vertex -59.0631 54.2262 6
      vertex -59.0631 54.2262 0
    endloop
  endfacet
  facet normal -0.923902 0.382629 0
    outer loop
      vertex -59.0631 54.2262 6
      vertex -59.3969 53.4202 0
      vertex -59.3969 53.4202 6
    endloop
  endfacet
  facet normal 0.216421 0.9763 -0
    outer loop
      vertex 52.5882 59.6593 0
      vertex 51.7365 59.8481 6
      vertex 52.5882 59.6593 6
    endloop
  endfacet
  facet normal 0.216421 0.9763 0
    outer loop
      vertex 51.7365 59.8481 6
      vertex 52.5882 59.6593 0
      vertex 51.7365 59.8481 0
    endloop
  endfacet
  facet normal -0.130452 -0.991455 0
    outer loop
      vertex -51.7365 -59.8481 0
      vertex -50.8716 -59.9619 6
      vertex -51.7365 -59.8481 6
    endloop
  endfacet
  facet normal -0.130452 -0.991455 -0
    outer loop
      vertex -50.8716 -59.9619 6
      vertex -51.7365 -59.8481 0
      vertex -50.8716 -59.9619 0
    endloop
  endfacet
  facet normal -0.991455 0.130452 0
    outer loop
      vertex -59.9619 50.8716 0
      vertex -59.8481 51.7365 6
      vertex -59.8481 51.7365 0
    endloop
  endfacet
  facet normal -0.991455 0.130452 0
    outer loop
      vertex -59.8481 51.7365 6
      vertex -59.9619 50.8716 0
      vertex -59.9619 50.8716 6
    endloop
  endfacet
  facet normal 0.461825 -0.886971 0
    outer loop
      vertex 54.2262 -59.0631 0
      vertex 55 -58.6602 6
      vertex 54.2262 -59.0631 6
    endloop
  endfacet
  facet normal 0.461825 -0.886971 0
    outer loop
      vertex 55 -58.6602 6
      vertex 54.2262 -59.0631 0
      vertex 55 -58.6602 0
    endloop
  endfacet
  facet normal -0.608785 -0.793335 0
    outer loop
      vertex -56.4279 -57.6604 0
      vertex -55.7358 -58.1915 6
      vertex -56.4279 -57.6604 6
    endloop
  endfacet
  facet normal -0.608785 -0.793335 -0
    outer loop
      vertex -55.7358 -58.1915 6
      vertex -56.4279 -57.6604 0
      vertex -55.7358 -58.1915 0
    endloop
  endfacet
  facet normal -0.216421 -0.9763 0
    outer loop
      vertex -52.5882 -59.6593 0
      vertex -51.7365 -59.8481 6
      vertex -52.5882 -59.6593 6
    endloop
  endfacet
  facet normal -0.216421 -0.9763 -0
    outer loop
      vertex -51.7365 -59.8481 6
      vertex -52.5882 -59.6593 0
      vertex -51.7365 -59.8481 0
    endloop
  endfacet
  facet normal -0.991455 -0.130452 0
    outer loop
      vertex -59.8481 -51.7365 0
      vertex -59.9619 -50.8716 6
      vertex -59.9619 -50.8716 0
    endloop
  endfacet
  facet normal -0.991455 -0.130452 0
    outer loop
      vertex -59.9619 -50.8716 6
      vertex -59.8481 -51.7365 0
      vertex -59.8481 -51.7365 6
    endloop
  endfacet
  facet normal -0.537254 0.843421 0
    outer loop
      vertex -55 58.6602 0
      vertex -55.7358 58.1915 6
      vertex -55 58.6602 6
    endloop
  endfacet
  facet normal -0.537254 0.843421 0
    outer loop
      vertex -55.7358 58.1915 6
      vertex -55 58.6602 0
      vertex -55.7358 58.1915 0
    endloop
  endfacet
  facet normal -0.608785 0.793335 0
    outer loop
      vertex -55.7358 58.1915 0
      vertex -56.4279 57.6604 6
      vertex -55.7358 58.1915 6
    endloop
  endfacet
  facet normal -0.608785 0.793335 0
    outer loop
      vertex -56.4279 57.6604 6
      vertex -55.7358 58.1915 0
      vertex -56.4279 57.6604 0
    endloop
  endfacet
  facet normal 0.675538 0.737325 -0
    outer loop
      vertex 57.0711 57.0711 0
      vertex 56.4279 57.6604 6
      vertex 57.0711 57.0711 6
    endloop
  endfacet
  facet normal 0.675538 0.737325 0
    outer loop
      vertex 56.4279 57.6604 6
      vertex 57.0711 57.0711 0
      vertex 56.4279 57.6604 0
    endloop
  endfacet
  facet normal -0.953693 0.30078 0
    outer loop
      vertex -59.6593 52.5882 0
      vertex -59.3969 53.4202 6
      vertex -59.3969 53.4202 0
    endloop
  endfacet
  facet normal -0.953693 0.30078 0
    outer loop
      vertex -59.3969 53.4202 6
      vertex -59.6593 52.5882 0
      vertex -59.6593 52.5882 6
    endloop
  endfacet
  facet normal -0.537254 -0.843421 0
    outer loop
      vertex -55.7358 -58.1915 0
      vertex -55 -58.6602 6
      vertex -55.7358 -58.1915 6
    endloop
  endfacet
  facet normal -0.537254 -0.843421 -0
    outer loop
      vertex -55 -58.6602 6
      vertex -55.7358 -58.1915 0
      vertex -55 -58.6602 0
    endloop
  endfacet
  facet normal 0.30078 -0.953693 0
    outer loop
      vertex 52.5882 -59.6593 0
      vertex 53.4202 -59.3969 6
      vertex 52.5882 -59.6593 6
    endloop
  endfacet
  facet normal 0.30078 -0.953693 0
    outer loop
      vertex 53.4202 -59.3969 6
      vertex 52.5882 -59.6593 0
      vertex 53.4202 -59.3969 0
    endloop
  endfacet
  facet normal 0.737325 0.675538 0
    outer loop
      vertex 57.6604 56.4279 6
      vertex 57.0711 57.0711 0
      vertex 57.0711 57.0711 6
    endloop
  endfacet
  facet normal 0.737325 0.675538 0
    outer loop
      vertex 57.0711 57.0711 0
      vertex 57.6604 56.4279 6
      vertex 57.6604 56.4279 0
    endloop
  endfacet
  facet normal 0.886971 0.461825 0
    outer loop
      vertex 59.0631 54.2262 6
      vertex 58.6602 55 0
      vertex 58.6602 55 6
    endloop
  endfacet
  facet normal 0.886971 0.461825 0
    outer loop
      vertex 58.6602 55 0
      vertex 59.0631 54.2262 6
      vertex 59.0631 54.2262 0
    endloop
  endfacet
  facet normal 0.461825 0.886971 -0
    outer loop
      vertex 55 58.6602 0
      vertex 54.2262 59.0631 6
      vertex 55 58.6602 6
    endloop
  endfacet
  facet normal 0.461825 0.886971 0
    outer loop
      vertex 54.2262 59.0631 6
      vertex 55 58.6602 0
      vertex 54.2262 59.0631 0
    endloop
  endfacet
  facet normal 0.793335 0.608785 0
    outer loop
      vertex 58.1915 55.7358 6
      vertex 57.6604 56.4279 0
      vertex 57.6604 56.4279 6
    endloop
  endfacet
  facet normal 0.793335 0.608785 0
    outer loop
      vertex 57.6604 56.4279 0
      vertex 58.1915 55.7358 6
      vertex 58.1915 55.7358 0
    endloop
  endfacet
  facet normal 0.999046 0.043671 0
    outer loop
      vertex 60 50 6
      vertex 59.9619 50.8716 0
      vertex 59.9619 50.8716 6
    endloop
  endfacet
  facet normal 0.999046 0.043671 0
    outer loop
      vertex 59.9619 50.8716 0
      vertex 60 50 6
      vertex 60 50 0
    endloop
  endfacet
  facet normal -0.886971 -0.461825 0
    outer loop
      vertex -58.6602 -55 0
      vertex -59.0631 -54.2262 6
      vertex -59.0631 -54.2262 0
    endloop
  endfacet
  facet normal -0.886971 -0.461825 0
    outer loop
      vertex -59.0631 -54.2262 6
      vertex -58.6602 -55 0
      vertex -58.6602 -55 6
    endloop
  endfacet
  facet normal -0.675538 0.737325 0
    outer loop
      vertex -56.4279 57.6604 0
      vertex -57.0711 57.0711 6
      vertex -56.4279 57.6604 6
    endloop
  endfacet
  facet normal -0.675538 0.737325 0
    outer loop
      vertex -57.0711 57.0711 6
      vertex -56.4279 57.6604 0
      vertex -57.0711 57.0711 0
    endloop
  endfacet
  facet normal -0.9763 0.216421 0
    outer loop
      vertex -59.8481 51.7365 0
      vertex -59.6593 52.5882 6
      vertex -59.6593 52.5882 0
    endloop
  endfacet
  facet normal -0.9763 0.216421 0
    outer loop
      vertex -59.6593 52.5882 6
      vertex -59.8481 51.7365 0
      vertex -59.8481 51.7365 6
    endloop
  endfacet
  facet normal 0.130452 0.991455 -0
    outer loop
      vertex 51.7365 59.8481 0
      vertex 50.8716 59.9619 6
      vertex 51.7365 59.8481 6
    endloop
  endfacet
  facet normal 0.130452 0.991455 0
    outer loop
      vertex 50.8716 59.9619 6
      vertex 51.7365 59.8481 0
      vertex 50.8716 59.9619 0
    endloop
  endfacet
  facet normal 0.30078 0.953693 -0
    outer loop
      vertex 53.4202 59.3969 0
      vertex 52.5882 59.6593 6
      vertex 53.4202 59.3969 6
    endloop
  endfacet
  facet normal 0.30078 0.953693 0
    outer loop
      vertex 52.5882 59.6593 6
      vertex 53.4202 59.3969 0
      vertex 52.5882 59.6593 0
    endloop
  endfacet
  facet normal 0.608785 0.793335 -0
    outer loop
      vertex 56.4279 57.6604 0
      vertex 55.7358 58.1915 6
      vertex 56.4279 57.6604 6
    endloop
  endfacet
  facet normal 0.608785 0.793335 0
    outer loop
      vertex 55.7358 58.1915 6
      vertex 56.4279 57.6604 0
      vertex 55.7358 58.1915 0
    endloop
  endfacet
  facet normal 0.043671 0.999046 -0
    outer loop
      vertex 50.8716 59.9619 0
      vertex 50 60 6
      vertex 50.8716 59.9619 6
    endloop
  endfacet
  facet normal 0.043671 0.999046 0
    outer loop
      vertex 50 60 6
      vertex 50.8716 59.9619 0
      vertex 50 60 0
    endloop
  endfacet
  facet normal 0.537254 0.843421 -0
    outer loop
      vertex 55.7358 58.1915 0
      vertex 55 58.6602 6
      vertex 55.7358 58.1915 6
    endloop
  endfacet
  facet normal 0.537254 0.843421 0
    outer loop
      vertex 55 58.6602 6
      vertex 55.7358 58.1915 0
      vertex 55 58.6602 0
    endloop
  endfacet
  facet normal 0.537254 -0.843421 0
    outer loop
      vertex 55 -58.6602 0
      vertex 55.7358 -58.1915 6
      vertex 55 -58.6602 6
    endloop
  endfacet
  facet normal 0.537254 -0.843421 0
    outer loop
      vertex 55.7358 -58.1915 6
      vertex 55 -58.6602 0
      vertex 55.7358 -58.1915 0
    endloop
  endfacet
  facet normal -0.9763 -0.216421 0
    outer loop
      vertex -59.6593 -52.5882 0
      vertex -59.8481 -51.7365 6
      vertex -59.8481 -51.7365 0
    endloop
  endfacet
  facet normal -0.9763 -0.216421 0
    outer loop
      vertex -59.8481 -51.7365 6
      vertex -59.6593 -52.5882 0
      vertex -59.6593 -52.5882 6
    endloop
  endfacet
  facet normal -0.999046 -0.043671 0
    outer loop
      vertex -59.9619 -50.8716 0
      vertex -60 -50 6
      vertex -60 -50 0
    endloop
  endfacet
  facet normal -0.999046 -0.043671 0
    outer loop
      vertex -60 -50 6
      vertex -59.9619 -50.8716 0
      vertex -59.9619 -50.8716 6
    endloop
  endfacet
  facet normal 0.382629 0.923902 -0
    outer loop
      vertex 54.2262 59.0631 0
      vertex 53.4202 59.3969 6
      vertex 54.2262 59.0631 6
    endloop
  endfacet
  facet normal 0.382629 0.923902 0
    outer loop
      vertex 53.4202 59.3969 6
      vertex 54.2262 59.0631 0
      vertex 53.4202 59.3969 0
    endloop
  endfacet
  facet normal 0.923902 -0.382629 0
    outer loop
      vertex 59.0631 -54.2262 6
      vertex 59.3969 -53.4202 0
      vertex 59.3969 -53.4202 6
    endloop
  endfacet
  facet normal 0.923902 -0.382629 0
    outer loop
      vertex 59.3969 -53.4202 0
      vertex 59.0631 -54.2262 6
      vertex 59.0631 -54.2262 0
    endloop
  endfacet
  facet normal -0.953693 -0.30078 0
    outer loop
      vertex -59.3969 -53.4202 0
      vertex -59.6593 -52.5882 6
      vertex -59.6593 -52.5882 0
    endloop
  endfacet
  facet normal -0.953693 -0.30078 0
    outer loop
      vertex -59.6593 -52.5882 6
      vertex -59.3969 -53.4202 0
      vertex -59.3969 -53.4202 6
    endloop
  endfacet
  facet normal 0.737325 -0.675538 0
    outer loop
      vertex 57.0711 -57.0711 6
      vertex 57.6604 -56.4279 0
      vertex 57.6604 -56.4279 6
    endloop
  endfacet
  facet normal 0.737325 -0.675538 0
    outer loop
      vertex 57.6604 -56.4279 0
      vertex 57.0711 -57.0711 6
      vertex 57.0711 -57.0711 0
    endloop
  endfacet
  facet normal 0.382629 -0.923902 0
    outer loop
      vertex 53.4202 -59.3969 0
      vertex 54.2262 -59.0631 6
      vertex 53.4202 -59.3969 6
    endloop
  endfacet
  facet normal 0.382629 -0.923902 0
    outer loop
      vertex 54.2262 -59.0631 6
      vertex 53.4202 -59.3969 0
      vertex 54.2262 -59.0631 0
    endloop
  endfacet
  facet normal -0.991423 -0.130692 0
    outer loop
      vertex -45.5095 -47.7821 0
      vertex -45.538 -47.5659 6
      vertex -45.538 -47.5659 0
    endloop
  endfacet
  facet normal -0.991423 -0.130692 0
    outer loop
      vertex -45.538 -47.5659 6
      vertex -45.5095 -47.7821 0
      vertex -45.5095 -47.7821 6
    endloop
  endfacet
  facet normal -0.999051 -0.0435566 0
    outer loop
      vertex -45.5 -48 0
      vertex -45.5095 -47.7821 6
      vertex -45.5095 -47.7821 0
    endloop
  endfacet
  facet normal -0.999051 -0.0435566 0
    outer loop
      vertex -45.5095 -47.7821 6
      vertex -45.5 -48 0
      vertex -45.5 -48 6
    endloop
  endfacet
  facet normal -0.976295 -0.216445 0
    outer loop
      vertex -45.538 -47.5659 0
      vertex -45.5852 -47.353 6
      vertex -45.5852 -47.353 0
    endloop
  endfacet
  facet normal -0.976295 -0.216445 0
    outer loop
      vertex -45.5852 -47.353 6
      vertex -45.538 -47.5659 0
      vertex -45.538 -47.5659 6
    endloop
  endfacet
  facet normal 0.608691 0.793407 -0
    outer loop
      vertex -49.4339 -50.0479 0
      vertex -49.607 -49.9151 6
      vertex -49.4339 -50.0479 6
    endloop
  endfacet
  facet normal 0.608691 0.793407 0
    outer loop
      vertex -49.607 -49.9151 6
      vertex -49.4339 -50.0479 0
      vertex -49.607 -49.9151 0
    endloop
  endfacet
  facet normal 0.887067 0.461641 0
    outer loop
      vertex -50.1651 -49.25 6
      vertex -50.2658 -49.0565 0
      vertex -50.2658 -49.0565 6
    endloop
  endfacet
  facet normal 0.887067 0.461641 0
    outer loop
      vertex -50.2658 -49.0565 0
      vertex -50.1651 -49.25 6
      vertex -50.1651 -49.25 0
    endloop
  endfacet
  facet normal 0.999051 -0.0435566 0
    outer loop
      vertex -50.5 -48 6
      vertex -50.4905 -47.7821 0
      vertex -50.4905 -47.7821 6
    endloop
  endfacet
  facet normal 0.999051 -0.0435566 0
    outer loop
      vertex -50.4905 -47.7821 0
      vertex -50.5 -48 6
      vertex -50.5 -48 0
    endloop
  endfacet
  facet normal 0.953693 -0.30078 0
    outer loop
      vertex -50.4148 -47.353 6
      vertex -50.3492 -47.145 0
      vertex -50.3492 -47.145 6
    endloop
  endfacet
  facet normal 0.953693 -0.30078 0
    outer loop
      vertex -50.3492 -47.145 0
      vertex -50.4148 -47.353 6
      vertex -50.4148 -47.353 0
    endloop
  endfacet
  facet normal -0.793407 0.608691 0
    outer loop
      vertex -46.0849 -49.607 0
      vertex -45.9521 -49.4339 6
      vertex -45.9521 -49.4339 0
    endloop
  endfacet
  facet normal -0.793407 0.608691 0
    outer loop
      vertex -45.9521 -49.4339 6
      vertex -46.0849 -49.607 0
      vertex -46.0849 -49.607 6
    endloop
  endfacet
  facet normal 0.130692 0.991423 -0
    outer loop
      vertex -48.2179 -50.4905 0
      vertex -48.4341 -50.462 6
      vertex -48.2179 -50.4905 6
    endloop
  endfacet
  facet normal 0.130692 0.991423 0
    outer loop
      vertex -48.4341 -50.462 6
      vertex -48.2179 -50.4905 0
      vertex -48.4341 -50.462 0
    endloop
  endfacet
  facet normal 0.461641 0.887067 -0
    outer loop
      vertex -49.0565 -50.2658 0
      vertex -49.25 -50.1651 6
      vertex -49.0565 -50.2658 6
    endloop
  endfacet
  facet normal 0.461641 0.887067 0
    outer loop
      vertex -49.25 -50.1651 6
      vertex -49.0565 -50.2658 0
      vertex -49.25 -50.1651 0
    endloop
  endfacet
  facet normal 0.382433 0.923983 -0
    outer loop
      vertex -48.855 -50.3492 0
      vertex -49.0565 -50.2658 6
      vertex -48.855 -50.3492 6
    endloop
  endfacet
  facet normal 0.382433 0.923983 0
    outer loop
      vertex -49.0565 -50.2658 6
      vertex -48.855 -50.3492 0
      vertex -49.0565 -50.2658 0
    endloop
  endfacet
  facet normal -0.130692 0.991423 0
    outer loop
      vertex -47.5659 -50.462 0
      vertex -47.7821 -50.4905 6
      vertex -47.5659 -50.462 6
    endloop
  endfacet
  facet normal -0.130692 0.991423 0
    outer loop
      vertex -47.7821 -50.4905 6
      vertex -47.5659 -50.462 0
      vertex -47.7821 -50.4905 0
    endloop
  endfacet
  facet normal 0.737383 -0.675475 0
    outer loop
      vertex -49.9151 -46.393 6
      vertex -49.7678 -46.2322 0
      vertex -49.7678 -46.2322 6
    endloop
  endfacet
  facet normal 0.737383 -0.675475 0
    outer loop
      vertex -49.7678 -46.2322 0
      vertex -49.9151 -46.393 6
      vertex -49.9151 -46.393 0
    endloop
  endfacet
  facet normal -0.30078 0.953693 0
    outer loop
      vertex -47.145 -50.3492 0
      vertex -47.353 -50.4148 6
      vertex -47.145 -50.3492 6
    endloop
  endfacet
  facet normal -0.30078 0.953693 0
    outer loop
      vertex -47.353 -50.4148 6
      vertex -47.145 -50.3492 0
      vertex -47.353 -50.4148 0
    endloop
  endfacet
  facet normal -0.999051 0.0435566 0
    outer loop
      vertex -45.5095 -48.2179 0
      vertex -45.5 -48 6
      vertex -45.5 -48 0
    endloop
  endfacet
  facet normal -0.999051 0.0435566 0
    outer loop
      vertex -45.5 -48 6
      vertex -45.5095 -48.2179 0
      vertex -45.5095 -48.2179 6
    endloop
  endfacet
  facet normal -0.30078 -0.953693 0
    outer loop
      vertex -47.353 -45.5852 0
      vertex -47.145 -45.6508 6
      vertex -47.353 -45.5852 6
    endloop
  endfacet
  facet normal -0.30078 -0.953693 -0
    outer loop
      vertex -47.145 -45.6508 6
      vertex -47.353 -45.5852 0
      vertex -47.145 -45.6508 0
    endloop
  endfacet
  facet normal -0.737383 0.675475 0
    outer loop
      vertex -46.2322 -49.7678 0
      vertex -46.0849 -49.607 6
      vertex -46.0849 -49.607 0
    endloop
  endfacet
  facet normal -0.737383 0.675475 0
    outer loop
      vertex -46.0849 -49.607 6
      vertex -46.2322 -49.7678 0
      vertex -46.2322 -49.7678 6
    endloop
  endfacet
  facet normal 0.216445 -0.976295 0
    outer loop
      vertex -48.647 -45.5852 0
      vertex -48.4341 -45.538 6
      vertex -48.647 -45.5852 6
    endloop
  endfacet
  facet normal 0.216445 -0.976295 0
    outer loop
      vertex -48.4341 -45.538 6
      vertex -48.647 -45.5852 0
      vertex -48.4341 -45.538 0
    endloop
  endfacet
  facet normal -0.923983 -0.382433 0
    outer loop
      vertex -45.6508 -47.145 0
      vertex -45.7342 -46.9435 6
      vertex -45.7342 -46.9435 0
    endloop
  endfacet
  facet normal -0.923983 -0.382433 0
    outer loop
      vertex -45.7342 -46.9435 6
      vertex -45.6508 -47.145 0
      vertex -45.6508 -47.145 6
    endloop
  endfacet
  facet normal 0.923983 -0.382433 0
    outer loop
      vertex -50.3492 -47.145 6
      vertex -50.2658 -46.9435 0
      vertex -50.2658 -46.9435 6
    endloop
  endfacet
  facet normal 0.923983 -0.382433 0
    outer loop
      vertex -50.2658 -46.9435 0
      vertex -50.3492 -47.145 6
      vertex -50.3492 -47.145 0
    endloop
  endfacet
  facet normal 0.887067 -0.461641 0
    outer loop
      vertex -50.2658 -46.9435 6
      vertex -50.1651 -46.75 0
      vertex -50.1651 -46.75 6
    endloop
  endfacet
  facet normal 0.887067 -0.461641 0
    outer loop
      vertex -50.1651 -46.75 0
      vertex -50.2658 -46.9435 6
      vertex -50.2658 -46.9435 0
    endloop
  endfacet
  facet normal 0.976295 0.216445 0
    outer loop
      vertex -50.4148 -48.647 6
      vertex -50.462 -48.4341 0
      vertex -50.462 -48.4341 6
    endloop
  endfacet
  facet normal 0.976295 0.216445 0
    outer loop
      vertex -50.462 -48.4341 0
      vertex -50.4148 -48.647 6
      vertex -50.4148 -48.647 0
    endloop
  endfacet
  facet normal 0.843303 0.537439 0
    outer loop
      vertex -50.0479 -49.4339 6
      vertex -50.1651 -49.25 0
      vertex -50.1651 -49.25 6
    endloop
  endfacet
  facet normal 0.843303 0.537439 0
    outer loop
      vertex -50.1651 -49.25 0
      vertex -50.0479 -49.4339 6
      vertex -50.0479 -49.4339 0
    endloop
  endfacet
  facet normal -0.953693 -0.30078 0
    outer loop
      vertex -45.5852 -47.353 0
      vertex -45.6508 -47.145 6
      vertex -45.6508 -47.145 0
    endloop
  endfacet
  facet normal -0.953693 -0.30078 0
    outer loop
      vertex -45.6508 -47.145 6
      vertex -45.5852 -47.353 0
      vertex -45.5852 -47.353 6
    endloop
  endfacet
  facet normal 0.461641 -0.887067 0
    outer loop
      vertex -49.25 -45.8349 0
      vertex -49.0565 -45.7342 6
      vertex -49.25 -45.8349 6
    endloop
  endfacet
  facet normal 0.461641 -0.887067 0
    outer loop
      vertex -49.0565 -45.7342 6
      vertex -49.25 -45.8349 0
      vertex -49.0565 -45.7342 0
    endloop
  endfacet
  facet normal -0.130692 -0.991423 0
    outer loop
      vertex -47.7821 -45.5095 0
      vertex -47.5659 -45.538 6
      vertex -47.7821 -45.5095 6
    endloop
  endfacet
  facet normal -0.130692 -0.991423 -0
    outer loop
      vertex -47.5659 -45.538 6
      vertex -47.7821 -45.5095 0
      vertex -47.5659 -45.538 0
    endloop
  endfacet
  facet normal -0.461641 0.887067 0
    outer loop
      vertex -46.75 -50.1651 0
      vertex -46.9435 -50.2658 6
      vertex -46.75 -50.1651 6
    endloop
  endfacet
  facet normal -0.461641 0.887067 0
    outer loop
      vertex -46.9435 -50.2658 6
      vertex -46.75 -50.1651 0
      vertex -46.9435 -50.2658 0
    endloop
  endfacet
  facet normal 0.30078 -0.953693 0
    outer loop
      vertex -48.855 -45.6508 0
      vertex -48.647 -45.5852 6
      vertex -48.855 -45.6508 6
    endloop
  endfacet
  facet normal 0.30078 -0.953693 0
    outer loop
      vertex -48.647 -45.5852 6
      vertex -48.855 -45.6508 0
      vertex -48.647 -45.5852 0
    endloop
  endfacet
  facet normal -0.923983 0.382433 0
    outer loop
      vertex -45.7342 -49.0565 0
      vertex -45.6508 -48.855 6
      vertex -45.6508 -48.855 0
    endloop
  endfacet
  facet normal -0.923983 0.382433 0
    outer loop
      vertex -45.6508 -48.855 6
      vertex -45.7342 -49.0565 0
      vertex -45.7342 -49.0565 6
    endloop
  endfacet
  facet normal 0.675475 0.737383 -0
    outer loop
      vertex -49.607 -49.9151 0
      vertex -49.7678 -49.7678 6
      vertex -49.607 -49.9151 6
    endloop
  endfacet
  facet normal 0.675475 0.737383 0
    outer loop
      vertex -49.7678 -49.7678 6
      vertex -49.607 -49.9151 0
      vertex -49.7678 -49.7678 0
    endloop
  endfacet
  facet normal -0.461641 -0.887067 0
    outer loop
      vertex -46.9435 -45.7342 0
      vertex -46.75 -45.8349 6
      vertex -46.9435 -45.7342 6
    endloop
  endfacet
  facet normal -0.461641 -0.887067 -0
    outer loop
      vertex -46.75 -45.8349 6
      vertex -46.9435 -45.7342 0
      vertex -46.75 -45.8349 0
    endloop
  endfacet
  facet normal 0.537439 0.843303 -0
    outer loop
      vertex -49.25 -50.1651 0
      vertex -49.4339 -50.0479 6
      vertex -49.25 -50.1651 6
    endloop
  endfacet
  facet normal 0.537439 0.843303 0
    outer loop
      vertex -49.4339 -50.0479 6
      vertex -49.25 -50.1651 0
      vertex -49.4339 -50.0479 0
    endloop
  endfacet
  facet normal -0.737383 -0.675475 0
    outer loop
      vertex -46.0849 -46.393 0
      vertex -46.2322 -46.2322 6
      vertex -46.2322 -46.2322 0
    endloop
  endfacet
  facet normal -0.737383 -0.675475 0
    outer loop
      vertex -46.2322 -46.2322 6
      vertex -46.0849 -46.393 0
      vertex -46.0849 -46.393 6
    endloop
  endfacet
  facet normal -0.887067 -0.461641 0
    outer loop
      vertex -45.7342 -46.9435 0
      vertex -45.8349 -46.75 6
      vertex -45.8349 -46.75 0
    endloop
  endfacet
  facet normal -0.887067 -0.461641 0
    outer loop
      vertex -45.8349 -46.75 6
      vertex -45.7342 -46.9435 0
      vertex -45.7342 -46.9435 6
    endloop
  endfacet
  facet normal 0.30078 0.953693 -0
    outer loop
      vertex -48.647 -50.4148 0
      vertex -48.855 -50.3492 6
      vertex -48.647 -50.4148 6
    endloop
  endfacet
  facet normal 0.30078 0.953693 0
    outer loop
      vertex -48.855 -50.3492 6
      vertex -48.647 -50.4148 0
      vertex -48.855 -50.3492 0
    endloop
  endfacet
  facet normal -0.793407 -0.608691 0
    outer loop
      vertex -45.9521 -46.5661 0
      vertex -46.0849 -46.393 6
      vertex -46.0849 -46.393 0
    endloop
  endfacet
  facet normal -0.793407 -0.608691 0
    outer loop
      vertex -46.0849 -46.393 6
      vertex -45.9521 -46.5661 0
      vertex -45.9521 -46.5661 6
    endloop
  endfacet
  facet normal 0.793407 0.608691 0
    outer loop
      vertex -49.9151 -49.607 6
      vertex -50.0479 -49.4339 0
      vertex -50.0479 -49.4339 6
    endloop
  endfacet
  facet normal 0.793407 0.608691 0
    outer loop
      vertex -50.0479 -49.4339 0
      vertex -49.9151 -49.607 6
      vertex -49.9151 -49.607 0
    endloop
  endfacet
  facet normal 0.976295 -0.216445 0
    outer loop
      vertex -50.462 -47.5659 6
      vertex -50.4148 -47.353 0
      vertex -50.4148 -47.353 6
    endloop
  endfacet
  facet normal 0.976295 -0.216445 0
    outer loop
      vertex -50.4148 -47.353 0
      vertex -50.462 -47.5659 6
      vertex -50.462 -47.5659 0
    endloop
  endfacet
  facet normal -0.537439 -0.843303 0
    outer loop
      vertex -46.75 -45.8349 0
      vertex -46.5661 -45.9521 6
      vertex -46.75 -45.8349 6
    endloop
  endfacet
  facet normal -0.537439 -0.843303 -0
    outer loop
      vertex -46.5661 -45.9521 6
      vertex -46.75 -45.8349 0
      vertex -46.5661 -45.9521 0
    endloop
  endfacet
  facet normal -0.0435566 -0.999051 0
    outer loop
      vertex -48 -45.5 0
      vertex -47.7821 -45.5095 6
      vertex -48 -45.5 6
    endloop
  endfacet
  facet normal -0.0435566 -0.999051 -0
    outer loop
      vertex -47.7821 -45.5095 6
      vertex -48 -45.5 0
      vertex -47.7821 -45.5095 0
    endloop
  endfacet
  facet normal -0.953693 0.30078 0
    outer loop
      vertex -45.6508 -48.855 0
      vertex -45.5852 -48.647 6
      vertex -45.5852 -48.647 0
    endloop
  endfacet
  facet normal -0.953693 0.30078 0
    outer loop
      vertex -45.5852 -48.647 6
      vertex -45.6508 -48.855 0
      vertex -45.6508 -48.855 6
    endloop
  endfacet
  facet normal -0.976295 0.216445 0
    outer loop
      vertex -45.5852 -48.647 0
      vertex -45.538 -48.4341 6
      vertex -45.538 -48.4341 0
    endloop
  endfacet
  facet normal -0.976295 0.216445 0
    outer loop
      vertex -45.538 -48.4341 6
      vertex -45.5852 -48.647 0
      vertex -45.5852 -48.647 6
    endloop
  endfacet
  facet normal -0.608691 -0.793407 0
    outer loop
      vertex -46.5661 -45.9521 0
      vertex -46.393 -46.0849 6
      vertex -46.5661 -45.9521 6
    endloop
  endfacet
  facet normal -0.608691 -0.793407 -0
    outer loop
      vertex -46.393 -46.0849 6
      vertex -46.5661 -45.9521 0
      vertex -46.393 -46.0849 0
    endloop
  endfacet
  facet normal 0.608691 -0.793407 0
    outer loop
      vertex -49.607 -46.0849 0
      vertex -49.4339 -45.9521 6
      vertex -49.607 -46.0849 6
    endloop
  endfacet
  facet normal 0.608691 -0.793407 0
    outer loop
      vertex -49.4339 -45.9521 6
      vertex -49.607 -46.0849 0
      vertex -49.4339 -45.9521 0
    endloop
  endfacet
  facet normal -0.0435566 0.999051 0
    outer loop
      vertex -47.7821 -50.4905 0
      vertex -48 -50.5 6
      vertex -47.7821 -50.4905 6
    endloop
  endfacet
  facet normal -0.0435566 0.999051 0
    outer loop
      vertex -48 -50.5 6
      vertex -47.7821 -50.4905 0
      vertex -48 -50.5 0
    endloop
  endfacet
  facet normal 0.0435566 0.999051 -0
    outer loop
      vertex -48 -50.5 0
      vertex -48.2179 -50.4905 6
      vertex -48 -50.5 6
    endloop
  endfacet
  facet normal 0.0435566 0.999051 0
    outer loop
      vertex -48.2179 -50.4905 6
      vertex -48 -50.5 0
      vertex -48.2179 -50.4905 0
    endloop
  endfacet
  facet normal -0.537439 0.843303 0
    outer loop
      vertex -46.5661 -50.0479 0
      vertex -46.75 -50.1651 6
      vertex -46.5661 -50.0479 6
    endloop
  endfacet
  facet normal -0.537439 0.843303 0
    outer loop
      vertex -46.75 -50.1651 6
      vertex -46.5661 -50.0479 0
      vertex -46.75 -50.1651 0
    endloop
  endfacet
  facet normal -0.382433 -0.923983 0
    outer loop
      vertex -47.145 -45.6508 0
      vertex -46.9435 -45.7342 6
      vertex -47.145 -45.6508 6
    endloop
  endfacet
  facet normal -0.382433 -0.923983 -0
    outer loop
      vertex -46.9435 -45.7342 6
      vertex -47.145 -45.6508 0
      vertex -46.9435 -45.7342 0
    endloop
  endfacet
  facet normal 0.0435566 -0.999051 0
    outer loop
      vertex -48.2179 -45.5095 0
      vertex -48 -45.5 6
      vertex -48.2179 -45.5095 6
    endloop
  endfacet
  facet normal 0.0435566 -0.999051 0
    outer loop
      vertex -48 -45.5 6
      vertex -48.2179 -45.5095 0
      vertex -48 -45.5 0
    endloop
  endfacet
  facet normal -0.991423 0.130692 0
    outer loop
      vertex -45.538 -48.4341 0
      vertex -45.5095 -48.2179 6
      vertex -45.5095 -48.2179 0
    endloop
  endfacet
  facet normal -0.991423 0.130692 0
    outer loop
      vertex -45.5095 -48.2179 6
      vertex -45.538 -48.4341 0
      vertex -45.538 -48.4341 6
    endloop
  endfacet
  facet normal -0.382433 0.923983 0
    outer loop
      vertex -46.9435 -50.2658 0
      vertex -47.145 -50.3492 6
      vertex -46.9435 -50.2658 6
    endloop
  endfacet
  facet normal -0.382433 0.923983 0
    outer loop
      vertex -47.145 -50.3492 6
      vertex -46.9435 -50.2658 0
      vertex -47.145 -50.3492 0
    endloop
  endfacet
  facet normal 0.675475 -0.737383 0
    outer loop
      vertex -49.7678 -46.2322 0
      vertex -49.607 -46.0849 6
      vertex -49.7678 -46.2322 6
    endloop
  endfacet
  facet normal 0.675475 -0.737383 0
    outer loop
      vertex -49.607 -46.0849 6
      vertex -49.7678 -46.2322 0
      vertex -49.607 -46.0849 0
    endloop
  endfacet
  facet normal 0.843303 -0.537439 0
    outer loop
      vertex -50.1651 -46.75 6
      vertex -50.0479 -46.5661 0
      vertex -50.0479 -46.5661 6
    endloop
  endfacet
  facet normal 0.843303 -0.537439 0
    outer loop
      vertex -50.0479 -46.5661 0
      vertex -50.1651 -46.75 6
      vertex -50.1651 -46.75 0
    endloop
  endfacet
  facet normal 0.382433 -0.923983 0
    outer loop
      vertex -49.0565 -45.7342 0
      vertex -48.855 -45.6508 6
      vertex -49.0565 -45.7342 6
    endloop
  endfacet
  facet normal 0.382433 -0.923983 0
    outer loop
      vertex -48.855 -45.6508 6
      vertex -49.0565 -45.7342 0
      vertex -48.855 -45.6508 0
    endloop
  endfacet
  facet normal 0.793407 -0.608691 0
    outer loop
      vertex -50.0479 -46.5661 6
      vertex -49.9151 -46.393 0
      vertex -49.9151 -46.393 6
    endloop
  endfacet
  facet normal 0.793407 -0.608691 0
    outer loop
      vertex -49.9151 -46.393 0
      vertex -50.0479 -46.5661 6
      vertex -50.0479 -46.5661 0
    endloop
  endfacet
  facet normal 0.999051 0.0435566 0
    outer loop
      vertex -50.4905 -48.2179 6
      vertex -50.5 -48 0
      vertex -50.5 -48 6
    endloop
  endfacet
  facet normal 0.999051 0.0435566 0
    outer loop
      vertex -50.5 -48 0
      vertex -50.4905 -48.2179 6
      vertex -50.4905 -48.2179 0
    endloop
  endfacet
  facet normal 0.216445 0.976295 -0
    outer loop
      vertex -48.4341 -50.462 0
      vertex -48.647 -50.4148 6
      vertex -48.4341 -50.462 6
    endloop
  endfacet
  facet normal 0.216445 0.976295 0
    outer loop
      vertex -48.647 -50.4148 6
      vertex -48.4341 -50.462 0
      vertex -48.647 -50.4148 0
    endloop
  endfacet
  facet normal -0.608691 0.793407 0
    outer loop
      vertex -46.393 -49.9151 0
      vertex -46.5661 -50.0479 6
      vertex -46.393 -49.9151 6
    endloop
  endfacet
  facet normal -0.608691 0.793407 0
    outer loop
      vertex -46.5661 -50.0479 6
      vertex -46.393 -49.9151 0
      vertex -46.5661 -50.0479 0
    endloop
  endfacet
  facet normal 0.130692 -0.991423 0
    outer loop
      vertex -48.4341 -45.538 0
      vertex -48.2179 -45.5095 6
      vertex -48.4341 -45.538 6
    endloop
  endfacet
  facet normal 0.130692 -0.991423 0
    outer loop
      vertex -48.2179 -45.5095 6
      vertex -48.4341 -45.538 0
      vertex -48.2179 -45.5095 0
    endloop
  endfacet
  facet normal -0.675475 -0.737383 0
    outer loop
      vertex -46.393 -46.0849 0
      vertex -46.2322 -46.2322 6
      vertex -46.393 -46.0849 6
    endloop
  endfacet
  facet normal -0.675475 -0.737383 -0
    outer loop
      vertex -46.2322 -46.2322 6
      vertex -46.393 -46.0849 0
      vertex -46.2322 -46.2322 0
    endloop
  endfacet
  facet normal -0.216445 -0.976295 0
    outer loop
      vertex -47.5659 -45.538 0
      vertex -47.353 -45.5852 6
      vertex -47.5659 -45.538 6
    endloop
  endfacet
  facet normal -0.216445 -0.976295 -0
    outer loop
      vertex -47.353 -45.5852 6
      vertex -47.5659 -45.538 0
      vertex -47.353 -45.5852 0
    endloop
  endfacet
  facet normal -0.216445 0.976295 0
    outer loop
      vertex -47.353 -50.4148 0
      vertex -47.5659 -50.462 6
      vertex -47.353 -50.4148 6
    endloop
  endfacet
  facet normal -0.216445 0.976295 0
    outer loop
      vertex -47.5659 -50.462 6
      vertex -47.353 -50.4148 0
      vertex -47.5659 -50.462 0
    endloop
  endfacet
  facet normal 0.737383 0.675475 0
    outer loop
      vertex -49.7678 -49.7678 6
      vertex -49.9151 -49.607 0
      vertex -49.9151 -49.607 6
    endloop
  endfacet
  facet normal 0.737383 0.675475 0
    outer loop
      vertex -49.9151 -49.607 0
      vertex -49.7678 -49.7678 6
      vertex -49.7678 -49.7678 0
    endloop
  endfacet
  facet normal 0.537439 -0.843303 0
    outer loop
      vertex -49.4339 -45.9521 0
      vertex -49.25 -45.8349 6
      vertex -49.4339 -45.9521 6
    endloop
  endfacet
  facet normal 0.537439 -0.843303 0
    outer loop
      vertex -49.25 -45.8349 6
      vertex -49.4339 -45.9521 0
      vertex -49.25 -45.8349 0
    endloop
  endfacet
  facet normal 0.991423 0.130692 0
    outer loop
      vertex -50.462 -48.4341 6
      vertex -50.4905 -48.2179 0
      vertex -50.4905 -48.2179 6
    endloop
  endfacet
  facet normal 0.991423 0.130692 0
    outer loop
      vertex -50.4905 -48.2179 0
      vertex -50.462 -48.4341 6
      vertex -50.462 -48.4341 0
    endloop
  endfacet
  facet normal -0.887067 0.461641 0
    outer loop
      vertex -45.8349 -49.25 0
      vertex -45.7342 -49.0565 6
      vertex -45.7342 -49.0565 0
    endloop
  endfacet
  facet normal -0.887067 0.461641 0
    outer loop
      vertex -45.7342 -49.0565 6
      vertex -45.8349 -49.25 0
      vertex -45.8349 -49.25 6
    endloop
  endfacet
  facet normal 0.923983 0.382433 0
    outer loop
      vertex -50.2658 -49.0565 6
      vertex -50.3492 -48.855 0
      vertex -50.3492 -48.855 6
    endloop
  endfacet
  facet normal 0.923983 0.382433 0
    outer loop
      vertex -50.3492 -48.855 0
      vertex -50.2658 -49.0565 6
      vertex -50.2658 -49.0565 0
    endloop
  endfacet
  facet normal -0.843303 -0.537439 0
    outer loop
      vertex -45.8349 -46.75 0
      vertex -45.9521 -46.5661 6
      vertex -45.9521 -46.5661 0
    endloop
  endfacet
  facet normal -0.843303 -0.537439 0
    outer loop
      vertex -45.9521 -46.5661 6
      vertex -45.8349 -46.75 0
      vertex -45.8349 -46.75 6
    endloop
  endfacet
  facet normal 0.953693 0.30078 0
    outer loop
      vertex -50.3492 -48.855 6
      vertex -50.4148 -48.647 0
      vertex -50.4148 -48.647 6
    endloop
  endfacet
  facet normal 0.953693 0.30078 0
    outer loop
      vertex -50.4148 -48.647 0
      vertex -50.3492 -48.855 6
      vertex -50.3492 -48.855 0
    endloop
  endfacet
  facet normal 0.991423 -0.130692 0
    outer loop
      vertex -50.4905 -47.7821 6
      vertex -50.462 -47.5659 0
      vertex -50.462 -47.5659 6
    endloop
  endfacet
  facet normal 0.991423 -0.130692 0
    outer loop
      vertex -50.462 -47.5659 0
      vertex -50.4905 -47.7821 6
      vertex -50.4905 -47.7821 0
    endloop
  endfacet
  facet normal -0.843303 0.537439 0
    outer loop
      vertex -45.9521 -49.4339 0
      vertex -45.8349 -49.25 6
      vertex -45.8349 -49.25 0
    endloop
  endfacet
  facet normal -0.843303 0.537439 0
    outer loop
      vertex -45.8349 -49.25 6
      vertex -45.9521 -49.4339 0
      vertex -45.9521 -49.4339 6
    endloop
  endfacet
  facet normal -0.675475 0.737383 0
    outer loop
      vertex -46.2322 -49.7678 0
      vertex -46.393 -49.9151 6
      vertex -46.2322 -49.7678 6
    endloop
  endfacet
  facet normal -0.675475 0.737383 0
    outer loop
      vertex -46.393 -49.9151 6
      vertex -46.2322 -49.7678 0
      vertex -46.393 -49.9151 0
    endloop
  endfacet
  facet normal -0.991423 -0.130692 0
    outer loop
      vertex -45.5095 48.2179 0
      vertex -45.538 48.4341 6
      vertex -45.538 48.4341 0
    endloop
  endfacet
  facet normal -0.991423 -0.130692 0
    outer loop
      vertex -45.538 48.4341 6
      vertex -45.5095 48.2179 0
      vertex -45.5095 48.2179 6
    endloop
  endfacet
  facet normal -0.999051 -0.0435566 0
    outer loop
      vertex -45.5 48 0
      vertex -45.5095 48.2179 6
      vertex -45.5095 48.2179 0
    endloop
  endfacet
  facet normal -0.999051 -0.0435566 0
    outer loop
      vertex -45.5095 48.2179 6
      vertex -45.5 48 0
      vertex -45.5 48 6
    endloop
  endfacet
  facet normal -0.976295 -0.216445 0
    outer loop
      vertex -45.538 48.4341 0
      vertex -45.5852 48.647 6
      vertex -45.5852 48.647 0
    endloop
  endfacet
  facet normal -0.976295 -0.216445 0
    outer loop
      vertex -45.5852 48.647 6
      vertex -45.538 48.4341 0
      vertex -45.538 48.4341 6
    endloop
  endfacet
  facet normal -0.737383 0.675475 0
    outer loop
      vertex -46.2322 46.2322 0
      vertex -46.0849 46.393 6
      vertex -46.0849 46.393 0
    endloop
  endfacet
  facet normal -0.737383 0.675475 0
    outer loop
      vertex -46.0849 46.393 6
      vertex -46.2322 46.2322 0
      vertex -46.2322 46.2322 6
    endloop
  endfacet
  facet normal -0.675475 -0.737383 0
    outer loop
      vertex -46.393 49.9151 0
      vertex -46.2322 49.7678 6
      vertex -46.393 49.9151 6
    endloop
  endfacet
  facet normal -0.675475 -0.737383 -0
    outer loop
      vertex -46.2322 49.7678 6
      vertex -46.393 49.9151 0
      vertex -46.2322 49.7678 0
    endloop
  endfacet
  facet normal 0.461641 0.887067 -0
    outer loop
      vertex -49.0565 45.7342 0
      vertex -49.25 45.8349 6
      vertex -49.0565 45.7342 6
    endloop
  endfacet
  facet normal 0.461641 0.887067 0
    outer loop
      vertex -49.25 45.8349 6
      vertex -49.0565 45.7342 0
      vertex -49.25 45.8349 0
    endloop
  endfacet
  facet normal -0.953693 0.30078 0
    outer loop
      vertex -45.6508 47.145 0
      vertex -45.5852 47.353 6
      vertex -45.5852 47.353 0
    endloop
  endfacet
  facet normal -0.953693 0.30078 0
    outer loop
      vertex -45.5852 47.353 6
      vertex -45.6508 47.145 0
      vertex -45.6508 47.145 6
    endloop
  endfacet
  facet normal 0.608691 -0.793407 0
    outer loop
      vertex -49.607 49.9151 0
      vertex -49.4339 50.0479 6
      vertex -49.607 49.9151 6
    endloop
  endfacet
  facet normal 0.608691 -0.793407 0
    outer loop
      vertex -49.4339 50.0479 6
      vertex -49.607 49.9151 0
      vertex -49.4339 50.0479 0
    endloop
  endfacet
  facet normal -0.216445 -0.976295 0
    outer loop
      vertex -47.5659 50.462 0
      vertex -47.353 50.4148 6
      vertex -47.5659 50.462 6
    endloop
  endfacet
  facet normal -0.216445 -0.976295 -0
    outer loop
      vertex -47.353 50.4148 6
      vertex -47.5659 50.462 0
      vertex -47.353 50.4148 0
    endloop
  endfacet
  facet normal -0.887067 0.461641 0
    outer loop
      vertex -45.8349 46.75 0
      vertex -45.7342 46.9435 6
      vertex -45.7342 46.9435 0
    endloop
  endfacet
  facet normal -0.887067 0.461641 0
    outer loop
      vertex -45.7342 46.9435 6
      vertex -45.8349 46.75 0
      vertex -45.8349 46.75 6
    endloop
  endfacet
  facet normal -0.923983 -0.382433 0
    outer loop
      vertex -45.6508 48.855 0
      vertex -45.7342 49.0565 6
      vertex -45.7342 49.0565 0
    endloop
  endfacet
  facet normal -0.923983 -0.382433 0
    outer loop
      vertex -45.7342 49.0565 6
      vertex -45.6508 48.855 0
      vertex -45.6508 48.855 6
    endloop
  endfacet
  facet normal 0.923983 0.382433 0
    outer loop
      vertex -50.2658 46.9435 6
      vertex -50.3492 47.145 0
      vertex -50.3492 47.145 6
    endloop
  endfacet
  facet normal 0.923983 0.382433 0
    outer loop
      vertex -50.3492 47.145 0
      vertex -50.2658 46.9435 6
      vertex -50.2658 46.9435 0
    endloop
  endfacet
  facet normal -0.923983 0.382433 0
    outer loop
      vertex -45.7342 46.9435 0
      vertex -45.6508 47.145 6
      vertex -45.6508 47.145 0
    endloop
  endfacet
  facet normal -0.923983 0.382433 0
    outer loop
      vertex -45.6508 47.145 6
      vertex -45.7342 46.9435 0
      vertex -45.7342 46.9435 6
    endloop
  endfacet
  facet normal -0.843303 0.537439 0
    outer loop
      vertex -45.9521 46.5661 0
      vertex -45.8349 46.75 6
      vertex -45.8349 46.75 0
    endloop
  endfacet
  facet normal -0.843303 0.537439 0
    outer loop
      vertex -45.8349 46.75 6
      vertex -45.9521 46.5661 0
      vertex -45.9521 46.5661 6
    endloop
  endfacet
  facet normal -0.30078 0.953693 0
    outer loop
      vertex -47.145 45.6508 0
      vertex -47.353 45.5852 6
      vertex -47.145 45.6508 6
    endloop
  endfacet
  facet normal -0.30078 0.953693 0
    outer loop
      vertex -47.353 45.5852 6
      vertex -47.145 45.6508 0
      vertex -47.353 45.5852 0
    endloop
  endfacet
  facet normal 0.461641 -0.887067 0
    outer loop
      vertex -49.25 50.1651 0
      vertex -49.0565 50.2658 6
      vertex -49.25 50.1651 6
    endloop
  endfacet
  facet normal 0.461641 -0.887067 0
    outer loop
      vertex -49.0565 50.2658 6
      vertex -49.25 50.1651 0
      vertex -49.0565 50.2658 0
    endloop
  endfacet
  facet normal -0.675475 0.737383 0
    outer loop
      vertex -46.2322 46.2322 0
      vertex -46.393 46.0849 6
      vertex -46.2322 46.2322 6
    endloop
  endfacet
  facet normal -0.675475 0.737383 0
    outer loop
      vertex -46.393 46.0849 6
      vertex -46.2322 46.2322 0
      vertex -46.393 46.0849 0
    endloop
  endfacet
  facet normal -0.793407 -0.608691 0
    outer loop
      vertex -45.9521 49.4339 0
      vertex -46.0849 49.607 6
      vertex -46.0849 49.607 0
    endloop
  endfacet
  facet normal -0.793407 -0.608691 0
    outer loop
      vertex -46.0849 49.607 6
      vertex -45.9521 49.4339 0
      vertex -45.9521 49.4339 6
    endloop
  endfacet
  facet normal -0.537439 -0.843303 0
    outer loop
      vertex -46.75 50.1651 0
      vertex -46.5661 50.0479 6
      vertex -46.75 50.1651 6
    endloop
  endfacet
  facet normal -0.537439 -0.843303 -0
    outer loop
      vertex -46.5661 50.0479 6
      vertex -46.75 50.1651 0
      vertex -46.5661 50.0479 0
    endloop
  endfacet
  facet normal -0.976295 0.216445 0
    outer loop
      vertex -45.5852 47.353 0
      vertex -45.538 47.5659 6
      vertex -45.538 47.5659 0
    endloop
  endfacet
  facet normal -0.976295 0.216445 0
    outer loop
      vertex -45.538 47.5659 6
      vertex -45.5852 47.353 0
      vertex -45.5852 47.353 6
    endloop
  endfacet
  facet normal -0.0435566 -0.999051 0
    outer loop
      vertex -48 50.5 0
      vertex -47.7821 50.4905 6
      vertex -48 50.5 6
    endloop
  endfacet
  facet normal -0.0435566 -0.999051 -0
    outer loop
      vertex -47.7821 50.4905 6
      vertex -48 50.5 0
      vertex -47.7821 50.4905 0
    endloop
  endfacet
  facet normal -0.843303 -0.537439 0
    outer loop
      vertex -45.8349 49.25 0
      vertex -45.9521 49.4339 6
      vertex -45.9521 49.4339 0
    endloop
  endfacet
  facet normal -0.843303 -0.537439 0
    outer loop
      vertex -45.9521 49.4339 6
      vertex -45.8349 49.25 0
      vertex -45.8349 49.25 6
    endloop
  endfacet
  facet normal 0.887067 0.461641 0
    outer loop
      vertex -50.1651 46.75 6
      vertex -50.2658 46.9435 0
      vertex -50.2658 46.9435 6
    endloop
  endfacet
  facet normal 0.887067 0.461641 0
    outer loop
      vertex -50.2658 46.9435 0
      vertex -50.1651 46.75 6
      vertex -50.1651 46.75 0
    endloop
  endfacet
  facet normal 0.976295 0.216445 0
    outer loop
      vertex -50.4148 47.353 6
      vertex -50.462 47.5659 0
      vertex -50.462 47.5659 6
    endloop
  endfacet
  facet normal 0.976295 0.216445 0
    outer loop
      vertex -50.462 47.5659 0
      vertex -50.4148 47.353 6
      vertex -50.4148 47.353 0
    endloop
  endfacet
  facet normal 0.537439 -0.843303 0
    outer loop
      vertex -49.4339 50.0479 0
      vertex -49.25 50.1651 6
      vertex -49.4339 50.0479 6
    endloop
  endfacet
  facet normal 0.537439 -0.843303 0
    outer loop
      vertex -49.25 50.1651 6
      vertex -49.4339 50.0479 0
      vertex -49.25 50.1651 0
    endloop
  endfacet
  facet normal -0.130692 0.991423 0
    outer loop
      vertex -47.5659 45.538 0
      vertex -47.7821 45.5095 6
      vertex -47.5659 45.538 6
    endloop
  endfacet
  facet normal -0.130692 0.991423 0
    outer loop
      vertex -47.7821 45.5095 6
      vertex -47.5659 45.538 0
      vertex -47.7821 45.5095 0
    endloop
  endfacet
  facet normal 0.675475 -0.737383 0
    outer loop
      vertex -49.7678 49.7678 0
      vertex -49.607 49.9151 6
      vertex -49.7678 49.7678 6
    endloop
  endfacet
  facet normal 0.675475 -0.737383 0
    outer loop
      vertex -49.607 49.9151 6
      vertex -49.7678 49.7678 0
      vertex -49.607 49.9151 0
    endloop
  endfacet
  facet normal -0.991423 0.130692 0
    outer loop
      vertex -45.538 47.5659 0
      vertex -45.5095 47.7821 6
      vertex -45.5095 47.7821 0
    endloop
  endfacet
  facet normal -0.991423 0.130692 0
    outer loop
      vertex -45.5095 47.7821 6
      vertex -45.538 47.5659 0
      vertex -45.538 47.5659 6
    endloop
  endfacet
  facet normal -0.999051 0.0435566 0
    outer loop
      vertex -45.5095 47.7821 0
      vertex -45.5 48 6
      vertex -45.5 48 0
    endloop
  endfacet
  facet normal -0.999051 0.0435566 0
    outer loop
      vertex -45.5 48 6
      vertex -45.5095 47.7821 0
      vertex -45.5095 47.7821 6
    endloop
  endfacet
  facet normal -0.953693 -0.30078 0
    outer loop
      vertex -45.5852 48.647 0
      vertex -45.6508 48.855 6
      vertex -45.6508 48.855 0
    endloop
  endfacet
  facet normal -0.953693 -0.30078 0
    outer loop
      vertex -45.6508 48.855 6
      vertex -45.5852 48.647 0
      vertex -45.5852 48.647 6
    endloop
  endfacet
  facet normal 0.843303 0.537439 0
    outer loop
      vertex -50.0479 46.5661 6
      vertex -50.1651 46.75 0
      vertex -50.1651 46.75 6
    endloop
  endfacet
  facet normal 0.843303 0.537439 0
    outer loop
      vertex -50.1651 46.75 0
      vertex -50.0479 46.5661 6
      vertex -50.0479 46.5661 0
    endloop
  endfacet
  facet normal -0.793407 0.608691 0
    outer loop
      vertex -46.0849 46.393 0
      vertex -45.9521 46.5661 6
      vertex -45.9521 46.5661 0
    endloop
  endfacet
  facet normal -0.793407 0.608691 0
    outer loop
      vertex -45.9521 46.5661 6
      vertex -46.0849 46.393 0
      vertex -46.0849 46.393 6
    endloop
  endfacet
  facet normal -0.737383 -0.675475 0
    outer loop
      vertex -46.0849 49.607 0
      vertex -46.2322 49.7678 6
      vertex -46.2322 49.7678 0
    endloop
  endfacet
  facet normal -0.737383 -0.675475 0
    outer loop
      vertex -46.2322 49.7678 6
      vertex -46.0849 49.607 0
      vertex -46.0849 49.607 6
    endloop
  endfacet
  facet normal 0.991423 0.130692 0
    outer loop
      vertex -50.462 47.5659 6
      vertex -50.4905 47.7821 0
      vertex -50.4905 47.7821 6
    endloop
  endfacet
  facet normal 0.991423 0.130692 0
    outer loop
      vertex -50.4905 47.7821 0
      vertex -50.462 47.5659 6
      vertex -50.462 47.5659 0
    endloop
  endfacet
  facet normal -0.461641 0.887067 0
    outer loop
      vertex -46.75 45.8349 0
      vertex -46.9435 45.7342 6
      vertex -46.75 45.8349 6
    endloop
  endfacet
  facet normal -0.461641 0.887067 0
    outer loop
      vertex -46.9435 45.7342 6
      vertex -46.75 45.8349 0
      vertex -46.9435 45.7342 0
    endloop
  endfacet
  facet normal 0.991423 -0.130692 0
    outer loop
      vertex -50.4905 48.2179 6
      vertex -50.462 48.4341 0
      vertex -50.462 48.4341 6
    endloop
  endfacet
  facet normal 0.991423 -0.130692 0
    outer loop
      vertex -50.462 48.4341 0
      vertex -50.4905 48.2179 6
      vertex -50.4905 48.2179 0
    endloop
  endfacet
  facet normal -0.608691 -0.793407 0
    outer loop
      vertex -46.5661 50.0479 0
      vertex -46.393 49.9151 6
      vertex -46.5661 50.0479 6
    endloop
  endfacet
  facet normal -0.608691 -0.793407 -0
    outer loop
      vertex -46.393 49.9151 6
      vertex -46.5661 50.0479 0
      vertex -46.393 49.9151 0
    endloop
  endfacet
  facet normal 0.999051 0.0435566 0
    outer loop
      vertex -50.4905 47.7821 6
      vertex -50.5 48 0
      vertex -50.5 48 6
    endloop
  endfacet
  facet normal 0.999051 0.0435566 0
    outer loop
      vertex -50.5 48 0
      vertex -50.4905 47.7821 6
      vertex -50.4905 47.7821 0
    endloop
  endfacet
  facet normal -0.461641 -0.887067 0
    outer loop
      vertex -46.9435 50.2658 0
      vertex -46.75 50.1651 6
      vertex -46.9435 50.2658 6
    endloop
  endfacet
  facet normal -0.461641 -0.887067 -0
    outer loop
      vertex -46.75 50.1651 6
      vertex -46.9435 50.2658 0
      vertex -46.75 50.1651 0
    endloop
  endfacet
  facet normal -0.216445 0.976295 0
    outer loop
      vertex -47.353 45.5852 0
      vertex -47.5659 45.538 6
      vertex -47.353 45.5852 6
    endloop
  endfacet
  facet normal -0.216445 0.976295 0
    outer loop
      vertex -47.5659 45.538 6
      vertex -47.353 45.5852 0
      vertex -47.5659 45.538 0
    endloop
  endfacet
  facet normal -0.887067 -0.461641 0
    outer loop
      vertex -45.7342 49.0565 0
      vertex -45.8349 49.25 6
      vertex -45.8349 49.25 0
    endloop
  endfacet
  facet normal -0.887067 -0.461641 0
    outer loop
      vertex -45.8349 49.25 6
      vertex -45.7342 49.0565 0
      vertex -45.7342 49.0565 6
    endloop
  endfacet
  facet normal 0.953693 -0.30078 0
    outer loop
      vertex -50.4148 48.647 6
      vertex -50.3492 48.855 0
      vertex -50.3492 48.855 6
    endloop
  endfacet
  facet normal 0.953693 -0.30078 0
    outer loop
      vertex -50.3492 48.855 0
      vertex -50.4148 48.647 6
      vertex -50.4148 48.647 0
    endloop
  endfacet
  facet normal 0.130692 -0.991423 0
    outer loop
      vertex -48.4341 50.462 0
      vertex -48.2179 50.4905 6
      vertex -48.4341 50.462 6
    endloop
  endfacet
  facet normal 0.130692 -0.991423 0
    outer loop
      vertex -48.2179 50.4905 6
      vertex -48.4341 50.462 0
      vertex -48.2179 50.4905 0
    endloop
  endfacet
  facet normal 0.976295 -0.216445 0
    outer loop
      vertex -50.462 48.4341 6
      vertex -50.4148 48.647 0
      vertex -50.4148 48.647 6
    endloop
  endfacet
  facet normal 0.976295 -0.216445 0
    outer loop
      vertex -50.4148 48.647 0
      vertex -50.462 48.4341 6
      vertex -50.462 48.4341 0
    endloop
  endfacet
  facet normal 0.887067 -0.461641 0
    outer loop
      vertex -50.2658 49.0565 6
      vertex -50.1651 49.25 0
      vertex -50.1651 49.25 6
    endloop
  endfacet
  facet normal 0.887067 -0.461641 0
    outer loop
      vertex -50.1651 49.25 0
      vertex -50.2658 49.0565 6
      vertex -50.2658 49.0565 0
    endloop
  endfacet
  facet normal 0.0435566 -0.999051 0
    outer loop
      vertex -48.2179 50.4905 0
      vertex -48 50.5 6
      vertex -48.2179 50.4905 6
    endloop
  endfacet
  facet normal 0.0435566 -0.999051 0
    outer loop
      vertex -48 50.5 6
      vertex -48.2179 50.4905 0
      vertex -48 50.5 0
    endloop
  endfacet
  facet normal 0.216445 -0.976295 0
    outer loop
      vertex -48.647 50.4148 0
      vertex -48.4341 50.462 6
      vertex -48.647 50.4148 6
    endloop
  endfacet
  facet normal 0.216445 -0.976295 0
    outer loop
      vertex -48.4341 50.462 6
      vertex -48.647 50.4148 0
      vertex -48.4341 50.462 0
    endloop
  endfacet
  facet normal 0.608691 0.793407 -0
    outer loop
      vertex -49.4339 45.9521 0
      vertex -49.607 46.0849 6
      vertex -49.4339 45.9521 6
    endloop
  endfacet
  facet normal 0.608691 0.793407 0
    outer loop
      vertex -49.607 46.0849 6
      vertex -49.4339 45.9521 0
      vertex -49.607 46.0849 0
    endloop
  endfacet
  facet normal -0.382433 -0.923983 0
    outer loop
      vertex -47.145 50.3492 0
      vertex -46.9435 50.2658 6
      vertex -47.145 50.3492 6
    endloop
  endfacet
  facet normal -0.382433 -0.923983 -0
    outer loop
      vertex -46.9435 50.2658 6
      vertex -47.145 50.3492 0
      vertex -46.9435 50.2658 0
    endloop
  endfacet
  facet normal 0.843303 -0.537439 0
    outer loop
      vertex -50.1651 49.25 6
      vertex -50.0479 49.4339 0
      vertex -50.0479 49.4339 6
    endloop
  endfacet
  facet normal 0.843303 -0.537439 0
    outer loop
      vertex -50.0479 49.4339 0
      vertex -50.1651 49.25 6
      vertex -50.1651 49.25 0
    endloop
  endfacet
  facet normal -0.130692 -0.991423 0
    outer loop
      vertex -47.7821 50.4905 0
      vertex -47.5659 50.462 6
      vertex -47.7821 50.4905 6
    endloop
  endfacet
  facet normal -0.130692 -0.991423 -0
    outer loop
      vertex -47.5659 50.462 6
      vertex -47.7821 50.4905 0
      vertex -47.5659 50.462 0
    endloop
  endfacet
  facet normal 0.737383 0.675475 0
    outer loop
      vertex -49.7678 46.2322 6
      vertex -49.9151 46.393 0
      vertex -49.9151 46.393 6
    endloop
  endfacet
  facet normal 0.737383 0.675475 0
    outer loop
      vertex -49.9151 46.393 0
      vertex -49.7678 46.2322 6
      vertex -49.7678 46.2322 0
    endloop
  endfacet
  facet normal 0.793407 0.608691 0
    outer loop
      vertex -49.9151 46.393 6
      vertex -50.0479 46.5661 0
      vertex -50.0479 46.5661 6
    endloop
  endfacet
  facet normal 0.793407 0.608691 0
    outer loop
      vertex -50.0479 46.5661 0
      vertex -49.9151 46.393 6
      vertex -49.9151 46.393 0
    endloop
  endfacet
  facet normal 0.30078 0.953693 -0
    outer loop
      vertex -48.647 45.5852 0
      vertex -48.855 45.6508 6
      vertex -48.647 45.5852 6
    endloop
  endfacet
  facet normal 0.30078 0.953693 0
    outer loop
      vertex -48.855 45.6508 6
      vertex -48.647 45.5852 0
      vertex -48.855 45.6508 0
    endloop
  endfacet
  facet normal 0.30078 -0.953693 0
    outer loop
      vertex -48.855 50.3492 0
      vertex -48.647 50.4148 6
      vertex -48.855 50.3492 6
    endloop
  endfacet
  facet normal 0.30078 -0.953693 0
    outer loop
      vertex -48.647 50.4148 6
      vertex -48.855 50.3492 0
      vertex -48.647 50.4148 0
    endloop
  endfacet
  facet normal -0.537439 0.843303 0
    outer loop
      vertex -46.5661 45.9521 0
      vertex -46.75 45.8349 6
      vertex -46.5661 45.9521 6
    endloop
  endfacet
  facet normal -0.537439 0.843303 0
    outer loop
      vertex -46.75 45.8349 6
      vertex -46.5661 45.9521 0
      vertex -46.75 45.8349 0
    endloop
  endfacet
  facet normal -0.382433 0.923983 0
    outer loop
      vertex -46.9435 45.7342 0
      vertex -47.145 45.6508 6
      vertex -46.9435 45.7342 6
    endloop
  endfacet
  facet normal -0.382433 0.923983 0
    outer loop
      vertex -47.145 45.6508 6
      vertex -46.9435 45.7342 0
      vertex -47.145 45.6508 0
    endloop
  endfacet
  facet normal 0.0435566 0.999051 -0
    outer loop
      vertex -48 45.5 0
      vertex -48.2179 45.5095 6
      vertex -48 45.5 6
    endloop
  endfacet
  facet normal 0.0435566 0.999051 0
    outer loop
      vertex -48.2179 45.5095 6
      vertex -48 45.5 0
      vertex -48.2179 45.5095 0
    endloop
  endfacet
  facet normal 0.382433 -0.923983 0
    outer loop
      vertex -49.0565 50.2658 0
      vertex -48.855 50.3492 6
      vertex -49.0565 50.2658 6
    endloop
  endfacet
  facet normal 0.382433 -0.923983 0
    outer loop
      vertex -48.855 50.3492 6
      vertex -49.0565 50.2658 0
      vertex -48.855 50.3492 0
    endloop
  endfacet
  facet normal 0.923983 -0.382433 0
    outer loop
      vertex -50.3492 48.855 6
      vertex -50.2658 49.0565 0
      vertex -50.2658 49.0565 6
    endloop
  endfacet
  facet normal 0.923983 -0.382433 0
    outer loop
      vertex -50.2658 49.0565 0
      vertex -50.3492 48.855 6
      vertex -50.3492 48.855 0
    endloop
  endfacet
  facet normal 0.737383 -0.675475 0
    outer loop
      vertex -49.9151 49.607 6
      vertex -49.7678 49.7678 0
      vertex -49.7678 49.7678 6
    endloop
  endfacet
  facet normal 0.737383 -0.675475 0
    outer loop
      vertex -49.7678 49.7678 0
      vertex -49.9151 49.607 6
      vertex -49.9151 49.607 0
    endloop
  endfacet
  facet normal 0.675475 0.737383 -0
    outer loop
      vertex -49.607 46.0849 0
      vertex -49.7678 46.2322 6
      vertex -49.607 46.0849 6
    endloop
  endfacet
  facet normal 0.675475 0.737383 0
    outer loop
      vertex -49.7678 46.2322 6
      vertex -49.607 46.0849 0
      vertex -49.7678 46.2322 0
    endloop
  endfacet
  facet normal 0.999051 -0.0435566 0
    outer loop
      vertex -50.5 48 6
      vertex -50.4905 48.2179 0
      vertex -50.4905 48.2179 6
    endloop
  endfacet
  facet normal 0.999051 -0.0435566 0
    outer loop
      vertex -50.4905 48.2179 0
      vertex -50.5 48 6
      vertex -50.5 48 0
    endloop
  endfacet
  facet normal 0.130692 0.991423 -0
    outer loop
      vertex -48.2179 45.5095 0
      vertex -48.4341 45.538 6
      vertex -48.2179 45.5095 6
    endloop
  endfacet
  facet normal 0.130692 0.991423 0
    outer loop
      vertex -48.4341 45.538 6
      vertex -48.2179 45.5095 0
      vertex -48.4341 45.538 0
    endloop
  endfacet
  facet normal 0.793407 -0.608691 0
    outer loop
      vertex -50.0479 49.4339 6
      vertex -49.9151 49.607 0
      vertex -49.9151 49.607 6
    endloop
  endfacet
  facet normal 0.793407 -0.608691 0
    outer loop
      vertex -49.9151 49.607 0
      vertex -50.0479 49.4339 6
      vertex -50.0479 49.4339 0
    endloop
  endfacet
  facet normal 0.537439 0.843303 -0
    outer loop
      vertex -49.25 45.8349 0
      vertex -49.4339 45.9521 6
      vertex -49.25 45.8349 6
    endloop
  endfacet
  facet normal 0.537439 0.843303 0
    outer loop
      vertex -49.4339 45.9521 6
      vertex -49.25 45.8349 0
      vertex -49.4339 45.9521 0
    endloop
  endfacet
  facet normal -0.0435566 0.999051 0
    outer loop
      vertex -47.7821 45.5095 0
      vertex -48 45.5 6
      vertex -47.7821 45.5095 6
    endloop
  endfacet
  facet normal -0.0435566 0.999051 0
    outer loop
      vertex -48 45.5 6
      vertex -47.7821 45.5095 0
      vertex -48 45.5 0
    endloop
  endfacet
  facet normal 0.953693 0.30078 0
    outer loop
      vertex -50.3492 47.145 6
      vertex -50.4148 47.353 0
      vertex -50.4148 47.353 6
    endloop
  endfacet
  facet normal 0.953693 0.30078 0
    outer loop
      vertex -50.4148 47.353 0
      vertex -50.3492 47.145 6
      vertex -50.3492 47.145 0
    endloop
  endfacet
  facet normal -0.608691 0.793407 0
    outer loop
      vertex -46.393 46.0849 0
      vertex -46.5661 45.9521 6
      vertex -46.393 46.0849 6
    endloop
  endfacet
  facet normal -0.608691 0.793407 0
    outer loop
      vertex -46.5661 45.9521 6
      vertex -46.393 46.0849 0
      vertex -46.5661 45.9521 0
    endloop
  endfacet
  facet normal 0.382433 0.923983 -0
    outer loop
      vertex -48.855 45.6508 0
      vertex -49.0565 45.7342 6
      vertex -48.855 45.6508 6
    endloop
  endfacet
  facet normal 0.382433 0.923983 0
    outer loop
      vertex -49.0565 45.7342 6
      vertex -48.855 45.6508 0
      vertex -49.0565 45.7342 0
    endloop
  endfacet
  facet normal 0.216445 0.976295 -0
    outer loop
      vertex -48.4341 45.538 0
      vertex -48.647 45.5852 6
      vertex -48.4341 45.538 6
    endloop
  endfacet
  facet normal 0.216445 0.976295 0
    outer loop
      vertex -48.647 45.5852 6
      vertex -48.4341 45.538 0
      vertex -48.647 45.5852 0
    endloop
  endfacet
  facet normal -0.30078 -0.953693 0
    outer loop
      vertex -47.353 50.4148 0
      vertex -47.145 50.3492 6
      vertex -47.353 50.4148 6
    endloop
  endfacet
  facet normal -0.30078 -0.953693 -0
    outer loop
      vertex -47.145 50.3492 6
      vertex -47.353 50.4148 0
      vertex -47.145 50.3492 0
    endloop
  endfacet
  facet normal -0.130692 0.991423 0
    outer loop
      vertex 48.4341 -50.462 0
      vertex 48.2179 -50.4905 6
      vertex 48.4341 -50.462 6
    endloop
  endfacet
  facet normal -0.130692 0.991423 0
    outer loop
      vertex 48.2179 -50.4905 6
      vertex 48.4341 -50.462 0
      vertex 48.2179 -50.4905 0
    endloop
  endfacet
  facet normal -0.991423 -0.130692 0
    outer loop
      vertex 50.4905 -47.7821 0
      vertex 50.462 -47.5659 6
      vertex 50.462 -47.5659 0
    endloop
  endfacet
  facet normal -0.991423 -0.130692 0
    outer loop
      vertex 50.462 -47.5659 6
      vertex 50.4905 -47.7821 0
      vertex 50.4905 -47.7821 6
    endloop
  endfacet
  facet normal -0.999051 -0.0435566 0
    outer loop
      vertex 50.5 -48 0
      vertex 50.4905 -47.7821 6
      vertex 50.4905 -47.7821 0
    endloop
  endfacet
  facet normal -0.999051 -0.0435566 0
    outer loop
      vertex 50.4905 -47.7821 6
      vertex 50.5 -48 0
      vertex 50.5 -48 6
    endloop
  endfacet
  facet normal -0.976295 -0.216445 0
    outer loop
      vertex 50.462 -47.5659 0
      vertex 50.4148 -47.353 6
      vertex 50.4148 -47.353 0
    endloop
  endfacet
  facet normal -0.976295 -0.216445 0
    outer loop
      vertex 50.4148 -47.353 6
      vertex 50.462 -47.5659 0
      vertex 50.462 -47.5659 6
    endloop
  endfacet
  facet normal -0.953693 0.30078 0
    outer loop
      vertex 50.3492 -48.855 0
      vertex 50.4148 -48.647 6
      vertex 50.4148 -48.647 0
    endloop
  endfacet
  facet normal -0.953693 0.30078 0
    outer loop
      vertex 50.4148 -48.647 6
      vertex 50.3492 -48.855 0
      vertex 50.3492 -48.855 6
    endloop
  endfacet
  facet normal 0.793407 -0.608691 0
    outer loop
      vertex 45.9521 -46.5661 6
      vertex 46.0849 -46.393 0
      vertex 46.0849 -46.393 6
    endloop
  endfacet
  facet normal 0.793407 -0.608691 0
    outer loop
      vertex 46.0849 -46.393 0
      vertex 45.9521 -46.5661 6
      vertex 45.9521 -46.5661 0
    endloop
  endfacet
  facet normal 0.216445 -0.976295 0
    outer loop
      vertex 47.353 -45.5852 0
      vertex 47.5659 -45.538 6
      vertex 47.353 -45.5852 6
    endloop
  endfacet
  facet normal 0.216445 -0.976295 0
    outer loop
      vertex 47.5659 -45.538 6
      vertex 47.353 -45.5852 0
      vertex 47.5659 -45.538 0
    endloop
  endfacet
  facet normal 0.130692 -0.991423 0
    outer loop
      vertex 47.5659 -45.538 0
      vertex 47.7821 -45.5095 6
      vertex 47.5659 -45.538 6
    endloop
  endfacet
  facet normal 0.130692 -0.991423 0
    outer loop
      vertex 47.7821 -45.5095 6
      vertex 47.5659 -45.538 0
      vertex 47.7821 -45.5095 0
    endloop
  endfacet
  facet normal -0.737383 0.675475 0
    outer loop
      vertex 49.7678 -49.7678 0
      vertex 49.9151 -49.607 6
      vertex 49.9151 -49.607 0
    endloop
  endfacet
  facet normal -0.737383 0.675475 0
    outer loop
      vertex 49.9151 -49.607 6
      vertex 49.7678 -49.7678 0
      vertex 49.7678 -49.7678 6
    endloop
  endfacet
  facet normal -0.999051 0.0435566 0
    outer loop
      vertex 50.4905 -48.2179 0
      vertex 50.5 -48 6
      vertex 50.5 -48 0
    endloop
  endfacet
  facet normal -0.999051 0.0435566 0
    outer loop
      vertex 50.5 -48 6
      vertex 50.4905 -48.2179 0
      vertex 50.4905 -48.2179 6
    endloop
  endfacet
  facet normal -0.887067 0.461641 0
    outer loop
      vertex 50.1651 -49.25 0
      vertex 50.2658 -49.0565 6
      vertex 50.2658 -49.0565 0
    endloop
  endfacet
  facet normal -0.887067 0.461641 0
    outer loop
      vertex 50.2658 -49.0565 6
      vertex 50.1651 -49.25 0
      vertex 50.1651 -49.25 6
    endloop
  endfacet
  facet normal 0.843303 -0.537439 0
    outer loop
      vertex 45.8349 -46.75 6
      vertex 45.9521 -46.5661 0
      vertex 45.9521 -46.5661 6
    endloop
  endfacet
  facet normal 0.843303 -0.537439 0
    outer loop
      vertex 45.9521 -46.5661 0
      vertex 45.8349 -46.75 6
      vertex 45.8349 -46.75 0
    endloop
  endfacet
  facet normal -0.793407 0.608691 0
    outer loop
      vertex 49.9151 -49.607 0
      vertex 50.0479 -49.4339 6
      vertex 50.0479 -49.4339 0
    endloop
  endfacet
  facet normal -0.793407 0.608691 0
    outer loop
      vertex 50.0479 -49.4339 6
      vertex 49.9151 -49.607 0
      vertex 49.9151 -49.607 6
    endloop
  endfacet
  facet normal 0.887067 0.461641 0
    outer loop
      vertex 45.8349 -49.25 6
      vertex 45.7342 -49.0565 0
      vertex 45.7342 -49.0565 6
    endloop
  endfacet
  facet normal 0.887067 0.461641 0
    outer loop
      vertex 45.7342 -49.0565 0
      vertex 45.8349 -49.25 6
      vertex 45.8349 -49.25 0
    endloop
  endfacet
  facet normal 0.976295 -0.216445 0
    outer loop
      vertex 45.538 -47.5659 6
      vertex 45.5852 -47.353 0
      vertex 45.5852 -47.353 6
    endloop
  endfacet
  facet normal 0.976295 -0.216445 0
    outer loop
      vertex 45.5852 -47.353 0
      vertex 45.538 -47.5659 6
      vertex 45.538 -47.5659 0
    endloop
  endfacet
  facet normal -0.461641 0.887067 0
    outer loop
      vertex 49.25 -50.1651 0
      vertex 49.0565 -50.2658 6
      vertex 49.25 -50.1651 6
    endloop
  endfacet
  facet normal -0.461641 0.887067 0
    outer loop
      vertex 49.0565 -50.2658 6
      vertex 49.25 -50.1651 0
      vertex 49.0565 -50.2658 0
    endloop
  endfacet
  facet normal 0.953693 0.30078 0
    outer loop
      vertex 45.6508 -48.855 6
      vertex 45.5852 -48.647 0
      vertex 45.5852 -48.647 6
    endloop
  endfacet
  facet normal 0.953693 0.30078 0
    outer loop
      vertex 45.5852 -48.647 0
      vertex 45.6508 -48.855 6
      vertex 45.6508 -48.855 0
    endloop
  endfacet
  facet normal 0.0435566 -0.999051 0
    outer loop
      vertex 47.7821 -45.5095 0
      vertex 48 -45.5 6
      vertex 47.7821 -45.5095 6
    endloop
  endfacet
  facet normal 0.0435566 -0.999051 0
    outer loop
      vertex 48 -45.5 6
      vertex 47.7821 -45.5095 0
      vertex 48 -45.5 0
    endloop
  endfacet
  facet normal 0.991423 -0.130692 0
    outer loop
      vertex 45.5095 -47.7821 6
      vertex 45.538 -47.5659 0
      vertex 45.538 -47.5659 6
    endloop
  endfacet
  facet normal 0.991423 -0.130692 0
    outer loop
      vertex 45.538 -47.5659 0
      vertex 45.5095 -47.7821 6
      vertex 45.5095 -47.7821 0
    endloop
  endfacet
  facet normal -0.737383 -0.675475 0
    outer loop
      vertex 49.9151 -46.393 0
      vertex 49.7678 -46.2322 6
      vertex 49.7678 -46.2322 0
    endloop
  endfacet
  facet normal -0.737383 -0.675475 0
    outer loop
      vertex 49.7678 -46.2322 6
      vertex 49.9151 -46.393 0
      vertex 49.9151 -46.393 6
    endloop
  endfacet
  facet normal -0.382433 -0.923983 0
    outer loop
      vertex 48.855 -45.6508 0
      vertex 49.0565 -45.7342 6
      vertex 48.855 -45.6508 6
    endloop
  endfacet
  facet normal -0.382433 -0.923983 -0
    outer loop
      vertex 49.0565 -45.7342 6
      vertex 48.855 -45.6508 0
      vertex 49.0565 -45.7342 0
    endloop
  endfacet
  facet normal -0.0435566 -0.999051 0
    outer loop
      vertex 48 -45.5 0
      vertex 48.2179 -45.5095 6
      vertex 48 -45.5 6
    endloop
  endfacet
  facet normal -0.0435566 -0.999051 -0
    outer loop
      vertex 48.2179 -45.5095 6
      vertex 48 -45.5 0
      vertex 48.2179 -45.5095 0
    endloop
  endfacet
  facet normal 0.461641 -0.887067 0
    outer loop
      vertex 46.75 -45.8349 0
      vertex 46.9435 -45.7342 6
      vertex 46.75 -45.8349 6
    endloop
  endfacet
  facet normal 0.461641 -0.887067 0
    outer loop
      vertex 46.9435 -45.7342 6
      vertex 46.75 -45.8349 0
      vertex 46.9435 -45.7342 0
    endloop
  endfacet
  facet normal -0.923983 0.382433 0
    outer loop
      vertex 50.2658 -49.0565 0
      vertex 50.3492 -48.855 6
      vertex 50.3492 -48.855 0
    endloop
  endfacet
  facet normal -0.923983 0.382433 0
    outer loop
      vertex 50.3492 -48.855 6
      vertex 50.2658 -49.0565 0
      vertex 50.2658 -49.0565 6
    endloop
  endfacet
  facet normal 0.608691 -0.793407 0
    outer loop
      vertex 46.393 -46.0849 0
      vertex 46.5661 -45.9521 6
      vertex 46.393 -46.0849 6
    endloop
  endfacet
  facet normal 0.608691 -0.793407 0
    outer loop
      vertex 46.5661 -45.9521 6
      vertex 46.393 -46.0849 0
      vertex 46.5661 -45.9521 0
    endloop
  endfacet
  facet normal 0.30078 -0.953693 0
    outer loop
      vertex 47.145 -45.6508 0
      vertex 47.353 -45.5852 6
      vertex 47.145 -45.6508 6
    endloop
  endfacet
  facet normal 0.30078 -0.953693 0
    outer loop
      vertex 47.353 -45.5852 6
      vertex 47.145 -45.6508 0
      vertex 47.353 -45.5852 0
    endloop
  endfacet
  facet normal -0.461641 -0.887067 0
    outer loop
      vertex 49.0565 -45.7342 0
      vertex 49.25 -45.8349 6
      vertex 49.0565 -45.7342 6
    endloop
  endfacet
  facet normal -0.461641 -0.887067 -0
    outer loop
      vertex 49.25 -45.8349 6
      vertex 49.0565 -45.7342 0
      vertex 49.25 -45.8349 0
    endloop
  endfacet
  facet normal -0.887067 -0.461641 0
    outer loop
      vertex 50.2658 -46.9435 0
      vertex 50.1651 -46.75 6
      vertex 50.1651 -46.75 0
    endloop
  endfacet
  facet normal -0.887067 -0.461641 0
    outer loop
      vertex 50.1651 -46.75 6
      vertex 50.2658 -46.9435 0
      vertex 50.2658 -46.9435 6
    endloop
  endfacet
  facet normal -0.537439 -0.843303 0
    outer loop
      vertex 49.25 -45.8349 0
      vertex 49.4339 -45.9521 6
      vertex 49.25 -45.8349 6
    endloop
  endfacet
  facet normal -0.537439 -0.843303 -0
    outer loop
      vertex 49.4339 -45.9521 6
      vertex 49.25 -45.8349 0
      vertex 49.4339 -45.9521 0
    endloop
  endfacet
  facet normal 0.675475 0.737383 -0
    outer loop
      vertex 46.393 -49.9151 0
      vertex 46.2322 -49.7678 6
      vertex 46.393 -49.9151 6
    endloop
  endfacet
  facet normal 0.675475 0.737383 0
    outer loop
      vertex 46.2322 -49.7678 6
      vertex 46.393 -49.9151 0
      vertex 46.2322 -49.7678 0
    endloop
  endfacet
  facet normal -0.793407 -0.608691 0
    outer loop
      vertex 50.0479 -46.5661 0
      vertex 49.9151 -46.393 6
      vertex 49.9151 -46.393 0
    endloop
  endfacet
  facet normal -0.793407 -0.608691 0
    outer loop
      vertex 49.9151 -46.393 6
      vertex 50.0479 -46.5661 0
      vertex 50.0479 -46.5661 6
    endloop
  endfacet
  facet normal 0.537439 -0.843303 0
    outer loop
      vertex 46.5661 -45.9521 0
      vertex 46.75 -45.8349 6
      vertex 46.5661 -45.9521 6
    endloop
  endfacet
  facet normal 0.537439 -0.843303 0
    outer loop
      vertex 46.75 -45.8349 6
      vertex 46.5661 -45.9521 0
      vertex 46.75 -45.8349 0
    endloop
  endfacet
  facet normal 0.923983 0.382433 0
    outer loop
      vertex 45.7342 -49.0565 6
      vertex 45.6508 -48.855 0
      vertex 45.6508 -48.855 6
    endloop
  endfacet
  facet normal 0.923983 0.382433 0
    outer loop
      vertex 45.6508 -48.855 0
      vertex 45.7342 -49.0565 6
      vertex 45.7342 -49.0565 0
    endloop
  endfacet
  facet normal 0.991423 0.130692 0
    outer loop
      vertex 45.538 -48.4341 6
      vertex 45.5095 -48.2179 0
      vertex 45.5095 -48.2179 6
    endloop
  endfacet
  facet normal 0.991423 0.130692 0
    outer loop
      vertex 45.5095 -48.2179 0
      vertex 45.538 -48.4341 6
      vertex 45.538 -48.4341 0
    endloop
  endfacet
  facet normal 0.382433 0.923983 -0
    outer loop
      vertex 47.145 -50.3492 0
      vertex 46.9435 -50.2658 6
      vertex 47.145 -50.3492 6
    endloop
  endfacet
  facet normal 0.382433 0.923983 0
    outer loop
      vertex 46.9435 -50.2658 6
      vertex 47.145 -50.3492 0
      vertex 46.9435 -50.2658 0
    endloop
  endfacet
  facet normal 0.999051 0.0435566 0
    outer loop
      vertex 45.5095 -48.2179 6
      vertex 45.5 -48 0
      vertex 45.5 -48 6
    endloop
  endfacet
  facet normal 0.999051 0.0435566 0
    outer loop
      vertex 45.5 -48 0
      vertex 45.5095 -48.2179 6
      vertex 45.5095 -48.2179 0
    endloop
  endfacet
  facet normal -0.675475 0.737383 0
    outer loop
      vertex 49.7678 -49.7678 0
      vertex 49.607 -49.9151 6
      vertex 49.7678 -49.7678 6
    endloop
  endfacet
  facet normal -0.675475 0.737383 0
    outer loop
      vertex 49.607 -49.9151 6
      vertex 49.7678 -49.7678 0
      vertex 49.607 -49.9151 0
    endloop
  endfacet
  facet normal 0.461641 0.887067 -0
    outer loop
      vertex 46.9435 -50.2658 0
      vertex 46.75 -50.1651 6
      vertex 46.9435 -50.2658 6
    endloop
  endfacet
  facet normal 0.461641 0.887067 0
    outer loop
      vertex 46.75 -50.1651 6
      vertex 46.9435 -50.2658 0
      vertex 46.75 -50.1651 0
    endloop
  endfacet
  facet normal -0.608691 0.793407 0
    outer loop
      vertex 49.607 -49.9151 0
      vertex 49.4339 -50.0479 6
      vertex 49.607 -49.9151 6
    endloop
  endfacet
  facet normal -0.608691 0.793407 0
    outer loop
      vertex 49.4339 -50.0479 6
      vertex 49.607 -49.9151 0
      vertex 49.4339 -50.0479 0
    endloop
  endfacet
  facet normal 0.130692 0.991423 -0
    outer loop
      vertex 47.7821 -50.4905 0
      vertex 47.5659 -50.462 6
      vertex 47.7821 -50.4905 6
    endloop
  endfacet
  facet normal 0.130692 0.991423 0
    outer loop
      vertex 47.5659 -50.462 6
      vertex 47.7821 -50.4905 0
      vertex 47.5659 -50.462 0
    endloop
  endfacet
  facet normal -0.953693 -0.30078 0
    outer loop
      vertex 50.4148 -47.353 0
      vertex 50.3492 -47.145 6
      vertex 50.3492 -47.145 0
    endloop
  endfacet
  facet normal -0.953693 -0.30078 0
    outer loop
      vertex 50.3492 -47.145 6
      vertex 50.4148 -47.353 0
      vertex 50.4148 -47.353 6
    endloop
  endfacet
  facet normal 0.382433 -0.923983 0
    outer loop
      vertex 46.9435 -45.7342 0
      vertex 47.145 -45.6508 6
      vertex 46.9435 -45.7342 6
    endloop
  endfacet
  facet normal 0.382433 -0.923983 0
    outer loop
      vertex 47.145 -45.6508 6
      vertex 46.9435 -45.7342 0
      vertex 47.145 -45.6508 0
    endloop
  endfacet
  facet normal -0.608691 -0.793407 0
    outer loop
      vertex 49.4339 -45.9521 0
      vertex 49.607 -46.0849 6
      vertex 49.4339 -45.9521 6
    endloop
  endfacet
  facet normal -0.608691 -0.793407 -0
    outer loop
      vertex 49.607 -46.0849 6
      vertex 49.4339 -45.9521 0
      vertex 49.607 -46.0849 0
    endloop
  endfacet
  facet normal 0.793407 0.608691 0
    outer loop
      vertex 46.0849 -49.607 6
      vertex 45.9521 -49.4339 0
      vertex 45.9521 -49.4339 6
    endloop
  endfacet
  facet normal 0.793407 0.608691 0
    outer loop
      vertex 45.9521 -49.4339 0
      vertex 46.0849 -49.607 6
      vertex 46.0849 -49.607 0
    endloop
  endfacet
  facet normal -0.923983 -0.382433 0
    outer loop
      vertex 50.3492 -47.145 0
      vertex 50.2658 -46.9435 6
      vertex 50.2658 -46.9435 0
    endloop
  endfacet
  facet normal -0.923983 -0.382433 0
    outer loop
      vertex 50.2658 -46.9435 6
      vertex 50.3492 -47.145 0
      vertex 50.3492 -47.145 6
    endloop
  endfacet
  facet normal -0.382433 0.923983 0
    outer loop
      vertex 49.0565 -50.2658 0
      vertex 48.855 -50.3492 6
      vertex 49.0565 -50.2658 6
    endloop
  endfacet
  facet normal -0.382433 0.923983 0
    outer loop
      vertex 48.855 -50.3492 6
      vertex 49.0565 -50.2658 0
      vertex 48.855 -50.3492 0
    endloop
  endfacet
  facet normal -0.991423 0.130692 0
    outer loop
      vertex 50.462 -48.4341 0
      vertex 50.4905 -48.2179 6
      vertex 50.4905 -48.2179 0
    endloop
  endfacet
  facet normal -0.991423 0.130692 0
    outer loop
      vertex 50.4905 -48.2179 6
      vertex 50.462 -48.4341 0
      vertex 50.462 -48.4341 6
    endloop
  endfacet
  facet normal -0.976295 0.216445 0
    outer loop
      vertex 50.4148 -48.647 0
      vertex 50.462 -48.4341 6
      vertex 50.462 -48.4341 0
    endloop
  endfacet
  facet normal -0.976295 0.216445 0
    outer loop
      vertex 50.462 -48.4341 6
      vertex 50.4148 -48.647 0
      vertex 50.4148 -48.647 6
    endloop
  endfacet
  facet normal -0.216445 0.976295 0
    outer loop
      vertex 48.647 -50.4148 0
      vertex 48.4341 -50.462 6
      vertex 48.647 -50.4148 6
    endloop
  endfacet
  facet normal -0.216445 0.976295 0
    outer loop
      vertex 48.4341 -50.462 6
      vertex 48.647 -50.4148 0
      vertex 48.4341 -50.462 0
    endloop
  endfacet
  facet normal 0.923983 -0.382433 0
    outer loop
      vertex 45.6508 -47.145 6
      vertex 45.7342 -46.9435 0
      vertex 45.7342 -46.9435 6
    endloop
  endfacet
  facet normal 0.923983 -0.382433 0
    outer loop
      vertex 45.7342 -46.9435 0
      vertex 45.6508 -47.145 6
      vertex 45.6508 -47.145 0
    endloop
  endfacet
  facet normal -0.843303 0.537439 0
    outer loop
      vertex 50.0479 -49.4339 0
      vertex 50.1651 -49.25 6
      vertex 50.1651 -49.25 0
    endloop
  endfacet
  facet normal -0.843303 0.537439 0
    outer loop
      vertex 50.1651 -49.25 6
      vertex 50.0479 -49.4339 0
      vertex 50.0479 -49.4339 6
    endloop
  endfacet
  facet normal 0.675475 -0.737383 0
    outer loop
      vertex 46.2322 -46.2322 0
      vertex 46.393 -46.0849 6
      vertex 46.2322 -46.2322 6
    endloop
  endfacet
  facet normal 0.675475 -0.737383 0
    outer loop
      vertex 46.393 -46.0849 6
      vertex 46.2322 -46.2322 0
      vertex 46.393 -46.0849 0
    endloop
  endfacet
  facet normal 0.0435566 0.999051 -0
    outer loop
      vertex 48 -50.5 0
      vertex 47.7821 -50.4905 6
      vertex 48 -50.5 6
    endloop
  endfacet
  facet normal 0.0435566 0.999051 0
    outer loop
      vertex 47.7821 -50.4905 6
      vertex 48 -50.5 0
      vertex 47.7821 -50.4905 0
    endloop
  endfacet
  facet normal -0.0435566 0.999051 0
    outer loop
      vertex 48.2179 -50.4905 0
      vertex 48 -50.5 6
      vertex 48.2179 -50.4905 6
    endloop
  endfacet
  facet normal -0.0435566 0.999051 0
    outer loop
      vertex 48 -50.5 6
      vertex 48.2179 -50.4905 0
      vertex 48 -50.5 0
    endloop
  endfacet
  facet normal -0.216445 -0.976295 0
    outer loop
      vertex 48.4341 -45.538 0
      vertex 48.647 -45.5852 6
      vertex 48.4341 -45.538 6
    endloop
  endfacet
  facet normal -0.216445 -0.976295 -0
    outer loop
      vertex 48.647 -45.5852 6
      vertex 48.4341 -45.538 0
      vertex 48.647 -45.5852 0
    endloop
  endfacet
  facet normal 0.887067 -0.461641 0
    outer loop
      vertex 45.7342 -46.9435 6
      vertex 45.8349 -46.75 0
      vertex 45.8349 -46.75 6
    endloop
  endfacet
  facet normal 0.887067 -0.461641 0
    outer loop
      vertex 45.8349 -46.75 0
      vertex 45.7342 -46.9435 6
      vertex 45.7342 -46.9435 0
    endloop
  endfacet
  facet normal 0.737383 -0.675475 0
    outer loop
      vertex 46.0849 -46.393 6
      vertex 46.2322 -46.2322 0
      vertex 46.2322 -46.2322 6
    endloop
  endfacet
  facet normal 0.737383 -0.675475 0
    outer loop
      vertex 46.2322 -46.2322 0
      vertex 46.0849 -46.393 6
      vertex 46.0849 -46.393 0
    endloop
  endfacet
  facet normal 0.216445 0.976295 -0
    outer loop
      vertex 47.5659 -50.462 0
      vertex 47.353 -50.4148 6
      vertex 47.5659 -50.462 6
    endloop
  endfacet
  facet normal 0.216445 0.976295 0
    outer loop
      vertex 47.353 -50.4148 6
      vertex 47.5659 -50.462 0
      vertex 47.353 -50.4148 0
    endloop
  endfacet
  facet normal -0.30078 -0.953693 0
    outer loop
      vertex 48.647 -45.5852 0
      vertex 48.855 -45.6508 6
      vertex 48.647 -45.5852 6
    endloop
  endfacet
  facet normal -0.30078 -0.953693 -0
    outer loop
      vertex 48.855 -45.6508 6
      vertex 48.647 -45.5852 0
      vertex 48.855 -45.6508 0
    endloop
  endfacet
  facet normal -0.675475 -0.737383 0
    outer loop
      vertex 49.607 -46.0849 0
      vertex 49.7678 -46.2322 6
      vertex 49.607 -46.0849 6
    endloop
  endfacet
  facet normal -0.675475 -0.737383 -0
    outer loop
      vertex 49.7678 -46.2322 6
      vertex 49.607 -46.0849 0
      vertex 49.7678 -46.2322 0
    endloop
  endfacet
  facet normal -0.537439 0.843303 0
    outer loop
      vertex 49.4339 -50.0479 0
      vertex 49.25 -50.1651 6
      vertex 49.4339 -50.0479 6
    endloop
  endfacet
  facet normal -0.537439 0.843303 0
    outer loop
      vertex 49.25 -50.1651 6
      vertex 49.4339 -50.0479 0
      vertex 49.25 -50.1651 0
    endloop
  endfacet
  facet normal 0.608691 0.793407 -0
    outer loop
      vertex 46.5661 -50.0479 0
      vertex 46.393 -49.9151 6
      vertex 46.5661 -50.0479 6
    endloop
  endfacet
  facet normal 0.608691 0.793407 0
    outer loop
      vertex 46.393 -49.9151 6
      vertex 46.5661 -50.0479 0
      vertex 46.393 -49.9151 0
    endloop
  endfacet
  facet normal 0.30078 0.953693 -0
    outer loop
      vertex 47.353 -50.4148 0
      vertex 47.145 -50.3492 6
      vertex 47.353 -50.4148 6
    endloop
  endfacet
  facet normal 0.30078 0.953693 0
    outer loop
      vertex 47.145 -50.3492 6
      vertex 47.353 -50.4148 0
      vertex 47.145 -50.3492 0
    endloop
  endfacet
  facet normal -0.843303 -0.537439 0
    outer loop
      vertex 50.1651 -46.75 0
      vertex 50.0479 -46.5661 6
      vertex 50.0479 -46.5661 0
    endloop
  endfacet
  facet normal -0.843303 -0.537439 0
    outer loop
      vertex 50.0479 -46.5661 6
      vertex 50.1651 -46.75 0
      vertex 50.1651 -46.75 6
    endloop
  endfacet
  facet normal 0.999051 -0.0435566 0
    outer loop
      vertex 45.5 -48 6
      vertex 45.5095 -47.7821 0
      vertex 45.5095 -47.7821 6
    endloop
  endfacet
  facet normal 0.999051 -0.0435566 0
    outer loop
      vertex 45.5095 -47.7821 0
      vertex 45.5 -48 6
      vertex 45.5 -48 0
    endloop
  endfacet
  facet normal 0.843303 0.537439 0
    outer loop
      vertex 45.9521 -49.4339 6
      vertex 45.8349 -49.25 0
      vertex 45.8349 -49.25 6
    endloop
  endfacet
  facet normal 0.843303 0.537439 0
    outer loop
      vertex 45.8349 -49.25 0
      vertex 45.9521 -49.4339 6
      vertex 45.9521 -49.4339 0
    endloop
  endfacet
  facet normal 0.737383 0.675475 0
    outer loop
      vertex 46.2322 -49.7678 6
      vertex 46.0849 -49.607 0
      vertex 46.0849 -49.607 6
    endloop
  endfacet
  facet normal 0.737383 0.675475 0
    outer loop
      vertex 46.0849 -49.607 0
      vertex 46.2322 -49.7678 6
      vertex 46.2322 -49.7678 0
    endloop
  endfacet
  facet normal 0.976295 0.216445 0
    outer loop
      vertex 45.5852 -48.647 6
      vertex 45.538 -48.4341 0
      vertex 45.538 -48.4341 6
    endloop
  endfacet
  facet normal 0.976295 0.216445 0
    outer loop
      vertex 45.538 -48.4341 0
      vertex 45.5852 -48.647 6
      vertex 45.5852 -48.647 0
    endloop
  endfacet
  facet normal -0.130692 -0.991423 0
    outer loop
      vertex 48.2179 -45.5095 0
      vertex 48.4341 -45.538 6
      vertex 48.2179 -45.5095 6
    endloop
  endfacet
  facet normal -0.130692 -0.991423 -0
    outer loop
      vertex 48.4341 -45.538 6
      vertex 48.2179 -45.5095 0
      vertex 48.4341 -45.538 0
    endloop
  endfacet
  facet normal 0.537439 0.843303 -0
    outer loop
      vertex 46.75 -50.1651 0
      vertex 46.5661 -50.0479 6
      vertex 46.75 -50.1651 6
    endloop
  endfacet
  facet normal 0.537439 0.843303 0
    outer loop
      vertex 46.5661 -50.0479 6
      vertex 46.75 -50.1651 0
      vertex 46.5661 -50.0479 0
    endloop
  endfacet
  facet normal -0.30078 0.953693 0
    outer loop
      vertex 48.855 -50.3492 0
      vertex 48.647 -50.4148 6
      vertex 48.855 -50.3492 6
    endloop
  endfacet
  facet normal -0.30078 0.953693 0
    outer loop
      vertex 48.647 -50.4148 6
      vertex 48.855 -50.3492 0
      vertex 48.647 -50.4148 0
    endloop
  endfacet
  facet normal 0.953693 -0.30078 0
    outer loop
      vertex 45.5852 -47.353 6
      vertex 45.6508 -47.145 0
      vertex 45.6508 -47.145 6
    endloop
  endfacet
  facet normal 0.953693 -0.30078 0
    outer loop
      vertex 45.6508 -47.145 0
      vertex 45.5852 -47.353 6
      vertex 45.5852 -47.353 0
    endloop
  endfacet
  facet normal -0.991423 0.130692 0
    outer loop
      vertex 50.462 47.5659 0
      vertex 50.4905 47.7821 6
      vertex 50.4905 47.7821 0
    endloop
  endfacet
  facet normal -0.991423 0.130692 0
    outer loop
      vertex 50.4905 47.7821 6
      vertex 50.462 47.5659 0
      vertex 50.462 47.5659 6
    endloop
  endfacet
  facet normal -0.991423 -0.130692 0
    outer loop
      vertex 50.4905 48.2179 0
      vertex 50.462 48.4341 6
      vertex 50.462 48.4341 0
    endloop
  endfacet
  facet normal -0.991423 -0.130692 0
    outer loop
      vertex 50.462 48.4341 6
      vertex 50.4905 48.2179 0
      vertex 50.4905 48.2179 6
    endloop
  endfacet
  facet normal -0.999051 -0.0435566 0
    outer loop
      vertex 50.5 48 0
      vertex 50.4905 48.2179 6
      vertex 50.4905 48.2179 0
    endloop
  endfacet
  facet normal -0.999051 -0.0435566 0
    outer loop
      vertex 50.4905 48.2179 6
      vertex 50.5 48 0
      vertex 50.5 48 6
    endloop
  endfacet
  facet normal -0.976295 -0.216445 0
    outer loop
      vertex 50.462 48.4341 0
      vertex 50.4148 48.647 6
      vertex 50.4148 48.647 0
    endloop
  endfacet
  facet normal -0.976295 -0.216445 0
    outer loop
      vertex 50.4148 48.647 6
      vertex 50.462 48.4341 0
      vertex 50.462 48.4341 6
    endloop
  endfacet
  facet normal 0.461641 -0.887067 0
    outer loop
      vertex 46.75 50.1651 0
      vertex 46.9435 50.2658 6
      vertex 46.75 50.1651 6
    endloop
  endfacet
  facet normal 0.461641 -0.887067 0
    outer loop
      vertex 46.9435 50.2658 6
      vertex 46.75 50.1651 0
      vertex 46.9435 50.2658 0
    endloop
  endfacet
  facet normal -0.0435566 0.999051 0
    outer loop
      vertex 48.2179 45.5095 0
      vertex 48 45.5 6
      vertex 48.2179 45.5095 6
    endloop
  endfacet
  facet normal -0.0435566 0.999051 0
    outer loop
      vertex 48 45.5 6
      vertex 48.2179 45.5095 0
      vertex 48 45.5 0
    endloop
  endfacet
  facet normal 0.843303 -0.537439 0
    outer loop
      vertex 45.8349 49.25 6
      vertex 45.9521 49.4339 0
      vertex 45.9521 49.4339 6
    endloop
  endfacet
  facet normal 0.843303 -0.537439 0
    outer loop
      vertex 45.9521 49.4339 0
      vertex 45.8349 49.25 6
      vertex 45.8349 49.25 0
    endloop
  endfacet
  facet normal 0.923983 0.382433 0
    outer loop
      vertex 45.7342 46.9435 6
      vertex 45.6508 47.145 0
      vertex 45.6508 47.145 6
    endloop
  endfacet
  facet normal 0.923983 0.382433 0
    outer loop
      vertex 45.6508 47.145 0
      vertex 45.7342 46.9435 6
      vertex 45.7342 46.9435 0
    endloop
  endfacet
  facet normal 0.216445 -0.976295 0
    outer loop
      vertex 47.353 50.4148 0
      vertex 47.5659 50.462 6
      vertex 47.353 50.4148 6
    endloop
  endfacet
  facet normal 0.216445 -0.976295 0
    outer loop
      vertex 47.5659 50.462 6
      vertex 47.353 50.4148 0
      vertex 47.5659 50.462 0
    endloop
  endfacet
  facet normal 0.923983 -0.382433 0
    outer loop
      vertex 45.6508 48.855 6
      vertex 45.7342 49.0565 0
      vertex 45.7342 49.0565 6
    endloop
  endfacet
  facet normal 0.923983 -0.382433 0
    outer loop
      vertex 45.7342 49.0565 0
      vertex 45.6508 48.855 6
      vertex 45.6508 48.855 0
    endloop
  endfacet
  facet normal 0.793407 0.608691 0
    outer loop
      vertex 46.0849 46.393 6
      vertex 45.9521 46.5661 0
      vertex 45.9521 46.5661 6
    endloop
  endfacet
  facet normal 0.793407 0.608691 0
    outer loop
      vertex 45.9521 46.5661 0
      vertex 46.0849 46.393 6
      vertex 46.0849 46.393 0
    endloop
  endfacet
  facet normal -0.887067 0.461641 0
    outer loop
      vertex 50.1651 46.75 0
      vertex 50.2658 46.9435 6
      vertex 50.2658 46.9435 0
    endloop
  endfacet
  facet normal -0.887067 0.461641 0
    outer loop
      vertex 50.2658 46.9435 6
      vertex 50.1651 46.75 0
      vertex 50.1651 46.75 6
    endloop
  endfacet
  facet normal 0.382433 0.923983 -0
    outer loop
      vertex 47.145 45.6508 0
      vertex 46.9435 45.7342 6
      vertex 47.145 45.6508 6
    endloop
  endfacet
  facet normal 0.382433 0.923983 0
    outer loop
      vertex 46.9435 45.7342 6
      vertex 47.145 45.6508 0
      vertex 46.9435 45.7342 0
    endloop
  endfacet
  facet normal 0.30078 -0.953693 0
    outer loop
      vertex 47.145 50.3492 0
      vertex 47.353 50.4148 6
      vertex 47.145 50.3492 6
    endloop
  endfacet
  facet normal 0.30078 -0.953693 0
    outer loop
      vertex 47.353 50.4148 6
      vertex 47.145 50.3492 0
      vertex 47.353 50.4148 0
    endloop
  endfacet
  facet normal -0.30078 0.953693 0
    outer loop
      vertex 48.855 45.6508 0
      vertex 48.647 45.5852 6
      vertex 48.855 45.6508 6
    endloop
  endfacet
  facet normal -0.30078 0.953693 0
    outer loop
      vertex 48.647 45.5852 6
      vertex 48.855 45.6508 0
      vertex 48.647 45.5852 0
    endloop
  endfacet
  facet normal -0.382433 -0.923983 0
    outer loop
      vertex 48.855 50.3492 0
      vertex 49.0565 50.2658 6
      vertex 48.855 50.3492 6
    endloop
  endfacet
  facet normal -0.382433 -0.923983 -0
    outer loop
      vertex 49.0565 50.2658 6
      vertex 48.855 50.3492 0
      vertex 49.0565 50.2658 0
    endloop
  endfacet
  facet normal -0.461641 0.887067 0
    outer loop
      vertex 49.25 45.8349 0
      vertex 49.0565 45.7342 6
      vertex 49.25 45.8349 6
    endloop
  endfacet
  facet normal -0.461641 0.887067 0
    outer loop
      vertex 49.0565 45.7342 6
      vertex 49.25 45.8349 0
      vertex 49.0565 45.7342 0
    endloop
  endfacet
  facet normal -0.843303 0.537439 0
    outer loop
      vertex 50.0479 46.5661 0
      vertex 50.1651 46.75 6
      vertex 50.1651 46.75 0
    endloop
  endfacet
  facet normal -0.843303 0.537439 0
    outer loop
      vertex 50.1651 46.75 6
      vertex 50.0479 46.5661 0
      vertex 50.0479 46.5661 6
    endloop
  endfacet
  facet normal 0.537439 0.843303 -0
    outer loop
      vertex 46.75 45.8349 0
      vertex 46.5661 45.9521 6
      vertex 46.75 45.8349 6
    endloop
  endfacet
  facet normal 0.537439 0.843303 0
    outer loop
      vertex 46.5661 45.9521 6
      vertex 46.75 45.8349 0
      vertex 46.5661 45.9521 0
    endloop
  endfacet
  facet normal -0.608691 -0.793407 0
    outer loop
      vertex 49.4339 50.0479 0
      vertex 49.607 49.9151 6
      vertex 49.4339 50.0479 6
    endloop
  endfacet
  facet normal -0.608691 -0.793407 -0
    outer loop
      vertex 49.607 49.9151 6
      vertex 49.4339 50.0479 0
      vertex 49.607 49.9151 0
    endloop
  endfacet
  facet normal -0.999051 0.0435566 0
    outer loop
      vertex 50.4905 47.7821 0
      vertex 50.5 48 6
      vertex 50.5 48 0
    endloop
  endfacet
  facet normal -0.999051 0.0435566 0
    outer loop
      vertex 50.5 48 6
      vertex 50.4905 47.7821 0
      vertex 50.4905 47.7821 6
    endloop
  endfacet
  facet normal -0.793407 -0.608691 0
    outer loop
      vertex 50.0479 49.4339 0
      vertex 49.9151 49.607 6
      vertex 49.9151 49.607 0
    endloop
  endfacet
  facet normal -0.793407 -0.608691 0
    outer loop
      vertex 49.9151 49.607 6
      vertex 50.0479 49.4339 0
      vertex 50.0479 49.4339 6
    endloop
  endfacet
  facet normal 0.999051 0.0435566 0
    outer loop
      vertex 45.5095 47.7821 6
      vertex 45.5 48 0
      vertex 45.5 48 6
    endloop
  endfacet
  facet normal 0.999051 0.0435566 0
    outer loop
      vertex 45.5 48 0
      vertex 45.5095 47.7821 6
      vertex 45.5095 47.7821 0
    endloop
  endfacet
  facet normal -0.923983 0.382433 0
    outer loop
      vertex 50.2658 46.9435 0
      vertex 50.3492 47.145 6
      vertex 50.3492 47.145 0
    endloop
  endfacet
  facet normal -0.923983 0.382433 0
    outer loop
      vertex 50.3492 47.145 6
      vertex 50.2658 46.9435 0
      vertex 50.2658 46.9435 6
    endloop
  endfacet
  facet normal -0.130692 0.991423 0
    outer loop
      vertex 48.4341 45.538 0
      vertex 48.2179 45.5095 6
      vertex 48.4341 45.538 6
    endloop
  endfacet
  facet normal -0.130692 0.991423 0
    outer loop
      vertex 48.2179 45.5095 6
      vertex 48.4341 45.538 0
      vertex 48.2179 45.5095 0
    endloop
  endfacet
  facet normal 0.130692 -0.991423 0
    outer loop
      vertex 47.5659 50.462 0
      vertex 47.7821 50.4905 6
      vertex 47.5659 50.462 6
    endloop
  endfacet
  facet normal 0.130692 -0.991423 0
    outer loop
      vertex 47.7821 50.4905 6
      vertex 47.5659 50.462 0
      vertex 47.7821 50.4905 0
    endloop
  endfacet
  facet normal 0.953693 0.30078 0
    outer loop
      vertex 45.6508 47.145 6
      vertex 45.5852 47.353 0
      vertex 45.5852 47.353 6
    endloop
  endfacet
  facet normal 0.953693 0.30078 0
    outer loop
      vertex 45.5852 47.353 0
      vertex 45.6508 47.145 6
      vertex 45.6508 47.145 0
    endloop
  endfacet
  facet normal -0.216445 0.976295 0
    outer loop
      vertex 48.647 45.5852 0
      vertex 48.4341 45.538 6
      vertex 48.647 45.5852 6
    endloop
  endfacet
  facet normal -0.216445 0.976295 0
    outer loop
      vertex 48.4341 45.538 6
      vertex 48.647 45.5852 0
      vertex 48.4341 45.538 0
    endloop
  endfacet
  facet normal 0.382433 -0.923983 0
    outer loop
      vertex 46.9435 50.2658 0
      vertex 47.145 50.3492 6
      vertex 46.9435 50.2658 6
    endloop
  endfacet
  facet normal 0.382433 -0.923983 0
    outer loop
      vertex 47.145 50.3492 6
      vertex 46.9435 50.2658 0
      vertex 47.145 50.3492 0
    endloop
  endfacet
  facet normal 0.675475 -0.737383 0
    outer loop
      vertex 46.2322 49.7678 0
      vertex 46.393 49.9151 6
      vertex 46.2322 49.7678 6
    endloop
  endfacet
  facet normal 0.675475 -0.737383 0
    outer loop
      vertex 46.393 49.9151 6
      vertex 46.2322 49.7678 0
      vertex 46.393 49.9151 0
    endloop
  endfacet
  facet normal -0.953693 -0.30078 0
    outer loop
      vertex 50.4148 48.647 0
      vertex 50.3492 48.855 6
      vertex 50.3492 48.855 0
    endloop
  endfacet
  facet normal -0.953693 -0.30078 0
    outer loop
      vertex 50.3492 48.855 6
      vertex 50.4148 48.647 0
      vertex 50.4148 48.647 6
    endloop
  endfacet
  facet normal -0.923983 -0.382433 0
    outer loop
      vertex 50.3492 48.855 0
      vertex 50.2658 49.0565 6
      vertex 50.2658 49.0565 0
    endloop
  endfacet
  facet normal -0.923983 -0.382433 0
    outer loop
      vertex 50.2658 49.0565 6
      vertex 50.3492 48.855 0
      vertex 50.3492 48.855 6
    endloop
  endfacet
  facet normal 0.843303 0.537439 0
    outer loop
      vertex 45.9521 46.5661 6
      vertex 45.8349 46.75 0
      vertex 45.8349 46.75 6
    endloop
  endfacet
  facet normal 0.843303 0.537439 0
    outer loop
      vertex 45.8349 46.75 0
      vertex 45.9521 46.5661 6
      vertex 45.9521 46.5661 0
    endloop
  endfacet
  facet normal -0.537439 0.843303 0
    outer loop
      vertex 49.4339 45.9521 0
      vertex 49.25 45.8349 6
      vertex 49.4339 45.9521 6
    endloop
  endfacet
  facet normal -0.537439 0.843303 0
    outer loop
      vertex 49.25 45.8349 6
      vertex 49.4339 45.9521 0
      vertex 49.25 45.8349 0
    endloop
  endfacet
  facet normal -0.887067 -0.461641 0
    outer loop
      vertex 50.2658 49.0565 0
      vertex 50.1651 49.25 6
      vertex 50.1651 49.25 0
    endloop
  endfacet
  facet normal -0.887067 -0.461641 0
    outer loop
      vertex 50.1651 49.25 6
      vertex 50.2658 49.0565 0
      vertex 50.2658 49.0565 6
    endloop
  endfacet
  facet normal -0.675475 -0.737383 0
    outer loop
      vertex 49.607 49.9151 0
      vertex 49.7678 49.7678 6
      vertex 49.607 49.9151 6
    endloop
  endfacet
  facet normal -0.675475 -0.737383 -0
    outer loop
      vertex 49.7678 49.7678 6
      vertex 49.607 49.9151 0
      vertex 49.7678 49.7678 0
    endloop
  endfacet
  facet normal -0.130692 -0.991423 0
    outer loop
      vertex 48.2179 50.4905 0
      vertex 48.4341 50.462 6
      vertex 48.2179 50.4905 6
    endloop
  endfacet
  facet normal -0.130692 -0.991423 -0
    outer loop
      vertex 48.4341 50.462 6
      vertex 48.2179 50.4905 0
      vertex 48.4341 50.462 0
    endloop
  endfacet
  facet normal -0.793407 0.608691 0
    outer loop
      vertex 49.9151 46.393 0
      vertex 50.0479 46.5661 6
      vertex 50.0479 46.5661 0
    endloop
  endfacet
  facet normal -0.793407 0.608691 0
    outer loop
      vertex 50.0479 46.5661 6
      vertex 49.9151 46.393 0
      vertex 49.9151 46.393 6
    endloop
  endfacet
  facet normal -0.953693 0.30078 0
    outer loop
      vertex 50.3492 47.145 0
      vertex 50.4148 47.353 6
      vertex 50.4148 47.353 0
    endloop
  endfacet
  facet normal -0.953693 0.30078 0
    outer loop
      vertex 50.4148 47.353 6
      vertex 50.3492 47.145 0
      vertex 50.3492 47.145 6
    endloop
  endfacet
  facet normal -0.537439 -0.843303 0
    outer loop
      vertex 49.25 50.1651 0
      vertex 49.4339 50.0479 6
      vertex 49.25 50.1651 6
    endloop
  endfacet
  facet normal -0.537439 -0.843303 -0
    outer loop
      vertex 49.4339 50.0479 6
      vertex 49.25 50.1651 0
      vertex 49.4339 50.0479 0
    endloop
  endfacet
  facet normal -0.976295 0.216445 0
    outer loop
      vertex 50.4148 47.353 0
      vertex 50.462 47.5659 6
      vertex 50.462 47.5659 0
    endloop
  endfacet
  facet normal -0.976295 0.216445 0
    outer loop
      vertex 50.462 47.5659 6
      vertex 50.4148 47.353 0
      vertex 50.4148 47.353 6
    endloop
  endfacet
  facet normal -0.461641 -0.887067 0
    outer loop
      vertex 49.0565 50.2658 0
      vertex 49.25 50.1651 6
      vertex 49.0565 50.2658 6
    endloop
  endfacet
  facet normal -0.461641 -0.887067 -0
    outer loop
      vertex 49.25 50.1651 6
      vertex 49.0565 50.2658 0
      vertex 49.25 50.1651 0
    endloop
  endfacet
  facet normal 0.130692 0.991423 -0
    outer loop
      vertex 47.7821 45.5095 0
      vertex 47.5659 45.538 6
      vertex 47.7821 45.5095 6
    endloop
  endfacet
  facet normal 0.130692 0.991423 0
    outer loop
      vertex 47.5659 45.538 6
      vertex 47.7821 45.5095 0
      vertex 47.5659 45.538 0
    endloop
  endfacet
  facet normal 0.216445 0.976295 -0
    outer loop
      vertex 47.5659 45.538 0
      vertex 47.353 45.5852 6
      vertex 47.5659 45.538 6
    endloop
  endfacet
  facet normal 0.216445 0.976295 0
    outer loop
      vertex 47.353 45.5852 6
      vertex 47.5659 45.538 0
      vertex 47.353 45.5852 0
    endloop
  endfacet
  facet normal -0.843303 -0.537439 0
    outer loop
      vertex 50.1651 49.25 0
      vertex 50.0479 49.4339 6
      vertex 50.0479 49.4339 0
    endloop
  endfacet
  facet normal -0.843303 -0.537439 0
    outer loop
      vertex 50.0479 49.4339 6
      vertex 50.1651 49.25 0
      vertex 50.1651 49.25 6
    endloop
  endfacet
  facet normal -0.675475 0.737383 0
    outer loop
      vertex 49.7678 46.2322 0
      vertex 49.607 46.0849 6
      vertex 49.7678 46.2322 6
    endloop
  endfacet
  facet normal -0.675475 0.737383 0
    outer loop
      vertex 49.607 46.0849 6
      vertex 49.7678 46.2322 0
      vertex 49.607 46.0849 0
    endloop
  endfacet
  facet normal 0.737383 -0.675475 0
    outer loop
      vertex 46.0849 49.607 6
      vertex 46.2322 49.7678 0
      vertex 46.2322 49.7678 6
    endloop
  endfacet
  facet normal 0.737383 -0.675475 0
    outer loop
      vertex 46.2322 49.7678 0
      vertex 46.0849 49.607 6
      vertex 46.0849 49.607 0
    endloop
  endfacet
  facet normal 0.793407 -0.608691 0
    outer loop
      vertex 45.9521 49.4339 6
      vertex 46.0849 49.607 0
      vertex 46.0849 49.607 6
    endloop
  endfacet
  facet normal 0.793407 -0.608691 0
    outer loop
      vertex 46.0849 49.607 0
      vertex 45.9521 49.4339 6
      vertex 45.9521 49.4339 0
    endloop
  endfacet
  facet normal 0.976295 0.216445 0
    outer loop
      vertex 45.5852 47.353 6
      vertex 45.538 47.5659 0
      vertex 45.538 47.5659 6
    endloop
  endfacet
  facet normal 0.976295 0.216445 0
    outer loop
      vertex 45.538 47.5659 0
      vertex 45.5852 47.353 6
      vertex 45.5852 47.353 0
    endloop
  endfacet
  facet normal 0.675475 0.737383 -0
    outer loop
      vertex 46.393 46.0849 0
      vertex 46.2322 46.2322 6
      vertex 46.393 46.0849 6
    endloop
  endfacet
  facet normal 0.675475 0.737383 0
    outer loop
      vertex 46.2322 46.2322 6
      vertex 46.393 46.0849 0
      vertex 46.2322 46.2322 0
    endloop
  endfacet
  facet normal -0.737383 -0.675475 0
    outer loop
      vertex 49.9151 49.607 0
      vertex 49.7678 49.7678 6
      vertex 49.7678 49.7678 0
    endloop
  endfacet
  facet normal -0.737383 -0.675475 0
    outer loop
      vertex 49.7678 49.7678 6
      vertex 49.9151 49.607 0
      vertex 49.9151 49.607 6
    endloop
  endfacet
  facet normal -0.30078 -0.953693 0
    outer loop
      vertex 48.647 50.4148 0
      vertex 48.855 50.3492 6
      vertex 48.647 50.4148 6
    endloop
  endfacet
  facet normal -0.30078 -0.953693 -0
    outer loop
      vertex 48.855 50.3492 6
      vertex 48.647 50.4148 0
      vertex 48.855 50.3492 0
    endloop
  endfacet
  facet normal 0.0435566 0.999051 -0
    outer loop
      vertex 48 45.5 0
      vertex 47.7821 45.5095 6
      vertex 48 45.5 6
    endloop
  endfacet
  facet normal 0.0435566 0.999051 0
    outer loop
      vertex 47.7821 45.5095 6
      vertex 48 45.5 0
      vertex 47.7821 45.5095 0
    endloop
  endfacet
  facet normal 0.0435566 -0.999051 0
    outer loop
      vertex 47.7821 50.4905 0
      vertex 48 50.5 6
      vertex 47.7821 50.4905 6
    endloop
  endfacet
  facet normal 0.0435566 -0.999051 0
    outer loop
      vertex 48 50.5 6
      vertex 47.7821 50.4905 0
      vertex 48 50.5 0
    endloop
  endfacet
  facet normal -0.0435566 -0.999051 0
    outer loop
      vertex 48 50.5 0
      vertex 48.2179 50.4905 6
      vertex 48 50.5 6
    endloop
  endfacet
  facet normal -0.0435566 -0.999051 -0
    outer loop
      vertex 48.2179 50.4905 6
      vertex 48 50.5 0
      vertex 48.2179 50.4905 0
    endloop
  endfacet
  facet normal 0.737383 0.675475 0
    outer loop
      vertex 46.2322 46.2322 6
      vertex 46.0849 46.393 0
      vertex 46.0849 46.393 6
    endloop
  endfacet
  facet normal 0.737383 0.675475 0
    outer loop
      vertex 46.0849 46.393 0
      vertex 46.2322 46.2322 6
      vertex 46.2322 46.2322 0
    endloop
  endfacet
  facet normal 0.991423 0.130692 0
    outer loop
      vertex 45.538 47.5659 6
      vertex 45.5095 47.7821 0
      vertex 45.5095 47.7821 6
    endloop
  endfacet
  facet normal 0.991423 0.130692 0
    outer loop
      vertex 45.5095 47.7821 0
      vertex 45.538 47.5659 6
      vertex 45.538 47.5659 0
    endloop
  endfacet
  facet normal -0.608691 0.793407 0
    outer loop
      vertex 49.607 46.0849 0
      vertex 49.4339 45.9521 6
      vertex 49.607 46.0849 6
    endloop
  endfacet
  facet normal -0.608691 0.793407 0
    outer loop
      vertex 49.4339 45.9521 6
      vertex 49.607 46.0849 0
      vertex 49.4339 45.9521 0
    endloop
  endfacet
  facet normal 0.999051 -0.0435566 0
    outer loop
      vertex 45.5 48 6
      vertex 45.5095 48.2179 0
      vertex 45.5095 48.2179 6
    endloop
  endfacet
  facet normal 0.999051 -0.0435566 0
    outer loop
      vertex 45.5095 48.2179 0
      vertex 45.5 48 6
      vertex 45.5 48 0
    endloop
  endfacet
  facet normal -0.216445 -0.976295 0
    outer loop
      vertex 48.4341 50.462 0
      vertex 48.647 50.4148 6
      vertex 48.4341 50.462 6
    endloop
  endfacet
  facet normal -0.216445 -0.976295 -0
    outer loop
      vertex 48.647 50.4148 6
      vertex 48.4341 50.462 0
      vertex 48.647 50.4148 0
    endloop
  endfacet
  facet normal -0.382433 0.923983 0
    outer loop
      vertex 49.0565 45.7342 0
      vertex 48.855 45.6508 6
      vertex 49.0565 45.7342 6
    endloop
  endfacet
  facet normal -0.382433 0.923983 0
    outer loop
      vertex 48.855 45.6508 6
      vertex 49.0565 45.7342 0
      vertex 48.855 45.6508 0
    endloop
  endfacet
  facet normal 0.887067 0.461641 0
    outer loop
      vertex 45.8349 46.75 6
      vertex 45.7342 46.9435 0
      vertex 45.7342 46.9435 6
    endloop
  endfacet
  facet normal 0.887067 0.461641 0
    outer loop
      vertex 45.7342 46.9435 0
      vertex 45.8349 46.75 6
      vertex 45.8349 46.75 0
    endloop
  endfacet
  facet normal 0.887067 -0.461641 0
    outer loop
      vertex 45.7342 49.0565 6
      vertex 45.8349 49.25 0
      vertex 45.8349 49.25 6
    endloop
  endfacet
  facet normal 0.887067 -0.461641 0
    outer loop
      vertex 45.8349 49.25 0
      vertex 45.7342 49.0565 6
      vertex 45.7342 49.0565 0
    endloop
  endfacet
  facet normal 0.608691 -0.793407 0
    outer loop
      vertex 46.393 49.9151 0
      vertex 46.5661 50.0479 6
      vertex 46.393 49.9151 6
    endloop
  endfacet
  facet normal 0.608691 -0.793407 0
    outer loop
      vertex 46.5661 50.0479 6
      vertex 46.393 49.9151 0
      vertex 46.5661 50.0479 0
    endloop
  endfacet
  facet normal 0.976295 -0.216445 0
    outer loop
      vertex 45.538 48.4341 6
      vertex 45.5852 48.647 0
      vertex 45.5852 48.647 6
    endloop
  endfacet
  facet normal 0.976295 -0.216445 0
    outer loop
      vertex 45.5852 48.647 0
      vertex 45.538 48.4341 6
      vertex 45.538 48.4341 0
    endloop
  endfacet
  facet normal 0.991423 -0.130692 0
    outer loop
      vertex 45.5095 48.2179 6
      vertex 45.538 48.4341 0
      vertex 45.538 48.4341 6
    endloop
  endfacet
  facet normal 0.991423 -0.130692 0
    outer loop
      vertex 45.538 48.4341 0
      vertex 45.5095 48.2179 6
      vertex 45.5095 48.2179 0
    endloop
  endfacet
  facet normal 0.537439 -0.843303 0
    outer loop
      vertex 46.5661 50.0479 0
      vertex 46.75 50.1651 6
      vertex 46.5661 50.0479 6
    endloop
  endfacet
  facet normal 0.537439 -0.843303 0
    outer loop
      vertex 46.75 50.1651 6
      vertex 46.5661 50.0479 0
      vertex 46.75 50.1651 0
    endloop
  endfacet
  facet normal -0.737383 0.675475 0
    outer loop
      vertex 49.7678 46.2322 0
      vertex 49.9151 46.393 6
      vertex 49.9151 46.393 0
    endloop
  endfacet
  facet normal -0.737383 0.675475 0
    outer loop
      vertex 49.9151 46.393 6
      vertex 49.7678 46.2322 0
      vertex 49.7678 46.2322 6
    endloop
  endfacet
  facet normal 0.953693 -0.30078 0
    outer loop
      vertex 45.5852 48.647 6
      vertex 45.6508 48.855 0
      vertex 45.6508 48.855 6
    endloop
  endfacet
  facet normal 0.953693 -0.30078 0
    outer loop
      vertex 45.6508 48.855 0
      vertex 45.5852 48.647 6
      vertex 45.5852 48.647 0
    endloop
  endfacet
  facet normal 0.608691 0.793407 -0
    outer loop
      vertex 46.5661 45.9521 0
      vertex 46.393 46.0849 6
      vertex 46.5661 45.9521 6
    endloop
  endfacet
  facet normal 0.608691 0.793407 0
    outer loop
      vertex 46.393 46.0849 6
      vertex 46.5661 45.9521 0
      vertex 46.393 46.0849 0
    endloop
  endfacet
  facet normal 0.30078 0.953693 -0
    outer loop
      vertex 47.353 45.5852 0
      vertex 47.145 45.6508 6
      vertex 47.353 45.5852 6
    endloop
  endfacet
  facet normal 0.30078 0.953693 0
    outer loop
      vertex 47.145 45.6508 6
      vertex 47.353 45.5852 0
      vertex 47.145 45.6508 0
    endloop
  endfacet
  facet normal 0.461641 0.887067 -0
    outer loop
      vertex 46.9435 45.7342 0
      vertex 46.75 45.8349 6
      vertex 46.9435 45.7342 6
    endloop
  endfacet
  facet normal 0.461641 0.887067 0
    outer loop
      vertex 46.75 45.8349 6
      vertex 46.9435 45.7342 0
      vertex 46.75 45.8349 0
    endloop
  endfacet
endsolid OpenSCAD_Model
