solid OpenSCAD_Model
  facet normal 1 -0 0
    outer loop
      vertex 45 0 5
      vertex 45 34 0
      vertex 45 34 5
    endloop
  endfacet
  facet normal 1 0 0
    outer loop
      vertex 45 34 0
      vertex 45 0 5
      vertex 45 0 0
    endloop
  endfacet
  facet normal 0 0 1
    outer loop
      vertex -34.8267 25.4177 5
      vertex -25.45 34 5
      vertex -34.7842 25.6093 5
    endloop
  endfacet
  facet normal 0 0 1
    outer loop
      vertex -25.45 0 5
      vertex -34.7586 8.1961 5
      vertex -34.75 8 5
    endloop
  endfacet
  facet normal 0 0 1
    outer loop
      vertex -34.8857 25.2305 5
      vertex -25.45 34 5
      vertex -34.8267 25.4177 5
    endloop
  endfacet
  facet normal 0 0 1
    outer loop
      vertex -25.45 0 5
      vertex -34.7842 8.39071 5
      vertex -34.7586 8.1961 5
    endloop
  endfacet
  facet normal 0 0 1
    outer loop
      vertex -34.9608 25.0491 5
      vertex -25.45 34 5
      vertex -34.8857 25.2305 5
    endloop
  endfacet
  facet normal 0 0 1
    outer loop
      vertex -25.45 0 5
      vertex -34.8267 8.58234 5
      vertex -34.7842 8.39071 5
    endloop
  endfacet
  facet normal 0 0 1
    outer loop
      vertex -25.45 34 5
      vertex -34.9608 25.0491 5
      vertex -25.45 0 5
    endloop
  endfacet
  facet normal 0 0 1
    outer loop
      vertex -25.45 0 5
      vertex -34.8857 8.76954 5
      vertex -34.8267 8.58234 5
    endloop
  endfacet
  facet normal -0 0 1
    outer loop
      vertex -34.9608 8.95089 5
      vertex -25.45 0 5
      vertex -34.9608 25.0491 5
    endloop
  endfacet
  facet normal 0 0 1
    outer loop
      vertex -25.45 0 5
      vertex -34.9608 8.95089 5
      vertex -34.8857 8.76954 5
    endloop
  endfacet
  facet normal -0 0 1
    outer loop
      vertex -35.0514 24.875 5
      vertex -34.9608 8.95089 5
      vertex -34.9608 25.0491 5
    endloop
  endfacet
  facet normal 0 0 1
    outer loop
      vertex -35.0514 24.875 5
      vertex -35.0514 9.125 5
      vertex -34.9608 8.95089 5
    endloop
  endfacet
  facet normal -0 0 1
    outer loop
      vertex -35.1569 24.7095 5
      vertex -35.0514 9.125 5
      vertex -35.0514 24.875 5
    endloop
  endfacet
  facet normal 0 0 1
    outer loop
      vertex -35.1569 24.7095 5
      vertex -35.1569 9.29055 5
      vertex -35.0514 9.125 5
    endloop
  endfacet
  facet normal -0 0 1
    outer loop
      vertex -35.2764 24.5537 5
      vertex -35.1569 9.29055 5
      vertex -35.1569 24.7095 5
    endloop
  endfacet
  facet normal 0 0 1
    outer loop
      vertex -35.2764 24.5537 5
      vertex -35.2764 9.44627 5
      vertex -35.1569 9.29055 5
    endloop
  endfacet
  facet normal -0 0 1
    outer loop
      vertex -35.409 24.409 5
      vertex -35.2764 9.44627 5
      vertex -35.2764 24.5537 5
    endloop
  endfacet
  facet normal 0 0 1
    outer loop
      vertex -35.409 24.409 5
      vertex -35.409 9.59099 5
      vertex -35.2764 9.44627 5
    endloop
  endfacet
  facet normal -0 0 1
    outer loop
      vertex -35.5537 24.2764 5
      vertex -35.409 9.59099 5
      vertex -35.409 24.409 5
    endloop
  endfacet
  facet normal 0 0 1
    outer loop
      vertex -35.5537 24.2764 5
      vertex -35.5537 9.7236 5
      vertex -35.409 9.59099 5
    endloop
  endfacet
  facet normal -0 0 1
    outer loop
      vertex -35.7095 24.1569 5
      vertex -35.5537 9.7236 5
      vertex -35.5537 24.2764 5
    endloop
  endfacet
  facet normal 0 0 1
    outer loop
      vertex -35.7095 24.1569 5
      vertex -35.7095 9.84309 5
      vertex -35.5537 9.7236 5
    endloop
  endfacet
  facet normal -0 0 1
    outer loop
      vertex -35.875 24.0514 5
      vertex -35.7095 9.84309 5
      vertex -35.7095 24.1569 5
    endloop
  endfacet
  facet normal 0 0 1
    outer loop
      vertex -35.875 24.0514 5
      vertex -35.875 9.94856 5
      vertex -35.7095 9.84309 5
    endloop
  endfacet
  facet normal -0 0 1
    outer loop
      vertex -36.0491 23.9608 5
      vertex -35.875 9.94856 5
      vertex -35.875 24.0514 5
    endloop
  endfacet
  facet normal 0 0 1
    outer loop
      vertex -36.0491 23.9608 5
      vertex -36.0491 10.0392 5
      vertex -35.875 9.94856 5
    endloop
  endfacet
  facet normal -0 0 1
    outer loop
      vertex -36.2305 23.8857 5
      vertex -36.0491 10.0392 5
      vertex -36.0491 23.9608 5
    endloop
  endfacet
  facet normal 0 0 1
    outer loop
      vertex -36.2305 23.8857 5
      vertex -36.2305 10.1143 5
      vertex -36.0491 10.0392 5
    endloop
  endfacet
  facet normal -0 0 1
    outer loop
      vertex -36.4177 23.8267 5
      vertex -36.2305 10.1143 5
      vertex -36.2305 23.8857 5
    endloop
  endfacet
  facet normal 0 0 1
    outer loop
      vertex -36.4177 23.8267 5
      vertex -36.4177 10.1733 5
      vertex -36.2305 10.1143 5
    endloop
  endfacet
  facet normal -0 0 1
    outer loop
      vertex -36.6093 23.7842 5
      vertex -36.4177 10.1733 5
      vertex -36.4177 23.8267 5
    endloop
  endfacet
  facet normal 0 0 1
    outer loop
      vertex -36.6093 23.7842 5
      vertex -36.6093 10.2158 5
      vertex -36.4177 10.1733 5
    endloop
  endfacet
  facet normal -0 0 1
    outer loop
      vertex -36.8039 23.7586 5
      vertex -36.6093 10.2158 5
      vertex -36.6093 23.7842 5
    endloop
  endfacet
  facet normal 0 0 1
    outer loop
      vertex -36.8039 23.7586 5
      vertex -36.8039 10.2414 5
      vertex -36.6093 10.2158 5
    endloop
  endfacet
  facet normal -0 0 1
    outer loop
      vertex -37 23.75 5
      vertex -36.8039 10.2414 5
      vertex -36.8039 23.7586 5
    endloop
  endfacet
  facet normal 0 0 1
    outer loop
      vertex -37 23.75 5
      vertex -37 10.25 5
      vertex -36.8039 10.2414 5
    endloop
  endfacet
  facet normal 0 0 1
    outer loop
      vertex -37.1961 23.7586 5
      vertex -37 10.25 5
      vertex -37 23.75 5
    endloop
  endfacet
  facet normal 0 0 1
    outer loop
      vertex -37.1961 23.7586 5
      vertex -37.1961 10.2414 5
      vertex -37 10.25 5
    endloop
  endfacet
  facet normal 0 0 1
    outer loop
      vertex -37.3907 23.7842 5
      vertex -37.1961 10.2414 5
      vertex -37.1961 23.7586 5
    endloop
  endfacet
  facet normal 0 0 1
    outer loop
      vertex -37.3907 23.7842 5
      vertex -37.3907 10.2158 5
      vertex -37.1961 10.2414 5
    endloop
  endfacet
  facet normal 0 0 1
    outer loop
      vertex -37.5823 23.8267 5
      vertex -37.3907 10.2158 5
      vertex -37.3907 23.7842 5
    endloop
  endfacet
  facet normal 0 0 1
    outer loop
      vertex -37.5823 23.8267 5
      vertex -37.5823 10.1733 5
      vertex -37.3907 10.2158 5
    endloop
  endfacet
  facet normal 0 0 1
    outer loop
      vertex -37.7695 23.8857 5
      vertex -37.5823 10.1733 5
      vertex -37.5823 23.8267 5
    endloop
  endfacet
  facet normal 0 0 1
    outer loop
      vertex -37.7695 23.8857 5
      vertex -37.7695 10.1143 5
      vertex -37.5823 10.1733 5
    endloop
  endfacet
  facet normal 0 0 1
    outer loop
      vertex -37.9509 23.9608 5
      vertex -37.7695 10.1143 5
      vertex -37.7695 23.8857 5
    endloop
  endfacet
  facet normal 0 0 1
    outer loop
      vertex -37.9509 23.9608 5
      vertex -37.9509 10.0392 5
      vertex -37.7695 10.1143 5
    endloop
  endfacet
  facet normal 0 0 1
    outer loop
      vertex -38.125 24.0514 5
      vertex -37.9509 10.0392 5
      vertex -37.9509 23.9608 5
    endloop
  endfacet
  facet normal 0 0 1
    outer loop
      vertex -38.125 24.0514 5
      vertex -38.125 9.94856 5
      vertex -37.9509 10.0392 5
    endloop
  endfacet
  facet normal 0 0 1
    outer loop
      vertex -38.2905 24.1569 5
      vertex -38.125 9.94856 5
      vertex -38.125 24.0514 5
    endloop
  endfacet
  facet normal 0 0 1
    outer loop
      vertex -38.2905 24.1569 5
      vertex -38.2905 9.84309 5
      vertex -38.125 9.94856 5
    endloop
  endfacet
  facet normal 0 0 1
    outer loop
      vertex -38.4463 24.2764 5
      vertex -38.2905 9.84309 5
      vertex -38.2905 24.1569 5
    endloop
  endfacet
  facet normal 0 0 1
    outer loop
      vertex -38.4463 24.2764 5
      vertex -38.4463 9.7236 5
      vertex -38.2905 9.84309 5
    endloop
  endfacet
  facet normal 0 0 1
    outer loop
      vertex -38.591 24.409 5
      vertex -38.4463 9.7236 5
      vertex -38.4463 24.2764 5
    endloop
  endfacet
  facet normal 0 0 1
    outer loop
      vertex -38.591 24.409 5
      vertex -38.591 9.59099 5
      vertex -38.4463 9.7236 5
    endloop
  endfacet
  facet normal 0 0 1
    outer loop
      vertex -38.7236 24.5537 5
      vertex -38.591 9.59099 5
      vertex -38.591 24.409 5
    endloop
  endfacet
  facet normal 0 0 1
    outer loop
      vertex -38.7236 24.5537 5
      vertex -38.7236 9.44627 5
      vertex -38.591 9.59099 5
    endloop
  endfacet
  facet normal 0 0 1
    outer loop
      vertex -38.8431 24.7095 5
      vertex -38.7236 9.44627 5
      vertex -38.7236 24.5537 5
    endloop
  endfacet
  facet normal 0 0 1
    outer loop
      vertex -38.8431 24.7095 5
      vertex -38.8431 9.29055 5
      vertex -38.7236 9.44627 5
    endloop
  endfacet
  facet normal 0 0 1
    outer loop
      vertex -38.9486 24.875 5
      vertex -38.8431 9.29055 5
      vertex -38.8431 24.7095 5
    endloop
  endfacet
  facet normal 0 0 1
    outer loop
      vertex -38.9486 24.875 5
      vertex -38.9486 9.125 5
      vertex -38.8431 9.29055 5
    endloop
  endfacet
  facet normal 0 0 1
    outer loop
      vertex -39.0392 25.0491 5
      vertex -38.9486 9.125 5
      vertex -38.9486 24.875 5
    endloop
  endfacet
  facet normal 0 0 1
    outer loop
      vertex -39.0392 25.0491 5
      vertex -39.0392 8.95089 5
      vertex -38.9486 9.125 5
    endloop
  endfacet
  facet normal 0 0 1
    outer loop
      vertex -39.1143 25.2305 5
      vertex -39.0392 8.95089 5
      vertex -39.0392 25.0491 5
    endloop
  endfacet
  facet normal 0 0 1
    outer loop
      vertex -39.1143 25.2305 5
      vertex -39.1143 8.76954 5
      vertex -39.0392 8.95089 5
    endloop
  endfacet
  facet normal 0 0 1
    outer loop
      vertex -45 34 5
      vertex -39.1143 25.2305 5
      vertex -39.1733 25.4177 5
    endloop
  endfacet
  facet normal 0 0 1
    outer loop
      vertex -39.1143 25.2305 5
      vertex -45 34 5
      vertex -39.1143 8.76954 5
    endloop
  endfacet
  facet normal 0 0 1
    outer loop
      vertex -45 34 5
      vertex -39.1733 25.4177 5
      vertex -39.2158 25.6093 5
    endloop
  endfacet
  facet normal 0 0 1
    outer loop
      vertex -45 0 5
      vertex -39.1143 8.76954 5
      vertex -45 34 5
    endloop
  endfacet
  facet normal 0 0 1
    outer loop
      vertex -45 34 5
      vertex -39.2158 25.6093 5
      vertex -39.2414 25.8039 5
    endloop
  endfacet
  facet normal 0 0 1
    outer loop
      vertex -39.1143 8.76954 5
      vertex -45 0 5
      vertex -39.1733 8.58234 5
    endloop
  endfacet
  facet normal 0 0 1
    outer loop
      vertex -45 34 5
      vertex -39.2414 25.8039 5
      vertex -39.25 26 5
    endloop
  endfacet
  facet normal 0 0 1
    outer loop
      vertex -39.1733 8.58234 5
      vertex -45 0 5
      vertex -39.2158 8.39071 5
    endloop
  endfacet
  facet normal 0 0 1
    outer loop
      vertex -34.7586 25.8039 5
      vertex -25.45 34 5
      vertex -34.75 26 5
    endloop
  endfacet
  facet normal 0 0 1
    outer loop
      vertex -25.45 34 5
      vertex -34.7586 26.1961 5
      vertex -34.75 26 5
    endloop
  endfacet
  facet normal 0 0 1
    outer loop
      vertex -25.45 34 5
      vertex -34.7842 26.3907 5
      vertex -34.7586 26.1961 5
    endloop
  endfacet
  facet normal 0 0 1
    outer loop
      vertex -25.45 34 5
      vertex -34.8267 26.5823 5
      vertex -34.7842 26.3907 5
    endloop
  endfacet
  facet normal 0 0 1
    outer loop
      vertex -25.45 34 5
      vertex -34.8857 26.7695 5
      vertex -34.8267 26.5823 5
    endloop
  endfacet
  facet normal 0 0 1
    outer loop
      vertex -25.45 34 5
      vertex -34.9608 26.9509 5
      vertex -34.8857 26.7695 5
    endloop
  endfacet
  facet normal 0 0 1
    outer loop
      vertex -25.45 34 5
      vertex -35.0514 27.125 5
      vertex -34.9608 26.9509 5
    endloop
  endfacet
  facet normal 0 0 1
    outer loop
      vertex -25.45 34 5
      vertex -35.1569 27.2905 5
      vertex -35.0514 27.125 5
    endloop
  endfacet
  facet normal 0 0 1
    outer loop
      vertex -25.45 34 5
      vertex -35.2764 27.4463 5
      vertex -35.1569 27.2905 5
    endloop
  endfacet
  facet normal 0 0 1
    outer loop
      vertex -25.45 34 5
      vertex -35.409 27.591 5
      vertex -35.2764 27.4463 5
    endloop
  endfacet
  facet normal 0 0 1
    outer loop
      vertex -25.45 34 5
      vertex -35.5537 27.7236 5
      vertex -35.409 27.591 5
    endloop
  endfacet
  facet normal 0 0 1
    outer loop
      vertex -25.45 34 5
      vertex -35.7095 27.8431 5
      vertex -35.5537 27.7236 5
    endloop
  endfacet
  facet normal 0 0 1
    outer loop
      vertex -25.45 34 5
      vertex -35.875 27.9486 5
      vertex -35.7095 27.8431 5
    endloop
  endfacet
  facet normal 0 0 1
    outer loop
      vertex -25.45 34 5
      vertex -36.0491 28.0392 5
      vertex -35.875 27.9486 5
    endloop
  endfacet
  facet normal 0 0 1
    outer loop
      vertex -25.45 34 5
      vertex -36.2305 28.1143 5
      vertex -36.0491 28.0392 5
    endloop
  endfacet
  facet normal 0 0 1
    outer loop
      vertex -25.45 34 5
      vertex -36.4177 28.1733 5
      vertex -36.2305 28.1143 5
    endloop
  endfacet
  facet normal 0 0 1
    outer loop
      vertex -25.45 34 5
      vertex -36.6093 28.2158 5
      vertex -36.4177 28.1733 5
    endloop
  endfacet
  facet normal 0 0 1
    outer loop
      vertex -25.45 34 5
      vertex -36.8039 28.2414 5
      vertex -36.6093 28.2158 5
    endloop
  endfacet
  facet normal -0 0 1
    outer loop
      vertex -45 34 5
      vertex -36.8039 28.2414 5
      vertex -25.45 34 5
    endloop
  endfacet
  facet normal 0 0 1
    outer loop
      vertex -36.8039 28.2414 5
      vertex -45 34 5
      vertex -37 28.25 5
    endloop
  endfacet
  facet normal 0 0 1
    outer loop
      vertex -37 28.25 5
      vertex -45 34 5
      vertex -37.1961 28.2414 5
    endloop
  endfacet
  facet normal 0 0 1
    outer loop
      vertex -37.1961 28.2414 5
      vertex -45 34 5
      vertex -37.3907 28.2158 5
    endloop
  endfacet
  facet normal 0 0 1
    outer loop
      vertex -37.3907 28.2158 5
      vertex -45 34 5
      vertex -37.5823 28.1733 5
    endloop
  endfacet
  facet normal 0 0 1
    outer loop
      vertex -37.5823 28.1733 5
      vertex -45 34 5
      vertex -37.7695 28.1143 5
    endloop
  endfacet
  facet normal 0 0 1
    outer loop
      vertex -39.2158 8.39071 5
      vertex -45 0 5
      vertex -39.2414 8.1961 5
    endloop
  endfacet
  facet normal 0 0 1
    outer loop
      vertex -39.2414 26.1961 5
      vertex -45 34 5
      vertex -39.25 26 5
    endloop
  endfacet
  facet normal 0 0 1
    outer loop
      vertex -39.2158 26.3907 5
      vertex -45 34 5
      vertex -39.2414 26.1961 5
    endloop
  endfacet
  facet normal 0 0 1
    outer loop
      vertex -39.1733 26.5823 5
      vertex -45 34 5
      vertex -39.2158 26.3907 5
    endloop
  endfacet
  facet normal 0 0 1
    outer loop
      vertex -39.1143 26.7695 5
      vertex -45 34 5
      vertex -39.1733 26.5823 5
    endloop
  endfacet
  facet normal 0 0 1
    outer loop
      vertex -39.0392 26.9509 5
      vertex -45 34 5
      vertex -39.1143 26.7695 5
    endloop
  endfacet
  facet normal 0 0 1
    outer loop
      vertex -38.9486 27.125 5
      vertex -45 34 5
      vertex -39.0392 26.9509 5
    endloop
  endfacet
  facet normal 0 0 1
    outer loop
      vertex -38.8431 27.2905 5
      vertex -45 34 5
      vertex -38.9486 27.125 5
    endloop
  endfacet
  facet normal 0 0 1
    outer loop
      vertex -38.7236 27.4463 5
      vertex -45 34 5
      vertex -38.8431 27.2905 5
    endloop
  endfacet
  facet normal 0 0 1
    outer loop
      vertex -38.591 27.591 5
      vertex -45 34 5
      vertex -38.7236 27.4463 5
    endloop
  endfacet
  facet normal 0 0 1
    outer loop
      vertex -38.4463 27.7236 5
      vertex -45 34 5
      vertex -38.591 27.591 5
    endloop
  endfacet
  facet normal 0 0 1
    outer loop
      vertex -38.2905 27.8431 5
      vertex -45 34 5
      vertex -38.4463 27.7236 5
    endloop
  endfacet
  facet normal 0 0 1
    outer loop
      vertex -38.125 27.9486 5
      vertex -45 34 5
      vertex -38.2905 27.8431 5
    endloop
  endfacet
  facet normal 0 0 1
    outer loop
      vertex -37.9509 28.0392 5
      vertex -45 34 5
      vertex -38.125 27.9486 5
    endloop
  endfacet
  facet normal 0 0 1
    outer loop
      vertex -37.7695 28.1143 5
      vertex -45 34 5
      vertex -37.9509 28.0392 5
    endloop
  endfacet
  facet normal 0 0 1
    outer loop
      vertex -34.7842 25.6093 5
      vertex -25.45 34 5
      vertex -34.7586 25.8039 5
    endloop
  endfacet
  facet normal -0 0 1
    outer loop
      vertex -34.7586 7.8039 5
      vertex -25.45 0 5
      vertex -34.75 8 5
    endloop
  endfacet
  facet normal -0 0 1
    outer loop
      vertex -34.7842 7.60929 5
      vertex -25.45 0 5
      vertex -34.7586 7.8039 5
    endloop
  endfacet
  facet normal -0 0 1
    outer loop
      vertex -34.8267 7.41766 5
      vertex -25.45 0 5
      vertex -34.7842 7.60929 5
    endloop
  endfacet
  facet normal -0 0 1
    outer loop
      vertex -34.8857 7.23045 5
      vertex -25.45 0 5
      vertex -34.8267 7.41766 5
    endloop
  endfacet
  facet normal -0 0 1
    outer loop
      vertex -34.9608 7.04911 5
      vertex -25.45 0 5
      vertex -34.8857 7.23045 5
    endloop
  endfacet
  facet normal -0 0 1
    outer loop
      vertex -35.0514 6.875 5
      vertex -25.45 0 5
      vertex -34.9608 7.04911 5
    endloop
  endfacet
  facet normal -0 0 1
    outer loop
      vertex -35.1569 6.70945 5
      vertex -25.45 0 5
      vertex -35.0514 6.875 5
    endloop
  endfacet
  facet normal -0 0 1
    outer loop
      vertex -35.2764 6.55373 5
      vertex -25.45 0 5
      vertex -35.1569 6.70945 5
    endloop
  endfacet
  facet normal -0 0 1
    outer loop
      vertex -35.409 6.40901 5
      vertex -25.45 0 5
      vertex -35.2764 6.55373 5
    endloop
  endfacet
  facet normal -0 0 1
    outer loop
      vertex -35.5537 6.2764 5
      vertex -25.45 0 5
      vertex -35.409 6.40901 5
    endloop
  endfacet
  facet normal -0 0 1
    outer loop
      vertex -35.7095 6.15691 5
      vertex -25.45 0 5
      vertex -35.5537 6.2764 5
    endloop
  endfacet
  facet normal -0 0 1
    outer loop
      vertex -35.875 6.05144 5
      vertex -25.45 0 5
      vertex -35.7095 6.15691 5
    endloop
  endfacet
  facet normal -0 0 1
    outer loop
      vertex -36.0491 5.96081 5
      vertex -25.45 0 5
      vertex -35.875 6.05144 5
    endloop
  endfacet
  facet normal -0 0 1
    outer loop
      vertex -36.2305 5.88569 5
      vertex -25.45 0 5
      vertex -36.0491 5.96081 5
    endloop
  endfacet
  facet normal -0 0 1
    outer loop
      vertex -36.4177 5.82667 5
      vertex -25.45 0 5
      vertex -36.2305 5.88569 5
    endloop
  endfacet
  facet normal -0 0 1
    outer loop
      vertex -36.6093 5.78418 5
      vertex -25.45 0 5
      vertex -36.4177 5.82667 5
    endloop
  endfacet
  facet normal -0 0 1
    outer loop
      vertex -36.8039 5.75856 5
      vertex -25.45 0 5
      vertex -36.6093 5.78418 5
    endloop
  endfacet
  facet normal 0 0 1
    outer loop
      vertex -45 0 5
      vertex -36.8039 5.75856 5
      vertex -37 5.75 5
    endloop
  endfacet
  facet normal 0 0 1
    outer loop
      vertex -45 0 5
      vertex -37 5.75 5
      vertex -37.1961 5.75856 5
    endloop
  endfacet
  facet normal 0 0 1
    outer loop
      vertex -45 0 5
      vertex -37.1961 5.75856 5
      vertex -37.3907 5.78418 5
    endloop
  endfacet
  facet normal 0 0 1
    outer loop
      vertex -45 0 5
      vertex -37.3907 5.78418 5
      vertex -37.5823 5.82667 5
    endloop
  endfacet
  facet normal 0 0 1
    outer loop
      vertex -45 0 5
      vertex -37.5823 5.82667 5
      vertex -37.7695 5.88569 5
    endloop
  endfacet
  facet normal 0 0 1
    outer loop
      vertex -45 0 5
      vertex -37.7695 5.88569 5
      vertex -37.9509 5.96081 5
    endloop
  endfacet
  facet normal 0 0 1
    outer loop
      vertex -39.2414 8.1961 5
      vertex -45 0 5
      vertex -39.25 8 5
    endloop
  endfacet
  facet normal 0 0 1
    outer loop
      vertex -39.25 8 5
      vertex -45 0 5
      vertex -39.2414 7.8039 5
    endloop
  endfacet
  facet normal 0 0 1
    outer loop
      vertex -36.8039 5.75856 5
      vertex -45 0 5
      vertex -25.45 0 5
    endloop
  endfacet
  facet normal 0 0 1
    outer loop
      vertex -38.125 6.05144 5
      vertex -45 0 5
      vertex -37.9509 5.96081 5
    endloop
  endfacet
  facet normal 0 0 1
    outer loop
      vertex -38.2905 6.15691 5
      vertex -45 0 5
      vertex -38.125 6.05144 5
    endloop
  endfacet
  facet normal 0 0 1
    outer loop
      vertex -38.4463 6.2764 5
      vertex -45 0 5
      vertex -38.2905 6.15691 5
    endloop
  endfacet
  facet normal 0 0 1
    outer loop
      vertex -38.591 6.40901 5
      vertex -45 0 5
      vertex -38.4463 6.2764 5
    endloop
  endfacet
  facet normal 0 0 1
    outer loop
      vertex -38.7236 6.55373 5
      vertex -45 0 5
      vertex -38.591 6.40901 5
    endloop
  endfacet
  facet normal 0 0 1
    outer loop
      vertex -38.8431 6.70945 5
      vertex -45 0 5
      vertex -38.7236 6.55373 5
    endloop
  endfacet
  facet normal 0 0 1
    outer loop
      vertex -38.9486 6.875 5
      vertex -45 0 5
      vertex -38.8431 6.70945 5
    endloop
  endfacet
  facet normal 0 0 1
    outer loop
      vertex -39.0392 7.04911 5
      vertex -45 0 5
      vertex -38.9486 6.875 5
    endloop
  endfacet
  facet normal 0 0 1
    outer loop
      vertex -39.1143 7.23045 5
      vertex -45 0 5
      vertex -39.0392 7.04911 5
    endloop
  endfacet
  facet normal 0 0 1
    outer loop
      vertex -39.1733 7.41766 5
      vertex -45 0 5
      vertex -39.1143 7.23045 5
    endloop
  endfacet
  facet normal 0 0 1
    outer loop
      vertex -39.2158 7.60929 5
      vertex -45 0 5
      vertex -39.1733 7.41766 5
    endloop
  endfacet
  facet normal 0 0 1
    outer loop
      vertex -39.2414 7.8039 5
      vertex -45 0 5
      vertex -39.2158 7.60929 5
    endloop
  endfacet
  facet normal 0 0 1
    outer loop
      vertex 39.1733 25.4177 5
      vertex 45 34 5
      vertex 39.2158 25.6093 5
    endloop
  endfacet
  facet normal 0 0 1
    outer loop
      vertex 45 0 5
      vertex 39.2414 8.1961 5
      vertex 39.25 8 5
    endloop
  endfacet
  facet normal 0 0 1
    outer loop
      vertex 39.1143 25.2305 5
      vertex 45 34 5
      vertex 39.1733 25.4177 5
    endloop
  endfacet
  facet normal 0 0 1
    outer loop
      vertex 45 0 5
      vertex 39.2158 8.39071 5
      vertex 39.2414 8.1961 5
    endloop
  endfacet
  facet normal 0 0 1
    outer loop
      vertex 45 34 5
      vertex 39.1143 25.2305 5
      vertex 45 0 5
    endloop
  endfacet
  facet normal 0 0 1
    outer loop
      vertex 45 0 5
      vertex 39.1733 8.58234 5
      vertex 39.2158 8.39071 5
    endloop
  endfacet
  facet normal -0 0 1
    outer loop
      vertex 39.1143 8.76954 5
      vertex 45 0 5
      vertex 39.1143 25.2305 5
    endloop
  endfacet
  facet normal 0 0 1
    outer loop
      vertex 45 0 5
      vertex 39.1143 8.76954 5
      vertex 39.1733 8.58234 5
    endloop
  endfacet
  facet normal -0 0 1
    outer loop
      vertex 39.0392 25.0491 5
      vertex 39.1143 8.76954 5
      vertex 39.1143 25.2305 5
    endloop
  endfacet
  facet normal 0 0 1
    outer loop
      vertex 39.0392 25.0491 5
      vertex 39.0392 8.95089 5
      vertex 39.1143 8.76954 5
    endloop
  endfacet
  facet normal -0 0 1
    outer loop
      vertex 38.9486 24.875 5
      vertex 39.0392 8.95089 5
      vertex 39.0392 25.0491 5
    endloop
  endfacet
  facet normal 0 0 1
    outer loop
      vertex 38.9486 24.875 5
      vertex 38.9486 9.125 5
      vertex 39.0392 8.95089 5
    endloop
  endfacet
  facet normal -0 0 1
    outer loop
      vertex 38.8431 24.7095 5
      vertex 38.9486 9.125 5
      vertex 38.9486 24.875 5
    endloop
  endfacet
  facet normal 0 0 1
    outer loop
      vertex 38.8431 24.7095 5
      vertex 38.8431 9.29055 5
      vertex 38.9486 9.125 5
    endloop
  endfacet
  facet normal -0 0 1
    outer loop
      vertex 38.7236 24.5537 5
      vertex 38.8431 9.29055 5
      vertex 38.8431 24.7095 5
    endloop
  endfacet
  facet normal 0 0 1
    outer loop
      vertex 38.7236 24.5537 5
      vertex 38.7236 9.44627 5
      vertex 38.8431 9.29055 5
    endloop
  endfacet
  facet normal -0 0 1
    outer loop
      vertex 38.591 24.409 5
      vertex 38.7236 9.44627 5
      vertex 38.7236 24.5537 5
    endloop
  endfacet
  facet normal 0 0 1
    outer loop
      vertex 38.591 24.409 5
      vertex 38.591 9.59099 5
      vertex 38.7236 9.44627 5
    endloop
  endfacet
  facet normal -0 0 1
    outer loop
      vertex 38.4463 24.2764 5
      vertex 38.591 9.59099 5
      vertex 38.591 24.409 5
    endloop
  endfacet
  facet normal 0 0 1
    outer loop
      vertex 38.4463 24.2764 5
      vertex 38.4463 9.7236 5
      vertex 38.591 9.59099 5
    endloop
  endfacet
  facet normal -0 0 1
    outer loop
      vertex 38.2905 24.1569 5
      vertex 38.4463 9.7236 5
      vertex 38.4463 24.2764 5
    endloop
  endfacet
  facet normal 0 0 1
    outer loop
      vertex 38.2905 24.1569 5
      vertex 38.2905 9.84309 5
      vertex 38.4463 9.7236 5
    endloop
  endfacet
  facet normal -0 0 1
    outer loop
      vertex 38.125 24.0514 5
      vertex 38.2905 9.84309 5
      vertex 38.2905 24.1569 5
    endloop
  endfacet
  facet normal 0 0 1
    outer loop
      vertex 38.125 24.0514 5
      vertex 38.125 9.94856 5
      vertex 38.2905 9.84309 5
    endloop
  endfacet
  facet normal -0 0 1
    outer loop
      vertex 37.9509 23.9608 5
      vertex 38.125 9.94856 5
      vertex 38.125 24.0514 5
    endloop
  endfacet
  facet normal 0 0 1
    outer loop
      vertex 37.9509 23.9608 5
      vertex 37.9509 10.0392 5
      vertex 38.125 9.94856 5
    endloop
  endfacet
  facet normal -0 0 1
    outer loop
      vertex 37.7695 23.8857 5
      vertex 37.9509 10.0392 5
      vertex 37.9509 23.9608 5
    endloop
  endfacet
  facet normal 0 0 1
    outer loop
      vertex 37.7695 23.8857 5
      vertex 37.7695 10.1143 5
      vertex 37.9509 10.0392 5
    endloop
  endfacet
  facet normal -0 0 1
    outer loop
      vertex 37.5823 23.8267 5
      vertex 37.7695 10.1143 5
      vertex 37.7695 23.8857 5
    endloop
  endfacet
  facet normal 0 0 1
    outer loop
      vertex 37.5823 23.8267 5
      vertex 37.5823 10.1733 5
      vertex 37.7695 10.1143 5
    endloop
  endfacet
  facet normal -0 0 1
    outer loop
      vertex 37.3907 23.7842 5
      vertex 37.5823 10.1733 5
      vertex 37.5823 23.8267 5
    endloop
  endfacet
  facet normal 0 0 1
    outer loop
      vertex 37.3907 23.7842 5
      vertex 37.3907 10.2158 5
      vertex 37.5823 10.1733 5
    endloop
  endfacet
  facet normal -0 0 1
    outer loop
      vertex 37.1961 23.7586 5
      vertex 37.3907 10.2158 5
      vertex 37.3907 23.7842 5
    endloop
  endfacet
  facet normal 0 0 1
    outer loop
      vertex 37.1961 23.7586 5
      vertex 37.1961 10.2414 5
      vertex 37.3907 10.2158 5
    endloop
  endfacet
  facet normal -0 0 1
    outer loop
      vertex 37 23.75 5
      vertex 37.1961 10.2414 5
      vertex 37.1961 23.7586 5
    endloop
  endfacet
  facet normal 0 0 1
    outer loop
      vertex 37 23.75 5
      vertex 37 10.25 5
      vertex 37.1961 10.2414 5
    endloop
  endfacet
  facet normal 0 0 1
    outer loop
      vertex 36.8039 23.7586 5
      vertex 37 10.25 5
      vertex 37 23.75 5
    endloop
  endfacet
  facet normal 0 0 1
    outer loop
      vertex 36.8039 23.7586 5
      vertex 36.8039 10.2414 5
      vertex 37 10.25 5
    endloop
  endfacet
  facet normal 0 0 1
    outer loop
      vertex 36.6093 23.7842 5
      vertex 36.8039 10.2414 5
      vertex 36.8039 23.7586 5
    endloop
  endfacet
  facet normal 0 0 1
    outer loop
      vertex 36.6093 23.7842 5
      vertex 36.6093 10.2158 5
      vertex 36.8039 10.2414 5
    endloop
  endfacet
  facet normal 0 0 1
    outer loop
      vertex 36.4177 23.8267 5
      vertex 36.6093 10.2158 5
      vertex 36.6093 23.7842 5
    endloop
  endfacet
  facet normal 0 0 1
    outer loop
      vertex 36.4177 23.8267 5
      vertex 36.4177 10.1733 5
      vertex 36.6093 10.2158 5
    endloop
  endfacet
  facet normal 0 0 1
    outer loop
      vertex 36.2305 23.8857 5
      vertex 36.4177 10.1733 5
      vertex 36.4177 23.8267 5
    endloop
  endfacet
  facet normal 0 0 1
    outer loop
      vertex 36.2305 23.8857 5
      vertex 36.2305 10.1143 5
      vertex 36.4177 10.1733 5
    endloop
  endfacet
  facet normal 0 0 1
    outer loop
      vertex 36.0491 23.9608 5
      vertex 36.2305 10.1143 5
      vertex 36.2305 23.8857 5
    endloop
  endfacet
  facet normal 0 0 1
    outer loop
      vertex 36.0491 23.9608 5
      vertex 36.0491 10.0392 5
      vertex 36.2305 10.1143 5
    endloop
  endfacet
  facet normal 0 0 1
    outer loop
      vertex 35.875 24.0514 5
      vertex 36.0491 10.0392 5
      vertex 36.0491 23.9608 5
    endloop
  endfacet
  facet normal 0 0 1
    outer loop
      vertex 35.875 24.0514 5
      vertex 35.875 9.94856 5
      vertex 36.0491 10.0392 5
    endloop
  endfacet
  facet normal 0 0 1
    outer loop
      vertex 35.7095 24.1569 5
      vertex 35.875 9.94856 5
      vertex 35.875 24.0514 5
    endloop
  endfacet
  facet normal 0 0 1
    outer loop
      vertex 35.7095 24.1569 5
      vertex 35.7095 9.84309 5
      vertex 35.875 9.94856 5
    endloop
  endfacet
  facet normal 0 0 1
    outer loop
      vertex 35.5537 24.2764 5
      vertex 35.7095 9.84309 5
      vertex 35.7095 24.1569 5
    endloop
  endfacet
  facet normal 0 0 1
    outer loop
      vertex 35.5537 24.2764 5
      vertex 35.5537 9.7236 5
      vertex 35.7095 9.84309 5
    endloop
  endfacet
  facet normal 0 0 1
    outer loop
      vertex 35.409 24.409 5
      vertex 35.5537 9.7236 5
      vertex 35.5537 24.2764 5
    endloop
  endfacet
  facet normal 0 0 1
    outer loop
      vertex 35.409 24.409 5
      vertex 35.409 9.59099 5
      vertex 35.5537 9.7236 5
    endloop
  endfacet
  facet normal 0 0 1
    outer loop
      vertex 35.2764 24.5537 5
      vertex 35.409 9.59099 5
      vertex 35.409 24.409 5
    endloop
  endfacet
  facet normal 0 0 1
    outer loop
      vertex 35.2764 24.5537 5
      vertex 35.2764 9.44627 5
      vertex 35.409 9.59099 5
    endloop
  endfacet
  facet normal 0 0 1
    outer loop
      vertex 35.1569 24.7095 5
      vertex 35.2764 9.44627 5
      vertex 35.2764 24.5537 5
    endloop
  endfacet
  facet normal 0 0 1
    outer loop
      vertex 35.1569 24.7095 5
      vertex 35.1569 9.29055 5
      vertex 35.2764 9.44627 5
    endloop
  endfacet
  facet normal 0 0 1
    outer loop
      vertex 35.0514 24.875 5
      vertex 35.1569 9.29055 5
      vertex 35.1569 24.7095 5
    endloop
  endfacet
  facet normal 0 0 1
    outer loop
      vertex 35.0514 24.875 5
      vertex 35.0514 9.125 5
      vertex 35.1569 9.29055 5
    endloop
  endfacet
  facet normal 0 0 1
    outer loop
      vertex 34.9608 25.0491 5
      vertex 35.0514 9.125 5
      vertex 35.0514 24.875 5
    endloop
  endfacet
  facet normal 0 0 1
    outer loop
      vertex 34.9608 25.0491 5
      vertex 34.9608 8.95089 5
      vertex 35.0514 9.125 5
    endloop
  endfacet
  facet normal 0 0 1
    outer loop
      vertex 25.45 34 5
      vertex 34.9608 25.0491 5
      vertex 34.8857 25.2305 5
    endloop
  endfacet
  facet normal 0 0 1
    outer loop
      vertex 34.9608 25.0491 5
      vertex 25.45 34 5
      vertex 34.9608 8.95089 5
    endloop
  endfacet
  facet normal 0 0 1
    outer loop
      vertex 25.45 34 5
      vertex 34.8857 25.2305 5
      vertex 34.8267 25.4177 5
    endloop
  endfacet
  facet normal 0 0 1
    outer loop
      vertex 25.45 0 5
      vertex 34.9608 8.95089 5
      vertex 25.45 34 5
    endloop
  endfacet
  facet normal 0 0 1
    outer loop
      vertex 25.45 34 5
      vertex 34.8267 25.4177 5
      vertex 34.7842 25.6093 5
    endloop
  endfacet
  facet normal 0 0 1
    outer loop
      vertex 34.9608 8.95089 5
      vertex 25.45 0 5
      vertex 34.8857 8.76954 5
    endloop
  endfacet
  facet normal 0 0 1
    outer loop
      vertex 25.45 34 5
      vertex 34.7842 25.6093 5
      vertex 34.7586 25.8039 5
    endloop
  endfacet
  facet normal 0 0 1
    outer loop
      vertex 34.8857 8.76954 5
      vertex 25.45 0 5
      vertex 34.8267 8.58234 5
    endloop
  endfacet
  facet normal 0 0 1
    outer loop
      vertex 25.45 34 5
      vertex 34.7586 25.8039 5
      vertex 34.75 26 5
    endloop
  endfacet
  facet normal 0 0 1
    outer loop
      vertex 34.8267 8.58234 5
      vertex 25.45 0 5
      vertex 34.7842 8.39071 5
    endloop
  endfacet
  facet normal 0 0 1
    outer loop
      vertex 39.2414 25.8039 5
      vertex 45 34 5
      vertex 39.25 26 5
    endloop
  endfacet
  facet normal 0 0 1
    outer loop
      vertex 45 34 5
      vertex 39.2414 26.1961 5
      vertex 39.25 26 5
    endloop
  endfacet
  facet normal 0 0 1
    outer loop
      vertex 45 34 5
      vertex 39.2158 26.3907 5
      vertex 39.2414 26.1961 5
    endloop
  endfacet
  facet normal 0 0 1
    outer loop
      vertex 45 34 5
      vertex 39.1733 26.5823 5
      vertex 39.2158 26.3907 5
    endloop
  endfacet
  facet normal 0 0 1
    outer loop
      vertex 45 34 5
      vertex 39.1143 26.7695 5
      vertex 39.1733 26.5823 5
    endloop
  endfacet
  facet normal 0 0 1
    outer loop
      vertex 45 34 5
      vertex 39.0392 26.9509 5
      vertex 39.1143 26.7695 5
    endloop
  endfacet
  facet normal 0 0 1
    outer loop
      vertex 45 34 5
      vertex 38.9486 27.125 5
      vertex 39.0392 26.9509 5
    endloop
  endfacet
  facet normal 0 0 1
    outer loop
      vertex 45 34 5
      vertex 38.8431 27.2905 5
      vertex 38.9486 27.125 5
    endloop
  endfacet
  facet normal 0 0 1
    outer loop
      vertex 45 34 5
      vertex 38.7236 27.4463 5
      vertex 38.8431 27.2905 5
    endloop
  endfacet
  facet normal 0 0 1
    outer loop
      vertex 45 34 5
      vertex 38.591 27.591 5
      vertex 38.7236 27.4463 5
    endloop
  endfacet
  facet normal 0 0 1
    outer loop
      vertex 45 34 5
      vertex 38.4463 27.7236 5
      vertex 38.591 27.591 5
    endloop
  endfacet
  facet normal 0 0 1
    outer loop
      vertex 45 34 5
      vertex 38.2905 27.8431 5
      vertex 38.4463 27.7236 5
    endloop
  endfacet
  facet normal 0 0 1
    outer loop
      vertex 45 34 5
      vertex 38.125 27.9486 5
      vertex 38.2905 27.8431 5
    endloop
  endfacet
  facet normal 0 0 1
    outer loop
      vertex 45 34 5
      vertex 37.9509 28.0392 5
      vertex 38.125 27.9486 5
    endloop
  endfacet
  facet normal 0 0 1
    outer loop
      vertex 45 34 5
      vertex 37.7695 28.1143 5
      vertex 37.9509 28.0392 5
    endloop
  endfacet
  facet normal 0 0 1
    outer loop
      vertex 45 34 5
      vertex 37.5823 28.1733 5
      vertex 37.7695 28.1143 5
    endloop
  endfacet
  facet normal 0 0 1
    outer loop
      vertex 45 34 5
      vertex 37.3907 28.2158 5
      vertex 37.5823 28.1733 5
    endloop
  endfacet
  facet normal 0 0 1
    outer loop
      vertex 45 34 5
      vertex 37.1961 28.2414 5
      vertex 37.3907 28.2158 5
    endloop
  endfacet
  facet normal 0 0 1
    outer loop
      vertex 45 34 5
      vertex 37 28.25 5
      vertex 37.1961 28.2414 5
    endloop
  endfacet
  facet normal 0 0 1
    outer loop
      vertex 45 34 5
      vertex 36.8039 28.2414 5
      vertex 37 28.25 5
    endloop
  endfacet
  facet normal 0 0 1
    outer loop
      vertex 45 34 5
      vertex 36.6093 28.2158 5
      vertex 36.8039 28.2414 5
    endloop
  endfacet
  facet normal -0 0 1
    outer loop
      vertex 25.45 34 5
      vertex 36.6093 28.2158 5
      vertex 45 34 5
    endloop
  endfacet
  facet normal 0 0 1
    outer loop
      vertex 36.6093 28.2158 5
      vertex 25.45 34 5
      vertex 36.4177 28.1733 5
    endloop
  endfacet
  facet normal 0 0 1
    outer loop
      vertex 36.4177 28.1733 5
      vertex 25.45 34 5
      vertex 36.2305 28.1143 5
    endloop
  endfacet
  facet normal 0 0 1
    outer loop
      vertex 36.2305 28.1143 5
      vertex 25.45 34 5
      vertex 36.0491 28.0392 5
    endloop
  endfacet
  facet normal 0 0 1
    outer loop
      vertex 36.0491 28.0392 5
      vertex 25.45 34 5
      vertex 35.875 27.9486 5
    endloop
  endfacet
  facet normal 0 0 1
    outer loop
      vertex 34.7842 8.39071 5
      vertex 25.45 0 5
      vertex 34.7586 8.1961 5
    endloop
  endfacet
  facet normal 0 0 1
    outer loop
      vertex 34.7586 26.1961 5
      vertex 25.45 34 5
      vertex 34.75 26 5
    endloop
  endfacet
  facet normal 0 0 1
    outer loop
      vertex 34.7842 26.3907 5
      vertex 25.45 34 5
      vertex 34.7586 26.1961 5
    endloop
  endfacet
  facet normal 0 0 1
    outer loop
      vertex 34.8267 26.5823 5
      vertex 25.45 34 5
      vertex 34.7842 26.3907 5
    endloop
  endfacet
  facet normal 0 0 1
    outer loop
      vertex 34.8857 26.7695 5
      vertex 25.45 34 5
      vertex 34.8267 26.5823 5
    endloop
  endfacet
  facet normal 0 0 1
    outer loop
      vertex 34.9608 26.9509 5
      vertex 25.45 34 5
      vertex 34.8857 26.7695 5
    endloop
  endfacet
  facet normal 0 0 1
    outer loop
      vertex 35.0514 27.125 5
      vertex 25.45 34 5
      vertex 34.9608 26.9509 5
    endloop
  endfacet
  facet normal 0 0 1
    outer loop
      vertex 35.1569 27.2905 5
      vertex 25.45 34 5
      vertex 35.0514 27.125 5
    endloop
  endfacet
  facet normal 0 0 1
    outer loop
      vertex 35.2764 27.4463 5
      vertex 25.45 34 5
      vertex 35.1569 27.2905 5
    endloop
  endfacet
  facet normal 0 0 1
    outer loop
      vertex 35.409 27.591 5
      vertex 25.45 34 5
      vertex 35.2764 27.4463 5
    endloop
  endfacet
  facet normal 0 0 1
    outer loop
      vertex 35.5537 27.7236 5
      vertex 25.45 34 5
      vertex 35.409 27.591 5
    endloop
  endfacet
  facet normal 0 0 1
    outer loop
      vertex 35.7095 27.8431 5
      vertex 25.45 34 5
      vertex 35.5537 27.7236 5
    endloop
  endfacet
  facet normal 0 0 1
    outer loop
      vertex 35.875 27.9486 5
      vertex 25.45 34 5
      vertex 35.7095 27.8431 5
    endloop
  endfacet
  facet normal 0 0 1
    outer loop
      vertex 39.2158 25.6093 5
      vertex 45 34 5
      vertex 39.2414 25.8039 5
    endloop
  endfacet
  facet normal -0 0 1
    outer loop
      vertex 39.2414 7.8039 5
      vertex 45 0 5
      vertex 39.25 8 5
    endloop
  endfacet
  facet normal -0 0 1
    outer loop
      vertex 39.2158 7.60929 5
      vertex 45 0 5
      vertex 39.2414 7.8039 5
    endloop
  endfacet
  facet normal -0 0 1
    outer loop
      vertex 39.1733 7.41766 5
      vertex 45 0 5
      vertex 39.2158 7.60929 5
    endloop
  endfacet
  facet normal -0 0 1
    outer loop
      vertex 39.1143 7.23045 5
      vertex 45 0 5
      vertex 39.1733 7.41766 5
    endloop
  endfacet
  facet normal -0 0 1
    outer loop
      vertex 39.0392 7.04911 5
      vertex 45 0 5
      vertex 39.1143 7.23045 5
    endloop
  endfacet
  facet normal -0 0 1
    outer loop
      vertex 38.9486 6.875 5
      vertex 45 0 5
      vertex 39.0392 7.04911 5
    endloop
  endfacet
  facet normal -0 0 1
    outer loop
      vertex 38.8431 6.70945 5
      vertex 45 0 5
      vertex 38.9486 6.875 5
    endloop
  endfacet
  facet normal -0 0 1
    outer loop
      vertex 38.7236 6.55373 5
      vertex 45 0 5
      vertex 38.8431 6.70945 5
    endloop
  endfacet
  facet normal -0 0 1
    outer loop
      vertex 38.591 6.40901 5
      vertex 45 0 5
      vertex 38.7236 6.55373 5
    endloop
  endfacet
  facet normal -0 0 1
    outer loop
      vertex 38.4463 6.2764 5
      vertex 45 0 5
      vertex 38.591 6.40901 5
    endloop
  endfacet
  facet normal -0 0 1
    outer loop
      vertex 38.2905 6.15691 5
      vertex 45 0 5
      vertex 38.4463 6.2764 5
    endloop
  endfacet
  facet normal -0 0 1
    outer loop
      vertex 38.125 6.05144 5
      vertex 45 0 5
      vertex 38.2905 6.15691 5
    endloop
  endfacet
  facet normal -0 0 1
    outer loop
      vertex 37.9509 5.96081 5
      vertex 45 0 5
      vertex 38.125 6.05144 5
    endloop
  endfacet
  facet normal -0 0 1
    outer loop
      vertex 37.7695 5.88569 5
      vertex 45 0 5
      vertex 37.9509 5.96081 5
    endloop
  endfacet
  facet normal -0 0 1
    outer loop
      vertex 37.5823 5.82667 5
      vertex 45 0 5
      vertex 37.7695 5.88569 5
    endloop
  endfacet
  facet normal -0 0 1
    outer loop
      vertex 37.3907 5.78418 5
      vertex 45 0 5
      vertex 37.5823 5.82667 5
    endloop
  endfacet
  facet normal -0 0 1
    outer loop
      vertex 37.1961 5.75856 5
      vertex 45 0 5
      vertex 37.3907 5.78418 5
    endloop
  endfacet
  facet normal -0 0 1
    outer loop
      vertex 37 5.75 5
      vertex 45 0 5
      vertex 37.1961 5.75856 5
    endloop
  endfacet
  facet normal 0 0 1
    outer loop
      vertex 36.8039 5.75856 5
      vertex 45 0 5
      vertex 37 5.75 5
    endloop
  endfacet
  facet normal 0 0 1
    outer loop
      vertex 36.6093 5.78418 5
      vertex 45 0 5
      vertex 36.8039 5.75856 5
    endloop
  endfacet
  facet normal 0 0 1
    outer loop
      vertex 25.45 0 5
      vertex 36.6093 5.78418 5
      vertex 36.4177 5.82667 5
    endloop
  endfacet
  facet normal 0 0 1
    outer loop
      vertex 25.45 0 5
      vertex 36.4177 5.82667 5
      vertex 36.2305 5.88569 5
    endloop
  endfacet
  facet normal 0 0 1
    outer loop
      vertex 25.45 0 5
      vertex 36.2305 5.88569 5
      vertex 36.0491 5.96081 5
    endloop
  endfacet
  facet normal 0 0 1
    outer loop
      vertex 25.45 0 5
      vertex 36.0491 5.96081 5
      vertex 35.875 6.05144 5
    endloop
  endfacet
  facet normal 0 0 1
    outer loop
      vertex 25.45 0 5
      vertex 35.875 6.05144 5
      vertex 35.7095 6.15691 5
    endloop
  endfacet
  facet normal 0 0 1
    outer loop
      vertex 34.7586 8.1961 5
      vertex 25.45 0 5
      vertex 34.75 8 5
    endloop
  endfacet
  facet normal 0 0 1
    outer loop
      vertex 34.75 8 5
      vertex 25.45 0 5
      vertex 34.7586 7.8039 5
    endloop
  endfacet
  facet normal 0 0 1
    outer loop
      vertex 34.7586 7.8039 5
      vertex 25.45 0 5
      vertex 34.7842 7.60929 5
    endloop
  endfacet
  facet normal 0 0 1
    outer loop
      vertex 34.7842 7.60929 5
      vertex 25.45 0 5
      vertex 34.8267 7.41766 5
    endloop
  endfacet
  facet normal 0 0 1
    outer loop
      vertex 36.6093 5.78418 5
      vertex 25.45 0 5
      vertex 45 0 5
    endloop
  endfacet
  facet normal 0 0 1
    outer loop
      vertex 35.5537 6.2764 5
      vertex 25.45 0 5
      vertex 35.7095 6.15691 5
    endloop
  endfacet
  facet normal 0 0 1
    outer loop
      vertex 35.409 6.40901 5
      vertex 25.45 0 5
      vertex 35.5537 6.2764 5
    endloop
  endfacet
  facet normal 0 0 1
    outer loop
      vertex 35.2764 6.55373 5
      vertex 25.45 0 5
      vertex 35.409 6.40901 5
    endloop
  endfacet
  facet normal 0 0 1
    outer loop
      vertex 35.1569 6.70945 5
      vertex 25.45 0 5
      vertex 35.2764 6.55373 5
    endloop
  endfacet
  facet normal 0 0 1
    outer loop
      vertex 35.0514 6.875 5
      vertex 25.45 0 5
      vertex 35.1569 6.70945 5
    endloop
  endfacet
  facet normal 0 0 1
    outer loop
      vertex 34.9608 7.04911 5
      vertex 25.45 0 5
      vertex 35.0514 6.875 5
    endloop
  endfacet
  facet normal 0 0 1
    outer loop
      vertex 34.8857 7.23045 5
      vertex 25.45 0 5
      vertex 34.9608 7.04911 5
    endloop
  endfacet
  facet normal 0 0 1
    outer loop
      vertex 34.8267 7.41766 5
      vertex 25.45 0 5
      vertex 34.8857 7.23045 5
    endloop
  endfacet
  facet normal 0 0 -1
    outer loop
      vertex -34.8267 8.58234 0
      vertex 34.8267 8.58234 0
      vertex -34.7842 8.39071 0
    endloop
  endfacet
  facet normal 0 0 -1
    outer loop
      vertex 34.8267 25.4177 0
      vertex -34.7586 25.8039 0
      vertex -34.75 26 0
    endloop
  endfacet
  facet normal 0 0 -1
    outer loop
      vertex 34.8267 8.58234 0
      vertex -34.8267 8.58234 0
      vertex 34.8267 25.4177 0
    endloop
  endfacet
  facet normal 0 0 -1
    outer loop
      vertex 34.8267 25.4177 0
      vertex -34.7842 25.6093 0
      vertex -34.7586 25.8039 0
    endloop
  endfacet
  facet normal 0 0 -1
    outer loop
      vertex -34.8267 25.4177 0
      vertex 34.8267 25.4177 0
      vertex -34.8267 8.58234 0
    endloop
  endfacet
  facet normal 0 0 -1
    outer loop
      vertex 34.8267 25.4177 0
      vertex -34.8267 25.4177 0
      vertex -34.7842 25.6093 0
    endloop
  endfacet
  facet normal 0 0 -1
    outer loop
      vertex -34.8857 8.76954 0
      vertex -34.8267 25.4177 0
      vertex -34.8267 8.58234 0
    endloop
  endfacet
  facet normal 0 0 -1
    outer loop
      vertex -34.8857 8.76954 0
      vertex -34.8857 25.2305 0
      vertex -34.8267 25.4177 0
    endloop
  endfacet
  facet normal 0 0 -1
    outer loop
      vertex -34.9608 8.95089 0
      vertex -34.8857 25.2305 0
      vertex -34.8857 8.76954 0
    endloop
  endfacet
  facet normal 0 0 -1
    outer loop
      vertex -34.9608 8.95089 0
      vertex -34.9608 25.0491 0
      vertex -34.8857 25.2305 0
    endloop
  endfacet
  facet normal 0 0 -1
    outer loop
      vertex -35.0514 9.125 0
      vertex -34.9608 25.0491 0
      vertex -34.9608 8.95089 0
    endloop
  endfacet
  facet normal 0 0 -1
    outer loop
      vertex -35.0514 9.125 0
      vertex -35.0514 24.875 0
      vertex -34.9608 25.0491 0
    endloop
  endfacet
  facet normal 0 0 -1
    outer loop
      vertex -35.1569 9.29055 0
      vertex -35.0514 24.875 0
      vertex -35.0514 9.125 0
    endloop
  endfacet
  facet normal 0 0 -1
    outer loop
      vertex -35.1569 9.29055 0
      vertex -35.1569 24.7095 0
      vertex -35.0514 24.875 0
    endloop
  endfacet
  facet normal 0 0 -1
    outer loop
      vertex -35.2764 9.44627 0
      vertex -35.1569 24.7095 0
      vertex -35.1569 9.29055 0
    endloop
  endfacet
  facet normal 0 0 -1
    outer loop
      vertex -35.2764 9.44627 0
      vertex -35.2764 24.5537 0
      vertex -35.1569 24.7095 0
    endloop
  endfacet
  facet normal 0 0 -1
    outer loop
      vertex -35.409 9.59099 0
      vertex -35.2764 24.5537 0
      vertex -35.2764 9.44627 0
    endloop
  endfacet
  facet normal 0 0 -1
    outer loop
      vertex -35.409 9.59099 0
      vertex -35.409 24.409 0
      vertex -35.2764 24.5537 0
    endloop
  endfacet
  facet normal 0 0 -1
    outer loop
      vertex -35.5537 9.7236 0
      vertex -35.409 24.409 0
      vertex -35.409 9.59099 0
    endloop
  endfacet
  facet normal 0 0 -1
    outer loop
      vertex -35.5537 9.7236 0
      vertex -35.5537 24.2764 0
      vertex -35.409 24.409 0
    endloop
  endfacet
  facet normal 0 0 -1
    outer loop
      vertex -35.7095 9.84309 0
      vertex -35.5537 24.2764 0
      vertex -35.5537 9.7236 0
    endloop
  endfacet
  facet normal 0 0 -1
    outer loop
      vertex -35.7095 9.84309 0
      vertex -35.7095 24.1569 0
      vertex -35.5537 24.2764 0
    endloop
  endfacet
  facet normal 0 0 -1
    outer loop
      vertex -35.875 9.94856 0
      vertex -35.7095 24.1569 0
      vertex -35.7095 9.84309 0
    endloop
  endfacet
  facet normal 0 0 -1
    outer loop
      vertex -35.875 9.94856 0
      vertex -35.875 24.0514 0
      vertex -35.7095 24.1569 0
    endloop
  endfacet
  facet normal 0 0 -1
    outer loop
      vertex -36.0491 10.0392 0
      vertex -35.875 24.0514 0
      vertex -35.875 9.94856 0
    endloop
  endfacet
  facet normal 0 0 -1
    outer loop
      vertex -36.0491 10.0392 0
      vertex -36.0491 23.9608 0
      vertex -35.875 24.0514 0
    endloop
  endfacet
  facet normal 0 0 -1
    outer loop
      vertex -36.2305 10.1143 0
      vertex -36.0491 23.9608 0
      vertex -36.0491 10.0392 0
    endloop
  endfacet
  facet normal 0 0 -1
    outer loop
      vertex -36.2305 10.1143 0
      vertex -36.2305 23.8857 0
      vertex -36.0491 23.9608 0
    endloop
  endfacet
  facet normal 0 0 -1
    outer loop
      vertex -36.4177 10.1733 0
      vertex -36.2305 23.8857 0
      vertex -36.2305 10.1143 0
    endloop
  endfacet
  facet normal 0 0 -1
    outer loop
      vertex -36.4177 10.1733 0
      vertex -36.4177 23.8267 0
      vertex -36.2305 23.8857 0
    endloop
  endfacet
  facet normal 0 0 -1
    outer loop
      vertex -36.6093 10.2158 0
      vertex -36.4177 23.8267 0
      vertex -36.4177 10.1733 0
    endloop
  endfacet
  facet normal 0 0 -1
    outer loop
      vertex -36.6093 10.2158 0
      vertex -36.6093 23.7842 0
      vertex -36.4177 23.8267 0
    endloop
  endfacet
  facet normal 0 0 -1
    outer loop
      vertex -36.8039 10.2414 0
      vertex -36.6093 23.7842 0
      vertex -36.6093 10.2158 0
    endloop
  endfacet
  facet normal 0 0 -1
    outer loop
      vertex -36.8039 10.2414 0
      vertex -36.8039 23.7586 0
      vertex -36.6093 23.7842 0
    endloop
  endfacet
  facet normal 0 0 -1
    outer loop
      vertex -37 10.25 0
      vertex -36.8039 23.7586 0
      vertex -36.8039 10.2414 0
    endloop
  endfacet
  facet normal 0 0 -1
    outer loop
      vertex -37 10.25 0
      vertex -37 23.75 0
      vertex -36.8039 23.7586 0
    endloop
  endfacet
  facet normal 0 0 -1
    outer loop
      vertex -37.1961 10.2414 0
      vertex -37 23.75 0
      vertex -37 10.25 0
    endloop
  endfacet
  facet normal 0 0 -1
    outer loop
      vertex -37.1961 10.2414 0
      vertex -37.1961 23.7586 0
      vertex -37 23.75 0
    endloop
  endfacet
  facet normal 0 0 -1
    outer loop
      vertex -37.3907 10.2158 0
      vertex -37.1961 23.7586 0
      vertex -37.1961 10.2414 0
    endloop
  endfacet
  facet normal 0 0 -1
    outer loop
      vertex -37.3907 10.2158 0
      vertex -37.3907 23.7842 0
      vertex -37.1961 23.7586 0
    endloop
  endfacet
  facet normal 0 0 -1
    outer loop
      vertex -37.5823 10.1733 0
      vertex -37.3907 23.7842 0
      vertex -37.3907 10.2158 0
    endloop
  endfacet
  facet normal 0 0 -1
    outer loop
      vertex -37.5823 10.1733 0
      vertex -37.5823 23.8267 0
      vertex -37.3907 23.7842 0
    endloop
  endfacet
  facet normal 0 0 -1
    outer loop
      vertex -37.7695 10.1143 0
      vertex -37.5823 23.8267 0
      vertex -37.5823 10.1733 0
    endloop
  endfacet
  facet normal 0 0 -1
    outer loop
      vertex -37.7695 10.1143 0
      vertex -37.7695 23.8857 0
      vertex -37.5823 23.8267 0
    endloop
  endfacet
  facet normal 0 0 -1
    outer loop
      vertex -37.9509 10.0392 0
      vertex -37.7695 23.8857 0
      vertex -37.7695 10.1143 0
    endloop
  endfacet
  facet normal 0 0 -1
    outer loop
      vertex -37.9509 10.0392 0
      vertex -37.9509 23.9608 0
      vertex -37.7695 23.8857 0
    endloop
  endfacet
  facet normal 0 0 -1
    outer loop
      vertex -38.125 9.94856 0
      vertex -37.9509 23.9608 0
      vertex -37.9509 10.0392 0
    endloop
  endfacet
  facet normal 0 0 -1
    outer loop
      vertex -38.125 9.94856 0
      vertex -38.125 24.0514 0
      vertex -37.9509 23.9608 0
    endloop
  endfacet
  facet normal 0 0 -1
    outer loop
      vertex -38.2905 9.84309 0
      vertex -38.125 24.0514 0
      vertex -38.125 9.94856 0
    endloop
  endfacet
  facet normal 0 0 -1
    outer loop
      vertex -38.2905 9.84309 0
      vertex -38.2905 24.1569 0
      vertex -38.125 24.0514 0
    endloop
  endfacet
  facet normal 0 0 -1
    outer loop
      vertex -38.4463 9.7236 0
      vertex -38.2905 24.1569 0
      vertex -38.2905 9.84309 0
    endloop
  endfacet
  facet normal 0 0 -1
    outer loop
      vertex -38.4463 9.7236 0
      vertex -38.4463 24.2764 0
      vertex -38.2905 24.1569 0
    endloop
  endfacet
  facet normal 0 0 -1
    outer loop
      vertex -38.591 9.59099 0
      vertex -38.4463 24.2764 0
      vertex -38.4463 9.7236 0
    endloop
  endfacet
  facet normal 0 0 -1
    outer loop
      vertex -38.591 9.59099 0
      vertex -38.591 24.409 0
      vertex -38.4463 24.2764 0
    endloop
  endfacet
  facet normal 0 0 -1
    outer loop
      vertex -38.7236 9.44627 0
      vertex -38.591 24.409 0
      vertex -38.591 9.59099 0
    endloop
  endfacet
  facet normal 0 0 -1
    outer loop
      vertex -38.7236 9.44627 0
      vertex -38.7236 24.5537 0
      vertex -38.591 24.409 0
    endloop
  endfacet
  facet normal 0 0 -1
    outer loop
      vertex -38.8431 9.29055 0
      vertex -38.7236 24.5537 0
      vertex -38.7236 9.44627 0
    endloop
  endfacet
  facet normal 0 0 -1
    outer loop
      vertex -38.8431 9.29055 0
      vertex -38.8431 24.7095 0
      vertex -38.7236 24.5537 0
    endloop
  endfacet
  facet normal 0 0 -1
    outer loop
      vertex -38.9486 9.125 0
      vertex -38.8431 24.7095 0
      vertex -38.8431 9.29055 0
    endloop
  endfacet
  facet normal 0 0 -1
    outer loop
      vertex -38.9486 9.125 0
      vertex -38.9486 24.875 0
      vertex -38.8431 24.7095 0
    endloop
  endfacet
  facet normal 0 0 -1
    outer loop
      vertex -39.0392 8.95089 0
      vertex -38.9486 24.875 0
      vertex -38.9486 9.125 0
    endloop
  endfacet
  facet normal 0 0 -1
    outer loop
      vertex -39.0392 8.95089 0
      vertex -39.0392 25.0491 0
      vertex -38.9486 24.875 0
    endloop
  endfacet
  facet normal 0 0 -1
    outer loop
      vertex -39.1143 8.76954 0
      vertex -39.0392 25.0491 0
      vertex -39.0392 8.95089 0
    endloop
  endfacet
  facet normal 0 0 -1
    outer loop
      vertex -39.1143 8.76954 0
      vertex -39.1143 25.2305 0
      vertex -39.0392 25.0491 0
    endloop
  endfacet
  facet normal 0 0 -1
    outer loop
      vertex -45 0 0
      vertex -39.1143 8.76954 0
      vertex -39.1733 8.58234 0
    endloop
  endfacet
  facet normal -0 0 -1
    outer loop
      vertex -39.1143 8.76954 0
      vertex -45 0 0
      vertex -39.1143 25.2305 0
    endloop
  endfacet
  facet normal 0 0 -1
    outer loop
      vertex -45 0 0
      vertex -39.1733 8.58234 0
      vertex -39.2158 8.39071 0
    endloop
  endfacet
  facet normal 0 0 -1
    outer loop
      vertex -45 34 0
      vertex -39.1143 25.2305 0
      vertex -45 0 0
    endloop
  endfacet
  facet normal 0 0 -1
    outer loop
      vertex -45 0 0
      vertex -39.2158 8.39071 0
      vertex -39.2414 8.1961 0
    endloop
  endfacet
  facet normal 0 0 -1
    outer loop
      vertex -39.1143 25.2305 0
      vertex -45 34 0
      vertex -39.1733 25.4177 0
    endloop
  endfacet
  facet normal 0 0 -1
    outer loop
      vertex -45 0 0
      vertex -39.2414 8.1961 0
      vertex -39.25 8 0
    endloop
  endfacet
  facet normal 0 0 -1
    outer loop
      vertex -39.1733 25.4177 0
      vertex -45 34 0
      vertex -39.2158 25.6093 0
    endloop
  endfacet
  facet normal 0 0 -1
    outer loop
      vertex 39.1733 8.58234 0
      vertex 45 0 0
      vertex 39.2158 8.39071 0
    endloop
  endfacet
  facet normal 0 0 -1
    outer loop
      vertex 45 34 0
      vertex 39.2414 25.8039 0
      vertex 39.25 26 0
    endloop
  endfacet
  facet normal 0 0 -1
    outer loop
      vertex 39.1143 8.76954 0
      vertex 45 0 0
      vertex 39.1733 8.58234 0
    endloop
  endfacet
  facet normal 0 0 -1
    outer loop
      vertex 45 34 0
      vertex 39.2158 25.6093 0
      vertex 39.2414 25.8039 0
    endloop
  endfacet
  facet normal 0 0 -1
    outer loop
      vertex 45 0 0
      vertex 39.1143 8.76954 0
      vertex 45 34 0
    endloop
  endfacet
  facet normal 0 0 -1
    outer loop
      vertex 45 34 0
      vertex 39.1733 25.4177 0
      vertex 39.2158 25.6093 0
    endloop
  endfacet
  facet normal 0 0 -1
    outer loop
      vertex 39.1143 25.2305 0
      vertex 45 34 0
      vertex 39.1143 8.76954 0
    endloop
  endfacet
  facet normal 0 0 -1
    outer loop
      vertex 45 34 0
      vertex 39.1143 25.2305 0
      vertex 39.1733 25.4177 0
    endloop
  endfacet
  facet normal 0 0 -1
    outer loop
      vertex 39.0392 8.95089 0
      vertex 39.1143 25.2305 0
      vertex 39.1143 8.76954 0
    endloop
  endfacet
  facet normal 0 0 -1
    outer loop
      vertex 39.0392 8.95089 0
      vertex 39.0392 25.0491 0
      vertex 39.1143 25.2305 0
    endloop
  endfacet
  facet normal 0 0 -1
    outer loop
      vertex 38.9486 9.125 0
      vertex 39.0392 25.0491 0
      vertex 39.0392 8.95089 0
    endloop
  endfacet
  facet normal 0 0 -1
    outer loop
      vertex 38.9486 9.125 0
      vertex 38.9486 24.875 0
      vertex 39.0392 25.0491 0
    endloop
  endfacet
  facet normal 0 0 -1
    outer loop
      vertex 38.8431 9.29055 0
      vertex 38.9486 24.875 0
      vertex 38.9486 9.125 0
    endloop
  endfacet
  facet normal 0 0 -1
    outer loop
      vertex 38.8431 9.29055 0
      vertex 38.8431 24.7095 0
      vertex 38.9486 24.875 0
    endloop
  endfacet
  facet normal 0 0 -1
    outer loop
      vertex 38.7236 9.44627 0
      vertex 38.8431 24.7095 0
      vertex 38.8431 9.29055 0
    endloop
  endfacet
  facet normal 0 0 -1
    outer loop
      vertex 38.7236 9.44627 0
      vertex 38.7236 24.5537 0
      vertex 38.8431 24.7095 0
    endloop
  endfacet
  facet normal 0 0 -1
    outer loop
      vertex 38.591 9.59099 0
      vertex 38.7236 24.5537 0
      vertex 38.7236 9.44627 0
    endloop
  endfacet
  facet normal 0 0 -1
    outer loop
      vertex 38.591 9.59099 0
      vertex 38.591 24.409 0
      vertex 38.7236 24.5537 0
    endloop
  endfacet
  facet normal 0 0 -1
    outer loop
      vertex 38.4463 9.7236 0
      vertex 38.591 24.409 0
      vertex 38.591 9.59099 0
    endloop
  endfacet
  facet normal 0 0 -1
    outer loop
      vertex 38.4463 9.7236 0
      vertex 38.4463 24.2764 0
      vertex 38.591 24.409 0
    endloop
  endfacet
  facet normal 0 0 -1
    outer loop
      vertex 38.2905 9.84309 0
      vertex 38.4463 24.2764 0
      vertex 38.4463 9.7236 0
    endloop
  endfacet
  facet normal 0 0 -1
    outer loop
      vertex 38.2905 9.84309 0
      vertex 38.2905 24.1569 0
      vertex 38.4463 24.2764 0
    endloop
  endfacet
  facet normal 0 0 -1
    outer loop
      vertex 38.125 9.94856 0
      vertex 38.2905 24.1569 0
      vertex 38.2905 9.84309 0
    endloop
  endfacet
  facet normal 0 0 -1
    outer loop
      vertex 38.125 9.94856 0
      vertex 38.125 24.0514 0
      vertex 38.2905 24.1569 0
    endloop
  endfacet
  facet normal 0 0 -1
    outer loop
      vertex 37.9509 10.0392 0
      vertex 38.125 24.0514 0
      vertex 38.125 9.94856 0
    endloop
  endfacet
  facet normal 0 0 -1
    outer loop
      vertex 37.9509 10.0392 0
      vertex 37.9509 23.9608 0
      vertex 38.125 24.0514 0
    endloop
  endfacet
  facet normal 0 0 -1
    outer loop
      vertex 37.7695 10.1143 0
      vertex 37.9509 23.9608 0
      vertex 37.9509 10.0392 0
    endloop
  endfacet
  facet normal 0 0 -1
    outer loop
      vertex 37.7695 10.1143 0
      vertex 37.7695 23.8857 0
      vertex 37.9509 23.9608 0
    endloop
  endfacet
  facet normal 0 0 -1
    outer loop
      vertex 37.5823 10.1733 0
      vertex 37.7695 23.8857 0
      vertex 37.7695 10.1143 0
    endloop
  endfacet
  facet normal 0 0 -1
    outer loop
      vertex 37.5823 10.1733 0
      vertex 37.5823 23.8267 0
      vertex 37.7695 23.8857 0
    endloop
  endfacet
  facet normal 0 0 -1
    outer loop
      vertex 37.3907 10.2158 0
      vertex 37.5823 23.8267 0
      vertex 37.5823 10.1733 0
    endloop
  endfacet
  facet normal 0 0 -1
    outer loop
      vertex 37.3907 10.2158 0
      vertex 37.3907 23.7842 0
      vertex 37.5823 23.8267 0
    endloop
  endfacet
  facet normal 0 0 -1
    outer loop
      vertex 37.1961 10.2414 0
      vertex 37.3907 23.7842 0
      vertex 37.3907 10.2158 0
    endloop
  endfacet
  facet normal 0 0 -1
    outer loop
      vertex 37.1961 10.2414 0
      vertex 37.1961 23.7586 0
      vertex 37.3907 23.7842 0
    endloop
  endfacet
  facet normal 0 0 -1
    outer loop
      vertex 37 10.25 0
      vertex 37.1961 23.7586 0
      vertex 37.1961 10.2414 0
    endloop
  endfacet
  facet normal 0 0 -1
    outer loop
      vertex 37 10.25 0
      vertex 37 23.75 0
      vertex 37.1961 23.7586 0
    endloop
  endfacet
  facet normal 0 0 -1
    outer loop
      vertex 36.8039 10.2414 0
      vertex 37 23.75 0
      vertex 37 10.25 0
    endloop
  endfacet
  facet normal 0 0 -1
    outer loop
      vertex 36.8039 10.2414 0
      vertex 36.8039 23.7586 0
      vertex 37 23.75 0
    endloop
  endfacet
  facet normal 0 0 -1
    outer loop
      vertex 36.6093 10.2158 0
      vertex 36.8039 23.7586 0
      vertex 36.8039 10.2414 0
    endloop
  endfacet
  facet normal 0 0 -1
    outer loop
      vertex 36.6093 10.2158 0
      vertex 36.6093 23.7842 0
      vertex 36.8039 23.7586 0
    endloop
  endfacet
  facet normal 0 0 -1
    outer loop
      vertex 36.4177 10.1733 0
      vertex 36.6093 23.7842 0
      vertex 36.6093 10.2158 0
    endloop
  endfacet
  facet normal 0 0 -1
    outer loop
      vertex 36.4177 10.1733 0
      vertex 36.4177 23.8267 0
      vertex 36.6093 23.7842 0
    endloop
  endfacet
  facet normal 0 0 -1
    outer loop
      vertex 36.2305 10.1143 0
      vertex 36.4177 23.8267 0
      vertex 36.4177 10.1733 0
    endloop
  endfacet
  facet normal 0 0 -1
    outer loop
      vertex 36.2305 10.1143 0
      vertex 36.2305 23.8857 0
      vertex 36.4177 23.8267 0
    endloop
  endfacet
  facet normal 0 0 -1
    outer loop
      vertex 36.0491 10.0392 0
      vertex 36.2305 23.8857 0
      vertex 36.2305 10.1143 0
    endloop
  endfacet
  facet normal 0 0 -1
    outer loop
      vertex 36.0491 10.0392 0
      vertex 36.0491 23.9608 0
      vertex 36.2305 23.8857 0
    endloop
  endfacet
  facet normal 0 0 -1
    outer loop
      vertex 35.875 9.94856 0
      vertex 36.0491 23.9608 0
      vertex 36.0491 10.0392 0
    endloop
  endfacet
  facet normal 0 0 -1
    outer loop
      vertex 35.875 9.94856 0
      vertex 35.875 24.0514 0
      vertex 36.0491 23.9608 0
    endloop
  endfacet
  facet normal 0 0 -1
    outer loop
      vertex 35.7095 9.84309 0
      vertex 35.875 24.0514 0
      vertex 35.875 9.94856 0
    endloop
  endfacet
  facet normal 0 0 -1
    outer loop
      vertex 35.7095 9.84309 0
      vertex 35.7095 24.1569 0
      vertex 35.875 24.0514 0
    endloop
  endfacet
  facet normal 0 0 -1
    outer loop
      vertex 35.5537 9.7236 0
      vertex 35.7095 24.1569 0
      vertex 35.7095 9.84309 0
    endloop
  endfacet
  facet normal 0 0 -1
    outer loop
      vertex 35.5537 9.7236 0
      vertex 35.5537 24.2764 0
      vertex 35.7095 24.1569 0
    endloop
  endfacet
  facet normal 0 0 -1
    outer loop
      vertex 35.409 9.59099 0
      vertex 35.5537 24.2764 0
      vertex 35.5537 9.7236 0
    endloop
  endfacet
  facet normal 0 0 -1
    outer loop
      vertex 35.409 9.59099 0
      vertex 35.409 24.409 0
      vertex 35.5537 24.2764 0
    endloop
  endfacet
  facet normal 0 0 -1
    outer loop
      vertex 35.2764 9.44627 0
      vertex 35.409 24.409 0
      vertex 35.409 9.59099 0
    endloop
  endfacet
  facet normal 0 0 -1
    outer loop
      vertex 35.2764 9.44627 0
      vertex 35.2764 24.5537 0
      vertex 35.409 24.409 0
    endloop
  endfacet
  facet normal 0 0 -1
    outer loop
      vertex 35.1569 9.29055 0
      vertex 35.2764 24.5537 0
      vertex 35.2764 9.44627 0
    endloop
  endfacet
  facet normal 0 0 -1
    outer loop
      vertex 35.1569 9.29055 0
      vertex 35.1569 24.7095 0
      vertex 35.2764 24.5537 0
    endloop
  endfacet
  facet normal 0 0 -1
    outer loop
      vertex 35.0514 9.125 0
      vertex 35.1569 24.7095 0
      vertex 35.1569 9.29055 0
    endloop
  endfacet
  facet normal 0 0 -1
    outer loop
      vertex 35.0514 9.125 0
      vertex 35.0514 24.875 0
      vertex 35.1569 24.7095 0
    endloop
  endfacet
  facet normal 0 0 -1
    outer loop
      vertex 34.9608 8.95089 0
      vertex 35.0514 24.875 0
      vertex 35.0514 9.125 0
    endloop
  endfacet
  facet normal 0 0 -1
    outer loop
      vertex 34.9608 8.95089 0
      vertex 34.9608 25.0491 0
      vertex 35.0514 24.875 0
    endloop
  endfacet
  facet normal 0 0 -1
    outer loop
      vertex 34.8857 8.76954 0
      vertex 34.9608 25.0491 0
      vertex 34.9608 8.95089 0
    endloop
  endfacet
  facet normal 0 0 -1
    outer loop
      vertex 34.8857 8.76954 0
      vertex 34.8857 25.2305 0
      vertex 34.9608 25.0491 0
    endloop
  endfacet
  facet normal 0 0 -1
    outer loop
      vertex 34.8267 8.58234 0
      vertex 34.8857 25.2305 0
      vertex 34.8857 8.76954 0
    endloop
  endfacet
  facet normal 0 0 -1
    outer loop
      vertex 34.8267 8.58234 0
      vertex 34.8267 25.4177 0
      vertex 34.8857 25.2305 0
    endloop
  endfacet
  facet normal 0 0 -1
    outer loop
      vertex 34.7586 8.1961 0
      vertex -34.7586 8.1961 0
      vertex 34.7842 8.39071 0
    endloop
  endfacet
  facet normal 0 0 -1
    outer loop
      vertex -34.7842 8.39071 0
      vertex 34.7842 8.39071 0
      vertex -34.7586 8.1961 0
    endloop
  endfacet
  facet normal 0 0 -1
    outer loop
      vertex -34.7586 8.1961 0
      vertex 34.7586 8.1961 0
      vertex -34.75 8 0
    endloop
  endfacet
  facet normal 0 0 -1
    outer loop
      vertex 34.7842 8.39071 0
      vertex -34.7842 8.39071 0
      vertex 34.8267 8.58234 0
    endloop
  endfacet
  facet normal 0 0 -1
    outer loop
      vertex -34.75 8 0
      vertex 34.7586 8.1961 0
      vertex 34.75 8 0
    endloop
  endfacet
  facet normal 0 0 -1
    outer loop
      vertex 34.8267 25.4177 0
      vertex -34.75 26 0
      vertex 34.7842 25.6093 0
    endloop
  endfacet
  facet normal 0 0 -1
    outer loop
      vertex 39.2414 8.1961 0
      vertex 45 0 0
      vertex 39.25 8 0
    endloop
  endfacet
  facet normal 0 0 -1
    outer loop
      vertex 45 0 0
      vertex 39.2414 7.8039 0
      vertex 39.25 8 0
    endloop
  endfacet
  facet normal 0 0 -1
    outer loop
      vertex 45 0 0
      vertex 39.2158 7.60929 0
      vertex 39.2414 7.8039 0
    endloop
  endfacet
  facet normal 0 0 -1
    outer loop
      vertex 45 0 0
      vertex 39.1733 7.41766 0
      vertex 39.2158 7.60929 0
    endloop
  endfacet
  facet normal 0 0 -1
    outer loop
      vertex 45 0 0
      vertex 39.1143 7.23045 0
      vertex 39.1733 7.41766 0
    endloop
  endfacet
  facet normal 0 0 -1
    outer loop
      vertex 45 0 0
      vertex 39.0392 7.04911 0
      vertex 39.1143 7.23045 0
    endloop
  endfacet
  facet normal 0 0 -1
    outer loop
      vertex 45 0 0
      vertex 38.9486 6.875 0
      vertex 39.0392 7.04911 0
    endloop
  endfacet
  facet normal 0 0 -1
    outer loop
      vertex 45 0 0
      vertex 38.8431 6.70945 0
      vertex 38.9486 6.875 0
    endloop
  endfacet
  facet normal 0 0 -1
    outer loop
      vertex 45 0 0
      vertex 38.7236 6.55373 0
      vertex 38.8431 6.70945 0
    endloop
  endfacet
  facet normal 0 0 -1
    outer loop
      vertex 45 0 0
      vertex 38.591 6.40901 0
      vertex 38.7236 6.55373 0
    endloop
  endfacet
  facet normal 0 0 -1
    outer loop
      vertex 45 0 0
      vertex 38.4463 6.2764 0
      vertex 38.591 6.40901 0
    endloop
  endfacet
  facet normal 0 0 -1
    outer loop
      vertex 45 0 0
      vertex 38.2905 6.15691 0
      vertex 38.4463 6.2764 0
    endloop
  endfacet
  facet normal 0 0 -1
    outer loop
      vertex 45 0 0
      vertex 38.125 6.05144 0
      vertex 38.2905 6.15691 0
    endloop
  endfacet
  facet normal 0 0 -1
    outer loop
      vertex 45 0 0
      vertex 37.9509 5.96081 0
      vertex 38.125 6.05144 0
    endloop
  endfacet
  facet normal 0 0 -1
    outer loop
      vertex 45 0 0
      vertex 37.7695 5.88569 0
      vertex 37.9509 5.96081 0
    endloop
  endfacet
  facet normal 0 0 -1
    outer loop
      vertex 45 0 0
      vertex 37.5823 5.82667 0
      vertex 37.7695 5.88569 0
    endloop
  endfacet
  facet normal 0 0 -1
    outer loop
      vertex 45 0 0
      vertex 37.3907 5.78418 0
      vertex 37.5823 5.82667 0
    endloop
  endfacet
  facet normal 0 0 -1
    outer loop
      vertex 45 0 0
      vertex 37.1961 5.75856 0
      vertex 37.3907 5.78418 0
    endloop
  endfacet
  facet normal 0 0 -1
    outer loop
      vertex 45 0 0
      vertex 37 5.75 0
      vertex 37.1961 5.75856 0
    endloop
  endfacet
  facet normal 0 0 -1
    outer loop
      vertex 45 0 0
      vertex 36.8039 5.75856 0
      vertex 37 5.75 0
    endloop
  endfacet
  facet normal 0 0 -1
    outer loop
      vertex 45 0 0
      vertex 36.6093 5.78418 0
      vertex 36.8039 5.75856 0
    endloop
  endfacet
  facet normal 0 0 -1
    outer loop
      vertex 45 0 0
      vertex 36.4177 5.82667 0
      vertex 36.6093 5.78418 0
    endloop
  endfacet
  facet normal 0 0 -1
    outer loop
      vertex 45 0 0
      vertex 36.2305 5.88569 0
      vertex 36.4177 5.82667 0
    endloop
  endfacet
  facet normal 0 0 -1
    outer loop
      vertex 45 0 0
      vertex 36.0491 5.96081 0
      vertex 36.2305 5.88569 0
    endloop
  endfacet
  facet normal 0 0 -1
    outer loop
      vertex 45 0 0
      vertex 35.875 6.05144 0
      vertex 36.0491 5.96081 0
    endloop
  endfacet
  facet normal 0 0 -1
    outer loop
      vertex -35.875 6.05144 0
      vertex 35.875 6.05144 0
      vertex 45 0 0
    endloop
  endfacet
  facet normal 0 0 -1
    outer loop
      vertex 34.7842 25.6093 0
      vertex -34.75 26 0
      vertex 34.7586 25.8039 0
    endloop
  endfacet
  facet normal 0 0 -1
    outer loop
      vertex 34.7586 7.8039 0
      vertex -34.75 8 0
      vertex 34.75 8 0
    endloop
  endfacet
  facet normal 0 0 -1
    outer loop
      vertex -34.7586 7.8039 0
      vertex 34.7586 7.8039 0
      vertex 34.7842 7.60929 0
    endloop
  endfacet
  facet normal 0 0 -1
    outer loop
      vertex -34.7842 7.60929 0
      vertex 34.7842 7.60929 0
      vertex 34.8267 7.41766 0
    endloop
  endfacet
  facet normal 0 0 -1
    outer loop
      vertex -34.8267 7.41766 0
      vertex 34.8267 7.41766 0
      vertex 34.8857 7.23045 0
    endloop
  endfacet
  facet normal 0 0 -1
    outer loop
      vertex -34.8857 7.23045 0
      vertex 34.8857 7.23045 0
      vertex 34.9608 7.04911 0
    endloop
  endfacet
  facet normal 0 0 -1
    outer loop
      vertex -34.9608 7.04911 0
      vertex 34.9608 7.04911 0
      vertex 35.0514 6.875 0
    endloop
  endfacet
  facet normal 0 0 -1
    outer loop
      vertex -35.0514 6.875 0
      vertex 35.0514 6.875 0
      vertex 35.1569 6.70945 0
    endloop
  endfacet
  facet normal 0 0 -1
    outer loop
      vertex -35.1569 6.70945 0
      vertex 35.1569 6.70945 0
      vertex 35.2764 6.55373 0
    endloop
  endfacet
  facet normal 0 0 -1
    outer loop
      vertex -35.2764 6.55373 0
      vertex 35.2764 6.55373 0
      vertex 35.409 6.40901 0
    endloop
  endfacet
  facet normal 0 0 -1
    outer loop
      vertex -35.409 6.40901 0
      vertex 35.409 6.40901 0
      vertex 35.5537 6.2764 0
    endloop
  endfacet
  facet normal 0 0 -1
    outer loop
      vertex -35.5537 6.2764 0
      vertex 35.5537 6.2764 0
      vertex 35.7095 6.15691 0
    endloop
  endfacet
  facet normal 0 0 -1
    outer loop
      vertex 35.875 6.05144 0
      vertex -35.875 6.05144 0
      vertex 35.7095 6.15691 0
    endloop
  endfacet
  facet normal 0 0 -1
    outer loop
      vertex 34.7586 7.8039 0
      vertex -34.7586 7.8039 0
      vertex -34.75 8 0
    endloop
  endfacet
  facet normal 0 0 -1
    outer loop
      vertex 34.7842 7.60929 0
      vertex -34.7842 7.60929 0
      vertex -34.7586 7.8039 0
    endloop
  endfacet
  facet normal 0 0 -1
    outer loop
      vertex 34.8267 7.41766 0
      vertex -34.8267 7.41766 0
      vertex -34.7842 7.60929 0
    endloop
  endfacet
  facet normal 0 0 -1
    outer loop
      vertex 34.8857 7.23045 0
      vertex -34.8857 7.23045 0
      vertex -34.8267 7.41766 0
    endloop
  endfacet
  facet normal 0 0 -1
    outer loop
      vertex 34.9608 7.04911 0
      vertex -34.9608 7.04911 0
      vertex -34.8857 7.23045 0
    endloop
  endfacet
  facet normal 0 0 -1
    outer loop
      vertex 35.0514 6.875 0
      vertex -35.0514 6.875 0
      vertex -34.9608 7.04911 0
    endloop
  endfacet
  facet normal 0 0 -1
    outer loop
      vertex 35.1569 6.70945 0
      vertex -35.1569 6.70945 0
      vertex -35.0514 6.875 0
    endloop
  endfacet
  facet normal 0 0 -1
    outer loop
      vertex 35.2764 6.55373 0
      vertex -35.2764 6.55373 0
      vertex -35.1569 6.70945 0
    endloop
  endfacet
  facet normal 0 0 -1
    outer loop
      vertex 35.409 6.40901 0
      vertex -35.409 6.40901 0
      vertex -35.2764 6.55373 0
    endloop
  endfacet
  facet normal 0 0 -1
    outer loop
      vertex 35.5537 6.2764 0
      vertex -35.5537 6.2764 0
      vertex -35.409 6.40901 0
    endloop
  endfacet
  facet normal 0 0 -1
    outer loop
      vertex 35.7095 6.15691 0
      vertex -35.7095 6.15691 0
      vertex -35.5537 6.2764 0
    endloop
  endfacet
  facet normal -0 0 -1
    outer loop
      vertex 35.7095 6.15691 0
      vertex -35.875 6.05144 0
      vertex -35.7095 6.15691 0
    endloop
  endfacet
  facet normal 0 0 -1
    outer loop
      vertex -45 0 0
      vertex -35.875 6.05144 0
      vertex 45 0 0
    endloop
  endfacet
  facet normal 0 0 -1
    outer loop
      vertex -35.875 6.05144 0
      vertex -45 0 0
      vertex -36.0491 5.96081 0
    endloop
  endfacet
  facet normal 0 0 -1
    outer loop
      vertex -36.0491 5.96081 0
      vertex -45 0 0
      vertex -36.2305 5.88569 0
    endloop
  endfacet
  facet normal 0 0 -1
    outer loop
      vertex -36.2305 5.88569 0
      vertex -45 0 0
      vertex -36.4177 5.82667 0
    endloop
  endfacet
  facet normal 0 0 -1
    outer loop
      vertex -36.4177 5.82667 0
      vertex -45 0 0
      vertex -36.6093 5.78418 0
    endloop
  endfacet
  facet normal 0 0 -1
    outer loop
      vertex -36.6093 5.78418 0
      vertex -45 0 0
      vertex -36.8039 5.75856 0
    endloop
  endfacet
  facet normal 0 0 -1
    outer loop
      vertex -36.8039 5.75856 0
      vertex -45 0 0
      vertex -37 5.75 0
    endloop
  endfacet
  facet normal 0 0 -1
    outer loop
      vertex -39.2158 25.6093 0
      vertex -45 34 0
      vertex -39.2414 25.8039 0
    endloop
  endfacet
  facet normal -0 0 -1
    outer loop
      vertex -39.2414 7.8039 0
      vertex -45 0 0
      vertex -39.25 8 0
    endloop
  endfacet
  facet normal -0 0 -1
    outer loop
      vertex -39.2158 7.60929 0
      vertex -45 0 0
      vertex -39.2414 7.8039 0
    endloop
  endfacet
  facet normal -0 0 -1
    outer loop
      vertex -39.1733 7.41766 0
      vertex -45 0 0
      vertex -39.2158 7.60929 0
    endloop
  endfacet
  facet normal -0 0 -1
    outer loop
      vertex -39.1143 7.23045 0
      vertex -45 0 0
      vertex -39.1733 7.41766 0
    endloop
  endfacet
  facet normal -0 0 -1
    outer loop
      vertex -39.0392 7.04911 0
      vertex -45 0 0
      vertex -39.1143 7.23045 0
    endloop
  endfacet
  facet normal -0 0 -1
    outer loop
      vertex -38.9486 6.875 0
      vertex -45 0 0
      vertex -39.0392 7.04911 0
    endloop
  endfacet
  facet normal -0 0 -1
    outer loop
      vertex -38.8431 6.70945 0
      vertex -45 0 0
      vertex -38.9486 6.875 0
    endloop
  endfacet
  facet normal -0 0 -1
    outer loop
      vertex -38.7236 6.55373 0
      vertex -45 0 0
      vertex -38.8431 6.70945 0
    endloop
  endfacet
  facet normal -0 0 -1
    outer loop
      vertex -38.591 6.40901 0
      vertex -45 0 0
      vertex -38.7236 6.55373 0
    endloop
  endfacet
  facet normal -0 0 -1
    outer loop
      vertex -38.4463 6.2764 0
      vertex -45 0 0
      vertex -38.591 6.40901 0
    endloop
  endfacet
  facet normal -0 0 -1
    outer loop
      vertex -38.2905 6.15691 0
      vertex -45 0 0
      vertex -38.4463 6.2764 0
    endloop
  endfacet
  facet normal -0 0 -1
    outer loop
      vertex -38.125 6.05144 0
      vertex -45 0 0
      vertex -38.2905 6.15691 0
    endloop
  endfacet
  facet normal -0 0 -1
    outer loop
      vertex -37.9509 5.96081 0
      vertex -45 0 0
      vertex -38.125 6.05144 0
    endloop
  endfacet
  facet normal -0 0 -1
    outer loop
      vertex -37.7695 5.88569 0
      vertex -45 0 0
      vertex -37.9509 5.96081 0
    endloop
  endfacet
  facet normal -0 0 -1
    outer loop
      vertex -37.5823 5.82667 0
      vertex -45 0 0
      vertex -37.7695 5.88569 0
    endloop
  endfacet
  facet normal -0 0 -1
    outer loop
      vertex -37.3907 5.78418 0
      vertex -45 0 0
      vertex -37.5823 5.82667 0
    endloop
  endfacet
  facet normal -0 0 -1
    outer loop
      vertex -37.1961 5.75856 0
      vertex -45 0 0
      vertex -37.3907 5.78418 0
    endloop
  endfacet
  facet normal -0 0 -1
    outer loop
      vertex -37 5.75 0
      vertex -45 0 0
      vertex -37.1961 5.75856 0
    endloop
  endfacet
  facet normal 0 0 -1
    outer loop
      vertex 39.2158 8.39071 0
      vertex 45 0 0
      vertex 39.2414 8.1961 0
    endloop
  endfacet
  facet normal 0 0 -1
    outer loop
      vertex 39.2414 26.1961 0
      vertex 45 34 0
      vertex 39.25 26 0
    endloop
  endfacet
  facet normal 0 0 -1
    outer loop
      vertex 39.2158 26.3907 0
      vertex 45 34 0
      vertex 39.2414 26.1961 0
    endloop
  endfacet
  facet normal 0 0 -1
    outer loop
      vertex 39.1733 26.5823 0
      vertex 45 34 0
      vertex 39.2158 26.3907 0
    endloop
  endfacet
  facet normal 0 0 -1
    outer loop
      vertex 39.1143 26.7695 0
      vertex 45 34 0
      vertex 39.1733 26.5823 0
    endloop
  endfacet
  facet normal 0 0 -1
    outer loop
      vertex 39.0392 26.9509 0
      vertex 45 34 0
      vertex 39.1143 26.7695 0
    endloop
  endfacet
  facet normal 0 0 -1
    outer loop
      vertex 38.9486 27.125 0
      vertex 45 34 0
      vertex 39.0392 26.9509 0
    endloop
  endfacet
  facet normal 0 0 -1
    outer loop
      vertex 38.8431 27.2905 0
      vertex 45 34 0
      vertex 38.9486 27.125 0
    endloop
  endfacet
  facet normal 0 0 -1
    outer loop
      vertex 38.7236 27.4463 0
      vertex 45 34 0
      vertex 38.8431 27.2905 0
    endloop
  endfacet
  facet normal 0 0 -1
    outer loop
      vertex 38.591 27.591 0
      vertex 45 34 0
      vertex 38.7236 27.4463 0
    endloop
  endfacet
  facet normal 0 0 -1
    outer loop
      vertex 38.4463 27.7236 0
      vertex 45 34 0
      vertex 38.591 27.591 0
    endloop
  endfacet
  facet normal 0 0 -1
    outer loop
      vertex 38.2905 27.8431 0
      vertex 45 34 0
      vertex 38.4463 27.7236 0
    endloop
  endfacet
  facet normal 0 0 -1
    outer loop
      vertex 38.125 27.9486 0
      vertex 45 34 0
      vertex 38.2905 27.8431 0
    endloop
  endfacet
  facet normal 0 0 -1
    outer loop
      vertex 37.9509 28.0392 0
      vertex 45 34 0
      vertex 38.125 27.9486 0
    endloop
  endfacet
  facet normal 0 0 -1
    outer loop
      vertex 37.7695 28.1143 0
      vertex 45 34 0
      vertex 37.9509 28.0392 0
    endloop
  endfacet
  facet normal 0 0 -1
    outer loop
      vertex 37.5823 28.1733 0
      vertex 45 34 0
      vertex 37.7695 28.1143 0
    endloop
  endfacet
  facet normal 0 0 -1
    outer loop
      vertex 37.3907 28.2158 0
      vertex 45 34 0
      vertex 37.5823 28.1733 0
    endloop
  endfacet
  facet normal 0 0 -1
    outer loop
      vertex 37.1961 28.2414 0
      vertex 45 34 0
      vertex 37.3907 28.2158 0
    endloop
  endfacet
  facet normal 0 0 -1
    outer loop
      vertex 37 28.25 0
      vertex 45 34 0
      vertex 37.1961 28.2414 0
    endloop
  endfacet
  facet normal 0 0 -1
    outer loop
      vertex 36.8039 28.2414 0
      vertex 45 34 0
      vertex 37 28.25 0
    endloop
  endfacet
  facet normal 0 0 -1
    outer loop
      vertex 36.6093 28.2158 0
      vertex 45 34 0
      vertex 36.8039 28.2414 0
    endloop
  endfacet
  facet normal 0 0 -1
    outer loop
      vertex 36.4177 28.1733 0
      vertex 45 34 0
      vertex 36.6093 28.2158 0
    endloop
  endfacet
  facet normal 0 0 -1
    outer loop
      vertex 36.2305 28.1143 0
      vertex 45 34 0
      vertex 36.4177 28.1733 0
    endloop
  endfacet
  facet normal 0 0 -1
    outer loop
      vertex 36.0491 28.0392 0
      vertex 45 34 0
      vertex 36.2305 28.1143 0
    endloop
  endfacet
  facet normal 0 0 -1
    outer loop
      vertex 35.875 27.9486 0
      vertex 45 34 0
      vertex 36.0491 28.0392 0
    endloop
  endfacet
  facet normal 0 0 -1
    outer loop
      vertex -35.875 27.9486 0
      vertex 35.875 27.9486 0
      vertex 35.7095 27.8431 0
    endloop
  endfacet
  facet normal 0 0 -1
    outer loop
      vertex 34.7586 25.8039 0
      vertex -34.75 26 0
      vertex 34.75 26 0
    endloop
  endfacet
  facet normal 0 0 -1
    outer loop
      vertex 34.75 26 0
      vertex -34.75 26 0
      vertex 34.7586 26.1961 0
    endloop
  endfacet
  facet normal 0 0 -1
    outer loop
      vertex -34.7586 26.1961 0
      vertex 34.7586 26.1961 0
      vertex -34.75 26 0
    endloop
  endfacet
  facet normal 0 0 -1
    outer loop
      vertex 34.7586 26.1961 0
      vertex -34.7586 26.1961 0
      vertex 34.7842 26.3907 0
    endloop
  endfacet
  facet normal 0 0 -1
    outer loop
      vertex -34.7842 26.3907 0
      vertex 34.7842 26.3907 0
      vertex -34.7586 26.1961 0
    endloop
  endfacet
  facet normal 0 0 -1
    outer loop
      vertex 34.7842 26.3907 0
      vertex -34.7842 26.3907 0
      vertex 34.8267 26.5823 0
    endloop
  endfacet
  facet normal 0 0 -1
    outer loop
      vertex -34.8267 26.5823 0
      vertex 34.8267 26.5823 0
      vertex -34.7842 26.3907 0
    endloop
  endfacet
  facet normal 0 0 -1
    outer loop
      vertex 34.8267 26.5823 0
      vertex -34.8267 26.5823 0
      vertex 34.8857 26.7695 0
    endloop
  endfacet
  facet normal 0 0 -1
    outer loop
      vertex -34.8857 26.7695 0
      vertex 34.8857 26.7695 0
      vertex -34.8267 26.5823 0
    endloop
  endfacet
  facet normal 0 0 -1
    outer loop
      vertex 34.8857 26.7695 0
      vertex -34.8857 26.7695 0
      vertex 34.9608 26.9509 0
    endloop
  endfacet
  facet normal 0 0 -1
    outer loop
      vertex -34.9608 26.9509 0
      vertex 34.9608 26.9509 0
      vertex -34.8857 26.7695 0
    endloop
  endfacet
  facet normal 0 0 -1
    outer loop
      vertex 34.9608 26.9509 0
      vertex -34.9608 26.9509 0
      vertex 35.0514 27.125 0
    endloop
  endfacet
  facet normal 0 0 -1
    outer loop
      vertex -35.0514 27.125 0
      vertex 35.0514 27.125 0
      vertex -34.9608 26.9509 0
    endloop
  endfacet
  facet normal 0 0 -1
    outer loop
      vertex 35.0514 27.125 0
      vertex -35.0514 27.125 0
      vertex 35.1569 27.2905 0
    endloop
  endfacet
  facet normal 0 0 -1
    outer loop
      vertex -35.1569 27.2905 0
      vertex 35.1569 27.2905 0
      vertex -35.0514 27.125 0
    endloop
  endfacet
  facet normal 0 0 -1
    outer loop
      vertex 35.1569 27.2905 0
      vertex -35.1569 27.2905 0
      vertex 35.2764 27.4463 0
    endloop
  endfacet
  facet normal 0 0 -1
    outer loop
      vertex -35.2764 27.4463 0
      vertex 35.2764 27.4463 0
      vertex -35.1569 27.2905 0
    endloop
  endfacet
  facet normal 0 0 -1
    outer loop
      vertex 35.2764 27.4463 0
      vertex -35.2764 27.4463 0
      vertex 35.409 27.591 0
    endloop
  endfacet
  facet normal 0 0 -1
    outer loop
      vertex -35.409 27.591 0
      vertex 35.409 27.591 0
      vertex -35.2764 27.4463 0
    endloop
  endfacet
  facet normal 0 0 -1
    outer loop
      vertex 35.409 27.591 0
      vertex -35.409 27.591 0
      vertex 35.5537 27.7236 0
    endloop
  endfacet
  facet normal 0 0 -1
    outer loop
      vertex -35.5537 27.7236 0
      vertex 35.5537 27.7236 0
      vertex -35.409 27.591 0
    endloop
  endfacet
  facet normal 0 0 -1
    outer loop
      vertex 35.5537 27.7236 0
      vertex -35.5537 27.7236 0
      vertex 35.7095 27.8431 0
    endloop
  endfacet
  facet normal 0 0 -1
    outer loop
      vertex -35.7095 27.8431 0
      vertex 35.7095 27.8431 0
      vertex -35.5537 27.7236 0
    endloop
  endfacet
  facet normal 0 0 -1
    outer loop
      vertex -35.875 27.9486 0
      vertex 35.7095 27.8431 0
      vertex -35.7095 27.8431 0
    endloop
  endfacet
  facet normal 0 0 -1
    outer loop
      vertex 35.875 27.9486 0
      vertex -35.875 27.9486 0
      vertex 45 34 0
    endloop
  endfacet
  facet normal 0 0 -1
    outer loop
      vertex -45 34 0
      vertex -35.875 27.9486 0
      vertex -36.0491 28.0392 0
    endloop
  endfacet
  facet normal 0 0 -1
    outer loop
      vertex -45 34 0
      vertex -36.0491 28.0392 0
      vertex -36.2305 28.1143 0
    endloop
  endfacet
  facet normal 0 0 -1
    outer loop
      vertex -45 34 0
      vertex -36.2305 28.1143 0
      vertex -36.4177 28.1733 0
    endloop
  endfacet
  facet normal 0 0 -1
    outer loop
      vertex -45 34 0
      vertex -36.4177 28.1733 0
      vertex -36.6093 28.2158 0
    endloop
  endfacet
  facet normal 0 0 -1
    outer loop
      vertex -45 34 0
      vertex -36.6093 28.2158 0
      vertex -36.8039 28.2414 0
    endloop
  endfacet
  facet normal 0 0 -1
    outer loop
      vertex -45 34 0
      vertex -36.8039 28.2414 0
      vertex -37 28.25 0
    endloop
  endfacet
  facet normal 0 0 -1
    outer loop
      vertex -45 34 0
      vertex -37 28.25 0
      vertex -37.1961 28.2414 0
    endloop
  endfacet
  facet normal 0 0 -1
    outer loop
      vertex -39.2414 25.8039 0
      vertex -45 34 0
      vertex -39.25 26 0
    endloop
  endfacet
  facet normal 0 0 -1
    outer loop
      vertex -39.25 26 0
      vertex -45 34 0
      vertex -39.2414 26.1961 0
    endloop
  endfacet
  facet normal 0 0 -1
    outer loop
      vertex -35.875 27.9486 0
      vertex -45 34 0
      vertex 45 34 0
    endloop
  endfacet
  facet normal 0 0 -1
    outer loop
      vertex -37.3907 28.2158 0
      vertex -45 34 0
      vertex -37.1961 28.2414 0
    endloop
  endfacet
  facet normal 0 0 -1
    outer loop
      vertex -37.5823 28.1733 0
      vertex -45 34 0
      vertex -37.3907 28.2158 0
    endloop
  endfacet
  facet normal 0 0 -1
    outer loop
      vertex -37.7695 28.1143 0
      vertex -45 34 0
      vertex -37.5823 28.1733 0
    endloop
  endfacet
  facet normal 0 0 -1
    outer loop
      vertex -37.9509 28.0392 0
      vertex -45 34 0
      vertex -37.7695 28.1143 0
    endloop
  endfacet
  facet normal 0 0 -1
    outer loop
      vertex -38.125 27.9486 0
      vertex -45 34 0
      vertex -37.9509 28.0392 0
    endloop
  endfacet
  facet normal 0 0 -1
    outer loop
      vertex -38.2905 27.8431 0
      vertex -45 34 0
      vertex -38.125 27.9486 0
    endloop
  endfacet
  facet normal 0 0 -1
    outer loop
      vertex -38.4463 27.7236 0
      vertex -45 34 0
      vertex -38.2905 27.8431 0
    endloop
  endfacet
  facet normal 0 0 -1
    outer loop
      vertex -38.591 27.591 0
      vertex -45 34 0
      vertex -38.4463 27.7236 0
    endloop
  endfacet
  facet normal 0 0 -1
    outer loop
      vertex -38.7236 27.4463 0
      vertex -45 34 0
      vertex -38.591 27.591 0
    endloop
  endfacet
  facet normal 0 0 -1
    outer loop
      vertex -38.8431 27.2905 0
      vertex -45 34 0
      vertex -38.7236 27.4463 0
    endloop
  endfacet
  facet normal 0 0 -1
    outer loop
      vertex -38.9486 27.125 0
      vertex -45 34 0
      vertex -38.8431 27.2905 0
    endloop
  endfacet
  facet normal 0 0 -1
    outer loop
      vertex -39.0392 26.9509 0
      vertex -45 34 0
      vertex -38.9486 27.125 0
    endloop
  endfacet
  facet normal 0 0 -1
    outer loop
      vertex -39.1143 26.7695 0
      vertex -45 34 0
      vertex -39.0392 26.9509 0
    endloop
  endfacet
  facet normal 0 0 -1
    outer loop
      vertex -39.1733 26.5823 0
      vertex -45 34 0
      vertex -39.1143 26.7695 0
    endloop
  endfacet
  facet normal 0 0 -1
    outer loop
      vertex -39.2158 26.3907 0
      vertex -45 34 0
      vertex -39.1733 26.5823 0
    endloop
  endfacet
  facet normal 0 0 -1
    outer loop
      vertex -39.2414 26.1961 0
      vertex -45 34 0
      vertex -39.2158 26.3907 0
    endloop
  endfacet
  facet normal -1 0 0
    outer loop
      vertex -45 0 0
      vertex -45 34 5
      vertex -45 34 0
    endloop
  endfacet
  facet normal -1 -0 0
    outer loop
      vertex -45 34 5
      vertex -45 0 0
      vertex -45 0 5
    endloop
  endfacet
  facet normal 0 1 0
    outer loop
      vertex 25.45 34 96.45
      vertex 21.45 34 53.55
      vertex 21.45 34 96.45
    endloop
  endfacet
  facet normal 0 1 0
    outer loop
      vertex 21.45 34 53.55
      vertex 12 34 47.55
      vertex 12 34 53.55
    endloop
  endfacet
  facet normal 0 1 0
    outer loop
      vertex 12 34 47.55
      vertex 25.45 34 5
      vertex -12 34 47.55
    endloop
  endfacet
  facet normal 0 1 0
    outer loop
      vertex 21.45 34 53.55
      vertex 25.45 34 5
      vertex 12 34 47.55
    endloop
  endfacet
  facet normal 0 1 -0
    outer loop
      vertex 25.45 34 5
      vertex 21.45 34 53.55
      vertex 25.45 34 96.45
    endloop
  endfacet
  facet normal 0 1 0
    outer loop
      vertex -12 34 53.55
      vertex -12 34 47.55
      vertex -21.45 34 53.55
    endloop
  endfacet
  facet normal 0 1 -0
    outer loop
      vertex -21.45 34 53.55
      vertex -25.45 34 96.45
      vertex -21.45 34 96.45
    endloop
  endfacet
  facet normal 0 1 0
    outer loop
      vertex -25.45 34 5
      vertex -12 34 47.55
      vertex 25.45 34 5
    endloop
  endfacet
  facet normal 0 1 0
    outer loop
      vertex -21.45 34 53.55
      vertex -25.45 34 5
      vertex -25.45 34 96.45
    endloop
  endfacet
  facet normal 0 1 0
    outer loop
      vertex -12 34 47.55
      vertex -25.45 34 5
      vertex -21.45 34 53.55
    endloop
  endfacet
  facet normal 0 1 -0
    outer loop
      vertex 45 34 0
      vertex 25.45 34 5
      vertex 45 34 5
    endloop
  endfacet
  facet normal 0 1 0
    outer loop
      vertex 25.45 34 5
      vertex 45 34 0
      vertex -25.45 34 5
    endloop
  endfacet
  facet normal 0 1 0
    outer loop
      vertex -45 34 0
      vertex -25.45 34 5
      vertex 45 34 0
    endloop
  endfacet
  facet normal 0 1 0
    outer loop
      vertex -25.45 34 5
      vertex -45 34 0
      vertex -45 34 5
    endloop
  endfacet
  facet normal 0 -1 0
    outer loop
      vertex -25.45 0 96.45
      vertex -21.45 0 53.55
      vertex -21.45 0 96.45
    endloop
  endfacet
  facet normal 0 -1 0
    outer loop
      vertex -21.45 0 53.55
      vertex -12 0 47.55
      vertex -12 0 53.55
    endloop
  endfacet
  facet normal 0 -1 -0
    outer loop
      vertex -12 0 47.55
      vertex -25.45 0 5
      vertex 12 0 47.55
    endloop
  endfacet
  facet normal 0 -1 -0
    outer loop
      vertex -21.45 0 53.55
      vertex -25.45 0 5
      vertex -12 0 47.55
    endloop
  endfacet
  facet normal 0 -1 0
    outer loop
      vertex -25.45 0 5
      vertex -21.45 0 53.55
      vertex -25.45 0 96.45
    endloop
  endfacet
  facet normal 0 -1 0
    outer loop
      vertex 12 0 53.55
      vertex 12 0 47.55
      vertex 21.45 0 53.55
    endloop
  endfacet
  facet normal 0 -1 0
    outer loop
      vertex 21.45 0 53.55
      vertex 25.45 0 96.45
      vertex 21.45 0 96.45
    endloop
  endfacet
  facet normal 0 -1 0
    outer loop
      vertex 25.45 0 5
      vertex 12 0 47.55
      vertex -25.45 0 5
    endloop
  endfacet
  facet normal 0 -1 0
    outer loop
      vertex 21.45 0 53.55
      vertex 25.45 0 5
      vertex 25.45 0 96.45
    endloop
  endfacet
  facet normal 0 -1 0
    outer loop
      vertex 12 0 47.55
      vertex 25.45 0 5
      vertex 21.45 0 53.55
    endloop
  endfacet
  facet normal 0 -1 0
    outer loop
      vertex -45 0 0
      vertex -25.45 0 5
      vertex -45 0 5
    endloop
  endfacet
  facet normal 0 -1 -0
    outer loop
      vertex -25.45 0 5
      vertex -45 0 0
      vertex 25.45 0 5
    endloop
  endfacet
  facet normal 0 -1 0
    outer loop
      vertex 45 0 0
      vertex 25.45 0 5
      vertex -45 0 0
    endloop
  endfacet
  facet normal 0 -1 0
    outer loop
      vertex 25.45 0 5
      vertex 45 0 0
      vertex 45 0 5
    endloop
  endfacet
  facet normal 1 -0 0
    outer loop
      vertex 25.45 0 96.45
      vertex 25.45 34 5
      vertex 25.45 34 96.45
    endloop
  endfacet
  facet normal 1 0 0
    outer loop
      vertex 25.45 34 5
      vertex 25.45 0 96.45
      vertex 25.45 0 5
    endloop
  endfacet
  facet normal -0 0 1
    outer loop
      vertex -22.0553 7.12202 96.45
      vertex -21.45 0 96.45
      vertex -22.0553 26.878 96.45
    endloop
  endfacet
  facet normal 0 0 1
    outer loop
      vertex -21.45 0 96.45
      vertex -22.0553 7.12202 96.45
      vertex -22.05 7 96.45
    endloop
  endfacet
  facet normal -0 0 1
    outer loop
      vertex -22.0713 26.7569 96.45
      vertex -22.0553 7.12202 96.45
      vertex -22.0553 26.878 96.45
    endloop
  endfacet
  facet normal 0 0 1
    outer loop
      vertex -22.0713 26.7569 96.45
      vertex -22.0713 7.24311 96.45
      vertex -22.0553 7.12202 96.45
    endloop
  endfacet
  facet normal -0 0 1
    outer loop
      vertex -22.0977 26.6377 96.45
      vertex -22.0713 7.24311 96.45
      vertex -22.0713 26.7569 96.45
    endloop
  endfacet
  facet normal 0 0 1
    outer loop
      vertex -22.0977 26.6377 96.45
      vertex -22.0977 7.36235 96.45
      vertex -22.0713 7.24311 96.45
    endloop
  endfacet
  facet normal -0 0 1
    outer loop
      vertex -22.1344 26.5212 96.45
      vertex -22.0977 7.36235 96.45
      vertex -22.0977 26.6377 96.45
    endloop
  endfacet
  facet normal 0 0 1
    outer loop
      vertex -22.1344 26.5212 96.45
      vertex -22.1344 7.47883 96.45
      vertex -22.0977 7.36235 96.45
    endloop
  endfacet
  facet normal -0 0 1
    outer loop
      vertex -22.1812 26.4083 96.45
      vertex -22.1344 7.47883 96.45
      vertex -22.1344 26.5212 96.45
    endloop
  endfacet
  facet normal 0 0 1
    outer loop
      vertex -22.1812 26.4083 96.45
      vertex -22.1812 7.59167 96.45
      vertex -22.1344 7.47883 96.45
    endloop
  endfacet
  facet normal -0 0 1
    outer loop
      vertex -22.2376 26.3 96.45
      vertex -22.1812 7.59167 96.45
      vertex -22.1812 26.4083 96.45
    endloop
  endfacet
  facet normal 0 0 1
    outer loop
      vertex -22.2376 26.3 96.45
      vertex -22.2376 7.7 96.45
      vertex -22.1812 7.59167 96.45
    endloop
  endfacet
  facet normal -0 0 1
    outer loop
      vertex -22.3032 26.197 96.45
      vertex -22.2376 7.7 96.45
      vertex -22.2376 26.3 96.45
    endloop
  endfacet
  facet normal 0 0 1
    outer loop
      vertex -22.3032 26.197 96.45
      vertex -22.3032 7.80301 96.45
      vertex -22.2376 7.7 96.45
    endloop
  endfacet
  facet normal -0 0 1
    outer loop
      vertex -22.3775 26.1001 96.45
      vertex -22.3032 7.80301 96.45
      vertex -22.3032 26.197 96.45
    endloop
  endfacet
  facet normal 0 0 1
    outer loop
      vertex -22.3775 26.1001 96.45
      vertex -22.3775 7.8999 96.45
      vertex -22.3032 7.80301 96.45
    endloop
  endfacet
  facet normal -0 0 1
    outer loop
      vertex -22.46 26.01 96.45
      vertex -22.3775 7.8999 96.45
      vertex -22.3775 26.1001 96.45
    endloop
  endfacet
  facet normal 0 0 1
    outer loop
      vertex -22.46 26.01 96.45
      vertex -22.46 7.98995 96.45
      vertex -22.3775 7.8999 96.45
    endloop
  endfacet
  facet normal -0 0 1
    outer loop
      vertex -22.5501 25.9275 96.45
      vertex -22.46 7.98995 96.45
      vertex -22.46 26.01 96.45
    endloop
  endfacet
  facet normal 0 0 1
    outer loop
      vertex -22.5501 25.9275 96.45
      vertex -22.5501 8.07246 96.45
      vertex -22.46 7.98995 96.45
    endloop
  endfacet
  facet normal -0 0 1
    outer loop
      vertex -22.647 25.8532 96.45
      vertex -22.5501 8.07246 96.45
      vertex -22.5501 25.9275 96.45
    endloop
  endfacet
  facet normal 0 0 1
    outer loop
      vertex -22.647 25.8532 96.45
      vertex -22.647 8.14681 96.45
      vertex -22.5501 8.07246 96.45
    endloop
  endfacet
  facet normal -0 0 1
    outer loop
      vertex -22.75 25.7876 96.45
      vertex -22.647 8.14681 96.45
      vertex -22.647 25.8532 96.45
    endloop
  endfacet
  facet normal 0 0 1
    outer loop
      vertex -22.75 25.7876 96.45
      vertex -22.75 8.21243 96.45
      vertex -22.647 8.14681 96.45
    endloop
  endfacet
  facet normal -0 0 1
    outer loop
      vertex -22.8583 25.7312 96.45
      vertex -22.75 8.21243 96.45
      vertex -22.75 25.7876 96.45
    endloop
  endfacet
  facet normal 0 0 1
    outer loop
      vertex -22.8583 25.7312 96.45
      vertex -22.8583 8.26883 96.45
      vertex -22.75 8.21243 96.45
    endloop
  endfacet
  facet normal -0 0 1
    outer loop
      vertex -22.9712 25.6844 96.45
      vertex -22.8583 8.26883 96.45
      vertex -22.8583 25.7312 96.45
    endloop
  endfacet
  facet normal 0 0 1
    outer loop
      vertex -22.9712 25.6844 96.45
      vertex -22.9712 8.31557 96.45
      vertex -22.8583 8.26883 96.45
    endloop
  endfacet
  facet normal -0 0 1
    outer loop
      vertex -23.0877 25.6477 96.45
      vertex -22.9712 8.31557 96.45
      vertex -22.9712 25.6844 96.45
    endloop
  endfacet
  facet normal 0 0 1
    outer loop
      vertex -23.0877 25.6477 96.45
      vertex -23.0877 8.3523 96.45
      vertex -22.9712 8.31557 96.45
    endloop
  endfacet
  facet normal -0 0 1
    outer loop
      vertex -23.2069 25.6213 96.45
      vertex -23.0877 8.3523 96.45
      vertex -23.0877 25.6477 96.45
    endloop
  endfacet
  facet normal 0 0 1
    outer loop
      vertex -23.2069 25.6213 96.45
      vertex -23.2069 8.37873 96.45
      vertex -23.0877 8.3523 96.45
    endloop
  endfacet
  facet normal -0 0 1
    outer loop
      vertex -23.328 25.6053 96.45
      vertex -23.2069 8.37873 96.45
      vertex -23.2069 25.6213 96.45
    endloop
  endfacet
  facet normal 0 0 1
    outer loop
      vertex -23.328 25.6053 96.45
      vertex -23.328 8.39467 96.45
      vertex -23.2069 8.37873 96.45
    endloop
  endfacet
  facet normal -0 0 1
    outer loop
      vertex -23.45 25.6 96.45
      vertex -23.328 8.39467 96.45
      vertex -23.328 25.6053 96.45
    endloop
  endfacet
  facet normal 0 0 1
    outer loop
      vertex -23.45 25.6 96.45
      vertex -23.45 8.4 96.45
      vertex -23.328 8.39467 96.45
    endloop
  endfacet
  facet normal 0 0 1
    outer loop
      vertex -23.572 25.6053 96.45
      vertex -23.45 8.4 96.45
      vertex -23.45 25.6 96.45
    endloop
  endfacet
  facet normal 0 0 1
    outer loop
      vertex -23.572 25.6053 96.45
      vertex -23.572 8.39467 96.45
      vertex -23.45 8.4 96.45
    endloop
  endfacet
  facet normal 0 0 1
    outer loop
      vertex -23.6931 25.6213 96.45
      vertex -23.572 8.39467 96.45
      vertex -23.572 25.6053 96.45
    endloop
  endfacet
  facet normal 0 0 1
    outer loop
      vertex -23.6931 25.6213 96.45
      vertex -23.6931 8.37873 96.45
      vertex -23.572 8.39467 96.45
    endloop
  endfacet
  facet normal 0 0 1
    outer loop
      vertex -23.8123 25.6477 96.45
      vertex -23.6931 8.37873 96.45
      vertex -23.6931 25.6213 96.45
    endloop
  endfacet
  facet normal 0 0 1
    outer loop
      vertex -23.8123 25.6477 96.45
      vertex -23.8123 8.3523 96.45
      vertex -23.6931 8.37873 96.45
    endloop
  endfacet
  facet normal 0 0 1
    outer loop
      vertex -23.9288 25.6844 96.45
      vertex -23.8123 8.3523 96.45
      vertex -23.8123 25.6477 96.45
    endloop
  endfacet
  facet normal 0 0 1
    outer loop
      vertex -23.9288 25.6844 96.45
      vertex -23.9288 8.31557 96.45
      vertex -23.8123 8.3523 96.45
    endloop
  endfacet
  facet normal 0 0 1
    outer loop
      vertex -24.0417 25.7312 96.45
      vertex -23.9288 8.31557 96.45
      vertex -23.9288 25.6844 96.45
    endloop
  endfacet
  facet normal 0 0 1
    outer loop
      vertex -24.0417 25.7312 96.45
      vertex -24.0417 8.26883 96.45
      vertex -23.9288 8.31557 96.45
    endloop
  endfacet
  facet normal 0 0 1
    outer loop
      vertex -24.15 25.7876 96.45
      vertex -24.0417 8.26883 96.45
      vertex -24.0417 25.7312 96.45
    endloop
  endfacet
  facet normal 0 0 1
    outer loop
      vertex -24.15 25.7876 96.45
      vertex -24.15 8.21243 96.45
      vertex -24.0417 8.26883 96.45
    endloop
  endfacet
  facet normal 0 0 1
    outer loop
      vertex -24.253 25.8532 96.45
      vertex -24.15 8.21243 96.45
      vertex -24.15 25.7876 96.45
    endloop
  endfacet
  facet normal 0 0 1
    outer loop
      vertex -24.253 25.8532 96.45
      vertex -24.253 8.14681 96.45
      vertex -24.15 8.21243 96.45
    endloop
  endfacet
  facet normal 0 0 1
    outer loop
      vertex -24.3499 25.9275 96.45
      vertex -24.253 8.14681 96.45
      vertex -24.253 25.8532 96.45
    endloop
  endfacet
  facet normal 0 0 1
    outer loop
      vertex -24.3499 25.9275 96.45
      vertex -24.3499 8.07246 96.45
      vertex -24.253 8.14681 96.45
    endloop
  endfacet
  facet normal 0 0 1
    outer loop
      vertex -24.4399 26.01 96.45
      vertex -24.3499 8.07246 96.45
      vertex -24.3499 25.9275 96.45
    endloop
  endfacet
  facet normal 0 0 1
    outer loop
      vertex -24.4399 26.01 96.45
      vertex -24.4399 7.98995 96.45
      vertex -24.3499 8.07246 96.45
    endloop
  endfacet
  facet normal 0 0 1
    outer loop
      vertex -24.5225 26.1001 96.45
      vertex -24.4399 7.98995 96.45
      vertex -24.4399 26.01 96.45
    endloop
  endfacet
  facet normal 0 0 1
    outer loop
      vertex -24.5225 26.1001 96.45
      vertex -24.5225 7.8999 96.45
      vertex -24.4399 7.98995 96.45
    endloop
  endfacet
  facet normal 0 0 1
    outer loop
      vertex -24.5968 26.197 96.45
      vertex -24.5225 7.8999 96.45
      vertex -24.5225 26.1001 96.45
    endloop
  endfacet
  facet normal 0 0 1
    outer loop
      vertex -24.5968 26.197 96.45
      vertex -24.5968 7.80301 96.45
      vertex -24.5225 7.8999 96.45
    endloop
  endfacet
  facet normal 0 0 1
    outer loop
      vertex -24.6624 26.3 96.45
      vertex -24.5968 7.80301 96.45
      vertex -24.5968 26.197 96.45
    endloop
  endfacet
  facet normal 0 0 1
    outer loop
      vertex -24.6624 26.3 96.45
      vertex -24.6624 7.7 96.45
      vertex -24.5968 7.80301 96.45
    endloop
  endfacet
  facet normal 0 0 1
    outer loop
      vertex -24.7188 26.4083 96.45
      vertex -24.6624 7.7 96.45
      vertex -24.6624 26.3 96.45
    endloop
  endfacet
  facet normal 0 0 1
    outer loop
      vertex -24.7188 26.4083 96.45
      vertex -24.7188 7.59167 96.45
      vertex -24.6624 7.7 96.45
    endloop
  endfacet
  facet normal 0 0 1
    outer loop
      vertex -24.7656 26.5212 96.45
      vertex -24.7188 7.59167 96.45
      vertex -24.7188 26.4083 96.45
    endloop
  endfacet
  facet normal 0 0 1
    outer loop
      vertex -24.7656 26.5212 96.45
      vertex -24.7656 7.47883 96.45
      vertex -24.7188 7.59167 96.45
    endloop
  endfacet
  facet normal 0 0 1
    outer loop
      vertex -24.8023 26.6377 96.45
      vertex -24.7656 7.47883 96.45
      vertex -24.7656 26.5212 96.45
    endloop
  endfacet
  facet normal 0 0 1
    outer loop
      vertex -24.8023 26.6377 96.45
      vertex -24.8023 7.36235 96.45
      vertex -24.7656 7.47883 96.45
    endloop
  endfacet
  facet normal 0 0 1
    outer loop
      vertex -24.8287 26.7569 96.45
      vertex -24.8023 7.36235 96.45
      vertex -24.8023 26.6377 96.45
    endloop
  endfacet
  facet normal 0 0 1
    outer loop
      vertex -24.8287 26.7569 96.45
      vertex -24.8287 7.24311 96.45
      vertex -24.8023 7.36235 96.45
    endloop
  endfacet
  facet normal 0 0 1
    outer loop
      vertex -24.8447 26.878 96.45
      vertex -24.8287 7.24311 96.45
      vertex -24.8287 26.7569 96.45
    endloop
  endfacet
  facet normal 0 0 1
    outer loop
      vertex -24.8447 26.878 96.45
      vertex -24.8447 7.12202 96.45
      vertex -24.8287 7.24311 96.45
    endloop
  endfacet
  facet normal 0 0 1
    outer loop
      vertex -25.45 34 96.45
      vertex -24.8447 26.878 96.45
      vertex -24.85 27 96.45
    endloop
  endfacet
  facet normal 0 0 1
    outer loop
      vertex -24.8447 26.878 96.45
      vertex -25.45 34 96.45
      vertex -24.8447 7.12202 96.45
    endloop
  endfacet
  facet normal 0 0 1
    outer loop
      vertex -22.0553 26.878 96.45
      vertex -21.45 34 96.45
      vertex -22.05 27 96.45
    endloop
  endfacet
  facet normal 0 0 1
    outer loop
      vertex -21.45 34 96.45
      vertex -22.0553 27.122 96.45
      vertex -22.05 27 96.45
    endloop
  endfacet
  facet normal 0 0 1
    outer loop
      vertex -21.45 34 96.45
      vertex -22.0713 27.2431 96.45
      vertex -22.0553 27.122 96.45
    endloop
  endfacet
  facet normal 0 0 1
    outer loop
      vertex -21.45 34 96.45
      vertex -22.0977 27.3623 96.45
      vertex -22.0713 27.2431 96.45
    endloop
  endfacet
  facet normal 0 0 1
    outer loop
      vertex -21.45 34 96.45
      vertex -22.1344 27.4788 96.45
      vertex -22.0977 27.3623 96.45
    endloop
  endfacet
  facet normal 0 0 1
    outer loop
      vertex -21.45 34 96.45
      vertex -22.1812 27.5917 96.45
      vertex -22.1344 27.4788 96.45
    endloop
  endfacet
  facet normal 0 0 1
    outer loop
      vertex -21.45 34 96.45
      vertex -22.2376 27.7 96.45
      vertex -22.1812 27.5917 96.45
    endloop
  endfacet
  facet normal 0 0 1
    outer loop
      vertex -21.45 34 96.45
      vertex -22.3032 27.803 96.45
      vertex -22.2376 27.7 96.45
    endloop
  endfacet
  facet normal 0 0 1
    outer loop
      vertex -21.45 34 96.45
      vertex -22.3775 27.8999 96.45
      vertex -22.3032 27.803 96.45
    endloop
  endfacet
  facet normal 0 0 1
    outer loop
      vertex -21.45 34 96.45
      vertex -22.46 27.9899 96.45
      vertex -22.3775 27.8999 96.45
    endloop
  endfacet
  facet normal 0 0 1
    outer loop
      vertex -21.45 34 96.45
      vertex -22.5501 28.0725 96.45
      vertex -22.46 27.9899 96.45
    endloop
  endfacet
  facet normal 0 0 1
    outer loop
      vertex -21.45 34 96.45
      vertex -22.647 28.1468 96.45
      vertex -22.5501 28.0725 96.45
    endloop
  endfacet
  facet normal 0 0 1
    outer loop
      vertex -21.45 34 96.45
      vertex -22.75 28.2124 96.45
      vertex -22.647 28.1468 96.45
    endloop
  endfacet
  facet normal 0 0 1
    outer loop
      vertex -21.45 34 96.45
      vertex -22.8583 28.2688 96.45
      vertex -22.75 28.2124 96.45
    endloop
  endfacet
  facet normal 0 0 1
    outer loop
      vertex -21.45 34 96.45
      vertex -22.9712 28.3156 96.45
      vertex -22.8583 28.2688 96.45
    endloop
  endfacet
  facet normal 0 0 1
    outer loop
      vertex -21.45 34 96.45
      vertex -23.0877 28.3523 96.45
      vertex -22.9712 28.3156 96.45
    endloop
  endfacet
  facet normal 0 0 1
    outer loop
      vertex -21.45 34 96.45
      vertex -23.2069 28.3787 96.45
      vertex -23.0877 28.3523 96.45
    endloop
  endfacet
  facet normal 0 0 1
    outer loop
      vertex -21.45 34 96.45
      vertex -23.328 28.3947 96.45
      vertex -23.2069 28.3787 96.45
    endloop
  endfacet
  facet normal 0 0 1
    outer loop
      vertex -21.45 34 96.45
      vertex -23.45 28.4 96.45
      vertex -23.328 28.3947 96.45
    endloop
  endfacet
  facet normal -0 0 1
    outer loop
      vertex -25.45 34 96.45
      vertex -23.45 28.4 96.45
      vertex -21.45 34 96.45
    endloop
  endfacet
  facet normal 0 0 1
    outer loop
      vertex -23.45 28.4 96.45
      vertex -25.45 34 96.45
      vertex -23.572 28.3947 96.45
    endloop
  endfacet
  facet normal 0 0 1
    outer loop
      vertex -23.572 28.3947 96.45
      vertex -25.45 34 96.45
      vertex -23.6931 28.3787 96.45
    endloop
  endfacet
  facet normal 0 0 1
    outer loop
      vertex -23.6931 28.3787 96.45
      vertex -25.45 34 96.45
      vertex -23.8123 28.3523 96.45
    endloop
  endfacet
  facet normal 0 0 1
    outer loop
      vertex -23.8123 28.3523 96.45
      vertex -25.45 34 96.45
      vertex -23.9288 28.3156 96.45
    endloop
  endfacet
  facet normal 0 0 1
    outer loop
      vertex -23.9288 28.3156 96.45
      vertex -25.45 34 96.45
      vertex -24.0417 28.2688 96.45
    endloop
  endfacet
  facet normal 0 0 1
    outer loop
      vertex -24.0417 28.2688 96.45
      vertex -25.45 34 96.45
      vertex -24.15 28.2124 96.45
    endloop
  endfacet
  facet normal 0 0 1
    outer loop
      vertex -24.15 28.2124 96.45
      vertex -25.45 34 96.45
      vertex -24.253 28.1468 96.45
    endloop
  endfacet
  facet normal 0 0 1
    outer loop
      vertex -24.253 28.1468 96.45
      vertex -25.45 34 96.45
      vertex -24.3499 28.0725 96.45
    endloop
  endfacet
  facet normal 0 0 1
    outer loop
      vertex -24.3499 28.0725 96.45
      vertex -25.45 34 96.45
      vertex -24.4399 27.9899 96.45
    endloop
  endfacet
  facet normal 0 0 1
    outer loop
      vertex -24.4399 27.9899 96.45
      vertex -25.45 34 96.45
      vertex -24.5225 27.8999 96.45
    endloop
  endfacet
  facet normal 0 0 1
    outer loop
      vertex -24.5225 27.8999 96.45
      vertex -25.45 34 96.45
      vertex -24.5968 27.803 96.45
    endloop
  endfacet
  facet normal 0 0 1
    outer loop
      vertex -24.5968 27.803 96.45
      vertex -25.45 34 96.45
      vertex -24.6624 27.7 96.45
    endloop
  endfacet
  facet normal 0 0 1
    outer loop
      vertex -25.45 0 96.45
      vertex -24.8447 7.12202 96.45
      vertex -25.45 34 96.45
    endloop
  endfacet
  facet normal 0 0 1
    outer loop
      vertex -24.8447 27.122 96.45
      vertex -25.45 34 96.45
      vertex -24.85 27 96.45
    endloop
  endfacet
  facet normal 0 0 1
    outer loop
      vertex -24.8287 27.2431 96.45
      vertex -25.45 34 96.45
      vertex -24.8447 27.122 96.45
    endloop
  endfacet
  facet normal 0 0 1
    outer loop
      vertex -24.8023 27.3623 96.45
      vertex -25.45 34 96.45
      vertex -24.8287 27.2431 96.45
    endloop
  endfacet
  facet normal 0 0 1
    outer loop
      vertex -24.7656 27.4788 96.45
      vertex -25.45 34 96.45
      vertex -24.8023 27.3623 96.45
    endloop
  endfacet
  facet normal 0 0 1
    outer loop
      vertex -24.7188 27.5917 96.45
      vertex -25.45 34 96.45
      vertex -24.7656 27.4788 96.45
    endloop
  endfacet
  facet normal 0 0 1
    outer loop
      vertex -24.6624 27.7 96.45
      vertex -25.45 34 96.45
      vertex -24.7188 27.5917 96.45
    endloop
  endfacet
  facet normal 0 0 1
    outer loop
      vertex -21.45 34 96.45
      vertex -22.0553 26.878 96.45
      vertex -21.45 0 96.45
    endloop
  endfacet
  facet normal -0 0 1
    outer loop
      vertex -22.0553 6.87798 96.45
      vertex -21.45 0 96.45
      vertex -22.05 7 96.45
    endloop
  endfacet
  facet normal -0 0 1
    outer loop
      vertex -22.0713 6.75689 96.45
      vertex -21.45 0 96.45
      vertex -22.0553 6.87798 96.45
    endloop
  endfacet
  facet normal -0 0 1
    outer loop
      vertex -22.0977 6.63765 96.45
      vertex -21.45 0 96.45
      vertex -22.0713 6.75689 96.45
    endloop
  endfacet
  facet normal -0 0 1
    outer loop
      vertex -22.1344 6.52117 96.45
      vertex -21.45 0 96.45
      vertex -22.0977 6.63765 96.45
    endloop
  endfacet
  facet normal -0 0 1
    outer loop
      vertex -22.1812 6.40833 96.45
      vertex -21.45 0 96.45
      vertex -22.1344 6.52117 96.45
    endloop
  endfacet
  facet normal -0 0 1
    outer loop
      vertex -22.2376 6.3 96.45
      vertex -21.45 0 96.45
      vertex -22.1812 6.40833 96.45
    endloop
  endfacet
  facet normal -0 0 1
    outer loop
      vertex -22.3032 6.19699 96.45
      vertex -21.45 0 96.45
      vertex -22.2376 6.3 96.45
    endloop
  endfacet
  facet normal -0 0 1
    outer loop
      vertex -22.3775 6.1001 96.45
      vertex -21.45 0 96.45
      vertex -22.3032 6.19699 96.45
    endloop
  endfacet
  facet normal -0 0 1
    outer loop
      vertex -22.46 6.01005 96.45
      vertex -21.45 0 96.45
      vertex -22.3775 6.1001 96.45
    endloop
  endfacet
  facet normal -0 0 1
    outer loop
      vertex -22.5501 5.92754 96.45
      vertex -21.45 0 96.45
      vertex -22.46 6.01005 96.45
    endloop
  endfacet
  facet normal -0 0 1
    outer loop
      vertex -22.647 5.85319 96.45
      vertex -21.45 0 96.45
      vertex -22.5501 5.92754 96.45
    endloop
  endfacet
  facet normal -0 0 1
    outer loop
      vertex -22.75 5.78756 96.45
      vertex -21.45 0 96.45
      vertex -22.647 5.85319 96.45
    endloop
  endfacet
  facet normal -0 0 1
    outer loop
      vertex -22.8583 5.73117 96.45
      vertex -21.45 0 96.45
      vertex -22.75 5.78756 96.45
    endloop
  endfacet
  facet normal -0 0 1
    outer loop
      vertex -22.9712 5.68443 96.45
      vertex -21.45 0 96.45
      vertex -22.8583 5.73117 96.45
    endloop
  endfacet
  facet normal -0 0 1
    outer loop
      vertex -23.0877 5.6477 96.45
      vertex -21.45 0 96.45
      vertex -22.9712 5.68443 96.45
    endloop
  endfacet
  facet normal -0 0 1
    outer loop
      vertex -23.2069 5.62127 96.45
      vertex -21.45 0 96.45
      vertex -23.0877 5.6477 96.45
    endloop
  endfacet
  facet normal -0 0 1
    outer loop
      vertex -23.328 5.60533 96.45
      vertex -21.45 0 96.45
      vertex -23.2069 5.62127 96.45
    endloop
  endfacet
  facet normal -0 0 1
    outer loop
      vertex -23.45 5.6 96.45
      vertex -21.45 0 96.45
      vertex -23.328 5.60533 96.45
    endloop
  endfacet
  facet normal 0 0 1
    outer loop
      vertex -25.45 0 96.45
      vertex -23.45 5.6 96.45
      vertex -23.572 5.60533 96.45
    endloop
  endfacet
  facet normal 0 0 1
    outer loop
      vertex -25.45 0 96.45
      vertex -23.572 5.60533 96.45
      vertex -23.6931 5.62127 96.45
    endloop
  endfacet
  facet normal 0 0 1
    outer loop
      vertex -25.45 0 96.45
      vertex -23.6931 5.62127 96.45
      vertex -23.8123 5.6477 96.45
    endloop
  endfacet
  facet normal 0 0 1
    outer loop
      vertex -25.45 0 96.45
      vertex -23.8123 5.6477 96.45
      vertex -23.9288 5.68443 96.45
    endloop
  endfacet
  facet normal 0 0 1
    outer loop
      vertex -25.45 0 96.45
      vertex -23.9288 5.68443 96.45
      vertex -24.0417 5.73117 96.45
    endloop
  endfacet
  facet normal 0 0 1
    outer loop
      vertex -25.45 0 96.45
      vertex -24.0417 5.73117 96.45
      vertex -24.15 5.78756 96.45
    endloop
  endfacet
  facet normal 0 0 1
    outer loop
      vertex -25.45 0 96.45
      vertex -24.15 5.78756 96.45
      vertex -24.253 5.85319 96.45
    endloop
  endfacet
  facet normal 0 0 1
    outer loop
      vertex -25.45 0 96.45
      vertex -24.253 5.85319 96.45
      vertex -24.3499 5.92754 96.45
    endloop
  endfacet
  facet normal 0 0 1
    outer loop
      vertex -25.45 0 96.45
      vertex -24.3499 5.92754 96.45
      vertex -24.4399 6.01005 96.45
    endloop
  endfacet
  facet normal 0 0 1
    outer loop
      vertex -25.45 0 96.45
      vertex -24.4399 6.01005 96.45
      vertex -24.5225 6.1001 96.45
    endloop
  endfacet
  facet normal 0 0 1
    outer loop
      vertex -25.45 0 96.45
      vertex -24.5225 6.1001 96.45
      vertex -24.5968 6.19699 96.45
    endloop
  endfacet
  facet normal 0 0 1
    outer loop
      vertex -25.45 0 96.45
      vertex -24.5968 6.19699 96.45
      vertex -24.6624 6.3 96.45
    endloop
  endfacet
  facet normal 0 0 1
    outer loop
      vertex -25.45 0 96.45
      vertex -24.6624 6.3 96.45
      vertex -24.7188 6.40833 96.45
    endloop
  endfacet
  facet normal 0 0 1
    outer loop
      vertex -23.45 5.6 96.45
      vertex -25.45 0 96.45
      vertex -21.45 0 96.45
    endloop
  endfacet
  facet normal 0 0 1
    outer loop
      vertex -24.7656 6.52117 96.45
      vertex -25.45 0 96.45
      vertex -24.7188 6.40833 96.45
    endloop
  endfacet
  facet normal 0 0 1
    outer loop
      vertex -24.8023 6.63765 96.45
      vertex -25.45 0 96.45
      vertex -24.7656 6.52117 96.45
    endloop
  endfacet
  facet normal 0 0 1
    outer loop
      vertex -24.8287 6.75689 96.45
      vertex -25.45 0 96.45
      vertex -24.8023 6.63765 96.45
    endloop
  endfacet
  facet normal 0 0 1
    outer loop
      vertex -24.8447 6.87798 96.45
      vertex -25.45 0 96.45
      vertex -24.8287 6.75689 96.45
    endloop
  endfacet
  facet normal 0 0 1
    outer loop
      vertex -24.85 7 96.45
      vertex -25.45 0 96.45
      vertex -24.8447 6.87798 96.45
    endloop
  endfacet
  facet normal 0 0 1
    outer loop
      vertex -24.8447 7.12202 96.45
      vertex -25.45 0 96.45
      vertex -24.85 7 96.45
    endloop
  endfacet
  facet normal -0 0 1
    outer loop
      vertex 24.8447 7.12202 96.45
      vertex 25.45 0 96.45
      vertex 24.8447 26.878 96.45
    endloop
  endfacet
  facet normal 0 0 1
    outer loop
      vertex 25.45 0 96.45
      vertex 24.8447 7.12202 96.45
      vertex 24.85 7 96.45
    endloop
  endfacet
  facet normal -0 0 1
    outer loop
      vertex 24.8287 26.7569 96.45
      vertex 24.8447 7.12202 96.45
      vertex 24.8447 26.878 96.45
    endloop
  endfacet
  facet normal 0 0 1
    outer loop
      vertex 24.8287 26.7569 96.45
      vertex 24.8287 7.24311 96.45
      vertex 24.8447 7.12202 96.45
    endloop
  endfacet
  facet normal -0 0 1
    outer loop
      vertex 24.8023 26.6377 96.45
      vertex 24.8287 7.24311 96.45
      vertex 24.8287 26.7569 96.45
    endloop
  endfacet
  facet normal 0 0 1
    outer loop
      vertex 24.8023 26.6377 96.45
      vertex 24.8023 7.36235 96.45
      vertex 24.8287 7.24311 96.45
    endloop
  endfacet
  facet normal -0 0 1
    outer loop
      vertex 24.7656 26.5212 96.45
      vertex 24.8023 7.36235 96.45
      vertex 24.8023 26.6377 96.45
    endloop
  endfacet
  facet normal 0 0 1
    outer loop
      vertex 24.7656 26.5212 96.45
      vertex 24.7656 7.47883 96.45
      vertex 24.8023 7.36235 96.45
    endloop
  endfacet
  facet normal -0 0 1
    outer loop
      vertex 24.7188 26.4083 96.45
      vertex 24.7656 7.47883 96.45
      vertex 24.7656 26.5212 96.45
    endloop
  endfacet
  facet normal 0 0 1
    outer loop
      vertex 24.7188 26.4083 96.45
      vertex 24.7188 7.59167 96.45
      vertex 24.7656 7.47883 96.45
    endloop
  endfacet
  facet normal -0 0 1
    outer loop
      vertex 24.6624 26.3 96.45
      vertex 24.7188 7.59167 96.45
      vertex 24.7188 26.4083 96.45
    endloop
  endfacet
  facet normal 0 0 1
    outer loop
      vertex 24.6624 26.3 96.45
      vertex 24.6624 7.7 96.45
      vertex 24.7188 7.59167 96.45
    endloop
  endfacet
  facet normal -0 0 1
    outer loop
      vertex 24.5968 26.197 96.45
      vertex 24.6624 7.7 96.45
      vertex 24.6624 26.3 96.45
    endloop
  endfacet
  facet normal 0 0 1
    outer loop
      vertex 24.5968 26.197 96.45
      vertex 24.5968 7.80301 96.45
      vertex 24.6624 7.7 96.45
    endloop
  endfacet
  facet normal -0 0 1
    outer loop
      vertex 24.5225 26.1001 96.45
      vertex 24.5968 7.80301 96.45
      vertex 24.5968 26.197 96.45
    endloop
  endfacet
  facet normal 0 0 1
    outer loop
      vertex 24.5225 26.1001 96.45
      vertex 24.5225 7.8999 96.45
      vertex 24.5968 7.80301 96.45
    endloop
  endfacet
  facet normal -0 0 1
    outer loop
      vertex 24.4399 26.01 96.45
      vertex 24.5225 7.8999 96.45
      vertex 24.5225 26.1001 96.45
    endloop
  endfacet
  facet normal 0 0 1
    outer loop
      vertex 24.4399 26.01 96.45
      vertex 24.4399 7.98995 96.45
      vertex 24.5225 7.8999 96.45
    endloop
  endfacet
  facet normal -0 0 1
    outer loop
      vertex 24.3499 25.9275 96.45
      vertex 24.4399 7.98995 96.45
      vertex 24.4399 26.01 96.45
    endloop
  endfacet
  facet normal 0 0 1
    outer loop
      vertex 24.3499 25.9275 96.45
      vertex 24.3499 8.07246 96.45
      vertex 24.4399 7.98995 96.45
    endloop
  endfacet
  facet normal -0 0 1
    outer loop
      vertex 24.253 25.8532 96.45
      vertex 24.3499 8.07246 96.45
      vertex 24.3499 25.9275 96.45
    endloop
  endfacet
  facet normal 0 0 1
    outer loop
      vertex 24.253 25.8532 96.45
      vertex 24.253 8.14681 96.45
      vertex 24.3499 8.07246 96.45
    endloop
  endfacet
  facet normal -0 0 1
    outer loop
      vertex 24.15 25.7876 96.45
      vertex 24.253 8.14681 96.45
      vertex 24.253 25.8532 96.45
    endloop
  endfacet
  facet normal 0 0 1
    outer loop
      vertex 24.15 25.7876 96.45
      vertex 24.15 8.21243 96.45
      vertex 24.253 8.14681 96.45
    endloop
  endfacet
  facet normal -0 0 1
    outer loop
      vertex 24.0417 25.7312 96.45
      vertex 24.15 8.21243 96.45
      vertex 24.15 25.7876 96.45
    endloop
  endfacet
  facet normal 0 0 1
    outer loop
      vertex 24.0417 25.7312 96.45
      vertex 24.0417 8.26883 96.45
      vertex 24.15 8.21243 96.45
    endloop
  endfacet
  facet normal -0 0 1
    outer loop
      vertex 23.9288 25.6844 96.45
      vertex 24.0417 8.26883 96.45
      vertex 24.0417 25.7312 96.45
    endloop
  endfacet
  facet normal 0 0 1
    outer loop
      vertex 23.9288 25.6844 96.45
      vertex 23.9288 8.31557 96.45
      vertex 24.0417 8.26883 96.45
    endloop
  endfacet
  facet normal -0 0 1
    outer loop
      vertex 23.8123 25.6477 96.45
      vertex 23.9288 8.31557 96.45
      vertex 23.9288 25.6844 96.45
    endloop
  endfacet
  facet normal 0 0 1
    outer loop
      vertex 23.8123 25.6477 96.45
      vertex 23.8123 8.3523 96.45
      vertex 23.9288 8.31557 96.45
    endloop
  endfacet
  facet normal -0 0 1
    outer loop
      vertex 23.6931 25.6213 96.45
      vertex 23.8123 8.3523 96.45
      vertex 23.8123 25.6477 96.45
    endloop
  endfacet
  facet normal 0 0 1
    outer loop
      vertex 23.6931 25.6213 96.45
      vertex 23.6931 8.37873 96.45
      vertex 23.8123 8.3523 96.45
    endloop
  endfacet
  facet normal -0 0 1
    outer loop
      vertex 23.572 25.6053 96.45
      vertex 23.6931 8.37873 96.45
      vertex 23.6931 25.6213 96.45
    endloop
  endfacet
  facet normal 0 0 1
    outer loop
      vertex 23.572 25.6053 96.45
      vertex 23.572 8.39467 96.45
      vertex 23.6931 8.37873 96.45
    endloop
  endfacet
  facet normal -0 0 1
    outer loop
      vertex 23.45 25.6 96.45
      vertex 23.572 8.39467 96.45
      vertex 23.572 25.6053 96.45
    endloop
  endfacet
  facet normal 0 0 1
    outer loop
      vertex 23.45 25.6 96.45
      vertex 23.45 8.4 96.45
      vertex 23.572 8.39467 96.45
    endloop
  endfacet
  facet normal 0 0 1
    outer loop
      vertex 23.328 25.6053 96.45
      vertex 23.45 8.4 96.45
      vertex 23.45 25.6 96.45
    endloop
  endfacet
  facet normal 0 0 1
    outer loop
      vertex 23.328 25.6053 96.45
      vertex 23.328 8.39467 96.45
      vertex 23.45 8.4 96.45
    endloop
  endfacet
  facet normal 0 0 1
    outer loop
      vertex 23.2069 25.6213 96.45
      vertex 23.328 8.39467 96.45
      vertex 23.328 25.6053 96.45
    endloop
  endfacet
  facet normal 0 0 1
    outer loop
      vertex 23.2069 25.6213 96.45
      vertex 23.2069 8.37873 96.45
      vertex 23.328 8.39467 96.45
    endloop
  endfacet
  facet normal 0 0 1
    outer loop
      vertex 23.0877 25.6477 96.45
      vertex 23.2069 8.37873 96.45
      vertex 23.2069 25.6213 96.45
    endloop
  endfacet
  facet normal 0 0 1
    outer loop
      vertex 23.0877 25.6477 96.45
      vertex 23.0877 8.3523 96.45
      vertex 23.2069 8.37873 96.45
    endloop
  endfacet
  facet normal 0 0 1
    outer loop
      vertex 22.9712 25.6844 96.45
      vertex 23.0877 8.3523 96.45
      vertex 23.0877 25.6477 96.45
    endloop
  endfacet
  facet normal 0 0 1
    outer loop
      vertex 22.9712 25.6844 96.45
      vertex 22.9712 8.31557 96.45
      vertex 23.0877 8.3523 96.45
    endloop
  endfacet
  facet normal 0 0 1
    outer loop
      vertex 22.8583 25.7312 96.45
      vertex 22.9712 8.31557 96.45
      vertex 22.9712 25.6844 96.45
    endloop
  endfacet
  facet normal 0 0 1
    outer loop
      vertex 22.8583 25.7312 96.45
      vertex 22.8583 8.26883 96.45
      vertex 22.9712 8.31557 96.45
    endloop
  endfacet
  facet normal 0 0 1
    outer loop
      vertex 22.75 25.7876 96.45
      vertex 22.8583 8.26883 96.45
      vertex 22.8583 25.7312 96.45
    endloop
  endfacet
  facet normal 0 0 1
    outer loop
      vertex 22.75 25.7876 96.45
      vertex 22.75 8.21243 96.45
      vertex 22.8583 8.26883 96.45
    endloop
  endfacet
  facet normal 0 0 1
    outer loop
      vertex 22.647 25.8532 96.45
      vertex 22.75 8.21243 96.45
      vertex 22.75 25.7876 96.45
    endloop
  endfacet
  facet normal 0 0 1
    outer loop
      vertex 22.647 25.8532 96.45
      vertex 22.647 8.14681 96.45
      vertex 22.75 8.21243 96.45
    endloop
  endfacet
  facet normal 0 0 1
    outer loop
      vertex 22.5501 25.9275 96.45
      vertex 22.647 8.14681 96.45
      vertex 22.647 25.8532 96.45
    endloop
  endfacet
  facet normal 0 0 1
    outer loop
      vertex 22.5501 25.9275 96.45
      vertex 22.5501 8.07246 96.45
      vertex 22.647 8.14681 96.45
    endloop
  endfacet
  facet normal 0 0 1
    outer loop
      vertex 22.46 26.01 96.45
      vertex 22.5501 8.07246 96.45
      vertex 22.5501 25.9275 96.45
    endloop
  endfacet
  facet normal 0 0 1
    outer loop
      vertex 22.46 26.01 96.45
      vertex 22.46 7.98995 96.45
      vertex 22.5501 8.07246 96.45
    endloop
  endfacet
  facet normal 0 0 1
    outer loop
      vertex 22.3775 26.1001 96.45
      vertex 22.46 7.98995 96.45
      vertex 22.46 26.01 96.45
    endloop
  endfacet
  facet normal 0 0 1
    outer loop
      vertex 22.3775 26.1001 96.45
      vertex 22.3775 7.8999 96.45
      vertex 22.46 7.98995 96.45
    endloop
  endfacet
  facet normal 0 0 1
    outer loop
      vertex 22.3032 26.197 96.45
      vertex 22.3775 7.8999 96.45
      vertex 22.3775 26.1001 96.45
    endloop
  endfacet
  facet normal 0 0 1
    outer loop
      vertex 22.3032 26.197 96.45
      vertex 22.3032 7.80301 96.45
      vertex 22.3775 7.8999 96.45
    endloop
  endfacet
  facet normal 0 0 1
    outer loop
      vertex 22.2376 26.3 96.45
      vertex 22.3032 7.80301 96.45
      vertex 22.3032 26.197 96.45
    endloop
  endfacet
  facet normal 0 0 1
    outer loop
      vertex 22.2376 26.3 96.45
      vertex 22.2376 7.7 96.45
      vertex 22.3032 7.80301 96.45
    endloop
  endfacet
  facet normal 0 0 1
    outer loop
      vertex 22.1812 26.4083 96.45
      vertex 22.2376 7.7 96.45
      vertex 22.2376 26.3 96.45
    endloop
  endfacet
  facet normal 0 0 1
    outer loop
      vertex 22.1812 26.4083 96.45
      vertex 22.1812 7.59167 96.45
      vertex 22.2376 7.7 96.45
    endloop
  endfacet
  facet normal 0 0 1
    outer loop
      vertex 22.1344 26.5212 96.45
      vertex 22.1812 7.59167 96.45
      vertex 22.1812 26.4083 96.45
    endloop
  endfacet
  facet normal 0 0 1
    outer loop
      vertex 22.1344 26.5212 96.45
      vertex 22.1344 7.47883 96.45
      vertex 22.1812 7.59167 96.45
    endloop
  endfacet
  facet normal 0 0 1
    outer loop
      vertex 22.0977 26.6377 96.45
      vertex 22.1344 7.47883 96.45
      vertex 22.1344 26.5212 96.45
    endloop
  endfacet
  facet normal 0 0 1
    outer loop
      vertex 22.0977 26.6377 96.45
      vertex 22.0977 7.36235 96.45
      vertex 22.1344 7.47883 96.45
    endloop
  endfacet
  facet normal 0 0 1
    outer loop
      vertex 22.0713 26.7569 96.45
      vertex 22.0977 7.36235 96.45
      vertex 22.0977 26.6377 96.45
    endloop
  endfacet
  facet normal 0 0 1
    outer loop
      vertex 22.0713 26.7569 96.45
      vertex 22.0713 7.24311 96.45
      vertex 22.0977 7.36235 96.45
    endloop
  endfacet
  facet normal 0 0 1
    outer loop
      vertex 22.0553 26.878 96.45
      vertex 22.0713 7.24311 96.45
      vertex 22.0713 26.7569 96.45
    endloop
  endfacet
  facet normal 0 0 1
    outer loop
      vertex 22.0553 26.878 96.45
      vertex 22.0553 7.12202 96.45
      vertex 22.0713 7.24311 96.45
    endloop
  endfacet
  facet normal 0 0 1
    outer loop
      vertex 21.45 34 96.45
      vertex 22.0553 26.878 96.45
      vertex 22.05 27 96.45
    endloop
  endfacet
  facet normal 0 0 1
    outer loop
      vertex 22.0553 26.878 96.45
      vertex 21.45 34 96.45
      vertex 22.0553 7.12202 96.45
    endloop
  endfacet
  facet normal 0 0 1
    outer loop
      vertex 24.8447 26.878 96.45
      vertex 25.45 34 96.45
      vertex 24.85 27 96.45
    endloop
  endfacet
  facet normal 0 0 1
    outer loop
      vertex 25.45 34 96.45
      vertex 24.8447 27.122 96.45
      vertex 24.85 27 96.45
    endloop
  endfacet
  facet normal 0 0 1
    outer loop
      vertex 25.45 34 96.45
      vertex 24.8287 27.2431 96.45
      vertex 24.8447 27.122 96.45
    endloop
  endfacet
  facet normal 0 0 1
    outer loop
      vertex 25.45 34 96.45
      vertex 24.8023 27.3623 96.45
      vertex 24.8287 27.2431 96.45
    endloop
  endfacet
  facet normal 0 0 1
    outer loop
      vertex 25.45 34 96.45
      vertex 24.7656 27.4788 96.45
      vertex 24.8023 27.3623 96.45
    endloop
  endfacet
  facet normal 0 0 1
    outer loop
      vertex 25.45 34 96.45
      vertex 24.7188 27.5917 96.45
      vertex 24.7656 27.4788 96.45
    endloop
  endfacet
  facet normal 0 0 1
    outer loop
      vertex 25.45 34 96.45
      vertex 24.6624 27.7 96.45
      vertex 24.7188 27.5917 96.45
    endloop
  endfacet
  facet normal 0 0 1
    outer loop
      vertex 25.45 34 96.45
      vertex 24.5968 27.803 96.45
      vertex 24.6624 27.7 96.45
    endloop
  endfacet
  facet normal 0 0 1
    outer loop
      vertex 25.45 34 96.45
      vertex 24.5225 27.8999 96.45
      vertex 24.5968 27.803 96.45
    endloop
  endfacet
  facet normal 0 0 1
    outer loop
      vertex 25.45 34 96.45
      vertex 24.4399 27.9899 96.45
      vertex 24.5225 27.8999 96.45
    endloop
  endfacet
  facet normal 0 0 1
    outer loop
      vertex 25.45 34 96.45
      vertex 24.3499 28.0725 96.45
      vertex 24.4399 27.9899 96.45
    endloop
  endfacet
  facet normal 0 0 1
    outer loop
      vertex 25.45 34 96.45
      vertex 24.253 28.1468 96.45
      vertex 24.3499 28.0725 96.45
    endloop
  endfacet
  facet normal 0 0 1
    outer loop
      vertex 25.45 34 96.45
      vertex 24.15 28.2124 96.45
      vertex 24.253 28.1468 96.45
    endloop
  endfacet
  facet normal 0 0 1
    outer loop
      vertex 25.45 34 96.45
      vertex 24.0417 28.2688 96.45
      vertex 24.15 28.2124 96.45
    endloop
  endfacet
  facet normal 0 0 1
    outer loop
      vertex 25.45 34 96.45
      vertex 23.9288 28.3156 96.45
      vertex 24.0417 28.2688 96.45
    endloop
  endfacet
  facet normal 0 0 1
    outer loop
      vertex 25.45 34 96.45
      vertex 23.8123 28.3523 96.45
      vertex 23.9288 28.3156 96.45
    endloop
  endfacet
  facet normal 0 0 1
    outer loop
      vertex 25.45 34 96.45
      vertex 23.6931 28.3787 96.45
      vertex 23.8123 28.3523 96.45
    endloop
  endfacet
  facet normal 0 0 1
    outer loop
      vertex 25.45 34 96.45
      vertex 23.572 28.3947 96.45
      vertex 23.6931 28.3787 96.45
    endloop
  endfacet
  facet normal 0 0 1
    outer loop
      vertex 25.45 34 96.45
      vertex 23.45 28.4 96.45
      vertex 23.572 28.3947 96.45
    endloop
  endfacet
  facet normal -0 0 1
    outer loop
      vertex 21.45 34 96.45
      vertex 23.45 28.4 96.45
      vertex 25.45 34 96.45
    endloop
  endfacet
  facet normal 0 0 1
    outer loop
      vertex 23.45 28.4 96.45
      vertex 21.45 34 96.45
      vertex 23.328 28.3947 96.45
    endloop
  endfacet
  facet normal 0 0 1
    outer loop
      vertex 23.328 28.3947 96.45
      vertex 21.45 34 96.45
      vertex 23.2069 28.3787 96.45
    endloop
  endfacet
  facet normal 0 0 1
    outer loop
      vertex 23.2069 28.3787 96.45
      vertex 21.45 34 96.45
      vertex 23.0877 28.3523 96.45
    endloop
  endfacet
  facet normal 0 0 1
    outer loop
      vertex 23.0877 28.3523 96.45
      vertex 21.45 34 96.45
      vertex 22.9712 28.3156 96.45
    endloop
  endfacet
  facet normal 0 0 1
    outer loop
      vertex 22.9712 28.3156 96.45
      vertex 21.45 34 96.45
      vertex 22.8583 28.2688 96.45
    endloop
  endfacet
  facet normal 0 0 1
    outer loop
      vertex 22.8583 28.2688 96.45
      vertex 21.45 34 96.45
      vertex 22.75 28.2124 96.45
    endloop
  endfacet
  facet normal 0 0 1
    outer loop
      vertex 22.75 28.2124 96.45
      vertex 21.45 34 96.45
      vertex 22.647 28.1468 96.45
    endloop
  endfacet
  facet normal 0 0 1
    outer loop
      vertex 22.647 28.1468 96.45
      vertex 21.45 34 96.45
      vertex 22.5501 28.0725 96.45
    endloop
  endfacet
  facet normal 0 0 1
    outer loop
      vertex 22.5501 28.0725 96.45
      vertex 21.45 34 96.45
      vertex 22.46 27.9899 96.45
    endloop
  endfacet
  facet normal 0 0 1
    outer loop
      vertex 22.46 27.9899 96.45
      vertex 21.45 34 96.45
      vertex 22.3775 27.8999 96.45
    endloop
  endfacet
  facet normal 0 0 1
    outer loop
      vertex 22.3775 27.8999 96.45
      vertex 21.45 34 96.45
      vertex 22.3032 27.803 96.45
    endloop
  endfacet
  facet normal 0 0 1
    outer loop
      vertex 22.3032 27.803 96.45
      vertex 21.45 34 96.45
      vertex 22.2376 27.7 96.45
    endloop
  endfacet
  facet normal 0 0 1
    outer loop
      vertex 21.45 0 96.45
      vertex 22.0553 7.12202 96.45
      vertex 21.45 34 96.45
    endloop
  endfacet
  facet normal 0 0 1
    outer loop
      vertex 22.0553 27.122 96.45
      vertex 21.45 34 96.45
      vertex 22.05 27 96.45
    endloop
  endfacet
  facet normal 0 0 1
    outer loop
      vertex 22.0713 27.2431 96.45
      vertex 21.45 34 96.45
      vertex 22.0553 27.122 96.45
    endloop
  endfacet
  facet normal 0 0 1
    outer loop
      vertex 22.0977 27.3623 96.45
      vertex 21.45 34 96.45
      vertex 22.0713 27.2431 96.45
    endloop
  endfacet
  facet normal 0 0 1
    outer loop
      vertex 22.1344 27.4788 96.45
      vertex 21.45 34 96.45
      vertex 22.0977 27.3623 96.45
    endloop
  endfacet
  facet normal 0 0 1
    outer loop
      vertex 22.1812 27.5917 96.45
      vertex 21.45 34 96.45
      vertex 22.1344 27.4788 96.45
    endloop
  endfacet
  facet normal 0 0 1
    outer loop
      vertex 22.2376 27.7 96.45
      vertex 21.45 34 96.45
      vertex 22.1812 27.5917 96.45
    endloop
  endfacet
  facet normal 0 0 1
    outer loop
      vertex 25.45 34 96.45
      vertex 24.8447 26.878 96.45
      vertex 25.45 0 96.45
    endloop
  endfacet
  facet normal -0 0 1
    outer loop
      vertex 24.8447 6.87798 96.45
      vertex 25.45 0 96.45
      vertex 24.85 7 96.45
    endloop
  endfacet
  facet normal -0 0 1
    outer loop
      vertex 24.8287 6.75689 96.45
      vertex 25.45 0 96.45
      vertex 24.8447 6.87798 96.45
    endloop
  endfacet
  facet normal -0 0 1
    outer loop
      vertex 24.8023 6.63765 96.45
      vertex 25.45 0 96.45
      vertex 24.8287 6.75689 96.45
    endloop
  endfacet
  facet normal -0 0 1
    outer loop
      vertex 24.7656 6.52117 96.45
      vertex 25.45 0 96.45
      vertex 24.8023 6.63765 96.45
    endloop
  endfacet
  facet normal -0 0 1
    outer loop
      vertex 24.7188 6.40833 96.45
      vertex 25.45 0 96.45
      vertex 24.7656 6.52117 96.45
    endloop
  endfacet
  facet normal -0 0 1
    outer loop
      vertex 24.6624 6.3 96.45
      vertex 25.45 0 96.45
      vertex 24.7188 6.40833 96.45
    endloop
  endfacet
  facet normal -0 0 1
    outer loop
      vertex 24.5968 6.19699 96.45
      vertex 25.45 0 96.45
      vertex 24.6624 6.3 96.45
    endloop
  endfacet
  facet normal -0 0 1
    outer loop
      vertex 24.5225 6.1001 96.45
      vertex 25.45 0 96.45
      vertex 24.5968 6.19699 96.45
    endloop
  endfacet
  facet normal -0 0 1
    outer loop
      vertex 24.4399 6.01005 96.45
      vertex 25.45 0 96.45
      vertex 24.5225 6.1001 96.45
    endloop
  endfacet
  facet normal -0 0 1
    outer loop
      vertex 24.3499 5.92754 96.45
      vertex 25.45 0 96.45
      vertex 24.4399 6.01005 96.45
    endloop
  endfacet
  facet normal -0 0 1
    outer loop
      vertex 24.253 5.85319 96.45
      vertex 25.45 0 96.45
      vertex 24.3499 5.92754 96.45
    endloop
  endfacet
  facet normal -0 0 1
    outer loop
      vertex 24.15 5.78756 96.45
      vertex 25.45 0 96.45
      vertex 24.253 5.85319 96.45
    endloop
  endfacet
  facet normal -0 0 1
    outer loop
      vertex 24.0417 5.73117 96.45
      vertex 25.45 0 96.45
      vertex 24.15 5.78756 96.45
    endloop
  endfacet
  facet normal -0 0 1
    outer loop
      vertex 23.9288 5.68443 96.45
      vertex 25.45 0 96.45
      vertex 24.0417 5.73117 96.45
    endloop
  endfacet
  facet normal -0 0 1
    outer loop
      vertex 23.8123 5.6477 96.45
      vertex 25.45 0 96.45
      vertex 23.9288 5.68443 96.45
    endloop
  endfacet
  facet normal -0 0 1
    outer loop
      vertex 23.6931 5.62127 96.45
      vertex 25.45 0 96.45
      vertex 23.8123 5.6477 96.45
    endloop
  endfacet
  facet normal -0 0 1
    outer loop
      vertex 23.572 5.60533 96.45
      vertex 25.45 0 96.45
      vertex 23.6931 5.62127 96.45
    endloop
  endfacet
  facet normal -0 0 1
    outer loop
      vertex 23.45 5.6 96.45
      vertex 25.45 0 96.45
      vertex 23.572 5.60533 96.45
    endloop
  endfacet
  facet normal 0 0 1
    outer loop
      vertex 21.45 0 96.45
      vertex 23.45 5.6 96.45
      vertex 23.328 5.60533 96.45
    endloop
  endfacet
  facet normal 0 0 1
    outer loop
      vertex 21.45 0 96.45
      vertex 23.328 5.60533 96.45
      vertex 23.2069 5.62127 96.45
    endloop
  endfacet
  facet normal 0 0 1
    outer loop
      vertex 21.45 0 96.45
      vertex 23.2069 5.62127 96.45
      vertex 23.0877 5.6477 96.45
    endloop
  endfacet
  facet normal 0 0 1
    outer loop
      vertex 21.45 0 96.45
      vertex 23.0877 5.6477 96.45
      vertex 22.9712 5.68443 96.45
    endloop
  endfacet
  facet normal 0 0 1
    outer loop
      vertex 21.45 0 96.45
      vertex 22.9712 5.68443 96.45
      vertex 22.8583 5.73117 96.45
    endloop
  endfacet
  facet normal 0 0 1
    outer loop
      vertex 21.45 0 96.45
      vertex 22.8583 5.73117 96.45
      vertex 22.75 5.78756 96.45
    endloop
  endfacet
  facet normal 0 0 1
    outer loop
      vertex 21.45 0 96.45
      vertex 22.75 5.78756 96.45
      vertex 22.647 5.85319 96.45
    endloop
  endfacet
  facet normal 0 0 1
    outer loop
      vertex 21.45 0 96.45
      vertex 22.647 5.85319 96.45
      vertex 22.5501 5.92754 96.45
    endloop
  endfacet
  facet normal 0 0 1
    outer loop
      vertex 21.45 0 96.45
      vertex 22.5501 5.92754 96.45
      vertex 22.46 6.01005 96.45
    endloop
  endfacet
  facet normal 0 0 1
    outer loop
      vertex 21.45 0 96.45
      vertex 22.46 6.01005 96.45
      vertex 22.3775 6.1001 96.45
    endloop
  endfacet
  facet normal 0 0 1
    outer loop
      vertex 21.45 0 96.45
      vertex 22.3775 6.1001 96.45
      vertex 22.3032 6.19699 96.45
    endloop
  endfacet
  facet normal 0 0 1
    outer loop
      vertex 21.45 0 96.45
      vertex 22.3032 6.19699 96.45
      vertex 22.2376 6.3 96.45
    endloop
  endfacet
  facet normal 0 0 1
    outer loop
      vertex 21.45 0 96.45
      vertex 22.2376 6.3 96.45
      vertex 22.1812 6.40833 96.45
    endloop
  endfacet
  facet normal 0 0 1
    outer loop
      vertex 23.45 5.6 96.45
      vertex 21.45 0 96.45
      vertex 25.45 0 96.45
    endloop
  endfacet
  facet normal 0 0 1
    outer loop
      vertex 22.1344 6.52117 96.45
      vertex 21.45 0 96.45
      vertex 22.1812 6.40833 96.45
    endloop
  endfacet
  facet normal 0 0 1
    outer loop
      vertex 22.0977 6.63765 96.45
      vertex 21.45 0 96.45
      vertex 22.1344 6.52117 96.45
    endloop
  endfacet
  facet normal 0 0 1
    outer loop
      vertex 22.0713 6.75689 96.45
      vertex 21.45 0 96.45
      vertex 22.0977 6.63765 96.45
    endloop
  endfacet
  facet normal 0 0 1
    outer loop
      vertex 22.0553 6.87798 96.45
      vertex 21.45 0 96.45
      vertex 22.0713 6.75689 96.45
    endloop
  endfacet
  facet normal 0 0 1
    outer loop
      vertex 22.05 7 96.45
      vertex 21.45 0 96.45
      vertex 22.0553 6.87798 96.45
    endloop
  endfacet
  facet normal 0 0 1
    outer loop
      vertex 22.0553 7.12202 96.45
      vertex 21.45 0 96.45
      vertex 22.05 7 96.45
    endloop
  endfacet
  facet normal -1 0 0
    outer loop
      vertex -25.45 0 5
      vertex -25.45 34 96.45
      vertex -25.45 34 5
    endloop
  endfacet
  facet normal -1 -0 0
    outer loop
      vertex -25.45 34 96.45
      vertex -25.45 0 5
      vertex -25.45 0 96.45
    endloop
  endfacet
  facet normal -0.991459 -0.130422 0
    outer loop
      vertex -34.7586 8.1961 0
      vertex -34.7842 8.39071 5
      vertex -34.7842 8.39071 0
    endloop
  endfacet
  facet normal -0.991459 -0.130422 0
    outer loop
      vertex -34.7842 8.39071 5
      vertex -34.7586 8.1961 0
      vertex -34.7586 8.1961 5
    endloop
  endfacet
  facet normal -0.99904 -0.0438131 0
    outer loop
      vertex -34.75 8 0
      vertex -34.7586 8.1961 5
      vertex -34.7586 8.1961 0
    endloop
  endfacet
  facet normal -0.99904 -0.0438131 0
    outer loop
      vertex -34.7586 8.1961 5
      vertex -34.75 8 0
      vertex -34.75 8 5
    endloop
  endfacet
  facet normal -0.976278 -0.21652 0
    outer loop
      vertex -34.7842 8.39071 0
      vertex -34.8267 8.58234 5
      vertex -34.8267 8.58234 0
    endloop
  endfacet
  facet normal -0.976278 -0.21652 0
    outer loop
      vertex -34.8267 8.58234 5
      vertex -34.7842 8.39071 0
      vertex -34.7842 8.39071 5
    endloop
  endfacet
  facet normal 0.0438131 -0.99904 0
    outer loop
      vertex -37.1961 10.2414 0
      vertex -37 10.25 5
      vertex -37.1961 10.2414 5
    endloop
  endfacet
  facet normal 0.0438131 -0.99904 0
    outer loop
      vertex -37 10.25 5
      vertex -37.1961 10.2414 0
      vertex -37 10.25 0
    endloop
  endfacet
  facet normal 0.0436097 0.999049 -0
    outer loop
      vertex -37 5.75 0
      vertex -37.1961 5.75856 5
      vertex -37 5.75 5
    endloop
  endfacet
  facet normal 0.0436097 0.999049 0
    outer loop
      vertex -37.1961 5.75856 5
      vertex -37 5.75 0
      vertex -37.1961 5.75856 0
    endloop
  endfacet
  facet normal 0.382517 -0.923949 0
    outer loop
      vertex -37.9509 10.0392 0
      vertex -37.7695 10.1143 5
      vertex -37.9509 10.0392 5
    endloop
  endfacet
  facet normal 0.382517 -0.923949 0
    outer loop
      vertex -37.7695 10.1143 5
      vertex -37.9509 10.0392 0
      vertex -37.7695 10.1143 0
    endloop
  endfacet
  facet normal 0.887086 -0.461605 0
    outer loop
      vertex -39.0392 8.95089 5
      vertex -38.9486 9.125 0
      vertex -38.9486 9.125 5
    endloop
  endfacet
  facet normal 0.887086 -0.461605 0
    outer loop
      vertex -38.9486 9.125 0
      vertex -39.0392 8.95089 5
      vertex -39.0392 8.95089 0
    endloop
  endfacet
  facet normal 0.793324 0.608799 0
    outer loop
      vertex -38.7236 6.55373 5
      vertex -38.8431 6.70945 0
      vertex -38.8431 6.70945 5
    endloop
  endfacet
  facet normal 0.793324 0.608799 0
    outer loop
      vertex -38.8431 6.70945 0
      vertex -38.7236 6.55373 5
      vertex -38.7236 6.55373 0
    endloop
  endfacet
  facet normal -0.300688 0.953723 0
    outer loop
      vertex -36.2305 5.88569 0
      vertex -36.4177 5.82667 5
      vertex -36.2305 5.88569 5
    endloop
  endfacet
  facet normal -0.300688 0.953723 0
    outer loop
      vertex -36.4177 5.82667 5
      vertex -36.2305 5.88569 0
      vertex -36.4177 5.82667 0
    endloop
  endfacet
  facet normal -0.382604 0.923913 0
    outer loop
      vertex -36.0491 5.96081 0
      vertex -36.2305 5.88569 5
      vertex -36.0491 5.96081 5
    endloop
  endfacet
  facet normal -0.382604 0.923913 0
    outer loop
      vertex -36.2305 5.88569 5
      vertex -36.0491 5.96081 0
      vertex -36.2305 5.88569 0
    endloop
  endfacet
  facet normal -0.537426 -0.843311 0
    outer loop
      vertex -35.875 9.94856 0
      vertex -35.7095 9.84309 5
      vertex -35.875 9.94856 5
    endloop
  endfacet
  facet normal -0.537426 -0.843311 -0
    outer loop
      vertex -35.7095 9.84309 5
      vertex -35.875 9.94856 0
      vertex -35.7095 9.84309 0
    endloop
  endfacet
  facet normal 0.130428 -0.991458 0
    outer loop
      vertex -37.3907 10.2158 0
      vertex -37.1961 10.2414 5
      vertex -37.3907 10.2158 5
    endloop
  endfacet
  facet normal 0.130428 -0.991458 0
    outer loop
      vertex -37.1961 10.2414 5
      vertex -37.3907 10.2158 0
      vertex -37.1961 10.2414 0
    endloop
  endfacet
  facet normal -0.130428 -0.991458 0
    outer loop
      vertex -36.8039 10.2414 0
      vertex -36.6093 10.2158 5
      vertex -36.8039 10.2414 5
    endloop
  endfacet
  facet normal -0.130428 -0.991458 -0
    outer loop
      vertex -36.6093 10.2158 5
      vertex -36.8039 10.2414 0
      vertex -36.6093 10.2158 0
    endloop
  endfacet
  facet normal -0.608571 -0.7935 0
    outer loop
      vertex -35.7095 9.84309 0
      vertex -35.5537 9.7236 5
      vertex -35.7095 9.84309 5
    endloop
  endfacet
  facet normal -0.608571 -0.7935 -0
    outer loop
      vertex -35.5537 9.7236 5
      vertex -35.7095 9.84309 0
      vertex -35.5537 9.7236 0
    endloop
  endfacet
  facet normal 0.216504 0.976282 -0
    outer loop
      vertex -37.3907 5.78418 0
      vertex -37.5823 5.82667 5
      vertex -37.3907 5.78418 5
    endloop
  endfacet
  facet normal 0.216504 0.976282 0
    outer loop
      vertex -37.5823 5.82667 5
      vertex -37.3907 5.78418 0
      vertex -37.5823 5.82667 0
    endloop
  endfacet
  facet normal 0.216553 -0.976271 0
    outer loop
      vertex -37.5823 10.1733 0
      vertex -37.3907 10.2158 5
      vertex -37.5823 10.1733 5
    endloop
  endfacet
  facet normal 0.216553 -0.976271 0
    outer loop
      vertex -37.3907 10.2158 5
      vertex -37.5823 10.1733 0
      vertex -37.3907 10.2158 0
    endloop
  endfacet
  facet normal 0.608571 0.7935 -0
    outer loop
      vertex -38.2905 6.15691 0
      vertex -38.4463 6.2764 5
      vertex -38.2905 6.15691 5
    endloop
  endfacet
  facet normal 0.608571 0.7935 0
    outer loop
      vertex -38.4463 6.2764 5
      vertex -38.2905 6.15691 0
      vertex -38.4463 6.2764 0
    endloop
  endfacet
  facet normal 0.461786 -0.886991 0
    outer loop
      vertex -38.125 9.94856 0
      vertex -37.9509 10.0392 5
      vertex -38.125 9.94856 5
    endloop
  endfacet
  facet normal 0.461786 -0.886991 0
    outer loop
      vertex -37.9509 10.0392 5
      vertex -38.125 9.94856 0
      vertex -37.9509 10.0392 0
    endloop
  endfacet
  facet normal -0.843315 -0.537419 0
    outer loop
      vertex -35.0514 9.125 0
      vertex -35.1569 9.29055 5
      vertex -35.1569 9.29055 0
    endloop
  endfacet
  facet normal -0.843315 -0.537419 0
    outer loop
      vertex -35.1569 9.29055 5
      vertex -35.0514 9.125 0
      vertex -35.0514 9.125 5
    endloop
  endfacet
  facet normal -0.0436097 0.999049 0
    outer loop
      vertex -36.8039 5.75856 0
      vertex -37 5.75 5
      vertex -36.8039 5.75856 5
    endloop
  endfacet
  facet normal -0.0436097 0.999049 0
    outer loop
      vertex -37 5.75 5
      vertex -36.8039 5.75856 0
      vertex -37 5.75 0
    endloop
  endfacet
  facet normal -0.216553 -0.976271 0
    outer loop
      vertex -36.6093 10.2158 0
      vertex -36.4177 10.1733 5
      vertex -36.6093 10.2158 5
    endloop
  endfacet
  facet normal -0.216553 -0.976271 -0
    outer loop
      vertex -36.4177 10.1733 5
      vertex -36.6093 10.2158 0
      vertex -36.4177 10.1733 0
    endloop
  endfacet
  facet normal -0.382517 -0.923949 0
    outer loop
      vertex -36.2305 10.1143 0
      vertex -36.0491 10.0392 5
      vertex -36.2305 10.1143 5
    endloop
  endfacet
  facet normal -0.382517 -0.923949 -0
    outer loop
      vertex -36.0491 10.0392 5
      vertex -36.2305 10.1143 0
      vertex -36.0491 10.0392 0
    endloop
  endfacet
  facet normal 0.923911 -0.382607 0
    outer loop
      vertex -39.1143 8.76954 5
      vertex -39.0392 8.95089 0
      vertex -39.0392 8.95089 5
    endloop
  endfacet
  facet normal 0.923911 -0.382607 0
    outer loop
      vertex -39.0392 8.95089 0
      vertex -39.1143 8.76954 5
      vertex -39.1143 8.76954 0
    endloop
  endfacet
  facet normal 0.675637 -0.737235 0
    outer loop
      vertex -38.591 9.59099 0
      vertex -38.4463 9.7236 5
      vertex -38.591 9.59099 5
    endloop
  endfacet
  facet normal 0.675637 -0.737235 0
    outer loop
      vertex -38.4463 9.7236 5
      vertex -38.591 9.59099 0
      vertex -38.4463 9.7236 0
    endloop
  endfacet
  facet normal 0.953757 0.30058 0
    outer loop
      vertex -39.1143 7.23045 5
      vertex -39.1733 7.41766 0
      vertex -39.1733 7.41766 5
    endloop
  endfacet
  facet normal 0.953757 0.30058 0
    outer loop
      vertex -39.1733 7.41766 0
      vertex -39.1143 7.23045 5
      vertex -39.1143 7.23045 0
    endloop
  endfacet
  facet normal 0.130528 0.991445 -0
    outer loop
      vertex -37.1961 5.75856 0
      vertex -37.3907 5.78418 5
      vertex -37.1961 5.75856 5
    endloop
  endfacet
  facet normal 0.130528 0.991445 0
    outer loop
      vertex -37.3907 5.78418 5
      vertex -37.1961 5.75856 0
      vertex -37.3907 5.78418 0
    endloop
  endfacet
  facet normal -0.461786 -0.886991 0
    outer loop
      vertex -36.0491 10.0392 0
      vertex -35.875 9.94856 5
      vertex -36.0491 10.0392 5
    endloop
  endfacet
  facet normal -0.461786 -0.886991 -0
    outer loop
      vertex -35.875 9.94856 5
      vertex -36.0491 10.0392 0
      vertex -35.875 9.94856 0
    endloop
  endfacet
  facet normal 0.793324 -0.608799 0
    outer loop
      vertex -38.8431 9.29055 5
      vertex -38.7236 9.44627 0
      vertex -38.7236 9.44627 5
    endloop
  endfacet
  facet normal 0.793324 -0.608799 0
    outer loop
      vertex -38.7236 9.44627 0
      vertex -38.8431 9.29055 5
      vertex -38.8431 9.29055 0
    endloop
  endfacet
  facet normal 0.99904 0.0438131 0
    outer loop
      vertex -39.2414 7.8039 5
      vertex -39.25 8 0
      vertex -39.25 8 5
    endloop
  endfacet
  facet normal 0.99904 0.0438131 0
    outer loop
      vertex -39.25 8 0
      vertex -39.2414 7.8039 5
      vertex -39.2414 7.8039 0
    endloop
  endfacet
  facet normal 0.991459 -0.130422 0
    outer loop
      vertex -39.2414 8.1961 5
      vertex -39.2158 8.39071 0
      vertex -39.2158 8.39071 5
    endloop
  endfacet
  facet normal 0.991459 -0.130422 0
    outer loop
      vertex -39.2158 8.39071 0
      vertex -39.2414 8.1961 5
      vertex -39.2414 8.1961 0
    endloop
  endfacet
  facet normal 0.537426 -0.843311 0
    outer loop
      vertex -38.2905 9.84309 0
      vertex -38.125 9.94856 5
      vertex -38.2905 9.84309 5
    endloop
  endfacet
  facet normal 0.537426 -0.843311 0
    outer loop
      vertex -38.125 9.94856 5
      vertex -38.2905 9.84309 0
      vertex -38.125 9.94856 0
    endloop
  endfacet
  facet normal -0.923904 0.382625 0
    outer loop
      vertex -34.9608 7.04911 0
      vertex -34.8857 7.23045 5
      vertex -34.8857 7.23045 0
    endloop
  endfacet
  facet normal -0.923904 0.382625 0
    outer loop
      vertex -34.8857 7.23045 5
      vertex -34.9608 7.04911 0
      vertex -34.9608 7.04911 5
    endloop
  endfacet
  facet normal -0.843315 0.537419 0
    outer loop
      vertex -35.1569 6.70945 0
      vertex -35.0514 6.875 5
      vertex -35.0514 6.875 0
    endloop
  endfacet
  facet normal -0.843315 0.537419 0
    outer loop
      vertex -35.0514 6.875 5
      vertex -35.1569 6.70945 0
      vertex -35.1569 6.70945 5
    endloop
  endfacet
  facet normal 0.382604 0.923913 -0
    outer loop
      vertex -37.7695 5.88569 0
      vertex -37.9509 5.96081 5
      vertex -37.7695 5.88569 5
    endloop
  endfacet
  facet normal 0.382604 0.923913 0
    outer loop
      vertex -37.9509 5.96081 5
      vertex -37.7695 5.88569 0
      vertex -37.9509 5.96081 0
    endloop
  endfacet
  facet normal -0.953752 -0.300595 0
    outer loop
      vertex -34.8267 8.58234 0
      vertex -34.8857 8.76954 5
      vertex -34.8857 8.76954 0
    endloop
  endfacet
  facet normal -0.953752 -0.300595 0
    outer loop
      vertex -34.8857 8.76954 5
      vertex -34.8267 8.58234 0
      vertex -34.8267 8.58234 5
    endloop
  endfacet
  facet normal -0.461746 0.887012 0
    outer loop
      vertex -35.875 6.05144 0
      vertex -36.0491 5.96081 5
      vertex -35.875 6.05144 5
    endloop
  endfacet
  facet normal -0.461746 0.887012 0
    outer loop
      vertex -36.0491 5.96081 5
      vertex -35.875 6.05144 0
      vertex -36.0491 5.96081 0
    endloop
  endfacet
  facet normal -0.675637 -0.737235 0
    outer loop
      vertex -35.5537 9.7236 0
      vertex -35.409 9.59099 5
      vertex -35.5537 9.7236 5
    endloop
  endfacet
  facet normal -0.675637 -0.737235 -0
    outer loop
      vertex -35.409 9.59099 5
      vertex -35.5537 9.7236 0
      vertex -35.409 9.59099 0
    endloop
  endfacet
  facet normal -0.991459 0.130422 0
    outer loop
      vertex -34.7842 7.60929 0
      vertex -34.7586 7.8039 5
      vertex -34.7586 7.8039 0
    endloop
  endfacet
  facet normal -0.991459 0.130422 0
    outer loop
      vertex -34.7586 7.8039 5
      vertex -34.7842 7.60929 0
      vertex -34.7842 7.60929 5
    endloop
  endfacet
  facet normal -0.99904 0.0438131 0
    outer loop
      vertex -34.7586 7.8039 0
      vertex -34.75 8 5
      vertex -34.75 8 0
    endloop
  endfacet
  facet normal -0.99904 0.0438131 0
    outer loop
      vertex -34.75 8 5
      vertex -34.7586 7.8039 0
      vertex -34.7586 7.8039 5
    endloop
  endfacet
  facet normal -0.537426 0.843311 0
    outer loop
      vertex -35.7095 6.15691 0
      vertex -35.875 6.05144 5
      vertex -35.7095 6.15691 5
    endloop
  endfacet
  facet normal -0.537426 0.843311 0
    outer loop
      vertex -35.875 6.05144 5
      vertex -35.7095 6.15691 0
      vertex -35.875 6.05144 0
    endloop
  endfacet
  facet normal 0.675637 0.737235 -0
    outer loop
      vertex -38.4463 6.2764 0
      vertex -38.591 6.40901 5
      vertex -38.4463 6.2764 5
    endloop
  endfacet
  facet normal 0.675637 0.737235 0
    outer loop
      vertex -38.591 6.40901 5
      vertex -38.4463 6.2764 0
      vertex -38.591 6.40901 0
    endloop
  endfacet
  facet normal -0.793324 0.608799 0
    outer loop
      vertex -35.2764 6.55373 0
      vertex -35.1569 6.70945 5
      vertex -35.1569 6.70945 0
    endloop
  endfacet
  facet normal -0.793324 0.608799 0
    outer loop
      vertex -35.1569 6.70945 5
      vertex -35.2764 6.55373 0
      vertex -35.2764 6.55373 5
    endloop
  endfacet
  facet normal -0.923911 -0.382607 0
    outer loop
      vertex -34.8857 8.76954 0
      vertex -34.9608 8.95089 5
      vertex -34.9608 8.95089 0
    endloop
  endfacet
  facet normal -0.923911 -0.382607 0
    outer loop
      vertex -34.9608 8.95089 5
      vertex -34.8857 8.76954 0
      vertex -34.8857 8.76954 5
    endloop
  endfacet
  facet normal -0.130528 0.991445 0
    outer loop
      vertex -36.6093 5.78418 0
      vertex -36.8039 5.75856 5
      vertex -36.6093 5.78418 5
    endloop
  endfacet
  facet normal -0.130528 0.991445 0
    outer loop
      vertex -36.8039 5.75856 5
      vertex -36.6093 5.78418 0
      vertex -36.8039 5.75856 0
    endloop
  endfacet
  facet normal -0.737306 -0.675559 0
    outer loop
      vertex -35.2764 9.44627 0
      vertex -35.409 9.59099 5
      vertex -35.409 9.59099 0
    endloop
  endfacet
  facet normal -0.737306 -0.675559 0
    outer loop
      vertex -35.409 9.59099 5
      vertex -35.2764 9.44627 0
      vertex -35.2764 9.44627 5
    endloop
  endfacet
  facet normal 0.99904 -0.0438131 0
    outer loop
      vertex -39.25 8 5
      vertex -39.2414 8.1961 0
      vertex -39.2414 8.1961 5
    endloop
  endfacet
  facet normal 0.99904 -0.0438131 0
    outer loop
      vertex -39.2414 8.1961 0
      vertex -39.25 8 5
      vertex -39.25 8 0
    endloop
  endfacet
  facet normal -0.793324 -0.608799 0
    outer loop
      vertex -35.1569 9.29055 0
      vertex -35.2764 9.44627 5
      vertex -35.2764 9.44627 0
    endloop
  endfacet
  facet normal -0.793324 -0.608799 0
    outer loop
      vertex -35.2764 9.44627 5
      vertex -35.1569 9.29055 0
      vertex -35.1569 9.29055 5
    endloop
  endfacet
  facet normal 0.300595 -0.953752 0
    outer loop
      vertex -37.7695 10.1143 0
      vertex -37.5823 10.1733 5
      vertex -37.7695 10.1143 5
    endloop
  endfacet
  facet normal 0.300595 -0.953752 0
    outer loop
      vertex -37.5823 10.1733 5
      vertex -37.7695 10.1143 0
      vertex -37.5823 10.1733 0
    endloop
  endfacet
  facet normal -0.887086 -0.461605 0
    outer loop
      vertex -34.9608 8.95089 0
      vertex -35.0514 9.125 5
      vertex -35.0514 9.125 0
    endloop
  endfacet
  facet normal -0.887086 -0.461605 0
    outer loop
      vertex -35.0514 9.125 5
      vertex -34.9608 8.95089 0
      vertex -34.9608 8.95089 5
    endloop
  endfacet
  facet normal -0.953757 0.30058 0
    outer loop
      vertex -34.8857 7.23045 0
      vertex -34.8267 7.41766 5
      vertex -34.8267 7.41766 0
    endloop
  endfacet
  facet normal -0.953757 0.30058 0
    outer loop
      vertex -34.8267 7.41766 5
      vertex -34.8857 7.23045 0
      vertex -34.8857 7.23045 5
    endloop
  endfacet
  facet normal -0.0438131 -0.99904 0
    outer loop
      vertex -37 10.25 0
      vertex -36.8039 10.2414 5
      vertex -37 10.25 5
    endloop
  endfacet
  facet normal -0.0438131 -0.99904 -0
    outer loop
      vertex -36.8039 10.2414 5
      vertex -37 10.25 0
      vertex -36.8039 10.2414 0
    endloop
  endfacet
  facet normal 0.953752 -0.300595 0
    outer loop
      vertex -39.1733 8.58234 5
      vertex -39.1143 8.76954 0
      vertex -39.1143 8.76954 5
    endloop
  endfacet
  facet normal 0.953752 -0.300595 0
    outer loop
      vertex -39.1143 8.76954 0
      vertex -39.1733 8.58234 5
      vertex -39.1733 8.58234 0
    endloop
  endfacet
  facet normal 0.300688 0.953723 -0
    outer loop
      vertex -37.5823 5.82667 0
      vertex -37.7695 5.88569 5
      vertex -37.5823 5.82667 5
    endloop
  endfacet
  facet normal 0.300688 0.953723 0
    outer loop
      vertex -37.7695 5.88569 5
      vertex -37.5823 5.82667 0
      vertex -37.7695 5.88569 0
    endloop
  endfacet
  facet normal -0.216504 0.976282 0
    outer loop
      vertex -36.4177 5.82667 0
      vertex -36.6093 5.78418 5
      vertex -36.4177 5.82667 5
    endloop
  endfacet
  facet normal -0.216504 0.976282 0
    outer loop
      vertex -36.6093 5.78418 5
      vertex -36.4177 5.82667 0
      vertex -36.6093 5.78418 0
    endloop
  endfacet
  facet normal -0.976278 0.21652 0
    outer loop
      vertex -34.8267 7.41766 0
      vertex -34.7842 7.60929 5
      vertex -34.7842 7.60929 0
    endloop
  endfacet
  facet normal -0.976278 0.21652 0
    outer loop
      vertex -34.7842 7.60929 5
      vertex -34.8267 7.41766 0
      vertex -34.8267 7.41766 5
    endloop
  endfacet
  facet normal 0.608571 -0.7935 0
    outer loop
      vertex -38.4463 9.7236 0
      vertex -38.2905 9.84309 5
      vertex -38.4463 9.7236 5
    endloop
  endfacet
  facet normal 0.608571 -0.7935 0
    outer loop
      vertex -38.2905 9.84309 5
      vertex -38.4463 9.7236 0
      vertex -38.2905 9.84309 0
    endloop
  endfacet
  facet normal -0.300595 -0.953752 0
    outer loop
      vertex -36.4177 10.1733 0
      vertex -36.2305 10.1143 5
      vertex -36.4177 10.1733 5
    endloop
  endfacet
  facet normal -0.300595 -0.953752 -0
    outer loop
      vertex -36.2305 10.1143 5
      vertex -36.4177 10.1733 0
      vertex -36.2305 10.1143 0
    endloop
  endfacet
  facet normal -0.887086 0.461605 0
    outer loop
      vertex -35.0514 6.875 0
      vertex -34.9608 7.04911 5
      vertex -34.9608 7.04911 0
    endloop
  endfacet
  facet normal -0.887086 0.461605 0
    outer loop
      vertex -34.9608 7.04911 5
      vertex -35.0514 6.875 0
      vertex -35.0514 6.875 5
    endloop
  endfacet
  facet normal -0.737306 0.675559 0
    outer loop
      vertex -35.409 6.40901 0
      vertex -35.2764 6.55373 5
      vertex -35.2764 6.55373 0
    endloop
  endfacet
  facet normal -0.737306 0.675559 0
    outer loop
      vertex -35.2764 6.55373 5
      vertex -35.409 6.40901 0
      vertex -35.409 6.40901 5
    endloop
  endfacet
  facet normal -0.675637 0.737235 0
    outer loop
      vertex -35.409 6.40901 0
      vertex -35.5537 6.2764 5
      vertex -35.409 6.40901 5
    endloop
  endfacet
  facet normal -0.675637 0.737235 0
    outer loop
      vertex -35.5537 6.2764 5
      vertex -35.409 6.40901 0
      vertex -35.5537 6.2764 0
    endloop
  endfacet
  facet normal 0.976278 -0.21652 0
    outer loop
      vertex -39.2158 8.39071 5
      vertex -39.1733 8.58234 0
      vertex -39.1733 8.58234 5
    endloop
  endfacet
  facet normal 0.976278 -0.21652 0
    outer loop
      vertex -39.1733 8.58234 0
      vertex -39.2158 8.39071 5
      vertex -39.2158 8.39071 0
    endloop
  endfacet
  facet normal 0.976278 0.21652 0
    outer loop
      vertex -39.1733 7.41766 5
      vertex -39.2158 7.60929 0
      vertex -39.2158 7.60929 5
    endloop
  endfacet
  facet normal 0.976278 0.21652 0
    outer loop
      vertex -39.2158 7.60929 0
      vertex -39.1733 7.41766 5
      vertex -39.1733 7.41766 0
    endloop
  endfacet
  facet normal 0.737306 0.675559 0
    outer loop
      vertex -38.591 6.40901 5
      vertex -38.7236 6.55373 0
      vertex -38.7236 6.55373 5
    endloop
  endfacet
  facet normal 0.737306 0.675559 0
    outer loop
      vertex -38.7236 6.55373 0
      vertex -38.591 6.40901 5
      vertex -38.591 6.40901 0
    endloop
  endfacet
  facet normal 0.887086 0.461605 0
    outer loop
      vertex -38.9486 6.875 5
      vertex -39.0392 7.04911 0
      vertex -39.0392 7.04911 5
    endloop
  endfacet
  facet normal 0.887086 0.461605 0
    outer loop
      vertex -39.0392 7.04911 0
      vertex -38.9486 6.875 5
      vertex -38.9486 6.875 0
    endloop
  endfacet
  facet normal 0.991459 0.130422 0
    outer loop
      vertex -39.2158 7.60929 5
      vertex -39.2414 7.8039 0
      vertex -39.2414 7.8039 5
    endloop
  endfacet
  facet normal 0.991459 0.130422 0
    outer loop
      vertex -39.2414 7.8039 0
      vertex -39.2158 7.60929 5
      vertex -39.2158 7.60929 0
    endloop
  endfacet
  facet normal 0.537426 0.843311 -0
    outer loop
      vertex -38.125 6.05144 0
      vertex -38.2905 6.15691 5
      vertex -38.125 6.05144 5
    endloop
  endfacet
  facet normal 0.537426 0.843311 0
    outer loop
      vertex -38.2905 6.15691 5
      vertex -38.125 6.05144 0
      vertex -38.2905 6.15691 0
    endloop
  endfacet
  facet normal 0.843315 -0.537419 0
    outer loop
      vertex -38.9486 9.125 5
      vertex -38.8431 9.29055 0
      vertex -38.8431 9.29055 5
    endloop
  endfacet
  facet normal 0.843315 -0.537419 0
    outer loop
      vertex -38.8431 9.29055 0
      vertex -38.9486 9.125 5
      vertex -38.9486 9.125 0
    endloop
  endfacet
  facet normal 0.461746 0.887012 -0
    outer loop
      vertex -37.9509 5.96081 0
      vertex -38.125 6.05144 5
      vertex -37.9509 5.96081 5
    endloop
  endfacet
  facet normal 0.461746 0.887012 0
    outer loop
      vertex -38.125 6.05144 5
      vertex -37.9509 5.96081 0
      vertex -38.125 6.05144 0
    endloop
  endfacet
  facet normal 0.923904 0.382625 0
    outer loop
      vertex -39.0392 7.04911 5
      vertex -39.1143 7.23045 0
      vertex -39.1143 7.23045 5
    endloop
  endfacet
  facet normal 0.923904 0.382625 0
    outer loop
      vertex -39.1143 7.23045 0
      vertex -39.0392 7.04911 5
      vertex -39.0392 7.04911 0
    endloop
  endfacet
  facet normal -0.608571 0.7935 0
    outer loop
      vertex -35.5537 6.2764 0
      vertex -35.7095 6.15691 5
      vertex -35.5537 6.2764 5
    endloop
  endfacet
  facet normal -0.608571 0.7935 0
    outer loop
      vertex -35.7095 6.15691 5
      vertex -35.5537 6.2764 0
      vertex -35.7095 6.15691 0
    endloop
  endfacet
  facet normal 0.843315 0.537419 0
    outer loop
      vertex -38.8431 6.70945 5
      vertex -38.9486 6.875 0
      vertex -38.9486 6.875 5
    endloop
  endfacet
  facet normal 0.843315 0.537419 0
    outer loop
      vertex -38.9486 6.875 0
      vertex -38.8431 6.70945 5
      vertex -38.8431 6.70945 0
    endloop
  endfacet
  facet normal 0.737306 -0.675559 0
    outer loop
      vertex -38.7236 9.44627 5
      vertex -38.591 9.59099 0
      vertex -38.591 9.59099 5
    endloop
  endfacet
  facet normal 0.737306 -0.675559 0
    outer loop
      vertex -38.591 9.59099 0
      vertex -38.7236 9.44627 5
      vertex -38.7236 9.44627 0
    endloop
  endfacet
  facet normal -0.991458 -0.130428 0
    outer loop
      vertex -34.7586 26.1961 0
      vertex -34.7842 26.3907 5
      vertex -34.7842 26.3907 0
    endloop
  endfacet
  facet normal -0.991458 -0.130428 0
    outer loop
      vertex -34.7842 26.3907 5
      vertex -34.7586 26.1961 0
      vertex -34.7586 26.1961 5
    endloop
  endfacet
  facet normal -0.99904 -0.0438131 0
    outer loop
      vertex -34.75 26 0
      vertex -34.7586 26.1961 5
      vertex -34.7586 26.1961 0
    endloop
  endfacet
  facet normal -0.99904 -0.0438131 0
    outer loop
      vertex -34.7586 26.1961 5
      vertex -34.75 26 0
      vertex -34.75 26 5
    endloop
  endfacet
  facet normal -0.976271 -0.216553 0
    outer loop
      vertex -34.7842 26.3907 0
      vertex -34.8267 26.5823 5
      vertex -34.8267 26.5823 0
    endloop
  endfacet
  facet normal -0.976271 -0.216553 0
    outer loop
      vertex -34.8267 26.5823 5
      vertex -34.7842 26.3907 0
      vertex -34.7842 26.3907 5
    endloop
  endfacet
  facet normal 0.0438131 0.99904 -0
    outer loop
      vertex -37 23.75 0
      vertex -37.1961 23.7586 5
      vertex -37 23.75 5
    endloop
  endfacet
  facet normal 0.0438131 0.99904 0
    outer loop
      vertex -37.1961 23.7586 5
      vertex -37 23.75 0
      vertex -37.1961 23.7586 0
    endloop
  endfacet
  facet normal 0.382517 -0.923949 0
    outer loop
      vertex -37.9509 28.0392 0
      vertex -37.7695 28.1143 5
      vertex -37.9509 28.0392 5
    endloop
  endfacet
  facet normal 0.382517 -0.923949 0
    outer loop
      vertex -37.7695 28.1143 5
      vertex -37.9509 28.0392 0
      vertex -37.7695 28.1143 0
    endloop
  endfacet
  facet normal 0.887075 -0.461625 0
    outer loop
      vertex -39.0392 26.9509 5
      vertex -38.9486 27.125 0
      vertex -38.9486 27.125 5
    endloop
  endfacet
  facet normal 0.887075 -0.461625 0
    outer loop
      vertex -38.9486 27.125 0
      vertex -39.0392 26.9509 5
      vertex -39.0392 26.9509 0
    endloop
  endfacet
  facet normal 0.793475 0.608603 0
    outer loop
      vertex -38.7236 24.5537 5
      vertex -38.8431 24.7095 0
      vertex -38.8431 24.7095 5
    endloop
  endfacet
  facet normal 0.793475 0.608603 0
    outer loop
      vertex -38.8431 24.7095 0
      vertex -38.7236 24.5537 5
      vertex -38.7236 24.5537 0
    endloop
  endfacet
  facet normal -0.300595 0.953752 0
    outer loop
      vertex -36.2305 23.8857 0
      vertex -36.4177 23.8267 5
      vertex -36.2305 23.8857 5
    endloop
  endfacet
  facet normal -0.300595 0.953752 0
    outer loop
      vertex -36.4177 23.8267 5
      vertex -36.2305 23.8857 0
      vertex -36.4177 23.8267 0
    endloop
  endfacet
  facet normal -0.382517 0.923949 0
    outer loop
      vertex -36.0491 23.9608 0
      vertex -36.2305 23.8857 5
      vertex -36.0491 23.9608 5
    endloop
  endfacet
  facet normal -0.382517 0.923949 0
    outer loop
      vertex -36.2305 23.8857 5
      vertex -36.0491 23.9608 0
      vertex -36.2305 23.8857 0
    endloop
  endfacet
  facet normal -0.537535 -0.843242 0
    outer loop
      vertex -35.875 27.9486 0
      vertex -35.7095 27.8431 5
      vertex -35.875 27.9486 5
    endloop
  endfacet
  facet normal -0.537535 -0.843242 -0
    outer loop
      vertex -35.7095 27.8431 5
      vertex -35.875 27.9486 0
      vertex -35.7095 27.8431 0
    endloop
  endfacet
  facet normal 0.130428 -0.991458 0
    outer loop
      vertex -37.3907 28.2158 0
      vertex -37.1961 28.2414 5
      vertex -37.3907 28.2158 5
    endloop
  endfacet
  facet normal 0.130428 -0.991458 0
    outer loop
      vertex -37.1961 28.2414 5
      vertex -37.3907 28.2158 0
      vertex -37.1961 28.2414 0
    endloop
  endfacet
  facet normal -0.130428 -0.991458 0
    outer loop
      vertex -36.8039 28.2414 0
      vertex -36.6093 28.2158 5
      vertex -36.8039 28.2414 5
    endloop
  endfacet
  facet normal -0.130428 -0.991458 -0
    outer loop
      vertex -36.6093 28.2158 5
      vertex -36.8039 28.2414 0
      vertex -36.6093 28.2158 0
    endloop
  endfacet
  facet normal -0.608603 -0.793475 0
    outer loop
      vertex -35.7095 27.8431 0
      vertex -35.5537 27.7236 5
      vertex -35.7095 27.8431 5
    endloop
  endfacet
  facet normal -0.608603 -0.793475 -0
    outer loop
      vertex -35.5537 27.7236 5
      vertex -35.7095 27.8431 0
      vertex -35.5537 27.7236 0
    endloop
  endfacet
  facet normal 0.216553 0.976271 -0
    outer loop
      vertex -37.3907 23.7842 0
      vertex -37.5823 23.8267 5
      vertex -37.3907 23.7842 5
    endloop
  endfacet
  facet normal 0.216553 0.976271 0
    outer loop
      vertex -37.5823 23.8267 5
      vertex -37.3907 23.7842 0
      vertex -37.5823 23.8267 0
    endloop
  endfacet
  facet normal 0.216553 -0.976271 0
    outer loop
      vertex -37.5823 28.1733 0
      vertex -37.3907 28.2158 5
      vertex -37.5823 28.1733 5
    endloop
  endfacet
  facet normal 0.216553 -0.976271 0
    outer loop
      vertex -37.3907 28.2158 5
      vertex -37.5823 28.1733 0
      vertex -37.3907 28.2158 0
    endloop
  endfacet
  facet normal 0.608603 0.793475 -0
    outer loop
      vertex -38.2905 24.1569 0
      vertex -38.4463 24.2764 5
      vertex -38.2905 24.1569 5
    endloop
  endfacet
  facet normal 0.608603 0.793475 0
    outer loop
      vertex -38.4463 24.2764 5
      vertex -38.2905 24.1569 0
      vertex -38.4463 24.2764 0
    endloop
  endfacet
  facet normal 0.461625 -0.887075 0
    outer loop
      vertex -38.125 27.9486 0
      vertex -37.9509 28.0392 5
      vertex -38.125 27.9486 5
    endloop
  endfacet
  facet normal 0.461625 -0.887075 0
    outer loop
      vertex -37.9509 28.0392 5
      vertex -38.125 27.9486 0
      vertex -37.9509 28.0392 0
    endloop
  endfacet
  facet normal -0.843242 -0.537535 0
    outer loop
      vertex -35.0514 27.125 0
      vertex -35.1569 27.2905 5
      vertex -35.1569 27.2905 0
    endloop
  endfacet
  facet normal -0.843242 -0.537535 0
    outer loop
      vertex -35.1569 27.2905 5
      vertex -35.0514 27.125 0
      vertex -35.0514 27.125 5
    endloop
  endfacet
  facet normal -0.0438131 0.99904 0
    outer loop
      vertex -36.8039 23.7586 0
      vertex -37 23.75 5
      vertex -36.8039 23.7586 5
    endloop
  endfacet
  facet normal -0.0438131 0.99904 0
    outer loop
      vertex -37 23.75 5
      vertex -36.8039 23.7586 0
      vertex -37 23.75 0
    endloop
  endfacet
  facet normal -0.216553 -0.976271 0
    outer loop
      vertex -36.6093 28.2158 0
      vertex -36.4177 28.1733 5
      vertex -36.6093 28.2158 5
    endloop
  endfacet
  facet normal -0.216553 -0.976271 -0
    outer loop
      vertex -36.4177 28.1733 5
      vertex -36.6093 28.2158 0
      vertex -36.4177 28.1733 0
    endloop
  endfacet
  facet normal -0.382517 -0.923949 0
    outer loop
      vertex -36.2305 28.1143 0
      vertex -36.0491 28.0392 5
      vertex -36.2305 28.1143 5
    endloop
  endfacet
  facet normal -0.382517 -0.923949 -0
    outer loop
      vertex -36.0491 28.0392 5
      vertex -36.2305 28.1143 0
      vertex -36.0491 28.0392 0
    endloop
  endfacet
  facet normal 0.923949 -0.382517 0
    outer loop
      vertex -39.1143 26.7695 5
      vertex -39.0392 26.9509 0
      vertex -39.0392 26.9509 5
    endloop
  endfacet
  facet normal 0.923949 -0.382517 0
    outer loop
      vertex -39.0392 26.9509 0
      vertex -39.1143 26.7695 5
      vertex -39.1143 26.7695 0
    endloop
  endfacet
  facet normal 0.675609 -0.73726 0
    outer loop
      vertex -38.591 27.591 0
      vertex -38.4463 27.7236 5
      vertex -38.591 27.591 5
    endloop
  endfacet
  facet normal 0.675609 -0.73726 0
    outer loop
      vertex -38.4463 27.7236 5
      vertex -38.591 27.591 0
      vertex -38.4463 27.7236 0
    endloop
  endfacet
  facet normal 0.953752 0.300595 0
    outer loop
      vertex -39.1143 25.2305 5
      vertex -39.1733 25.4177 0
      vertex -39.1733 25.4177 5
    endloop
  endfacet
  facet normal 0.953752 0.300595 0
    outer loop
      vertex -39.1733 25.4177 0
      vertex -39.1143 25.2305 5
      vertex -39.1143 25.2305 0
    endloop
  endfacet
  facet normal 0.130428 0.991458 -0
    outer loop
      vertex -37.1961 23.7586 0
      vertex -37.3907 23.7842 5
      vertex -37.1961 23.7586 5
    endloop
  endfacet
  facet normal 0.130428 0.991458 0
    outer loop
      vertex -37.3907 23.7842 5
      vertex -37.1961 23.7586 0
      vertex -37.3907 23.7842 0
    endloop
  endfacet
  facet normal -0.461625 -0.887075 0
    outer loop
      vertex -36.0491 28.0392 0
      vertex -35.875 27.9486 5
      vertex -36.0491 28.0392 5
    endloop
  endfacet
  facet normal -0.461625 -0.887075 -0
    outer loop
      vertex -35.875 27.9486 5
      vertex -36.0491 28.0392 0
      vertex -35.875 27.9486 0
    endloop
  endfacet
  facet normal 0.793475 -0.608603 0
    outer loop
      vertex -38.8431 27.2905 5
      vertex -38.7236 27.4463 0
      vertex -38.7236 27.4463 5
    endloop
  endfacet
  facet normal 0.793475 -0.608603 0
    outer loop
      vertex -38.7236 27.4463 0
      vertex -38.8431 27.2905 5
      vertex -38.8431 27.2905 0
    endloop
  endfacet
  facet normal 0.99904 0.0438131 0
    outer loop
      vertex -39.2414 25.8039 5
      vertex -39.25 26 0
      vertex -39.25 26 5
    endloop
  endfacet
  facet normal 0.99904 0.0438131 0
    outer loop
      vertex -39.25 26 0
      vertex -39.2414 25.8039 5
      vertex -39.2414 25.8039 0
    endloop
  endfacet
  facet normal 0.991458 -0.130428 0
    outer loop
      vertex -39.2414 26.1961 5
      vertex -39.2158 26.3907 0
      vertex -39.2158 26.3907 5
    endloop
  endfacet
  facet normal 0.991458 -0.130428 0
    outer loop
      vertex -39.2158 26.3907 0
      vertex -39.2414 26.1961 5
      vertex -39.2414 26.1961 0
    endloop
  endfacet
  facet normal 0.537535 -0.843242 0
    outer loop
      vertex -38.2905 27.8431 0
      vertex -38.125 27.9486 5
      vertex -38.2905 27.8431 5
    endloop
  endfacet
  facet normal 0.537535 -0.843242 0
    outer loop
      vertex -38.125 27.9486 5
      vertex -38.2905 27.8431 0
      vertex -38.125 27.9486 0
    endloop
  endfacet
  facet normal -0.923949 0.382517 0
    outer loop
      vertex -34.9608 25.0491 0
      vertex -34.8857 25.2305 5
      vertex -34.8857 25.2305 0
    endloop
  endfacet
  facet normal -0.923949 0.382517 0
    outer loop
      vertex -34.8857 25.2305 5
      vertex -34.9608 25.0491 0
      vertex -34.9608 25.0491 5
    endloop
  endfacet
  facet normal -0.843242 0.537535 0
    outer loop
      vertex -35.1569 24.7095 0
      vertex -35.0514 24.875 5
      vertex -35.0514 24.875 0
    endloop
  endfacet
  facet normal -0.843242 0.537535 0
    outer loop
      vertex -35.0514 24.875 5
      vertex -35.1569 24.7095 0
      vertex -35.1569 24.7095 5
    endloop
  endfacet
  facet normal 0.382517 0.923949 -0
    outer loop
      vertex -37.7695 23.8857 0
      vertex -37.9509 23.9608 5
      vertex -37.7695 23.8857 5
    endloop
  endfacet
  facet normal 0.382517 0.923949 0
    outer loop
      vertex -37.9509 23.9608 5
      vertex -37.7695 23.8857 0
      vertex -37.9509 23.9608 0
    endloop
  endfacet
  facet normal -0.953752 -0.300595 0
    outer loop
      vertex -34.8267 26.5823 0
      vertex -34.8857 26.7695 5
      vertex -34.8857 26.7695 0
    endloop
  endfacet
  facet normal -0.953752 -0.300595 0
    outer loop
      vertex -34.8857 26.7695 5
      vertex -34.8267 26.5823 0
      vertex -34.8267 26.5823 5
    endloop
  endfacet
  facet normal -0.461625 0.887075 0
    outer loop
      vertex -35.875 24.0514 0
      vertex -36.0491 23.9608 5
      vertex -35.875 24.0514 5
    endloop
  endfacet
  facet normal -0.461625 0.887075 0
    outer loop
      vertex -36.0491 23.9608 5
      vertex -35.875 24.0514 0
      vertex -36.0491 23.9608 0
    endloop
  endfacet
  facet normal -0.675609 -0.73726 0
    outer loop
      vertex -35.5537 27.7236 0
      vertex -35.409 27.591 5
      vertex -35.5537 27.7236 5
    endloop
  endfacet
  facet normal -0.675609 -0.73726 -0
    outer loop
      vertex -35.409 27.591 5
      vertex -35.5537 27.7236 0
      vertex -35.409 27.591 0
    endloop
  endfacet
  facet normal -0.991458 0.130428 0
    outer loop
      vertex -34.7842 25.6093 0
      vertex -34.7586 25.8039 5
      vertex -34.7586 25.8039 0
    endloop
  endfacet
  facet normal -0.991458 0.130428 0
    outer loop
      vertex -34.7586 25.8039 5
      vertex -34.7842 25.6093 0
      vertex -34.7842 25.6093 5
    endloop
  endfacet
  facet normal -0.99904 0.0438131 0
    outer loop
      vertex -34.7586 25.8039 0
      vertex -34.75 26 5
      vertex -34.75 26 0
    endloop
  endfacet
  facet normal -0.99904 0.0438131 0
    outer loop
      vertex -34.75 26 5
      vertex -34.7586 25.8039 0
      vertex -34.7586 25.8039 5
    endloop
  endfacet
  facet normal -0.537535 0.843242 0
    outer loop
      vertex -35.7095 24.1569 0
      vertex -35.875 24.0514 5
      vertex -35.7095 24.1569 5
    endloop
  endfacet
  facet normal -0.537535 0.843242 0
    outer loop
      vertex -35.875 24.0514 5
      vertex -35.7095 24.1569 0
      vertex -35.875 24.0514 0
    endloop
  endfacet
  facet normal 0.675609 0.73726 -0
    outer loop
      vertex -38.4463 24.2764 0
      vertex -38.591 24.409 5
      vertex -38.4463 24.2764 5
    endloop
  endfacet
  facet normal 0.675609 0.73726 0
    outer loop
      vertex -38.591 24.409 5
      vertex -38.4463 24.2764 0
      vertex -38.591 24.409 0
    endloop
  endfacet
  facet normal -0.793475 0.608603 0
    outer loop
      vertex -35.2764 24.5537 0
      vertex -35.1569 24.7095 5
      vertex -35.1569 24.7095 0
    endloop
  endfacet
  facet normal -0.793475 0.608603 0
    outer loop
      vertex -35.1569 24.7095 5
      vertex -35.2764 24.5537 0
      vertex -35.2764 24.5537 5
    endloop
  endfacet
  facet normal -0.923949 -0.382517 0
    outer loop
      vertex -34.8857 26.7695 0
      vertex -34.9608 26.9509 5
      vertex -34.9608 26.9509 0
    endloop
  endfacet
  facet normal -0.923949 -0.382517 0
    outer loop
      vertex -34.9608 26.9509 5
      vertex -34.8857 26.7695 0
      vertex -34.8857 26.7695 5
    endloop
  endfacet
  facet normal -0.130428 0.991458 0
    outer loop
      vertex -36.6093 23.7842 0
      vertex -36.8039 23.7586 5
      vertex -36.6093 23.7842 5
    endloop
  endfacet
  facet normal -0.130428 0.991458 0
    outer loop
      vertex -36.8039 23.7586 5
      vertex -36.6093 23.7842 0
      vertex -36.8039 23.7586 0
    endloop
  endfacet
  facet normal -0.73726 -0.675609 0
    outer loop
      vertex -35.2764 27.4463 0
      vertex -35.409 27.591 5
      vertex -35.409 27.591 0
    endloop
  endfacet
  facet normal -0.73726 -0.675609 0
    outer loop
      vertex -35.409 27.591 5
      vertex -35.2764 27.4463 0
      vertex -35.2764 27.4463 5
    endloop
  endfacet
  facet normal 0.99904 -0.0438131 0
    outer loop
      vertex -39.25 26 5
      vertex -39.2414 26.1961 0
      vertex -39.2414 26.1961 5
    endloop
  endfacet
  facet normal 0.99904 -0.0438131 0
    outer loop
      vertex -39.2414 26.1961 0
      vertex -39.25 26 5
      vertex -39.25 26 0
    endloop
  endfacet
  facet normal -0.793475 -0.608603 0
    outer loop
      vertex -35.1569 27.2905 0
      vertex -35.2764 27.4463 5
      vertex -35.2764 27.4463 0
    endloop
  endfacet
  facet normal -0.793475 -0.608603 0
    outer loop
      vertex -35.2764 27.4463 5
      vertex -35.1569 27.2905 0
      vertex -35.1569 27.2905 5
    endloop
  endfacet
  facet normal 0.0438131 -0.99904 0
    outer loop
      vertex -37.1961 28.2414 0
      vertex -37 28.25 5
      vertex -37.1961 28.2414 5
    endloop
  endfacet
  facet normal 0.0438131 -0.99904 0
    outer loop
      vertex -37 28.25 5
      vertex -37.1961 28.2414 0
      vertex -37 28.25 0
    endloop
  endfacet
  facet normal 0.300595 -0.953752 0
    outer loop
      vertex -37.7695 28.1143 0
      vertex -37.5823 28.1733 5
      vertex -37.7695 28.1143 5
    endloop
  endfacet
  facet normal 0.300595 -0.953752 0
    outer loop
      vertex -37.5823 28.1733 5
      vertex -37.7695 28.1143 0
      vertex -37.5823 28.1733 0
    endloop
  endfacet
  facet normal -0.887075 -0.461625 0
    outer loop
      vertex -34.9608 26.9509 0
      vertex -35.0514 27.125 5
      vertex -35.0514 27.125 0
    endloop
  endfacet
  facet normal -0.887075 -0.461625 0
    outer loop
      vertex -35.0514 27.125 5
      vertex -34.9608 26.9509 0
      vertex -34.9608 26.9509 5
    endloop
  endfacet
  facet normal -0.953752 0.300595 0
    outer loop
      vertex -34.8857 25.2305 0
      vertex -34.8267 25.4177 5
      vertex -34.8267 25.4177 0
    endloop
  endfacet
  facet normal -0.953752 0.300595 0
    outer loop
      vertex -34.8267 25.4177 5
      vertex -34.8857 25.2305 0
      vertex -34.8857 25.2305 5
    endloop
  endfacet
  facet normal -0.0438131 -0.99904 0
    outer loop
      vertex -37 28.25 0
      vertex -36.8039 28.2414 5
      vertex -37 28.25 5
    endloop
  endfacet
  facet normal -0.0438131 -0.99904 -0
    outer loop
      vertex -36.8039 28.2414 5
      vertex -37 28.25 0
      vertex -36.8039 28.2414 0
    endloop
  endfacet
  facet normal 0.953752 -0.300595 0
    outer loop
      vertex -39.1733 26.5823 5
      vertex -39.1143 26.7695 0
      vertex -39.1143 26.7695 5
    endloop
  endfacet
  facet normal 0.953752 -0.300595 0
    outer loop
      vertex -39.1143 26.7695 0
      vertex -39.1733 26.5823 5
      vertex -39.1733 26.5823 0
    endloop
  endfacet
  facet normal 0.300595 0.953752 -0
    outer loop
      vertex -37.5823 23.8267 0
      vertex -37.7695 23.8857 5
      vertex -37.5823 23.8267 5
    endloop
  endfacet
  facet normal 0.300595 0.953752 0
    outer loop
      vertex -37.7695 23.8857 5
      vertex -37.5823 23.8267 0
      vertex -37.7695 23.8857 0
    endloop
  endfacet
  facet normal -0.216553 0.976271 0
    outer loop
      vertex -36.4177 23.8267 0
      vertex -36.6093 23.7842 5
      vertex -36.4177 23.8267 5
    endloop
  endfacet
  facet normal -0.216553 0.976271 0
    outer loop
      vertex -36.6093 23.7842 5
      vertex -36.4177 23.8267 0
      vertex -36.6093 23.7842 0
    endloop
  endfacet
  facet normal -0.976271 0.216553 0
    outer loop
      vertex -34.8267 25.4177 0
      vertex -34.7842 25.6093 5
      vertex -34.7842 25.6093 0
    endloop
  endfacet
  facet normal -0.976271 0.216553 0
    outer loop
      vertex -34.7842 25.6093 5
      vertex -34.8267 25.4177 0
      vertex -34.8267 25.4177 5
    endloop
  endfacet
  facet normal 0.608603 -0.793475 0
    outer loop
      vertex -38.4463 27.7236 0
      vertex -38.2905 27.8431 5
      vertex -38.4463 27.7236 5
    endloop
  endfacet
  facet normal 0.608603 -0.793475 0
    outer loop
      vertex -38.2905 27.8431 5
      vertex -38.4463 27.7236 0
      vertex -38.2905 27.8431 0
    endloop
  endfacet
  facet normal -0.300595 -0.953752 0
    outer loop
      vertex -36.4177 28.1733 0
      vertex -36.2305 28.1143 5
      vertex -36.4177 28.1733 5
    endloop
  endfacet
  facet normal -0.300595 -0.953752 -0
    outer loop
      vertex -36.2305 28.1143 5
      vertex -36.4177 28.1733 0
      vertex -36.2305 28.1143 0
    endloop
  endfacet
  facet normal -0.887075 0.461625 0
    outer loop
      vertex -35.0514 24.875 0
      vertex -34.9608 25.0491 5
      vertex -34.9608 25.0491 0
    endloop
  endfacet
  facet normal -0.887075 0.461625 0
    outer loop
      vertex -34.9608 25.0491 5
      vertex -35.0514 24.875 0
      vertex -35.0514 24.875 5
    endloop
  endfacet
  facet normal -0.675609 0.73726 0
    outer loop
      vertex -35.409 24.409 0
      vertex -35.5537 24.2764 5
      vertex -35.409 24.409 5
    endloop
  endfacet
  facet normal -0.675609 0.73726 0
    outer loop
      vertex -35.5537 24.2764 5
      vertex -35.409 24.409 0
      vertex -35.5537 24.2764 0
    endloop
  endfacet
  facet normal 0.976271 -0.216553 0
    outer loop
      vertex -39.2158 26.3907 5
      vertex -39.1733 26.5823 0
      vertex -39.1733 26.5823 5
    endloop
  endfacet
  facet normal 0.976271 -0.216553 0
    outer loop
      vertex -39.1733 26.5823 0
      vertex -39.2158 26.3907 5
      vertex -39.2158 26.3907 0
    endloop
  endfacet
  facet normal 0.976271 0.216553 0
    outer loop
      vertex -39.1733 25.4177 5
      vertex -39.2158 25.6093 0
      vertex -39.2158 25.6093 5
    endloop
  endfacet
  facet normal 0.976271 0.216553 0
    outer loop
      vertex -39.2158 25.6093 0
      vertex -39.1733 25.4177 5
      vertex -39.1733 25.4177 0
    endloop
  endfacet
  facet normal 0.73726 0.675609 0
    outer loop
      vertex -38.591 24.409 5
      vertex -38.7236 24.5537 0
      vertex -38.7236 24.5537 5
    endloop
  endfacet
  facet normal 0.73726 0.675609 0
    outer loop
      vertex -38.7236 24.5537 0
      vertex -38.591 24.409 5
      vertex -38.591 24.409 0
    endloop
  endfacet
  facet normal 0.887075 0.461625 0
    outer loop
      vertex -38.9486 24.875 5
      vertex -39.0392 25.0491 0
      vertex -39.0392 25.0491 5
    endloop
  endfacet
  facet normal 0.887075 0.461625 0
    outer loop
      vertex -39.0392 25.0491 0
      vertex -38.9486 24.875 5
      vertex -38.9486 24.875 0
    endloop
  endfacet
  facet normal 0.991458 0.130428 0
    outer loop
      vertex -39.2158 25.6093 5
      vertex -39.2414 25.8039 0
      vertex -39.2414 25.8039 5
    endloop
  endfacet
  facet normal 0.991458 0.130428 0
    outer loop
      vertex -39.2414 25.8039 0
      vertex -39.2158 25.6093 5
      vertex -39.2158 25.6093 0
    endloop
  endfacet
  facet normal 0.537535 0.843242 -0
    outer loop
      vertex -38.125 24.0514 0
      vertex -38.2905 24.1569 5
      vertex -38.125 24.0514 5
    endloop
  endfacet
  facet normal 0.537535 0.843242 0
    outer loop
      vertex -38.2905 24.1569 5
      vertex -38.125 24.0514 0
      vertex -38.2905 24.1569 0
    endloop
  endfacet
  facet normal 0.843242 -0.537535 0
    outer loop
      vertex -38.9486 27.125 5
      vertex -38.8431 27.2905 0
      vertex -38.8431 27.2905 5
    endloop
  endfacet
  facet normal 0.843242 -0.537535 0
    outer loop
      vertex -38.8431 27.2905 0
      vertex -38.9486 27.125 5
      vertex -38.9486 27.125 0
    endloop
  endfacet
  facet normal 0.461625 0.887075 -0
    outer loop
      vertex -37.9509 23.9608 0
      vertex -38.125 24.0514 5
      vertex -37.9509 23.9608 5
    endloop
  endfacet
  facet normal 0.461625 0.887075 0
    outer loop
      vertex -38.125 24.0514 5
      vertex -37.9509 23.9608 0
      vertex -38.125 24.0514 0
    endloop
  endfacet
  facet normal -0.73726 0.675609 0
    outer loop
      vertex -35.409 24.409 0
      vertex -35.2764 24.5537 5
      vertex -35.2764 24.5537 0
    endloop
  endfacet
  facet normal -0.73726 0.675609 0
    outer loop
      vertex -35.2764 24.5537 5
      vertex -35.409 24.409 0
      vertex -35.409 24.409 5
    endloop
  endfacet
  facet normal 0.923949 0.382517 0
    outer loop
      vertex -39.0392 25.0491 5
      vertex -39.1143 25.2305 0
      vertex -39.1143 25.2305 5
    endloop
  endfacet
  facet normal 0.923949 0.382517 0
    outer loop
      vertex -39.1143 25.2305 0
      vertex -39.0392 25.0491 5
      vertex -39.0392 25.0491 0
    endloop
  endfacet
  facet normal -0.608603 0.793475 0
    outer loop
      vertex -35.5537 24.2764 0
      vertex -35.7095 24.1569 5
      vertex -35.5537 24.2764 5
    endloop
  endfacet
  facet normal -0.608603 0.793475 0
    outer loop
      vertex -35.7095 24.1569 5
      vertex -35.5537 24.2764 0
      vertex -35.7095 24.1569 0
    endloop
  endfacet
  facet normal 0.843242 0.537535 0
    outer loop
      vertex -38.8431 24.7095 5
      vertex -38.9486 24.875 0
      vertex -38.9486 24.875 5
    endloop
  endfacet
  facet normal 0.843242 0.537535 0
    outer loop
      vertex -38.9486 24.875 0
      vertex -38.8431 24.7095 5
      vertex -38.8431 24.7095 0
    endloop
  endfacet
  facet normal 0.73726 -0.675609 0
    outer loop
      vertex -38.7236 27.4463 5
      vertex -38.591 27.591 0
      vertex -38.591 27.591 5
    endloop
  endfacet
  facet normal 0.73726 -0.675609 0
    outer loop
      vertex -38.591 27.591 0
      vertex -38.7236 27.4463 5
      vertex -38.7236 27.4463 0
    endloop
  endfacet
  facet normal -0.991459 -0.130422 0
    outer loop
      vertex 39.2414 8.1961 0
      vertex 39.2158 8.39071 5
      vertex 39.2158 8.39071 0
    endloop
  endfacet
  facet normal -0.991459 -0.130422 0
    outer loop
      vertex 39.2158 8.39071 5
      vertex 39.2414 8.1961 0
      vertex 39.2414 8.1961 5
    endloop
  endfacet
  facet normal -0.99904 -0.0438131 0
    outer loop
      vertex 39.25 8 0
      vertex 39.2414 8.1961 5
      vertex 39.2414 8.1961 0
    endloop
  endfacet
  facet normal -0.99904 -0.0438131 0
    outer loop
      vertex 39.2414 8.1961 5
      vertex 39.25 8 0
      vertex 39.25 8 5
    endloop
  endfacet
  facet normal 0.216553 -0.976271 0
    outer loop
      vertex 36.4177 10.1733 0
      vertex 36.6093 10.2158 5
      vertex 36.4177 10.1733 5
    endloop
  endfacet
  facet normal 0.216553 -0.976271 0
    outer loop
      vertex 36.6093 10.2158 5
      vertex 36.4177 10.1733 0
      vertex 36.6093 10.2158 0
    endloop
  endfacet
  facet normal 0.923904 0.382625 0
    outer loop
      vertex 34.9608 7.04911 5
      vertex 34.8857 7.23045 0
      vertex 34.8857 7.23045 5
    endloop
  endfacet
  facet normal 0.923904 0.382625 0
    outer loop
      vertex 34.8857 7.23045 0
      vertex 34.9608 7.04911 5
      vertex 34.9608 7.04911 0
    endloop
  endfacet
  facet normal -0.537426 -0.843311 0
    outer loop
      vertex 38.125 9.94856 0
      vertex 38.2905 9.84309 5
      vertex 38.125 9.94856 5
    endloop
  endfacet
  facet normal -0.537426 -0.843311 -0
    outer loop
      vertex 38.2905 9.84309 5
      vertex 38.125 9.94856 0
      vertex 38.2905 9.84309 0
    endloop
  endfacet
  facet normal -0.537426 0.843311 0
    outer loop
      vertex 38.2905 6.15691 0
      vertex 38.125 6.05144 5
      vertex 38.2905 6.15691 5
    endloop
  endfacet
  facet normal -0.537426 0.843311 0
    outer loop
      vertex 38.125 6.05144 5
      vertex 38.2905 6.15691 0
      vertex 38.125 6.05144 0
    endloop
  endfacet
  facet normal -0.0436097 0.999049 0
    outer loop
      vertex 37.1961 5.75856 0
      vertex 37 5.75 5
      vertex 37.1961 5.75856 5
    endloop
  endfacet
  facet normal -0.0436097 0.999049 0
    outer loop
      vertex 37 5.75 5
      vertex 37.1961 5.75856 0
      vertex 37 5.75 0
    endloop
  endfacet
  facet normal -0.382604 0.923913 0
    outer loop
      vertex 37.9509 5.96081 0
      vertex 37.7695 5.88569 5
      vertex 37.9509 5.96081 5
    endloop
  endfacet
  facet normal -0.382604 0.923913 0
    outer loop
      vertex 37.7695 5.88569 5
      vertex 37.9509 5.96081 0
      vertex 37.7695 5.88569 0
    endloop
  endfacet
  facet normal 0.0438131 -0.99904 0
    outer loop
      vertex 36.8039 10.2414 0
      vertex 37 10.25 5
      vertex 36.8039 10.2414 5
    endloop
  endfacet
  facet normal 0.0438131 -0.99904 0
    outer loop
      vertex 37 10.25 5
      vertex 36.8039 10.2414 0
      vertex 37 10.25 0
    endloop
  endfacet
  facet normal -0.953752 -0.300595 0
    outer loop
      vertex 39.1733 8.58234 0
      vertex 39.1143 8.76954 5
      vertex 39.1143 8.76954 0
    endloop
  endfacet
  facet normal -0.953752 -0.300595 0
    outer loop
      vertex 39.1143 8.76954 5
      vertex 39.1733 8.58234 0
      vertex 39.1733 8.58234 5
    endloop
  endfacet
  facet normal 0.843315 0.537419 0
    outer loop
      vertex 35.1569 6.70945 5
      vertex 35.0514 6.875 0
      vertex 35.0514 6.875 5
    endloop
  endfacet
  facet normal 0.843315 0.537419 0
    outer loop
      vertex 35.0514 6.875 0
      vertex 35.1569 6.70945 5
      vertex 35.1569 6.70945 0
    endloop
  endfacet
  facet normal -0.130528 0.991445 0
    outer loop
      vertex 37.3907 5.78418 0
      vertex 37.1961 5.75856 5
      vertex 37.3907 5.78418 5
    endloop
  endfacet
  facet normal -0.130528 0.991445 0
    outer loop
      vertex 37.1961 5.75856 5
      vertex 37.3907 5.78418 0
      vertex 37.1961 5.75856 0
    endloop
  endfacet
  facet normal -0.887086 -0.461605 0
    outer loop
      vertex 39.0392 8.95089 0
      vertex 38.9486 9.125 5
      vertex 38.9486 9.125 0
    endloop
  endfacet
  facet normal -0.887086 -0.461605 0
    outer loop
      vertex 38.9486 9.125 5
      vertex 39.0392 8.95089 0
      vertex 39.0392 8.95089 5
    endloop
  endfacet
  facet normal 0.0436097 0.999049 -0
    outer loop
      vertex 37 5.75 0
      vertex 36.8039 5.75856 5
      vertex 37 5.75 5
    endloop
  endfacet
  facet normal 0.0436097 0.999049 0
    outer loop
      vertex 36.8039 5.75856 5
      vertex 37 5.75 0
      vertex 36.8039 5.75856 0
    endloop
  endfacet
  facet normal -0.675637 -0.737235 0
    outer loop
      vertex 38.4463 9.7236 0
      vertex 38.591 9.59099 5
      vertex 38.4463 9.7236 5
    endloop
  endfacet
  facet normal -0.675637 -0.737235 -0
    outer loop
      vertex 38.591 9.59099 5
      vertex 38.4463 9.7236 0
      vertex 38.591 9.59099 0
    endloop
  endfacet
  facet normal -0.608571 -0.7935 0
    outer loop
      vertex 38.2905 9.84309 0
      vertex 38.4463 9.7236 5
      vertex 38.2905 9.84309 5
    endloop
  endfacet
  facet normal -0.608571 -0.7935 -0
    outer loop
      vertex 38.4463 9.7236 5
      vertex 38.2905 9.84309 0
      vertex 38.4463 9.7236 0
    endloop
  endfacet
  facet normal 0.991459 -0.130422 0
    outer loop
      vertex 34.7586 8.1961 5
      vertex 34.7842 8.39071 0
      vertex 34.7842 8.39071 5
    endloop
  endfacet
  facet normal 0.991459 -0.130422 0
    outer loop
      vertex 34.7842 8.39071 0
      vertex 34.7586 8.1961 5
      vertex 34.7586 8.1961 0
    endloop
  endfacet
  facet normal -0.793324 0.608799 0
    outer loop
      vertex 38.7236 6.55373 0
      vertex 38.8431 6.70945 5
      vertex 38.8431 6.70945 0
    endloop
  endfacet
  facet normal -0.793324 0.608799 0
    outer loop
      vertex 38.8431 6.70945 5
      vertex 38.7236 6.55373 0
      vertex 38.7236 6.55373 5
    endloop
  endfacet
  facet normal -0.976278 0.21652 0
    outer loop
      vertex 39.1733 7.41766 0
      vertex 39.2158 7.60929 5
      vertex 39.2158 7.60929 0
    endloop
  endfacet
  facet normal -0.976278 0.21652 0
    outer loop
      vertex 39.2158 7.60929 5
      vertex 39.1733 7.41766 0
      vertex 39.1733 7.41766 5
    endloop
  endfacet
  facet normal 0.537426 -0.843311 0
    outer loop
      vertex 35.7095 9.84309 0
      vertex 35.875 9.94856 5
      vertex 35.7095 9.84309 5
    endloop
  endfacet
  facet normal 0.537426 -0.843311 0
    outer loop
      vertex 35.875 9.94856 5
      vertex 35.7095 9.84309 0
      vertex 35.875 9.94856 0
    endloop
  endfacet
  facet normal -0.793324 -0.608799 0
    outer loop
      vertex 38.8431 9.29055 0
      vertex 38.7236 9.44627 5
      vertex 38.7236 9.44627 0
    endloop
  endfacet
  facet normal -0.793324 -0.608799 0
    outer loop
      vertex 38.7236 9.44627 5
      vertex 38.8431 9.29055 0
      vertex 38.8431 9.29055 5
    endloop
  endfacet
  facet normal 0.130428 -0.991458 0
    outer loop
      vertex 36.6093 10.2158 0
      vertex 36.8039 10.2414 5
      vertex 36.6093 10.2158 5
    endloop
  endfacet
  facet normal 0.130428 -0.991458 0
    outer loop
      vertex 36.8039 10.2414 5
      vertex 36.6093 10.2158 0
      vertex 36.8039 10.2414 0
    endloop
  endfacet
  facet normal 0.953757 0.30058 0
    outer loop
      vertex 34.8857 7.23045 5
      vertex 34.8267 7.41766 0
      vertex 34.8267 7.41766 5
    endloop
  endfacet
  facet normal 0.953757 0.30058 0
    outer loop
      vertex 34.8267 7.41766 0
      vertex 34.8857 7.23045 5
      vertex 34.8857 7.23045 0
    endloop
  endfacet
  facet normal 0.608571 0.7935 -0
    outer loop
      vertex 35.7095 6.15691 0
      vertex 35.5537 6.2764 5
      vertex 35.7095 6.15691 5
    endloop
  endfacet
  facet normal 0.608571 0.7935 0
    outer loop
      vertex 35.5537 6.2764 5
      vertex 35.7095 6.15691 0
      vertex 35.5537 6.2764 0
    endloop
  endfacet
  facet normal 0.382517 -0.923949 0
    outer loop
      vertex 36.0491 10.0392 0
      vertex 36.2305 10.1143 5
      vertex 36.0491 10.0392 5
    endloop
  endfacet
  facet normal 0.382517 -0.923949 0
    outer loop
      vertex 36.2305 10.1143 5
      vertex 36.0491 10.0392 0
      vertex 36.2305 10.1143 0
    endloop
  endfacet
  facet normal -0.887086 0.461605 0
    outer loop
      vertex 38.9486 6.875 0
      vertex 39.0392 7.04911 5
      vertex 39.0392 7.04911 0
    endloop
  endfacet
  facet normal -0.887086 0.461605 0
    outer loop
      vertex 39.0392 7.04911 5
      vertex 38.9486 6.875 0
      vertex 38.9486 6.875 5
    endloop
  endfacet
  facet normal 0.923911 -0.382607 0
    outer loop
      vertex 34.8857 8.76954 5
      vertex 34.9608 8.95089 0
      vertex 34.9608 8.95089 5
    endloop
  endfacet
  facet normal 0.923911 -0.382607 0
    outer loop
      vertex 34.9608 8.95089 0
      vertex 34.8857 8.76954 5
      vertex 34.8857 8.76954 0
    endloop
  endfacet
  facet normal -0.675637 0.737235 0
    outer loop
      vertex 38.591 6.40901 0
      vertex 38.4463 6.2764 5
      vertex 38.591 6.40901 5
    endloop
  endfacet
  facet normal -0.675637 0.737235 0
    outer loop
      vertex 38.4463 6.2764 5
      vertex 38.591 6.40901 0
      vertex 38.4463 6.2764 0
    endloop
  endfacet
  facet normal -0.923904 0.382625 0
    outer loop
      vertex 39.0392 7.04911 0
      vertex 39.1143 7.23045 5
      vertex 39.1143 7.23045 0
    endloop
  endfacet
  facet normal -0.923904 0.382625 0
    outer loop
      vertex 39.1143 7.23045 5
      vertex 39.0392 7.04911 0
      vertex 39.0392 7.04911 5
    endloop
  endfacet
  facet normal 0.887086 0.461605 0
    outer loop
      vertex 35.0514 6.875 5
      vertex 34.9608 7.04911 0
      vertex 34.9608 7.04911 5
    endloop
  endfacet
  facet normal 0.887086 0.461605 0
    outer loop
      vertex 34.9608 7.04911 0
      vertex 35.0514 6.875 5
      vertex 35.0514 6.875 0
    endloop
  endfacet
  facet normal 0.843315 -0.537419 0
    outer loop
      vertex 35.0514 9.125 5
      vertex 35.1569 9.29055 0
      vertex 35.1569 9.29055 5
    endloop
  endfacet
  facet normal 0.843315 -0.537419 0
    outer loop
      vertex 35.1569 9.29055 0
      vertex 35.0514 9.125 5
      vertex 35.0514 9.125 0
    endloop
  endfacet
  facet normal -0.923911 -0.382607 0
    outer loop
      vertex 39.1143 8.76954 0
      vertex 39.0392 8.95089 5
      vertex 39.0392 8.95089 0
    endloop
  endfacet
  facet normal -0.923911 -0.382607 0
    outer loop
      vertex 39.0392 8.95089 5
      vertex 39.1143 8.76954 0
      vertex 39.1143 8.76954 5
    endloop
  endfacet
  facet normal 0.675637 0.737235 -0
    outer loop
      vertex 35.5537 6.2764 0
      vertex 35.409 6.40901 5
      vertex 35.5537 6.2764 5
    endloop
  endfacet
  facet normal 0.675637 0.737235 0
    outer loop
      vertex 35.409 6.40901 5
      vertex 35.5537 6.2764 0
      vertex 35.409 6.40901 0
    endloop
  endfacet
  facet normal 0.382604 0.923913 -0
    outer loop
      vertex 36.2305 5.88569 0
      vertex 36.0491 5.96081 5
      vertex 36.2305 5.88569 5
    endloop
  endfacet
  facet normal 0.382604 0.923913 0
    outer loop
      vertex 36.0491 5.96081 5
      vertex 36.2305 5.88569 0
      vertex 36.0491 5.96081 0
    endloop
  endfacet
  facet normal -0.382517 -0.923949 0
    outer loop
      vertex 37.7695 10.1143 0
      vertex 37.9509 10.0392 5
      vertex 37.7695 10.1143 5
    endloop
  endfacet
  facet normal -0.382517 -0.923949 -0
    outer loop
      vertex 37.9509 10.0392 5
      vertex 37.7695 10.1143 0
      vertex 37.9509 10.0392 0
    endloop
  endfacet
  facet normal 0.300595 -0.953752 0
    outer loop
      vertex 36.2305 10.1143 0
      vertex 36.4177 10.1733 5
      vertex 36.2305 10.1143 5
    endloop
  endfacet
  facet normal 0.300595 -0.953752 0
    outer loop
      vertex 36.4177 10.1733 5
      vertex 36.2305 10.1143 0
      vertex 36.4177 10.1733 0
    endloop
  endfacet
  facet normal -0.216553 -0.976271 0
    outer loop
      vertex 37.3907 10.2158 0
      vertex 37.5823 10.1733 5
      vertex 37.3907 10.2158 5
    endloop
  endfacet
  facet normal -0.216553 -0.976271 -0
    outer loop
      vertex 37.5823 10.1733 5
      vertex 37.3907 10.2158 0
      vertex 37.5823 10.1733 0
    endloop
  endfacet
  facet normal -0.953757 0.30058 0
    outer loop
      vertex 39.1143 7.23045 0
      vertex 39.1733 7.41766 5
      vertex 39.1733 7.41766 0
    endloop
  endfacet
  facet normal -0.953757 0.30058 0
    outer loop
      vertex 39.1733 7.41766 5
      vertex 39.1143 7.23045 0
      vertex 39.1143 7.23045 5
    endloop
  endfacet
  facet normal -0.843315 0.537419 0
    outer loop
      vertex 38.8431 6.70945 0
      vertex 38.9486 6.875 5
      vertex 38.9486 6.875 0
    endloop
  endfacet
  facet normal -0.843315 0.537419 0
    outer loop
      vertex 38.9486 6.875 5
      vertex 38.8431 6.70945 0
      vertex 38.8431 6.70945 5
    endloop
  endfacet
  facet normal -0.461786 -0.886991 0
    outer loop
      vertex 37.9509 10.0392 0
      vertex 38.125 9.94856 5
      vertex 37.9509 10.0392 5
    endloop
  endfacet
  facet normal -0.461786 -0.886991 -0
    outer loop
      vertex 38.125 9.94856 5
      vertex 37.9509 10.0392 0
      vertex 38.125 9.94856 0
    endloop
  endfacet
  facet normal 0.793324 0.608799 0
    outer loop
      vertex 35.2764 6.55373 5
      vertex 35.1569 6.70945 0
      vertex 35.1569 6.70945 5
    endloop
  endfacet
  facet normal 0.793324 0.608799 0
    outer loop
      vertex 35.1569 6.70945 0
      vertex 35.2764 6.55373 5
      vertex 35.2764 6.55373 0
    endloop
  endfacet
  facet normal -0.843315 -0.537419 0
    outer loop
      vertex 38.9486 9.125 0
      vertex 38.8431 9.29055 5
      vertex 38.8431 9.29055 0
    endloop
  endfacet
  facet normal -0.843315 -0.537419 0
    outer loop
      vertex 38.8431 9.29055 5
      vertex 38.9486 9.125 0
      vertex 38.9486 9.125 5
    endloop
  endfacet
  facet normal 0.461786 -0.886991 0
    outer loop
      vertex 35.875 9.94856 0
      vertex 36.0491 10.0392 5
      vertex 35.875 9.94856 5
    endloop
  endfacet
  facet normal 0.461786 -0.886991 0
    outer loop
      vertex 36.0491 10.0392 5
      vertex 35.875 9.94856 0
      vertex 36.0491 10.0392 0
    endloop
  endfacet
  facet normal 0.737306 -0.675559 0
    outer loop
      vertex 35.2764 9.44627 5
      vertex 35.409 9.59099 0
      vertex 35.409 9.59099 5
    endloop
  endfacet
  facet normal 0.737306 -0.675559 0
    outer loop
      vertex 35.409 9.59099 0
      vertex 35.2764 9.44627 5
      vertex 35.2764 9.44627 0
    endloop
  endfacet
  facet normal 0.675637 -0.737235 0
    outer loop
      vertex 35.409 9.59099 0
      vertex 35.5537 9.7236 5
      vertex 35.409 9.59099 5
    endloop
  endfacet
  facet normal 0.675637 -0.737235 0
    outer loop
      vertex 35.5537 9.7236 5
      vertex 35.409 9.59099 0
      vertex 35.5537 9.7236 0
    endloop
  endfacet
  facet normal 0.216504 0.976282 -0
    outer loop
      vertex 36.6093 5.78418 0
      vertex 36.4177 5.82667 5
      vertex 36.6093 5.78418 5
    endloop
  endfacet
  facet normal 0.216504 0.976282 0
    outer loop
      vertex 36.4177 5.82667 5
      vertex 36.6093 5.78418 0
      vertex 36.4177 5.82667 0
    endloop
  endfacet
  facet normal 0.130528 0.991445 -0
    outer loop
      vertex 36.8039 5.75856 0
      vertex 36.6093 5.78418 5
      vertex 36.8039 5.75856 5
    endloop
  endfacet
  facet normal 0.130528 0.991445 0
    outer loop
      vertex 36.6093 5.78418 5
      vertex 36.8039 5.75856 0
      vertex 36.6093 5.78418 0
    endloop
  endfacet
  facet normal 0.976278 -0.21652 0
    outer loop
      vertex 34.7842 8.39071 5
      vertex 34.8267 8.58234 0
      vertex 34.8267 8.58234 5
    endloop
  endfacet
  facet normal 0.976278 -0.21652 0
    outer loop
      vertex 34.8267 8.58234 0
      vertex 34.7842 8.39071 5
      vertex 34.7842 8.39071 0
    endloop
  endfacet
  facet normal 0.976278 0.21652 0
    outer loop
      vertex 34.8267 7.41766 5
      vertex 34.7842 7.60929 0
      vertex 34.7842 7.60929 5
    endloop
  endfacet
  facet normal 0.976278 0.21652 0
    outer loop
      vertex 34.7842 7.60929 0
      vertex 34.8267 7.41766 5
      vertex 34.8267 7.41766 0
    endloop
  endfacet
  facet normal -0.216504 0.976282 0
    outer loop
      vertex 37.5823 5.82667 0
      vertex 37.3907 5.78418 5
      vertex 37.5823 5.82667 5
    endloop
  endfacet
  facet normal -0.216504 0.976282 0
    outer loop
      vertex 37.3907 5.78418 5
      vertex 37.5823 5.82667 0
      vertex 37.3907 5.78418 0
    endloop
  endfacet
  facet normal -0.300595 -0.953752 0
    outer loop
      vertex 37.5823 10.1733 0
      vertex 37.7695 10.1143 5
      vertex 37.5823 10.1733 5
    endloop
  endfacet
  facet normal -0.300595 -0.953752 -0
    outer loop
      vertex 37.7695 10.1143 5
      vertex 37.5823 10.1733 0
      vertex 37.7695 10.1143 0
    endloop
  endfacet
  facet normal -0.461746 0.887012 0
    outer loop
      vertex 38.125 6.05144 0
      vertex 37.9509 5.96081 5
      vertex 38.125 6.05144 5
    endloop
  endfacet
  facet normal -0.461746 0.887012 0
    outer loop
      vertex 37.9509 5.96081 5
      vertex 38.125 6.05144 0
      vertex 37.9509 5.96081 0
    endloop
  endfacet
  facet normal -0.991459 0.130422 0
    outer loop
      vertex 39.2158 7.60929 0
      vertex 39.2414 7.8039 5
      vertex 39.2414 7.8039 0
    endloop
  endfacet
  facet normal -0.991459 0.130422 0
    outer loop
      vertex 39.2414 7.8039 5
      vertex 39.2158 7.60929 0
      vertex 39.2158 7.60929 5
    endloop
  endfacet
  facet normal -0.99904 0.0438131 0
    outer loop
      vertex 39.2414 7.8039 0
      vertex 39.25 8 5
      vertex 39.25 8 0
    endloop
  endfacet
  facet normal -0.99904 0.0438131 0
    outer loop
      vertex 39.25 8 5
      vertex 39.2414 7.8039 0
      vertex 39.2414 7.8039 5
    endloop
  endfacet
  facet normal 0.991459 0.130422 0
    outer loop
      vertex 34.7842 7.60929 5
      vertex 34.7586 7.8039 0
      vertex 34.7586 7.8039 5
    endloop
  endfacet
  facet normal 0.991459 0.130422 0
    outer loop
      vertex 34.7586 7.8039 0
      vertex 34.7842 7.60929 5
      vertex 34.7842 7.60929 0
    endloop
  endfacet
  facet normal -0.0438131 -0.99904 0
    outer loop
      vertex 37 10.25 0
      vertex 37.1961 10.2414 5
      vertex 37 10.25 5
    endloop
  endfacet
  facet normal -0.0438131 -0.99904 -0
    outer loop
      vertex 37.1961 10.2414 5
      vertex 37 10.25 0
      vertex 37.1961 10.2414 0
    endloop
  endfacet
  facet normal 0.537426 0.843311 -0
    outer loop
      vertex 35.875 6.05144 0
      vertex 35.7095 6.15691 5
      vertex 35.875 6.05144 5
    endloop
  endfacet
  facet normal 0.537426 0.843311 0
    outer loop
      vertex 35.7095 6.15691 5
      vertex 35.875 6.05144 0
      vertex 35.7095 6.15691 0
    endloop
  endfacet
  facet normal -0.608571 0.7935 0
    outer loop
      vertex 38.4463 6.2764 0
      vertex 38.2905 6.15691 5
      vertex 38.4463 6.2764 5
    endloop
  endfacet
  facet normal -0.608571 0.7935 0
    outer loop
      vertex 38.2905 6.15691 5
      vertex 38.4463 6.2764 0
      vertex 38.2905 6.15691 0
    endloop
  endfacet
  facet normal -0.300688 0.953723 0
    outer loop
      vertex 37.7695 5.88569 0
      vertex 37.5823 5.82667 5
      vertex 37.7695 5.88569 5
    endloop
  endfacet
  facet normal -0.300688 0.953723 0
    outer loop
      vertex 37.5823 5.82667 5
      vertex 37.7695 5.88569 0
      vertex 37.5823 5.82667 0
    endloop
  endfacet
  facet normal -0.737306 -0.675559 0
    outer loop
      vertex 38.7236 9.44627 0
      vertex 38.591 9.59099 5
      vertex 38.591 9.59099 0
    endloop
  endfacet
  facet normal -0.737306 -0.675559 0
    outer loop
      vertex 38.591 9.59099 5
      vertex 38.7236 9.44627 0
      vertex 38.7236 9.44627 5
    endloop
  endfacet
  facet normal 0.300688 0.953723 -0
    outer loop
      vertex 36.4177 5.82667 0
      vertex 36.2305 5.88569 5
      vertex 36.4177 5.82667 5
    endloop
  endfacet
  facet normal 0.300688 0.953723 0
    outer loop
      vertex 36.2305 5.88569 5
      vertex 36.4177 5.82667 0
      vertex 36.2305 5.88569 0
    endloop
  endfacet
  facet normal 0.793324 -0.608799 0
    outer loop
      vertex 35.1569 9.29055 5
      vertex 35.2764 9.44627 0
      vertex 35.2764 9.44627 5
    endloop
  endfacet
  facet normal 0.793324 -0.608799 0
    outer loop
      vertex 35.2764 9.44627 0
      vertex 35.1569 9.29055 5
      vertex 35.1569 9.29055 0
    endloop
  endfacet
  facet normal -0.976278 -0.21652 0
    outer loop
      vertex 39.2158 8.39071 0
      vertex 39.1733 8.58234 5
      vertex 39.1733 8.58234 0
    endloop
  endfacet
  facet normal -0.976278 -0.21652 0
    outer loop
      vertex 39.1733 8.58234 5
      vertex 39.2158 8.39071 0
      vertex 39.2158 8.39071 5
    endloop
  endfacet
  facet normal -0.130428 -0.991458 0
    outer loop
      vertex 37.1961 10.2414 0
      vertex 37.3907 10.2158 5
      vertex 37.1961 10.2414 5
    endloop
  endfacet
  facet normal -0.130428 -0.991458 -0
    outer loop
      vertex 37.3907 10.2158 5
      vertex 37.1961 10.2414 0
      vertex 37.3907 10.2158 0
    endloop
  endfacet
  facet normal 0.99904 -0.0438131 0
    outer loop
      vertex 34.75 8 5
      vertex 34.7586 8.1961 0
      vertex 34.7586 8.1961 5
    endloop
  endfacet
  facet normal 0.99904 -0.0438131 0
    outer loop
      vertex 34.7586 8.1961 0
      vertex 34.75 8 5
      vertex 34.75 8 0
    endloop
  endfacet
  facet normal 0.99904 0.0438131 0
    outer loop
      vertex 34.7586 7.8039 5
      vertex 34.75 8 0
      vertex 34.75 8 5
    endloop
  endfacet
  facet normal 0.99904 0.0438131 0
    outer loop
      vertex 34.75 8 0
      vertex 34.7586 7.8039 5
      vertex 34.7586 7.8039 0
    endloop
  endfacet
  facet normal 0.953752 -0.300595 0
    outer loop
      vertex 34.8267 8.58234 5
      vertex 34.8857 8.76954 0
      vertex 34.8857 8.76954 5
    endloop
  endfacet
  facet normal 0.953752 -0.300595 0
    outer loop
      vertex 34.8857 8.76954 0
      vertex 34.8267 8.58234 5
      vertex 34.8267 8.58234 0
    endloop
  endfacet
  facet normal 0.461746 0.887012 -0
    outer loop
      vertex 36.0491 5.96081 0
      vertex 35.875 6.05144 5
      vertex 36.0491 5.96081 5
    endloop
  endfacet
  facet normal 0.461746 0.887012 0
    outer loop
      vertex 35.875 6.05144 5
      vertex 36.0491 5.96081 0
      vertex 35.875 6.05144 0
    endloop
  endfacet
  facet normal -0.737306 0.675559 0
    outer loop
      vertex 38.591 6.40901 0
      vertex 38.7236 6.55373 5
      vertex 38.7236 6.55373 0
    endloop
  endfacet
  facet normal -0.737306 0.675559 0
    outer loop
      vertex 38.7236 6.55373 5
      vertex 38.591 6.40901 0
      vertex 38.591 6.40901 5
    endloop
  endfacet
  facet normal 0.608571 -0.7935 0
    outer loop
      vertex 35.5537 9.7236 0
      vertex 35.7095 9.84309 5
      vertex 35.5537 9.7236 5
    endloop
  endfacet
  facet normal 0.608571 -0.7935 0
    outer loop
      vertex 35.7095 9.84309 5
      vertex 35.5537 9.7236 0
      vertex 35.7095 9.84309 0
    endloop
  endfacet
  facet normal 0.737306 0.675559 0
    outer loop
      vertex 35.409 6.40901 5
      vertex 35.2764 6.55373 0
      vertex 35.2764 6.55373 5
    endloop
  endfacet
  facet normal 0.737306 0.675559 0
    outer loop
      vertex 35.2764 6.55373 0
      vertex 35.409 6.40901 5
      vertex 35.409 6.40901 0
    endloop
  endfacet
  facet normal 0.887086 -0.461605 0
    outer loop
      vertex 34.9608 8.95089 5
      vertex 35.0514 9.125 0
      vertex 35.0514 9.125 5
    endloop
  endfacet
  facet normal 0.887086 -0.461605 0
    outer loop
      vertex 35.0514 9.125 0
      vertex 34.9608 8.95089 5
      vertex 34.9608 8.95089 0
    endloop
  endfacet
  facet normal -0.991458 -0.130428 0
    outer loop
      vertex 39.2414 26.1961 0
      vertex 39.2158 26.3907 5
      vertex 39.2158 26.3907 0
    endloop
  endfacet
  facet normal -0.991458 -0.130428 0
    outer loop
      vertex 39.2158 26.3907 5
      vertex 39.2414 26.1961 0
      vertex 39.2414 26.1961 5
    endloop
  endfacet
  facet normal -0.99904 -0.0438131 0
    outer loop
      vertex 39.25 26 0
      vertex 39.2414 26.1961 5
      vertex 39.2414 26.1961 0
    endloop
  endfacet
  facet normal -0.99904 -0.0438131 0
    outer loop
      vertex 39.2414 26.1961 5
      vertex 39.25 26 0
      vertex 39.25 26 5
    endloop
  endfacet
  facet normal 0.216553 -0.976271 0
    outer loop
      vertex 36.4177 28.1733 0
      vertex 36.6093 28.2158 5
      vertex 36.4177 28.1733 5
    endloop
  endfacet
  facet normal 0.216553 -0.976271 0
    outer loop
      vertex 36.6093 28.2158 5
      vertex 36.4177 28.1733 0
      vertex 36.6093 28.2158 0
    endloop
  endfacet
  facet normal 0.923949 0.382517 0
    outer loop
      vertex 34.9608 25.0491 5
      vertex 34.8857 25.2305 0
      vertex 34.8857 25.2305 5
    endloop
  endfacet
  facet normal 0.923949 0.382517 0
    outer loop
      vertex 34.8857 25.2305 0
      vertex 34.9608 25.0491 5
      vertex 34.9608 25.0491 0
    endloop
  endfacet
  facet normal -0.461625 0.887075 0
    outer loop
      vertex 38.125 24.0514 0
      vertex 37.9509 23.9608 5
      vertex 38.125 24.0514 5
    endloop
  endfacet
  facet normal -0.461625 0.887075 0
    outer loop
      vertex 37.9509 23.9608 5
      vertex 38.125 24.0514 0
      vertex 37.9509 23.9608 0
    endloop
  endfacet
  facet normal -0.537535 -0.843242 0
    outer loop
      vertex 38.125 27.9486 0
      vertex 38.2905 27.8431 5
      vertex 38.125 27.9486 5
    endloop
  endfacet
  facet normal -0.537535 -0.843242 -0
    outer loop
      vertex 38.2905 27.8431 5
      vertex 38.125 27.9486 0
      vertex 38.2905 27.8431 0
    endloop
  endfacet
  facet normal -0.537535 0.843242 0
    outer loop
      vertex 38.2905 24.1569 0
      vertex 38.125 24.0514 5
      vertex 38.2905 24.1569 5
    endloop
  endfacet
  facet normal -0.537535 0.843242 0
    outer loop
      vertex 38.125 24.0514 5
      vertex 38.2905 24.1569 0
      vertex 38.125 24.0514 0
    endloop
  endfacet
  facet normal -0.0438131 0.99904 0
    outer loop
      vertex 37.1961 23.7586 0
      vertex 37 23.75 5
      vertex 37.1961 23.7586 5
    endloop
  endfacet
  facet normal -0.0438131 0.99904 0
    outer loop
      vertex 37 23.75 5
      vertex 37.1961 23.7586 0
      vertex 37 23.75 0
    endloop
  endfacet
  facet normal -0.382517 0.923949 0
    outer loop
      vertex 37.9509 23.9608 0
      vertex 37.7695 23.8857 5
      vertex 37.9509 23.9608 5
    endloop
  endfacet
  facet normal -0.382517 0.923949 0
    outer loop
      vertex 37.7695 23.8857 5
      vertex 37.9509 23.9608 0
      vertex 37.7695 23.8857 0
    endloop
  endfacet
  facet normal 0.0438131 -0.99904 0
    outer loop
      vertex 36.8039 28.2414 0
      vertex 37 28.25 5
      vertex 36.8039 28.2414 5
    endloop
  endfacet
  facet normal 0.0438131 -0.99904 0
    outer loop
      vertex 37 28.25 5
      vertex 36.8039 28.2414 0
      vertex 37 28.25 0
    endloop
  endfacet
  facet normal -0.953752 -0.300595 0
    outer loop
      vertex 39.1733 26.5823 0
      vertex 39.1143 26.7695 5
      vertex 39.1143 26.7695 0
    endloop
  endfacet
  facet normal -0.953752 -0.300595 0
    outer loop
      vertex 39.1143 26.7695 5
      vertex 39.1733 26.5823 0
      vertex 39.1733 26.5823 5
    endloop
  endfacet
  facet normal 0.843242 0.537535 0
    outer loop
      vertex 35.1569 24.7095 5
      vertex 35.0514 24.875 0
      vertex 35.0514 24.875 5
    endloop
  endfacet
  facet normal 0.843242 0.537535 0
    outer loop
      vertex 35.0514 24.875 0
      vertex 35.1569 24.7095 5
      vertex 35.1569 24.7095 0
    endloop
  endfacet
  facet normal -0.130428 0.991458 0
    outer loop
      vertex 37.3907 23.7842 0
      vertex 37.1961 23.7586 5
      vertex 37.3907 23.7842 5
    endloop
  endfacet
  facet normal -0.130428 0.991458 0
    outer loop
      vertex 37.1961 23.7586 5
      vertex 37.3907 23.7842 0
      vertex 37.1961 23.7586 0
    endloop
  endfacet
  facet normal -0.887075 -0.461625 0
    outer loop
      vertex 39.0392 26.9509 0
      vertex 38.9486 27.125 5
      vertex 38.9486 27.125 0
    endloop
  endfacet
  facet normal -0.887075 -0.461625 0
    outer loop
      vertex 38.9486 27.125 5
      vertex 39.0392 26.9509 0
      vertex 39.0392 26.9509 5
    endloop
  endfacet
  facet normal 0.0438131 0.99904 -0
    outer loop
      vertex 37 23.75 0
      vertex 36.8039 23.7586 5
      vertex 37 23.75 5
    endloop
  endfacet
  facet normal 0.0438131 0.99904 0
    outer loop
      vertex 36.8039 23.7586 5
      vertex 37 23.75 0
      vertex 36.8039 23.7586 0
    endloop
  endfacet
  facet normal -0.675609 -0.73726 0
    outer loop
      vertex 38.4463 27.7236 0
      vertex 38.591 27.591 5
      vertex 38.4463 27.7236 5
    endloop
  endfacet
  facet normal -0.675609 -0.73726 -0
    outer loop
      vertex 38.591 27.591 5
      vertex 38.4463 27.7236 0
      vertex 38.591 27.591 0
    endloop
  endfacet
  facet normal -0.608603 -0.793475 0
    outer loop
      vertex 38.2905 27.8431 0
      vertex 38.4463 27.7236 5
      vertex 38.2905 27.8431 5
    endloop
  endfacet
  facet normal -0.608603 -0.793475 -0
    outer loop
      vertex 38.4463 27.7236 5
      vertex 38.2905 27.8431 0
      vertex 38.4463 27.7236 0
    endloop
  endfacet
  facet normal 0.991458 -0.130428 0
    outer loop
      vertex 34.7586 26.1961 5
      vertex 34.7842 26.3907 0
      vertex 34.7842 26.3907 5
    endloop
  endfacet
  facet normal 0.991458 -0.130428 0
    outer loop
      vertex 34.7842 26.3907 0
      vertex 34.7586 26.1961 5
      vertex 34.7586 26.1961 0
    endloop
  endfacet
  facet normal -0.793475 0.608603 0
    outer loop
      vertex 38.7236 24.5537 0
      vertex 38.8431 24.7095 5
      vertex 38.8431 24.7095 0
    endloop
  endfacet
  facet normal -0.793475 0.608603 0
    outer loop
      vertex 38.8431 24.7095 5
      vertex 38.7236 24.5537 0
      vertex 38.7236 24.5537 5
    endloop
  endfacet
  facet normal -0.976271 0.216553 0
    outer loop
      vertex 39.1733 25.4177 0
      vertex 39.2158 25.6093 5
      vertex 39.2158 25.6093 0
    endloop
  endfacet
  facet normal -0.976271 0.216553 0
    outer loop
      vertex 39.2158 25.6093 5
      vertex 39.1733 25.4177 0
      vertex 39.1733 25.4177 5
    endloop
  endfacet
  facet normal 0.537535 -0.843242 0
    outer loop
      vertex 35.7095 27.8431 0
      vertex 35.875 27.9486 5
      vertex 35.7095 27.8431 5
    endloop
  endfacet
  facet normal 0.537535 -0.843242 0
    outer loop
      vertex 35.875 27.9486 5
      vertex 35.7095 27.8431 0
      vertex 35.875 27.9486 0
    endloop
  endfacet
  facet normal -0.793475 -0.608603 0
    outer loop
      vertex 38.8431 27.2905 0
      vertex 38.7236 27.4463 5
      vertex 38.7236 27.4463 0
    endloop
  endfacet
  facet normal -0.793475 -0.608603 0
    outer loop
      vertex 38.7236 27.4463 5
      vertex 38.8431 27.2905 0
      vertex 38.8431 27.2905 5
    endloop
  endfacet
  facet normal 0.130428 -0.991458 0
    outer loop
      vertex 36.6093 28.2158 0
      vertex 36.8039 28.2414 5
      vertex 36.6093 28.2158 5
    endloop
  endfacet
  facet normal 0.130428 -0.991458 0
    outer loop
      vertex 36.8039 28.2414 5
      vertex 36.6093 28.2158 0
      vertex 36.8039 28.2414 0
    endloop
  endfacet
  facet normal 0.953752 0.300595 0
    outer loop
      vertex 34.8857 25.2305 5
      vertex 34.8267 25.4177 0
      vertex 34.8267 25.4177 5
    endloop
  endfacet
  facet normal 0.953752 0.300595 0
    outer loop
      vertex 34.8267 25.4177 0
      vertex 34.8857 25.2305 5
      vertex 34.8857 25.2305 0
    endloop
  endfacet
  facet normal 0.608603 0.793475 -0
    outer loop
      vertex 35.7095 24.1569 0
      vertex 35.5537 24.2764 5
      vertex 35.7095 24.1569 5
    endloop
  endfacet
  facet normal 0.608603 0.793475 0
    outer loop
      vertex 35.5537 24.2764 5
      vertex 35.7095 24.1569 0
      vertex 35.5537 24.2764 0
    endloop
  endfacet
  facet normal 0.382517 -0.923949 0
    outer loop
      vertex 36.0491 28.0392 0
      vertex 36.2305 28.1143 5
      vertex 36.0491 28.0392 5
    endloop
  endfacet
  facet normal 0.382517 -0.923949 0
    outer loop
      vertex 36.2305 28.1143 5
      vertex 36.0491 28.0392 0
      vertex 36.2305 28.1143 0
    endloop
  endfacet
  facet normal -0.887075 0.461625 0
    outer loop
      vertex 38.9486 24.875 0
      vertex 39.0392 25.0491 5
      vertex 39.0392 25.0491 0
    endloop
  endfacet
  facet normal -0.887075 0.461625 0
    outer loop
      vertex 39.0392 25.0491 5
      vertex 38.9486 24.875 0
      vertex 38.9486 24.875 5
    endloop
  endfacet
  facet normal 0.923949 -0.382517 0
    outer loop
      vertex 34.8857 26.7695 5
      vertex 34.9608 26.9509 0
      vertex 34.9608 26.9509 5
    endloop
  endfacet
  facet normal 0.923949 -0.382517 0
    outer loop
      vertex 34.9608 26.9509 0
      vertex 34.8857 26.7695 5
      vertex 34.8857 26.7695 0
    endloop
  endfacet
  facet normal -0.675609 0.73726 0
    outer loop
      vertex 38.591 24.409 0
      vertex 38.4463 24.2764 5
      vertex 38.591 24.409 5
    endloop
  endfacet
  facet normal -0.675609 0.73726 0
    outer loop
      vertex 38.4463 24.2764 5
      vertex 38.591 24.409 0
      vertex 38.4463 24.2764 0
    endloop
  endfacet
  facet normal -0.923949 0.382517 0
    outer loop
      vertex 39.0392 25.0491 0
      vertex 39.1143 25.2305 5
      vertex 39.1143 25.2305 0
    endloop
  endfacet
  facet normal -0.923949 0.382517 0
    outer loop
      vertex 39.1143 25.2305 5
      vertex 39.0392 25.0491 0
      vertex 39.0392 25.0491 5
    endloop
  endfacet
  facet normal 0.843242 -0.537535 0
    outer loop
      vertex 35.0514 27.125 5
      vertex 35.1569 27.2905 0
      vertex 35.1569 27.2905 5
    endloop
  endfacet
  facet normal 0.843242 -0.537535 0
    outer loop
      vertex 35.1569 27.2905 0
      vertex 35.0514 27.125 5
      vertex 35.0514 27.125 0
    endloop
  endfacet
  facet normal -0.923949 -0.382517 0
    outer loop
      vertex 39.1143 26.7695 0
      vertex 39.0392 26.9509 5
      vertex 39.0392 26.9509 0
    endloop
  endfacet
  facet normal -0.923949 -0.382517 0
    outer loop
      vertex 39.0392 26.9509 5
      vertex 39.1143 26.7695 0
      vertex 39.1143 26.7695 5
    endloop
  endfacet
  facet normal 0.675609 0.73726 -0
    outer loop
      vertex 35.5537 24.2764 0
      vertex 35.409 24.409 5
      vertex 35.5537 24.2764 5
    endloop
  endfacet
  facet normal 0.675609 0.73726 0
    outer loop
      vertex 35.409 24.409 5
      vertex 35.5537 24.2764 0
      vertex 35.409 24.409 0
    endloop
  endfacet
  facet normal 0.382517 0.923949 -0
    outer loop
      vertex 36.2305 23.8857 0
      vertex 36.0491 23.9608 5
      vertex 36.2305 23.8857 5
    endloop
  endfacet
  facet normal 0.382517 0.923949 0
    outer loop
      vertex 36.0491 23.9608 5
      vertex 36.2305 23.8857 0
      vertex 36.0491 23.9608 0
    endloop
  endfacet
  facet normal -0.382517 -0.923949 0
    outer loop
      vertex 37.7695 28.1143 0
      vertex 37.9509 28.0392 5
      vertex 37.7695 28.1143 5
    endloop
  endfacet
  facet normal -0.382517 -0.923949 -0
    outer loop
      vertex 37.9509 28.0392 5
      vertex 37.7695 28.1143 0
      vertex 37.9509 28.0392 0
    endloop
  endfacet
  facet normal 0.300595 -0.953752 0
    outer loop
      vertex 36.2305 28.1143 0
      vertex 36.4177 28.1733 5
      vertex 36.2305 28.1143 5
    endloop
  endfacet
  facet normal 0.300595 -0.953752 0
    outer loop
      vertex 36.4177 28.1733 5
      vertex 36.2305 28.1143 0
      vertex 36.4177 28.1733 0
    endloop
  endfacet
  facet normal -0.216553 -0.976271 0
    outer loop
      vertex 37.3907 28.2158 0
      vertex 37.5823 28.1733 5
      vertex 37.3907 28.2158 5
    endloop
  endfacet
  facet normal -0.216553 -0.976271 -0
    outer loop
      vertex 37.5823 28.1733 5
      vertex 37.3907 28.2158 0
      vertex 37.5823 28.1733 0
    endloop
  endfacet
  facet normal 0.793475 -0.608603 0
    outer loop
      vertex 35.1569 27.2905 5
      vertex 35.2764 27.4463 0
      vertex 35.2764 27.4463 5
    endloop
  endfacet
  facet normal 0.793475 -0.608603 0
    outer loop
      vertex 35.2764 27.4463 0
      vertex 35.1569 27.2905 5
      vertex 35.1569 27.2905 0
    endloop
  endfacet
  facet normal -0.953752 0.300595 0
    outer loop
      vertex 39.1143 25.2305 0
      vertex 39.1733 25.4177 5
      vertex 39.1733 25.4177 0
    endloop
  endfacet
  facet normal -0.953752 0.300595 0
    outer loop
      vertex 39.1733 25.4177 5
      vertex 39.1143 25.2305 0
      vertex 39.1143 25.2305 5
    endloop
  endfacet
  facet normal -0.843242 0.537535 0
    outer loop
      vertex 38.8431 24.7095 0
      vertex 38.9486 24.875 5
      vertex 38.9486 24.875 0
    endloop
  endfacet
  facet normal -0.843242 0.537535 0
    outer loop
      vertex 38.9486 24.875 5
      vertex 38.8431 24.7095 0
      vertex 38.8431 24.7095 5
    endloop
  endfacet
  facet normal -0.461625 -0.887075 0
    outer loop
      vertex 37.9509 28.0392 0
      vertex 38.125 27.9486 5
      vertex 37.9509 28.0392 5
    endloop
  endfacet
  facet normal -0.461625 -0.887075 -0
    outer loop
      vertex 38.125 27.9486 5
      vertex 37.9509 28.0392 0
      vertex 38.125 27.9486 0
    endloop
  endfacet
  facet normal 0.793475 0.608603 0
    outer loop
      vertex 35.2764 24.5537 5
      vertex 35.1569 24.7095 0
      vertex 35.1569 24.7095 5
    endloop
  endfacet
  facet normal 0.793475 0.608603 0
    outer loop
      vertex 35.1569 24.7095 0
      vertex 35.2764 24.5537 5
      vertex 35.2764 24.5537 0
    endloop
  endfacet
  facet normal -0.843242 -0.537535 0
    outer loop
      vertex 38.9486 27.125 0
      vertex 38.8431 27.2905 5
      vertex 38.8431 27.2905 0
    endloop
  endfacet
  facet normal -0.843242 -0.537535 0
    outer loop
      vertex 38.8431 27.2905 5
      vertex 38.9486 27.125 0
      vertex 38.9486 27.125 5
    endloop
  endfacet
  facet normal 0.461625 -0.887075 0
    outer loop
      vertex 35.875 27.9486 0
      vertex 36.0491 28.0392 5
      vertex 35.875 27.9486 5
    endloop
  endfacet
  facet normal 0.461625 -0.887075 0
    outer loop
      vertex 36.0491 28.0392 5
      vertex 35.875 27.9486 0
      vertex 36.0491 28.0392 0
    endloop
  endfacet
  facet normal 0.73726 -0.675609 0
    outer loop
      vertex 35.2764 27.4463 5
      vertex 35.409 27.591 0
      vertex 35.409 27.591 5
    endloop
  endfacet
  facet normal 0.73726 -0.675609 0
    outer loop
      vertex 35.409 27.591 0
      vertex 35.2764 27.4463 5
      vertex 35.2764 27.4463 0
    endloop
  endfacet
  facet normal 0.675609 -0.73726 0
    outer loop
      vertex 35.409 27.591 0
      vertex 35.5537 27.7236 5
      vertex 35.409 27.591 5
    endloop
  endfacet
  facet normal 0.675609 -0.73726 0
    outer loop
      vertex 35.5537 27.7236 5
      vertex 35.409 27.591 0
      vertex 35.5537 27.7236 0
    endloop
  endfacet
  facet normal 0.216553 0.976271 -0
    outer loop
      vertex 36.6093 23.7842 0
      vertex 36.4177 23.8267 5
      vertex 36.6093 23.7842 5
    endloop
  endfacet
  facet normal 0.216553 0.976271 0
    outer loop
      vertex 36.4177 23.8267 5
      vertex 36.6093 23.7842 0
      vertex 36.4177 23.8267 0
    endloop
  endfacet
  facet normal 0.130428 0.991458 -0
    outer loop
      vertex 36.8039 23.7586 0
      vertex 36.6093 23.7842 5
      vertex 36.8039 23.7586 5
    endloop
  endfacet
  facet normal 0.130428 0.991458 0
    outer loop
      vertex 36.6093 23.7842 5
      vertex 36.8039 23.7586 0
      vertex 36.6093 23.7842 0
    endloop
  endfacet
  facet normal 0.976271 -0.216553 0
    outer loop
      vertex 34.7842 26.3907 5
      vertex 34.8267 26.5823 0
      vertex 34.8267 26.5823 5
    endloop
  endfacet
  facet normal 0.976271 -0.216553 0
    outer loop
      vertex 34.8267 26.5823 0
      vertex 34.7842 26.3907 5
      vertex 34.7842 26.3907 0
    endloop
  endfacet
  facet normal 0.976271 0.216553 0
    outer loop
      vertex 34.8267 25.4177 5
      vertex 34.7842 25.6093 0
      vertex 34.7842 25.6093 5
    endloop
  endfacet
  facet normal 0.976271 0.216553 0
    outer loop
      vertex 34.7842 25.6093 0
      vertex 34.8267 25.4177 5
      vertex 34.8267 25.4177 0
    endloop
  endfacet
  facet normal -0.216553 0.976271 0
    outer loop
      vertex 37.5823 23.8267 0
      vertex 37.3907 23.7842 5
      vertex 37.5823 23.8267 5
    endloop
  endfacet
  facet normal -0.216553 0.976271 0
    outer loop
      vertex 37.3907 23.7842 5
      vertex 37.5823 23.8267 0
      vertex 37.3907 23.7842 0
    endloop
  endfacet
  facet normal -0.300595 -0.953752 0
    outer loop
      vertex 37.5823 28.1733 0
      vertex 37.7695 28.1143 5
      vertex 37.5823 28.1733 5
    endloop
  endfacet
  facet normal -0.300595 -0.953752 -0
    outer loop
      vertex 37.7695 28.1143 5
      vertex 37.5823 28.1733 0
      vertex 37.7695 28.1143 0
    endloop
  endfacet
  facet normal -0.991458 0.130428 0
    outer loop
      vertex 39.2158 25.6093 0
      vertex 39.2414 25.8039 5
      vertex 39.2414 25.8039 0
    endloop
  endfacet
  facet normal -0.991458 0.130428 0
    outer loop
      vertex 39.2414 25.8039 5
      vertex 39.2158 25.6093 0
      vertex 39.2158 25.6093 5
    endloop
  endfacet
  facet normal -0.99904 0.0438131 0
    outer loop
      vertex 39.2414 25.8039 0
      vertex 39.25 26 5
      vertex 39.25 26 0
    endloop
  endfacet
  facet normal -0.99904 0.0438131 0
    outer loop
      vertex 39.25 26 5
      vertex 39.2414 25.8039 0
      vertex 39.2414 25.8039 5
    endloop
  endfacet
  facet normal 0.991458 0.130428 0
    outer loop
      vertex 34.7842 25.6093 5
      vertex 34.7586 25.8039 0
      vertex 34.7586 25.8039 5
    endloop
  endfacet
  facet normal 0.991458 0.130428 0
    outer loop
      vertex 34.7586 25.8039 0
      vertex 34.7842 25.6093 5
      vertex 34.7842 25.6093 0
    endloop
  endfacet
  facet normal -0.0438131 -0.99904 0
    outer loop
      vertex 37 28.25 0
      vertex 37.1961 28.2414 5
      vertex 37 28.25 5
    endloop
  endfacet
  facet normal -0.0438131 -0.99904 -0
    outer loop
      vertex 37.1961 28.2414 5
      vertex 37 28.25 0
      vertex 37.1961 28.2414 0
    endloop
  endfacet
  facet normal 0.537535 0.843242 -0
    outer loop
      vertex 35.875 24.0514 0
      vertex 35.7095 24.1569 5
      vertex 35.875 24.0514 5
    endloop
  endfacet
  facet normal 0.537535 0.843242 0
    outer loop
      vertex 35.7095 24.1569 5
      vertex 35.875 24.0514 0
      vertex 35.7095 24.1569 0
    endloop
  endfacet
  facet normal -0.608603 0.793475 0
    outer loop
      vertex 38.4463 24.2764 0
      vertex 38.2905 24.1569 5
      vertex 38.4463 24.2764 5
    endloop
  endfacet
  facet normal -0.608603 0.793475 0
    outer loop
      vertex 38.2905 24.1569 5
      vertex 38.4463 24.2764 0
      vertex 38.2905 24.1569 0
    endloop
  endfacet
  facet normal -0.300595 0.953752 0
    outer loop
      vertex 37.7695 23.8857 0
      vertex 37.5823 23.8267 5
      vertex 37.7695 23.8857 5
    endloop
  endfacet
  facet normal -0.300595 0.953752 0
    outer loop
      vertex 37.5823 23.8267 5
      vertex 37.7695 23.8857 0
      vertex 37.5823 23.8267 0
    endloop
  endfacet
  facet normal -0.73726 -0.675609 0
    outer loop
      vertex 38.7236 27.4463 0
      vertex 38.591 27.591 5
      vertex 38.591 27.591 0
    endloop
  endfacet
  facet normal -0.73726 -0.675609 0
    outer loop
      vertex 38.591 27.591 5
      vertex 38.7236 27.4463 0
      vertex 38.7236 27.4463 5
    endloop
  endfacet
  facet normal 0.300595 0.953752 -0
    outer loop
      vertex 36.4177 23.8267 0
      vertex 36.2305 23.8857 5
      vertex 36.4177 23.8267 5
    endloop
  endfacet
  facet normal 0.300595 0.953752 0
    outer loop
      vertex 36.2305 23.8857 5
      vertex 36.4177 23.8267 0
      vertex 36.2305 23.8857 0
    endloop
  endfacet
  facet normal -0.976271 -0.216553 0
    outer loop
      vertex 39.2158 26.3907 0
      vertex 39.1733 26.5823 5
      vertex 39.1733 26.5823 0
    endloop
  endfacet
  facet normal -0.976271 -0.216553 0
    outer loop
      vertex 39.1733 26.5823 5
      vertex 39.2158 26.3907 0
      vertex 39.2158 26.3907 5
    endloop
  endfacet
  facet normal -0.130428 -0.991458 0
    outer loop
      vertex 37.1961 28.2414 0
      vertex 37.3907 28.2158 5
      vertex 37.1961 28.2414 5
    endloop
  endfacet
  facet normal -0.130428 -0.991458 -0
    outer loop
      vertex 37.3907 28.2158 5
      vertex 37.1961 28.2414 0
      vertex 37.3907 28.2158 0
    endloop
  endfacet
  facet normal 0.887075 0.461625 0
    outer loop
      vertex 35.0514 24.875 5
      vertex 34.9608 25.0491 0
      vertex 34.9608 25.0491 5
    endloop
  endfacet
  facet normal 0.887075 0.461625 0
    outer loop
      vertex 34.9608 25.0491 0
      vertex 35.0514 24.875 5
      vertex 35.0514 24.875 0
    endloop
  endfacet
  facet normal 0.99904 -0.0438131 0
    outer loop
      vertex 34.75 26 5
      vertex 34.7586 26.1961 0
      vertex 34.7586 26.1961 5
    endloop
  endfacet
  facet normal 0.99904 -0.0438131 0
    outer loop
      vertex 34.7586 26.1961 0
      vertex 34.75 26 5
      vertex 34.75 26 0
    endloop
  endfacet
  facet normal 0.99904 0.0438131 0
    outer loop
      vertex 34.7586 25.8039 5
      vertex 34.75 26 0
      vertex 34.75 26 5
    endloop
  endfacet
  facet normal 0.99904 0.0438131 0
    outer loop
      vertex 34.75 26 0
      vertex 34.7586 25.8039 5
      vertex 34.7586 25.8039 0
    endloop
  endfacet
  facet normal 0.953752 -0.300595 0
    outer loop
      vertex 34.8267 26.5823 5
      vertex 34.8857 26.7695 0
      vertex 34.8857 26.7695 5
    endloop
  endfacet
  facet normal 0.953752 -0.300595 0
    outer loop
      vertex 34.8857 26.7695 0
      vertex 34.8267 26.5823 5
      vertex 34.8267 26.5823 0
    endloop
  endfacet
  facet normal 0.461625 0.887075 -0
    outer loop
      vertex 36.0491 23.9608 0
      vertex 35.875 24.0514 5
      vertex 36.0491 23.9608 5
    endloop
  endfacet
  facet normal 0.461625 0.887075 0
    outer loop
      vertex 35.875 24.0514 5
      vertex 36.0491 23.9608 0
      vertex 35.875 24.0514 0
    endloop
  endfacet
  facet normal -0.73726 0.675609 0
    outer loop
      vertex 38.591 24.409 0
      vertex 38.7236 24.5537 5
      vertex 38.7236 24.5537 0
    endloop
  endfacet
  facet normal -0.73726 0.675609 0
    outer loop
      vertex 38.7236 24.5537 5
      vertex 38.591 24.409 0
      vertex 38.591 24.409 5
    endloop
  endfacet
  facet normal 0.608603 -0.793475 0
    outer loop
      vertex 35.5537 27.7236 0
      vertex 35.7095 27.8431 5
      vertex 35.5537 27.7236 5
    endloop
  endfacet
  facet normal 0.608603 -0.793475 0
    outer loop
      vertex 35.7095 27.8431 5
      vertex 35.5537 27.7236 0
      vertex 35.7095 27.8431 0
    endloop
  endfacet
  facet normal 0.73726 0.675609 0
    outer loop
      vertex 35.409 24.409 5
      vertex 35.2764 24.5537 0
      vertex 35.2764 24.5537 5
    endloop
  endfacet
  facet normal 0.73726 0.675609 0
    outer loop
      vertex 35.2764 24.5537 0
      vertex 35.409 24.409 5
      vertex 35.409 24.409 0
    endloop
  endfacet
  facet normal 0.887075 -0.461625 0
    outer loop
      vertex 34.9608 26.9509 5
      vertex 35.0514 27.125 0
      vertex 35.0514 27.125 5
    endloop
  endfacet
  facet normal 0.887075 -0.461625 0
    outer loop
      vertex 35.0514 27.125 0
      vertex 34.9608 26.9509 5
      vertex 34.9608 26.9509 0
    endloop
  endfacet
  facet normal 0.0436469 -0.999047 0
    outer loop
      vertex -23.572 8.39467 84.45
      vertex -23.45 8.4 96.45
      vertex -23.572 8.39467 96.45
    endloop
  endfacet
  facet normal 0.0436469 -0.999047 0
    outer loop
      vertex -23.45 8.4 96.45
      vertex -23.572 8.39467 84.45
      vertex -23.45 8.4 84.45
    endloop
  endfacet
  facet normal 0.461894 -0.886935 0
    outer loop
      vertex -24.15 8.21243 84.45
      vertex -24.0417 8.26883 96.45
      vertex -24.15 8.21243 96.45
    endloop
  endfacet
  facet normal 0.461894 -0.886935 0
    outer loop
      vertex -24.0417 8.26883 96.45
      vertex -24.15 8.21243 84.45
      vertex -24.0417 8.26883 84.45
    endloop
  endfacet
  facet normal -0.991383 -0.130995 0
    outer loop
      vertex -22.0553 7.12202 84.45
      vertex -22.0713 7.24311 96.45
      vertex -22.0713 7.24311 84.45
    endloop
  endfacet
  facet normal -0.991383 -0.130995 0
    outer loop
      vertex -22.0713 7.24311 96.45
      vertex -22.0553 7.12202 84.45
      vertex -22.0553 7.12202 96.45
    endloop
  endfacet
  facet normal -0.999058 -0.0433946 0
    outer loop
      vertex -22.05 7 84.45
      vertex -22.0553 7.12202 96.45
      vertex -22.0553 7.12202 84.45
    endloop
  endfacet
  facet normal -0.999058 -0.0433946 0
    outer loop
      vertex -22.0553 7.12202 96.45
      vertex -22.05 7 84.45
      vertex -22.05 7 96.45
    endloop
  endfacet
  facet normal -0.976356 -0.216167 0
    outer loop
      vertex -22.0713 7.24311 84.45
      vertex -22.0977 7.36235 96.45
      vertex -22.0977 7.36235 84.45
    endloop
  endfacet
  facet normal -0.976356 -0.216167 0
    outer loop
      vertex -22.0977 7.36235 96.45
      vertex -22.0713 7.24311 84.45
      vertex -22.0713 7.24311 96.45
    endloop
  endfacet
  facet normal 0.923705 0.383104 0
    outer loop
      vertex -24.7188 6.40833 96.45
      vertex -24.7656 6.52117 84.45
      vertex -24.7656 6.52117 96.45
    endloop
  endfacet
  facet normal 0.923705 0.383104 0
    outer loop
      vertex -24.7656 6.52117 84.45
      vertex -24.7188 6.40833 96.45
      vertex -24.7188 6.40833 84.45
    endloop
  endfacet
  facet normal -0.300689 -0.953722 0
    outer loop
      vertex -23.0877 8.3523 84.45
      vertex -22.9712 8.31557 96.45
      vertex -23.0877 8.3523 96.45
    endloop
  endfacet
  facet normal -0.300689 -0.953722 -0
    outer loop
      vertex -22.9712 8.31557 96.45
      vertex -23.0877 8.3523 84.45
      vertex -22.9712 8.31557 84.45
    endloop
  endfacet
  facet normal 0.216471 -0.976289 0
    outer loop
      vertex -23.8123 8.3523 84.45
      vertex -23.6931 8.37873 96.45
      vertex -23.8123 8.3523 96.45
    endloop
  endfacet
  facet normal 0.216471 -0.976289 0
    outer loop
      vertex -23.6931 8.37873 96.45
      vertex -23.8123 8.3523 84.45
      vertex -23.6931 8.37873 84.45
    endloop
  endfacet
  facet normal 0.953778 0.300512 0
    outer loop
      vertex -24.7656 6.52117 96.45
      vertex -24.8023 6.63765 84.45
      vertex -24.8023 6.63765 96.45
    endloop
  endfacet
  facet normal 0.953778 0.300512 0
    outer loop
      vertex -24.8023 6.63765 84.45
      vertex -24.7656 6.52117 96.45
      vertex -24.7656 6.52117 84.45
    endloop
  endfacet
  facet normal -0.537368 0.843348 0
    outer loop
      vertex -22.647 5.85319 84.45
      vertex -22.75 5.78756 96.45
      vertex -22.647 5.85319 96.45
    endloop
  endfacet
  facet normal -0.537368 0.843348 0
    outer loop
      vertex -22.75 5.78756 96.45
      vertex -22.647 5.85319 84.45
      vertex -22.75 5.78756 84.45
    endloop
  endfacet
  facet normal -0.216471 0.976289 0
    outer loop
      vertex -23.0877 5.6477 84.45
      vertex -23.2069 5.62127 96.45
      vertex -23.0877 5.6477 96.45
    endloop
  endfacet
  facet normal -0.216471 0.976289 0
    outer loop
      vertex -23.2069 5.62127 96.45
      vertex -23.0877 5.6477 84.45
      vertex -23.2069 5.62127 84.45
    endloop
  endfacet
  facet normal -0.793536 0.608523 0
    outer loop
      vertex -22.3775 6.1001 84.45
      vertex -22.3032 6.19699 96.45
      vertex -22.3032 6.19699 84.45
    endloop
  endfacet
  facet normal -0.793536 0.608523 0
    outer loop
      vertex -22.3032 6.19699 96.45
      vertex -22.3775 6.1001 84.45
      vertex -22.3775 6.1001 96.45
    endloop
  endfacet
  facet normal -0.991383 0.130995 0
    outer loop
      vertex -22.0713 6.75689 84.45
      vertex -22.0553 6.87798 96.45
      vertex -22.0553 6.87798 84.45
    endloop
  endfacet
  facet normal -0.991383 0.130995 0
    outer loop
      vertex -22.0553 6.87798 96.45
      vertex -22.0713 6.75689 84.45
      vertex -22.0713 6.75689 96.45
    endloop
  endfacet
  facet normal 0.999058 -0.0433946 0
    outer loop
      vertex -24.85 7 96.45
      vertex -24.8447 7.12202 84.45
      vertex -24.8447 7.12202 96.45
    endloop
  endfacet
  facet normal 0.999058 -0.0433946 0
    outer loop
      vertex -24.8447 7.12202 84.45
      vertex -24.85 7 96.45
      vertex -24.85 7 84.45
    endloop
  endfacet
  facet normal -0.382511 -0.923951 0
    outer loop
      vertex -22.9712 8.31557 84.45
      vertex -22.8583 8.26883 96.45
      vertex -22.9712 8.31557 96.45
    endloop
  endfacet
  facet normal -0.382511 -0.923951 -0
    outer loop
      vertex -22.8583 8.26883 96.45
      vertex -22.9712 8.31557 84.45
      vertex -22.8583 8.26883 84.45
    endloop
  endfacet
  facet normal 0.953778 -0.300512 0
    outer loop
      vertex -24.8023 7.36235 96.45
      vertex -24.7656 7.47883 84.45
      vertex -24.7656 7.47883 96.45
    endloop
  endfacet
  facet normal 0.953778 -0.300512 0
    outer loop
      vertex -24.7656 7.47883 84.45
      vertex -24.8023 7.36235 96.45
      vertex -24.8023 7.36235 84.45
    endloop
  endfacet
  facet normal -0.976356 0.216167 0
    outer loop
      vertex -22.0977 6.63765 84.45
      vertex -22.0713 6.75689 96.45
      vertex -22.0713 6.75689 84.45
    endloop
  endfacet
  facet normal -0.976356 0.216167 0
    outer loop
      vertex -22.0713 6.75689 96.45
      vertex -22.0977 6.63765 84.45
      vertex -22.0977 6.63765 96.45
    endloop
  endfacet
  facet normal 0.608741 0.793369 -0
    outer loop
      vertex -24.253 5.85319 84.45
      vertex -24.3499 5.92754 96.45
      vertex -24.253 5.85319 96.45
    endloop
  endfacet
  facet normal 0.608741 0.793369 0
    outer loop
      vertex -24.3499 5.92754 96.45
      vertex -24.253 5.85319 84.45
      vertex -24.3499 5.92754 84.45
    endloop
  endfacet
  facet normal 0.382511 -0.923951 0
    outer loop
      vertex -24.0417 8.26883 84.45
      vertex -23.9288 8.31557 96.45
      vertex -24.0417 8.26883 96.45
    endloop
  endfacet
  facet normal 0.382511 -0.923951 0
    outer loop
      vertex -23.9288 8.31557 96.45
      vertex -24.0417 8.26883 84.45
      vertex -23.9288 8.31557 84.45
    endloop
  endfacet
  facet normal 0.608741 -0.793369 0
    outer loop
      vertex -24.3499 8.07246 84.45
      vertex -24.253 8.14681 96.45
      vertex -24.3499 8.07246 96.45
    endloop
  endfacet
  facet normal 0.608741 -0.793369 0
    outer loop
      vertex -24.253 8.14681 96.45
      vertex -24.3499 8.07246 84.45
      vertex -24.253 8.14681 84.45
    endloop
  endfacet
  facet normal -0.300689 0.953722 0
    outer loop
      vertex -22.9712 5.68443 84.45
      vertex -23.0877 5.6477 96.45
      vertex -22.9712 5.68443 96.45
    endloop
  endfacet
  facet normal -0.300689 0.953722 0
    outer loop
      vertex -23.0877 5.6477 96.45
      vertex -22.9712 5.68443 84.45
      vertex -23.0877 5.6477 84.45
    endloop
  endfacet
  facet normal 0.300689 -0.953722 0
    outer loop
      vertex -23.9288 8.31557 84.45
      vertex -23.8123 8.3523 96.45
      vertex -23.9288 8.31557 96.45
    endloop
  endfacet
  facet normal 0.300689 -0.953722 0
    outer loop
      vertex -23.8123 8.3523 96.45
      vertex -23.9288 8.31557 84.45
      vertex -23.8123 8.3523 84.45
    endloop
  endfacet
  facet normal 0.300689 0.953722 -0
    outer loop
      vertex -23.8123 5.6477 84.45
      vertex -23.9288 5.68443 96.45
      vertex -23.8123 5.6477 96.45
    endloop
  endfacet
  facet normal 0.300689 0.953722 0
    outer loop
      vertex -23.9288 5.68443 96.45
      vertex -23.8123 5.6477 84.45
      vertex -23.9288 5.68443 84.45
    endloop
  endfacet
  facet normal -0.843483 -0.537156 0
    outer loop
      vertex -22.2376 7.7 84.45
      vertex -22.3032 7.80301 96.45
      vertex -22.3032 7.80301 84.45
    endloop
  endfacet
  facet normal -0.843483 -0.537156 0
    outer loop
      vertex -22.3032 7.80301 96.45
      vertex -22.2376 7.7 84.45
      vertex -22.2376 7.7 96.45
    endloop
  endfacet
  facet normal -0.953778 0.300512 0
    outer loop
      vertex -22.1344 6.52117 84.45
      vertex -22.0977 6.63765 96.45
      vertex -22.0977 6.63765 84.45
    endloop
  endfacet
  facet normal -0.953778 0.300512 0
    outer loop
      vertex -22.0977 6.63765 96.45
      vertex -22.1344 6.52117 84.45
      vertex -22.1344 6.52117 96.45
    endloop
  endfacet
  facet normal 0.843483 -0.537156 0
    outer loop
      vertex -24.6624 7.7 96.45
      vertex -24.5968 7.80301 84.45
      vertex -24.5968 7.80301 96.45
    endloop
  endfacet
  facet normal 0.843483 -0.537156 0
    outer loop
      vertex -24.5968 7.80301 84.45
      vertex -24.6624 7.7 96.45
      vertex -24.6624 7.7 84.45
    endloop
  endfacet
  facet normal -0.999058 0.0433946 0
    outer loop
      vertex -22.0553 6.87798 84.45
      vertex -22.05 7 96.45
      vertex -22.05 7 84.45
    endloop
  endfacet
  facet normal -0.999058 0.0433946 0
    outer loop
      vertex -22.05 7 96.45
      vertex -22.0553 6.87798 84.45
      vertex -22.0553 6.87798 96.45
    endloop
  endfacet
  facet normal -0.886987 0.461794 0
    outer loop
      vertex -22.2376 6.3 84.45
      vertex -22.1812 6.40833 96.45
      vertex -22.1812 6.40833 84.45
    endloop
  endfacet
  facet normal -0.886987 0.461794 0
    outer loop
      vertex -22.1812 6.40833 96.45
      vertex -22.2376 6.3 84.45
      vertex -22.2376 6.3 96.45
    endloop
  endfacet
  facet normal 0.976356 -0.216167 0
    outer loop
      vertex -24.8287 7.24311 96.45
      vertex -24.8023 7.36235 84.45
      vertex -24.8023 7.36235 96.45
    endloop
  endfacet
  facet normal 0.976356 -0.216167 0
    outer loop
      vertex -24.8023 7.36235 84.45
      vertex -24.8287 7.24311 96.45
      vertex -24.8287 7.24311 84.45
    endloop
  endfacet
  facet normal 0.675769 0.737113 -0
    outer loop
      vertex -24.3499 5.92754 84.45
      vertex -24.4399 6.01005 96.45
      vertex -24.3499 5.92754 96.45
    endloop
  endfacet
  facet normal 0.675769 0.737113 0
    outer loop
      vertex -24.4399 6.01005 96.45
      vertex -24.3499 5.92754 84.45
      vertex -24.4399 6.01005 84.45
    endloop
  endfacet
  facet normal 0.991383 -0.130995 0
    outer loop
      vertex -24.8447 7.12202 96.45
      vertex -24.8287 7.24311 84.45
      vertex -24.8287 7.24311 96.45
    endloop
  endfacet
  facet normal 0.991383 -0.130995 0
    outer loop
      vertex -24.8287 7.24311 84.45
      vertex -24.8447 7.12202 96.45
      vertex -24.8447 7.12202 84.45
    endloop
  endfacet
  facet normal -0.608741 -0.793369 0
    outer loop
      vertex -22.647 8.14681 84.45
      vertex -22.5501 8.07246 96.45
      vertex -22.647 8.14681 96.45
    endloop
  endfacet
  facet normal -0.608741 -0.793369 -0
    outer loop
      vertex -22.5501 8.07246 96.45
      vertex -22.647 8.14681 84.45
      vertex -22.5501 8.07246 84.45
    endloop
  endfacet
  facet normal -0.216471 -0.976289 0
    outer loop
      vertex -23.2069 8.37873 84.45
      vertex -23.0877 8.3523 96.45
      vertex -23.2069 8.37873 96.45
    endloop
  endfacet
  facet normal -0.216471 -0.976289 -0
    outer loop
      vertex -23.0877 8.3523 96.45
      vertex -23.2069 8.37873 84.45
      vertex -23.0877 8.3523 84.45
    endloop
  endfacet
  facet normal -0.130501 0.991448 0
    outer loop
      vertex -23.2069 5.62127 84.45
      vertex -23.328 5.60533 96.45
      vertex -23.2069 5.62127 96.45
    endloop
  endfacet
  facet normal -0.130501 0.991448 0
    outer loop
      vertex -23.328 5.60533 96.45
      vertex -23.2069 5.62127 84.45
      vertex -23.328 5.60533 84.45
    endloop
  endfacet
  facet normal -0.953778 -0.300512 0
    outer loop
      vertex -22.0977 7.36235 84.45
      vertex -22.1344 7.47883 96.45
      vertex -22.1344 7.47883 84.45
    endloop
  endfacet
  facet normal -0.953778 -0.300512 0
    outer loop
      vertex -22.1344 7.47883 96.45
      vertex -22.0977 7.36235 84.45
      vertex -22.0977 7.36235 96.45
    endloop
  endfacet
  facet normal -0.843483 0.537156 0
    outer loop
      vertex -22.3032 6.19699 84.45
      vertex -22.2376 6.3 96.45
      vertex -22.2376 6.3 84.45
    endloop
  endfacet
  facet normal -0.843483 0.537156 0
    outer loop
      vertex -22.2376 6.3 96.45
      vertex -22.3032 6.19699 84.45
      vertex -22.3032 6.19699 96.45
    endloop
  endfacet
  facet normal 0.843483 0.537156 0
    outer loop
      vertex -24.5968 6.19699 96.45
      vertex -24.6624 6.3 84.45
      vertex -24.6624 6.3 96.45
    endloop
  endfacet
  facet normal 0.843483 0.537156 0
    outer loop
      vertex -24.6624 6.3 84.45
      vertex -24.5968 6.19699 96.45
      vertex -24.5968 6.19699 84.45
    endloop
  endfacet
  facet normal 0 0 1
    outer loop
      vertex -22.0553 7.12202 84.45
      vertex -22.0553 6.87798 84.45
      vertex -22.05 7 84.45
    endloop
  endfacet
  facet normal 0 0 1
    outer loop
      vertex -22.0713 7.24311 84.45
      vertex -22.0553 6.87798 84.45
      vertex -22.0553 7.12202 84.45
    endloop
  endfacet
  facet normal 0 0 1
    outer loop
      vertex -22.0713 7.24311 84.45
      vertex -22.0713 6.75689 84.45
      vertex -22.0553 6.87798 84.45
    endloop
  endfacet
  facet normal 0 0 1
    outer loop
      vertex -22.0977 7.36235 84.45
      vertex -22.0713 6.75689 84.45
      vertex -22.0713 7.24311 84.45
    endloop
  endfacet
  facet normal 0 0 1
    outer loop
      vertex -22.0977 7.36235 84.45
      vertex -22.0977 6.63765 84.45
      vertex -22.0713 6.75689 84.45
    endloop
  endfacet
  facet normal 0 0 1
    outer loop
      vertex -22.1344 7.47883 84.45
      vertex -22.0977 6.63765 84.45
      vertex -22.0977 7.36235 84.45
    endloop
  endfacet
  facet normal 0 0 1
    outer loop
      vertex -22.1344 7.47883 84.45
      vertex -22.1344 6.52117 84.45
      vertex -22.0977 6.63765 84.45
    endloop
  endfacet
  facet normal 0 0 1
    outer loop
      vertex -22.1812 7.59167 84.45
      vertex -22.1344 6.52117 84.45
      vertex -22.1344 7.47883 84.45
    endloop
  endfacet
  facet normal 0 0 1
    outer loop
      vertex -22.1812 7.59167 84.45
      vertex -22.1812 6.40833 84.45
      vertex -22.1344 6.52117 84.45
    endloop
  endfacet
  facet normal 0 0 1
    outer loop
      vertex -22.2376 7.7 84.45
      vertex -22.1812 6.40833 84.45
      vertex -22.1812 7.59167 84.45
    endloop
  endfacet
  facet normal 0 0 1
    outer loop
      vertex -22.2376 7.7 84.45
      vertex -22.2376 6.3 84.45
      vertex -22.1812 6.40833 84.45
    endloop
  endfacet
  facet normal 0 0 1
    outer loop
      vertex -22.3032 7.80301 84.45
      vertex -22.2376 6.3 84.45
      vertex -22.2376 7.7 84.45
    endloop
  endfacet
  facet normal 0 0 1
    outer loop
      vertex -22.3032 7.80301 84.45
      vertex -22.3032 6.19699 84.45
      vertex -22.2376 6.3 84.45
    endloop
  endfacet
  facet normal 0 0 1
    outer loop
      vertex -22.3775 7.8999 84.45
      vertex -22.3032 6.19699 84.45
      vertex -22.3032 7.80301 84.45
    endloop
  endfacet
  facet normal 0 0 1
    outer loop
      vertex -22.3775 7.8999 84.45
      vertex -22.3775 6.1001 84.45
      vertex -22.3032 6.19699 84.45
    endloop
  endfacet
  facet normal 0 0 1
    outer loop
      vertex -22.46 7.98995 84.45
      vertex -22.3775 6.1001 84.45
      vertex -22.3775 7.8999 84.45
    endloop
  endfacet
  facet normal 0 0 1
    outer loop
      vertex -22.46 7.98995 84.45
      vertex -22.46 6.01005 84.45
      vertex -22.3775 6.1001 84.45
    endloop
  endfacet
  facet normal 0 0 1
    outer loop
      vertex -22.5501 8.07246 84.45
      vertex -22.46 6.01005 84.45
      vertex -22.46 7.98995 84.45
    endloop
  endfacet
  facet normal 0 0 1
    outer loop
      vertex -22.5501 8.07246 84.45
      vertex -22.5501 5.92754 84.45
      vertex -22.46 6.01005 84.45
    endloop
  endfacet
  facet normal 0 0 1
    outer loop
      vertex -22.647 8.14681 84.45
      vertex -22.5501 5.92754 84.45
      vertex -22.5501 8.07246 84.45
    endloop
  endfacet
  facet normal 0 0 1
    outer loop
      vertex -22.647 8.14681 84.45
      vertex -22.647 5.85319 84.45
      vertex -22.5501 5.92754 84.45
    endloop
  endfacet
  facet normal 0 0 1
    outer loop
      vertex -22.75 8.21243 84.45
      vertex -22.647 5.85319 84.45
      vertex -22.647 8.14681 84.45
    endloop
  endfacet
  facet normal 0 0 1
    outer loop
      vertex -22.75 8.21243 84.45
      vertex -22.75 5.78756 84.45
      vertex -22.647 5.85319 84.45
    endloop
  endfacet
  facet normal 0 0 1
    outer loop
      vertex -22.8583 8.26883 84.45
      vertex -22.75 5.78756 84.45
      vertex -22.75 8.21243 84.45
    endloop
  endfacet
  facet normal 0 0 1
    outer loop
      vertex -22.8583 8.26883 84.45
      vertex -22.8583 5.73117 84.45
      vertex -22.75 5.78756 84.45
    endloop
  endfacet
  facet normal 0 0 1
    outer loop
      vertex -22.9712 8.31557 84.45
      vertex -22.8583 5.73117 84.45
      vertex -22.8583 8.26883 84.45
    endloop
  endfacet
  facet normal 0 0 1
    outer loop
      vertex -22.9712 8.31557 84.45
      vertex -22.9712 5.68443 84.45
      vertex -22.8583 5.73117 84.45
    endloop
  endfacet
  facet normal 0 0 1
    outer loop
      vertex -23.0877 8.3523 84.45
      vertex -22.9712 5.68443 84.45
      vertex -22.9712 8.31557 84.45
    endloop
  endfacet
  facet normal 0 0 1
    outer loop
      vertex -23.0877 8.3523 84.45
      vertex -23.0877 5.6477 84.45
      vertex -22.9712 5.68443 84.45
    endloop
  endfacet
  facet normal 0 0 1
    outer loop
      vertex -23.2069 8.37873 84.45
      vertex -23.0877 5.6477 84.45
      vertex -23.0877 8.3523 84.45
    endloop
  endfacet
  facet normal 0 0 1
    outer loop
      vertex -23.2069 8.37873 84.45
      vertex -23.2069 5.62127 84.45
      vertex -23.0877 5.6477 84.45
    endloop
  endfacet
  facet normal 0 0 1
    outer loop
      vertex -23.328 8.39467 84.45
      vertex -23.2069 5.62127 84.45
      vertex -23.2069 8.37873 84.45
    endloop
  endfacet
  facet normal 0 0 1
    outer loop
      vertex -23.328 8.39467 84.45
      vertex -23.328 5.60533 84.45
      vertex -23.2069 5.62127 84.45
    endloop
  endfacet
  facet normal 0 0 1
    outer loop
      vertex -23.45 8.4 84.45
      vertex -23.328 5.60533 84.45
      vertex -23.328 8.39467 84.45
    endloop
  endfacet
  facet normal 0 0 1
    outer loop
      vertex -23.45 8.4 84.45
      vertex -23.45 5.6 84.45
      vertex -23.328 5.60533 84.45
    endloop
  endfacet
  facet normal -0 0 1
    outer loop
      vertex -23.572 8.39467 84.45
      vertex -23.45 5.6 84.45
      vertex -23.45 8.4 84.45
    endloop
  endfacet
  facet normal 0 0 1
    outer loop
      vertex -23.572 8.39467 84.45
      vertex -23.572 5.60533 84.45
      vertex -23.45 5.6 84.45
    endloop
  endfacet
  facet normal -0 0 1
    outer loop
      vertex -23.6931 8.37873 84.45
      vertex -23.572 5.60533 84.45
      vertex -23.572 8.39467 84.45
    endloop
  endfacet
  facet normal 0 0 1
    outer loop
      vertex -23.6931 8.37873 84.45
      vertex -23.6931 5.62127 84.45
      vertex -23.572 5.60533 84.45
    endloop
  endfacet
  facet normal -0 0 1
    outer loop
      vertex -23.8123 8.3523 84.45
      vertex -23.6931 5.62127 84.45
      vertex -23.6931 8.37873 84.45
    endloop
  endfacet
  facet normal 0 0 1
    outer loop
      vertex -23.8123 8.3523 84.45
      vertex -23.8123 5.6477 84.45
      vertex -23.6931 5.62127 84.45
    endloop
  endfacet
  facet normal -0 0 1
    outer loop
      vertex -23.9288 8.31557 84.45
      vertex -23.8123 5.6477 84.45
      vertex -23.8123 8.3523 84.45
    endloop
  endfacet
  facet normal 0 0 1
    outer loop
      vertex -23.9288 8.31557 84.45
      vertex -23.9288 5.68443 84.45
      vertex -23.8123 5.6477 84.45
    endloop
  endfacet
  facet normal -0 0 1
    outer loop
      vertex -24.0417 8.26883 84.45
      vertex -23.9288 5.68443 84.45
      vertex -23.9288 8.31557 84.45
    endloop
  endfacet
  facet normal 0 0 1
    outer loop
      vertex -24.0417 8.26883 84.45
      vertex -24.0417 5.73117 84.45
      vertex -23.9288 5.68443 84.45
    endloop
  endfacet
  facet normal -0 0 1
    outer loop
      vertex -24.15 8.21243 84.45
      vertex -24.0417 5.73117 84.45
      vertex -24.0417 8.26883 84.45
    endloop
  endfacet
  facet normal 0 0 1
    outer loop
      vertex -24.15 8.21243 84.45
      vertex -24.15 5.78756 84.45
      vertex -24.0417 5.73117 84.45
    endloop
  endfacet
  facet normal -0 0 1
    outer loop
      vertex -24.253 8.14681 84.45
      vertex -24.15 5.78756 84.45
      vertex -24.15 8.21243 84.45
    endloop
  endfacet
  facet normal 0 0 1
    outer loop
      vertex -24.253 8.14681 84.45
      vertex -24.253 5.85319 84.45
      vertex -24.15 5.78756 84.45
    endloop
  endfacet
  facet normal -0 0 1
    outer loop
      vertex -24.3499 8.07246 84.45
      vertex -24.253 5.85319 84.45
      vertex -24.253 8.14681 84.45
    endloop
  endfacet
  facet normal 0 0 1
    outer loop
      vertex -24.3499 8.07246 84.45
      vertex -24.3499 5.92754 84.45
      vertex -24.253 5.85319 84.45
    endloop
  endfacet
  facet normal -0 0 1
    outer loop
      vertex -24.4399 7.98995 84.45
      vertex -24.3499 5.92754 84.45
      vertex -24.3499 8.07246 84.45
    endloop
  endfacet
  facet normal 0 0 1
    outer loop
      vertex -24.4399 7.98995 84.45
      vertex -24.4399 6.01005 84.45
      vertex -24.3499 5.92754 84.45
    endloop
  endfacet
  facet normal -0 0 1
    outer loop
      vertex -24.5225 7.8999 84.45
      vertex -24.4399 6.01005 84.45
      vertex -24.4399 7.98995 84.45
    endloop
  endfacet
  facet normal 0 0 1
    outer loop
      vertex -24.5225 7.8999 84.45
      vertex -24.5225 6.1001 84.45
      vertex -24.4399 6.01005 84.45
    endloop
  endfacet
  facet normal -0 0 1
    outer loop
      vertex -24.5968 7.80301 84.45
      vertex -24.5225 6.1001 84.45
      vertex -24.5225 7.8999 84.45
    endloop
  endfacet
  facet normal 0 0 1
    outer loop
      vertex -24.5968 7.80301 84.45
      vertex -24.5968 6.19699 84.45
      vertex -24.5225 6.1001 84.45
    endloop
  endfacet
  facet normal -0 0 1
    outer loop
      vertex -24.6624 7.7 84.45
      vertex -24.5968 6.19699 84.45
      vertex -24.5968 7.80301 84.45
    endloop
  endfacet
  facet normal 0 0 1
    outer loop
      vertex -24.6624 7.7 84.45
      vertex -24.6624 6.3 84.45
      vertex -24.5968 6.19699 84.45
    endloop
  endfacet
  facet normal -0 0 1
    outer loop
      vertex -24.7188 7.59167 84.45
      vertex -24.6624 6.3 84.45
      vertex -24.6624 7.7 84.45
    endloop
  endfacet
  facet normal 0 0 1
    outer loop
      vertex -24.7188 7.59167 84.45
      vertex -24.7188 6.40833 84.45
      vertex -24.6624 6.3 84.45
    endloop
  endfacet
  facet normal -0 0 1
    outer loop
      vertex -24.7656 7.47883 84.45
      vertex -24.7188 6.40833 84.45
      vertex -24.7188 7.59167 84.45
    endloop
  endfacet
  facet normal 0 0 1
    outer loop
      vertex -24.7656 7.47883 84.45
      vertex -24.7656 6.52117 84.45
      vertex -24.7188 6.40833 84.45
    endloop
  endfacet
  facet normal -0 0 1
    outer loop
      vertex -24.8023 7.36235 84.45
      vertex -24.7656 6.52117 84.45
      vertex -24.7656 7.47883 84.45
    endloop
  endfacet
  facet normal 0 0 1
    outer loop
      vertex -24.8023 7.36235 84.45
      vertex -24.8023 6.63765 84.45
      vertex -24.7656 6.52117 84.45
    endloop
  endfacet
  facet normal -0 0 1
    outer loop
      vertex -24.8287 7.24311 84.45
      vertex -24.8023 6.63765 84.45
      vertex -24.8023 7.36235 84.45
    endloop
  endfacet
  facet normal 0 0 1
    outer loop
      vertex -24.8287 7.24311 84.45
      vertex -24.8287 6.75689 84.45
      vertex -24.8023 6.63765 84.45
    endloop
  endfacet
  facet normal -0 0 1
    outer loop
      vertex -24.8447 7.12202 84.45
      vertex -24.8287 6.75689 84.45
      vertex -24.8287 7.24311 84.45
    endloop
  endfacet
  facet normal 0 0 1
    outer loop
      vertex -24.8447 7.12202 84.45
      vertex -24.8447 6.87798 84.45
      vertex -24.8287 6.75689 84.45
    endloop
  endfacet
  facet normal 0 -0 1
    outer loop
      vertex -24.8447 6.87798 84.45
      vertex -24.8447 7.12202 84.45
      vertex -24.85 7 84.45
    endloop
  endfacet
  facet normal 0.793536 0.608523 0
    outer loop
      vertex -24.5225 6.1001 96.45
      vertex -24.5968 6.19699 84.45
      vertex -24.5968 6.19699 96.45
    endloop
  endfacet
  facet normal 0.793536 0.608523 0
    outer loop
      vertex -24.5968 6.19699 84.45
      vertex -24.5225 6.1001 96.45
      vertex -24.5225 6.1001 84.45
    endloop
  endfacet
  facet normal 0.130501 -0.991448 0
    outer loop
      vertex -23.6931 8.37873 84.45
      vertex -23.572 8.39467 96.45
      vertex -23.6931 8.37873 96.45
    endloop
  endfacet
  facet normal 0.130501 -0.991448 0
    outer loop
      vertex -23.572 8.39467 96.45
      vertex -23.6931 8.37873 84.45
      vertex -23.572 8.39467 84.45
    endloop
  endfacet
  facet normal 0.793536 -0.608523 0
    outer loop
      vertex -24.5968 7.80301 96.45
      vertex -24.5225 7.8999 84.45
      vertex -24.5225 7.8999 96.45
    endloop
  endfacet
  facet normal 0.793536 -0.608523 0
    outer loop
      vertex -24.5225 7.8999 84.45
      vertex -24.5968 7.80301 96.45
      vertex -24.5968 7.80301 84.45
    endloop
  endfacet
  facet normal -0.0436469 -0.999047 0
    outer loop
      vertex -23.45 8.4 84.45
      vertex -23.328 8.39467 96.45
      vertex -23.45 8.4 96.45
    endloop
  endfacet
  facet normal -0.0436469 -0.999047 -0
    outer loop
      vertex -23.328 8.39467 96.45
      vertex -23.45 8.4 84.45
      vertex -23.328 8.39467 84.45
    endloop
  endfacet
  facet normal 0.736933 -0.675965 0
    outer loop
      vertex -24.5225 7.8999 96.45
      vertex -24.4399 7.98995 84.45
      vertex -24.4399 7.98995 96.45
    endloop
  endfacet
  facet normal 0.736933 -0.675965 0
    outer loop
      vertex -24.4399 7.98995 84.45
      vertex -24.5225 7.8999 96.45
      vertex -24.5225 7.8999 84.45
    endloop
  endfacet
  facet normal -0.923705 -0.383104 0
    outer loop
      vertex -22.1344 7.47883 84.45
      vertex -22.1812 7.59167 96.45
      vertex -22.1812 7.59167 84.45
    endloop
  endfacet
  facet normal -0.923705 -0.383104 0
    outer loop
      vertex -22.1812 7.59167 96.45
      vertex -22.1344 7.47883 84.45
      vertex -22.1344 7.47883 96.45
    endloop
  endfacet
  facet normal 0.999058 0.0433946 0
    outer loop
      vertex -24.8447 6.87798 96.45
      vertex -24.85 7 84.45
      vertex -24.85 7 96.45
    endloop
  endfacet
  facet normal 0.999058 0.0433946 0
    outer loop
      vertex -24.85 7 84.45
      vertex -24.8447 6.87798 96.45
      vertex -24.8447 6.87798 84.45
    endloop
  endfacet
  facet normal 0.886987 0.461794 0
    outer loop
      vertex -24.6624 6.3 96.45
      vertex -24.7188 6.40833 84.45
      vertex -24.7188 6.40833 96.45
    endloop
  endfacet
  facet normal 0.886987 0.461794 0
    outer loop
      vertex -24.7188 6.40833 84.45
      vertex -24.6624 6.3 96.45
      vertex -24.6624 6.3 84.45
    endloop
  endfacet
  facet normal 0.923705 -0.383104 0
    outer loop
      vertex -24.7656 7.47883 96.45
      vertex -24.7188 7.59167 84.45
      vertex -24.7188 7.59167 96.45
    endloop
  endfacet
  facet normal 0.923705 -0.383104 0
    outer loop
      vertex -24.7188 7.59167 84.45
      vertex -24.7656 7.47883 96.45
      vertex -24.7656 7.47883 84.45
    endloop
  endfacet
  facet normal -0.886987 -0.461794 0
    outer loop
      vertex -22.1812 7.59167 84.45
      vertex -22.2376 7.7 96.45
      vertex -22.2376 7.7 84.45
    endloop
  endfacet
  facet normal -0.886987 -0.461794 0
    outer loop
      vertex -22.2376 7.7 96.45
      vertex -22.1812 7.59167 84.45
      vertex -22.1812 7.59167 96.45
    endloop
  endfacet
  facet normal -0.737341 -0.675521 0
    outer loop
      vertex -22.3775 7.8999 84.45
      vertex -22.46 7.98995 96.45
      vertex -22.46 7.98995 84.45
    endloop
  endfacet
  facet normal -0.737341 -0.675521 0
    outer loop
      vertex -22.46 7.98995 96.45
      vertex -22.3775 7.8999 84.45
      vertex -22.3775 7.8999 96.45
    endloop
  endfacet
  facet normal -0.130501 -0.991448 0
    outer loop
      vertex -23.328 8.39467 84.45
      vertex -23.2069 8.37873 96.45
      vertex -23.328 8.39467 96.45
    endloop
  endfacet
  facet normal -0.130501 -0.991448 -0
    outer loop
      vertex -23.2069 8.37873 96.45
      vertex -23.328 8.39467 84.45
      vertex -23.2069 8.37873 84.45
    endloop
  endfacet
  facet normal -0.0436469 0.999047 0
    outer loop
      vertex -23.328 5.60533 84.45
      vertex -23.45 5.6 96.45
      vertex -23.328 5.60533 96.45
    endloop
  endfacet
  facet normal -0.0436469 0.999047 0
    outer loop
      vertex -23.45 5.6 96.45
      vertex -23.328 5.60533 84.45
      vertex -23.45 5.6 84.45
    endloop
  endfacet
  facet normal -0.675361 0.737487 0
    outer loop
      vertex -22.46 6.01005 84.45
      vertex -22.5501 5.92754 96.45
      vertex -22.46 6.01005 96.45
    endloop
  endfacet
  facet normal -0.675361 0.737487 0
    outer loop
      vertex -22.5501 5.92754 96.45
      vertex -22.46 6.01005 84.45
      vertex -22.5501 5.92754 84.45
    endloop
  endfacet
  facet normal 0.216471 0.976289 -0
    outer loop
      vertex -23.6931 5.62127 84.45
      vertex -23.8123 5.6477 96.45
      vertex -23.6931 5.62127 96.45
    endloop
  endfacet
  facet normal 0.216471 0.976289 0
    outer loop
      vertex -23.8123 5.6477 96.45
      vertex -23.6931 5.62127 84.45
      vertex -23.8123 5.6477 84.45
    endloop
  endfacet
  facet normal -0.923705 0.383104 0
    outer loop
      vertex -22.1812 6.40833 84.45
      vertex -22.1344 6.52117 96.45
      vertex -22.1344 6.52117 84.45
    endloop
  endfacet
  facet normal -0.923705 0.383104 0
    outer loop
      vertex -22.1344 6.52117 96.45
      vertex -22.1812 6.40833 84.45
      vertex -22.1812 6.40833 96.45
    endloop
  endfacet
  facet normal -0.675361 -0.737487 0
    outer loop
      vertex -22.5501 8.07246 84.45
      vertex -22.46 7.98995 96.45
      vertex -22.5501 8.07246 96.45
    endloop
  endfacet
  facet normal -0.675361 -0.737487 -0
    outer loop
      vertex -22.46 7.98995 96.45
      vertex -22.5501 8.07246 84.45
      vertex -22.46 7.98995 84.45
    endloop
  endfacet
  facet normal 0.675769 -0.737113 0
    outer loop
      vertex -24.4399 7.98995 84.45
      vertex -24.3499 8.07246 96.45
      vertex -24.4399 7.98995 96.45
    endloop
  endfacet
  facet normal 0.675769 -0.737113 0
    outer loop
      vertex -24.3499 8.07246 96.45
      vertex -24.4399 7.98995 84.45
      vertex -24.3499 8.07246 84.45
    endloop
  endfacet
  facet normal 0.886987 -0.461794 0
    outer loop
      vertex -24.7188 7.59167 96.45
      vertex -24.6624 7.7 84.45
      vertex -24.6624 7.7 96.45
    endloop
  endfacet
  facet normal 0.886987 -0.461794 0
    outer loop
      vertex -24.6624 7.7 84.45
      vertex -24.7188 7.59167 96.45
      vertex -24.7188 7.59167 84.45
    endloop
  endfacet
  facet normal -0.53731 -0.843385 0
    outer loop
      vertex -22.75 8.21243 84.45
      vertex -22.647 8.14681 96.45
      vertex -22.75 8.21243 96.45
    endloop
  endfacet
  facet normal -0.53731 -0.843385 -0
    outer loop
      vertex -22.647 8.14681 96.45
      vertex -22.75 8.21243 84.45
      vertex -22.647 8.14681 84.45
    endloop
  endfacet
  facet normal -0.461894 -0.886935 0
    outer loop
      vertex -22.8583 8.26883 84.45
      vertex -22.75 8.21243 96.45
      vertex -22.8583 8.26883 96.45
    endloop
  endfacet
  facet normal -0.461894 -0.886935 -0
    outer loop
      vertex -22.75 8.21243 96.45
      vertex -22.8583 8.26883 84.45
      vertex -22.75 8.21243 84.45
    endloop
  endfacet
  facet normal 0.976356 0.216167 0
    outer loop
      vertex -24.8023 6.63765 96.45
      vertex -24.8287 6.75689 84.45
      vertex -24.8287 6.75689 96.45
    endloop
  endfacet
  facet normal 0.976356 0.216167 0
    outer loop
      vertex -24.8287 6.75689 84.45
      vertex -24.8023 6.63765 96.45
      vertex -24.8023 6.63765 84.45
    endloop
  endfacet
  facet normal 0.0436469 0.999047 -0
    outer loop
      vertex -23.45 5.6 84.45
      vertex -23.572 5.60533 96.45
      vertex -23.45 5.6 96.45
    endloop
  endfacet
  facet normal 0.0436469 0.999047 0
    outer loop
      vertex -23.572 5.60533 96.45
      vertex -23.45 5.6 84.45
      vertex -23.572 5.60533 84.45
    endloop
  endfacet
  facet normal 0.736933 0.675965 0
    outer loop
      vertex -24.4399 6.01005 96.45
      vertex -24.5225 6.1001 84.45
      vertex -24.5225 6.1001 96.45
    endloop
  endfacet
  facet normal 0.736933 0.675965 0
    outer loop
      vertex -24.5225 6.1001 84.45
      vertex -24.4399 6.01005 96.45
      vertex -24.4399 6.01005 84.45
    endloop
  endfacet
  facet normal -0.382511 0.923951 0
    outer loop
      vertex -22.8583 5.73117 84.45
      vertex -22.9712 5.68443 96.45
      vertex -22.8583 5.73117 96.45
    endloop
  endfacet
  facet normal -0.382511 0.923951 0
    outer loop
      vertex -22.9712 5.68443 96.45
      vertex -22.8583 5.73117 84.45
      vertex -22.9712 5.68443 84.45
    endloop
  endfacet
  facet normal 0.53731 -0.843385 0
    outer loop
      vertex -24.253 8.14681 84.45
      vertex -24.15 8.21243 96.45
      vertex -24.253 8.14681 96.45
    endloop
  endfacet
  facet normal 0.53731 -0.843385 0
    outer loop
      vertex -24.15 8.21243 96.45
      vertex -24.253 8.14681 84.45
      vertex -24.15 8.21243 84.45
    endloop
  endfacet
  facet normal 0.991383 0.130995 0
    outer loop
      vertex -24.8287 6.75689 96.45
      vertex -24.8447 6.87798 84.45
      vertex -24.8447 6.87798 96.45
    endloop
  endfacet
  facet normal 0.991383 0.130995 0
    outer loop
      vertex -24.8447 6.87798 84.45
      vertex -24.8287 6.75689 96.45
      vertex -24.8287 6.75689 84.45
    endloop
  endfacet
  facet normal -0.608741 0.793369 0
    outer loop
      vertex -22.5501 5.92754 84.45
      vertex -22.647 5.85319 96.45
      vertex -22.5501 5.92754 96.45
    endloop
  endfacet
  facet normal -0.608741 0.793369 0
    outer loop
      vertex -22.647 5.85319 96.45
      vertex -22.5501 5.92754 84.45
      vertex -22.647 5.85319 84.45
    endloop
  endfacet
  facet normal -0.793536 -0.608523 0
    outer loop
      vertex -22.3032 7.80301 84.45
      vertex -22.3775 7.8999 96.45
      vertex -22.3775 7.8999 84.45
    endloop
  endfacet
  facet normal -0.793536 -0.608523 0
    outer loop
      vertex -22.3775 7.8999 96.45
      vertex -22.3032 7.80301 84.45
      vertex -22.3032 7.80301 96.45
    endloop
  endfacet
  facet normal 0.537368 0.843348 -0
    outer loop
      vertex -24.15 5.78756 84.45
      vertex -24.253 5.85319 96.45
      vertex -24.15 5.78756 96.45
    endloop
  endfacet
  facet normal 0.537368 0.843348 0
    outer loop
      vertex -24.253 5.85319 96.45
      vertex -24.15 5.78756 84.45
      vertex -24.253 5.85319 84.45
    endloop
  endfacet
  facet normal 0.130501 0.991448 -0
    outer loop
      vertex -23.572 5.60533 84.45
      vertex -23.6931 5.62127 96.45
      vertex -23.572 5.60533 96.45
    endloop
  endfacet
  facet normal 0.130501 0.991448 0
    outer loop
      vertex -23.6931 5.62127 96.45
      vertex -23.572 5.60533 84.45
      vertex -23.6931 5.62127 84.45
    endloop
  endfacet
  facet normal -0.46183 0.886969 0
    outer loop
      vertex -22.75 5.78756 84.45
      vertex -22.8583 5.73117 96.45
      vertex -22.75 5.78756 96.45
    endloop
  endfacet
  facet normal -0.46183 0.886969 0
    outer loop
      vertex -22.8583 5.73117 96.45
      vertex -22.75 5.78756 84.45
      vertex -22.8583 5.73117 84.45
    endloop
  endfacet
  facet normal -0.737341 0.675521 0
    outer loop
      vertex -22.46 6.01005 84.45
      vertex -22.3775 6.1001 96.45
      vertex -22.3775 6.1001 84.45
    endloop
  endfacet
  facet normal -0.737341 0.675521 0
    outer loop
      vertex -22.3775 6.1001 96.45
      vertex -22.46 6.01005 84.45
      vertex -22.46 6.01005 96.45
    endloop
  endfacet
  facet normal 0.382511 0.923951 -0
    outer loop
      vertex -23.9288 5.68443 84.45
      vertex -24.0417 5.73117 96.45
      vertex -23.9288 5.68443 96.45
    endloop
  endfacet
  facet normal 0.382511 0.923951 0
    outer loop
      vertex -24.0417 5.73117 96.45
      vertex -23.9288 5.68443 84.45
      vertex -24.0417 5.73117 84.45
    endloop
  endfacet
  facet normal 0.46183 0.886969 -0
    outer loop
      vertex -24.0417 5.73117 84.45
      vertex -24.15 5.78756 96.45
      vertex -24.0417 5.73117 96.45
    endloop
  endfacet
  facet normal 0.46183 0.886969 0
    outer loop
      vertex -24.15 5.78756 96.45
      vertex -24.0417 5.73117 84.45
      vertex -24.15 5.78756 84.45
    endloop
  endfacet
  facet normal 0.0434017 -0.999058 0
    outer loop
      vertex -23.572 28.3947 84.45
      vertex -23.45 28.4 96.45
      vertex -23.572 28.3947 96.45
    endloop
  endfacet
  facet normal 0.0434017 -0.999058 0
    outer loop
      vertex -23.45 28.4 96.45
      vertex -23.572 28.3947 84.45
      vertex -23.45 28.4 84.45
    endloop
  endfacet
  facet normal 0.461894 -0.886935 0
    outer loop
      vertex -24.15 28.2124 84.45
      vertex -24.0417 28.2688 96.45
      vertex -24.15 28.2124 96.45
    endloop
  endfacet
  facet normal 0.461894 -0.886935 0
    outer loop
      vertex -24.0417 28.2688 96.45
      vertex -24.15 28.2124 84.45
      vertex -24.0417 28.2688 84.45
    endloop
  endfacet
  facet normal -0.991384 -0.130984 0
    outer loop
      vertex -22.0553 27.122 84.45
      vertex -22.0713 27.2431 96.45
      vertex -22.0713 27.2431 84.45
    endloop
  endfacet
  facet normal -0.991384 -0.130984 0
    outer loop
      vertex -22.0713 27.2431 96.45
      vertex -22.0553 27.122 84.45
      vertex -22.0553 27.122 96.45
    endloop
  endfacet
  facet normal -0.999058 -0.0434017 0
    outer loop
      vertex -22.05 27 84.45
      vertex -22.0553 27.122 96.45
      vertex -22.0553 27.122 84.45
    endloop
  endfacet
  facet normal -0.999058 -0.0434017 0
    outer loop
      vertex -22.0553 27.122 96.45
      vertex -22.05 27 84.45
      vertex -22.05 27 96.45
    endloop
  endfacet
  facet normal -0.976341 -0.216237 0
    outer loop
      vertex -22.0713 27.2431 84.45
      vertex -22.0977 27.3623 96.45
      vertex -22.0977 27.3623 84.45
    endloop
  endfacet
  facet normal -0.976341 -0.216237 0
    outer loop
      vertex -22.0977 27.3623 96.45
      vertex -22.0713 27.2431 84.45
      vertex -22.0713 27.2431 96.45
    endloop
  endfacet
  facet normal 0.923777 0.38293 0
    outer loop
      vertex -24.7188 26.4083 96.45
      vertex -24.7656 26.5212 84.45
      vertex -24.7656 26.5212 96.45
    endloop
  endfacet
  facet normal 0.923777 0.38293 0
    outer loop
      vertex -24.7656 26.5212 84.45
      vertex -24.7188 26.4083 96.45
      vertex -24.7188 26.4083 84.45
    endloop
  endfacet
  facet normal -0.300465 -0.953793 0
    outer loop
      vertex -23.0877 28.3523 84.45
      vertex -22.9712 28.3156 96.45
      vertex -23.0877 28.3523 96.45
    endloop
  endfacet
  facet normal -0.300465 -0.953793 -0
    outer loop
      vertex -22.9712 28.3156 96.45
      vertex -23.0877 28.3523 84.45
      vertex -22.9712 28.3156 84.45
    endloop
  endfacet
  facet normal 0.886935 0.461894 0
    outer loop
      vertex -24.6624 26.3 96.45
      vertex -24.7188 26.4083 84.45
      vertex -24.7188 26.4083 96.45
    endloop
  endfacet
  facet normal 0.886935 0.461894 0
    outer loop
      vertex -24.7188 26.4083 84.45
      vertex -24.6624 26.3 96.45
      vertex -24.6624 26.3 84.45
    endloop
  endfacet
  facet normal 0.216237 -0.976341 0
    outer loop
      vertex -23.8123 28.3523 84.45
      vertex -23.6931 28.3787 96.45
      vertex -23.8123 28.3523 96.45
    endloop
  endfacet
  facet normal 0.216237 -0.976341 0
    outer loop
      vertex -23.6931 28.3787 96.45
      vertex -23.8123 28.3523 84.45
      vertex -23.6931 28.3787 84.45
    endloop
  endfacet
  facet normal 0.953793 0.300465 0
    outer loop
      vertex -24.7656 26.5212 96.45
      vertex -24.8023 26.6377 84.45
      vertex -24.8023 26.6377 96.45
    endloop
  endfacet
  facet normal 0.953793 0.300465 0
    outer loop
      vertex -24.8023 26.6377 84.45
      vertex -24.7656 26.5212 96.45
      vertex -24.7656 26.5212 84.45
    endloop
  endfacet
  facet normal -0.216237 0.976341 0
    outer loop
      vertex -23.0877 25.6477 84.45
      vertex -23.2069 25.6213 96.45
      vertex -23.0877 25.6477 96.45
    endloop
  endfacet
  facet normal -0.216237 0.976341 0
    outer loop
      vertex -23.2069 25.6213 96.45
      vertex -23.0877 25.6477 84.45
      vertex -23.2069 25.6213 84.45
    endloop
  endfacet
  facet normal -0.793567 0.608483 0
    outer loop
      vertex -22.3775 26.1001 84.45
      vertex -22.3032 26.197 96.45
      vertex -22.3032 26.197 84.45
    endloop
  endfacet
  facet normal -0.793567 0.608483 0
    outer loop
      vertex -22.3032 26.197 96.45
      vertex -22.3775 26.1001 84.45
      vertex -22.3775 26.1001 96.45
    endloop
  endfacet
  facet normal -0.991384 0.130984 0
    outer loop
      vertex -22.0713 26.7569 84.45
      vertex -22.0553 26.878 96.45
      vertex -22.0553 26.878 84.45
    endloop
  endfacet
  facet normal -0.991384 0.130984 0
    outer loop
      vertex -22.0553 26.878 96.45
      vertex -22.0713 26.7569 84.45
      vertex -22.0713 26.7569 96.45
    endloop
  endfacet
  facet normal 0.999058 -0.0434017 0
    outer loop
      vertex -24.85 27 96.45
      vertex -24.8447 27.122 84.45
      vertex -24.8447 27.122 96.45
    endloop
  endfacet
  facet normal 0.999058 -0.0434017 0
    outer loop
      vertex -24.8447 27.122 84.45
      vertex -24.85 27 96.45
      vertex -24.85 27 84.45
    endloop
  endfacet
  facet normal -0.38293 -0.923777 0
    outer loop
      vertex -22.9712 28.3156 84.45
      vertex -22.8583 28.2688 96.45
      vertex -22.9712 28.3156 96.45
    endloop
  endfacet
  facet normal -0.38293 -0.923777 -0
    outer loop
      vertex -22.8583 28.2688 96.45
      vertex -22.9712 28.3156 84.45
      vertex -22.8583 28.2688 84.45
    endloop
  endfacet
  facet normal 0.953793 -0.300465 0
    outer loop
      vertex -24.8023 27.3623 96.45
      vertex -24.7656 27.4788 84.45
      vertex -24.7656 27.4788 96.45
    endloop
  endfacet
  facet normal 0.953793 -0.300465 0
    outer loop
      vertex -24.7656 27.4788 84.45
      vertex -24.8023 27.3623 96.45
      vertex -24.8023 27.3623 84.45
    endloop
  endfacet
  facet normal -0.976341 0.216237 0
    outer loop
      vertex -22.0977 26.6377 84.45
      vertex -22.0713 26.7569 96.45
      vertex -22.0713 26.7569 84.45
    endloop
  endfacet
  facet normal -0.976341 0.216237 0
    outer loop
      vertex -22.0713 26.7569 96.45
      vertex -22.0977 26.6377 84.45
      vertex -22.0977 26.6377 96.45
    endloop
  endfacet
  facet normal 0.608483 0.793567 -0
    outer loop
      vertex -24.253 25.8532 84.45
      vertex -24.3499 25.9275 96.45
      vertex -24.253 25.8532 96.45
    endloop
  endfacet
  facet normal 0.608483 0.793567 0
    outer loop
      vertex -24.3499 25.9275 96.45
      vertex -24.253 25.8532 84.45
      vertex -24.3499 25.9275 84.45
    endloop
  endfacet
  facet normal 0.38293 -0.923777 0
    outer loop
      vertex -24.0417 28.2688 84.45
      vertex -23.9288 28.3156 96.45
      vertex -24.0417 28.2688 96.45
    endloop
  endfacet
  facet normal 0.38293 -0.923777 0
    outer loop
      vertex -23.9288 28.3156 96.45
      vertex -24.0417 28.2688 84.45
      vertex -23.9288 28.3156 84.45
    endloop
  endfacet
  facet normal 0.608483 -0.793567 0
    outer loop
      vertex -24.3499 28.0725 84.45
      vertex -24.253 28.1468 96.45
      vertex -24.3499 28.0725 96.45
    endloop
  endfacet
  facet normal 0.608483 -0.793567 0
    outer loop
      vertex -24.253 28.1468 96.45
      vertex -24.3499 28.0725 84.45
      vertex -24.253 28.1468 84.45
    endloop
  endfacet
  facet normal -0.300465 0.953793 0
    outer loop
      vertex -22.9712 25.6844 84.45
      vertex -23.0877 25.6477 96.45
      vertex -22.9712 25.6844 96.45
    endloop
  endfacet
  facet normal -0.300465 0.953793 0
    outer loop
      vertex -23.0877 25.6477 96.45
      vertex -22.9712 25.6844 84.45
      vertex -23.0877 25.6477 84.45
    endloop
  endfacet
  facet normal 0.300465 -0.953793 0
    outer loop
      vertex -23.9288 28.3156 84.45
      vertex -23.8123 28.3523 96.45
      vertex -23.9288 28.3156 96.45
    endloop
  endfacet
  facet normal 0.300465 -0.953793 0
    outer loop
      vertex -23.8123 28.3523 96.45
      vertex -23.9288 28.3156 84.45
      vertex -23.8123 28.3523 84.45
    endloop
  endfacet
  facet normal 0.300465 0.953793 -0
    outer loop
      vertex -23.8123 25.6477 84.45
      vertex -23.9288 25.6844 96.45
      vertex -23.8123 25.6477 96.45
    endloop
  endfacet
  facet normal 0.300465 0.953793 0
    outer loop
      vertex -23.9288 25.6844 96.45
      vertex -23.8123 25.6477 84.45
      vertex -23.9288 25.6844 84.45
    endloop
  endfacet
  facet normal -0.843459 -0.537193 0
    outer loop
      vertex -22.2376 27.7 84.45
      vertex -22.3032 27.803 96.45
      vertex -22.3032 27.803 84.45
    endloop
  endfacet
  facet normal -0.843459 -0.537193 0
    outer loop
      vertex -22.3032 27.803 96.45
      vertex -22.2376 27.7 84.45
      vertex -22.2376 27.7 96.45
    endloop
  endfacet
  facet normal -0.953793 0.300465 0
    outer loop
      vertex -22.1344 26.5212 84.45
      vertex -22.0977 26.6377 96.45
      vertex -22.0977 26.6377 84.45
    endloop
  endfacet
  facet normal -0.953793 0.300465 0
    outer loop
      vertex -22.0977 26.6377 96.45
      vertex -22.1344 26.5212 84.45
      vertex -22.1344 26.5212 96.45
    endloop
  endfacet
  facet normal 0.843459 -0.537193 0
    outer loop
      vertex -24.6624 27.7 96.45
      vertex -24.5968 27.803 84.45
      vertex -24.5968 27.803 96.45
    endloop
  endfacet
  facet normal 0.843459 -0.537193 0
    outer loop
      vertex -24.5968 27.803 84.45
      vertex -24.6624 27.7 96.45
      vertex -24.6624 27.7 84.45
    endloop
  endfacet
  facet normal -0.999058 0.0434017 0
    outer loop
      vertex -22.0553 26.878 84.45
      vertex -22.05 27 96.45
      vertex -22.05 27 84.45
    endloop
  endfacet
  facet normal -0.999058 0.0434017 0
    outer loop
      vertex -22.05 27 96.45
      vertex -22.0553 26.878 84.45
      vertex -22.0553 26.878 96.45
    endloop
  endfacet
  facet normal -0.886935 0.461894 0
    outer loop
      vertex -22.2376 26.3 84.45
      vertex -22.1812 26.4083 96.45
      vertex -22.1812 26.4083 84.45
    endloop
  endfacet
  facet normal -0.886935 0.461894 0
    outer loop
      vertex -22.1812 26.4083 96.45
      vertex -22.2376 26.3 84.45
      vertex -22.2376 26.3 96.45
    endloop
  endfacet
  facet normal 0.976341 -0.216237 0
    outer loop
      vertex -24.8287 27.2431 96.45
      vertex -24.8023 27.3623 84.45
      vertex -24.8023 27.3623 96.45
    endloop
  endfacet
  facet normal 0.976341 -0.216237 0
    outer loop
      vertex -24.8023 27.3623 84.45
      vertex -24.8287 27.2431 96.45
      vertex -24.8287 27.2431 84.45
    endloop
  endfacet
  facet normal 0.991384 -0.130984 0
    outer loop
      vertex -24.8447 27.122 96.45
      vertex -24.8287 27.2431 84.45
      vertex -24.8287 27.2431 96.45
    endloop
  endfacet
  facet normal 0.991384 -0.130984 0
    outer loop
      vertex -24.8287 27.2431 84.45
      vertex -24.8447 27.122 96.45
      vertex -24.8447 27.122 84.45
    endloop
  endfacet
  facet normal -0.608483 -0.793567 0
    outer loop
      vertex -22.647 28.1468 84.45
      vertex -22.5501 28.0725 96.45
      vertex -22.647 28.1468 96.45
    endloop
  endfacet
  facet normal -0.608483 -0.793567 -0
    outer loop
      vertex -22.5501 28.0725 96.45
      vertex -22.647 28.1468 84.45
      vertex -22.5501 28.0725 84.45
    endloop
  endfacet
  facet normal -0.216237 -0.976341 0
    outer loop
      vertex -23.2069 28.3787 84.45
      vertex -23.0877 28.3523 96.45
      vertex -23.2069 28.3787 96.45
    endloop
  endfacet
  facet normal -0.216237 -0.976341 -0
    outer loop
      vertex -23.0877 28.3523 96.45
      vertex -23.2069 28.3787 84.45
      vertex -23.0877 28.3523 84.45
    endloop
  endfacet
  facet normal -0.130984 0.991384 0
    outer loop
      vertex -23.2069 25.6213 84.45
      vertex -23.328 25.6053 96.45
      vertex -23.2069 25.6213 96.45
    endloop
  endfacet
  facet normal -0.130984 0.991384 0
    outer loop
      vertex -23.328 25.6053 96.45
      vertex -23.2069 25.6213 84.45
      vertex -23.328 25.6053 84.45
    endloop
  endfacet
  facet normal -0.953793 -0.300465 0
    outer loop
      vertex -22.0977 27.3623 84.45
      vertex -22.1344 27.4788 96.45
      vertex -22.1344 27.4788 84.45
    endloop
  endfacet
  facet normal -0.953793 -0.300465 0
    outer loop
      vertex -22.1344 27.4788 96.45
      vertex -22.0977 27.3623 84.45
      vertex -22.0977 27.3623 96.45
    endloop
  endfacet
  facet normal -0.843459 0.537193 0
    outer loop
      vertex -22.3032 26.197 84.45
      vertex -22.2376 26.3 96.45
      vertex -22.2376 26.3 84.45
    endloop
  endfacet
  facet normal -0.843459 0.537193 0
    outer loop
      vertex -22.2376 26.3 96.45
      vertex -22.3032 26.197 84.45
      vertex -22.3032 26.197 96.45
    endloop
  endfacet
  facet normal 0.843459 0.537193 0
    outer loop
      vertex -24.5968 26.197 96.45
      vertex -24.6624 26.3 84.45
      vertex -24.6624 26.3 96.45
    endloop
  endfacet
  facet normal 0.843459 0.537193 0
    outer loop
      vertex -24.6624 26.3 84.45
      vertex -24.5968 26.197 96.45
      vertex -24.5968 26.197 84.45
    endloop
  endfacet
  facet normal 0 0 1
    outer loop
      vertex -22.0553 27.122 84.45
      vertex -22.0553 26.878 84.45
      vertex -22.05 27 84.45
    endloop
  endfacet
  facet normal 0 0 1
    outer loop
      vertex -22.0713 27.2431 84.45
      vertex -22.0553 26.878 84.45
      vertex -22.0553 27.122 84.45
    endloop
  endfacet
  facet normal 0 0 1
    outer loop
      vertex -22.0713 27.2431 84.45
      vertex -22.0713 26.7569 84.45
      vertex -22.0553 26.878 84.45
    endloop
  endfacet
  facet normal 0 0 1
    outer loop
      vertex -22.0977 27.3623 84.45
      vertex -22.0713 26.7569 84.45
      vertex -22.0713 27.2431 84.45
    endloop
  endfacet
  facet normal 0 0 1
    outer loop
      vertex -22.0977 27.3623 84.45
      vertex -22.0977 26.6377 84.45
      vertex -22.0713 26.7569 84.45
    endloop
  endfacet
  facet normal 0 0 1
    outer loop
      vertex -22.1344 27.4788 84.45
      vertex -22.0977 26.6377 84.45
      vertex -22.0977 27.3623 84.45
    endloop
  endfacet
  facet normal 0 0 1
    outer loop
      vertex -22.1344 27.4788 84.45
      vertex -22.1344 26.5212 84.45
      vertex -22.0977 26.6377 84.45
    endloop
  endfacet
  facet normal 0 0 1
    outer loop
      vertex -22.1812 27.5917 84.45
      vertex -22.1344 26.5212 84.45
      vertex -22.1344 27.4788 84.45
    endloop
  endfacet
  facet normal 0 0 1
    outer loop
      vertex -22.1812 27.5917 84.45
      vertex -22.1812 26.4083 84.45
      vertex -22.1344 26.5212 84.45
    endloop
  endfacet
  facet normal 0 0 1
    outer loop
      vertex -22.2376 27.7 84.45
      vertex -22.1812 26.4083 84.45
      vertex -22.1812 27.5917 84.45
    endloop
  endfacet
  facet normal 0 0 1
    outer loop
      vertex -22.2376 27.7 84.45
      vertex -22.2376 26.3 84.45
      vertex -22.1812 26.4083 84.45
    endloop
  endfacet
  facet normal 0 0 1
    outer loop
      vertex -22.3032 27.803 84.45
      vertex -22.2376 26.3 84.45
      vertex -22.2376 27.7 84.45
    endloop
  endfacet
  facet normal 0 0 1
    outer loop
      vertex -22.3032 27.803 84.45
      vertex -22.3032 26.197 84.45
      vertex -22.2376 26.3 84.45
    endloop
  endfacet
  facet normal 0 0 1
    outer loop
      vertex -22.3775 27.8999 84.45
      vertex -22.3032 26.197 84.45
      vertex -22.3032 27.803 84.45
    endloop
  endfacet
  facet normal 0 0 1
    outer loop
      vertex -22.3775 27.8999 84.45
      vertex -22.3775 26.1001 84.45
      vertex -22.3032 26.197 84.45
    endloop
  endfacet
  facet normal 0 0 1
    outer loop
      vertex -22.46 27.9899 84.45
      vertex -22.3775 26.1001 84.45
      vertex -22.3775 27.8999 84.45
    endloop
  endfacet
  facet normal 0 0 1
    outer loop
      vertex -22.46 27.9899 84.45
      vertex -22.46 26.01 84.45
      vertex -22.3775 26.1001 84.45
    endloop
  endfacet
  facet normal 0 0 1
    outer loop
      vertex -22.5501 28.0725 84.45
      vertex -22.46 26.01 84.45
      vertex -22.46 27.9899 84.45
    endloop
  endfacet
  facet normal 0 0 1
    outer loop
      vertex -22.5501 28.0725 84.45
      vertex -22.5501 25.9275 84.45
      vertex -22.46 26.01 84.45
    endloop
  endfacet
  facet normal 0 0 1
    outer loop
      vertex -22.647 28.1468 84.45
      vertex -22.5501 25.9275 84.45
      vertex -22.5501 28.0725 84.45
    endloop
  endfacet
  facet normal 0 0 1
    outer loop
      vertex -22.647 28.1468 84.45
      vertex -22.647 25.8532 84.45
      vertex -22.5501 25.9275 84.45
    endloop
  endfacet
  facet normal 0 0 1
    outer loop
      vertex -22.75 28.2124 84.45
      vertex -22.647 25.8532 84.45
      vertex -22.647 28.1468 84.45
    endloop
  endfacet
  facet normal 0 0 1
    outer loop
      vertex -22.75 28.2124 84.45
      vertex -22.75 25.7876 84.45
      vertex -22.647 25.8532 84.45
    endloop
  endfacet
  facet normal 0 0 1
    outer loop
      vertex -22.8583 28.2688 84.45
      vertex -22.75 25.7876 84.45
      vertex -22.75 28.2124 84.45
    endloop
  endfacet
  facet normal 0 0 1
    outer loop
      vertex -22.8583 28.2688 84.45
      vertex -22.8583 25.7312 84.45
      vertex -22.75 25.7876 84.45
    endloop
  endfacet
  facet normal 0 0 1
    outer loop
      vertex -22.9712 28.3156 84.45
      vertex -22.8583 25.7312 84.45
      vertex -22.8583 28.2688 84.45
    endloop
  endfacet
  facet normal 0 0 1
    outer loop
      vertex -22.9712 28.3156 84.45
      vertex -22.9712 25.6844 84.45
      vertex -22.8583 25.7312 84.45
    endloop
  endfacet
  facet normal 0 0 1
    outer loop
      vertex -23.0877 28.3523 84.45
      vertex -22.9712 25.6844 84.45
      vertex -22.9712 28.3156 84.45
    endloop
  endfacet
  facet normal 0 0 1
    outer loop
      vertex -23.0877 28.3523 84.45
      vertex -23.0877 25.6477 84.45
      vertex -22.9712 25.6844 84.45
    endloop
  endfacet
  facet normal 0 0 1
    outer loop
      vertex -23.2069 28.3787 84.45
      vertex -23.0877 25.6477 84.45
      vertex -23.0877 28.3523 84.45
    endloop
  endfacet
  facet normal 0 0 1
    outer loop
      vertex -23.2069 28.3787 84.45
      vertex -23.2069 25.6213 84.45
      vertex -23.0877 25.6477 84.45
    endloop
  endfacet
  facet normal 0 0 1
    outer loop
      vertex -23.328 28.3947 84.45
      vertex -23.2069 25.6213 84.45
      vertex -23.2069 28.3787 84.45
    endloop
  endfacet
  facet normal 0 0 1
    outer loop
      vertex -23.328 28.3947 84.45
      vertex -23.328 25.6053 84.45
      vertex -23.2069 25.6213 84.45
    endloop
  endfacet
  facet normal 0 0 1
    outer loop
      vertex -23.45 28.4 84.45
      vertex -23.328 25.6053 84.45
      vertex -23.328 28.3947 84.45
    endloop
  endfacet
  facet normal 0 0 1
    outer loop
      vertex -23.45 28.4 84.45
      vertex -23.45 25.6 84.45
      vertex -23.328 25.6053 84.45
    endloop
  endfacet
  facet normal -0 0 1
    outer loop
      vertex -23.572 28.3947 84.45
      vertex -23.45 25.6 84.45
      vertex -23.45 28.4 84.45
    endloop
  endfacet
  facet normal 0 0 1
    outer loop
      vertex -23.572 28.3947 84.45
      vertex -23.572 25.6053 84.45
      vertex -23.45 25.6 84.45
    endloop
  endfacet
  facet normal -0 0 1
    outer loop
      vertex -23.6931 28.3787 84.45
      vertex -23.572 25.6053 84.45
      vertex -23.572 28.3947 84.45
    endloop
  endfacet
  facet normal 0 0 1
    outer loop
      vertex -23.6931 28.3787 84.45
      vertex -23.6931 25.6213 84.45
      vertex -23.572 25.6053 84.45
    endloop
  endfacet
  facet normal -0 0 1
    outer loop
      vertex -23.8123 28.3523 84.45
      vertex -23.6931 25.6213 84.45
      vertex -23.6931 28.3787 84.45
    endloop
  endfacet
  facet normal 0 0 1
    outer loop
      vertex -23.8123 28.3523 84.45
      vertex -23.8123 25.6477 84.45
      vertex -23.6931 25.6213 84.45
    endloop
  endfacet
  facet normal -0 0 1
    outer loop
      vertex -23.9288 28.3156 84.45
      vertex -23.8123 25.6477 84.45
      vertex -23.8123 28.3523 84.45
    endloop
  endfacet
  facet normal 0 0 1
    outer loop
      vertex -23.9288 28.3156 84.45
      vertex -23.9288 25.6844 84.45
      vertex -23.8123 25.6477 84.45
    endloop
  endfacet
  facet normal -0 0 1
    outer loop
      vertex -24.0417 28.2688 84.45
      vertex -23.9288 25.6844 84.45
      vertex -23.9288 28.3156 84.45
    endloop
  endfacet
  facet normal 0 0 1
    outer loop
      vertex -24.0417 28.2688 84.45
      vertex -24.0417 25.7312 84.45
      vertex -23.9288 25.6844 84.45
    endloop
  endfacet
  facet normal -0 0 1
    outer loop
      vertex -24.15 28.2124 84.45
      vertex -24.0417 25.7312 84.45
      vertex -24.0417 28.2688 84.45
    endloop
  endfacet
  facet normal 0 0 1
    outer loop
      vertex -24.15 28.2124 84.45
      vertex -24.15 25.7876 84.45
      vertex -24.0417 25.7312 84.45
    endloop
  endfacet
  facet normal -0 0 1
    outer loop
      vertex -24.253 28.1468 84.45
      vertex -24.15 25.7876 84.45
      vertex -24.15 28.2124 84.45
    endloop
  endfacet
  facet normal 0 0 1
    outer loop
      vertex -24.253 28.1468 84.45
      vertex -24.253 25.8532 84.45
      vertex -24.15 25.7876 84.45
    endloop
  endfacet
  facet normal -0 0 1
    outer loop
      vertex -24.3499 28.0725 84.45
      vertex -24.253 25.8532 84.45
      vertex -24.253 28.1468 84.45
    endloop
  endfacet
  facet normal 0 0 1
    outer loop
      vertex -24.3499 28.0725 84.45
      vertex -24.3499 25.9275 84.45
      vertex -24.253 25.8532 84.45
    endloop
  endfacet
  facet normal -0 0 1
    outer loop
      vertex -24.4399 27.9899 84.45
      vertex -24.3499 25.9275 84.45
      vertex -24.3499 28.0725 84.45
    endloop
  endfacet
  facet normal 0 0 1
    outer loop
      vertex -24.4399 27.9899 84.45
      vertex -24.4399 26.01 84.45
      vertex -24.3499 25.9275 84.45
    endloop
  endfacet
  facet normal -0 0 1
    outer loop
      vertex -24.5225 27.8999 84.45
      vertex -24.4399 26.01 84.45
      vertex -24.4399 27.9899 84.45
    endloop
  endfacet
  facet normal 0 0 1
    outer loop
      vertex -24.5225 27.8999 84.45
      vertex -24.5225 26.1001 84.45
      vertex -24.4399 26.01 84.45
    endloop
  endfacet
  facet normal -0 0 1
    outer loop
      vertex -24.5968 27.803 84.45
      vertex -24.5225 26.1001 84.45
      vertex -24.5225 27.8999 84.45
    endloop
  endfacet
  facet normal 0 0 1
    outer loop
      vertex -24.5968 27.803 84.45
      vertex -24.5968 26.197 84.45
      vertex -24.5225 26.1001 84.45
    endloop
  endfacet
  facet normal -0 0 1
    outer loop
      vertex -24.6624 27.7 84.45
      vertex -24.5968 26.197 84.45
      vertex -24.5968 27.803 84.45
    endloop
  endfacet
  facet normal 0 0 1
    outer loop
      vertex -24.6624 27.7 84.45
      vertex -24.6624 26.3 84.45
      vertex -24.5968 26.197 84.45
    endloop
  endfacet
  facet normal -0 0 1
    outer loop
      vertex -24.7188 27.5917 84.45
      vertex -24.6624 26.3 84.45
      vertex -24.6624 27.7 84.45
    endloop
  endfacet
  facet normal 0 0 1
    outer loop
      vertex -24.7188 27.5917 84.45
      vertex -24.7188 26.4083 84.45
      vertex -24.6624 26.3 84.45
    endloop
  endfacet
  facet normal -0 0 1
    outer loop
      vertex -24.7656 27.4788 84.45
      vertex -24.7188 26.4083 84.45
      vertex -24.7188 27.5917 84.45
    endloop
  endfacet
  facet normal 0 0 1
    outer loop
      vertex -24.7656 27.4788 84.45
      vertex -24.7656 26.5212 84.45
      vertex -24.7188 26.4083 84.45
    endloop
  endfacet
  facet normal -0 0 1
    outer loop
      vertex -24.8023 27.3623 84.45
      vertex -24.7656 26.5212 84.45
      vertex -24.7656 27.4788 84.45
    endloop
  endfacet
  facet normal 0 0 1
    outer loop
      vertex -24.8023 27.3623 84.45
      vertex -24.8023 26.6377 84.45
      vertex -24.7656 26.5212 84.45
    endloop
  endfacet
  facet normal -0 0 1
    outer loop
      vertex -24.8287 27.2431 84.45
      vertex -24.8023 26.6377 84.45
      vertex -24.8023 27.3623 84.45
    endloop
  endfacet
  facet normal 0 0 1
    outer loop
      vertex -24.8287 27.2431 84.45
      vertex -24.8287 26.7569 84.45
      vertex -24.8023 26.6377 84.45
    endloop
  endfacet
  facet normal -0 0 1
    outer loop
      vertex -24.8447 27.122 84.45
      vertex -24.8287 26.7569 84.45
      vertex -24.8287 27.2431 84.45
    endloop
  endfacet
  facet normal 0 0 1
    outer loop
      vertex -24.8447 27.122 84.45
      vertex -24.8447 26.878 84.45
      vertex -24.8287 26.7569 84.45
    endloop
  endfacet
  facet normal 0 -0 1
    outer loop
      vertex -24.8447 26.878 84.45
      vertex -24.8447 27.122 84.45
      vertex -24.85 27 84.45
    endloop
  endfacet
  facet normal 0.793567 0.608483 0
    outer loop
      vertex -24.5225 26.1001 96.45
      vertex -24.5968 26.197 84.45
      vertex -24.5968 26.197 96.45
    endloop
  endfacet
  facet normal 0.793567 0.608483 0
    outer loop
      vertex -24.5968 26.197 84.45
      vertex -24.5225 26.1001 96.45
      vertex -24.5225 26.1001 84.45
    endloop
  endfacet
  facet normal 0.130984 -0.991384 0
    outer loop
      vertex -23.6931 28.3787 84.45
      vertex -23.572 28.3947 96.45
      vertex -23.6931 28.3787 96.45
    endloop
  endfacet
  facet normal 0.130984 -0.991384 0
    outer loop
      vertex -23.572 28.3947 96.45
      vertex -23.6931 28.3787 84.45
      vertex -23.572 28.3947 84.45
    endloop
  endfacet
  facet normal 0.793567 -0.608483 0
    outer loop
      vertex -24.5968 27.803 96.45
      vertex -24.5225 27.8999 84.45
      vertex -24.5225 27.8999 96.45
    endloop
  endfacet
  facet normal 0.793567 -0.608483 0
    outer loop
      vertex -24.5225 27.8999 84.45
      vertex -24.5968 27.803 96.45
      vertex -24.5968 27.803 84.45
    endloop
  endfacet
  facet normal -0.0434017 -0.999058 0
    outer loop
      vertex -23.45 28.4 84.45
      vertex -23.328 28.3947 96.45
      vertex -23.45 28.4 96.45
    endloop
  endfacet
  facet normal -0.0434017 -0.999058 -0
    outer loop
      vertex -23.328 28.3947 96.45
      vertex -23.45 28.4 84.45
      vertex -23.328 28.3947 84.45
    endloop
  endfacet
  facet normal 0.736746 -0.676169 0
    outer loop
      vertex -24.5225 27.8999 96.45
      vertex -24.4399 27.9899 84.45
      vertex -24.4399 27.9899 96.45
    endloop
  endfacet
  facet normal 0.736746 -0.676169 0
    outer loop
      vertex -24.4399 27.9899 84.45
      vertex -24.5225 27.8999 96.45
      vertex -24.5225 27.8999 84.45
    endloop
  endfacet
  facet normal -0.923777 -0.38293 0
    outer loop
      vertex -22.1344 27.4788 84.45
      vertex -22.1812 27.5917 96.45
      vertex -22.1812 27.5917 84.45
    endloop
  endfacet
  facet normal -0.923777 -0.38293 0
    outer loop
      vertex -22.1812 27.5917 96.45
      vertex -22.1344 27.4788 84.45
      vertex -22.1344 27.4788 96.45
    endloop
  endfacet
  facet normal 0.999058 0.0434017 0
    outer loop
      vertex -24.8447 26.878 96.45
      vertex -24.85 27 84.45
      vertex -24.85 27 96.45
    endloop
  endfacet
  facet normal 0.999058 0.0434017 0
    outer loop
      vertex -24.85 27 84.45
      vertex -24.8447 26.878 96.45
      vertex -24.8447 26.878 84.45
    endloop
  endfacet
  facet normal 0.923777 -0.38293 0
    outer loop
      vertex -24.7656 27.4788 96.45
      vertex -24.7188 27.5917 84.45
      vertex -24.7188 27.5917 96.45
    endloop
  endfacet
  facet normal 0.923777 -0.38293 0
    outer loop
      vertex -24.7188 27.5917 84.45
      vertex -24.7656 27.4788 96.45
      vertex -24.7656 27.4788 84.45
    endloop
  endfacet
  facet normal -0.886935 -0.461894 0
    outer loop
      vertex -22.1812 27.5917 84.45
      vertex -22.2376 27.7 96.45
      vertex -22.2376 27.7 84.45
    endloop
  endfacet
  facet normal -0.886935 -0.461894 0
    outer loop
      vertex -22.2376 27.7 96.45
      vertex -22.1812 27.5917 84.45
      vertex -22.1812 27.5917 96.45
    endloop
  endfacet
  facet normal -0.737154 -0.675725 0
    outer loop
      vertex -22.3775 27.8999 84.45
      vertex -22.46 27.9899 96.45
      vertex -22.46 27.9899 84.45
    endloop
  endfacet
  facet normal -0.737154 -0.675725 0
    outer loop
      vertex -22.46 27.9899 96.45
      vertex -22.3775 27.8999 84.45
      vertex -22.3775 27.8999 96.45
    endloop
  endfacet
  facet normal -0.130984 -0.991384 0
    outer loop
      vertex -23.328 28.3947 84.45
      vertex -23.2069 28.3787 96.45
      vertex -23.328 28.3947 96.45
    endloop
  endfacet
  facet normal -0.130984 -0.991384 -0
    outer loop
      vertex -23.2069 28.3787 96.45
      vertex -23.328 28.3947 84.45
      vertex -23.2069 28.3787 84.45
    endloop
  endfacet
  facet normal -0.0434017 0.999058 0
    outer loop
      vertex -23.328 25.6053 84.45
      vertex -23.45 25.6 96.45
      vertex -23.328 25.6053 96.45
    endloop
  endfacet
  facet normal -0.0434017 0.999058 0
    outer loop
      vertex -23.45 25.6 96.45
      vertex -23.328 25.6053 84.45
      vertex -23.45 25.6 84.45
    endloop
  endfacet
  facet normal 0.216237 0.976341 -0
    outer loop
      vertex -23.6931 25.6213 84.45
      vertex -23.8123 25.6477 96.45
      vertex -23.6931 25.6213 96.45
    endloop
  endfacet
  facet normal 0.216237 0.976341 0
    outer loop
      vertex -23.8123 25.6477 96.45
      vertex -23.6931 25.6213 84.45
      vertex -23.8123 25.6477 84.45
    endloop
  endfacet
  facet normal 0.675725 0.737154 -0
    outer loop
      vertex -24.3499 25.9275 84.45
      vertex -24.4399 26.01 96.45
      vertex -24.3499 25.9275 96.45
    endloop
  endfacet
  facet normal 0.675725 0.737154 0
    outer loop
      vertex -24.4399 26.01 96.45
      vertex -24.3499 25.9275 84.45
      vertex -24.4399 26.01 84.45
    endloop
  endfacet
  facet normal -0.923777 0.38293 0
    outer loop
      vertex -22.1812 26.4083 84.45
      vertex -22.1344 26.5212 96.45
      vertex -22.1344 26.5212 84.45
    endloop
  endfacet
  facet normal -0.923777 0.38293 0
    outer loop
      vertex -22.1344 26.5212 96.45
      vertex -22.1812 26.4083 84.45
      vertex -22.1812 26.4083 96.45
    endloop
  endfacet
  facet normal -0.675762 -0.73712 0
    outer loop
      vertex -22.5501 28.0725 84.45
      vertex -22.46 27.9899 96.45
      vertex -22.5501 28.0725 96.45
    endloop
  endfacet
  facet normal -0.675762 -0.73712 -0
    outer loop
      vertex -22.46 27.9899 96.45
      vertex -22.5501 28.0725 84.45
      vertex -22.46 27.9899 84.45
    endloop
  endfacet
  facet normal 0.676169 -0.736746 0
    outer loop
      vertex -24.4399 27.9899 84.45
      vertex -24.3499 28.0725 96.45
      vertex -24.4399 27.9899 96.45
    endloop
  endfacet
  facet normal 0.676169 -0.736746 0
    outer loop
      vertex -24.3499 28.0725 96.45
      vertex -24.4399 27.9899 84.45
      vertex -24.3499 28.0725 84.45
    endloop
  endfacet
  facet normal 0.886935 -0.461894 0
    outer loop
      vertex -24.7188 27.5917 96.45
      vertex -24.6624 27.7 84.45
      vertex -24.6624 27.7 96.45
    endloop
  endfacet
  facet normal 0.886935 -0.461894 0
    outer loop
      vertex -24.6624 27.7 84.45
      vertex -24.7188 27.5917 96.45
      vertex -24.7188 27.5917 84.45
    endloop
  endfacet
  facet normal -0.537193 -0.843459 0
    outer loop
      vertex -22.75 28.2124 84.45
      vertex -22.647 28.1468 96.45
      vertex -22.75 28.2124 96.45
    endloop
  endfacet
  facet normal -0.537193 -0.843459 -0
    outer loop
      vertex -22.647 28.1468 96.45
      vertex -22.75 28.2124 84.45
      vertex -22.647 28.1468 84.45
    endloop
  endfacet
  facet normal -0.461894 -0.886935 0
    outer loop
      vertex -22.8583 28.2688 84.45
      vertex -22.75 28.2124 96.45
      vertex -22.8583 28.2688 96.45
    endloop
  endfacet
  facet normal -0.461894 -0.886935 -0
    outer loop
      vertex -22.75 28.2124 96.45
      vertex -22.8583 28.2688 84.45
      vertex -22.75 28.2124 84.45
    endloop
  endfacet
  facet normal 0.976341 0.216237 0
    outer loop
      vertex -24.8023 26.6377 96.45
      vertex -24.8287 26.7569 84.45
      vertex -24.8287 26.7569 96.45
    endloop
  endfacet
  facet normal 0.976341 0.216237 0
    outer loop
      vertex -24.8287 26.7569 84.45
      vertex -24.8023 26.6377 96.45
      vertex -24.8023 26.6377 84.45
    endloop
  endfacet
  facet normal 0.0434017 0.999058 -0
    outer loop
      vertex -23.45 25.6 84.45
      vertex -23.572 25.6053 96.45
      vertex -23.45 25.6 96.45
    endloop
  endfacet
  facet normal 0.0434017 0.999058 0
    outer loop
      vertex -23.572 25.6053 96.45
      vertex -23.45 25.6 84.45
      vertex -23.572 25.6053 84.45
    endloop
  endfacet
  facet normal 0.73712 0.675762 0
    outer loop
      vertex -24.4399 26.01 96.45
      vertex -24.5225 26.1001 84.45
      vertex -24.5225 26.1001 96.45
    endloop
  endfacet
  facet normal 0.73712 0.675762 0
    outer loop
      vertex -24.5225 26.1001 84.45
      vertex -24.4399 26.01 96.45
      vertex -24.4399 26.01 84.45
    endloop
  endfacet
  facet normal -0.38293 0.923777 0
    outer loop
      vertex -22.8583 25.7312 84.45
      vertex -22.9712 25.6844 96.45
      vertex -22.8583 25.7312 96.45
    endloop
  endfacet
  facet normal -0.38293 0.923777 0
    outer loop
      vertex -22.9712 25.6844 96.45
      vertex -22.8583 25.7312 84.45
      vertex -22.9712 25.6844 84.45
    endloop
  endfacet
  facet normal 0.537193 -0.843459 0
    outer loop
      vertex -24.253 28.1468 84.45
      vertex -24.15 28.2124 96.45
      vertex -24.253 28.1468 96.45
    endloop
  endfacet
  facet normal 0.537193 -0.843459 0
    outer loop
      vertex -24.15 28.2124 96.45
      vertex -24.253 28.1468 84.45
      vertex -24.15 28.2124 84.45
    endloop
  endfacet
  facet normal 0.991384 0.130984 0
    outer loop
      vertex -24.8287 26.7569 96.45
      vertex -24.8447 26.878 84.45
      vertex -24.8447 26.878 96.45
    endloop
  endfacet
  facet normal 0.991384 0.130984 0
    outer loop
      vertex -24.8447 26.878 84.45
      vertex -24.8287 26.7569 96.45
      vertex -24.8287 26.7569 84.45
    endloop
  endfacet
  facet normal -0.608483 0.793567 0
    outer loop
      vertex -22.5501 25.9275 84.45
      vertex -22.647 25.8532 96.45
      vertex -22.5501 25.9275 96.45
    endloop
  endfacet
  facet normal -0.608483 0.793567 0
    outer loop
      vertex -22.647 25.8532 96.45
      vertex -22.5501 25.9275 84.45
      vertex -22.647 25.8532 84.45
    endloop
  endfacet
  facet normal 0.537193 0.843459 -0
    outer loop
      vertex -24.15 25.7876 84.45
      vertex -24.253 25.8532 96.45
      vertex -24.15 25.7876 96.45
    endloop
  endfacet
  facet normal 0.537193 0.843459 0
    outer loop
      vertex -24.253 25.8532 96.45
      vertex -24.15 25.7876 84.45
      vertex -24.253 25.8532 84.45
    endloop
  endfacet
  facet normal 0.130984 0.991384 -0
    outer loop
      vertex -23.572 25.6053 84.45
      vertex -23.6931 25.6213 96.45
      vertex -23.572 25.6053 96.45
    endloop
  endfacet
  facet normal 0.130984 0.991384 0
    outer loop
      vertex -23.6931 25.6213 96.45
      vertex -23.572 25.6053 84.45
      vertex -23.6931 25.6213 84.45
    endloop
  endfacet
  facet normal -0.461894 0.886935 0
    outer loop
      vertex -22.75 25.7876 84.45
      vertex -22.8583 25.7312 96.45
      vertex -22.75 25.7876 96.45
    endloop
  endfacet
  facet normal -0.461894 0.886935 0
    outer loop
      vertex -22.8583 25.7312 96.45
      vertex -22.75 25.7876 84.45
      vertex -22.8583 25.7312 84.45
    endloop
  endfacet
  facet normal -0.537193 0.843459 0
    outer loop
      vertex -22.647 25.8532 84.45
      vertex -22.75 25.7876 96.45
      vertex -22.647 25.8532 96.45
    endloop
  endfacet
  facet normal -0.537193 0.843459 0
    outer loop
      vertex -22.75 25.7876 96.45
      vertex -22.647 25.8532 84.45
      vertex -22.75 25.7876 84.45
    endloop
  endfacet
  facet normal -0.737528 0.675317 0
    outer loop
      vertex -22.46 26.01 84.45
      vertex -22.3775 26.1001 96.45
      vertex -22.3775 26.1001 84.45
    endloop
  endfacet
  facet normal -0.737528 0.675317 0
    outer loop
      vertex -22.3775 26.1001 96.45
      vertex -22.46 26.01 84.45
      vertex -22.46 26.01 96.45
    endloop
  endfacet
  facet normal -0.675317 0.737528 0
    outer loop
      vertex -22.46 26.01 84.45
      vertex -22.5501 25.9275 96.45
      vertex -22.46 26.01 96.45
    endloop
  endfacet
  facet normal -0.675317 0.737528 0
    outer loop
      vertex -22.5501 25.9275 96.45
      vertex -22.46 26.01 84.45
      vertex -22.5501 25.9275 84.45
    endloop
  endfacet
  facet normal 0.38293 0.923777 -0
    outer loop
      vertex -23.9288 25.6844 84.45
      vertex -24.0417 25.7312 96.45
      vertex -23.9288 25.6844 96.45
    endloop
  endfacet
  facet normal 0.38293 0.923777 0
    outer loop
      vertex -24.0417 25.7312 96.45
      vertex -23.9288 25.6844 84.45
      vertex -24.0417 25.7312 84.45
    endloop
  endfacet
  facet normal 0.461894 0.886935 -0
    outer loop
      vertex -24.0417 25.7312 84.45
      vertex -24.15 25.7876 96.45
      vertex -24.0417 25.7312 96.45
    endloop
  endfacet
  facet normal 0.461894 0.886935 0
    outer loop
      vertex -24.15 25.7876 96.45
      vertex -24.0417 25.7312 84.45
      vertex -24.15 25.7876 84.45
    endloop
  endfacet
  facet normal -0.793567 -0.608483 0
    outer loop
      vertex -22.3032 27.803 84.45
      vertex -22.3775 27.8999 96.45
      vertex -22.3775 27.8999 84.45
    endloop
  endfacet
  facet normal -0.793567 -0.608483 0
    outer loop
      vertex -22.3775 27.8999 96.45
      vertex -22.3032 27.803 84.45
      vertex -22.3032 27.803 96.45
    endloop
  endfacet
  facet normal -0.991383 -0.130995 0
    outer loop
      vertex 24.8447 7.12202 84.45
      vertex 24.8287 7.24311 96.45
      vertex 24.8287 7.24311 84.45
    endloop
  endfacet
  facet normal -0.991383 -0.130995 0
    outer loop
      vertex 24.8287 7.24311 96.45
      vertex 24.8447 7.12202 84.45
      vertex 24.8447 7.12202 96.45
    endloop
  endfacet
  facet normal -0.999058 -0.0433946 0
    outer loop
      vertex 24.85 7 84.45
      vertex 24.8447 7.12202 96.45
      vertex 24.8447 7.12202 84.45
    endloop
  endfacet
  facet normal -0.999058 -0.0433946 0
    outer loop
      vertex 24.8447 7.12202 96.45
      vertex 24.85 7 84.45
      vertex 24.85 7 96.45
    endloop
  endfacet
  facet normal -0.976356 -0.216167 0
    outer loop
      vertex 24.8287 7.24311 84.45
      vertex 24.8023 7.36235 96.45
      vertex 24.8023 7.36235 84.45
    endloop
  endfacet
  facet normal -0.976356 -0.216167 0
    outer loop
      vertex 24.8023 7.36235 96.45
      vertex 24.8287 7.24311 84.45
      vertex 24.8287 7.24311 96.45
    endloop
  endfacet
  facet normal -0.999058 0.0433946 0
    outer loop
      vertex 24.8447 6.87798 84.45
      vertex 24.85 7 96.45
      vertex 24.85 7 84.45
    endloop
  endfacet
  facet normal -0.999058 0.0433946 0
    outer loop
      vertex 24.85 7 96.45
      vertex 24.8447 6.87798 84.45
      vertex 24.8447 6.87798 96.45
    endloop
  endfacet
  facet normal 0.300689 0.953722 -0
    outer loop
      vertex 23.0877 5.6477 84.45
      vertex 22.9712 5.68443 96.45
      vertex 23.0877 5.6477 96.45
    endloop
  endfacet
  facet normal 0.300689 0.953722 0
    outer loop
      vertex 22.9712 5.68443 96.45
      vertex 23.0877 5.6477 84.45
      vertex 22.9712 5.68443 84.45
    endloop
  endfacet
  facet normal 0.537368 0.843348 -0
    outer loop
      vertex 22.75 5.78756 84.45
      vertex 22.647 5.85319 96.45
      vertex 22.75 5.78756 96.45
    endloop
  endfacet
  facet normal 0.537368 0.843348 0
    outer loop
      vertex 22.647 5.85319 96.45
      vertex 22.75 5.78756 84.45
      vertex 22.647 5.85319 84.45
    endloop
  endfacet
  facet normal -0.953778 -0.300512 0
    outer loop
      vertex 24.8023 7.36235 84.45
      vertex 24.7656 7.47883 96.45
      vertex 24.7656 7.47883 84.45
    endloop
  endfacet
  facet normal -0.953778 -0.300512 0
    outer loop
      vertex 24.7656 7.47883 96.45
      vertex 24.8023 7.36235 84.45
      vertex 24.8023 7.36235 96.45
    endloop
  endfacet
  facet normal 0.953778 -0.300512 0
    outer loop
      vertex 22.0977 7.36235 96.45
      vertex 22.1344 7.47883 84.45
      vertex 22.1344 7.47883 96.45
    endloop
  endfacet
  facet normal 0.953778 -0.300512 0
    outer loop
      vertex 22.1344 7.47883 84.45
      vertex 22.0977 7.36235 96.45
      vertex 22.0977 7.36235 84.45
    endloop
  endfacet
  facet normal 0.382511 0.923951 -0
    outer loop
      vertex 22.9712 5.68443 84.45
      vertex 22.8583 5.73117 96.45
      vertex 22.9712 5.68443 96.45
    endloop
  endfacet
  facet normal 0.382511 0.923951 0
    outer loop
      vertex 22.8583 5.73117 96.45
      vertex 22.9712 5.68443 84.45
      vertex 22.8583 5.73117 84.45
    endloop
  endfacet
  facet normal 0.461894 -0.886935 0
    outer loop
      vertex 22.75 8.21243 84.45
      vertex 22.8583 8.26883 96.45
      vertex 22.75 8.21243 96.45
    endloop
  endfacet
  facet normal 0.461894 -0.886935 0
    outer loop
      vertex 22.8583 8.26883 96.45
      vertex 22.75 8.21243 84.45
      vertex 22.8583 8.26883 84.45
    endloop
  endfacet
  facet normal 0.737341 0.675521 0
    outer loop
      vertex 22.46 6.01005 96.45
      vertex 22.3775 6.1001 84.45
      vertex 22.3775 6.1001 96.45
    endloop
  endfacet
  facet normal 0.737341 0.675521 0
    outer loop
      vertex 22.3775 6.1001 84.45
      vertex 22.46 6.01005 96.45
      vertex 22.46 6.01005 84.45
    endloop
  endfacet
  facet normal -0.537368 0.843348 0
    outer loop
      vertex 24.253 5.85319 84.45
      vertex 24.15 5.78756 96.45
      vertex 24.253 5.85319 96.45
    endloop
  endfacet
  facet normal -0.537368 0.843348 0
    outer loop
      vertex 24.15 5.78756 96.45
      vertex 24.253 5.85319 84.45
      vertex 24.15 5.78756 84.45
    endloop
  endfacet
  facet normal -0.793536 0.608523 0
    outer loop
      vertex 24.5225 6.1001 84.45
      vertex 24.5968 6.19699 96.45
      vertex 24.5968 6.19699 84.45
    endloop
  endfacet
  facet normal -0.793536 0.608523 0
    outer loop
      vertex 24.5968 6.19699 96.45
      vertex 24.5225 6.1001 84.45
      vertex 24.5225 6.1001 96.45
    endloop
  endfacet
  facet normal -0.0436469 0.999047 0
    outer loop
      vertex 23.572 5.60533 84.45
      vertex 23.45 5.6 96.45
      vertex 23.572 5.60533 96.45
    endloop
  endfacet
  facet normal -0.0436469 0.999047 0
    outer loop
      vertex 23.45 5.6 96.45
      vertex 23.572 5.60533 84.45
      vertex 23.45 5.6 84.45
    endloop
  endfacet
  facet normal 0.843483 0.537156 0
    outer loop
      vertex 22.3032 6.19699 96.45
      vertex 22.2376 6.3 84.45
      vertex 22.2376 6.3 96.45
    endloop
  endfacet
  facet normal 0.843483 0.537156 0
    outer loop
      vertex 22.2376 6.3 84.45
      vertex 22.3032 6.19699 96.45
      vertex 22.3032 6.19699 84.45
    endloop
  endfacet
  facet normal -0.991383 0.130995 0
    outer loop
      vertex 24.8287 6.75689 84.45
      vertex 24.8447 6.87798 96.45
      vertex 24.8447 6.87798 84.45
    endloop
  endfacet
  facet normal -0.991383 0.130995 0
    outer loop
      vertex 24.8447 6.87798 96.45
      vertex 24.8287 6.75689 84.45
      vertex 24.8287 6.75689 96.45
    endloop
  endfacet
  facet normal 0.675361 -0.737487 0
    outer loop
      vertex 22.46 7.98995 84.45
      vertex 22.5501 8.07246 96.45
      vertex 22.46 7.98995 96.45
    endloop
  endfacet
  facet normal 0.675361 -0.737487 0
    outer loop
      vertex 22.5501 8.07246 96.45
      vertex 22.46 7.98995 84.45
      vertex 22.5501 8.07246 84.45
    endloop
  endfacet
  facet normal 0.953778 0.300512 0
    outer loop
      vertex 22.1344 6.52117 96.45
      vertex 22.0977 6.63765 84.45
      vertex 22.0977 6.63765 96.45
    endloop
  endfacet
  facet normal 0.953778 0.300512 0
    outer loop
      vertex 22.0977 6.63765 84.45
      vertex 22.1344 6.52117 96.45
      vertex 22.1344 6.52117 84.45
    endloop
  endfacet
  facet normal 0.300689 -0.953722 0
    outer loop
      vertex 22.9712 8.31557 84.45
      vertex 23.0877 8.3523 96.45
      vertex 22.9712 8.31557 96.45
    endloop
  endfacet
  facet normal 0.300689 -0.953722 0
    outer loop
      vertex 23.0877 8.3523 96.45
      vertex 22.9712 8.31557 84.45
      vertex 23.0877 8.3523 84.45
    endloop
  endfacet
  facet normal -0.675769 -0.737113 0
    outer loop
      vertex 24.3499 8.07246 84.45
      vertex 24.4399 7.98995 96.45
      vertex 24.3499 8.07246 96.45
    endloop
  endfacet
  facet normal -0.675769 -0.737113 -0
    outer loop
      vertex 24.4399 7.98995 96.45
      vertex 24.3499 8.07246 84.45
      vertex 24.4399 7.98995 84.45
    endloop
  endfacet
  facet normal 0.923705 -0.383104 0
    outer loop
      vertex 22.1344 7.47883 96.45
      vertex 22.1812 7.59167 84.45
      vertex 22.1812 7.59167 96.45
    endloop
  endfacet
  facet normal 0.923705 -0.383104 0
    outer loop
      vertex 22.1812 7.59167 84.45
      vertex 22.1344 7.47883 96.45
      vertex 22.1344 7.47883 84.45
    endloop
  endfacet
  facet normal -0.736933 -0.675965 0
    outer loop
      vertex 24.5225 7.8999 84.45
      vertex 24.4399 7.98995 96.45
      vertex 24.4399 7.98995 84.45
    endloop
  endfacet
  facet normal -0.736933 -0.675965 0
    outer loop
      vertex 24.4399 7.98995 96.45
      vertex 24.5225 7.8999 84.45
      vertex 24.5225 7.8999 96.45
    endloop
  endfacet
  facet normal 0.53731 -0.843385 0
    outer loop
      vertex 22.647 8.14681 84.45
      vertex 22.75 8.21243 96.45
      vertex 22.647 8.14681 96.45
    endloop
  endfacet
  facet normal 0.53731 -0.843385 0
    outer loop
      vertex 22.75 8.21243 96.45
      vertex 22.647 8.14681 84.45
      vertex 22.75 8.21243 84.45
    endloop
  endfacet
  facet normal -0.886987 -0.461794 0
    outer loop
      vertex 24.7188 7.59167 84.45
      vertex 24.6624 7.7 96.45
      vertex 24.6624 7.7 84.45
    endloop
  endfacet
  facet normal -0.886987 -0.461794 0
    outer loop
      vertex 24.6624 7.7 96.45
      vertex 24.7188 7.59167 84.45
      vertex 24.7188 7.59167 96.45
    endloop
  endfacet
  facet normal -0.382511 -0.923951 0
    outer loop
      vertex 23.9288 8.31557 84.45
      vertex 24.0417 8.26883 96.45
      vertex 23.9288 8.31557 96.45
    endloop
  endfacet
  facet normal -0.382511 -0.923951 -0
    outer loop
      vertex 24.0417 8.26883 96.45
      vertex 23.9288 8.31557 84.45
      vertex 24.0417 8.26883 84.45
    endloop
  endfacet
  facet normal -0.382511 0.923951 0
    outer loop
      vertex 24.0417 5.73117 84.45
      vertex 23.9288 5.68443 96.45
      vertex 24.0417 5.73117 96.45
    endloop
  endfacet
  facet normal -0.382511 0.923951 0
    outer loop
      vertex 23.9288 5.68443 96.45
      vertex 24.0417 5.73117 84.45
      vertex 23.9288 5.68443 84.45
    endloop
  endfacet
  facet normal -0.130501 0.991448 0
    outer loop
      vertex 23.6931 5.62127 84.45
      vertex 23.572 5.60533 96.45
      vertex 23.6931 5.62127 96.45
    endloop
  endfacet
  facet normal -0.130501 0.991448 0
    outer loop
      vertex 23.572 5.60533 96.45
      vertex 23.6931 5.62127 84.45
      vertex 23.572 5.60533 84.45
    endloop
  endfacet
  facet normal 0.608741 -0.793369 0
    outer loop
      vertex 22.5501 8.07246 84.45
      vertex 22.647 8.14681 96.45
      vertex 22.5501 8.07246 96.45
    endloop
  endfacet
  facet normal 0.608741 -0.793369 0
    outer loop
      vertex 22.647 8.14681 96.45
      vertex 22.5501 8.07246 84.45
      vertex 22.647 8.14681 84.45
    endloop
  endfacet
  facet normal -0.923705 -0.383104 0
    outer loop
      vertex 24.7656 7.47883 84.45
      vertex 24.7188 7.59167 96.45
      vertex 24.7188 7.59167 84.45
    endloop
  endfacet
  facet normal -0.923705 -0.383104 0
    outer loop
      vertex 24.7188 7.59167 96.45
      vertex 24.7656 7.47883 84.45
      vertex 24.7656 7.47883 96.45
    endloop
  endfacet
  facet normal -0.0436469 -0.999047 0
    outer loop
      vertex 23.45 8.4 84.45
      vertex 23.572 8.39467 96.45
      vertex 23.45 8.4 96.45
    endloop
  endfacet
  facet normal -0.0436469 -0.999047 -0
    outer loop
      vertex 23.572 8.39467 96.45
      vertex 23.45 8.4 84.45
      vertex 23.572 8.39467 84.45
    endloop
  endfacet
  facet normal -0.843483 -0.537156 0
    outer loop
      vertex 24.6624 7.7 84.45
      vertex 24.5968 7.80301 96.45
      vertex 24.5968 7.80301 84.45
    endloop
  endfacet
  facet normal -0.843483 -0.537156 0
    outer loop
      vertex 24.5968 7.80301 96.45
      vertex 24.6624 7.7 84.45
      vertex 24.6624 7.7 96.45
    endloop
  endfacet
  facet normal -0.461894 -0.886935 0
    outer loop
      vertex 24.0417 8.26883 84.45
      vertex 24.15 8.21243 96.45
      vertex 24.0417 8.26883 96.45
    endloop
  endfacet
  facet normal -0.461894 -0.886935 -0
    outer loop
      vertex 24.15 8.21243 96.45
      vertex 24.0417 8.26883 84.45
      vertex 24.15 8.21243 84.45
    endloop
  endfacet
  facet normal -0.976356 0.216167 0
    outer loop
      vertex 24.8023 6.63765 84.45
      vertex 24.8287 6.75689 96.45
      vertex 24.8287 6.75689 84.45
    endloop
  endfacet
  facet normal -0.976356 0.216167 0
    outer loop
      vertex 24.8287 6.75689 96.45
      vertex 24.8023 6.63765 84.45
      vertex 24.8023 6.63765 96.45
    endloop
  endfacet
  facet normal -0.608741 -0.793369 0
    outer loop
      vertex 24.253 8.14681 84.45
      vertex 24.3499 8.07246 96.45
      vertex 24.253 8.14681 96.45
    endloop
  endfacet
  facet normal -0.608741 -0.793369 -0
    outer loop
      vertex 24.3499 8.07246 96.45
      vertex 24.253 8.14681 84.45
      vertex 24.3499 8.07246 84.45
    endloop
  endfacet
  facet normal 0.0436469 0.999047 -0
    outer loop
      vertex 23.45 5.6 84.45
      vertex 23.328 5.60533 96.45
      vertex 23.45 5.6 96.45
    endloop
  endfacet
  facet normal 0.0436469 0.999047 0
    outer loop
      vertex 23.328 5.60533 96.45
      vertex 23.45 5.6 84.45
      vertex 23.328 5.60533 84.45
    endloop
  endfacet
  facet normal 0.976356 -0.216167 0
    outer loop
      vertex 22.0713 7.24311 96.45
      vertex 22.0977 7.36235 84.45
      vertex 22.0977 7.36235 96.45
    endloop
  endfacet
  facet normal 0.976356 -0.216167 0
    outer loop
      vertex 22.0977 7.36235 84.45
      vertex 22.0713 7.24311 96.45
      vertex 22.0713 7.24311 84.45
    endloop
  endfacet
  facet normal 0.46183 0.886969 -0
    outer loop
      vertex 22.8583 5.73117 84.45
      vertex 22.75 5.78756 96.45
      vertex 22.8583 5.73117 96.45
    endloop
  endfacet
  facet normal 0.46183 0.886969 0
    outer loop
      vertex 22.75 5.78756 96.45
      vertex 22.8583 5.73117 84.45
      vertex 22.75 5.78756 84.45
    endloop
  endfacet
  facet normal -0.793536 -0.608523 0
    outer loop
      vertex 24.5968 7.80301 84.45
      vertex 24.5225 7.8999 96.45
      vertex 24.5225 7.8999 84.45
    endloop
  endfacet
  facet normal -0.793536 -0.608523 0
    outer loop
      vertex 24.5225 7.8999 96.45
      vertex 24.5968 7.80301 84.45
      vertex 24.5968 7.80301 96.45
    endloop
  endfacet
  facet normal 0.382511 -0.923951 0
    outer loop
      vertex 22.8583 8.26883 84.45
      vertex 22.9712 8.31557 96.45
      vertex 22.8583 8.26883 96.45
    endloop
  endfacet
  facet normal 0.382511 -0.923951 0
    outer loop
      vertex 22.9712 8.31557 96.45
      vertex 22.8583 8.26883 84.45
      vertex 22.9712 8.31557 84.45
    endloop
  endfacet
  facet normal -0.300689 -0.953722 0
    outer loop
      vertex 23.8123 8.3523 84.45
      vertex 23.9288 8.31557 96.45
      vertex 23.8123 8.3523 96.45
    endloop
  endfacet
  facet normal -0.300689 -0.953722 -0
    outer loop
      vertex 23.9288 8.31557 96.45
      vertex 23.8123 8.3523 84.45
      vertex 23.9288 8.31557 84.45
    endloop
  endfacet
  facet normal -0.300689 0.953722 0
    outer loop
      vertex 23.9288 5.68443 84.45
      vertex 23.8123 5.6477 96.45
      vertex 23.9288 5.68443 96.45
    endloop
  endfacet
  facet normal -0.300689 0.953722 0
    outer loop
      vertex 23.8123 5.6477 96.45
      vertex 23.9288 5.68443 84.45
      vertex 23.8123 5.6477 84.45
    endloop
  endfacet
  facet normal -0.216471 0.976289 0
    outer loop
      vertex 23.8123 5.6477 84.45
      vertex 23.6931 5.62127 96.45
      vertex 23.8123 5.6477 96.45
    endloop
  endfacet
  facet normal -0.216471 0.976289 0
    outer loop
      vertex 23.6931 5.62127 96.45
      vertex 23.8123 5.6477 84.45
      vertex 23.6931 5.62127 84.45
    endloop
  endfacet
  facet normal 0.216471 0.976289 -0
    outer loop
      vertex 23.2069 5.62127 84.45
      vertex 23.0877 5.6477 96.45
      vertex 23.2069 5.62127 96.45
    endloop
  endfacet
  facet normal 0.216471 0.976289 0
    outer loop
      vertex 23.0877 5.6477 96.45
      vertex 23.2069 5.62127 84.45
      vertex 23.0877 5.6477 84.45
    endloop
  endfacet
  facet normal 0.999058 0.0433946 0
    outer loop
      vertex 22.0553 6.87798 96.45
      vertex 22.05 7 84.45
      vertex 22.05 7 96.45
    endloop
  endfacet
  facet normal 0.999058 0.0433946 0
    outer loop
      vertex 22.05 7 84.45
      vertex 22.0553 6.87798 96.45
      vertex 22.0553 6.87798 84.45
    endloop
  endfacet
  facet normal -0.216471 -0.976289 0
    outer loop
      vertex 23.6931 8.37873 84.45
      vertex 23.8123 8.3523 96.45
      vertex 23.6931 8.37873 96.45
    endloop
  endfacet
  facet normal -0.216471 -0.976289 -0
    outer loop
      vertex 23.8123 8.3523 96.45
      vertex 23.6931 8.37873 84.45
      vertex 23.8123 8.3523 84.45
    endloop
  endfacet
  facet normal 0.216471 -0.976289 0
    outer loop
      vertex 23.0877 8.3523 84.45
      vertex 23.2069 8.37873 96.45
      vertex 23.0877 8.3523 96.45
    endloop
  endfacet
  facet normal 0.216471 -0.976289 0
    outer loop
      vertex 23.2069 8.37873 96.45
      vertex 23.0877 8.3523 84.45
      vertex 23.2069 8.37873 84.45
    endloop
  endfacet
  facet normal 0.130501 -0.991448 0
    outer loop
      vertex 23.2069 8.37873 84.45
      vertex 23.328 8.39467 96.45
      vertex 23.2069 8.37873 96.45
    endloop
  endfacet
  facet normal 0.130501 -0.991448 0
    outer loop
      vertex 23.328 8.39467 96.45
      vertex 23.2069 8.37873 84.45
      vertex 23.328 8.39467 84.45
    endloop
  endfacet
  facet normal 0.991383 0.130995 0
    outer loop
      vertex 22.0713 6.75689 96.45
      vertex 22.0553 6.87798 84.45
      vertex 22.0553 6.87798 96.45
    endloop
  endfacet
  facet normal 0.991383 0.130995 0
    outer loop
      vertex 22.0553 6.87798 84.45
      vertex 22.0713 6.75689 96.45
      vertex 22.0713 6.75689 84.45
    endloop
  endfacet
  facet normal 0.976356 0.216167 0
    outer loop
      vertex 22.0977 6.63765 96.45
      vertex 22.0713 6.75689 84.45
      vertex 22.0713 6.75689 96.45
    endloop
  endfacet
  facet normal 0.976356 0.216167 0
    outer loop
      vertex 22.0713 6.75689 84.45
      vertex 22.0977 6.63765 96.45
      vertex 22.0977 6.63765 84.45
    endloop
  endfacet
  facet normal -0.46183 0.886969 0
    outer loop
      vertex 24.15 5.78756 84.45
      vertex 24.0417 5.73117 96.45
      vertex 24.15 5.78756 96.45
    endloop
  endfacet
  facet normal -0.46183 0.886969 0
    outer loop
      vertex 24.0417 5.73117 96.45
      vertex 24.15 5.78756 84.45
      vertex 24.0417 5.73117 84.45
    endloop
  endfacet
  facet normal 0.991383 -0.130995 0
    outer loop
      vertex 22.0553 7.12202 96.45
      vertex 22.0713 7.24311 84.45
      vertex 22.0713 7.24311 96.45
    endloop
  endfacet
  facet normal 0.991383 -0.130995 0
    outer loop
      vertex 22.0713 7.24311 84.45
      vertex 22.0553 7.12202 96.45
      vertex 22.0553 7.12202 84.45
    endloop
  endfacet
  facet normal 0.130501 0.991448 -0
    outer loop
      vertex 23.328 5.60533 84.45
      vertex 23.2069 5.62127 96.45
      vertex 23.328 5.60533 96.45
    endloop
  endfacet
  facet normal 0.130501 0.991448 0
    outer loop
      vertex 23.2069 5.62127 96.45
      vertex 23.328 5.60533 84.45
      vertex 23.2069 5.62127 84.45
    endloop
  endfacet
  facet normal 0.843483 -0.537156 0
    outer loop
      vertex 22.2376 7.7 96.45
      vertex 22.3032 7.80301 84.45
      vertex 22.3032 7.80301 96.45
    endloop
  endfacet
  facet normal 0.843483 -0.537156 0
    outer loop
      vertex 22.3032 7.80301 84.45
      vertex 22.2376 7.7 96.45
      vertex 22.2376 7.7 84.45
    endloop
  endfacet
  facet normal -0.843483 0.537156 0
    outer loop
      vertex 24.5968 6.19699 84.45
      vertex 24.6624 6.3 96.45
      vertex 24.6624 6.3 84.45
    endloop
  endfacet
  facet normal -0.843483 0.537156 0
    outer loop
      vertex 24.6624 6.3 96.45
      vertex 24.5968 6.19699 84.45
      vertex 24.5968 6.19699 96.45
    endloop
  endfacet
  facet normal 0.793536 -0.608523 0
    outer loop
      vertex 22.3032 7.80301 96.45
      vertex 22.3775 7.8999 84.45
      vertex 22.3775 7.8999 96.45
    endloop
  endfacet
  facet normal 0.793536 -0.608523 0
    outer loop
      vertex 22.3775 7.8999 84.45
      vertex 22.3032 7.80301 96.45
      vertex 22.3032 7.80301 84.45
    endloop
  endfacet
  facet normal 0.923705 0.383104 0
    outer loop
      vertex 22.1812 6.40833 96.45
      vertex 22.1344 6.52117 84.45
      vertex 22.1344 6.52117 96.45
    endloop
  endfacet
  facet normal 0.923705 0.383104 0
    outer loop
      vertex 22.1344 6.52117 84.45
      vertex 22.1812 6.40833 96.45
      vertex 22.1812 6.40833 84.45
    endloop
  endfacet
  facet normal -0.53731 -0.843385 0
    outer loop
      vertex 24.15 8.21243 84.45
      vertex 24.253 8.14681 96.45
      vertex 24.15 8.21243 96.45
    endloop
  endfacet
  facet normal -0.53731 -0.843385 -0
    outer loop
      vertex 24.253 8.14681 96.45
      vertex 24.15 8.21243 84.45
      vertex 24.253 8.14681 84.45
    endloop
  endfacet
  facet normal 0.0436469 -0.999047 0
    outer loop
      vertex 23.328 8.39467 84.45
      vertex 23.45 8.4 96.45
      vertex 23.328 8.39467 96.45
    endloop
  endfacet
  facet normal 0.0436469 -0.999047 0
    outer loop
      vertex 23.45 8.4 96.45
      vertex 23.328 8.39467 84.45
      vertex 23.45 8.4 84.45
    endloop
  endfacet
  facet normal -0.130501 -0.991448 0
    outer loop
      vertex 23.572 8.39467 84.45
      vertex 23.6931 8.37873 96.45
      vertex 23.572 8.39467 96.45
    endloop
  endfacet
  facet normal -0.130501 -0.991448 -0
    outer loop
      vertex 23.6931 8.37873 96.45
      vertex 23.572 8.39467 84.45
      vertex 23.6931 8.37873 84.45
    endloop
  endfacet
  facet normal -0.953778 0.300512 0
    outer loop
      vertex 24.7656 6.52117 84.45
      vertex 24.8023 6.63765 96.45
      vertex 24.8023 6.63765 84.45
    endloop
  endfacet
  facet normal -0.953778 0.300512 0
    outer loop
      vertex 24.8023 6.63765 96.45
      vertex 24.7656 6.52117 84.45
      vertex 24.7656 6.52117 96.45
    endloop
  endfacet
  facet normal -0.886987 0.461794 0
    outer loop
      vertex 24.6624 6.3 84.45
      vertex 24.7188 6.40833 96.45
      vertex 24.7188 6.40833 84.45
    endloop
  endfacet
  facet normal -0.886987 0.461794 0
    outer loop
      vertex 24.7188 6.40833 96.45
      vertex 24.6624 6.3 84.45
      vertex 24.6624 6.3 96.45
    endloop
  endfacet
  facet normal 0.675361 0.737487 -0
    outer loop
      vertex 22.5501 5.92754 84.45
      vertex 22.46 6.01005 96.45
      vertex 22.5501 5.92754 96.45
    endloop
  endfacet
  facet normal 0.675361 0.737487 0
    outer loop
      vertex 22.46 6.01005 96.45
      vertex 22.5501 5.92754 84.45
      vertex 22.46 6.01005 84.45
    endloop
  endfacet
  facet normal 0.737341 -0.675521 0
    outer loop
      vertex 22.3775 7.8999 96.45
      vertex 22.46 7.98995 84.45
      vertex 22.46 7.98995 96.45
    endloop
  endfacet
  facet normal 0.737341 -0.675521 0
    outer loop
      vertex 22.46 7.98995 84.45
      vertex 22.3775 7.8999 96.45
      vertex 22.3775 7.8999 84.45
    endloop
  endfacet
  facet normal 0.793536 0.608523 0
    outer loop
      vertex 22.3775 6.1001 96.45
      vertex 22.3032 6.19699 84.45
      vertex 22.3032 6.19699 96.45
    endloop
  endfacet
  facet normal 0.793536 0.608523 0
    outer loop
      vertex 22.3032 6.19699 84.45
      vertex 22.3775 6.1001 96.45
      vertex 22.3775 6.1001 84.45
    endloop
  endfacet
  facet normal -0.923705 0.383104 0
    outer loop
      vertex 24.7188 6.40833 84.45
      vertex 24.7656 6.52117 96.45
      vertex 24.7656 6.52117 84.45
    endloop
  endfacet
  facet normal -0.923705 0.383104 0
    outer loop
      vertex 24.7656 6.52117 96.45
      vertex 24.7188 6.40833 84.45
      vertex 24.7188 6.40833 96.45
    endloop
  endfacet
  facet normal -0.608741 0.793369 0
    outer loop
      vertex 24.3499 5.92754 84.45
      vertex 24.253 5.85319 96.45
      vertex 24.3499 5.92754 96.45
    endloop
  endfacet
  facet normal -0.608741 0.793369 0
    outer loop
      vertex 24.253 5.85319 96.45
      vertex 24.3499 5.92754 84.45
      vertex 24.253 5.85319 84.45
    endloop
  endfacet
  facet normal 0.999058 -0.0433946 0
    outer loop
      vertex 22.05 7 96.45
      vertex 22.0553 7.12202 84.45
      vertex 22.0553 7.12202 96.45
    endloop
  endfacet
  facet normal 0.999058 -0.0433946 0
    outer loop
      vertex 22.0553 7.12202 84.45
      vertex 22.05 7 96.45
      vertex 22.05 7 84.45
    endloop
  endfacet
  facet normal 0.608741 0.793369 -0
    outer loop
      vertex 22.647 5.85319 84.45
      vertex 22.5501 5.92754 96.45
      vertex 22.647 5.85319 96.45
    endloop
  endfacet
  facet normal 0.608741 0.793369 0
    outer loop
      vertex 22.5501 5.92754 96.45
      vertex 22.647 5.85319 84.45
      vertex 22.5501 5.92754 84.45
    endloop
  endfacet
  facet normal -0.675769 0.737113 0
    outer loop
      vertex 24.4399 6.01005 84.45
      vertex 24.3499 5.92754 96.45
      vertex 24.4399 6.01005 96.45
    endloop
  endfacet
  facet normal -0.675769 0.737113 0
    outer loop
      vertex 24.3499 5.92754 96.45
      vertex 24.4399 6.01005 84.45
      vertex 24.3499 5.92754 84.45
    endloop
  endfacet
  facet normal 0.886987 -0.461794 0
    outer loop
      vertex 22.1812 7.59167 96.45
      vertex 22.2376 7.7 84.45
      vertex 22.2376 7.7 96.45
    endloop
  endfacet
  facet normal 0.886987 -0.461794 0
    outer loop
      vertex 22.2376 7.7 84.45
      vertex 22.1812 7.59167 96.45
      vertex 22.1812 7.59167 84.45
    endloop
  endfacet
  facet normal 0.886987 0.461794 0
    outer loop
      vertex 22.2376 6.3 96.45
      vertex 22.1812 6.40833 84.45
      vertex 22.1812 6.40833 96.45
    endloop
  endfacet
  facet normal 0.886987 0.461794 0
    outer loop
      vertex 22.1812 6.40833 84.45
      vertex 22.2376 6.3 96.45
      vertex 22.2376 6.3 84.45
    endloop
  endfacet
  facet normal -0.736933 0.675965 0
    outer loop
      vertex 24.4399 6.01005 84.45
      vertex 24.5225 6.1001 96.45
      vertex 24.5225 6.1001 84.45
    endloop
  endfacet
  facet normal -0.736933 0.675965 0
    outer loop
      vertex 24.5225 6.1001 96.45
      vertex 24.4399 6.01005 84.45
      vertex 24.4399 6.01005 96.45
    endloop
  endfacet
  facet normal 0 0 1
    outer loop
      vertex 24.8447 7.12202 84.45
      vertex 24.8447 6.87798 84.45
      vertex 24.85 7 84.45
    endloop
  endfacet
  facet normal 0 0 1
    outer loop
      vertex 24.8287 7.24311 84.45
      vertex 24.8447 6.87798 84.45
      vertex 24.8447 7.12202 84.45
    endloop
  endfacet
  facet normal 0 0 1
    outer loop
      vertex 24.8287 7.24311 84.45
      vertex 24.8287 6.75689 84.45
      vertex 24.8447 6.87798 84.45
    endloop
  endfacet
  facet normal 0 0 1
    outer loop
      vertex 24.8023 7.36235 84.45
      vertex 24.8287 6.75689 84.45
      vertex 24.8287 7.24311 84.45
    endloop
  endfacet
  facet normal 0 0 1
    outer loop
      vertex 24.8023 7.36235 84.45
      vertex 24.8023 6.63765 84.45
      vertex 24.8287 6.75689 84.45
    endloop
  endfacet
  facet normal 0 0 1
    outer loop
      vertex 24.7656 7.47883 84.45
      vertex 24.8023 6.63765 84.45
      vertex 24.8023 7.36235 84.45
    endloop
  endfacet
  facet normal 0 0 1
    outer loop
      vertex 24.7656 7.47883 84.45
      vertex 24.7656 6.52117 84.45
      vertex 24.8023 6.63765 84.45
    endloop
  endfacet
  facet normal 0 0 1
    outer loop
      vertex 24.7188 7.59167 84.45
      vertex 24.7656 6.52117 84.45
      vertex 24.7656 7.47883 84.45
    endloop
  endfacet
  facet normal 0 0 1
    outer loop
      vertex 24.7188 7.59167 84.45
      vertex 24.7188 6.40833 84.45
      vertex 24.7656 6.52117 84.45
    endloop
  endfacet
  facet normal 0 0 1
    outer loop
      vertex 24.6624 7.7 84.45
      vertex 24.7188 6.40833 84.45
      vertex 24.7188 7.59167 84.45
    endloop
  endfacet
  facet normal 0 0 1
    outer loop
      vertex 24.6624 7.7 84.45
      vertex 24.6624 6.3 84.45
      vertex 24.7188 6.40833 84.45
    endloop
  endfacet
  facet normal 0 0 1
    outer loop
      vertex 24.5968 7.80301 84.45
      vertex 24.6624 6.3 84.45
      vertex 24.6624 7.7 84.45
    endloop
  endfacet
  facet normal 0 0 1
    outer loop
      vertex 24.5968 7.80301 84.45
      vertex 24.5968 6.19699 84.45
      vertex 24.6624 6.3 84.45
    endloop
  endfacet
  facet normal 0 0 1
    outer loop
      vertex 24.5225 7.8999 84.45
      vertex 24.5968 6.19699 84.45
      vertex 24.5968 7.80301 84.45
    endloop
  endfacet
  facet normal 0 0 1
    outer loop
      vertex 24.5225 7.8999 84.45
      vertex 24.5225 6.1001 84.45
      vertex 24.5968 6.19699 84.45
    endloop
  endfacet
  facet normal 0 0 1
    outer loop
      vertex 24.4399 7.98995 84.45
      vertex 24.5225 6.1001 84.45
      vertex 24.5225 7.8999 84.45
    endloop
  endfacet
  facet normal 0 0 1
    outer loop
      vertex 24.4399 7.98995 84.45
      vertex 24.4399 6.01005 84.45
      vertex 24.5225 6.1001 84.45
    endloop
  endfacet
  facet normal 0 0 1
    outer loop
      vertex 24.3499 8.07246 84.45
      vertex 24.4399 6.01005 84.45
      vertex 24.4399 7.98995 84.45
    endloop
  endfacet
  facet normal 0 0 1
    outer loop
      vertex 24.3499 8.07246 84.45
      vertex 24.3499 5.92754 84.45
      vertex 24.4399 6.01005 84.45
    endloop
  endfacet
  facet normal 0 0 1
    outer loop
      vertex 24.253 8.14681 84.45
      vertex 24.3499 5.92754 84.45
      vertex 24.3499 8.07246 84.45
    endloop
  endfacet
  facet normal 0 0 1
    outer loop
      vertex 24.253 8.14681 84.45
      vertex 24.253 5.85319 84.45
      vertex 24.3499 5.92754 84.45
    endloop
  endfacet
  facet normal 0 0 1
    outer loop
      vertex 24.15 8.21243 84.45
      vertex 24.253 5.85319 84.45
      vertex 24.253 8.14681 84.45
    endloop
  endfacet
  facet normal 0 0 1
    outer loop
      vertex 24.15 8.21243 84.45
      vertex 24.15 5.78756 84.45
      vertex 24.253 5.85319 84.45
    endloop
  endfacet
  facet normal 0 0 1
    outer loop
      vertex 24.0417 8.26883 84.45
      vertex 24.15 5.78756 84.45
      vertex 24.15 8.21243 84.45
    endloop
  endfacet
  facet normal 0 0 1
    outer loop
      vertex 24.0417 8.26883 84.45
      vertex 24.0417 5.73117 84.45
      vertex 24.15 5.78756 84.45
    endloop
  endfacet
  facet normal 0 0 1
    outer loop
      vertex 23.9288 8.31557 84.45
      vertex 24.0417 5.73117 84.45
      vertex 24.0417 8.26883 84.45
    endloop
  endfacet
  facet normal 0 0 1
    outer loop
      vertex 23.9288 8.31557 84.45
      vertex 23.9288 5.68443 84.45
      vertex 24.0417 5.73117 84.45
    endloop
  endfacet
  facet normal 0 0 1
    outer loop
      vertex 23.8123 8.3523 84.45
      vertex 23.9288 5.68443 84.45
      vertex 23.9288 8.31557 84.45
    endloop
  endfacet
  facet normal 0 0 1
    outer loop
      vertex 23.8123 8.3523 84.45
      vertex 23.8123 5.6477 84.45
      vertex 23.9288 5.68443 84.45
    endloop
  endfacet
  facet normal 0 0 1
    outer loop
      vertex 23.6931 8.37873 84.45
      vertex 23.8123 5.6477 84.45
      vertex 23.8123 8.3523 84.45
    endloop
  endfacet
  facet normal 0 0 1
    outer loop
      vertex 23.6931 8.37873 84.45
      vertex 23.6931 5.62127 84.45
      vertex 23.8123 5.6477 84.45
    endloop
  endfacet
  facet normal 0 0 1
    outer loop
      vertex 23.572 8.39467 84.45
      vertex 23.6931 5.62127 84.45
      vertex 23.6931 8.37873 84.45
    endloop
  endfacet
  facet normal 0 0 1
    outer loop
      vertex 23.572 8.39467 84.45
      vertex 23.572 5.60533 84.45
      vertex 23.6931 5.62127 84.45
    endloop
  endfacet
  facet normal 0 0 1
    outer loop
      vertex 23.45 8.4 84.45
      vertex 23.572 5.60533 84.45
      vertex 23.572 8.39467 84.45
    endloop
  endfacet
  facet normal 0 0 1
    outer loop
      vertex 23.45 8.4 84.45
      vertex 23.45 5.6 84.45
      vertex 23.572 5.60533 84.45
    endloop
  endfacet
  facet normal -0 0 1
    outer loop
      vertex 23.328 8.39467 84.45
      vertex 23.45 5.6 84.45
      vertex 23.45 8.4 84.45
    endloop
  endfacet
  facet normal 0 0 1
    outer loop
      vertex 23.328 8.39467 84.45
      vertex 23.328 5.60533 84.45
      vertex 23.45 5.6 84.45
    endloop
  endfacet
  facet normal -0 0 1
    outer loop
      vertex 23.2069 8.37873 84.45
      vertex 23.328 5.60533 84.45
      vertex 23.328 8.39467 84.45
    endloop
  endfacet
  facet normal 0 0 1
    outer loop
      vertex 23.2069 8.37873 84.45
      vertex 23.2069 5.62127 84.45
      vertex 23.328 5.60533 84.45
    endloop
  endfacet
  facet normal -0 0 1
    outer loop
      vertex 23.0877 8.3523 84.45
      vertex 23.2069 5.62127 84.45
      vertex 23.2069 8.37873 84.45
    endloop
  endfacet
  facet normal 0 0 1
    outer loop
      vertex 23.0877 8.3523 84.45
      vertex 23.0877 5.6477 84.45
      vertex 23.2069 5.62127 84.45
    endloop
  endfacet
  facet normal -0 0 1
    outer loop
      vertex 22.9712 8.31557 84.45
      vertex 23.0877 5.6477 84.45
      vertex 23.0877 8.3523 84.45
    endloop
  endfacet
  facet normal 0 0 1
    outer loop
      vertex 22.9712 8.31557 84.45
      vertex 22.9712 5.68443 84.45
      vertex 23.0877 5.6477 84.45
    endloop
  endfacet
  facet normal -0 0 1
    outer loop
      vertex 22.8583 8.26883 84.45
      vertex 22.9712 5.68443 84.45
      vertex 22.9712 8.31557 84.45
    endloop
  endfacet
  facet normal 0 0 1
    outer loop
      vertex 22.8583 8.26883 84.45
      vertex 22.8583 5.73117 84.45
      vertex 22.9712 5.68443 84.45
    endloop
  endfacet
  facet normal -0 0 1
    outer loop
      vertex 22.75 8.21243 84.45
      vertex 22.8583 5.73117 84.45
      vertex 22.8583 8.26883 84.45
    endloop
  endfacet
  facet normal 0 0 1
    outer loop
      vertex 22.75 8.21243 84.45
      vertex 22.75 5.78756 84.45
      vertex 22.8583 5.73117 84.45
    endloop
  endfacet
  facet normal -0 0 1
    outer loop
      vertex 22.647 8.14681 84.45
      vertex 22.75 5.78756 84.45
      vertex 22.75 8.21243 84.45
    endloop
  endfacet
  facet normal 0 0 1
    outer loop
      vertex 22.647 8.14681 84.45
      vertex 22.647 5.85319 84.45
      vertex 22.75 5.78756 84.45
    endloop
  endfacet
  facet normal -0 0 1
    outer loop
      vertex 22.5501 8.07246 84.45
      vertex 22.647 5.85319 84.45
      vertex 22.647 8.14681 84.45
    endloop
  endfacet
  facet normal 0 0 1
    outer loop
      vertex 22.5501 8.07246 84.45
      vertex 22.5501 5.92754 84.45
      vertex 22.647 5.85319 84.45
    endloop
  endfacet
  facet normal -0 0 1
    outer loop
      vertex 22.46 7.98995 84.45
      vertex 22.5501 5.92754 84.45
      vertex 22.5501 8.07246 84.45
    endloop
  endfacet
  facet normal 0 0 1
    outer loop
      vertex 22.46 7.98995 84.45
      vertex 22.46 6.01005 84.45
      vertex 22.5501 5.92754 84.45
    endloop
  endfacet
  facet normal -0 0 1
    outer loop
      vertex 22.3775 7.8999 84.45
      vertex 22.46 6.01005 84.45
      vertex 22.46 7.98995 84.45
    endloop
  endfacet
  facet normal 0 0 1
    outer loop
      vertex 22.3775 7.8999 84.45
      vertex 22.3775 6.1001 84.45
      vertex 22.46 6.01005 84.45
    endloop
  endfacet
  facet normal -0 0 1
    outer loop
      vertex 22.3032 7.80301 84.45
      vertex 22.3775 6.1001 84.45
      vertex 22.3775 7.8999 84.45
    endloop
  endfacet
  facet normal 0 0 1
    outer loop
      vertex 22.3032 7.80301 84.45
      vertex 22.3032 6.19699 84.45
      vertex 22.3775 6.1001 84.45
    endloop
  endfacet
  facet normal -0 0 1
    outer loop
      vertex 22.2376 7.7 84.45
      vertex 22.3032 6.19699 84.45
      vertex 22.3032 7.80301 84.45
    endloop
  endfacet
  facet normal 0 0 1
    outer loop
      vertex 22.2376 7.7 84.45
      vertex 22.2376 6.3 84.45
      vertex 22.3032 6.19699 84.45
    endloop
  endfacet
  facet normal -0 0 1
    outer loop
      vertex 22.1812 7.59167 84.45
      vertex 22.2376 6.3 84.45
      vertex 22.2376 7.7 84.45
    endloop
  endfacet
  facet normal 0 0 1
    outer loop
      vertex 22.1812 7.59167 84.45
      vertex 22.1812 6.40833 84.45
      vertex 22.2376 6.3 84.45
    endloop
  endfacet
  facet normal -0 0 1
    outer loop
      vertex 22.1344 7.47883 84.45
      vertex 22.1812 6.40833 84.45
      vertex 22.1812 7.59167 84.45
    endloop
  endfacet
  facet normal 0 0 1
    outer loop
      vertex 22.1344 7.47883 84.45
      vertex 22.1344 6.52117 84.45
      vertex 22.1812 6.40833 84.45
    endloop
  endfacet
  facet normal -0 0 1
    outer loop
      vertex 22.0977 7.36235 84.45
      vertex 22.1344 6.52117 84.45
      vertex 22.1344 7.47883 84.45
    endloop
  endfacet
  facet normal 0 0 1
    outer loop
      vertex 22.0977 7.36235 84.45
      vertex 22.0977 6.63765 84.45
      vertex 22.1344 6.52117 84.45
    endloop
  endfacet
  facet normal -0 0 1
    outer loop
      vertex 22.0713 7.24311 84.45
      vertex 22.0977 6.63765 84.45
      vertex 22.0977 7.36235 84.45
    endloop
  endfacet
  facet normal 0 0 1
    outer loop
      vertex 22.0713 7.24311 84.45
      vertex 22.0713 6.75689 84.45
      vertex 22.0977 6.63765 84.45
    endloop
  endfacet
  facet normal -0 0 1
    outer loop
      vertex 22.0553 7.12202 84.45
      vertex 22.0713 6.75689 84.45
      vertex 22.0713 7.24311 84.45
    endloop
  endfacet
  facet normal 0 0 1
    outer loop
      vertex 22.0553 7.12202 84.45
      vertex 22.0553 6.87798 84.45
      vertex 22.0713 6.75689 84.45
    endloop
  endfacet
  facet normal 0 -0 1
    outer loop
      vertex 22.0553 6.87798 84.45
      vertex 22.0553 7.12202 84.45
      vertex 22.05 7 84.45
    endloop
  endfacet
  facet normal -0.991384 -0.130984 0
    outer loop
      vertex 24.8447 27.122 84.45
      vertex 24.8287 27.2431 96.45
      vertex 24.8287 27.2431 84.45
    endloop
  endfacet
  facet normal -0.991384 -0.130984 0
    outer loop
      vertex 24.8287 27.2431 96.45
      vertex 24.8447 27.122 84.45
      vertex 24.8447 27.122 96.45
    endloop
  endfacet
  facet normal -0.999058 -0.0434017 0
    outer loop
      vertex 24.85 27 84.45
      vertex 24.8447 27.122 96.45
      vertex 24.8447 27.122 84.45
    endloop
  endfacet
  facet normal -0.999058 -0.0434017 0
    outer loop
      vertex 24.8447 27.122 96.45
      vertex 24.85 27 84.45
      vertex 24.85 27 96.45
    endloop
  endfacet
  facet normal -0.976341 -0.216237 0
    outer loop
      vertex 24.8287 27.2431 84.45
      vertex 24.8023 27.3623 96.45
      vertex 24.8023 27.3623 84.45
    endloop
  endfacet
  facet normal -0.976341 -0.216237 0
    outer loop
      vertex 24.8023 27.3623 96.45
      vertex 24.8287 27.2431 84.45
      vertex 24.8287 27.2431 96.45
    endloop
  endfacet
  facet normal -0.999058 0.0434017 0
    outer loop
      vertex 24.8447 26.878 84.45
      vertex 24.85 27 96.45
      vertex 24.85 27 84.45
    endloop
  endfacet
  facet normal -0.999058 0.0434017 0
    outer loop
      vertex 24.85 27 96.45
      vertex 24.8447 26.878 84.45
      vertex 24.8447 26.878 96.45
    endloop
  endfacet
  facet normal 0.300465 0.953793 -0
    outer loop
      vertex 23.0877 25.6477 84.45
      vertex 22.9712 25.6844 96.45
      vertex 23.0877 25.6477 96.45
    endloop
  endfacet
  facet normal 0.300465 0.953793 0
    outer loop
      vertex 22.9712 25.6844 96.45
      vertex 23.0877 25.6477 84.45
      vertex 22.9712 25.6844 84.45
    endloop
  endfacet
  facet normal 0.537193 0.843459 -0
    outer loop
      vertex 22.75 25.7876 84.45
      vertex 22.647 25.8532 96.45
      vertex 22.75 25.7876 96.45
    endloop
  endfacet
  facet normal 0.537193 0.843459 0
    outer loop
      vertex 22.647 25.8532 96.45
      vertex 22.75 25.7876 84.45
      vertex 22.647 25.8532 84.45
    endloop
  endfacet
  facet normal -0.953793 -0.300465 0
    outer loop
      vertex 24.8023 27.3623 84.45
      vertex 24.7656 27.4788 96.45
      vertex 24.7656 27.4788 84.45
    endloop
  endfacet
  facet normal -0.953793 -0.300465 0
    outer loop
      vertex 24.7656 27.4788 96.45
      vertex 24.8023 27.3623 84.45
      vertex 24.8023 27.3623 96.45
    endloop
  endfacet
  facet normal 0.953793 -0.300465 0
    outer loop
      vertex 22.0977 27.3623 96.45
      vertex 22.1344 27.4788 84.45
      vertex 22.1344 27.4788 96.45
    endloop
  endfacet
  facet normal 0.953793 -0.300465 0
    outer loop
      vertex 22.1344 27.4788 84.45
      vertex 22.0977 27.3623 96.45
      vertex 22.0977 27.3623 84.45
    endloop
  endfacet
  facet normal 0.38293 0.923777 -0
    outer loop
      vertex 22.9712 25.6844 84.45
      vertex 22.8583 25.7312 96.45
      vertex 22.9712 25.6844 96.45
    endloop
  endfacet
  facet normal 0.38293 0.923777 0
    outer loop
      vertex 22.8583 25.7312 96.45
      vertex 22.9712 25.6844 84.45
      vertex 22.8583 25.7312 84.45
    endloop
  endfacet
  facet normal 0.461894 -0.886935 0
    outer loop
      vertex 22.75 28.2124 84.45
      vertex 22.8583 28.2688 96.45
      vertex 22.75 28.2124 96.45
    endloop
  endfacet
  facet normal 0.461894 -0.886935 0
    outer loop
      vertex 22.8583 28.2688 96.45
      vertex 22.75 28.2124 84.45
      vertex 22.8583 28.2688 84.45
    endloop
  endfacet
  facet normal 0.737528 0.675317 0
    outer loop
      vertex 22.46 26.01 96.45
      vertex 22.3775 26.1001 84.45
      vertex 22.3775 26.1001 96.45
    endloop
  endfacet
  facet normal 0.737528 0.675317 0
    outer loop
      vertex 22.3775 26.1001 84.45
      vertex 22.46 26.01 96.45
      vertex 22.46 26.01 84.45
    endloop
  endfacet
  facet normal -0.537193 0.843459 0
    outer loop
      vertex 24.253 25.8532 84.45
      vertex 24.15 25.7876 96.45
      vertex 24.253 25.8532 96.45
    endloop
  endfacet
  facet normal -0.537193 0.843459 0
    outer loop
      vertex 24.15 25.7876 96.45
      vertex 24.253 25.8532 84.45
      vertex 24.15 25.7876 84.45
    endloop
  endfacet
  facet normal -0.793567 0.608483 0
    outer loop
      vertex 24.5225 26.1001 84.45
      vertex 24.5968 26.197 96.45
      vertex 24.5968 26.197 84.45
    endloop
  endfacet
  facet normal -0.793567 0.608483 0
    outer loop
      vertex 24.5968 26.197 96.45
      vertex 24.5225 26.1001 84.45
      vertex 24.5225 26.1001 96.45
    endloop
  endfacet
  facet normal -0.0434017 0.999058 0
    outer loop
      vertex 23.572 25.6053 84.45
      vertex 23.45 25.6 96.45
      vertex 23.572 25.6053 96.45
    endloop
  endfacet
  facet normal -0.0434017 0.999058 0
    outer loop
      vertex 23.45 25.6 96.45
      vertex 23.572 25.6053 84.45
      vertex 23.45 25.6 84.45
    endloop
  endfacet
  facet normal 0.843459 0.537193 0
    outer loop
      vertex 22.3032 26.197 96.45
      vertex 22.2376 26.3 84.45
      vertex 22.2376 26.3 96.45
    endloop
  endfacet
  facet normal 0.843459 0.537193 0
    outer loop
      vertex 22.2376 26.3 84.45
      vertex 22.3032 26.197 96.45
      vertex 22.3032 26.197 84.45
    endloop
  endfacet
  facet normal -0.991384 0.130984 0
    outer loop
      vertex 24.8287 26.7569 84.45
      vertex 24.8447 26.878 96.45
      vertex 24.8447 26.878 84.45
    endloop
  endfacet
  facet normal -0.991384 0.130984 0
    outer loop
      vertex 24.8447 26.878 96.45
      vertex 24.8287 26.7569 84.45
      vertex 24.8287 26.7569 96.45
    endloop
  endfacet
  facet normal 0.675762 -0.73712 0
    outer loop
      vertex 22.46 27.9899 84.45
      vertex 22.5501 28.0725 96.45
      vertex 22.46 27.9899 96.45
    endloop
  endfacet
  facet normal 0.675762 -0.73712 0
    outer loop
      vertex 22.5501 28.0725 96.45
      vertex 22.46 27.9899 84.45
      vertex 22.5501 28.0725 84.45
    endloop
  endfacet
  facet normal 0.953793 0.300465 0
    outer loop
      vertex 22.1344 26.5212 96.45
      vertex 22.0977 26.6377 84.45
      vertex 22.0977 26.6377 96.45
    endloop
  endfacet
  facet normal 0.953793 0.300465 0
    outer loop
      vertex 22.0977 26.6377 84.45
      vertex 22.1344 26.5212 96.45
      vertex 22.1344 26.5212 84.45
    endloop
  endfacet
  facet normal -0.676169 -0.736746 0
    outer loop
      vertex 24.3499 28.0725 84.45
      vertex 24.4399 27.9899 96.45
      vertex 24.3499 28.0725 96.45
    endloop
  endfacet
  facet normal -0.676169 -0.736746 -0
    outer loop
      vertex 24.4399 27.9899 96.45
      vertex 24.3499 28.0725 84.45
      vertex 24.4399 27.9899 84.45
    endloop
  endfacet
  facet normal 0.923777 -0.38293 0
    outer loop
      vertex 22.1344 27.4788 96.45
      vertex 22.1812 27.5917 84.45
      vertex 22.1812 27.5917 96.45
    endloop
  endfacet
  facet normal 0.923777 -0.38293 0
    outer loop
      vertex 22.1812 27.5917 84.45
      vertex 22.1344 27.4788 96.45
      vertex 22.1344 27.4788 84.45
    endloop
  endfacet
  facet normal -0.736746 -0.676169 0
    outer loop
      vertex 24.5225 27.8999 84.45
      vertex 24.4399 27.9899 96.45
      vertex 24.4399 27.9899 84.45
    endloop
  endfacet
  facet normal -0.736746 -0.676169 0
    outer loop
      vertex 24.4399 27.9899 96.45
      vertex 24.5225 27.8999 84.45
      vertex 24.5225 27.8999 96.45
    endloop
  endfacet
  facet normal -0.886935 -0.461894 0
    outer loop
      vertex 24.7188 27.5917 84.45
      vertex 24.6624 27.7 96.45
      vertex 24.6624 27.7 84.45
    endloop
  endfacet
  facet normal -0.886935 -0.461894 0
    outer loop
      vertex 24.6624 27.7 96.45
      vertex 24.7188 27.5917 84.45
      vertex 24.7188 27.5917 96.45
    endloop
  endfacet
  facet normal -0.38293 -0.923777 0
    outer loop
      vertex 23.9288 28.3156 84.45
      vertex 24.0417 28.2688 96.45
      vertex 23.9288 28.3156 96.45
    endloop
  endfacet
  facet normal -0.38293 -0.923777 -0
    outer loop
      vertex 24.0417 28.2688 96.45
      vertex 23.9288 28.3156 84.45
      vertex 24.0417 28.2688 84.45
    endloop
  endfacet
  facet normal -0.38293 0.923777 0
    outer loop
      vertex 24.0417 25.7312 84.45
      vertex 23.9288 25.6844 96.45
      vertex 24.0417 25.7312 96.45
    endloop
  endfacet
  facet normal -0.38293 0.923777 0
    outer loop
      vertex 23.9288 25.6844 96.45
      vertex 24.0417 25.7312 84.45
      vertex 23.9288 25.6844 84.45
    endloop
  endfacet
  facet normal -0.130984 0.991384 0
    outer loop
      vertex 23.6931 25.6213 84.45
      vertex 23.572 25.6053 96.45
      vertex 23.6931 25.6213 96.45
    endloop
  endfacet
  facet normal -0.130984 0.991384 0
    outer loop
      vertex 23.572 25.6053 96.45
      vertex 23.6931 25.6213 84.45
      vertex 23.572 25.6053 84.45
    endloop
  endfacet
  facet normal 0.608483 -0.793567 0
    outer loop
      vertex 22.5501 28.0725 84.45
      vertex 22.647 28.1468 96.45
      vertex 22.5501 28.0725 96.45
    endloop
  endfacet
  facet normal 0.608483 -0.793567 0
    outer loop
      vertex 22.647 28.1468 96.45
      vertex 22.5501 28.0725 84.45
      vertex 22.647 28.1468 84.45
    endloop
  endfacet
  facet normal -0.923777 -0.38293 0
    outer loop
      vertex 24.7656 27.4788 84.45
      vertex 24.7188 27.5917 96.45
      vertex 24.7188 27.5917 84.45
    endloop
  endfacet
  facet normal -0.923777 -0.38293 0
    outer loop
      vertex 24.7188 27.5917 96.45
      vertex 24.7656 27.4788 84.45
      vertex 24.7656 27.4788 96.45
    endloop
  endfacet
  facet normal -0.0434017 -0.999058 0
    outer loop
      vertex 23.45 28.4 84.45
      vertex 23.572 28.3947 96.45
      vertex 23.45 28.4 96.45
    endloop
  endfacet
  facet normal -0.0434017 -0.999058 -0
    outer loop
      vertex 23.572 28.3947 96.45
      vertex 23.45 28.4 84.45
      vertex 23.572 28.3947 84.45
    endloop
  endfacet
  facet normal -0.843459 -0.537193 0
    outer loop
      vertex 24.6624 27.7 84.45
      vertex 24.5968 27.803 96.45
      vertex 24.5968 27.803 84.45
    endloop
  endfacet
  facet normal -0.843459 -0.537193 0
    outer loop
      vertex 24.5968 27.803 96.45
      vertex 24.6624 27.7 84.45
      vertex 24.6624 27.7 96.45
    endloop
  endfacet
  facet normal -0.461894 -0.886935 0
    outer loop
      vertex 24.0417 28.2688 84.45
      vertex 24.15 28.2124 96.45
      vertex 24.0417 28.2688 96.45
    endloop
  endfacet
  facet normal -0.461894 -0.886935 -0
    outer loop
      vertex 24.15 28.2124 96.45
      vertex 24.0417 28.2688 84.45
      vertex 24.15 28.2124 84.45
    endloop
  endfacet
  facet normal -0.976341 0.216237 0
    outer loop
      vertex 24.8023 26.6377 84.45
      vertex 24.8287 26.7569 96.45
      vertex 24.8287 26.7569 84.45
    endloop
  endfacet
  facet normal -0.976341 0.216237 0
    outer loop
      vertex 24.8287 26.7569 96.45
      vertex 24.8023 26.6377 84.45
      vertex 24.8023 26.6377 96.45
    endloop
  endfacet
  facet normal -0.608483 -0.793567 0
    outer loop
      vertex 24.253 28.1468 84.45
      vertex 24.3499 28.0725 96.45
      vertex 24.253 28.1468 96.45
    endloop
  endfacet
  facet normal -0.608483 -0.793567 -0
    outer loop
      vertex 24.3499 28.0725 96.45
      vertex 24.253 28.1468 84.45
      vertex 24.3499 28.0725 84.45
    endloop
  endfacet
  facet normal 0.0434017 0.999058 -0
    outer loop
      vertex 23.45 25.6 84.45
      vertex 23.328 25.6053 96.45
      vertex 23.45 25.6 96.45
    endloop
  endfacet
  facet normal 0.0434017 0.999058 0
    outer loop
      vertex 23.328 25.6053 96.45
      vertex 23.45 25.6 84.45
      vertex 23.328 25.6053 84.45
    endloop
  endfacet
  facet normal 0.976341 -0.216237 0
    outer loop
      vertex 22.0713 27.2431 96.45
      vertex 22.0977 27.3623 84.45
      vertex 22.0977 27.3623 96.45
    endloop
  endfacet
  facet normal 0.976341 -0.216237 0
    outer loop
      vertex 22.0977 27.3623 84.45
      vertex 22.0713 27.2431 96.45
      vertex 22.0713 27.2431 84.45
    endloop
  endfacet
  facet normal 0.461894 0.886935 -0
    outer loop
      vertex 22.8583 25.7312 84.45
      vertex 22.75 25.7876 96.45
      vertex 22.8583 25.7312 96.45
    endloop
  endfacet
  facet normal 0.461894 0.886935 0
    outer loop
      vertex 22.75 25.7876 96.45
      vertex 22.8583 25.7312 84.45
      vertex 22.75 25.7876 84.45
    endloop
  endfacet
  facet normal -0.793567 -0.608483 0
    outer loop
      vertex 24.5968 27.803 84.45
      vertex 24.5225 27.8999 96.45
      vertex 24.5225 27.8999 84.45
    endloop
  endfacet
  facet normal -0.793567 -0.608483 0
    outer loop
      vertex 24.5225 27.8999 96.45
      vertex 24.5968 27.803 84.45
      vertex 24.5968 27.803 96.45
    endloop
  endfacet
  facet normal 0.38293 -0.923777 0
    outer loop
      vertex 22.8583 28.2688 84.45
      vertex 22.9712 28.3156 96.45
      vertex 22.8583 28.2688 96.45
    endloop
  endfacet
  facet normal 0.38293 -0.923777 0
    outer loop
      vertex 22.9712 28.3156 96.45
      vertex 22.8583 28.2688 84.45
      vertex 22.9712 28.3156 84.45
    endloop
  endfacet
  facet normal -0.300465 -0.953793 0
    outer loop
      vertex 23.8123 28.3523 84.45
      vertex 23.9288 28.3156 96.45
      vertex 23.8123 28.3523 96.45
    endloop
  endfacet
  facet normal -0.300465 -0.953793 -0
    outer loop
      vertex 23.9288 28.3156 96.45
      vertex 23.8123 28.3523 84.45
      vertex 23.9288 28.3156 84.45
    endloop
  endfacet
  facet normal -0.300465 0.953793 0
    outer loop
      vertex 23.9288 25.6844 84.45
      vertex 23.8123 25.6477 96.45
      vertex 23.9288 25.6844 96.45
    endloop
  endfacet
  facet normal -0.300465 0.953793 0
    outer loop
      vertex 23.8123 25.6477 96.45
      vertex 23.9288 25.6844 84.45
      vertex 23.8123 25.6477 84.45
    endloop
  endfacet
  facet normal -0.216237 0.976341 0
    outer loop
      vertex 23.8123 25.6477 84.45
      vertex 23.6931 25.6213 96.45
      vertex 23.8123 25.6477 96.45
    endloop
  endfacet
  facet normal -0.216237 0.976341 0
    outer loop
      vertex 23.6931 25.6213 96.45
      vertex 23.8123 25.6477 84.45
      vertex 23.6931 25.6213 84.45
    endloop
  endfacet
  facet normal 0.216237 0.976341 -0
    outer loop
      vertex 23.2069 25.6213 84.45
      vertex 23.0877 25.6477 96.45
      vertex 23.2069 25.6213 96.45
    endloop
  endfacet
  facet normal 0.216237 0.976341 0
    outer loop
      vertex 23.0877 25.6477 96.45
      vertex 23.2069 25.6213 84.45
      vertex 23.0877 25.6477 84.45
    endloop
  endfacet
  facet normal 0.999058 0.0434017 0
    outer loop
      vertex 22.0553 26.878 96.45
      vertex 22.05 27 84.45
      vertex 22.05 27 96.45
    endloop
  endfacet
  facet normal 0.999058 0.0434017 0
    outer loop
      vertex 22.05 27 84.45
      vertex 22.0553 26.878 96.45
      vertex 22.0553 26.878 84.45
    endloop
  endfacet
  facet normal -0.216237 -0.976341 0
    outer loop
      vertex 23.6931 28.3787 84.45
      vertex 23.8123 28.3523 96.45
      vertex 23.6931 28.3787 96.45
    endloop
  endfacet
  facet normal -0.216237 -0.976341 -0
    outer loop
      vertex 23.8123 28.3523 96.45
      vertex 23.6931 28.3787 84.45
      vertex 23.8123 28.3523 84.45
    endloop
  endfacet
  facet normal 0.216237 -0.976341 0
    outer loop
      vertex 23.0877 28.3523 84.45
      vertex 23.2069 28.3787 96.45
      vertex 23.0877 28.3523 96.45
    endloop
  endfacet
  facet normal 0.216237 -0.976341 0
    outer loop
      vertex 23.2069 28.3787 96.45
      vertex 23.0877 28.3523 84.45
      vertex 23.2069 28.3787 84.45
    endloop
  endfacet
  facet normal 0.130984 -0.991384 0
    outer loop
      vertex 23.2069 28.3787 84.45
      vertex 23.328 28.3947 96.45
      vertex 23.2069 28.3787 96.45
    endloop
  endfacet
  facet normal 0.130984 -0.991384 0
    outer loop
      vertex 23.328 28.3947 96.45
      vertex 23.2069 28.3787 84.45
      vertex 23.328 28.3947 84.45
    endloop
  endfacet
  facet normal 0.300465 -0.953793 0
    outer loop
      vertex 22.9712 28.3156 84.45
      vertex 23.0877 28.3523 96.45
      vertex 22.9712 28.3156 96.45
    endloop
  endfacet
  facet normal 0.300465 -0.953793 0
    outer loop
      vertex 23.0877 28.3523 96.45
      vertex 22.9712 28.3156 84.45
      vertex 23.0877 28.3523 84.45
    endloop
  endfacet
  facet normal 0.991384 0.130984 0
    outer loop
      vertex 22.0713 26.7569 96.45
      vertex 22.0553 26.878 84.45
      vertex 22.0553 26.878 96.45
    endloop
  endfacet
  facet normal 0.991384 0.130984 0
    outer loop
      vertex 22.0553 26.878 84.45
      vertex 22.0713 26.7569 96.45
      vertex 22.0713 26.7569 84.45
    endloop
  endfacet
  facet normal 0.976341 0.216237 0
    outer loop
      vertex 22.0977 26.6377 96.45
      vertex 22.0713 26.7569 84.45
      vertex 22.0713 26.7569 96.45
    endloop
  endfacet
  facet normal 0.976341 0.216237 0
    outer loop
      vertex 22.0713 26.7569 84.45
      vertex 22.0977 26.6377 96.45
      vertex 22.0977 26.6377 84.45
    endloop
  endfacet
  facet normal -0.461894 0.886935 0
    outer loop
      vertex 24.15 25.7876 84.45
      vertex 24.0417 25.7312 96.45
      vertex 24.15 25.7876 96.45
    endloop
  endfacet
  facet normal -0.461894 0.886935 0
    outer loop
      vertex 24.0417 25.7312 96.45
      vertex 24.15 25.7876 84.45
      vertex 24.0417 25.7312 84.45
    endloop
  endfacet
  facet normal 0.991384 -0.130984 0
    outer loop
      vertex 22.0553 27.122 96.45
      vertex 22.0713 27.2431 84.45
      vertex 22.0713 27.2431 96.45
    endloop
  endfacet
  facet normal 0.991384 -0.130984 0
    outer loop
      vertex 22.0713 27.2431 84.45
      vertex 22.0553 27.122 96.45
      vertex 22.0553 27.122 84.45
    endloop
  endfacet
  facet normal -0.537193 -0.843459 0
    outer loop
      vertex 24.15 28.2124 84.45
      vertex 24.253 28.1468 96.45
      vertex 24.15 28.2124 96.45
    endloop
  endfacet
  facet normal -0.537193 -0.843459 -0
    outer loop
      vertex 24.253 28.1468 96.45
      vertex 24.15 28.2124 84.45
      vertex 24.253 28.1468 84.45
    endloop
  endfacet
  facet normal 0.130984 0.991384 -0
    outer loop
      vertex 23.328 25.6053 84.45
      vertex 23.2069 25.6213 96.45
      vertex 23.328 25.6053 96.45
    endloop
  endfacet
  facet normal 0.130984 0.991384 0
    outer loop
      vertex 23.2069 25.6213 96.45
      vertex 23.328 25.6053 84.45
      vertex 23.2069 25.6213 84.45
    endloop
  endfacet
  facet normal 0.843459 -0.537193 0
    outer loop
      vertex 22.2376 27.7 96.45
      vertex 22.3032 27.803 84.45
      vertex 22.3032 27.803 96.45
    endloop
  endfacet
  facet normal 0.843459 -0.537193 0
    outer loop
      vertex 22.3032 27.803 84.45
      vertex 22.2376 27.7 96.45
      vertex 22.2376 27.7 84.45
    endloop
  endfacet
  facet normal -0.843459 0.537193 0
    outer loop
      vertex 24.5968 26.197 84.45
      vertex 24.6624 26.3 96.45
      vertex 24.6624 26.3 84.45
    endloop
  endfacet
  facet normal -0.843459 0.537193 0
    outer loop
      vertex 24.6624 26.3 96.45
      vertex 24.5968 26.197 84.45
      vertex 24.5968 26.197 96.45
    endloop
  endfacet
  facet normal 0.793567 -0.608483 0
    outer loop
      vertex 22.3032 27.803 96.45
      vertex 22.3775 27.8999 84.45
      vertex 22.3775 27.8999 96.45
    endloop
  endfacet
  facet normal 0.793567 -0.608483 0
    outer loop
      vertex 22.3775 27.8999 84.45
      vertex 22.3032 27.803 96.45
      vertex 22.3032 27.803 84.45
    endloop
  endfacet
  facet normal 0.923777 0.38293 0
    outer loop
      vertex 22.1812 26.4083 96.45
      vertex 22.1344 26.5212 84.45
      vertex 22.1344 26.5212 96.45
    endloop
  endfacet
  facet normal 0.923777 0.38293 0
    outer loop
      vertex 22.1344 26.5212 84.45
      vertex 22.1812 26.4083 96.45
      vertex 22.1812 26.4083 84.45
    endloop
  endfacet
  facet normal 0.0434017 -0.999058 0
    outer loop
      vertex 23.328 28.3947 84.45
      vertex 23.45 28.4 96.45
      vertex 23.328 28.3947 96.45
    endloop
  endfacet
  facet normal 0.0434017 -0.999058 0
    outer loop
      vertex 23.45 28.4 96.45
      vertex 23.328 28.3947 84.45
      vertex 23.45 28.4 84.45
    endloop
  endfacet
  facet normal -0.130984 -0.991384 0
    outer loop
      vertex 23.572 28.3947 84.45
      vertex 23.6931 28.3787 96.45
      vertex 23.572 28.3947 96.45
    endloop
  endfacet
  facet normal -0.130984 -0.991384 -0
    outer loop
      vertex 23.6931 28.3787 96.45
      vertex 23.572 28.3947 84.45
      vertex 23.6931 28.3787 84.45
    endloop
  endfacet
  facet normal -0.953793 0.300465 0
    outer loop
      vertex 24.7656 26.5212 84.45
      vertex 24.8023 26.6377 96.45
      vertex 24.8023 26.6377 84.45
    endloop
  endfacet
  facet normal -0.953793 0.300465 0
    outer loop
      vertex 24.8023 26.6377 96.45
      vertex 24.7656 26.5212 84.45
      vertex 24.7656 26.5212 96.45
    endloop
  endfacet
  facet normal -0.886935 0.461894 0
    outer loop
      vertex 24.6624 26.3 84.45
      vertex 24.7188 26.4083 96.45
      vertex 24.7188 26.4083 84.45
    endloop
  endfacet
  facet normal -0.886935 0.461894 0
    outer loop
      vertex 24.7188 26.4083 96.45
      vertex 24.6624 26.3 84.45
      vertex 24.6624 26.3 96.45
    endloop
  endfacet
  facet normal 0.675317 0.737528 -0
    outer loop
      vertex 22.5501 25.9275 84.45
      vertex 22.46 26.01 96.45
      vertex 22.5501 25.9275 96.45
    endloop
  endfacet
  facet normal 0.675317 0.737528 0
    outer loop
      vertex 22.46 26.01 96.45
      vertex 22.5501 25.9275 84.45
      vertex 22.46 26.01 84.45
    endloop
  endfacet
  facet normal 0.737154 -0.675725 0
    outer loop
      vertex 22.3775 27.8999 96.45
      vertex 22.46 27.9899 84.45
      vertex 22.46 27.9899 96.45
    endloop
  endfacet
  facet normal 0.737154 -0.675725 0
    outer loop
      vertex 22.46 27.9899 84.45
      vertex 22.3775 27.8999 96.45
      vertex 22.3775 27.8999 84.45
    endloop
  endfacet
  facet normal 0.793567 0.608483 0
    outer loop
      vertex 22.3775 26.1001 96.45
      vertex 22.3032 26.197 84.45
      vertex 22.3032 26.197 96.45
    endloop
  endfacet
  facet normal 0.793567 0.608483 0
    outer loop
      vertex 22.3032 26.197 84.45
      vertex 22.3775 26.1001 96.45
      vertex 22.3775 26.1001 84.45
    endloop
  endfacet
  facet normal -0.923777 0.38293 0
    outer loop
      vertex 24.7188 26.4083 84.45
      vertex 24.7656 26.5212 96.45
      vertex 24.7656 26.5212 84.45
    endloop
  endfacet
  facet normal -0.923777 0.38293 0
    outer loop
      vertex 24.7656 26.5212 96.45
      vertex 24.7188 26.4083 84.45
      vertex 24.7188 26.4083 96.45
    endloop
  endfacet
  facet normal 0.537193 -0.843459 0
    outer loop
      vertex 22.647 28.1468 84.45
      vertex 22.75 28.2124 96.45
      vertex 22.647 28.1468 96.45
    endloop
  endfacet
  facet normal 0.537193 -0.843459 0
    outer loop
      vertex 22.75 28.2124 96.45
      vertex 22.647 28.1468 84.45
      vertex 22.75 28.2124 84.45
    endloop
  endfacet
  facet normal -0.608483 0.793567 0
    outer loop
      vertex 24.3499 25.9275 84.45
      vertex 24.253 25.8532 96.45
      vertex 24.3499 25.9275 96.45
    endloop
  endfacet
  facet normal -0.608483 0.793567 0
    outer loop
      vertex 24.253 25.8532 96.45
      vertex 24.3499 25.9275 84.45
      vertex 24.253 25.8532 84.45
    endloop
  endfacet
  facet normal 0.999058 -0.0434017 0
    outer loop
      vertex 22.05 27 96.45
      vertex 22.0553 27.122 84.45
      vertex 22.0553 27.122 96.45
    endloop
  endfacet
  facet normal 0.999058 -0.0434017 0
    outer loop
      vertex 22.0553 27.122 84.45
      vertex 22.05 27 96.45
      vertex 22.05 27 84.45
    endloop
  endfacet
  facet normal 0.608483 0.793567 -0
    outer loop
      vertex 22.647 25.8532 84.45
      vertex 22.5501 25.9275 96.45
      vertex 22.647 25.8532 96.45
    endloop
  endfacet
  facet normal 0.608483 0.793567 0
    outer loop
      vertex 22.5501 25.9275 96.45
      vertex 22.647 25.8532 84.45
      vertex 22.5501 25.9275 84.45
    endloop
  endfacet
  facet normal -0.675725 0.737154 0
    outer loop
      vertex 24.4399 26.01 84.45
      vertex 24.3499 25.9275 96.45
      vertex 24.4399 26.01 96.45
    endloop
  endfacet
  facet normal -0.675725 0.737154 0
    outer loop
      vertex 24.3499 25.9275 96.45
      vertex 24.4399 26.01 84.45
      vertex 24.3499 25.9275 84.45
    endloop
  endfacet
  facet normal 0.886935 -0.461894 0
    outer loop
      vertex 22.1812 27.5917 96.45
      vertex 22.2376 27.7 84.45
      vertex 22.2376 27.7 96.45
    endloop
  endfacet
  facet normal 0.886935 -0.461894 0
    outer loop
      vertex 22.2376 27.7 84.45
      vertex 22.1812 27.5917 96.45
      vertex 22.1812 27.5917 84.45
    endloop
  endfacet
  facet normal 0.886935 0.461894 0
    outer loop
      vertex 22.2376 26.3 96.45
      vertex 22.1812 26.4083 84.45
      vertex 22.1812 26.4083 96.45
    endloop
  endfacet
  facet normal 0.886935 0.461894 0
    outer loop
      vertex 22.1812 26.4083 84.45
      vertex 22.2376 26.3 96.45
      vertex 22.2376 26.3 84.45
    endloop
  endfacet
  facet normal -0.73712 0.675762 0
    outer loop
      vertex 24.4399 26.01 84.45
      vertex 24.5225 26.1001 96.45
      vertex 24.5225 26.1001 84.45
    endloop
  endfacet
  facet normal -0.73712 0.675762 0
    outer loop
      vertex 24.5225 26.1001 96.45
      vertex 24.4399 26.01 84.45
      vertex 24.4399 26.01 96.45
    endloop
  endfacet
  facet normal 0 0 1
    outer loop
      vertex 24.8447 27.122 84.45
      vertex 24.8447 26.878 84.45
      vertex 24.85 27 84.45
    endloop
  endfacet
  facet normal 0 0 1
    outer loop
      vertex 24.8287 27.2431 84.45
      vertex 24.8447 26.878 84.45
      vertex 24.8447 27.122 84.45
    endloop
  endfacet
  facet normal 0 0 1
    outer loop
      vertex 24.8287 27.2431 84.45
      vertex 24.8287 26.7569 84.45
      vertex 24.8447 26.878 84.45
    endloop
  endfacet
  facet normal 0 0 1
    outer loop
      vertex 24.8023 27.3623 84.45
      vertex 24.8287 26.7569 84.45
      vertex 24.8287 27.2431 84.45
    endloop
  endfacet
  facet normal 0 0 1
    outer loop
      vertex 24.8023 27.3623 84.45
      vertex 24.8023 26.6377 84.45
      vertex 24.8287 26.7569 84.45
    endloop
  endfacet
  facet normal 0 0 1
    outer loop
      vertex 24.7656 27.4788 84.45
      vertex 24.8023 26.6377 84.45
      vertex 24.8023 27.3623 84.45
    endloop
  endfacet
  facet normal 0 0 1
    outer loop
      vertex 24.7656 27.4788 84.45
      vertex 24.7656 26.5212 84.45
      vertex 24.8023 26.6377 84.45
    endloop
  endfacet
  facet normal 0 0 1
    outer loop
      vertex 24.7188 27.5917 84.45
      vertex 24.7656 26.5212 84.45
      vertex 24.7656 27.4788 84.45
    endloop
  endfacet
  facet normal 0 0 1
    outer loop
      vertex 24.7188 27.5917 84.45
      vertex 24.7188 26.4083 84.45
      vertex 24.7656 26.5212 84.45
    endloop
  endfacet
  facet normal 0 0 1
    outer loop
      vertex 24.6624 27.7 84.45
      vertex 24.7188 26.4083 84.45
      vertex 24.7188 27.5917 84.45
    endloop
  endfacet
  facet normal 0 0 1
    outer loop
      vertex 24.6624 27.7 84.45
      vertex 24.6624 26.3 84.45
      vertex 24.7188 26.4083 84.45
    endloop
  endfacet
  facet normal 0 0 1
    outer loop
      vertex 24.5968 27.803 84.45
      vertex 24.6624 26.3 84.45
      vertex 24.6624 27.7 84.45
    endloop
  endfacet
  facet normal 0 0 1
    outer loop
      vertex 24.5968 27.803 84.45
      vertex 24.5968 26.197 84.45
      vertex 24.6624 26.3 84.45
    endloop
  endfacet
  facet normal 0 0 1
    outer loop
      vertex 24.5225 27.8999 84.45
      vertex 24.5968 26.197 84.45
      vertex 24.5968 27.803 84.45
    endloop
  endfacet
  facet normal 0 0 1
    outer loop
      vertex 24.5225 27.8999 84.45
      vertex 24.5225 26.1001 84.45
      vertex 24.5968 26.197 84.45
    endloop
  endfacet
  facet normal 0 0 1
    outer loop
      vertex 24.4399 27.9899 84.45
      vertex 24.5225 26.1001 84.45
      vertex 24.5225 27.8999 84.45
    endloop
  endfacet
  facet normal 0 0 1
    outer loop
      vertex 24.4399 27.9899 84.45
      vertex 24.4399 26.01 84.45
      vertex 24.5225 26.1001 84.45
    endloop
  endfacet
  facet normal 0 0 1
    outer loop
      vertex 24.3499 28.0725 84.45
      vertex 24.4399 26.01 84.45
      vertex 24.4399 27.9899 84.45
    endloop
  endfacet
  facet normal 0 0 1
    outer loop
      vertex 24.3499 28.0725 84.45
      vertex 24.3499 25.9275 84.45
      vertex 24.4399 26.01 84.45
    endloop
  endfacet
  facet normal 0 0 1
    outer loop
      vertex 24.253 28.1468 84.45
      vertex 24.3499 25.9275 84.45
      vertex 24.3499 28.0725 84.45
    endloop
  endfacet
  facet normal 0 0 1
    outer loop
      vertex 24.253 28.1468 84.45
      vertex 24.253 25.8532 84.45
      vertex 24.3499 25.9275 84.45
    endloop
  endfacet
  facet normal 0 0 1
    outer loop
      vertex 24.15 28.2124 84.45
      vertex 24.253 25.8532 84.45
      vertex 24.253 28.1468 84.45
    endloop
  endfacet
  facet normal 0 0 1
    outer loop
      vertex 24.15 28.2124 84.45
      vertex 24.15 25.7876 84.45
      vertex 24.253 25.8532 84.45
    endloop
  endfacet
  facet normal 0 0 1
    outer loop
      vertex 24.0417 28.2688 84.45
      vertex 24.15 25.7876 84.45
      vertex 24.15 28.2124 84.45
    endloop
  endfacet
  facet normal 0 0 1
    outer loop
      vertex 24.0417 28.2688 84.45
      vertex 24.0417 25.7312 84.45
      vertex 24.15 25.7876 84.45
    endloop
  endfacet
  facet normal 0 0 1
    outer loop
      vertex 23.9288 28.3156 84.45
      vertex 24.0417 25.7312 84.45
      vertex 24.0417 28.2688 84.45
    endloop
  endfacet
  facet normal 0 0 1
    outer loop
      vertex 23.9288 28.3156 84.45
      vertex 23.9288 25.6844 84.45
      vertex 24.0417 25.7312 84.45
    endloop
  endfacet
  facet normal 0 0 1
    outer loop
      vertex 23.8123 28.3523 84.45
      vertex 23.9288 25.6844 84.45
      vertex 23.9288 28.3156 84.45
    endloop
  endfacet
  facet normal 0 0 1
    outer loop
      vertex 23.8123 28.3523 84.45
      vertex 23.8123 25.6477 84.45
      vertex 23.9288 25.6844 84.45
    endloop
  endfacet
  facet normal 0 0 1
    outer loop
      vertex 23.6931 28.3787 84.45
      vertex 23.8123 25.6477 84.45
      vertex 23.8123 28.3523 84.45
    endloop
  endfacet
  facet normal 0 0 1
    outer loop
      vertex 23.6931 28.3787 84.45
      vertex 23.6931 25.6213 84.45
      vertex 23.8123 25.6477 84.45
    endloop
  endfacet
  facet normal 0 0 1
    outer loop
      vertex 23.572 28.3947 84.45
      vertex 23.6931 25.6213 84.45
      vertex 23.6931 28.3787 84.45
    endloop
  endfacet
  facet normal 0 0 1
    outer loop
      vertex 23.572 28.3947 84.45
      vertex 23.572 25.6053 84.45
      vertex 23.6931 25.6213 84.45
    endloop
  endfacet
  facet normal 0 0 1
    outer loop
      vertex 23.45 28.4 84.45
      vertex 23.572 25.6053 84.45
      vertex 23.572 28.3947 84.45
    endloop
  endfacet
  facet normal 0 0 1
    outer loop
      vertex 23.45 28.4 84.45
      vertex 23.45 25.6 84.45
      vertex 23.572 25.6053 84.45
    endloop
  endfacet
  facet normal -0 0 1
    outer loop
      vertex 23.328 28.3947 84.45
      vertex 23.45 25.6 84.45
      vertex 23.45 28.4 84.45
    endloop
  endfacet
  facet normal 0 0 1
    outer loop
      vertex 23.328 28.3947 84.45
      vertex 23.328 25.6053 84.45
      vertex 23.45 25.6 84.45
    endloop
  endfacet
  facet normal -0 0 1
    outer loop
      vertex 23.2069 28.3787 84.45
      vertex 23.328 25.6053 84.45
      vertex 23.328 28.3947 84.45
    endloop
  endfacet
  facet normal 0 0 1
    outer loop
      vertex 23.2069 28.3787 84.45
      vertex 23.2069 25.6213 84.45
      vertex 23.328 25.6053 84.45
    endloop
  endfacet
  facet normal -0 0 1
    outer loop
      vertex 23.0877 28.3523 84.45
      vertex 23.2069 25.6213 84.45
      vertex 23.2069 28.3787 84.45
    endloop
  endfacet
  facet normal 0 0 1
    outer loop
      vertex 23.0877 28.3523 84.45
      vertex 23.0877 25.6477 84.45
      vertex 23.2069 25.6213 84.45
    endloop
  endfacet
  facet normal -0 0 1
    outer loop
      vertex 22.9712 28.3156 84.45
      vertex 23.0877 25.6477 84.45
      vertex 23.0877 28.3523 84.45
    endloop
  endfacet
  facet normal 0 0 1
    outer loop
      vertex 22.9712 28.3156 84.45
      vertex 22.9712 25.6844 84.45
      vertex 23.0877 25.6477 84.45
    endloop
  endfacet
  facet normal -0 0 1
    outer loop
      vertex 22.8583 28.2688 84.45
      vertex 22.9712 25.6844 84.45
      vertex 22.9712 28.3156 84.45
    endloop
  endfacet
  facet normal 0 0 1
    outer loop
      vertex 22.8583 28.2688 84.45
      vertex 22.8583 25.7312 84.45
      vertex 22.9712 25.6844 84.45
    endloop
  endfacet
  facet normal -0 0 1
    outer loop
      vertex 22.75 28.2124 84.45
      vertex 22.8583 25.7312 84.45
      vertex 22.8583 28.2688 84.45
    endloop
  endfacet
  facet normal 0 0 1
    outer loop
      vertex 22.75 28.2124 84.45
      vertex 22.75 25.7876 84.45
      vertex 22.8583 25.7312 84.45
    endloop
  endfacet
  facet normal -0 0 1
    outer loop
      vertex 22.647 28.1468 84.45
      vertex 22.75 25.7876 84.45
      vertex 22.75 28.2124 84.45
    endloop
  endfacet
  facet normal 0 0 1
    outer loop
      vertex 22.647 28.1468 84.45
      vertex 22.647 25.8532 84.45
      vertex 22.75 25.7876 84.45
    endloop
  endfacet
  facet normal -0 0 1
    outer loop
      vertex 22.5501 28.0725 84.45
      vertex 22.647 25.8532 84.45
      vertex 22.647 28.1468 84.45
    endloop
  endfacet
  facet normal 0 0 1
    outer loop
      vertex 22.5501 28.0725 84.45
      vertex 22.5501 25.9275 84.45
      vertex 22.647 25.8532 84.45
    endloop
  endfacet
  facet normal -0 0 1
    outer loop
      vertex 22.46 27.9899 84.45
      vertex 22.5501 25.9275 84.45
      vertex 22.5501 28.0725 84.45
    endloop
  endfacet
  facet normal 0 0 1
    outer loop
      vertex 22.46 27.9899 84.45
      vertex 22.46 26.01 84.45
      vertex 22.5501 25.9275 84.45
    endloop
  endfacet
  facet normal -0 0 1
    outer loop
      vertex 22.3775 27.8999 84.45
      vertex 22.46 26.01 84.45
      vertex 22.46 27.9899 84.45
    endloop
  endfacet
  facet normal 0 0 1
    outer loop
      vertex 22.3775 27.8999 84.45
      vertex 22.3775 26.1001 84.45
      vertex 22.46 26.01 84.45
    endloop
  endfacet
  facet normal -0 0 1
    outer loop
      vertex 22.3032 27.803 84.45
      vertex 22.3775 26.1001 84.45
      vertex 22.3775 27.8999 84.45
    endloop
  endfacet
  facet normal 0 0 1
    outer loop
      vertex 22.3032 27.803 84.45
      vertex 22.3032 26.197 84.45
      vertex 22.3775 26.1001 84.45
    endloop
  endfacet
  facet normal -0 0 1
    outer loop
      vertex 22.2376 27.7 84.45
      vertex 22.3032 26.197 84.45
      vertex 22.3032 27.803 84.45
    endloop
  endfacet
  facet normal 0 0 1
    outer loop
      vertex 22.2376 27.7 84.45
      vertex 22.2376 26.3 84.45
      vertex 22.3032 26.197 84.45
    endloop
  endfacet
  facet normal -0 0 1
    outer loop
      vertex 22.1812 27.5917 84.45
      vertex 22.2376 26.3 84.45
      vertex 22.2376 27.7 84.45
    endloop
  endfacet
  facet normal 0 0 1
    outer loop
      vertex 22.1812 27.5917 84.45
      vertex 22.1812 26.4083 84.45
      vertex 22.2376 26.3 84.45
    endloop
  endfacet
  facet normal -0 0 1
    outer loop
      vertex 22.1344 27.4788 84.45
      vertex 22.1812 26.4083 84.45
      vertex 22.1812 27.5917 84.45
    endloop
  endfacet
  facet normal 0 0 1
    outer loop
      vertex 22.1344 27.4788 84.45
      vertex 22.1344 26.5212 84.45
      vertex 22.1812 26.4083 84.45
    endloop
  endfacet
  facet normal -0 0 1
    outer loop
      vertex 22.0977 27.3623 84.45
      vertex 22.1344 26.5212 84.45
      vertex 22.1344 27.4788 84.45
    endloop
  endfacet
  facet normal 0 0 1
    outer loop
      vertex 22.0977 27.3623 84.45
      vertex 22.0977 26.6377 84.45
      vertex 22.1344 26.5212 84.45
    endloop
  endfacet
  facet normal -0 0 1
    outer loop
      vertex 22.0713 27.2431 84.45
      vertex 22.0977 26.6377 84.45
      vertex 22.0977 27.3623 84.45
    endloop
  endfacet
  facet normal 0 0 1
    outer loop
      vertex 22.0713 27.2431 84.45
      vertex 22.0713 26.7569 84.45
      vertex 22.0977 26.6377 84.45
    endloop
  endfacet
  facet normal -0 0 1
    outer loop
      vertex 22.0553 27.122 84.45
      vertex 22.0713 26.7569 84.45
      vertex 22.0713 27.2431 84.45
    endloop
  endfacet
  facet normal 0 0 1
    outer loop
      vertex 22.0553 27.122 84.45
      vertex 22.0553 26.878 84.45
      vertex 22.0713 26.7569 84.45
    endloop
  endfacet
  facet normal 0 -0 1
    outer loop
      vertex 22.0553 26.878 84.45
      vertex 22.0553 27.122 84.45
      vertex 22.05 27 84.45
    endloop
  endfacet
  facet normal -1 0 0
    outer loop
      vertex 21.45 0 53.55
      vertex 21.45 34 96.45
      vertex 21.45 34 53.55
    endloop
  endfacet
  facet normal -1 -0 0
    outer loop
      vertex 21.45 34 96.45
      vertex 21.45 0 53.55
      vertex 21.45 0 96.45
    endloop
  endfacet
  facet normal -0 0 1
    outer loop
      vertex -21.45 34 53.55
      vertex -12 0 53.55
      vertex -12 34 53.55
    endloop
  endfacet
  facet normal 0 0 1
    outer loop
      vertex -12 0 53.55
      vertex -21.45 34 53.55
      vertex -21.45 0 53.55
    endloop
  endfacet
  facet normal -0 0 1
    outer loop
      vertex 12 34 53.55
      vertex 21.45 0 53.55
      vertex 21.45 34 53.55
    endloop
  endfacet
  facet normal 0 0 1
    outer loop
      vertex 21.45 0 53.55
      vertex 12 34 53.55
      vertex 12 0 53.55
    endloop
  endfacet
  facet normal 1 -0 0
    outer loop
      vertex -21.45 0 96.45
      vertex -21.45 34 53.55
      vertex -21.45 34 96.45
    endloop
  endfacet
  facet normal 1 0 0
    outer loop
      vertex -21.45 34 53.55
      vertex -21.45 0 96.45
      vertex -21.45 0 53.55
    endloop
  endfacet
  facet normal -1 0 0
    outer loop
      vertex 12 0 47.55
      vertex 12 34 53.55
      vertex 12 34 47.55
    endloop
  endfacet
  facet normal -1 -0 0
    outer loop
      vertex 12 34 53.55
      vertex 12 0 47.55
      vertex 12 0 53.55
    endloop
  endfacet
  facet normal -0 0 1
    outer loop
      vertex -12 34 47.55
      vertex 12 0 47.55
      vertex 12 34 47.55
    endloop
  endfacet
  facet normal 0 0 1
    outer loop
      vertex 12 0 47.55
      vertex -12 34 47.55
      vertex -12 0 47.55
    endloop
  endfacet
  facet normal 1 -0 0
    outer loop
      vertex -12 0 53.55
      vertex -12 34 47.55
      vertex -12 34 53.55
    endloop
  endfacet
  facet normal 1 0 0
    outer loop
      vertex -12 34 47.55
      vertex -12 0 53.55
      vertex -12 0 47.55
    endloop
  endfacet
endsolid OpenSCAD_Model
