solid OpenSCAD_Model
  facet normal 1 -0 0
    outer loop
      vertex 15 -10 4
      vertex 15 10 0
      vertex 15 10 4
    endloop
  endfacet
  facet normal 1 0 0
    outer loop
      vertex 15 10 0
      vertex 15 -10 4
      vertex 15 -10 0
    endloop
  endfacet
  facet normal 0 0 1
    outer loop
      vertex -6 -1.75 4
      vertex -7 -1.75 4
      vertex -6 -4 4
    endloop
  endfacet
  facet normal 0 0 1
    outer loop
      vertex 15 10 4
      vertex 12.25 0 4
      vertex 15 -10 4
    endloop
  endfacet
  facet normal 0 0 1
    outer loop
      vertex 15 10 4
      vertex 12.2414 0.1961 4
      vertex 12.25 0 4
    endloop
  endfacet
  facet normal 0 0 1
    outer loop
      vertex 15 10 4
      vertex 12.2158 0.390708 4
      vertex 12.2414 0.1961 4
    endloop
  endfacet
  facet normal 0 0 1
    outer loop
      vertex 15 10 4
      vertex 12.1733 0.582342 4
      vertex 12.2158 0.390708 4
    endloop
  endfacet
  facet normal 0 0 1
    outer loop
      vertex 15 10 4
      vertex 12.1143 0.769545 4
      vertex 12.1733 0.582342 4
    endloop
  endfacet
  facet normal 0 0 1
    outer loop
      vertex 15 10 4
      vertex 12.0392 0.950891 4
      vertex 12.1143 0.769545 4
    endloop
  endfacet
  facet normal 0 0 1
    outer loop
      vertex 15 10 4
      vertex 11.9486 1.125 4
      vertex 12.0392 0.950891 4
    endloop
  endfacet
  facet normal 0 0 1
    outer loop
      vertex 15 10 4
      vertex 11.8431 1.29055 4
      vertex 11.9486 1.125 4
    endloop
  endfacet
  facet normal 0 0 1
    outer loop
      vertex 15 10 4
      vertex 11.7236 1.44627 4
      vertex 11.8431 1.29055 4
    endloop
  endfacet
  facet normal 0 0 1
    outer loop
      vertex 15 10 4
      vertex 11.591 1.59099 4
      vertex 11.7236 1.44627 4
    endloop
  endfacet
  facet normal 0 0 1
    outer loop
      vertex 15 10 4
      vertex 11.4463 1.7236 4
      vertex 11.591 1.59099 4
    endloop
  endfacet
  facet normal 0 0 1
    outer loop
      vertex 15 10 4
      vertex 11.2905 1.84309 4
      vertex 11.4463 1.7236 4
    endloop
  endfacet
  facet normal 0 0 1
    outer loop
      vertex 15 10 4
      vertex 11.125 1.94856 4
      vertex 11.2905 1.84309 4
    endloop
  endfacet
  facet normal 0 0 1
    outer loop
      vertex 15 10 4
      vertex 10.9509 2.03919 4
      vertex 11.125 1.94856 4
    endloop
  endfacet
  facet normal 0 0 1
    outer loop
      vertex 15 10 4
      vertex 10.7695 2.11431 4
      vertex 10.9509 2.03919 4
    endloop
  endfacet
  facet normal 0 0 1
    outer loop
      vertex 15 10 4
      vertex 10.5823 2.17333 4
      vertex 10.7695 2.11431 4
    endloop
  endfacet
  facet normal 0 0 1
    outer loop
      vertex 15 10 4
      vertex 10.3907 2.21582 4
      vertex 10.5823 2.17333 4
    endloop
  endfacet
  facet normal 0 0 1
    outer loop
      vertex 15 10 4
      vertex 10.1961 2.24144 4
      vertex 10.3907 2.21582 4
    endloop
  endfacet
  facet normal 0 0 1
    outer loop
      vertex 15 10 4
      vertex 10 2.25 4
      vertex 10.1961 2.24144 4
    endloop
  endfacet
  facet normal -0 0 1
    outer loop
      vertex 6 4 4
      vertex 10 2.25 4
      vertex 15 10 4
    endloop
  endfacet
  facet normal 0 0 1
    outer loop
      vertex 10 2.25 4
      vertex 6 4 4
      vertex 9.8039 2.24144 4
    endloop
  endfacet
  facet normal 0 0 1
    outer loop
      vertex 9.8039 2.24144 4
      vertex 6 4 4
      vertex 9.60929 2.21582 4
    endloop
  endfacet
  facet normal 0 0 1
    outer loop
      vertex 9.60929 2.21582 4
      vertex 6 4 4
      vertex 9.41766 2.17333 4
    endloop
  endfacet
  facet normal 0 0 1
    outer loop
      vertex 9.41766 2.17333 4
      vertex 6 4 4
      vertex 9.23045 2.11431 4
    endloop
  endfacet
  facet normal 0 0 1
    outer loop
      vertex 9.23045 2.11431 4
      vertex 6 4 4
      vertex 9.04911 2.03919 4
    endloop
  endfacet
  facet normal 0 0 1
    outer loop
      vertex 9.04911 2.03919 4
      vertex 6 4 4
      vertex 8.875 1.94856 4
    endloop
  endfacet
  facet normal 0 0 1
    outer loop
      vertex 8.875 1.94856 4
      vertex 6 4 4
      vertex 8.70945 1.84309 4
    endloop
  endfacet
  facet normal 0 -0 1
    outer loop
      vertex 7 1.75 4
      vertex 8.70945 1.84309 4
      vertex 6 4 4
    endloop
  endfacet
  facet normal 0 0 1
    outer loop
      vertex 8.70945 1.84309 4
      vertex 7 1.75 4
      vertex 8.55373 1.7236 4
    endloop
  endfacet
  facet normal 0 0 1
    outer loop
      vertex 7.75856 0.1961 4
      vertex 7 1.75 4
      vertex 7.75 0 4
    endloop
  endfacet
  facet normal 0 0 1
    outer loop
      vertex 7.78418 0.390708 4
      vertex 7 1.75 4
      vertex 7.75856 0.1961 4
    endloop
  endfacet
  facet normal 0 0 1
    outer loop
      vertex 7.82667 0.582342 4
      vertex 7 1.75 4
      vertex 7.78418 0.390708 4
    endloop
  endfacet
  facet normal 0 0 1
    outer loop
      vertex 7.88569 0.769545 4
      vertex 7 1.75 4
      vertex 7.82667 0.582342 4
    endloop
  endfacet
  facet normal 0 0 1
    outer loop
      vertex 7.96081 0.950891 4
      vertex 7 1.75 4
      vertex 7.88569 0.769545 4
    endloop
  endfacet
  facet normal 0 0 1
    outer loop
      vertex 8.05144 1.125 4
      vertex 7 1.75 4
      vertex 7.96081 0.950891 4
    endloop
  endfacet
  facet normal 0 0 1
    outer loop
      vertex 8.15691 1.29055 4
      vertex 7 1.75 4
      vertex 8.05144 1.125 4
    endloop
  endfacet
  facet normal 0 0 1
    outer loop
      vertex 8.2764 1.44627 4
      vertex 7 1.75 4
      vertex 8.15691 1.29055 4
    endloop
  endfacet
  facet normal 0 0 1
    outer loop
      vertex 8.55373 1.7236 4
      vertex 7 1.75 4
      vertex 8.40901 1.59099 4
    endloop
  endfacet
  facet normal 0 0 1
    outer loop
      vertex 8.40901 1.59099 4
      vertex 7 1.75 4
      vertex 8.2764 1.44627 4
    endloop
  endfacet
  facet normal 0 0 1
    outer loop
      vertex 15 10 4
      vertex -6 4 4
      vertex 6 4 4
    endloop
  endfacet
  facet normal 0 0 1
    outer loop
      vertex -6 4 4
      vertex -7 1.75 4
      vertex -6 1.75 4
    endloop
  endfacet
  facet normal 0 0 1
    outer loop
      vertex -7 1.75 4
      vertex -7.75 0 4
      vertex -7 -1.75 4
    endloop
  endfacet
  facet normal 0 0 1
    outer loop
      vertex -7 1.75 4
      vertex -7.75856 0.1961 4
      vertex -7.75 0 4
    endloop
  endfacet
  facet normal -0 0 1
    outer loop
      vertex -8.70945 1.84309 4
      vertex -7 1.75 4
      vertex -6 4 4
    endloop
  endfacet
  facet normal 0 0 1
    outer loop
      vertex -7 1.75 4
      vertex -7.78418 0.390708 4
      vertex -7.75856 0.1961 4
    endloop
  endfacet
  facet normal 0 0 1
    outer loop
      vertex -7 1.75 4
      vertex -7.82667 0.582342 4
      vertex -7.78418 0.390708 4
    endloop
  endfacet
  facet normal 0 0 1
    outer loop
      vertex -7 1.75 4
      vertex -7.88569 0.769545 4
      vertex -7.82667 0.582342 4
    endloop
  endfacet
  facet normal 0 0 1
    outer loop
      vertex -7 1.75 4
      vertex -7.96081 0.950891 4
      vertex -7.88569 0.769545 4
    endloop
  endfacet
  facet normal 0 0 1
    outer loop
      vertex -7 1.75 4
      vertex -8.05144 1.125 4
      vertex -7.96081 0.950891 4
    endloop
  endfacet
  facet normal 0 0 1
    outer loop
      vertex -7 1.75 4
      vertex -8.15691 1.29055 4
      vertex -8.05144 1.125 4
    endloop
  endfacet
  facet normal 0 0 1
    outer loop
      vertex -7 1.75 4
      vertex -8.2764 1.44627 4
      vertex -8.15691 1.29055 4
    endloop
  endfacet
  facet normal 0 0 1
    outer loop
      vertex -7 1.75 4
      vertex -8.40901 1.59099 4
      vertex -8.2764 1.44627 4
    endloop
  endfacet
  facet normal 0 0 1
    outer loop
      vertex -7 1.75 4
      vertex -8.55373 1.7236 4
      vertex -8.40901 1.59099 4
    endloop
  endfacet
  facet normal 0 0 1
    outer loop
      vertex -7 1.75 4
      vertex -8.70945 1.84309 4
      vertex -8.55373 1.7236 4
    endloop
  endfacet
  facet normal 0 0 1
    outer loop
      vertex -6 4 4
      vertex -8.875 1.94856 4
      vertex -8.70945 1.84309 4
    endloop
  endfacet
  facet normal 0 0 1
    outer loop
      vertex -6 4 4
      vertex -9.04911 2.03919 4
      vertex -8.875 1.94856 4
    endloop
  endfacet
  facet normal 0 0 1
    outer loop
      vertex -6 4 4
      vertex -9.23045 2.11431 4
      vertex -9.04911 2.03919 4
    endloop
  endfacet
  facet normal 0 0 1
    outer loop
      vertex -6 4 4
      vertex -9.41766 2.17333 4
      vertex -9.23045 2.11431 4
    endloop
  endfacet
  facet normal 0 0 1
    outer loop
      vertex -6 4 4
      vertex -9.60929 2.21582 4
      vertex -9.41766 2.17333 4
    endloop
  endfacet
  facet normal 0 0 1
    outer loop
      vertex -6 4 4
      vertex -9.8039 2.24144 4
      vertex -9.60929 2.21582 4
    endloop
  endfacet
  facet normal 0 0 1
    outer loop
      vertex -6 4 4
      vertex -10 2.25 4
      vertex -9.8039 2.24144 4
    endloop
  endfacet
  facet normal 0 0 1
    outer loop
      vertex -15 10 4
      vertex -10 2.25 4
      vertex -6 4 4
    endloop
  endfacet
  facet normal 0 0 1
    outer loop
      vertex -10 2.25 4
      vertex -15 10 4
      vertex -10.1961 2.24144 4
    endloop
  endfacet
  facet normal 0 0 1
    outer loop
      vertex -10.1961 2.24144 4
      vertex -15 10 4
      vertex -10.3907 2.21582 4
    endloop
  endfacet
  facet normal 0 0 1
    outer loop
      vertex -10.3907 2.21582 4
      vertex -15 10 4
      vertex -10.5823 2.17333 4
    endloop
  endfacet
  facet normal 0 0 1
    outer loop
      vertex -12.2414 0.1961 4
      vertex -15 10 4
      vertex -12.25 0 4
    endloop
  endfacet
  facet normal 0 0 1
    outer loop
      vertex -12.2158 0.390708 4
      vertex -15 10 4
      vertex -12.2414 0.1961 4
    endloop
  endfacet
  facet normal 0 0 1
    outer loop
      vertex -12.1733 0.582342 4
      vertex -15 10 4
      vertex -12.2158 0.390708 4
    endloop
  endfacet
  facet normal 0 0 1
    outer loop
      vertex -12.1143 0.769545 4
      vertex -15 10 4
      vertex -12.1733 0.582342 4
    endloop
  endfacet
  facet normal 0 0 1
    outer loop
      vertex -12.0392 0.950891 4
      vertex -15 10 4
      vertex -12.1143 0.769545 4
    endloop
  endfacet
  facet normal 0 0 1
    outer loop
      vertex -11.9486 1.125 4
      vertex -15 10 4
      vertex -12.0392 0.950891 4
    endloop
  endfacet
  facet normal 0 0 1
    outer loop
      vertex -11.8431 1.29055 4
      vertex -15 10 4
      vertex -11.9486 1.125 4
    endloop
  endfacet
  facet normal 0 0 1
    outer loop
      vertex -11.7236 1.44627 4
      vertex -15 10 4
      vertex -11.8431 1.29055 4
    endloop
  endfacet
  facet normal 0 0 1
    outer loop
      vertex -11.591 1.59099 4
      vertex -15 10 4
      vertex -11.7236 1.44627 4
    endloop
  endfacet
  facet normal 0 0 1
    outer loop
      vertex -11.4463 1.7236 4
      vertex -15 10 4
      vertex -11.591 1.59099 4
    endloop
  endfacet
  facet normal 0 0 1
    outer loop
      vertex -11.2905 1.84309 4
      vertex -15 10 4
      vertex -11.4463 1.7236 4
    endloop
  endfacet
  facet normal 0 0 1
    outer loop
      vertex -11.125 1.94856 4
      vertex -15 10 4
      vertex -11.2905 1.84309 4
    endloop
  endfacet
  facet normal 0 0 1
    outer loop
      vertex -10.9509 2.03919 4
      vertex -15 10 4
      vertex -11.125 1.94856 4
    endloop
  endfacet
  facet normal 0 0 1
    outer loop
      vertex -10.7695 2.11431 4
      vertex -15 10 4
      vertex -10.9509 2.03919 4
    endloop
  endfacet
  facet normal 0 0 1
    outer loop
      vertex -10.5823 2.17333 4
      vertex -15 10 4
      vertex -10.7695 2.11431 4
    endloop
  endfacet
  facet normal -0 0 1
    outer loop
      vertex -15 10 4
      vertex -6 4 4
      vertex 15 10 4
    endloop
  endfacet
  facet normal -0 0 1
    outer loop
      vertex 12.2414 -0.1961 4
      vertex 15 -10 4
      vertex 12.25 0 4
    endloop
  endfacet
  facet normal -0 0 1
    outer loop
      vertex 12.2158 -0.390708 4
      vertex 15 -10 4
      vertex 12.2414 -0.1961 4
    endloop
  endfacet
  facet normal -0 0 1
    outer loop
      vertex 12.1733 -0.582342 4
      vertex 15 -10 4
      vertex 12.2158 -0.390708 4
    endloop
  endfacet
  facet normal -0 0 1
    outer loop
      vertex 12.1143 -0.769545 4
      vertex 15 -10 4
      vertex 12.1733 -0.582342 4
    endloop
  endfacet
  facet normal -0 0 1
    outer loop
      vertex 12.0392 -0.950891 4
      vertex 15 -10 4
      vertex 12.1143 -0.769545 4
    endloop
  endfacet
  facet normal -0 0 1
    outer loop
      vertex 11.9486 -1.125 4
      vertex 15 -10 4
      vertex 12.0392 -0.950891 4
    endloop
  endfacet
  facet normal -0 0 1
    outer loop
      vertex 11.8431 -1.29055 4
      vertex 15 -10 4
      vertex 11.9486 -1.125 4
    endloop
  endfacet
  facet normal -0 0 1
    outer loop
      vertex 11.7236 -1.44627 4
      vertex 15 -10 4
      vertex 11.8431 -1.29055 4
    endloop
  endfacet
  facet normal -0 0 1
    outer loop
      vertex 11.591 -1.59099 4
      vertex 15 -10 4
      vertex 11.7236 -1.44627 4
    endloop
  endfacet
  facet normal -0 0 1
    outer loop
      vertex 11.4463 -1.7236 4
      vertex 15 -10 4
      vertex 11.591 -1.59099 4
    endloop
  endfacet
  facet normal -0 0 1
    outer loop
      vertex 11.2905 -1.84309 4
      vertex 15 -10 4
      vertex 11.4463 -1.7236 4
    endloop
  endfacet
  facet normal -0 0 1
    outer loop
      vertex 11.125 -1.94856 4
      vertex 15 -10 4
      vertex 11.2905 -1.84309 4
    endloop
  endfacet
  facet normal -0 0 1
    outer loop
      vertex 10.9509 -2.03919 4
      vertex 15 -10 4
      vertex 11.125 -1.94856 4
    endloop
  endfacet
  facet normal -0 0 1
    outer loop
      vertex 10.7695 -2.11431 4
      vertex 15 -10 4
      vertex 10.9509 -2.03919 4
    endloop
  endfacet
  facet normal -0 0 1
    outer loop
      vertex 10.5823 -2.17333 4
      vertex 15 -10 4
      vertex 10.7695 -2.11431 4
    endloop
  endfacet
  facet normal -0 0 1
    outer loop
      vertex 10.3907 -2.21582 4
      vertex 15 -10 4
      vertex 10.5823 -2.17333 4
    endloop
  endfacet
  facet normal -0 0 1
    outer loop
      vertex 10.1961 -2.24144 4
      vertex 15 -10 4
      vertex 10.3907 -2.21582 4
    endloop
  endfacet
  facet normal -0 0 1
    outer loop
      vertex 10 -2.25 4
      vertex 15 -10 4
      vertex 10.1961 -2.24144 4
    endloop
  endfacet
  facet normal 0 0 1
    outer loop
      vertex 6 -4 4
      vertex 10 -2.25 4
      vertex 9.8039 -2.24144 4
    endloop
  endfacet
  facet normal 0 0 1
    outer loop
      vertex 6 -4 4
      vertex 9.8039 -2.24144 4
      vertex 9.60929 -2.21582 4
    endloop
  endfacet
  facet normal 0 0 1
    outer loop
      vertex 6 -4 4
      vertex 9.60929 -2.21582 4
      vertex 9.41766 -2.17333 4
    endloop
  endfacet
  facet normal 0 0 1
    outer loop
      vertex 6 -4 4
      vertex 9.41766 -2.17333 4
      vertex 9.23045 -2.11431 4
    endloop
  endfacet
  facet normal 0 0 1
    outer loop
      vertex 6 -4 4
      vertex 9.23045 -2.11431 4
      vertex 9.04911 -2.03919 4
    endloop
  endfacet
  facet normal 0 0 1
    outer loop
      vertex 6 -4 4
      vertex 9.04911 -2.03919 4
      vertex 8.875 -1.94856 4
    endloop
  endfacet
  facet normal 0 0 1
    outer loop
      vertex 6 -4 4
      vertex 8.875 -1.94856 4
      vertex 8.70945 -1.84309 4
    endloop
  endfacet
  facet normal -0 0 1
    outer loop
      vertex 7 -1.75 4
      vertex 8.70945 -1.84309 4
      vertex 8.55373 -1.7236 4
    endloop
  endfacet
  facet normal 0 0 1
    outer loop
      vertex 7 -1.75 4
      vertex 8.55373 -1.7236 4
      vertex 8.40901 -1.59099 4
    endloop
  endfacet
  facet normal 0 0 1
    outer loop
      vertex 7 -1.75 4
      vertex 8.40901 -1.59099 4
      vertex 8.2764 -1.44627 4
    endloop
  endfacet
  facet normal 0 0 1
    outer loop
      vertex 7 -1.75 4
      vertex 7.75 0 4
      vertex 7 1.75 4
    endloop
  endfacet
  facet normal 0 0 1
    outer loop
      vertex 7.75 0 4
      vertex 7 -1.75 4
      vertex 7.75856 -0.1961 4
    endloop
  endfacet
  facet normal 0 0 1
    outer loop
      vertex 7.75856 -0.1961 4
      vertex 7 -1.75 4
      vertex 7.78418 -0.390708 4
    endloop
  endfacet
  facet normal 0 0 1
    outer loop
      vertex 7.78418 -0.390708 4
      vertex 7 -1.75 4
      vertex 7.82667 -0.582342 4
    endloop
  endfacet
  facet normal 0 0 1
    outer loop
      vertex 7.82667 -0.582342 4
      vertex 7 -1.75 4
      vertex 7.88569 -0.769545 4
    endloop
  endfacet
  facet normal 0 0 1
    outer loop
      vertex 7 -1.75 4
      vertex 7.96081 -0.950891 4
      vertex 7.88569 -0.769545 4
    endloop
  endfacet
  facet normal 0 0 1
    outer loop
      vertex 7 -1.75 4
      vertex 8.05144 -1.125 4
      vertex 7.96081 -0.950891 4
    endloop
  endfacet
  facet normal 0 0 1
    outer loop
      vertex 7 -1.75 4
      vertex 8.15691 -1.29055 4
      vertex 8.05144 -1.125 4
    endloop
  endfacet
  facet normal 0 0 1
    outer loop
      vertex 7 -1.75 4
      vertex 8.2764 -1.44627 4
      vertex 8.15691 -1.29055 4
    endloop
  endfacet
  facet normal 0 0 1
    outer loop
      vertex 8.70945 -1.84309 4
      vertex 7 -1.75 4
      vertex 6 -4 4
    endloop
  endfacet
  facet normal 0 0 1
    outer loop
      vertex 6 -4 4
      vertex 7 -1.75 4
      vertex 6 -1.75 4
    endloop
  endfacet
  facet normal 0 0 1
    outer loop
      vertex 10 -2.25 4
      vertex 6 -4 4
      vertex 15 -10 4
    endloop
  endfacet
  facet normal -0 0 1
    outer loop
      vertex -6 -4 4
      vertex 15 -10 4
      vertex 6 -4 4
    endloop
  endfacet
  facet normal -0 0 1
    outer loop
      vertex -7.75856 -0.1961 4
      vertex -7 -1.75 4
      vertex -7.75 0 4
    endloop
  endfacet
  facet normal -0 0 1
    outer loop
      vertex -7.78418 -0.390708 4
      vertex -7 -1.75 4
      vertex -7.75856 -0.1961 4
    endloop
  endfacet
  facet normal -0 0 1
    outer loop
      vertex -7.82667 -0.582342 4
      vertex -7 -1.75 4
      vertex -7.78418 -0.390708 4
    endloop
  endfacet
  facet normal -0 0 1
    outer loop
      vertex -7.88569 -0.769545 4
      vertex -7 -1.75 4
      vertex -7.82667 -0.582342 4
    endloop
  endfacet
  facet normal -0 0 1
    outer loop
      vertex -7.96081 -0.950891 4
      vertex -7 -1.75 4
      vertex -7.88569 -0.769545 4
    endloop
  endfacet
  facet normal -0 0 1
    outer loop
      vertex -8.05144 -1.125 4
      vertex -7 -1.75 4
      vertex -7.96081 -0.950891 4
    endloop
  endfacet
  facet normal -0 0 1
    outer loop
      vertex -8.15691 -1.29055 4
      vertex -7 -1.75 4
      vertex -8.05144 -1.125 4
    endloop
  endfacet
  facet normal -0 0 1
    outer loop
      vertex -8.2764 -1.44627 4
      vertex -7 -1.75 4
      vertex -8.15691 -1.29055 4
    endloop
  endfacet
  facet normal -0 0 1
    outer loop
      vertex -8.40901 -1.59099 4
      vertex -7 -1.75 4
      vertex -8.2764 -1.44627 4
    endloop
  endfacet
  facet normal -0 0 1
    outer loop
      vertex -8.55373 -1.7236 4
      vertex -7 -1.75 4
      vertex -8.40901 -1.59099 4
    endloop
  endfacet
  facet normal 0 0 1
    outer loop
      vertex -8.70945 -1.84309 4
      vertex -7 -1.75 4
      vertex -8.55373 -1.7236 4
    endloop
  endfacet
  facet normal 0 0 1
    outer loop
      vertex -7 -1.75 4
      vertex -8.70945 -1.84309 4
      vertex -6 -4 4
    endloop
  endfacet
  facet normal -0 0 1
    outer loop
      vertex -8.875 -1.94856 4
      vertex -6 -4 4
      vertex -8.70945 -1.84309 4
    endloop
  endfacet
  facet normal -0 0 1
    outer loop
      vertex -9.04911 -2.03919 4
      vertex -6 -4 4
      vertex -8.875 -1.94856 4
    endloop
  endfacet
  facet normal -0 0 1
    outer loop
      vertex -9.23045 -2.11431 4
      vertex -6 -4 4
      vertex -9.04911 -2.03919 4
    endloop
  endfacet
  facet normal -0 0 1
    outer loop
      vertex -9.41766 -2.17333 4
      vertex -6 -4 4
      vertex -9.23045 -2.11431 4
    endloop
  endfacet
  facet normal -0 0 1
    outer loop
      vertex -9.60929 -2.21582 4
      vertex -6 -4 4
      vertex -9.41766 -2.17333 4
    endloop
  endfacet
  facet normal -0 0 1
    outer loop
      vertex -9.8039 -2.24144 4
      vertex -6 -4 4
      vertex -9.60929 -2.21582 4
    endloop
  endfacet
  facet normal -0 0 1
    outer loop
      vertex -10 -2.25 4
      vertex -6 -4 4
      vertex -9.8039 -2.24144 4
    endloop
  endfacet
  facet normal 0 0 1
    outer loop
      vertex -15 -10 4
      vertex -10 -2.25 4
      vertex -10.1961 -2.24144 4
    endloop
  endfacet
  facet normal 0 0 1
    outer loop
      vertex -15 -10 4
      vertex -10.1961 -2.24144 4
      vertex -10.3907 -2.21582 4
    endloop
  endfacet
  facet normal 0 0 1
    outer loop
      vertex -15 -10 4
      vertex -10.3907 -2.21582 4
      vertex -10.5823 -2.17333 4
    endloop
  endfacet
  facet normal 0 0 1
    outer loop
      vertex -15 -10 4
      vertex -10.5823 -2.17333 4
      vertex -10.7695 -2.11431 4
    endloop
  endfacet
  facet normal 0 0 1
    outer loop
      vertex -15 -10 4
      vertex -12.25 0 4
      vertex -15 10 4
    endloop
  endfacet
  facet normal 0 0 1
    outer loop
      vertex -12.25 0 4
      vertex -15 -10 4
      vertex -12.2414 -0.1961 4
    endloop
  endfacet
  facet normal 0 0 1
    outer loop
      vertex -12.2414 -0.1961 4
      vertex -15 -10 4
      vertex -12.2158 -0.390708 4
    endloop
  endfacet
  facet normal 0 0 1
    outer loop
      vertex -6 -4 4
      vertex -15 -10 4
      vertex 15 -10 4
    endloop
  endfacet
  facet normal 0 0 1
    outer loop
      vertex -10 -2.25 4
      vertex -15 -10 4
      vertex -6 -4 4
    endloop
  endfacet
  facet normal 0 0 1
    outer loop
      vertex -10.9509 -2.03919 4
      vertex -15 -10 4
      vertex -10.7695 -2.11431 4
    endloop
  endfacet
  facet normal 0 0 1
    outer loop
      vertex -11.125 -1.94856 4
      vertex -15 -10 4
      vertex -10.9509 -2.03919 4
    endloop
  endfacet
  facet normal 0 0 1
    outer loop
      vertex -11.2905 -1.84309 4
      vertex -15 -10 4
      vertex -11.125 -1.94856 4
    endloop
  endfacet
  facet normal 0 0 1
    outer loop
      vertex -11.4463 -1.7236 4
      vertex -15 -10 4
      vertex -11.2905 -1.84309 4
    endloop
  endfacet
  facet normal 0 0 1
    outer loop
      vertex -11.591 -1.59099 4
      vertex -15 -10 4
      vertex -11.4463 -1.7236 4
    endloop
  endfacet
  facet normal 0 0 1
    outer loop
      vertex -11.7236 -1.44627 4
      vertex -15 -10 4
      vertex -11.591 -1.59099 4
    endloop
  endfacet
  facet normal 0 0 1
    outer loop
      vertex -11.8431 -1.29055 4
      vertex -15 -10 4
      vertex -11.7236 -1.44627 4
    endloop
  endfacet
  facet normal 0 0 1
    outer loop
      vertex -11.9486 -1.125 4
      vertex -15 -10 4
      vertex -11.8431 -1.29055 4
    endloop
  endfacet
  facet normal 0 0 1
    outer loop
      vertex -12.0392 -0.950891 4
      vertex -15 -10 4
      vertex -11.9486 -1.125 4
    endloop
  endfacet
  facet normal 0 0 1
    outer loop
      vertex -12.1143 -0.769545 4
      vertex -15 -10 4
      vertex -12.0392 -0.950891 4
    endloop
  endfacet
  facet normal 0 0 1
    outer loop
      vertex -12.1733 -0.582342 4
      vertex -15 -10 4
      vertex -12.1143 -0.769545 4
    endloop
  endfacet
  facet normal 0 0 1
    outer loop
      vertex -12.2158 -0.390708 4
      vertex -15 -10 4
      vertex -12.1733 -0.582342 4
    endloop
  endfacet
  facet normal 0 0 1
    outer loop
      vertex 7 1.75 4
      vertex 6 4 4
      vertex 6 1.75 4
    endloop
  endfacet
  facet normal -0 0 1
    outer loop
      vertex 6 1.75 4
      vertex 7 -1.75 4
      vertex 7 1.75 4
    endloop
  endfacet
  facet normal 0 0 1
    outer loop
      vertex 6 1.75 4
      vertex 6 -1.75 4
      vertex 7 -1.75 4
    endloop
  endfacet
  facet normal 0 0 1
    outer loop
      vertex 6 1.75 4
      vertex 1.75 0 4
      vertex 6 -1.75 4
    endloop
  endfacet
  facet normal 0 0 1
    outer loop
      vertex 6 1.75 4
      vertex 1.74334 0.152522 4
      vertex 1.75 0 4
    endloop
  endfacet
  facet normal 0 0 1
    outer loop
      vertex 6 1.75 4
      vertex 1.72341 0.303884 4
      vertex 1.74334 0.152522 4
    endloop
  endfacet
  facet normal 0 0 1
    outer loop
      vertex 6 1.75 4
      vertex 1.69037 0.452933 4
      vertex 1.72341 0.303884 4
    endloop
  endfacet
  facet normal 0 0 1
    outer loop
      vertex 6 1.75 4
      vertex 1.64446 0.598535 4
      vertex 1.69037 0.452933 4
    endloop
  endfacet
  facet normal 0 0 1
    outer loop
      vertex 6 1.75 4
      vertex 1.58604 0.739581 4
      vertex 1.64446 0.598535 4
    endloop
  endfacet
  facet normal 0 0 1
    outer loop
      vertex 6 1.75 4
      vertex 1.51554 0.875 4
      vertex 1.58604 0.739581 4
    endloop
  endfacet
  facet normal 0 0 1
    outer loop
      vertex 6 1.75 4
      vertex 1.43352 1.00376 4
      vertex 1.51554 0.875 4
    endloop
  endfacet
  facet normal 0 0 1
    outer loop
      vertex 6 1.75 4
      vertex 1.34058 1.12488 4
      vertex 1.43352 1.00376 4
    endloop
  endfacet
  facet normal 0 0 1
    outer loop
      vertex 6 1.75 4
      vertex 1.23744 1.23744 4
      vertex 1.34058 1.12488 4
    endloop
  endfacet
  facet normal 0 0 1
    outer loop
      vertex 6 1.75 4
      vertex 1.12488 1.34058 4
      vertex 1.23744 1.23744 4
    endloop
  endfacet
  facet normal 0 0 1
    outer loop
      vertex 6 1.75 4
      vertex 1.00376 1.43352 4
      vertex 1.12488 1.34058 4
    endloop
  endfacet
  facet normal 0 0 1
    outer loop
      vertex 6 1.75 4
      vertex 0.875 1.51554 4
      vertex 1.00376 1.43352 4
    endloop
  endfacet
  facet normal 0 0 1
    outer loop
      vertex 6 1.75 4
      vertex 0.739581 1.58604 4
      vertex 0.875 1.51554 4
    endloop
  endfacet
  facet normal 0 0 1
    outer loop
      vertex 6 1.75 4
      vertex 0.598535 1.64446 4
      vertex 0.739581 1.58604 4
    endloop
  endfacet
  facet normal 0 0 1
    outer loop
      vertex 6 1.75 4
      vertex 0.452933 1.69037 4
      vertex 0.598535 1.64446 4
    endloop
  endfacet
  facet normal 0 0 1
    outer loop
      vertex 6 1.75 4
      vertex 0.303884 1.72341 4
      vertex 0.452933 1.69037 4
    endloop
  endfacet
  facet normal 0 0 1
    outer loop
      vertex 6 1.75 4
      vertex 0.152522 1.74334 4
      vertex 0.303884 1.72341 4
    endloop
  endfacet
  facet normal 0 -0 1
    outer loop
      vertex 0.152522 1.74334 4
      vertex 6 1.75 4
      vertex 0 1.75 4
    endloop
  endfacet
  facet normal -0 0 1
    outer loop
      vertex 1.74334 -0.152522 4
      vertex 6 -1.75 4
      vertex 1.75 0 4
    endloop
  endfacet
  facet normal -0 0 1
    outer loop
      vertex 1.72341 -0.303884 4
      vertex 6 -1.75 4
      vertex 1.74334 -0.152522 4
    endloop
  endfacet
  facet normal -0 0 1
    outer loop
      vertex 1.69037 -0.452933 4
      vertex 6 -1.75 4
      vertex 1.72341 -0.303884 4
    endloop
  endfacet
  facet normal -0 0 1
    outer loop
      vertex 1.64446 -0.598535 4
      vertex 6 -1.75 4
      vertex 1.69037 -0.452933 4
    endloop
  endfacet
  facet normal -0 0 1
    outer loop
      vertex 1.58604 -0.739581 4
      vertex 6 -1.75 4
      vertex 1.64446 -0.598535 4
    endloop
  endfacet
  facet normal -0 0 1
    outer loop
      vertex 1.51554 -0.875 4
      vertex 6 -1.75 4
      vertex 1.58604 -0.739581 4
    endloop
  endfacet
  facet normal -0 0 1
    outer loop
      vertex 1.43352 -1.00376 4
      vertex 6 -1.75 4
      vertex 1.51554 -0.875 4
    endloop
  endfacet
  facet normal -0 0 1
    outer loop
      vertex 1.34058 -1.12488 4
      vertex 6 -1.75 4
      vertex 1.43352 -1.00376 4
    endloop
  endfacet
  facet normal -0 0 1
    outer loop
      vertex 1.23744 -1.23744 4
      vertex 6 -1.75 4
      vertex 1.34058 -1.12488 4
    endloop
  endfacet
  facet normal -0 0 1
    outer loop
      vertex 1.12488 -1.34058 4
      vertex 6 -1.75 4
      vertex 1.23744 -1.23744 4
    endloop
  endfacet
  facet normal -0 0 1
    outer loop
      vertex 1.00376 -1.43352 4
      vertex 6 -1.75 4
      vertex 1.12488 -1.34058 4
    endloop
  endfacet
  facet normal -0 0 1
    outer loop
      vertex 0.875 -1.51554 4
      vertex 6 -1.75 4
      vertex 1.00376 -1.43352 4
    endloop
  endfacet
  facet normal -0 0 1
    outer loop
      vertex 0.739581 -1.58604 4
      vertex 6 -1.75 4
      vertex 0.875 -1.51554 4
    endloop
  endfacet
  facet normal -0 0 1
    outer loop
      vertex 0.598535 -1.64446 4
      vertex 6 -1.75 4
      vertex 0.739581 -1.58604 4
    endloop
  endfacet
  facet normal -0 0 1
    outer loop
      vertex 0.452933 -1.69037 4
      vertex 6 -1.75 4
      vertex 0.598535 -1.64446 4
    endloop
  endfacet
  facet normal -0 0 1
    outer loop
      vertex 0.303884 -1.72341 4
      vertex 6 -1.75 4
      vertex 0.452933 -1.69037 4
    endloop
  endfacet
  facet normal -0 0 1
    outer loop
      vertex 0.152522 -1.74334 4
      vertex 6 -1.75 4
      vertex 0.303884 -1.72341 4
    endloop
  endfacet
  facet normal 0 0 1
    outer loop
      vertex 6 -1.75 4
      vertex 0.152522 -1.74334 4
      vertex 0 -1.75 4
    endloop
  endfacet
  facet normal 0 0 1
    outer loop
      vertex -1.74334 0.152522 4
      vertex -6 1.75 4
      vertex -1.75 0 4
    endloop
  endfacet
  facet normal 0 0 1
    outer loop
      vertex -1.72341 0.303884 4
      vertex -6 1.75 4
      vertex -1.74334 0.152522 4
    endloop
  endfacet
  facet normal 0 0 1
    outer loop
      vertex -1.69037 0.452933 4
      vertex -6 1.75 4
      vertex -1.72341 0.303884 4
    endloop
  endfacet
  facet normal 0 0 1
    outer loop
      vertex -1.64446 0.598535 4
      vertex -6 1.75 4
      vertex -1.69037 0.452933 4
    endloop
  endfacet
  facet normal 0 0 1
    outer loop
      vertex -1.58604 0.739581 4
      vertex -6 1.75 4
      vertex -1.64446 0.598535 4
    endloop
  endfacet
  facet normal 0 0 1
    outer loop
      vertex -1.51554 0.875 4
      vertex -6 1.75 4
      vertex -1.58604 0.739581 4
    endloop
  endfacet
  facet normal 0 0 1
    outer loop
      vertex -1.43352 1.00376 4
      vertex -6 1.75 4
      vertex -1.51554 0.875 4
    endloop
  endfacet
  facet normal 0 0 1
    outer loop
      vertex -1.34058 1.12488 4
      vertex -6 1.75 4
      vertex -1.43352 1.00376 4
    endloop
  endfacet
  facet normal 0 0 1
    outer loop
      vertex -1.23744 1.23744 4
      vertex -6 1.75 4
      vertex -1.34058 1.12488 4
    endloop
  endfacet
  facet normal 0 0 1
    outer loop
      vertex -1.12488 1.34058 4
      vertex -6 1.75 4
      vertex -1.23744 1.23744 4
    endloop
  endfacet
  facet normal 0 0 1
    outer loop
      vertex -1.00376 1.43352 4
      vertex -6 1.75 4
      vertex -1.12488 1.34058 4
    endloop
  endfacet
  facet normal 0 0 1
    outer loop
      vertex -0.875 1.51554 4
      vertex -6 1.75 4
      vertex -1.00376 1.43352 4
    endloop
  endfacet
  facet normal 0 0 1
    outer loop
      vertex -0.739581 1.58604 4
      vertex -6 1.75 4
      vertex -0.875 1.51554 4
    endloop
  endfacet
  facet normal 0 0 1
    outer loop
      vertex -0.598535 1.64446 4
      vertex -6 1.75 4
      vertex -0.739581 1.58604 4
    endloop
  endfacet
  facet normal 0 0 1
    outer loop
      vertex -0.452933 1.69037 4
      vertex -6 1.75 4
      vertex -0.598535 1.64446 4
    endloop
  endfacet
  facet normal 0 0 1
    outer loop
      vertex -0.303884 1.72341 4
      vertex -6 1.75 4
      vertex -0.452933 1.69037 4
    endloop
  endfacet
  facet normal 0 0 1
    outer loop
      vertex -0.152522 1.74334 4
      vertex -6 1.75 4
      vertex -0.303884 1.72341 4
    endloop
  endfacet
  facet normal -0 0 1
    outer loop
      vertex -6 1.75 4
      vertex -0.152522 1.74334 4
      vertex 0 1.75 4
    endloop
  endfacet
  facet normal 0 0 1
    outer loop
      vertex -6 -1.75 4
      vertex -1.75 0 4
      vertex -6 1.75 4
    endloop
  endfacet
  facet normal 0 0 1
    outer loop
      vertex -1.75 0 4
      vertex -6 -1.75 4
      vertex -1.74334 -0.152522 4
    endloop
  endfacet
  facet normal 0 0 1
    outer loop
      vertex -1.74334 -0.152522 4
      vertex -6 -1.75 4
      vertex -1.72341 -0.303884 4
    endloop
  endfacet
  facet normal 0 0 1
    outer loop
      vertex -1.72341 -0.303884 4
      vertex -6 -1.75 4
      vertex -1.69037 -0.452933 4
    endloop
  endfacet
  facet normal 0 0 1
    outer loop
      vertex -1.69037 -0.452933 4
      vertex -6 -1.75 4
      vertex -1.64446 -0.598535 4
    endloop
  endfacet
  facet normal 0 0 1
    outer loop
      vertex -1.64446 -0.598535 4
      vertex -6 -1.75 4
      vertex -1.58604 -0.739581 4
    endloop
  endfacet
  facet normal 0 0 1
    outer loop
      vertex -1.58604 -0.739581 4
      vertex -6 -1.75 4
      vertex -1.51554 -0.875 4
    endloop
  endfacet
  facet normal 0 0 1
    outer loop
      vertex -1.51554 -0.875 4
      vertex -6 -1.75 4
      vertex -1.43352 -1.00376 4
    endloop
  endfacet
  facet normal 0 0 1
    outer loop
      vertex -1.43352 -1.00376 4
      vertex -6 -1.75 4
      vertex -1.34058 -1.12488 4
    endloop
  endfacet
  facet normal 0 0 1
    outer loop
      vertex -1.34058 -1.12488 4
      vertex -6 -1.75 4
      vertex -1.23744 -1.23744 4
    endloop
  endfacet
  facet normal 0 0 1
    outer loop
      vertex -1.23744 -1.23744 4
      vertex -6 -1.75 4
      vertex -1.12488 -1.34058 4
    endloop
  endfacet
  facet normal 0 0 1
    outer loop
      vertex -0.152522 -1.74334 4
      vertex -6 -1.75 4
      vertex 0 -1.75 4
    endloop
  endfacet
  facet normal 0 0 1
    outer loop
      vertex -0.303884 -1.72341 4
      vertex -6 -1.75 4
      vertex -0.152522 -1.74334 4
    endloop
  endfacet
  facet normal 0 0 1
    outer loop
      vertex -0.452933 -1.69037 4
      vertex -6 -1.75 4
      vertex -0.303884 -1.72341 4
    endloop
  endfacet
  facet normal 0 0 1
    outer loop
      vertex -0.598535 -1.64446 4
      vertex -6 -1.75 4
      vertex -0.452933 -1.69037 4
    endloop
  endfacet
  facet normal 0 0 1
    outer loop
      vertex -0.739581 -1.58604 4
      vertex -6 -1.75 4
      vertex -0.598535 -1.64446 4
    endloop
  endfacet
  facet normal 0 0 1
    outer loop
      vertex -0.875 -1.51554 4
      vertex -6 -1.75 4
      vertex -0.739581 -1.58604 4
    endloop
  endfacet
  facet normal 0 0 1
    outer loop
      vertex -1.00376 -1.43352 4
      vertex -6 -1.75 4
      vertex -0.875 -1.51554 4
    endloop
  endfacet
  facet normal 0 0 1
    outer loop
      vertex -1.12488 -1.34058 4
      vertex -6 -1.75 4
      vertex -1.00376 -1.43352 4
    endloop
  endfacet
  facet normal -0 0 1
    outer loop
      vertex -7 1.75 4
      vertex -6 -1.75 4
      vertex -6 1.75 4
    endloop
  endfacet
  facet normal 0 0 1
    outer loop
      vertex -6 -1.75 4
      vertex -7 1.75 4
      vertex -7 -1.75 4
    endloop
  endfacet
  facet normal 0 0 -1
    outer loop
      vertex 15 -10 0
      vertex 12.25 0 0
      vertex 15 10 0
    endloop
  endfacet
  facet normal 0 0 -1
    outer loop
      vertex 15 -10 0
      vertex 12.2414 -0.1961 0
      vertex 12.25 0 0
    endloop
  endfacet
  facet normal 0 0 -1
    outer loop
      vertex 15 -10 0
      vertex 12.2158 -0.390708 0
      vertex 12.2414 -0.1961 0
    endloop
  endfacet
  facet normal 0 0 -1
    outer loop
      vertex 15 -10 0
      vertex 12.1733 -0.582342 0
      vertex 12.2158 -0.390708 0
    endloop
  endfacet
  facet normal 0 0 -1
    outer loop
      vertex 15 -10 0
      vertex 12.1143 -0.769545 0
      vertex 12.1733 -0.582342 0
    endloop
  endfacet
  facet normal 0 0 -1
    outer loop
      vertex 15 -10 0
      vertex 12.0392 -0.950891 0
      vertex 12.1143 -0.769545 0
    endloop
  endfacet
  facet normal 0 0 -1
    outer loop
      vertex 15 -10 0
      vertex 11.9486 -1.125 0
      vertex 12.0392 -0.950891 0
    endloop
  endfacet
  facet normal 0 0 -1
    outer loop
      vertex 15 -10 0
      vertex 11.8431 -1.29055 0
      vertex 11.9486 -1.125 0
    endloop
  endfacet
  facet normal 0 0 -1
    outer loop
      vertex 15 -10 0
      vertex 11.7236 -1.44627 0
      vertex 11.8431 -1.29055 0
    endloop
  endfacet
  facet normal 0 0 -1
    outer loop
      vertex 15 -10 0
      vertex 11.591 -1.59099 0
      vertex 11.7236 -1.44627 0
    endloop
  endfacet
  facet normal 0 0 -1
    outer loop
      vertex 15 -10 0
      vertex 11.4463 -1.7236 0
      vertex 11.591 -1.59099 0
    endloop
  endfacet
  facet normal 0 0 -1
    outer loop
      vertex 15 -10 0
      vertex 11.2905 -1.84309 0
      vertex 11.4463 -1.7236 0
    endloop
  endfacet
  facet normal 0 0 -1
    outer loop
      vertex 15 -10 0
      vertex 11.125 -1.94856 0
      vertex 11.2905 -1.84309 0
    endloop
  endfacet
  facet normal 0 0 -1
    outer loop
      vertex 15 -10 0
      vertex 10.9509 -2.03919 0
      vertex 11.125 -1.94856 0
    endloop
  endfacet
  facet normal 0 0 -1
    outer loop
      vertex 15 -10 0
      vertex 10.7695 -2.11431 0
      vertex 10.9509 -2.03919 0
    endloop
  endfacet
  facet normal 0 0 -1
    outer loop
      vertex 15 -10 0
      vertex 10.5823 -2.17333 0
      vertex 10.7695 -2.11431 0
    endloop
  endfacet
  facet normal 0 0 -1
    outer loop
      vertex 15 -10 0
      vertex 10.3907 -2.21582 0
      vertex 10.5823 -2.17333 0
    endloop
  endfacet
  facet normal 0 0 -1
    outer loop
      vertex 15 -10 0
      vertex 10.1961 -2.24144 0
      vertex 10.3907 -2.21582 0
    endloop
  endfacet
  facet normal 0 0 -1
    outer loop
      vertex 15 -10 0
      vertex 10 -2.25 0
      vertex 10.1961 -2.24144 0
    endloop
  endfacet
  facet normal 0 0 -1
    outer loop
      vertex 15 -10 0
      vertex 9.8039 -2.24144 0
      vertex 10 -2.25 0
    endloop
  endfacet
  facet normal 0 0 -1
    outer loop
      vertex 15 -10 0
      vertex 9.60929 -2.21582 0
      vertex 9.8039 -2.24144 0
    endloop
  endfacet
  facet normal 0 0 -1
    outer loop
      vertex 15 -10 0
      vertex 9.41766 -2.17333 0
      vertex 9.60929 -2.21582 0
    endloop
  endfacet
  facet normal 0 0 -1
    outer loop
      vertex 15 -10 0
      vertex 9.23045 -2.11431 0
      vertex 9.41766 -2.17333 0
    endloop
  endfacet
  facet normal 0 0 -1
    outer loop
      vertex 15 -10 0
      vertex 9.04911 -2.03919 0
      vertex 9.23045 -2.11431 0
    endloop
  endfacet
  facet normal 0 0 -1
    outer loop
      vertex 15 -10 0
      vertex 8.875 -1.94856 0
      vertex 9.04911 -2.03919 0
    endloop
  endfacet
  facet normal 0 0 -1
    outer loop
      vertex 15 -10 0
      vertex 8.70945 -1.84309 0
      vertex 8.875 -1.94856 0
    endloop
  endfacet
  facet normal 0 0 -1
    outer loop
      vertex -8.70945 -1.84309 0
      vertex 8.70945 -1.84309 0
      vertex 15 -10 0
    endloop
  endfacet
  facet normal 0 0 -1
    outer loop
      vertex 8.70945 -1.84309 0
      vertex -8.70945 -1.84309 0
      vertex 8.55373 -1.7236 0
    endloop
  endfacet
  facet normal 0 -0 -1
    outer loop
      vertex -8.55373 -1.7236 0
      vertex 8.55373 -1.7236 0
      vertex -8.70945 -1.84309 0
    endloop
  endfacet
  facet normal 0 0 -1
    outer loop
      vertex 7.75856 -0.1961 0
      vertex -7.75 0 0
      vertex 7.75 0 0
    endloop
  endfacet
  facet normal 0 0 -1
    outer loop
      vertex -7.75856 -0.1961 0
      vertex 7.75856 -0.1961 0
      vertex 7.78418 -0.390708 0
    endloop
  endfacet
  facet normal 0 0 -1
    outer loop
      vertex -7.78418 -0.390708 0
      vertex 7.78418 -0.390708 0
      vertex 7.82667 -0.582342 0
    endloop
  endfacet
  facet normal 0 0 -1
    outer loop
      vertex -7.82667 -0.582342 0
      vertex 7.82667 -0.582342 0
      vertex 7.88569 -0.769545 0
    endloop
  endfacet
  facet normal 0 0 -1
    outer loop
      vertex -7.88569 -0.769545 0
      vertex 7.88569 -0.769545 0
      vertex 7.96081 -0.950891 0
    endloop
  endfacet
  facet normal 0 0 -1
    outer loop
      vertex -7.96081 -0.950891 0
      vertex 7.96081 -0.950891 0
      vertex 8.05144 -1.125 0
    endloop
  endfacet
  facet normal 0 0 -1
    outer loop
      vertex -8.05144 -1.125 0
      vertex 8.05144 -1.125 0
      vertex 8.15691 -1.29055 0
    endloop
  endfacet
  facet normal 0 0 -1
    outer loop
      vertex -8.15691 -1.29055 0
      vertex 8.15691 -1.29055 0
      vertex 8.2764 -1.44627 0
    endloop
  endfacet
  facet normal 0 0 -1
    outer loop
      vertex 8.55373 -1.7236 0
      vertex -8.55373 -1.7236 0
      vertex 8.40901 -1.59099 0
    endloop
  endfacet
  facet normal 0 0 -1
    outer loop
      vertex 7.75856 -0.1961 0
      vertex -7.75856 -0.1961 0
      vertex -7.75 0 0
    endloop
  endfacet
  facet normal 0 0 -1
    outer loop
      vertex 7.78418 -0.390708 0
      vertex -7.78418 -0.390708 0
      vertex -7.75856 -0.1961 0
    endloop
  endfacet
  facet normal 0 0 -1
    outer loop
      vertex 7.82667 -0.582342 0
      vertex -7.82667 -0.582342 0
      vertex -7.78418 -0.390708 0
    endloop
  endfacet
  facet normal 0 0 -1
    outer loop
      vertex 7.88569 -0.769545 0
      vertex -7.88569 -0.769545 0
      vertex -7.82667 -0.582342 0
    endloop
  endfacet
  facet normal 0 0 -1
    outer loop
      vertex 7.96081 -0.950891 0
      vertex -7.96081 -0.950891 0
      vertex -7.88569 -0.769545 0
    endloop
  endfacet
  facet normal 0 0 -1
    outer loop
      vertex 8.05144 -1.125 0
      vertex -8.05144 -1.125 0
      vertex -7.96081 -0.950891 0
    endloop
  endfacet
  facet normal 0 0 -1
    outer loop
      vertex 8.15691 -1.29055 0
      vertex -8.15691 -1.29055 0
      vertex -8.05144 -1.125 0
    endloop
  endfacet
  facet normal 0 0 -1
    outer loop
      vertex 8.2764 -1.44627 0
      vertex -8.2764 -1.44627 0
      vertex -8.15691 -1.29055 0
    endloop
  endfacet
  facet normal -0 0 -1
    outer loop
      vertex 8.2764 -1.44627 0
      vertex -8.40901 -1.59099 0
      vertex -8.2764 -1.44627 0
    endloop
  endfacet
  facet normal 0 0 -1
    outer loop
      vertex 8.40901 -1.59099 0
      vertex -8.40901 -1.59099 0
      vertex 8.2764 -1.44627 0
    endloop
  endfacet
  facet normal 0 -0 -1
    outer loop
      vertex -8.40901 -1.59099 0
      vertex 8.40901 -1.59099 0
      vertex -8.55373 -1.7236 0
    endloop
  endfacet
  facet normal 0 0 -1
    outer loop
      vertex -15 -10 0
      vertex -8.70945 -1.84309 0
      vertex 15 -10 0
    endloop
  endfacet
  facet normal 0 0 -1
    outer loop
      vertex -8.70945 -1.84309 0
      vertex -15 -10 0
      vertex -8.875 -1.94856 0
    endloop
  endfacet
  facet normal 0 0 -1
    outer loop
      vertex -8.875 -1.94856 0
      vertex -15 -10 0
      vertex -9.04911 -2.03919 0
    endloop
  endfacet
  facet normal 0 0 -1
    outer loop
      vertex -9.04911 -2.03919 0
      vertex -15 -10 0
      vertex -9.23045 -2.11431 0
    endloop
  endfacet
  facet normal 0 0 -1
    outer loop
      vertex -9.23045 -2.11431 0
      vertex -15 -10 0
      vertex -9.41766 -2.17333 0
    endloop
  endfacet
  facet normal 0 0 -1
    outer loop
      vertex -9.41766 -2.17333 0
      vertex -15 -10 0
      vertex -9.60929 -2.21582 0
    endloop
  endfacet
  facet normal 0 0 -1
    outer loop
      vertex -9.60929 -2.21582 0
      vertex -15 -10 0
      vertex -9.8039 -2.24144 0
    endloop
  endfacet
  facet normal 0 0 -1
    outer loop
      vertex -9.8039 -2.24144 0
      vertex -15 -10 0
      vertex -10 -2.25 0
    endloop
  endfacet
  facet normal -0 0 -1
    outer loop
      vertex -10 -2.25 0
      vertex -15 -10 0
      vertex -10.1961 -2.24144 0
    endloop
  endfacet
  facet normal -0 0 -1
    outer loop
      vertex -10.1961 -2.24144 0
      vertex -15 -10 0
      vertex -10.3907 -2.21582 0
    endloop
  endfacet
  facet normal -0 0 -1
    outer loop
      vertex -12.2414 -0.1961 0
      vertex -15 -10 0
      vertex -12.25 0 0
    endloop
  endfacet
  facet normal -0 0 -1
    outer loop
      vertex -12.2158 -0.390708 0
      vertex -15 -10 0
      vertex -12.2414 -0.1961 0
    endloop
  endfacet
  facet normal -0 0 -1
    outer loop
      vertex -12.1733 -0.582342 0
      vertex -15 -10 0
      vertex -12.2158 -0.390708 0
    endloop
  endfacet
  facet normal -0 0 -1
    outer loop
      vertex -12.1143 -0.769545 0
      vertex -15 -10 0
      vertex -12.1733 -0.582342 0
    endloop
  endfacet
  facet normal -0 0 -1
    outer loop
      vertex -12.0392 -0.950891 0
      vertex -15 -10 0
      vertex -12.1143 -0.769545 0
    endloop
  endfacet
  facet normal -0 0 -1
    outer loop
      vertex -11.9486 -1.125 0
      vertex -15 -10 0
      vertex -12.0392 -0.950891 0
    endloop
  endfacet
  facet normal -0 0 -1
    outer loop
      vertex -11.8431 -1.29055 0
      vertex -15 -10 0
      vertex -11.9486 -1.125 0
    endloop
  endfacet
  facet normal -0 0 -1
    outer loop
      vertex -11.7236 -1.44627 0
      vertex -15 -10 0
      vertex -11.8431 -1.29055 0
    endloop
  endfacet
  facet normal -0 0 -1
    outer loop
      vertex -11.591 -1.59099 0
      vertex -15 -10 0
      vertex -11.7236 -1.44627 0
    endloop
  endfacet
  facet normal -0 0 -1
    outer loop
      vertex -11.4463 -1.7236 0
      vertex -15 -10 0
      vertex -11.591 -1.59099 0
    endloop
  endfacet
  facet normal -0 0 -1
    outer loop
      vertex -11.2905 -1.84309 0
      vertex -15 -10 0
      vertex -11.4463 -1.7236 0
    endloop
  endfacet
  facet normal -0 0 -1
    outer loop
      vertex -11.125 -1.94856 0
      vertex -15 -10 0
      vertex -11.2905 -1.84309 0
    endloop
  endfacet
  facet normal -0 0 -1
    outer loop
      vertex -10.9509 -2.03919 0
      vertex -15 -10 0
      vertex -11.125 -1.94856 0
    endloop
  endfacet
  facet normal -0 0 -1
    outer loop
      vertex -10.7695 -2.11431 0
      vertex -15 -10 0
      vertex -10.9509 -2.03919 0
    endloop
  endfacet
  facet normal -0 0 -1
    outer loop
      vertex -10.5823 -2.17333 0
      vertex -15 -10 0
      vertex -10.7695 -2.11431 0
    endloop
  endfacet
  facet normal -0 0 -1
    outer loop
      vertex -10.3907 -2.21582 0
      vertex -15 -10 0
      vertex -10.5823 -2.17333 0
    endloop
  endfacet
  facet normal 0 0 -1
    outer loop
      vertex 12.2414 0.1961 0
      vertex 15 10 0
      vertex 12.25 0 0
    endloop
  endfacet
  facet normal 0 0 -1
    outer loop
      vertex 12.2158 0.390708 0
      vertex 15 10 0
      vertex 12.2414 0.1961 0
    endloop
  endfacet
  facet normal 0 0 -1
    outer loop
      vertex 12.1733 0.582342 0
      vertex 15 10 0
      vertex 12.2158 0.390708 0
    endloop
  endfacet
  facet normal 0 0 -1
    outer loop
      vertex 12.1143 0.769545 0
      vertex 15 10 0
      vertex 12.1733 0.582342 0
    endloop
  endfacet
  facet normal 0 0 -1
    outer loop
      vertex 12.0392 0.950891 0
      vertex 15 10 0
      vertex 12.1143 0.769545 0
    endloop
  endfacet
  facet normal 0 0 -1
    outer loop
      vertex 11.9486 1.125 0
      vertex 15 10 0
      vertex 12.0392 0.950891 0
    endloop
  endfacet
  facet normal 0 0 -1
    outer loop
      vertex 11.8431 1.29055 0
      vertex 15 10 0
      vertex 11.9486 1.125 0
    endloop
  endfacet
  facet normal 0 0 -1
    outer loop
      vertex 11.7236 1.44627 0
      vertex 15 10 0
      vertex 11.8431 1.29055 0
    endloop
  endfacet
  facet normal 0 0 -1
    outer loop
      vertex 11.591 1.59099 0
      vertex 15 10 0
      vertex 11.7236 1.44627 0
    endloop
  endfacet
  facet normal 0 0 -1
    outer loop
      vertex 11.4463 1.7236 0
      vertex 15 10 0
      vertex 11.591 1.59099 0
    endloop
  endfacet
  facet normal 0 0 -1
    outer loop
      vertex 11.2905 1.84309 0
      vertex 15 10 0
      vertex 11.4463 1.7236 0
    endloop
  endfacet
  facet normal 0 0 -1
    outer loop
      vertex 11.125 1.94856 0
      vertex 15 10 0
      vertex 11.2905 1.84309 0
    endloop
  endfacet
  facet normal 0 0 -1
    outer loop
      vertex 10.9509 2.03919 0
      vertex 15 10 0
      vertex 11.125 1.94856 0
    endloop
  endfacet
  facet normal 0 0 -1
    outer loop
      vertex 10.7695 2.11431 0
      vertex 15 10 0
      vertex 10.9509 2.03919 0
    endloop
  endfacet
  facet normal 0 0 -1
    outer loop
      vertex 10.5823 2.17333 0
      vertex 15 10 0
      vertex 10.7695 2.11431 0
    endloop
  endfacet
  facet normal 0 0 -1
    outer loop
      vertex 10.3907 2.21582 0
      vertex 15 10 0
      vertex 10.5823 2.17333 0
    endloop
  endfacet
  facet normal 0 0 -1
    outer loop
      vertex 10.1961 2.24144 0
      vertex 15 10 0
      vertex 10.3907 2.21582 0
    endloop
  endfacet
  facet normal 0 0 -1
    outer loop
      vertex 10 2.25 0
      vertex 15 10 0
      vertex 10.1961 2.24144 0
    endloop
  endfacet
  facet normal 0 0 -1
    outer loop
      vertex 9.8039 2.24144 0
      vertex 15 10 0
      vertex 10 2.25 0
    endloop
  endfacet
  facet normal 0 0 -1
    outer loop
      vertex 9.60929 2.21582 0
      vertex 15 10 0
      vertex 9.8039 2.24144 0
    endloop
  endfacet
  facet normal 0 0 -1
    outer loop
      vertex 9.41766 2.17333 0
      vertex 15 10 0
      vertex 9.60929 2.21582 0
    endloop
  endfacet
  facet normal 0 0 -1
    outer loop
      vertex 9.23045 2.11431 0
      vertex 15 10 0
      vertex 9.41766 2.17333 0
    endloop
  endfacet
  facet normal 0 0 -1
    outer loop
      vertex 9.04911 2.03919 0
      vertex 15 10 0
      vertex 9.23045 2.11431 0
    endloop
  endfacet
  facet normal 0 0 -1
    outer loop
      vertex 8.875 1.94856 0
      vertex 15 10 0
      vertex 9.04911 2.03919 0
    endloop
  endfacet
  facet normal 0 0 -1
    outer loop
      vertex 8.70945 1.84309 0
      vertex 15 10 0
      vertex 8.875 1.94856 0
    endloop
  endfacet
  facet normal 0 0 -1
    outer loop
      vertex -8.70945 1.84309 0
      vertex 8.70945 1.84309 0
      vertex 8.55373 1.7236 0
    endloop
  endfacet
  facet normal 0 0 -1
    outer loop
      vertex -8.55373 1.7236 0
      vertex 8.55373 1.7236 0
      vertex 8.40901 1.59099 0
    endloop
  endfacet
  facet normal 0 0 -1
    outer loop
      vertex -8.40901 1.59099 0
      vertex 8.40901 1.59099 0
      vertex 8.2764 1.44627 0
    endloop
  endfacet
  facet normal 0 0 -1
    outer loop
      vertex -7.75 0 0
      vertex 7.75856 0.1961 0
      vertex 7.75 0 0
    endloop
  endfacet
  facet normal 0 0 -1
    outer loop
      vertex -7.75856 0.1961 0
      vertex 7.75856 0.1961 0
      vertex -7.75 0 0
    endloop
  endfacet
  facet normal 0 0 -1
    outer loop
      vertex 7.75856 0.1961 0
      vertex -7.75856 0.1961 0
      vertex 7.78418 0.390708 0
    endloop
  endfacet
  facet normal 0 0 -1
    outer loop
      vertex -7.78418 0.390708 0
      vertex 7.78418 0.390708 0
      vertex -7.75856 0.1961 0
    endloop
  endfacet
  facet normal 0 0 -1
    outer loop
      vertex 7.78418 0.390708 0
      vertex -7.78418 0.390708 0
      vertex 7.82667 0.582342 0
    endloop
  endfacet
  facet normal 0 0 -1
    outer loop
      vertex -7.82667 0.582342 0
      vertex 7.82667 0.582342 0
      vertex -7.78418 0.390708 0
    endloop
  endfacet
  facet normal 0 0 -1
    outer loop
      vertex 7.82667 0.582342 0
      vertex -7.82667 0.582342 0
      vertex 7.88569 0.769545 0
    endloop
  endfacet
  facet normal 0 0 -1
    outer loop
      vertex -7.88569 0.769545 0
      vertex 7.88569 0.769545 0
      vertex -7.82667 0.582342 0
    endloop
  endfacet
  facet normal 0 0 -1
    outer loop
      vertex 7.88569 0.769545 0
      vertex -7.88569 0.769545 0
      vertex 7.96081 0.950891 0
    endloop
  endfacet
  facet normal 0 0 -1
    outer loop
      vertex -7.96081 0.950891 0
      vertex 7.96081 0.950891 0
      vertex -7.88569 0.769545 0
    endloop
  endfacet
  facet normal 0 0 -1
    outer loop
      vertex 7.96081 0.950891 0
      vertex -7.96081 0.950891 0
      vertex 8.05144 1.125 0
    endloop
  endfacet
  facet normal 0 0 -1
    outer loop
      vertex -8.05144 1.125 0
      vertex 8.05144 1.125 0
      vertex -7.96081 0.950891 0
    endloop
  endfacet
  facet normal 0 0 -1
    outer loop
      vertex 8.05144 1.125 0
      vertex -8.05144 1.125 0
      vertex 8.15691 1.29055 0
    endloop
  endfacet
  facet normal 0 0 -1
    outer loop
      vertex -8.15691 1.29055 0
      vertex 8.15691 1.29055 0
      vertex -8.05144 1.125 0
    endloop
  endfacet
  facet normal 0 0 -1
    outer loop
      vertex 8.15691 1.29055 0
      vertex -8.15691 1.29055 0
      vertex 8.2764 1.44627 0
    endloop
  endfacet
  facet normal 0 0 -1
    outer loop
      vertex -8.2764 1.44627 0
      vertex 8.2764 1.44627 0
      vertex -8.15691 1.29055 0
    endloop
  endfacet
  facet normal 0 0 -1
    outer loop
      vertex -8.40901 1.59099 0
      vertex 8.2764 1.44627 0
      vertex -8.2764 1.44627 0
    endloop
  endfacet
  facet normal 0 0 -1
    outer loop
      vertex 8.40901 1.59099 0
      vertex -8.40901 1.59099 0
      vertex -8.55373 1.7236 0
    endloop
  endfacet
  facet normal 0 0 -1
    outer loop
      vertex 8.55373 1.7236 0
      vertex -8.55373 1.7236 0
      vertex -8.70945 1.84309 0
    endloop
  endfacet
  facet normal 0 0 -1
    outer loop
      vertex 8.70945 1.84309 0
      vertex -8.70945 1.84309 0
      vertex 15 10 0
    endloop
  endfacet
  facet normal 0 0 -1
    outer loop
      vertex -15 10 0
      vertex -8.70945 1.84309 0
      vertex -8.875 1.94856 0
    endloop
  endfacet
  facet normal 0 0 -1
    outer loop
      vertex -15 10 0
      vertex -8.875 1.94856 0
      vertex -9.04911 2.03919 0
    endloop
  endfacet
  facet normal 0 0 -1
    outer loop
      vertex -15 10 0
      vertex -9.04911 2.03919 0
      vertex -9.23045 2.11431 0
    endloop
  endfacet
  facet normal 0 0 -1
    outer loop
      vertex -15 10 0
      vertex -9.23045 2.11431 0
      vertex -9.41766 2.17333 0
    endloop
  endfacet
  facet normal 0 0 -1
    outer loop
      vertex -15 10 0
      vertex -9.41766 2.17333 0
      vertex -9.60929 2.21582 0
    endloop
  endfacet
  facet normal 0 0 -1
    outer loop
      vertex -15 10 0
      vertex -9.60929 2.21582 0
      vertex -9.8039 2.24144 0
    endloop
  endfacet
  facet normal 0 0 -1
    outer loop
      vertex -15 10 0
      vertex -9.8039 2.24144 0
      vertex -10 2.25 0
    endloop
  endfacet
  facet normal 0 0 -1
    outer loop
      vertex -15 10 0
      vertex -10 2.25 0
      vertex -10.1961 2.24144 0
    endloop
  endfacet
  facet normal 0 0 -1
    outer loop
      vertex -15 10 0
      vertex -10.1961 2.24144 0
      vertex -10.3907 2.21582 0
    endloop
  endfacet
  facet normal 0 0 -1
    outer loop
      vertex -15 10 0
      vertex -10.3907 2.21582 0
      vertex -10.5823 2.17333 0
    endloop
  endfacet
  facet normal 0 0 -1
    outer loop
      vertex -15 10 0
      vertex -12.25 0 0
      vertex -15 -10 0
    endloop
  endfacet
  facet normal 0 0 -1
    outer loop
      vertex -12.25 0 0
      vertex -15 10 0
      vertex -12.2414 0.1961 0
    endloop
  endfacet
  facet normal 0 0 -1
    outer loop
      vertex -12.2414 0.1961 0
      vertex -15 10 0
      vertex -12.2158 0.390708 0
    endloop
  endfacet
  facet normal 0 0 -1
    outer loop
      vertex -8.70945 1.84309 0
      vertex -15 10 0
      vertex 15 10 0
    endloop
  endfacet
  facet normal 0 0 -1
    outer loop
      vertex -10.7695 2.11431 0
      vertex -15 10 0
      vertex -10.5823 2.17333 0
    endloop
  endfacet
  facet normal 0 0 -1
    outer loop
      vertex -10.9509 2.03919 0
      vertex -15 10 0
      vertex -10.7695 2.11431 0
    endloop
  endfacet
  facet normal 0 0 -1
    outer loop
      vertex -11.125 1.94856 0
      vertex -15 10 0
      vertex -10.9509 2.03919 0
    endloop
  endfacet
  facet normal 0 0 -1
    outer loop
      vertex -11.2905 1.84309 0
      vertex -15 10 0
      vertex -11.125 1.94856 0
    endloop
  endfacet
  facet normal 0 0 -1
    outer loop
      vertex -11.4463 1.7236 0
      vertex -15 10 0
      vertex -11.2905 1.84309 0
    endloop
  endfacet
  facet normal 0 0 -1
    outer loop
      vertex -11.591 1.59099 0
      vertex -15 10 0
      vertex -11.4463 1.7236 0
    endloop
  endfacet
  facet normal 0 0 -1
    outer loop
      vertex -11.7236 1.44627 0
      vertex -15 10 0
      vertex -11.591 1.59099 0
    endloop
  endfacet
  facet normal 0 0 -1
    outer loop
      vertex -11.8431 1.29055 0
      vertex -15 10 0
      vertex -11.7236 1.44627 0
    endloop
  endfacet
  facet normal 0 0 -1
    outer loop
      vertex -11.9486 1.125 0
      vertex -15 10 0
      vertex -11.8431 1.29055 0
    endloop
  endfacet
  facet normal 0 0 -1
    outer loop
      vertex -12.0392 0.950891 0
      vertex -15 10 0
      vertex -11.9486 1.125 0
    endloop
  endfacet
  facet normal 0 0 -1
    outer loop
      vertex -12.1143 0.769545 0
      vertex -15 10 0
      vertex -12.0392 0.950891 0
    endloop
  endfacet
  facet normal 0 0 -1
    outer loop
      vertex -12.1733 0.582342 0
      vertex -15 10 0
      vertex -12.1143 0.769545 0
    endloop
  endfacet
  facet normal 0 0 -1
    outer loop
      vertex -12.2158 0.390708 0
      vertex -15 10 0
      vertex -12.1733 0.582342 0
    endloop
  endfacet
  facet normal -1 0 0
    outer loop
      vertex -15 -10 0
      vertex -15 10 4
      vertex -15 10 0
    endloop
  endfacet
  facet normal -1 -0 0
    outer loop
      vertex -15 10 4
      vertex -15 -10 0
      vertex -15 -10 4
    endloop
  endfacet
  facet normal 0 1 -0
    outer loop
      vertex 15 10 0
      vertex -15 10 4
      vertex 15 10 4
    endloop
  endfacet
  facet normal 0 1 0
    outer loop
      vertex -15 10 4
      vertex 15 10 0
      vertex -15 10 0
    endloop
  endfacet
  facet normal 0 -1 0
    outer loop
      vertex -15 -10 0
      vertex 15 -10 4
      vertex -15 -10 4
    endloop
  endfacet
  facet normal 0 -1 -0
    outer loop
      vertex 15 -10 4
      vertex -15 -10 0
      vertex 15 -10 0
    endloop
  endfacet
  facet normal 1 0 0
    outer loop
      vertex 6 4 61
      vertex 6 1.75 12
      vertex 6 4 4
    endloop
  endfacet
  facet normal 1 0 0
    outer loop
      vertex 6 4 61
      vertex 6 -1.75 12
      vertex 6 1.75 12
    endloop
  endfacet
  facet normal 1 -0 0
    outer loop
      vertex 6 -4 61
      vertex 6 -1.75 12
      vertex 6 4 61
    endloop
  endfacet
  facet normal 1 0 0
    outer loop
      vertex 6 -4 4
      vertex 6 -1.75 12
      vertex 6 -4 61
    endloop
  endfacet
  facet normal 1 0 0
    outer loop
      vertex 6 -1.75 12
      vertex 6 -4 4
      vertex 6 -1.75 4
    endloop
  endfacet
  facet normal 1 0 0
    outer loop
      vertex 6 4 4
      vertex 6 1.75 12
      vertex 6 1.75 4
    endloop
  endfacet
  facet normal 0 0 1
    outer loop
      vertex -2.3 4 61
      vertex -6 4 61
      vertex -2.3 -1 61
    endloop
  endfacet
  facet normal 0 0 1
    outer loop
      vertex 2.3 -1 61
      vertex 6 4 61
      vertex 2.3 4 61
    endloop
  endfacet
  facet normal 0 0 1
    outer loop
      vertex 6 4 61
      vertex 2.3 -1 61
      vertex 6 -4 61
    endloop
  endfacet
  facet normal 0 0 1
    outer loop
      vertex 1.43352 -1.00376 61
      vertex 2.3 -1 61
      vertex 1.43591 -1 61
    endloop
  endfacet
  facet normal 0 0 1
    outer loop
      vertex 1.34058 -1.12488 61
      vertex 2.3 -1 61
      vertex 1.43352 -1.00376 61
    endloop
  endfacet
  facet normal 0 0 1
    outer loop
      vertex 1.23744 -1.23744 61
      vertex 2.3 -1 61
      vertex 1.34058 -1.12488 61
    endloop
  endfacet
  facet normal 0 0 1
    outer loop
      vertex 1.12488 -1.34058 61
      vertex 2.3 -1 61
      vertex 1.23744 -1.23744 61
    endloop
  endfacet
  facet normal 0 0 1
    outer loop
      vertex 1.00376 -1.43352 61
      vertex 2.3 -1 61
      vertex 1.12488 -1.34058 61
    endloop
  endfacet
  facet normal 0 0 1
    outer loop
      vertex 0.875 -1.51554 61
      vertex 2.3 -1 61
      vertex 1.00376 -1.43352 61
    endloop
  endfacet
  facet normal 0 0 1
    outer loop
      vertex 2.3 -1 61
      vertex 0.875 -1.51554 61
      vertex 6 -4 61
    endloop
  endfacet
  facet normal -0 0 1
    outer loop
      vertex 0.739581 -1.58604 61
      vertex 6 -4 61
      vertex 0.875 -1.51554 61
    endloop
  endfacet
  facet normal -0 0 1
    outer loop
      vertex 0.598535 -1.64446 61
      vertex 6 -4 61
      vertex 0.739581 -1.58604 61
    endloop
  endfacet
  facet normal -0 0 1
    outer loop
      vertex 0.452933 -1.69037 61
      vertex 6 -4 61
      vertex 0.598535 -1.64446 61
    endloop
  endfacet
  facet normal -0 0 1
    outer loop
      vertex 0.303884 -1.72341 61
      vertex 6 -4 61
      vertex 0.452933 -1.69037 61
    endloop
  endfacet
  facet normal -0 0 1
    outer loop
      vertex 0.152522 -1.74334 61
      vertex 6 -4 61
      vertex 0.303884 -1.72341 61
    endloop
  endfacet
  facet normal -0 0 1
    outer loop
      vertex 0 -1.75 61
      vertex 6 -4 61
      vertex 0.152522 -1.74334 61
    endloop
  endfacet
  facet normal 0 0 1
    outer loop
      vertex -6 -4 61
      vertex 0 -1.75 61
      vertex -0.152522 -1.74334 61
    endloop
  endfacet
  facet normal 0 0 1
    outer loop
      vertex -6 -4 61
      vertex -0.152522 -1.74334 61
      vertex -0.303884 -1.72341 61
    endloop
  endfacet
  facet normal 0 0 1
    outer loop
      vertex -6 -4 61
      vertex -0.303884 -1.72341 61
      vertex -0.452933 -1.69037 61
    endloop
  endfacet
  facet normal 0 0 1
    outer loop
      vertex -6 -4 61
      vertex -0.452933 -1.69037 61
      vertex -0.598535 -1.64446 61
    endloop
  endfacet
  facet normal -0 0 1
    outer loop
      vertex -2.3 -1 61
      vertex -1.43352 -1.00376 61
      vertex -1.43591 -1 61
    endloop
  endfacet
  facet normal 0 0 1
    outer loop
      vertex -2.3 -1 61
      vertex -1.34058 -1.12488 61
      vertex -1.43352 -1.00376 61
    endloop
  endfacet
  facet normal 0 0 1
    outer loop
      vertex -2.3 -1 61
      vertex -1.23744 -1.23744 61
      vertex -1.34058 -1.12488 61
    endloop
  endfacet
  facet normal 0 0 1
    outer loop
      vertex -2.3 -1 61
      vertex -1.12488 -1.34058 61
      vertex -1.23744 -1.23744 61
    endloop
  endfacet
  facet normal 0 0 1
    outer loop
      vertex -2.3 -1 61
      vertex -1.00376 -1.43352 61
      vertex -1.12488 -1.34058 61
    endloop
  endfacet
  facet normal 0 0 1
    outer loop
      vertex -2.3 -1 61
      vertex -0.875 -1.51554 61
      vertex -1.00376 -1.43352 61
    endloop
  endfacet
  facet normal 0 0 1
    outer loop
      vertex -6 -4 61
      vertex -0.875 -1.51554 61
      vertex -2.3 -1 61
    endloop
  endfacet
  facet normal 0 0 1
    outer loop
      vertex -0.875 -1.51554 61
      vertex -6 -4 61
      vertex -0.739581 -1.58604 61
    endloop
  endfacet
  facet normal 0 0 1
    outer loop
      vertex 0 -1.75 61
      vertex -6 -4 61
      vertex 6 -4 61
    endloop
  endfacet
  facet normal 0 0 1
    outer loop
      vertex -0.739581 -1.58604 61
      vertex -6 -4 61
      vertex -0.598535 -1.64446 61
    endloop
  endfacet
  facet normal 0 0 1
    outer loop
      vertex -6 -4 61
      vertex -2.3 -1 61
      vertex -6 4 61
    endloop
  endfacet
  facet normal -1 0 0
    outer loop
      vertex -6 -1.75 4
      vertex -6 -4 4
      vertex -6 -1.75 12
    endloop
  endfacet
  facet normal -1 0 0
    outer loop
      vertex -6 1.75 12
      vertex -6 4 4
      vertex -6 1.75 4
    endloop
  endfacet
  facet normal -1 0 0
    outer loop
      vertex -6 4 4
      vertex -6 1.75 12
      vertex -6 4 61
    endloop
  endfacet
  facet normal -1 0 0
    outer loop
      vertex -6 -1.75 12
      vertex -6 4 61
      vertex -6 1.75 12
    endloop
  endfacet
  facet normal -1 0 0
    outer loop
      vertex -6 -4 61
      vertex -6 -1.75 12
      vertex -6 -4 4
    endloop
  endfacet
  facet normal -1 0 0
    outer loop
      vertex -6 -1.75 12
      vertex -6 -4 61
      vertex -6 4 61
    endloop
  endfacet
  facet normal 0 1 0
    outer loop
      vertex 6 4 61
      vertex 2.3 4 59.4
      vertex 2.3 4 61
    endloop
  endfacet
  facet normal 0 1 0
    outer loop
      vertex 2.3 4 59.4
      vertex 6 4 4
      vertex -2.3 4 59.4
    endloop
  endfacet
  facet normal 0 1 -0
    outer loop
      vertex 6 4 4
      vertex 2.3 4 59.4
      vertex 6 4 61
    endloop
  endfacet
  facet normal 0 1 -0
    outer loop
      vertex -2.3 4 59.4
      vertex -6 4 61
      vertex -2.3 4 61
    endloop
  endfacet
  facet normal 0 1 0
    outer loop
      vertex -6 4 4
      vertex -2.3 4 59.4
      vertex 6 4 4
    endloop
  endfacet
  facet normal 0 1 0
    outer loop
      vertex -2.3 4 59.4
      vertex -6 4 4
      vertex -6 4 61
    endloop
  endfacet
  facet normal 0 -1 0
    outer loop
      vertex -6 -4 4
      vertex 6 -4 61
      vertex -6 -4 61
    endloop
  endfacet
  facet normal 0 -1 -0
    outer loop
      vertex 6 -4 61
      vertex -6 -4 4
      vertex 6 -4 4
    endloop
  endfacet
  facet normal -0.991445 -0.130523 0
    outer loop
      vertex -7.75856 0.1961 0
      vertex -7.78418 0.390708 4
      vertex -7.78418 0.390708 0
    endloop
  endfacet
  facet normal -0.991445 -0.130523 0
    outer loop
      vertex -7.78418 0.390708 4
      vertex -7.75856 0.1961 0
      vertex -7.75856 0.1961 4
    endloop
  endfacet
  facet normal -0.999049 -0.0436097 0
    outer loop
      vertex -7.75 0 0
      vertex -7.75856 0.1961 4
      vertex -7.75856 0.1961 0
    endloop
  endfacet
  facet normal -0.999049 -0.0436097 0
    outer loop
      vertex -7.75856 0.1961 4
      vertex -7.75 0 0
      vertex -7.75 0 4
    endloop
  endfacet
  facet normal -0.97629 -0.216468 0
    outer loop
      vertex -7.78418 0.390708 0
      vertex -7.82667 0.582342 4
      vertex -7.82667 0.582342 0
    endloop
  endfacet
  facet normal -0.97629 -0.216468 0
    outer loop
      vertex -7.82667 0.582342 4
      vertex -7.78418 0.390708 0
      vertex -7.78418 0.390708 4
    endloop
  endfacet
  facet normal -0.130522 -0.991445 0
    outer loop
      vertex -9.8039 2.24144 0
      vertex -9.60929 2.21582 4
      vertex -9.8039 2.24144 4
    endloop
  endfacet
  facet normal -0.130522 -0.991445 -0
    outer loop
      vertex -9.60929 2.21582 4
      vertex -9.8039 2.24144 0
      vertex -9.60929 2.21582 0
    endloop
  endfacet
  facet normal 0.608571 -0.7935 0
    outer loop
      vertex -11.4463 1.7236 0
      vertex -11.2905 1.84309 4
      vertex -11.4463 1.7236 4
    endloop
  endfacet
  facet normal 0.608571 -0.7935 0
    outer loop
      vertex -11.2905 1.84309 4
      vertex -11.4463 1.7236 0
      vertex -11.2905 1.84309 0
    endloop
  endfacet
  facet normal -0.608767 0.793349 0
    outer loop
      vertex -8.55373 -1.7236 0
      vertex -8.70945 -1.84309 4
      vertex -8.55373 -1.7236 4
    endloop
  endfacet
  facet normal -0.608767 0.793349 0
    outer loop
      vertex -8.70945 -1.84309 4
      vertex -8.55373 -1.7236 0
      vertex -8.70945 -1.84309 0
    endloop
  endfacet
  facet normal -0.537311 -0.843384 0
    outer loop
      vertex -8.875 1.94856 0
      vertex -8.70945 1.84309 4
      vertex -8.875 1.94856 4
    endloop
  endfacet
  facet normal -0.537311 -0.843384 -0
    outer loop
      vertex -8.70945 1.84309 4
      vertex -8.875 1.94856 0
      vertex -8.70945 1.84309 0
    endloop
  endfacet
  facet normal 0.793324 0.608799 0
    outer loop
      vertex -11.7236 -1.44627 4
      vertex -11.8431 -1.29055 0
      vertex -11.8431 -1.29055 4
    endloop
  endfacet
  facet normal 0.793324 0.608799 0
    outer loop
      vertex -11.8431 -1.29055 0
      vertex -11.7236 -1.44627 4
      vertex -11.7236 -1.44627 0
    endloop
  endfacet
  facet normal 0.843315 0.537419 0
    outer loop
      vertex -11.8431 -1.29055 4
      vertex -11.9486 -1.125 0
      vertex -11.9486 -1.125 4
    endloop
  endfacet
  facet normal 0.843315 0.537419 0
    outer loop
      vertex -11.9486 -1.125 0
      vertex -11.8431 -1.29055 4
      vertex -11.8431 -1.29055 0
    endloop
  endfacet
  facet normal 0.887085 -0.461607 0
    outer loop
      vertex -12.0392 0.950891 4
      vertex -11.9486 1.125 0
      vertex -11.9486 1.125 4
    endloop
  endfacet
  facet normal 0.887085 -0.461607 0
    outer loop
      vertex -11.9486 1.125 0
      vertex -12.0392 0.950891 4
      vertex -12.0392 0.950891 0
    endloop
  endfacet
  facet normal -0.0436097 0.999049 0
    outer loop
      vertex -9.8039 -2.24144 0
      vertex -10 -2.25 4
      vertex -9.8039 -2.24144 4
    endloop
  endfacet
  facet normal -0.0436097 0.999049 0
    outer loop
      vertex -10 -2.25 4
      vertex -9.8039 -2.24144 0
      vertex -10 -2.25 0
    endloop
  endfacet
  facet normal 0.461746 -0.887012 0
    outer loop
      vertex -11.125 1.94856 0
      vertex -10.9509 2.03919 4
      vertex -11.125 1.94856 4
    endloop
  endfacet
  facet normal 0.461746 -0.887012 0
    outer loop
      vertex -10.9509 2.03919 4
      vertex -11.125 1.94856 0
      vertex -10.9509 2.03919 0
    endloop
  endfacet
  facet normal 0.953753 0.300591 0
    outer loop
      vertex -12.1143 -0.769545 4
      vertex -12.1733 -0.582342 0
      vertex -12.1733 -0.582342 4
    endloop
  endfacet
  facet normal 0.953753 0.300591 0
    outer loop
      vertex -12.1733 -0.582342 0
      vertex -12.1143 -0.769545 4
      vertex -12.1143 -0.769545 0
    endloop
  endfacet
  facet normal -0.843384 -0.537311 0
    outer loop
      vertex -8.05144 1.125 0
      vertex -8.15691 1.29055 4
      vertex -8.15691 1.29055 0
    endloop
  endfacet
  facet normal -0.843384 -0.537311 0
    outer loop
      vertex -8.15691 1.29055 4
      vertex -8.05144 1.125 0
      vertex -8.05144 1.125 4
    endloop
  endfacet
  facet normal -0.737281 -0.675586 0
    outer loop
      vertex -8.2764 1.44627 0
      vertex -8.40901 1.59099 4
      vertex -8.40901 1.59099 0
    endloop
  endfacet
  facet normal -0.737281 -0.675586 0
    outer loop
      vertex -8.40901 1.59099 4
      vertex -8.2764 1.44627 0
      vertex -8.2764 1.44627 4
    endloop
  endfacet
  facet normal 0.923908 -0.382614 0
    outer loop
      vertex -12.1143 0.769545 4
      vertex -12.0392 0.950891 0
      vertex -12.0392 0.950891 4
    endloop
  endfacet
  facet normal 0.923908 -0.382614 0
    outer loop
      vertex -12.0392 0.950891 0
      vertex -12.1143 0.769545 4
      vertex -12.1143 0.769545 0
    endloop
  endfacet
  facet normal 0.887085 0.461607 0
    outer loop
      vertex -11.9486 -1.125 4
      vertex -12.0392 -0.950891 0
      vertex -12.0392 -0.950891 4
    endloop
  endfacet
  facet normal 0.887085 0.461607 0
    outer loop
      vertex -12.0392 -0.950891 0
      vertex -11.9486 -1.125 4
      vertex -11.9486 -1.125 0
    endloop
  endfacet
  facet normal 0.608571 0.7935 -0
    outer loop
      vertex -11.2905 -1.84309 0
      vertex -11.4463 -1.7236 4
      vertex -11.2905 -1.84309 4
    endloop
  endfacet
  facet normal 0.608571 0.7935 0
    outer loop
      vertex -11.4463 -1.7236 4
      vertex -11.2905 -1.84309 0
      vertex -11.4463 -1.7236 0
    endloop
  endfacet
  facet normal -0.887022 0.461727 0
    outer loop
      vertex -8.05144 -1.125 0
      vertex -7.96081 -0.950891 4
      vertex -7.96081 -0.950891 0
    endloop
  endfacet
  facet normal -0.887022 0.461727 0
    outer loop
      vertex -7.96081 -0.950891 4
      vertex -8.05144 -1.125 0
      vertex -8.05144 -1.125 4
    endloop
  endfacet
  facet normal -0.0436097 -0.999049 0
    outer loop
      vertex -10 2.25 0
      vertex -9.8039 2.24144 4
      vertex -10 2.25 4
    endloop
  endfacet
  facet normal -0.0436097 -0.999049 -0
    outer loop
      vertex -9.8039 2.24144 4
      vertex -10 2.25 0
      vertex -9.8039 2.24144 0
    endloop
  endfacet
  facet normal 0.537426 0.843311 -0
    outer loop
      vertex -11.125 -1.94856 0
      vertex -11.2905 -1.84309 4
      vertex -11.125 -1.94856 4
    endloop
  endfacet
  facet normal 0.537426 0.843311 0
    outer loop
      vertex -11.2905 -1.84309 4
      vertex -11.125 -1.94856 0
      vertex -11.2905 -1.84309 0
    endloop
  endfacet
  facet normal 0.737306 -0.675559 0
    outer loop
      vertex -11.7236 1.44627 4
      vertex -11.591 1.59099 0
      vertex -11.591 1.59099 4
    endloop
  endfacet
  facet normal 0.737306 -0.675559 0
    outer loop
      vertex -11.591 1.59099 0
      vertex -11.7236 1.44627 4
      vertex -11.7236 1.44627 0
    endloop
  endfacet
  facet normal 0.537426 -0.843311 0
    outer loop
      vertex -11.2905 1.84309 0
      vertex -11.125 1.94856 4
      vertex -11.2905 1.84309 4
    endloop
  endfacet
  facet normal 0.537426 -0.843311 0
    outer loop
      vertex -11.125 1.94856 4
      vertex -11.2905 1.84309 0
      vertex -11.125 1.94856 0
    endloop
  endfacet
  facet normal -0.999049 0.0436097 0
    outer loop
      vertex -7.75856 -0.1961 0
      vertex -7.75 0 4
      vertex -7.75 0 0
    endloop
  endfacet
  facet normal -0.999049 0.0436097 0
    outer loop
      vertex -7.75 0 4
      vertex -7.75856 -0.1961 0
      vertex -7.75856 -0.1961 4
    endloop
  endfacet
  facet normal 0.130528 0.991445 -0
    outer loop
      vertex -10.1961 -2.24144 0
      vertex -10.3907 -2.21582 4
      vertex -10.1961 -2.24144 4
    endloop
  endfacet
  facet normal 0.130528 0.991445 0
    outer loop
      vertex -10.3907 -2.21582 4
      vertex -10.1961 -2.24144 0
      vertex -10.3907 -2.21582 0
    endloop
  endfacet
  facet normal 0.130528 -0.991445 0
    outer loop
      vertex -10.3907 2.21582 0
      vertex -10.1961 2.24144 4
      vertex -10.3907 2.21582 4
    endloop
  endfacet
  facet normal 0.130528 -0.991445 0
    outer loop
      vertex -10.1961 2.24144 4
      vertex -10.3907 2.21582 0
      vertex -10.1961 2.24144 0
    endloop
  endfacet
  facet normal -0.382712 0.923868 0
    outer loop
      vertex -9.04911 -2.03919 0
      vertex -9.23045 -2.11431 4
      vertex -9.04911 -2.03919 4
    endloop
  endfacet
  facet normal -0.382712 0.923868 0
    outer loop
      vertex -9.23045 -2.11431 4
      vertex -9.04911 -2.03919 0
      vertex -9.23045 -2.11431 0
    endloop
  endfacet
  facet normal -0.923872 -0.382701 0
    outer loop
      vertex -7.88569 0.769545 0
      vertex -7.96081 0.950891 4
      vertex -7.96081 0.950891 0
    endloop
  endfacet
  facet normal -0.923872 -0.382701 0
    outer loop
      vertex -7.96081 0.950891 4
      vertex -7.88569 0.769545 0
      vertex -7.88569 0.769545 4
    endloop
  endfacet
  facet normal -0.382712 -0.923868 0
    outer loop
      vertex -9.23045 2.11431 0
      vertex -9.04911 2.03919 4
      vertex -9.23045 2.11431 4
    endloop
  endfacet
  facet normal -0.382712 -0.923868 -0
    outer loop
      vertex -9.04911 2.03919 4
      vertex -9.23045 2.11431 0
      vertex -9.04911 2.03919 0
    endloop
  endfacet
  facet normal 0.953753 -0.300591 0
    outer loop
      vertex -12.1733 0.582342 4
      vertex -12.1143 0.769545 0
      vertex -12.1143 0.769545 4
    endloop
  endfacet
  facet normal 0.953753 -0.300591 0
    outer loop
      vertex -12.1143 0.769545 0
      vertex -12.1733 0.582342 4
      vertex -12.1733 0.582342 0
    endloop
  endfacet
  facet normal 0.991458 -0.130423 0
    outer loop
      vertex -12.2414 0.1961 4
      vertex -12.2158 0.390708 0
      vertex -12.2158 0.390708 4
    endloop
  endfacet
  facet normal 0.991458 -0.130423 0
    outer loop
      vertex -12.2158 0.390708 0
      vertex -12.2414 0.1961 4
      vertex -12.2414 0.1961 0
    endloop
  endfacet
  facet normal -0.923872 0.382701 0
    outer loop
      vertex -7.96081 -0.950891 0
      vertex -7.88569 -0.769545 4
      vertex -7.88569 -0.769545 0
    endloop
  endfacet
  facet normal -0.923872 0.382701 0
    outer loop
      vertex -7.88569 -0.769545 4
      vertex -7.96081 -0.950891 0
      vertex -7.96081 -0.950891 4
    endloop
  endfacet
  facet normal -0.130522 0.991445 0
    outer loop
      vertex -9.60929 -2.21582 0
      vertex -9.8039 -2.24144 4
      vertex -9.60929 -2.21582 4
    endloop
  endfacet
  facet normal -0.130522 0.991445 0
    outer loop
      vertex -9.8039 -2.24144 4
      vertex -9.60929 -2.21582 0
      vertex -9.8039 -2.24144 0
    endloop
  endfacet
  facet normal 0.976279 0.216516 0
    outer loop
      vertex -12.1733 -0.582342 4
      vertex -12.2158 -0.390708 0
      vertex -12.2158 -0.390708 4
    endloop
  endfacet
  facet normal 0.976279 0.216516 0
    outer loop
      vertex -12.2158 -0.390708 0
      vertex -12.1733 -0.582342 4
      vertex -12.1733 -0.582342 0
    endloop
  endfacet
  facet normal -0.737281 0.675586 0
    outer loop
      vertex -8.40901 -1.59099 0
      vertex -8.2764 -1.44627 4
      vertex -8.2764 -1.44627 0
    endloop
  endfacet
  facet normal -0.737281 0.675586 0
    outer loop
      vertex -8.2764 -1.44627 4
      vertex -8.40901 -1.59099 0
      vertex -8.40901 -1.59099 4
    endloop
  endfacet
  facet normal -0.300673 -0.953727 0
    outer loop
      vertex -9.41766 2.17333 0
      vertex -9.23045 2.11431 4
      vertex -9.41766 2.17333 4
    endloop
  endfacet
  facet normal -0.300673 -0.953727 -0
    outer loop
      vertex -9.23045 2.11431 4
      vertex -9.41766 2.17333 0
      vertex -9.23045 2.11431 0
    endloop
  endfacet
  facet normal -0.97629 0.216468 0
    outer loop
      vertex -7.82667 -0.582342 0
      vertex -7.78418 -0.390708 4
      vertex -7.78418 -0.390708 0
    endloop
  endfacet
  facet normal -0.97629 0.216468 0
    outer loop
      vertex -7.78418 -0.390708 4
      vertex -7.82667 -0.582342 0
      vertex -7.82667 -0.582342 4
    endloop
  endfacet
  facet normal 0.793324 -0.608799 0
    outer loop
      vertex -11.8431 1.29055 4
      vertex -11.7236 1.44627 0
      vertex -11.7236 1.44627 4
    endloop
  endfacet
  facet normal 0.793324 -0.608799 0
    outer loop
      vertex -11.7236 1.44627 0
      vertex -11.8431 1.29055 4
      vertex -11.8431 1.29055 0
    endloop
  endfacet
  facet normal -0.953724 0.300683 0
    outer loop
      vertex -7.88569 -0.769545 0
      vertex -7.82667 -0.582342 4
      vertex -7.82667 -0.582342 0
    endloop
  endfacet
  facet normal -0.953724 0.300683 0
    outer loop
      vertex -7.82667 -0.582342 4
      vertex -7.88569 -0.769545 0
      vertex -7.88569 -0.769545 4
    endloop
  endfacet
  facet normal 0.216504 -0.976282 0
    outer loop
      vertex -10.5823 2.17333 0
      vertex -10.3907 2.21582 4
      vertex -10.5823 2.17333 4
    endloop
  endfacet
  facet normal 0.216504 -0.976282 0
    outer loop
      vertex -10.3907 2.21582 4
      vertex -10.5823 2.17333 0
      vertex -10.3907 2.21582 0
    endloop
  endfacet
  facet normal 0.382604 0.923913 -0
    outer loop
      vertex -10.7695 -2.11431 0
      vertex -10.9509 -2.03919 4
      vertex -10.7695 -2.11431 4
    endloop
  endfacet
  facet normal 0.382604 0.923913 0
    outer loop
      vertex -10.9509 -2.03919 4
      vertex -10.7695 -2.11431 0
      vertex -10.9509 -2.03919 0
    endloop
  endfacet
  facet normal -0.216472 -0.976289 0
    outer loop
      vertex -9.60929 2.21582 0
      vertex -9.41766 2.17333 4
      vertex -9.60929 2.21582 4
    endloop
  endfacet
  facet normal -0.216472 -0.976289 -0
    outer loop
      vertex -9.41766 2.17333 4
      vertex -9.60929 2.21582 0
      vertex -9.41766 2.17333 0
    endloop
  endfacet
  facet normal -0.608767 -0.793349 0
    outer loop
      vertex -8.70945 1.84309 0
      vertex -8.55373 1.7236 4
      vertex -8.70945 1.84309 4
    endloop
  endfacet
  facet normal -0.608767 -0.793349 -0
    outer loop
      vertex -8.55373 1.7236 4
      vertex -8.70945 1.84309 0
      vertex -8.55373 1.7236 0
    endloop
  endfacet
  facet normal 0.675637 -0.737235 0
    outer loop
      vertex -11.591 1.59099 0
      vertex -11.4463 1.7236 4
      vertex -11.591 1.59099 4
    endloop
  endfacet
  facet normal 0.675637 -0.737235 0
    outer loop
      vertex -11.4463 1.7236 4
      vertex -11.591 1.59099 0
      vertex -11.4463 1.7236 0
    endloop
  endfacet
  facet normal -0.843384 0.537311 0
    outer loop
      vertex -8.15691 -1.29055 0
      vertex -8.05144 -1.125 4
      vertex -8.05144 -1.125 0
    endloop
  endfacet
  facet normal -0.843384 0.537311 0
    outer loop
      vertex -8.05144 -1.125 4
      vertex -8.15691 -1.29055 0
      vertex -8.15691 -1.29055 4
    endloop
  endfacet
  facet normal -0.675586 -0.737281 0
    outer loop
      vertex -8.55373 1.7236 0
      vertex -8.40901 1.59099 4
      vertex -8.55373 1.7236 4
    endloop
  endfacet
  facet normal -0.675586 -0.737281 -0
    outer loop
      vertex -8.40901 1.59099 4
      vertex -8.55373 1.7236 0
      vertex -8.40901 1.59099 0
    endloop
  endfacet
  facet normal 0.923908 0.382614 0
    outer loop
      vertex -12.0392 -0.950891 4
      vertex -12.1143 -0.769545 0
      vertex -12.1143 -0.769545 4
    endloop
  endfacet
  facet normal 0.923908 0.382614 0
    outer loop
      vertex -12.1143 -0.769545 0
      vertex -12.0392 -0.950891 4
      vertex -12.0392 -0.950891 0
    endloop
  endfacet
  facet normal -0.991445 0.130523 0
    outer loop
      vertex -7.78418 -0.390708 0
      vertex -7.75856 -0.1961 4
      vertex -7.75856 -0.1961 0
    endloop
  endfacet
  facet normal -0.991445 0.130523 0
    outer loop
      vertex -7.75856 -0.1961 4
      vertex -7.78418 -0.390708 0
      vertex -7.78418 -0.390708 4
    endloop
  endfacet
  facet normal 0.843315 -0.537419 0
    outer loop
      vertex -11.9486 1.125 4
      vertex -11.8431 1.29055 0
      vertex -11.8431 1.29055 4
    endloop
  endfacet
  facet normal 0.843315 -0.537419 0
    outer loop
      vertex -11.8431 1.29055 0
      vertex -11.9486 1.125 4
      vertex -11.9486 1.125 0
    endloop
  endfacet
  facet normal -0.953724 -0.300683 0
    outer loop
      vertex -7.82667 0.582342 0
      vertex -7.88569 0.769545 4
      vertex -7.88569 0.769545 0
    endloop
  endfacet
  facet normal -0.953724 -0.300683 0
    outer loop
      vertex -7.88569 0.769545 4
      vertex -7.82667 0.582342 0
      vertex -7.82667 0.582342 4
    endloop
  endfacet
  facet normal -0.887022 -0.461727 0
    outer loop
      vertex -7.96081 0.950891 0
      vertex -8.05144 1.125 4
      vertex -8.05144 1.125 0
    endloop
  endfacet
  facet normal -0.887022 -0.461727 0
    outer loop
      vertex -8.05144 1.125 4
      vertex -7.96081 0.950891 0
      vertex -7.96081 0.950891 4
    endloop
  endfacet
  facet normal 0.675637 0.737235 -0
    outer loop
      vertex -11.4463 -1.7236 0
      vertex -11.591 -1.59099 4
      vertex -11.4463 -1.7236 4
    endloop
  endfacet
  facet normal 0.675637 0.737235 0
    outer loop
      vertex -11.591 -1.59099 4
      vertex -11.4463 -1.7236 0
      vertex -11.591 -1.59099 0
    endloop
  endfacet
  facet normal 0.382604 -0.923913 0
    outer loop
      vertex -10.9509 2.03919 0
      vertex -10.7695 2.11431 4
      vertex -10.9509 2.03919 4
    endloop
  endfacet
  facet normal 0.382604 -0.923913 0
    outer loop
      vertex -10.7695 2.11431 4
      vertex -10.9509 2.03919 0
      vertex -10.7695 2.11431 0
    endloop
  endfacet
  facet normal -0.537311 0.843384 0
    outer loop
      vertex -8.70945 -1.84309 0
      vertex -8.875 -1.94856 4
      vertex -8.70945 -1.84309 4
    endloop
  endfacet
  facet normal -0.537311 0.843384 0
    outer loop
      vertex -8.875 -1.94856 4
      vertex -8.70945 -1.84309 0
      vertex -8.875 -1.94856 0
    endloop
  endfacet
  facet normal 0.300688 -0.953723 0
    outer loop
      vertex -10.7695 2.11431 0
      vertex -10.5823 2.17333 4
      vertex -10.7695 2.11431 4
    endloop
  endfacet
  facet normal 0.300688 -0.953723 0
    outer loop
      vertex -10.5823 2.17333 4
      vertex -10.7695 2.11431 0
      vertex -10.5823 2.17333 0
    endloop
  endfacet
  facet normal 0.99904 0.0438131 0
    outer loop
      vertex -12.2414 -0.1961 4
      vertex -12.25 0 0
      vertex -12.25 0 4
    endloop
  endfacet
  facet normal 0.99904 0.0438131 0
    outer loop
      vertex -12.25 0 0
      vertex -12.2414 -0.1961 4
      vertex -12.2414 -0.1961 0
    endloop
  endfacet
  facet normal 0.976279 -0.216516 0
    outer loop
      vertex -12.2158 0.390708 4
      vertex -12.1733 0.582342 0
      vertex -12.1733 0.582342 4
    endloop
  endfacet
  facet normal 0.976279 -0.216516 0
    outer loop
      vertex -12.1733 0.582342 0
      vertex -12.2158 0.390708 4
      vertex -12.2158 0.390708 0
    endloop
  endfacet
  facet normal 0.0436097 -0.999049 0
    outer loop
      vertex -10.1961 2.24144 0
      vertex -10 2.25 4
      vertex -10.1961 2.24144 4
    endloop
  endfacet
  facet normal 0.0436097 -0.999049 0
    outer loop
      vertex -10 2.25 4
      vertex -10.1961 2.24144 0
      vertex -10 2.25 0
    endloop
  endfacet
  facet normal -0.300673 0.953727 0
    outer loop
      vertex -9.23045 -2.11431 0
      vertex -9.41766 -2.17333 4
      vertex -9.23045 -2.11431 4
    endloop
  endfacet
  facet normal -0.300673 0.953727 0
    outer loop
      vertex -9.41766 -2.17333 4
      vertex -9.23045 -2.11431 0
      vertex -9.41766 -2.17333 0
    endloop
  endfacet
  facet normal -0.216472 0.976289 0
    outer loop
      vertex -9.41766 -2.17333 0
      vertex -9.60929 -2.21582 4
      vertex -9.41766 -2.17333 4
    endloop
  endfacet
  facet normal -0.216472 0.976289 0
    outer loop
      vertex -9.60929 -2.21582 4
      vertex -9.41766 -2.17333 0
      vertex -9.60929 -2.21582 0
    endloop
  endfacet
  facet normal -0.793349 0.608767 0
    outer loop
      vertex -8.2764 -1.44627 0
      vertex -8.15691 -1.29055 4
      vertex -8.15691 -1.29055 0
    endloop
  endfacet
  facet normal -0.793349 0.608767 0
    outer loop
      vertex -8.15691 -1.29055 4
      vertex -8.2764 -1.44627 0
      vertex -8.2764 -1.44627 4
    endloop
  endfacet
  facet normal 0.991458 0.130423 0
    outer loop
      vertex -12.2158 -0.390708 4
      vertex -12.2414 -0.1961 0
      vertex -12.2414 -0.1961 4
    endloop
  endfacet
  facet normal 0.991458 0.130423 0
    outer loop
      vertex -12.2414 -0.1961 0
      vertex -12.2158 -0.390708 4
      vertex -12.2158 -0.390708 0
    endloop
  endfacet
  facet normal 0.461746 0.887012 -0
    outer loop
      vertex -10.9509 -2.03919 0
      vertex -11.125 -1.94856 4
      vertex -10.9509 -2.03919 4
    endloop
  endfacet
  facet normal 0.461746 0.887012 0
    outer loop
      vertex -11.125 -1.94856 4
      vertex -10.9509 -2.03919 0
      vertex -11.125 -1.94856 0
    endloop
  endfacet
  facet normal -0.461725 -0.887023 0
    outer loop
      vertex -9.04911 2.03919 0
      vertex -8.875 1.94856 4
      vertex -9.04911 2.03919 4
    endloop
  endfacet
  facet normal -0.461725 -0.887023 -0
    outer loop
      vertex -8.875 1.94856 4
      vertex -9.04911 2.03919 0
      vertex -8.875 1.94856 0
    endloop
  endfacet
  facet normal 0.737306 0.675559 0
    outer loop
      vertex -11.591 -1.59099 4
      vertex -11.7236 -1.44627 0
      vertex -11.7236 -1.44627 4
    endloop
  endfacet
  facet normal 0.737306 0.675559 0
    outer loop
      vertex -11.7236 -1.44627 0
      vertex -11.591 -1.59099 4
      vertex -11.591 -1.59099 0
    endloop
  endfacet
  facet normal -0.793349 -0.608767 0
    outer loop
      vertex -8.15691 1.29055 0
      vertex -8.2764 1.44627 4
      vertex -8.2764 1.44627 0
    endloop
  endfacet
  facet normal -0.793349 -0.608767 0
    outer loop
      vertex -8.2764 1.44627 4
      vertex -8.15691 1.29055 0
      vertex -8.15691 1.29055 4
    endloop
  endfacet
  facet normal 0.0436097 0.999049 -0
    outer loop
      vertex -10 -2.25 0
      vertex -10.1961 -2.24144 4
      vertex -10 -2.25 4
    endloop
  endfacet
  facet normal 0.0436097 0.999049 0
    outer loop
      vertex -10.1961 -2.24144 4
      vertex -10 -2.25 0
      vertex -10.1961 -2.24144 0
    endloop
  endfacet
  facet normal 0.99904 -0.0438131 0
    outer loop
      vertex -12.25 0 4
      vertex -12.2414 0.1961 0
      vertex -12.2414 0.1961 4
    endloop
  endfacet
  facet normal 0.99904 -0.0438131 0
    outer loop
      vertex -12.2414 0.1961 0
      vertex -12.25 0 4
      vertex -12.25 0 0
    endloop
  endfacet
  facet normal 0.300688 0.953723 -0
    outer loop
      vertex -10.5823 -2.17333 0
      vertex -10.7695 -2.11431 4
      vertex -10.5823 -2.17333 4
    endloop
  endfacet
  facet normal 0.300688 0.953723 0
    outer loop
      vertex -10.7695 -2.11431 4
      vertex -10.5823 -2.17333 0
      vertex -10.7695 -2.11431 0
    endloop
  endfacet
  facet normal 0.216504 0.976282 -0
    outer loop
      vertex -10.3907 -2.21582 0
      vertex -10.5823 -2.17333 4
      vertex -10.3907 -2.21582 4
    endloop
  endfacet
  facet normal 0.216504 0.976282 0
    outer loop
      vertex -10.5823 -2.17333 4
      vertex -10.3907 -2.21582 0
      vertex -10.5823 -2.17333 0
    endloop
  endfacet
  facet normal -0.461725 0.887023 0
    outer loop
      vertex -8.875 -1.94856 0
      vertex -9.04911 -2.03919 4
      vertex -8.875 -1.94856 4
    endloop
  endfacet
  facet normal -0.461725 0.887023 0
    outer loop
      vertex -9.04911 -2.03919 4
      vertex -8.875 -1.94856 0
      vertex -9.04911 -2.03919 0
    endloop
  endfacet
  facet normal -0.675586 0.737281 0
    outer loop
      vertex -8.40901 -1.59099 0
      vertex -8.55373 -1.7236 4
      vertex -8.40901 -1.59099 4
    endloop
  endfacet
  facet normal -0.675586 0.737281 0
    outer loop
      vertex -8.55373 -1.7236 4
      vertex -8.40901 -1.59099 0
      vertex -8.55373 -1.7236 0
    endloop
  endfacet
  facet normal -0.953753 -0.300591 0
    outer loop
      vertex 12.1733 0.582342 0
      vertex 12.1143 0.769545 4
      vertex 12.1143 0.769545 0
    endloop
  endfacet
  facet normal -0.953753 -0.300591 0
    outer loop
      vertex 12.1143 0.769545 4
      vertex 12.1733 0.582342 0
      vertex 12.1733 0.582342 4
    endloop
  endfacet
  facet normal -0.991458 -0.130423 0
    outer loop
      vertex 12.2414 0.1961 0
      vertex 12.2158 0.390708 4
      vertex 12.2158 0.390708 0
    endloop
  endfacet
  facet normal -0.991458 -0.130423 0
    outer loop
      vertex 12.2158 0.390708 4
      vertex 12.2414 0.1961 0
      vertex 12.2414 0.1961 4
    endloop
  endfacet
  facet normal -0.99904 -0.0438131 0
    outer loop
      vertex 12.25 0 0
      vertex 12.2414 0.1961 4
      vertex 12.2414 0.1961 0
    endloop
  endfacet
  facet normal -0.99904 -0.0438131 0
    outer loop
      vertex 12.2414 0.1961 4
      vertex 12.25 0 0
      vertex 12.25 0 4
    endloop
  endfacet
  facet normal -0.843315 0.537419 0
    outer loop
      vertex 11.8431 -1.29055 0
      vertex 11.9486 -1.125 4
      vertex 11.9486 -1.125 0
    endloop
  endfacet
  facet normal -0.843315 0.537419 0
    outer loop
      vertex 11.9486 -1.125 4
      vertex 11.8431 -1.29055 0
      vertex 11.8431 -1.29055 4
    endloop
  endfacet
  facet normal 0.793349 0.608767 0
    outer loop
      vertex 8.2764 -1.44627 4
      vertex 8.15691 -1.29055 0
      vertex 8.15691 -1.29055 4
    endloop
  endfacet
  facet normal 0.793349 0.608767 0
    outer loop
      vertex 8.15691 -1.29055 0
      vertex 8.2764 -1.44627 4
      vertex 8.2764 -1.44627 0
    endloop
  endfacet
  facet normal -0.923908 -0.382614 0
    outer loop
      vertex 12.1143 0.769545 0
      vertex 12.0392 0.950891 4
      vertex 12.0392 0.950891 0
    endloop
  endfacet
  facet normal -0.923908 -0.382614 0
    outer loop
      vertex 12.0392 0.950891 4
      vertex 12.1143 0.769545 0
      vertex 12.1143 0.769545 4
    endloop
  endfacet
  facet normal 0.216472 -0.976289 0
    outer loop
      vertex 9.41766 2.17333 0
      vertex 9.60929 2.21582 4
      vertex 9.41766 2.17333 4
    endloop
  endfacet
  facet normal 0.216472 -0.976289 0
    outer loop
      vertex 9.60929 2.21582 4
      vertex 9.41766 2.17333 0
      vertex 9.60929 2.21582 0
    endloop
  endfacet
  facet normal -0.793324 -0.608799 0
    outer loop
      vertex 11.8431 1.29055 0
      vertex 11.7236 1.44627 4
      vertex 11.7236 1.44627 0
    endloop
  endfacet
  facet normal -0.793324 -0.608799 0
    outer loop
      vertex 11.7236 1.44627 4
      vertex 11.8431 1.29055 0
      vertex 11.8431 1.29055 4
    endloop
  endfacet
  facet normal 0.843384 -0.537311 0
    outer loop
      vertex 8.05144 1.125 4
      vertex 8.15691 1.29055 0
      vertex 8.15691 1.29055 4
    endloop
  endfacet
  facet normal 0.843384 -0.537311 0
    outer loop
      vertex 8.15691 1.29055 0
      vertex 8.05144 1.125 4
      vertex 8.05144 1.125 0
    endloop
  endfacet
  facet normal -0.608571 -0.7935 0
    outer loop
      vertex 11.2905 1.84309 0
      vertex 11.4463 1.7236 4
      vertex 11.2905 1.84309 4
    endloop
  endfacet
  facet normal -0.608571 -0.7935 -0
    outer loop
      vertex 11.4463 1.7236 4
      vertex 11.2905 1.84309 0
      vertex 11.4463 1.7236 0
    endloop
  endfacet
  facet normal 0.887022 0.461727 0
    outer loop
      vertex 8.05144 -1.125 4
      vertex 7.96081 -0.950891 0
      vertex 7.96081 -0.950891 4
    endloop
  endfacet
  facet normal 0.887022 0.461727 0
    outer loop
      vertex 7.96081 -0.950891 0
      vertex 8.05144 -1.125 4
      vertex 8.05144 -1.125 0
    endloop
  endfacet
  facet normal 0.0436097 -0.999049 0
    outer loop
      vertex 9.8039 2.24144 0
      vertex 10 2.25 4
      vertex 9.8039 2.24144 4
    endloop
  endfacet
  facet normal 0.0436097 -0.999049 0
    outer loop
      vertex 10 2.25 4
      vertex 9.8039 2.24144 0
      vertex 10 2.25 0
    endloop
  endfacet
  facet normal -0.737306 0.675559 0
    outer loop
      vertex 11.591 -1.59099 0
      vertex 11.7236 -1.44627 4
      vertex 11.7236 -1.44627 0
    endloop
  endfacet
  facet normal -0.737306 0.675559 0
    outer loop
      vertex 11.7236 -1.44627 4
      vertex 11.591 -1.59099 0
      vertex 11.591 -1.59099 4
    endloop
  endfacet
  facet normal 0.675586 -0.737281 0
    outer loop
      vertex 8.40901 1.59099 0
      vertex 8.55373 1.7236 4
      vertex 8.40901 1.59099 4
    endloop
  endfacet
  facet normal 0.675586 -0.737281 0
    outer loop
      vertex 8.55373 1.7236 4
      vertex 8.40901 1.59099 0
      vertex 8.55373 1.7236 0
    endloop
  endfacet
  facet normal 0.999049 0.0436097 0
    outer loop
      vertex 7.75856 -0.1961 4
      vertex 7.75 0 0
      vertex 7.75 0 4
    endloop
  endfacet
  facet normal 0.999049 0.0436097 0
    outer loop
      vertex 7.75 0 0
      vertex 7.75856 -0.1961 4
      vertex 7.75856 -0.1961 0
    endloop
  endfacet
  facet normal -0.382604 -0.923913 0
    outer loop
      vertex 10.7695 2.11431 0
      vertex 10.9509 2.03919 4
      vertex 10.7695 2.11431 4
    endloop
  endfacet
  facet normal -0.382604 -0.923913 -0
    outer loop
      vertex 10.9509 2.03919 4
      vertex 10.7695 2.11431 0
      vertex 10.9509 2.03919 0
    endloop
  endfacet
  facet normal -0.99904 0.0438131 0
    outer loop
      vertex 12.2414 -0.1961 0
      vertex 12.25 0 4
      vertex 12.25 0 0
    endloop
  endfacet
  facet normal -0.99904 0.0438131 0
    outer loop
      vertex 12.25 0 4
      vertex 12.2414 -0.1961 0
      vertex 12.2414 -0.1961 4
    endloop
  endfacet
  facet normal 0.97629 -0.216468 0
    outer loop
      vertex 7.78418 0.390708 4
      vertex 7.82667 0.582342 0
      vertex 7.82667 0.582342 4
    endloop
  endfacet
  facet normal 0.97629 -0.216468 0
    outer loop
      vertex 7.82667 0.582342 0
      vertex 7.78418 0.390708 4
      vertex 7.78418 0.390708 0
    endloop
  endfacet
  facet normal 0.300673 -0.953727 0
    outer loop
      vertex 9.23045 2.11431 0
      vertex 9.41766 2.17333 4
      vertex 9.23045 2.11431 4
    endloop
  endfacet
  facet normal 0.300673 -0.953727 0
    outer loop
      vertex 9.41766 2.17333 4
      vertex 9.23045 2.11431 0
      vertex 9.41766 2.17333 0
    endloop
  endfacet
  facet normal -0.382604 0.923913 0
    outer loop
      vertex 10.9509 -2.03919 0
      vertex 10.7695 -2.11431 4
      vertex 10.9509 -2.03919 4
    endloop
  endfacet
  facet normal -0.382604 0.923913 0
    outer loop
      vertex 10.7695 -2.11431 4
      vertex 10.9509 -2.03919 0
      vertex 10.7695 -2.11431 0
    endloop
  endfacet
  facet normal 0.953724 0.300683 0
    outer loop
      vertex 7.88569 -0.769545 4
      vertex 7.82667 -0.582342 0
      vertex 7.82667 -0.582342 4
    endloop
  endfacet
  facet normal 0.953724 0.300683 0
    outer loop
      vertex 7.82667 -0.582342 0
      vertex 7.88569 -0.769545 4
      vertex 7.88569 -0.769545 0
    endloop
  endfacet
  facet normal 0.675586 0.737281 -0
    outer loop
      vertex 8.55373 -1.7236 0
      vertex 8.40901 -1.59099 4
      vertex 8.55373 -1.7236 4
    endloop
  endfacet
  facet normal 0.675586 0.737281 0
    outer loop
      vertex 8.40901 -1.59099 4
      vertex 8.55373 -1.7236 0
      vertex 8.40901 -1.59099 0
    endloop
  endfacet
  facet normal 0.923872 0.382701 0
    outer loop
      vertex 7.96081 -0.950891 4
      vertex 7.88569 -0.769545 0
      vertex 7.88569 -0.769545 4
    endloop
  endfacet
  facet normal 0.923872 0.382701 0
    outer loop
      vertex 7.88569 -0.769545 0
      vertex 7.96081 -0.950891 4
      vertex 7.96081 -0.950891 0
    endloop
  endfacet
  facet normal -0.537426 0.843311 0
    outer loop
      vertex 11.2905 -1.84309 0
      vertex 11.125 -1.94856 4
      vertex 11.2905 -1.84309 4
    endloop
  endfacet
  facet normal -0.537426 0.843311 0
    outer loop
      vertex 11.125 -1.94856 4
      vertex 11.2905 -1.84309 0
      vertex 11.125 -1.94856 0
    endloop
  endfacet
  facet normal -0.130528 -0.991445 0
    outer loop
      vertex 10.1961 2.24144 0
      vertex 10.3907 2.21582 4
      vertex 10.1961 2.24144 4
    endloop
  endfacet
  facet normal -0.130528 -0.991445 -0
    outer loop
      vertex 10.3907 2.21582 4
      vertex 10.1961 2.24144 0
      vertex 10.3907 2.21582 0
    endloop
  endfacet
  facet normal 0.793349 -0.608767 0
    outer loop
      vertex 8.15691 1.29055 4
      vertex 8.2764 1.44627 0
      vertex 8.2764 1.44627 4
    endloop
  endfacet
  facet normal 0.793349 -0.608767 0
    outer loop
      vertex 8.2764 1.44627 0
      vertex 8.15691 1.29055 4
      vertex 8.15691 1.29055 0
    endloop
  endfacet
  facet normal 0.991445 0.130523 0
    outer loop
      vertex 7.78418 -0.390708 4
      vertex 7.75856 -0.1961 0
      vertex 7.75856 -0.1961 4
    endloop
  endfacet
  facet normal 0.991445 0.130523 0
    outer loop
      vertex 7.75856 -0.1961 0
      vertex 7.78418 -0.390708 4
      vertex 7.78418 -0.390708 0
    endloop
  endfacet
  facet normal -0.953753 0.300591 0
    outer loop
      vertex 12.1143 -0.769545 0
      vertex 12.1733 -0.582342 4
      vertex 12.1733 -0.582342 0
    endloop
  endfacet
  facet normal -0.953753 0.300591 0
    outer loop
      vertex 12.1733 -0.582342 4
      vertex 12.1143 -0.769545 0
      vertex 12.1143 -0.769545 4
    endloop
  endfacet
  facet normal -0.793324 0.608799 0
    outer loop
      vertex 11.7236 -1.44627 0
      vertex 11.8431 -1.29055 4
      vertex 11.8431 -1.29055 0
    endloop
  endfacet
  facet normal -0.793324 0.608799 0
    outer loop
      vertex 11.8431 -1.29055 4
      vertex 11.7236 -1.44627 0
      vertex 11.7236 -1.44627 4
    endloop
  endfacet
  facet normal -0.0436097 0.999049 0
    outer loop
      vertex 10.1961 -2.24144 0
      vertex 10 -2.25 4
      vertex 10.1961 -2.24144 4
    endloop
  endfacet
  facet normal -0.0436097 0.999049 0
    outer loop
      vertex 10 -2.25 4
      vertex 10.1961 -2.24144 0
      vertex 10 -2.25 0
    endloop
  endfacet
  facet normal 0.216472 0.976289 -0
    outer loop
      vertex 9.60929 -2.21582 0
      vertex 9.41766 -2.17333 4
      vertex 9.60929 -2.21582 4
    endloop
  endfacet
  facet normal 0.216472 0.976289 0
    outer loop
      vertex 9.41766 -2.17333 4
      vertex 9.60929 -2.21582 0
      vertex 9.41766 -2.17333 0
    endloop
  endfacet
  facet normal 0.999049 -0.0436097 0
    outer loop
      vertex 7.75 0 4
      vertex 7.75856 0.1961 0
      vertex 7.75856 0.1961 4
    endloop
  endfacet
  facet normal 0.999049 -0.0436097 0
    outer loop
      vertex 7.75856 0.1961 0
      vertex 7.75 0 4
      vertex 7.75 0 0
    endloop
  endfacet
  facet normal -0.976279 0.216516 0
    outer loop
      vertex 12.1733 -0.582342 0
      vertex 12.2158 -0.390708 4
      vertex 12.2158 -0.390708 0
    endloop
  endfacet
  facet normal -0.976279 0.216516 0
    outer loop
      vertex 12.2158 -0.390708 4
      vertex 12.1733 -0.582342 0
      vertex 12.1733 -0.582342 4
    endloop
  endfacet
  facet normal -0.991458 0.130423 0
    outer loop
      vertex 12.2158 -0.390708 0
      vertex 12.2414 -0.1961 4
      vertex 12.2414 -0.1961 0
    endloop
  endfacet
  facet normal -0.991458 0.130423 0
    outer loop
      vertex 12.2414 -0.1961 4
      vertex 12.2158 -0.390708 0
      vertex 12.2158 -0.390708 4
    endloop
  endfacet
  facet normal -0.461746 -0.887012 0
    outer loop
      vertex 10.9509 2.03919 0
      vertex 11.125 1.94856 4
      vertex 10.9509 2.03919 4
    endloop
  endfacet
  facet normal -0.461746 -0.887012 -0
    outer loop
      vertex 11.125 1.94856 4
      vertex 10.9509 2.03919 0
      vertex 11.125 1.94856 0
    endloop
  endfacet
  facet normal -0.537426 -0.843311 0
    outer loop
      vertex 11.125 1.94856 0
      vertex 11.2905 1.84309 4
      vertex 11.125 1.94856 4
    endloop
  endfacet
  facet normal -0.537426 -0.843311 -0
    outer loop
      vertex 11.2905 1.84309 4
      vertex 11.125 1.94856 0
      vertex 11.2905 1.84309 0
    endloop
  endfacet
  facet normal -0.461746 0.887012 0
    outer loop
      vertex 11.125 -1.94856 0
      vertex 10.9509 -2.03919 4
      vertex 11.125 -1.94856 4
    endloop
  endfacet
  facet normal -0.461746 0.887012 0
    outer loop
      vertex 10.9509 -2.03919 4
      vertex 11.125 -1.94856 0
      vertex 10.9509 -2.03919 0
    endloop
  endfacet
  facet normal -0.0436097 -0.999049 0
    outer loop
      vertex 10 2.25 0
      vertex 10.1961 2.24144 4
      vertex 10 2.25 4
    endloop
  endfacet
  facet normal -0.0436097 -0.999049 -0
    outer loop
      vertex 10.1961 2.24144 4
      vertex 10 2.25 0
      vertex 10.1961 2.24144 0
    endloop
  endfacet
  facet normal 0.537311 -0.843384 0
    outer loop
      vertex 8.70945 1.84309 0
      vertex 8.875 1.94856 4
      vertex 8.70945 1.84309 4
    endloop
  endfacet
  facet normal 0.537311 -0.843384 0
    outer loop
      vertex 8.875 1.94856 4
      vertex 8.70945 1.84309 0
      vertex 8.875 1.94856 0
    endloop
  endfacet
  facet normal -0.887085 -0.461607 0
    outer loop
      vertex 12.0392 0.950891 0
      vertex 11.9486 1.125 4
      vertex 11.9486 1.125 0
    endloop
  endfacet
  facet normal -0.887085 -0.461607 0
    outer loop
      vertex 11.9486 1.125 4
      vertex 12.0392 0.950891 0
      vertex 12.0392 0.950891 4
    endloop
  endfacet
  facet normal 0.843384 0.537311 0
    outer loop
      vertex 8.15691 -1.29055 4
      vertex 8.05144 -1.125 0
      vertex 8.05144 -1.125 4
    endloop
  endfacet
  facet normal 0.843384 0.537311 0
    outer loop
      vertex 8.05144 -1.125 0
      vertex 8.15691 -1.29055 4
      vertex 8.15691 -1.29055 0
    endloop
  endfacet
  facet normal -0.843315 -0.537419 0
    outer loop
      vertex 11.9486 1.125 0
      vertex 11.8431 1.29055 4
      vertex 11.8431 1.29055 0
    endloop
  endfacet
  facet normal -0.843315 -0.537419 0
    outer loop
      vertex 11.8431 1.29055 4
      vertex 11.9486 1.125 0
      vertex 11.9486 1.125 4
    endloop
  endfacet
  facet normal 0.130522 0.991445 -0
    outer loop
      vertex 9.8039 -2.24144 0
      vertex 9.60929 -2.21582 4
      vertex 9.8039 -2.24144 4
    endloop
  endfacet
  facet normal 0.130522 0.991445 0
    outer loop
      vertex 9.60929 -2.21582 4
      vertex 9.8039 -2.24144 0
      vertex 9.60929 -2.21582 0
    endloop
  endfacet
  facet normal 0.737281 -0.675586 0
    outer loop
      vertex 8.2764 1.44627 4
      vertex 8.40901 1.59099 0
      vertex 8.40901 1.59099 4
    endloop
  endfacet
  facet normal 0.737281 -0.675586 0
    outer loop
      vertex 8.40901 1.59099 0
      vertex 8.2764 1.44627 4
      vertex 8.2764 1.44627 0
    endloop
  endfacet
  facet normal 0.991445 -0.130523 0
    outer loop
      vertex 7.75856 0.1961 4
      vertex 7.78418 0.390708 0
      vertex 7.78418 0.390708 4
    endloop
  endfacet
  facet normal 0.991445 -0.130523 0
    outer loop
      vertex 7.78418 0.390708 0
      vertex 7.75856 0.1961 4
      vertex 7.75856 0.1961 0
    endloop
  endfacet
  facet normal 0.382712 -0.923868 0
    outer loop
      vertex 9.04911 2.03919 0
      vertex 9.23045 2.11431 4
      vertex 9.04911 2.03919 4
    endloop
  endfacet
  facet normal 0.382712 -0.923868 0
    outer loop
      vertex 9.23045 2.11431 4
      vertex 9.04911 2.03919 0
      vertex 9.23045 2.11431 0
    endloop
  endfacet
  facet normal -0.130528 0.991445 0
    outer loop
      vertex 10.3907 -2.21582 0
      vertex 10.1961 -2.24144 4
      vertex 10.3907 -2.21582 4
    endloop
  endfacet
  facet normal -0.130528 0.991445 0
    outer loop
      vertex 10.1961 -2.24144 4
      vertex 10.3907 -2.21582 0
      vertex 10.1961 -2.24144 0
    endloop
  endfacet
  facet normal 0.382712 0.923868 -0
    outer loop
      vertex 9.23045 -2.11431 0
      vertex 9.04911 -2.03919 4
      vertex 9.23045 -2.11431 4
    endloop
  endfacet
  facet normal 0.382712 0.923868 0
    outer loop
      vertex 9.04911 -2.03919 4
      vertex 9.23045 -2.11431 0
      vertex 9.04911 -2.03919 0
    endloop
  endfacet
  facet normal 0.130522 -0.991445 0
    outer loop
      vertex 9.60929 2.21582 0
      vertex 9.8039 2.24144 4
      vertex 9.60929 2.21582 4
    endloop
  endfacet
  facet normal 0.130522 -0.991445 0
    outer loop
      vertex 9.8039 2.24144 4
      vertex 9.60929 2.21582 0
      vertex 9.8039 2.24144 0
    endloop
  endfacet
  facet normal 0.953724 -0.300683 0
    outer loop
      vertex 7.82667 0.582342 4
      vertex 7.88569 0.769545 0
      vertex 7.88569 0.769545 4
    endloop
  endfacet
  facet normal 0.953724 -0.300683 0
    outer loop
      vertex 7.88569 0.769545 0
      vertex 7.82667 0.582342 4
      vertex 7.82667 0.582342 0
    endloop
  endfacet
  facet normal -0.675637 -0.737235 0
    outer loop
      vertex 11.4463 1.7236 0
      vertex 11.591 1.59099 4
      vertex 11.4463 1.7236 4
    endloop
  endfacet
  facet normal -0.675637 -0.737235 -0
    outer loop
      vertex 11.591 1.59099 4
      vertex 11.4463 1.7236 0
      vertex 11.591 1.59099 0
    endloop
  endfacet
  facet normal 0.300673 0.953727 -0
    outer loop
      vertex 9.41766 -2.17333 0
      vertex 9.23045 -2.11431 4
      vertex 9.41766 -2.17333 4
    endloop
  endfacet
  facet normal 0.300673 0.953727 0
    outer loop
      vertex 9.23045 -2.11431 4
      vertex 9.41766 -2.17333 0
      vertex 9.23045 -2.11431 0
    endloop
  endfacet
  facet normal 0.737281 0.675586 0
    outer loop
      vertex 8.40901 -1.59099 4
      vertex 8.2764 -1.44627 0
      vertex 8.2764 -1.44627 4
    endloop
  endfacet
  facet normal 0.737281 0.675586 0
    outer loop
      vertex 8.2764 -1.44627 0
      vertex 8.40901 -1.59099 4
      vertex 8.40901 -1.59099 0
    endloop
  endfacet
  facet normal 0.461725 0.887023 -0
    outer loop
      vertex 9.04911 -2.03919 0
      vertex 8.875 -1.94856 4
      vertex 9.04911 -2.03919 4
    endloop
  endfacet
  facet normal 0.461725 0.887023 0
    outer loop
      vertex 8.875 -1.94856 4
      vertex 9.04911 -2.03919 0
      vertex 8.875 -1.94856 0
    endloop
  endfacet
  facet normal -0.300688 -0.953723 0
    outer loop
      vertex 10.5823 2.17333 0
      vertex 10.7695 2.11431 4
      vertex 10.5823 2.17333 4
    endloop
  endfacet
  facet normal -0.300688 -0.953723 -0
    outer loop
      vertex 10.7695 2.11431 4
      vertex 10.5823 2.17333 0
      vertex 10.7695 2.11431 0
    endloop
  endfacet
  facet normal 0.537311 0.843384 -0
    outer loop
      vertex 8.875 -1.94856 0
      vertex 8.70945 -1.84309 4
      vertex 8.875 -1.94856 4
    endloop
  endfacet
  facet normal 0.537311 0.843384 0
    outer loop
      vertex 8.70945 -1.84309 4
      vertex 8.875 -1.94856 0
      vertex 8.70945 -1.84309 0
    endloop
  endfacet
  facet normal -0.300688 0.953723 0
    outer loop
      vertex 10.7695 -2.11431 0
      vertex 10.5823 -2.17333 4
      vertex 10.7695 -2.11431 4
    endloop
  endfacet
  facet normal -0.300688 0.953723 0
    outer loop
      vertex 10.5823 -2.17333 4
      vertex 10.7695 -2.11431 0
      vertex 10.5823 -2.17333 0
    endloop
  endfacet
  facet normal 0.461725 -0.887023 0
    outer loop
      vertex 8.875 1.94856 0
      vertex 9.04911 2.03919 4
      vertex 8.875 1.94856 4
    endloop
  endfacet
  facet normal 0.461725 -0.887023 0
    outer loop
      vertex 9.04911 2.03919 4
      vertex 8.875 1.94856 0
      vertex 9.04911 2.03919 0
    endloop
  endfacet
  facet normal 0.608767 0.793349 -0
    outer loop
      vertex 8.70945 -1.84309 0
      vertex 8.55373 -1.7236 4
      vertex 8.70945 -1.84309 4
    endloop
  endfacet
  facet normal 0.608767 0.793349 0
    outer loop
      vertex 8.55373 -1.7236 4
      vertex 8.70945 -1.84309 0
      vertex 8.55373 -1.7236 0
    endloop
  endfacet
  facet normal -0.216504 0.976282 0
    outer loop
      vertex 10.5823 -2.17333 0
      vertex 10.3907 -2.21582 4
      vertex 10.5823 -2.17333 4
    endloop
  endfacet
  facet normal -0.216504 0.976282 0
    outer loop
      vertex 10.3907 -2.21582 4
      vertex 10.5823 -2.17333 0
      vertex 10.3907 -2.21582 0
    endloop
  endfacet
  facet normal -0.923908 0.382614 0
    outer loop
      vertex 12.0392 -0.950891 0
      vertex 12.1143 -0.769545 4
      vertex 12.1143 -0.769545 0
    endloop
  endfacet
  facet normal -0.923908 0.382614 0
    outer loop
      vertex 12.1143 -0.769545 4
      vertex 12.0392 -0.950891 0
      vertex 12.0392 -0.950891 4
    endloop
  endfacet
  facet normal -0.737306 -0.675559 0
    outer loop
      vertex 11.7236 1.44627 0
      vertex 11.591 1.59099 4
      vertex 11.591 1.59099 0
    endloop
  endfacet
  facet normal -0.737306 -0.675559 0
    outer loop
      vertex 11.591 1.59099 4
      vertex 11.7236 1.44627 0
      vertex 11.7236 1.44627 4
    endloop
  endfacet
  facet normal -0.976279 -0.216516 0
    outer loop
      vertex 12.2158 0.390708 0
      vertex 12.1733 0.582342 4
      vertex 12.1733 0.582342 0
    endloop
  endfacet
  facet normal -0.976279 -0.216516 0
    outer loop
      vertex 12.1733 0.582342 4
      vertex 12.2158 0.390708 0
      vertex 12.2158 0.390708 4
    endloop
  endfacet
  facet normal 0.0436097 0.999049 -0
    outer loop
      vertex 10 -2.25 0
      vertex 9.8039 -2.24144 4
      vertex 10 -2.25 4
    endloop
  endfacet
  facet normal 0.0436097 0.999049 0
    outer loop
      vertex 9.8039 -2.24144 4
      vertex 10 -2.25 0
      vertex 9.8039 -2.24144 0
    endloop
  endfacet
  facet normal 0.923872 -0.382701 0
    outer loop
      vertex 7.88569 0.769545 4
      vertex 7.96081 0.950891 0
      vertex 7.96081 0.950891 4
    endloop
  endfacet
  facet normal 0.923872 -0.382701 0
    outer loop
      vertex 7.96081 0.950891 0
      vertex 7.88569 0.769545 4
      vertex 7.88569 0.769545 0
    endloop
  endfacet
  facet normal -0.887085 0.461607 0
    outer loop
      vertex 11.9486 -1.125 0
      vertex 12.0392 -0.950891 4
      vertex 12.0392 -0.950891 0
    endloop
  endfacet
  facet normal -0.887085 0.461607 0
    outer loop
      vertex 12.0392 -0.950891 4
      vertex 11.9486 -1.125 0
      vertex 11.9486 -1.125 4
    endloop
  endfacet
  facet normal -0.675637 0.737235 0
    outer loop
      vertex 11.591 -1.59099 0
      vertex 11.4463 -1.7236 4
      vertex 11.591 -1.59099 4
    endloop
  endfacet
  facet normal -0.675637 0.737235 0
    outer loop
      vertex 11.4463 -1.7236 4
      vertex 11.591 -1.59099 0
      vertex 11.4463 -1.7236 0
    endloop
  endfacet
  facet normal -0.608571 0.7935 0
    outer loop
      vertex 11.4463 -1.7236 0
      vertex 11.2905 -1.84309 4
      vertex 11.4463 -1.7236 4
    endloop
  endfacet
  facet normal -0.608571 0.7935 0
    outer loop
      vertex 11.2905 -1.84309 4
      vertex 11.4463 -1.7236 0
      vertex 11.2905 -1.84309 0
    endloop
  endfacet
  facet normal 0.97629 0.216468 0
    outer loop
      vertex 7.82667 -0.582342 4
      vertex 7.78418 -0.390708 0
      vertex 7.78418 -0.390708 4
    endloop
  endfacet
  facet normal 0.97629 0.216468 0
    outer loop
      vertex 7.78418 -0.390708 0
      vertex 7.82667 -0.582342 4
      vertex 7.82667 -0.582342 0
    endloop
  endfacet
  facet normal -0.216504 -0.976282 0
    outer loop
      vertex 10.3907 2.21582 0
      vertex 10.5823 2.17333 4
      vertex 10.3907 2.21582 4
    endloop
  endfacet
  facet normal -0.216504 -0.976282 -0
    outer loop
      vertex 10.5823 2.17333 4
      vertex 10.3907 2.21582 0
      vertex 10.5823 2.17333 0
    endloop
  endfacet
  facet normal 0.887022 -0.461727 0
    outer loop
      vertex 7.96081 0.950891 4
      vertex 8.05144 1.125 0
      vertex 8.05144 1.125 4
    endloop
  endfacet
  facet normal 0.887022 -0.461727 0
    outer loop
      vertex 8.05144 1.125 0
      vertex 7.96081 0.950891 4
      vertex 7.96081 0.950891 0
    endloop
  endfacet
  facet normal 0.608767 -0.793349 0
    outer loop
      vertex 8.55373 1.7236 0
      vertex 8.70945 1.84309 4
      vertex 8.55373 1.7236 4
    endloop
  endfacet
  facet normal 0.608767 -0.793349 0
    outer loop
      vertex 8.70945 1.84309 4
      vertex 8.55373 1.7236 0
      vertex 8.70945 1.84309 0
    endloop
  endfacet
  facet normal -1 0 0
    outer loop
      vertex 2.3 -1 59.4
      vertex 2.3 4 61
      vertex 2.3 4 59.4
    endloop
  endfacet
  facet normal -1 -0 0
    outer loop
      vertex 2.3 4 61
      vertex 2.3 -1 59.4
      vertex 2.3 -1 61
    endloop
  endfacet
  facet normal -0 0 1
    outer loop
      vertex 1.69037 0.452933 59.4
      vertex 2.3 -1 59.4
      vertex 2.3 4 59.4
    endloop
  endfacet
  facet normal 0 0 1
    outer loop
      vertex 2.3 -1 59.4
      vertex 1.74334 0.152522 59.4
      vertex 1.75 0 59.4
    endloop
  endfacet
  facet normal 0 0 1
    outer loop
      vertex 2.3 -1 59.4
      vertex 1.72341 0.303884 59.4
      vertex 1.74334 0.152522 59.4
    endloop
  endfacet
  facet normal 0 0 1
    outer loop
      vertex 2.3 -1 59.4
      vertex 1.69037 0.452933 59.4
      vertex 1.72341 0.303884 59.4
    endloop
  endfacet
  facet normal 0 0 1
    outer loop
      vertex 2.3 4 59.4
      vertex 1.64446 0.598535 59.4
      vertex 1.69037 0.452933 59.4
    endloop
  endfacet
  facet normal 0 0 1
    outer loop
      vertex 2.3 4 59.4
      vertex 1.58604 0.739581 59.4
      vertex 1.64446 0.598535 59.4
    endloop
  endfacet
  facet normal 0 0 1
    outer loop
      vertex 2.3 4 59.4
      vertex 1.51554 0.875 59.4
      vertex 1.58604 0.739581 59.4
    endloop
  endfacet
  facet normal 0 0 1
    outer loop
      vertex 2.3 4 59.4
      vertex 1.43352 1.00376 59.4
      vertex 1.51554 0.875 59.4
    endloop
  endfacet
  facet normal 0 0 1
    outer loop
      vertex 2.3 4 59.4
      vertex 1.34058 1.12488 59.4
      vertex 1.43352 1.00376 59.4
    endloop
  endfacet
  facet normal 0 0 1
    outer loop
      vertex 2.3 4 59.4
      vertex 1.23744 1.23744 59.4
      vertex 1.34058 1.12488 59.4
    endloop
  endfacet
  facet normal 0 0 1
    outer loop
      vertex 2.3 4 59.4
      vertex 1.12488 1.34058 59.4
      vertex 1.23744 1.23744 59.4
    endloop
  endfacet
  facet normal 0 0 1
    outer loop
      vertex 2.3 4 59.4
      vertex 1.00376 1.43352 59.4
      vertex 1.12488 1.34058 59.4
    endloop
  endfacet
  facet normal 0 0 1
    outer loop
      vertex 2.3 4 59.4
      vertex 0.875 1.51554 59.4
      vertex 1.00376 1.43352 59.4
    endloop
  endfacet
  facet normal 0 0 1
    outer loop
      vertex 2.3 4 59.4
      vertex 0.739581 1.58604 59.4
      vertex 0.875 1.51554 59.4
    endloop
  endfacet
  facet normal 0 0 1
    outer loop
      vertex 2.3 4 59.4
      vertex 0.598535 1.64446 59.4
      vertex 0.739581 1.58604 59.4
    endloop
  endfacet
  facet normal 0 0 1
    outer loop
      vertex 2.3 4 59.4
      vertex 0.452933 1.69037 59.4
      vertex 0.598535 1.64446 59.4
    endloop
  endfacet
  facet normal 0 0 1
    outer loop
      vertex 2.3 4 59.4
      vertex 0.303884 1.72341 59.4
      vertex 0.452933 1.69037 59.4
    endloop
  endfacet
  facet normal 0 0 1
    outer loop
      vertex 2.3 4 59.4
      vertex 0.152522 1.74334 59.4
      vertex 0.303884 1.72341 59.4
    endloop
  endfacet
  facet normal 0 0 1
    outer loop
      vertex 2.3 4 59.4
      vertex 0 1.75 59.4
      vertex 0.152522 1.74334 59.4
    endloop
  endfacet
  facet normal -0 0 1
    outer loop
      vertex -2.3 4 59.4
      vertex 0 1.75 59.4
      vertex 2.3 4 59.4
    endloop
  endfacet
  facet normal 0 0 1
    outer loop
      vertex 0 1.75 59.4
      vertex -2.3 4 59.4
      vertex -0.152522 1.74334 59.4
    endloop
  endfacet
  facet normal 0 0 1
    outer loop
      vertex -0.152522 1.74334 59.4
      vertex -2.3 4 59.4
      vertex -0.303884 1.72341 59.4
    endloop
  endfacet
  facet normal 0 0 1
    outer loop
      vertex -0.303884 1.72341 59.4
      vertex -2.3 4 59.4
      vertex -0.452933 1.69037 59.4
    endloop
  endfacet
  facet normal 0 0 1
    outer loop
      vertex -0.452933 1.69037 59.4
      vertex -2.3 4 59.4
      vertex -0.598535 1.64446 59.4
    endloop
  endfacet
  facet normal 0 0 1
    outer loop
      vertex -0.598535 1.64446 59.4
      vertex -2.3 4 59.4
      vertex -0.739581 1.58604 59.4
    endloop
  endfacet
  facet normal 0 0 1
    outer loop
      vertex -0.739581 1.58604 59.4
      vertex -2.3 4 59.4
      vertex -0.875 1.51554 59.4
    endloop
  endfacet
  facet normal 0 0 1
    outer loop
      vertex -0.875 1.51554 59.4
      vertex -2.3 4 59.4
      vertex -1.00376 1.43352 59.4
    endloop
  endfacet
  facet normal 0 0 1
    outer loop
      vertex -1.72341 0.303884 59.4
      vertex -2.3 -1 59.4
      vertex -1.74334 0.152522 59.4
    endloop
  endfacet
  facet normal 0 0 1
    outer loop
      vertex -1.69037 0.452933 59.4
      vertex -2.3 -1 59.4
      vertex -1.72341 0.303884 59.4
    endloop
  endfacet
  facet normal 0 0 1
    outer loop
      vertex -2.3 -1 59.4
      vertex -1.69037 0.452933 59.4
      vertex -2.3 4 59.4
    endloop
  endfacet
  facet normal 0 0 1
    outer loop
      vertex -1.64446 0.598535 59.4
      vertex -2.3 4 59.4
      vertex -1.69037 0.452933 59.4
    endloop
  endfacet
  facet normal 0 0 1
    outer loop
      vertex -1.58604 0.739581 59.4
      vertex -2.3 4 59.4
      vertex -1.64446 0.598535 59.4
    endloop
  endfacet
  facet normal 0 0 1
    outer loop
      vertex -1.51554 0.875 59.4
      vertex -2.3 4 59.4
      vertex -1.58604 0.739581 59.4
    endloop
  endfacet
  facet normal 0 0 1
    outer loop
      vertex -1.43352 1.00376 59.4
      vertex -2.3 4 59.4
      vertex -1.51554 0.875 59.4
    endloop
  endfacet
  facet normal 0 0 1
    outer loop
      vertex -1.34058 1.12488 59.4
      vertex -2.3 4 59.4
      vertex -1.43352 1.00376 59.4
    endloop
  endfacet
  facet normal 0 0 1
    outer loop
      vertex -1.23744 1.23744 59.4
      vertex -2.3 4 59.4
      vertex -1.34058 1.12488 59.4
    endloop
  endfacet
  facet normal 0 0 1
    outer loop
      vertex -1.12488 1.34058 59.4
      vertex -2.3 4 59.4
      vertex -1.23744 1.23744 59.4
    endloop
  endfacet
  facet normal 0 0 1
    outer loop
      vertex -1.00376 1.43352 59.4
      vertex -2.3 4 59.4
      vertex -1.12488 1.34058 59.4
    endloop
  endfacet
  facet normal -0 0 1
    outer loop
      vertex 1.74334 -0.152522 59.4
      vertex 2.3 -1 59.4
      vertex 1.75 0 59.4
    endloop
  endfacet
  facet normal -0 0 1
    outer loop
      vertex 1.72341 -0.303884 59.4
      vertex 2.3 -1 59.4
      vertex 1.74334 -0.152522 59.4
    endloop
  endfacet
  facet normal -0 0 1
    outer loop
      vertex 1.69037 -0.452933 59.4
      vertex 2.3 -1 59.4
      vertex 1.72341 -0.303884 59.4
    endloop
  endfacet
  facet normal -0 0 1
    outer loop
      vertex 1.64446 -0.598535 59.4
      vertex 2.3 -1 59.4
      vertex 1.69037 -0.452933 59.4
    endloop
  endfacet
  facet normal -0 0 1
    outer loop
      vertex 1.58604 -0.739581 59.4
      vertex 2.3 -1 59.4
      vertex 1.64446 -0.598535 59.4
    endloop
  endfacet
  facet normal -0 0 1
    outer loop
      vertex 1.51554 -0.875 59.4
      vertex 2.3 -1 59.4
      vertex 1.58604 -0.739581 59.4
    endloop
  endfacet
  facet normal 0 0 1
    outer loop
      vertex 2.3 -1 59.4
      vertex 1.51554 -0.875 59.4
      vertex 1.43591 -1 59.4
    endloop
  endfacet
  facet normal 0 0 1
    outer loop
      vertex -1.74334 0.152522 59.4
      vertex -2.3 -1 59.4
      vertex -1.75 0 59.4
    endloop
  endfacet
  facet normal 0 0 1
    outer loop
      vertex -1.75 0 59.4
      vertex -2.3 -1 59.4
      vertex -1.74334 -0.152522 59.4
    endloop
  endfacet
  facet normal 0 0 1
    outer loop
      vertex -1.51554 -0.875 59.4
      vertex -2.3 -1 59.4
      vertex -1.43591 -1 59.4
    endloop
  endfacet
  facet normal 0 0 1
    outer loop
      vertex -1.58604 -0.739581 59.4
      vertex -2.3 -1 59.4
      vertex -1.51554 -0.875 59.4
    endloop
  endfacet
  facet normal 0 0 1
    outer loop
      vertex -1.64446 -0.598535 59.4
      vertex -2.3 -1 59.4
      vertex -1.58604 -0.739581 59.4
    endloop
  endfacet
  facet normal 0 0 1
    outer loop
      vertex -1.69037 -0.452933 59.4
      vertex -2.3 -1 59.4
      vertex -1.64446 -0.598535 59.4
    endloop
  endfacet
  facet normal 0 0 1
    outer loop
      vertex -1.72341 -0.303884 59.4
      vertex -2.3 -1 59.4
      vertex -1.69037 -0.452933 59.4
    endloop
  endfacet
  facet normal 0 0 1
    outer loop
      vertex -1.74334 -0.152522 59.4
      vertex -2.3 -1 59.4
      vertex -1.72341 -0.303884 59.4
    endloop
  endfacet
  facet normal 1 -0 0
    outer loop
      vertex -2.3 -1 61
      vertex -2.3 4 59.4
      vertex -2.3 4 61
    endloop
  endfacet
  facet normal 1 0 0
    outer loop
      vertex -2.3 4 59.4
      vertex -2.3 -1 61
      vertex -2.3 -1 59.4
    endloop
  endfacet
  facet normal 0 1 -0
    outer loop
      vertex 2.3 -1 59.4
      vertex 1.43591 -1 61
      vertex 2.3 -1 61
    endloop
  endfacet
  facet normal 0 1 0
    outer loop
      vertex 1.43591 -1 61
      vertex 2.3 -1 59.4
      vertex 1.43591 -1 59.4
    endloop
  endfacet
  facet normal 0 1 -0
    outer loop
      vertex -1.43591 -1 59.4
      vertex -2.3 -1 61
      vertex -1.43591 -1 61
    endloop
  endfacet
  facet normal 0 1 0
    outer loop
      vertex -2.3 -1 61
      vertex -1.43591 -1 59.4
      vertex -2.3 -1 59.4
    endloop
  endfacet
  facet normal -0.991442 -0.130544 0
    outer loop
      vertex 1.74334 0.152522 2
      vertex 1.72341 0.303884 4
      vertex 1.72341 0.303884 2
    endloop
  endfacet
  facet normal -0.991442 -0.130544 0
    outer loop
      vertex 1.72341 0.303884 4
      vertex 1.74334 0.152522 2
      vertex 1.74334 0.152522 4
    endloop
  endfacet
  facet normal -0.991442 -0.130544 0
    outer loop
      vertex 1.74334 0.152522 12
      vertex 1.72341 0.303884 59.4
      vertex 1.72341 0.303884 12
    endloop
  endfacet
  facet normal -0.991442 -0.130544 0
    outer loop
      vertex 1.72341 0.303884 59.4
      vertex 1.74334 0.152522 12
      vertex 1.74334 0.152522 59.4
    endloop
  endfacet
  facet normal -0.999048 -0.0436243 0
    outer loop
      vertex 1.75 0 2
      vertex 1.74334 0.152522 4
      vertex 1.74334 0.152522 2
    endloop
  endfacet
  facet normal -0.999048 -0.0436243 0
    outer loop
      vertex 1.74334 0.152522 4
      vertex 1.75 0 2
      vertex 1.75 0 4
    endloop
  endfacet
  facet normal -0.999048 -0.0436243 0
    outer loop
      vertex 1.75 0 12
      vertex 1.74334 0.152522 59.4
      vertex 1.74334 0.152522 12
    endloop
  endfacet
  facet normal -0.999048 -0.0436243 0
    outer loop
      vertex 1.74334 0.152522 59.4
      vertex 1.75 0 12
      vertex 1.75 0 59.4
    endloop
  endfacet
  facet normal -0.976301 -0.216419 0
    outer loop
      vertex 1.72341 0.303884 2
      vertex 1.69037 0.452933 4
      vertex 1.69037 0.452933 2
    endloop
  endfacet
  facet normal -0.976301 -0.216419 0
    outer loop
      vertex 1.69037 0.452933 4
      vertex 1.72341 0.303884 2
      vertex 1.72341 0.303884 4
    endloop
  endfacet
  facet normal -0.976301 -0.216419 0
    outer loop
      vertex 1.72341 0.303884 12
      vertex 1.69037 0.452933 59.4
      vertex 1.69037 0.452933 12
    endloop
  endfacet
  facet normal -0.976301 -0.216419 0
    outer loop
      vertex 1.69037 0.452933 59.4
      vertex 1.72341 0.303884 12
      vertex 1.72341 0.303884 59.4
    endloop
  endfacet
  facet normal -0.216419 -0.976301 0
    outer loop
      vertex 0.303884 1.72341 2
      vertex 0.452933 1.69037 4
      vertex 0.303884 1.72341 4
    endloop
  endfacet
  facet normal -0.216419 -0.976301 -0
    outer loop
      vertex 0.452933 1.69037 4
      vertex 0.303884 1.72341 2
      vertex 0.452933 1.69037 2
    endloop
  endfacet
  facet normal -0.216419 -0.976301 0
    outer loop
      vertex 0.303884 1.72341 12
      vertex 0.452933 1.69037 59.4
      vertex 0.303884 1.72341 59.4
    endloop
  endfacet
  facet normal -0.216419 -0.976301 -0
    outer loop
      vertex 0.452933 1.69037 59.4
      vertex 0.303884 1.72341 12
      vertex 0.452933 1.69037 12
    endloop
  endfacet
  facet normal 0.886997 0.461776 0
    outer loop
      vertex -1.51554 -0.875 4
      vertex -1.58604 -0.739581 2
      vertex -1.58604 -0.739581 4
    endloop
  endfacet
  facet normal 0.886997 0.461776 0
    outer loop
      vertex -1.58604 -0.739581 2
      vertex -1.51554 -0.875 4
      vertex -1.51554 -0.875 2
    endloop
  endfacet
  facet normal 0.886997 0.461776 0
    outer loop
      vertex -1.51554 -0.875 59.4
      vertex -1.58604 -0.739581 12
      vertex -1.58604 -0.739581 59.4
    endloop
  endfacet
  facet normal 0.886997 0.461776 0
    outer loop
      vertex -1.58604 -0.739581 12
      vertex -1.51554 -0.875 59.4
      vertex -1.51554 -0.875 12
    endloop
  endfacet
  facet normal 0.461776 -0.886997 0
    outer loop
      vertex -0.875 1.51554 2
      vertex -0.739581 1.58604 4
      vertex -0.875 1.51554 4
    endloop
  endfacet
  facet normal 0.461776 -0.886997 0
    outer loop
      vertex -0.739581 1.58604 4
      vertex -0.875 1.51554 2
      vertex -0.739581 1.58604 2
    endloop
  endfacet
  facet normal 0.461776 -0.886997 0
    outer loop
      vertex -0.875 1.51554 12
      vertex -0.739581 1.58604 59.4
      vertex -0.875 1.51554 59.4
    endloop
  endfacet
  facet normal 0.461776 -0.886997 0
    outer loop
      vertex -0.739581 1.58604 59.4
      vertex -0.875 1.51554 12
      vertex -0.739581 1.58604 12
    endloop
  endfacet
  facet normal 0.0436243 0.999048 -0
    outer loop
      vertex 0 -1.75 2
      vertex -0.152522 -1.74334 4
      vertex 0 -1.75 4
    endloop
  endfacet
  facet normal 0.0436243 0.999048 0
    outer loop
      vertex -0.152522 -1.74334 4
      vertex 0 -1.75 2
      vertex -0.152522 -1.74334 2
    endloop
  endfacet
  facet normal 0.0436243 0.999048 -0
    outer loop
      vertex 0 -1.75 12
      vertex -0.152522 -1.74334 61
      vertex 0 -1.75 61
    endloop
  endfacet
  facet normal 0.0436243 0.999048 0
    outer loop
      vertex -0.152522 -1.74334 61
      vertex 0 -1.75 12
      vertex -0.152522 -1.74334 12
    endloop
  endfacet
  facet normal 0.886997 -0.461776 0
    outer loop
      vertex -1.58604 0.739581 4
      vertex -1.51554 0.875 2
      vertex -1.51554 0.875 4
    endloop
  endfacet
  facet normal 0.886997 -0.461776 0
    outer loop
      vertex -1.51554 0.875 2
      vertex -1.58604 0.739581 4
      vertex -1.58604 0.739581 2
    endloop
  endfacet
  facet normal 0.886997 -0.461776 0
    outer loop
      vertex -1.58604 0.739581 59.4
      vertex -1.51554 0.875 12
      vertex -1.51554 0.875 59.4
    endloop
  endfacet
  facet normal 0.886997 -0.461776 0
    outer loop
      vertex -1.51554 0.875 12
      vertex -1.58604 0.739581 59.4
      vertex -1.58604 0.739581 12
    endloop
  endfacet
  facet normal 0.216419 -0.976301 0
    outer loop
      vertex -0.452933 1.69037 2
      vertex -0.303884 1.72341 4
      vertex -0.452933 1.69037 4
    endloop
  endfacet
  facet normal 0.216419 -0.976301 0
    outer loop
      vertex -0.303884 1.72341 4
      vertex -0.452933 1.69037 2
      vertex -0.303884 1.72341 2
    endloop
  endfacet
  facet normal 0.216419 -0.976301 0
    outer loop
      vertex -0.452933 1.69037 12
      vertex -0.303884 1.72341 59.4
      vertex -0.452933 1.69037 59.4
    endloop
  endfacet
  facet normal 0.216419 -0.976301 0
    outer loop
      vertex -0.303884 1.72341 59.4
      vertex -0.452933 1.69037 12
      vertex -0.303884 1.72341 12
    endloop
  endfacet
  facet normal -0.130544 0.991442 0
    outer loop
      vertex 0.303884 -1.72341 2
      vertex 0.152522 -1.74334 4
      vertex 0.303884 -1.72341 4
    endloop
  endfacet
  facet normal -0.130544 0.991442 0
    outer loop
      vertex 0.152522 -1.74334 4
      vertex 0.303884 -1.72341 2
      vertex 0.152522 -1.74334 2
    endloop
  endfacet
  facet normal -0.130544 0.991442 0
    outer loop
      vertex 0.303884 -1.72341 12
      vertex 0.152522 -1.74334 61
      vertex 0.303884 -1.72341 61
    endloop
  endfacet
  facet normal -0.130544 0.991442 0
    outer loop
      vertex 0.152522 -1.74334 61
      vertex 0.303884 -1.72341 12
      vertex 0.152522 -1.74334 12
    endloop
  endfacet
  facet normal 0.382666 -0.923887 0
    outer loop
      vertex -0.739581 1.58604 2
      vertex -0.598535 1.64446 4
      vertex -0.739581 1.58604 4
    endloop
  endfacet
  facet normal 0.382666 -0.923887 0
    outer loop
      vertex -0.598535 1.64446 4
      vertex -0.739581 1.58604 2
      vertex -0.598535 1.64446 2
    endloop
  endfacet
  facet normal 0.382666 -0.923887 0
    outer loop
      vertex -0.739581 1.58604 12
      vertex -0.598535 1.64446 59.4
      vertex -0.739581 1.58604 59.4
    endloop
  endfacet
  facet normal 0.382666 -0.923887 0
    outer loop
      vertex -0.598535 1.64446 59.4
      vertex -0.739581 1.58604 12
      vertex -0.598535 1.64446 12
    endloop
  endfacet
  facet normal -0.999048 0.0436243 0
    outer loop
      vertex 1.74334 -0.152522 2
      vertex 1.75 0 4
      vertex 1.75 0 2
    endloop
  endfacet
  facet normal -0.999048 0.0436243 0
    outer loop
      vertex 1.75 0 4
      vertex 1.74334 -0.152522 2
      vertex 1.74334 -0.152522 4
    endloop
  endfacet
  facet normal -0.999048 0.0436243 0
    outer loop
      vertex 1.74334 -0.152522 12
      vertex 1.75 0 59.4
      vertex 1.75 0 12
    endloop
  endfacet
  facet normal -0.999048 0.0436243 0
    outer loop
      vertex 1.75 0 59.4
      vertex 1.74334 -0.152522 12
      vertex 1.74334 -0.152522 59.4
    endloop
  endfacet
  facet normal -0.608767 -0.793349 0
    outer loop
      vertex 1.00376 1.43352 2
      vertex 1.12488 1.34058 4
      vertex 1.00376 1.43352 4
    endloop
  endfacet
  facet normal -0.608767 -0.793349 -0
    outer loop
      vertex 1.12488 1.34058 4
      vertex 1.00376 1.43352 2
      vertex 1.12488 1.34058 2
    endloop
  endfacet
  facet normal -0.608767 -0.793349 0
    outer loop
      vertex 1.00376 1.43352 12
      vertex 1.12488 1.34058 59.4
      vertex 1.00376 1.43352 59.4
    endloop
  endfacet
  facet normal -0.608767 -0.793349 -0
    outer loop
      vertex 1.12488 1.34058 59.4
      vertex 1.00376 1.43352 12
      vertex 1.12488 1.34058 12
    endloop
  endfacet
  facet normal -0.793349 0.608767 0
    outer loop
      vertex 1.34058 -1.12488 2
      vertex 1.43352 -1.00376 4
      vertex 1.43352 -1.00376 2
    endloop
  endfacet
  facet normal -0.793349 0.608767 0
    outer loop
      vertex 1.43352 -1.00376 4
      vertex 1.34058 -1.12488 2
      vertex 1.34058 -1.12488 4
    endloop
  endfacet
  facet normal -0.793349 0.608767 0
    outer loop
      vertex 1.34058 -1.12488 12
      vertex 1.43352 -1.00376 61
      vertex 1.43352 -1.00376 12
    endloop
  endfacet
  facet normal -0.793349 0.608767 0
    outer loop
      vertex 1.43352 -1.00376 61
      vertex 1.34058 -1.12488 12
      vertex 1.34058 -1.12488 61
    endloop
  endfacet
  facet normal -0.843419 -0.537257 0
    outer loop
      vertex 1.51554 0.875 2
      vertex 1.43352 1.00376 4
      vertex 1.43352 1.00376 2
    endloop
  endfacet
  facet normal -0.843419 -0.537257 0
    outer loop
      vertex 1.43352 1.00376 4
      vertex 1.51554 0.875 2
      vertex 1.51554 0.875 4
    endloop
  endfacet
  facet normal -0.843419 -0.537257 0
    outer loop
      vertex 1.51554 0.875 12
      vertex 1.43352 1.00376 59.4
      vertex 1.43352 1.00376 12
    endloop
  endfacet
  facet normal -0.843419 -0.537257 0
    outer loop
      vertex 1.43352 1.00376 59.4
      vertex 1.51554 0.875 12
      vertex 1.51554 0.875 59.4
    endloop
  endfacet
  facet normal 0.300717 -0.953713 0
    outer loop
      vertex -0.598535 1.64446 2
      vertex -0.452933 1.69037 4
      vertex -0.598535 1.64446 4
    endloop
  endfacet
  facet normal 0.300717 -0.953713 0
    outer loop
      vertex -0.452933 1.69037 4
      vertex -0.598535 1.64446 2
      vertex -0.452933 1.69037 2
    endloop
  endfacet
  facet normal 0.300717 -0.953713 0
    outer loop
      vertex -0.598535 1.64446 12
      vertex -0.452933 1.69037 59.4
      vertex -0.598535 1.64446 59.4
    endloop
  endfacet
  facet normal 0.300717 -0.953713 0
    outer loop
      vertex -0.452933 1.69037 59.4
      vertex -0.598535 1.64446 12
      vertex -0.452933 1.69037 12
    endloop
  endfacet
  facet normal -0.976301 0.216419 0
    outer loop
      vertex 1.69037 -0.452933 2
      vertex 1.72341 -0.303884 4
      vertex 1.72341 -0.303884 2
    endloop
  endfacet
  facet normal -0.976301 0.216419 0
    outer loop
      vertex 1.72341 -0.303884 4
      vertex 1.69037 -0.452933 2
      vertex 1.69037 -0.452933 4
    endloop
  endfacet
  facet normal -0.976301 0.216419 0
    outer loop
      vertex 1.69037 -0.452933 12
      vertex 1.72341 -0.303884 59.4
      vertex 1.72341 -0.303884 12
    endloop
  endfacet
  facet normal -0.976301 0.216419 0
    outer loop
      vertex 1.72341 -0.303884 59.4
      vertex 1.69037 -0.452933 12
      vertex 1.69037 -0.452933 59.4
    endloop
  endfacet
  facet normal 0.793349 0.608767 0
    outer loop
      vertex -1.34058 -1.12488 4
      vertex -1.43352 -1.00376 2
      vertex -1.43352 -1.00376 4
    endloop
  endfacet
  facet normal 0.793349 0.608767 0
    outer loop
      vertex -1.43352 -1.00376 2
      vertex -1.34058 -1.12488 4
      vertex -1.34058 -1.12488 2
    endloop
  endfacet
  facet normal 0.793349 0.608767 0
    outer loop
      vertex -1.34058 -1.12488 61
      vertex -1.43352 -1.00376 12
      vertex -1.43352 -1.00376 61
    endloop
  endfacet
  facet normal 0.793349 0.608767 0
    outer loop
      vertex -1.43352 -1.00376 12
      vertex -1.34058 -1.12488 61
      vertex -1.34058 -1.12488 12
    endloop
  endfacet
  facet normal -0.461776 -0.886997 0
    outer loop
      vertex 0.739581 1.58604 2
      vertex 0.875 1.51554 4
      vertex 0.739581 1.58604 4
    endloop
  endfacet
  facet normal -0.461776 -0.886997 -0
    outer loop
      vertex 0.875 1.51554 4
      vertex 0.739581 1.58604 2
      vertex 0.875 1.51554 2
    endloop
  endfacet
  facet normal -0.461776 -0.886997 0
    outer loop
      vertex 0.739581 1.58604 12
      vertex 0.875 1.51554 59.4
      vertex 0.739581 1.58604 59.4
    endloop
  endfacet
  facet normal -0.461776 -0.886997 -0
    outer loop
      vertex 0.875 1.51554 59.4
      vertex 0.739581 1.58604 12
      vertex 0.875 1.51554 12
    endloop
  endfacet
  facet normal 0.130544 0.991442 -0
    outer loop
      vertex -0.152522 -1.74334 2
      vertex -0.303884 -1.72341 4
      vertex -0.152522 -1.74334 4
    endloop
  endfacet
  facet normal 0.130544 0.991442 0
    outer loop
      vertex -0.303884 -1.72341 4
      vertex -0.152522 -1.74334 2
      vertex -0.303884 -1.72341 2
    endloop
  endfacet
  facet normal 0.130544 0.991442 -0
    outer loop
      vertex -0.152522 -1.74334 12
      vertex -0.303884 -1.72341 61
      vertex -0.152522 -1.74334 61
    endloop
  endfacet
  facet normal 0.130544 0.991442 0
    outer loop
      vertex -0.303884 -1.72341 61
      vertex -0.152522 -1.74334 12
      vertex -0.303884 -1.72341 12
    endloop
  endfacet
  facet normal 0.216419 0.976301 -0
    outer loop
      vertex -0.303884 -1.72341 2
      vertex -0.452933 -1.69037 4
      vertex -0.303884 -1.72341 4
    endloop
  endfacet
  facet normal 0.216419 0.976301 0
    outer loop
      vertex -0.452933 -1.69037 4
      vertex -0.303884 -1.72341 2
      vertex -0.452933 -1.69037 2
    endloop
  endfacet
  facet normal 0.216419 0.976301 -0
    outer loop
      vertex -0.303884 -1.72341 12
      vertex -0.452933 -1.69037 61
      vertex -0.303884 -1.72341 61
    endloop
  endfacet
  facet normal 0.216419 0.976301 0
    outer loop
      vertex -0.452933 -1.69037 61
      vertex -0.303884 -1.72341 12
      vertex -0.452933 -1.69037 12
    endloop
  endfacet
  facet normal -0.537257 -0.843419 0
    outer loop
      vertex 0.875 1.51554 2
      vertex 1.00376 1.43352 4
      vertex 0.875 1.51554 4
    endloop
  endfacet
  facet normal -0.537257 -0.843419 -0
    outer loop
      vertex 1.00376 1.43352 4
      vertex 0.875 1.51554 2
      vertex 1.00376 1.43352 2
    endloop
  endfacet
  facet normal -0.537257 -0.843419 0
    outer loop
      vertex 0.875 1.51554 12
      vertex 1.00376 1.43352 59.4
      vertex 0.875 1.51554 59.4
    endloop
  endfacet
  facet normal -0.537257 -0.843419 -0
    outer loop
      vertex 1.00376 1.43352 59.4
      vertex 0.875 1.51554 12
      vertex 1.00376 1.43352 12
    endloop
  endfacet
  facet normal 0.608767 -0.793349 0
    outer loop
      vertex -1.12488 1.34058 2
      vertex -1.00376 1.43352 4
      vertex -1.12488 1.34058 4
    endloop
  endfacet
  facet normal 0.608767 -0.793349 0
    outer loop
      vertex -1.00376 1.43352 4
      vertex -1.12488 1.34058 2
      vertex -1.00376 1.43352 2
    endloop
  endfacet
  facet normal 0.608767 -0.793349 0
    outer loop
      vertex -1.12488 1.34058 12
      vertex -1.00376 1.43352 59.4
      vertex -1.12488 1.34058 59.4
    endloop
  endfacet
  facet normal 0.608767 -0.793349 0
    outer loop
      vertex -1.00376 1.43352 59.4
      vertex -1.12488 1.34058 12
      vertex -1.00376 1.43352 12
    endloop
  endfacet
  facet normal -0.953713 -0.300717 0
    outer loop
      vertex 1.69037 0.452933 2
      vertex 1.64446 0.598535 4
      vertex 1.64446 0.598535 2
    endloop
  endfacet
  facet normal -0.953713 -0.300717 0
    outer loop
      vertex 1.64446 0.598535 4
      vertex 1.69037 0.452933 2
      vertex 1.69037 0.452933 4
    endloop
  endfacet
  facet normal -0.953713 -0.300717 0
    outer loop
      vertex 1.69037 0.452933 12
      vertex 1.64446 0.598535 59.4
      vertex 1.64446 0.598535 12
    endloop
  endfacet
  facet normal -0.953713 -0.300717 0
    outer loop
      vertex 1.64446 0.598535 59.4
      vertex 1.69037 0.452933 12
      vertex 1.69037 0.452933 59.4
    endloop
  endfacet
  facet normal 0.537257 -0.843419 0
    outer loop
      vertex -1.00376 1.43352 2
      vertex -0.875 1.51554 4
      vertex -1.00376 1.43352 4
    endloop
  endfacet
  facet normal 0.537257 -0.843419 0
    outer loop
      vertex -0.875 1.51554 4
      vertex -1.00376 1.43352 2
      vertex -0.875 1.51554 2
    endloop
  endfacet
  facet normal 0.537257 -0.843419 0
    outer loop
      vertex -1.00376 1.43352 12
      vertex -0.875 1.51554 59.4
      vertex -1.00376 1.43352 59.4
    endloop
  endfacet
  facet normal 0.537257 -0.843419 0
    outer loop
      vertex -0.875 1.51554 59.4
      vertex -1.00376 1.43352 12
      vertex -0.875 1.51554 12
    endloop
  endfacet
  facet normal -0.923887 0.382666 0
    outer loop
      vertex 1.58604 -0.739581 2
      vertex 1.64446 -0.598535 4
      vertex 1.64446 -0.598535 2
    endloop
  endfacet
  facet normal -0.923887 0.382666 0
    outer loop
      vertex 1.64446 -0.598535 4
      vertex 1.58604 -0.739581 2
      vertex 1.58604 -0.739581 4
    endloop
  endfacet
  facet normal -0.923887 0.382666 0
    outer loop
      vertex 1.58604 -0.739581 12
      vertex 1.64446 -0.598535 59.4
      vertex 1.64446 -0.598535 12
    endloop
  endfacet
  facet normal -0.923887 0.382666 0
    outer loop
      vertex 1.64446 -0.598535 59.4
      vertex 1.58604 -0.739581 12
      vertex 1.58604 -0.739581 59.4
    endloop
  endfacet
  facet normal 0.953713 0.300717 0
    outer loop
      vertex -1.64446 -0.598535 4
      vertex -1.69037 -0.452933 2
      vertex -1.69037 -0.452933 4
    endloop
  endfacet
  facet normal 0.953713 0.300717 0
    outer loop
      vertex -1.69037 -0.452933 2
      vertex -1.64446 -0.598535 4
      vertex -1.64446 -0.598535 2
    endloop
  endfacet
  facet normal 0.953713 0.300717 0
    outer loop
      vertex -1.64446 -0.598535 59.4
      vertex -1.69037 -0.452933 12
      vertex -1.69037 -0.452933 59.4
    endloop
  endfacet
  facet normal 0.953713 0.300717 0
    outer loop
      vertex -1.69037 -0.452933 12
      vertex -1.64446 -0.598535 59.4
      vertex -1.64446 -0.598535 12
    endloop
  endfacet
  facet normal -0.382666 -0.923887 0
    outer loop
      vertex 0.598535 1.64446 2
      vertex 0.739581 1.58604 4
      vertex 0.598535 1.64446 4
    endloop
  endfacet
  facet normal -0.382666 -0.923887 -0
    outer loop
      vertex 0.739581 1.58604 4
      vertex 0.598535 1.64446 2
      vertex 0.739581 1.58604 2
    endloop
  endfacet
  facet normal -0.382666 -0.923887 0
    outer loop
      vertex 0.598535 1.64446 12
      vertex 0.739581 1.58604 59.4
      vertex 0.598535 1.64446 59.4
    endloop
  endfacet
  facet normal -0.382666 -0.923887 -0
    outer loop
      vertex 0.739581 1.58604 59.4
      vertex 0.598535 1.64446 12
      vertex 0.739581 1.58604 12
    endloop
  endfacet
  facet normal 0.953713 -0.300717 0
    outer loop
      vertex -1.69037 0.452933 4
      vertex -1.64446 0.598535 2
      vertex -1.64446 0.598535 4
    endloop
  endfacet
  facet normal 0.953713 -0.300717 0
    outer loop
      vertex -1.64446 0.598535 2
      vertex -1.69037 0.452933 4
      vertex -1.69037 0.452933 2
    endloop
  endfacet
  facet normal 0.953713 -0.300717 0
    outer loop
      vertex -1.69037 0.452933 59.4
      vertex -1.64446 0.598535 12
      vertex -1.64446 0.598535 59.4
    endloop
  endfacet
  facet normal 0.953713 -0.300717 0
    outer loop
      vertex -1.64446 0.598535 12
      vertex -1.69037 0.452933 59.4
      vertex -1.69037 0.452933 12
    endloop
  endfacet
  facet normal -0.737285 -0.675582 0
    outer loop
      vertex 1.34058 1.12488 2
      vertex 1.23744 1.23744 4
      vertex 1.23744 1.23744 2
    endloop
  endfacet
  facet normal -0.737285 -0.675582 0
    outer loop
      vertex 1.23744 1.23744 4
      vertex 1.34058 1.12488 2
      vertex 1.34058 1.12488 4
    endloop
  endfacet
  facet normal -0.737285 -0.675582 0
    outer loop
      vertex 1.34058 1.12488 12
      vertex 1.23744 1.23744 59.4
      vertex 1.23744 1.23744 12
    endloop
  endfacet
  facet normal -0.737285 -0.675582 0
    outer loop
      vertex 1.23744 1.23744 59.4
      vertex 1.34058 1.12488 12
      vertex 1.34058 1.12488 59.4
    endloop
  endfacet
  facet normal 0.843419 0.537257 0
    outer loop
      vertex -1.43352 -1.00376 4
      vertex -1.51554 -0.875 2
      vertex -1.51554 -0.875 4
    endloop
  endfacet
  facet normal 0.843419 0.537257 0
    outer loop
      vertex -1.51554 -0.875 2
      vertex -1.43352 -1.00376 4
      vertex -1.43352 -1.00376 2
    endloop
  endfacet
  facet normal 0.843939 0.53644 0
    outer loop
      vertex -1.43591 -1 61
      vertex -1.43352 -1.00376 61
      vertex -1.43591 -1 59.4
    endloop
  endfacet
  facet normal 0.843403 0.537281 0
    outer loop
      vertex -1.43591 -1 59.4
      vertex -1.51554 -0.875 12
      vertex -1.51554 -0.875 59.4
    endloop
  endfacet
  facet normal 0.843419 0.537257 -9.10411e-08
    outer loop
      vertex -1.43591 -1 59.4
      vertex -1.43352 -1.00376 12
      vertex -1.51554 -0.875 12
    endloop
  endfacet
  facet normal 0.843939 0.53644 -0
    outer loop
      vertex -1.43352 -1.00376 12
      vertex -1.43591 -1 59.4
      vertex -1.43352 -1.00376 61
    endloop
  endfacet
  facet normal 0.976301 -0.216419 0
    outer loop
      vertex -1.72341 0.303884 4
      vertex -1.69037 0.452933 2
      vertex -1.69037 0.452933 4
    endloop
  endfacet
  facet normal 0.976301 -0.216419 0
    outer loop
      vertex -1.69037 0.452933 2
      vertex -1.72341 0.303884 4
      vertex -1.72341 0.303884 2
    endloop
  endfacet
  facet normal 0.976301 -0.216419 0
    outer loop
      vertex -1.72341 0.303884 59.4
      vertex -1.69037 0.452933 12
      vertex -1.69037 0.452933 59.4
    endloop
  endfacet
  facet normal 0.976301 -0.216419 0
    outer loop
      vertex -1.69037 0.452933 12
      vertex -1.72341 0.303884 59.4
      vertex -1.72341 0.303884 12
    endloop
  endfacet
  facet normal -0.300717 -0.953713 0
    outer loop
      vertex 0.452933 1.69037 2
      vertex 0.598535 1.64446 4
      vertex 0.452933 1.69037 4
    endloop
  endfacet
  facet normal -0.300717 -0.953713 -0
    outer loop
      vertex 0.598535 1.64446 4
      vertex 0.452933 1.69037 2
      vertex 0.598535 1.64446 2
    endloop
  endfacet
  facet normal -0.300717 -0.953713 0
    outer loop
      vertex 0.452933 1.69037 12
      vertex 0.598535 1.64446 59.4
      vertex 0.452933 1.69037 59.4
    endloop
  endfacet
  facet normal -0.300717 -0.953713 -0
    outer loop
      vertex 0.598535 1.64446 59.4
      vertex 0.452933 1.69037 12
      vertex 0.598535 1.64446 12
    endloop
  endfacet
  facet normal -0.537257 0.843419 0
    outer loop
      vertex 1.00376 -1.43352 2
      vertex 0.875 -1.51554 4
      vertex 1.00376 -1.43352 4
    endloop
  endfacet
  facet normal -0.537257 0.843419 0
    outer loop
      vertex 0.875 -1.51554 4
      vertex 1.00376 -1.43352 2
      vertex 0.875 -1.51554 2
    endloop
  endfacet
  facet normal -0.537257 0.843419 0
    outer loop
      vertex 1.00376 -1.43352 12
      vertex 0.875 -1.51554 61
      vertex 1.00376 -1.43352 61
    endloop
  endfacet
  facet normal -0.537257 0.843419 0
    outer loop
      vertex 0.875 -1.51554 61
      vertex 1.00376 -1.43352 12
      vertex 0.875 -1.51554 12
    endloop
  endfacet
  facet normal 0.923887 -0.382666 0
    outer loop
      vertex -1.64446 0.598535 4
      vertex -1.58604 0.739581 2
      vertex -1.58604 0.739581 4
    endloop
  endfacet
  facet normal 0.923887 -0.382666 0
    outer loop
      vertex -1.58604 0.739581 2
      vertex -1.64446 0.598535 4
      vertex -1.64446 0.598535 2
    endloop
  endfacet
  facet normal 0.923887 -0.382666 0
    outer loop
      vertex -1.64446 0.598535 59.4
      vertex -1.58604 0.739581 12
      vertex -1.58604 0.739581 59.4
    endloop
  endfacet
  facet normal 0.923887 -0.382666 0
    outer loop
      vertex -1.58604 0.739581 12
      vertex -1.64446 0.598535 59.4
      vertex -1.64446 0.598535 12
    endloop
  endfacet
  facet normal -0.675582 0.737285 0
    outer loop
      vertex 1.23744 -1.23744 2
      vertex 1.12488 -1.34058 4
      vertex 1.23744 -1.23744 4
    endloop
  endfacet
  facet normal -0.675582 0.737285 0
    outer loop
      vertex 1.12488 -1.34058 4
      vertex 1.23744 -1.23744 2
      vertex 1.12488 -1.34058 2
    endloop
  endfacet
  facet normal -0.675582 0.737285 0
    outer loop
      vertex 1.23744 -1.23744 12
      vertex 1.12488 -1.34058 61
      vertex 1.23744 -1.23744 61
    endloop
  endfacet
  facet normal -0.675582 0.737285 0
    outer loop
      vertex 1.12488 -1.34058 61
      vertex 1.23744 -1.23744 12
      vertex 1.12488 -1.34058 12
    endloop
  endfacet
  facet normal -0.300717 0.953713 0
    outer loop
      vertex 0.598535 -1.64446 2
      vertex 0.452933 -1.69037 4
      vertex 0.598535 -1.64446 4
    endloop
  endfacet
  facet normal -0.300717 0.953713 0
    outer loop
      vertex 0.452933 -1.69037 4
      vertex 0.598535 -1.64446 2
      vertex 0.452933 -1.69037 2
    endloop
  endfacet
  facet normal -0.300717 0.953713 0
    outer loop
      vertex 0.598535 -1.64446 12
      vertex 0.452933 -1.69037 61
      vertex 0.598535 -1.64446 61
    endloop
  endfacet
  facet normal -0.300717 0.953713 0
    outer loop
      vertex 0.452933 -1.69037 61
      vertex 0.598535 -1.64446 12
      vertex 0.452933 -1.69037 12
    endloop
  endfacet
  facet normal 0.793349 -0.608767 0
    outer loop
      vertex -1.43352 1.00376 4
      vertex -1.34058 1.12488 2
      vertex -1.34058 1.12488 4
    endloop
  endfacet
  facet normal 0.793349 -0.608767 0
    outer loop
      vertex -1.34058 1.12488 2
      vertex -1.43352 1.00376 4
      vertex -1.43352 1.00376 2
    endloop
  endfacet
  facet normal 0.793349 -0.608767 0
    outer loop
      vertex -1.43352 1.00376 59.4
      vertex -1.34058 1.12488 12
      vertex -1.34058 1.12488 59.4
    endloop
  endfacet
  facet normal 0.793349 -0.608767 0
    outer loop
      vertex -1.34058 1.12488 12
      vertex -1.43352 1.00376 59.4
      vertex -1.43352 1.00376 12
    endloop
  endfacet
  facet normal -0.0436243 0.999048 0
    outer loop
      vertex 0.152522 -1.74334 2
      vertex 0 -1.75 4
      vertex 0.152522 -1.74334 4
    endloop
  endfacet
  facet normal -0.0436243 0.999048 0
    outer loop
      vertex 0 -1.75 4
      vertex 0.152522 -1.74334 2
      vertex 0 -1.75 2
    endloop
  endfacet
  facet normal -0.0436243 0.999048 0
    outer loop
      vertex 0.152522 -1.74334 12
      vertex 0 -1.75 61
      vertex 0.152522 -1.74334 61
    endloop
  endfacet
  facet normal -0.0436243 0.999048 0
    outer loop
      vertex 0 -1.75 61
      vertex 0.152522 -1.74334 12
      vertex 0 -1.75 12
    endloop
  endfacet
  facet normal -0.953713 0.300717 0
    outer loop
      vertex 1.64446 -0.598535 2
      vertex 1.69037 -0.452933 4
      vertex 1.69037 -0.452933 2
    endloop
  endfacet
  facet normal -0.953713 0.300717 0
    outer loop
      vertex 1.69037 -0.452933 4
      vertex 1.64446 -0.598535 2
      vertex 1.64446 -0.598535 4
    endloop
  endfacet
  facet normal -0.953713 0.300717 0
    outer loop
      vertex 1.64446 -0.598535 12
      vertex 1.69037 -0.452933 59.4
      vertex 1.69037 -0.452933 12
    endloop
  endfacet
  facet normal -0.953713 0.300717 0
    outer loop
      vertex 1.69037 -0.452933 59.4
      vertex 1.64446 -0.598535 12
      vertex 1.64446 -0.598535 59.4
    endloop
  endfacet
  facet normal -0.843419 0.537257 0
    outer loop
      vertex 1.43352 -1.00376 2
      vertex 1.51554 -0.875 4
      vertex 1.51554 -0.875 2
    endloop
  endfacet
  facet normal -0.843419 0.537257 0
    outer loop
      vertex 1.51554 -0.875 4
      vertex 1.43352 -1.00376 2
      vertex 1.43352 -1.00376 4
    endloop
  endfacet
  facet normal -0.843403 0.537281 0
    outer loop
      vertex 1.51554 -0.875 12
      vertex 1.43591 -1 59.4
      vertex 1.51554 -0.875 59.4
    endloop
  endfacet
  facet normal -0.843419 0.537257 -9.10411e-08
    outer loop
      vertex 1.43352 -1.00376 12
      vertex 1.43591 -1 59.4
      vertex 1.51554 -0.875 12
    endloop
  endfacet
  facet normal -0.843939 0.53644 0
    outer loop
      vertex 1.43352 -1.00376 61
      vertex 1.43591 -1 59.4
      vertex 1.43352 -1.00376 12
    endloop
  endfacet
  facet normal -0.843939 0.53644 0
    outer loop
      vertex 1.43591 -1 59.4
      vertex 1.43352 -1.00376 61
      vertex 1.43591 -1 61
    endloop
  endfacet
  facet normal -0.382666 0.923887 0
    outer loop
      vertex 0.739581 -1.58604 2
      vertex 0.598535 -1.64446 4
      vertex 0.739581 -1.58604 4
    endloop
  endfacet
  facet normal -0.382666 0.923887 0
    outer loop
      vertex 0.598535 -1.64446 4
      vertex 0.739581 -1.58604 2
      vertex 0.598535 -1.64446 2
    endloop
  endfacet
  facet normal -0.382666 0.923887 0
    outer loop
      vertex 0.739581 -1.58604 12
      vertex 0.598535 -1.64446 61
      vertex 0.739581 -1.58604 61
    endloop
  endfacet
  facet normal -0.382666 0.923887 0
    outer loop
      vertex 0.598535 -1.64446 61
      vertex 0.739581 -1.58604 12
      vertex 0.598535 -1.64446 12
    endloop
  endfacet
  facet normal 0.999048 -0.0436243 0
    outer loop
      vertex -1.75 0 4
      vertex -1.74334 0.152522 2
      vertex -1.74334 0.152522 4
    endloop
  endfacet
  facet normal 0.999048 -0.0436243 0
    outer loop
      vertex -1.74334 0.152522 2
      vertex -1.75 0 4
      vertex -1.75 0 2
    endloop
  endfacet
  facet normal 0.999048 -0.0436243 0
    outer loop
      vertex -1.75 0 59.4
      vertex -1.74334 0.152522 12
      vertex -1.74334 0.152522 59.4
    endloop
  endfacet
  facet normal 0.999048 -0.0436243 0
    outer loop
      vertex -1.74334 0.152522 12
      vertex -1.75 0 59.4
      vertex -1.75 0 12
    endloop
  endfacet
  facet normal 0.130544 -0.991442 0
    outer loop
      vertex -0.303884 1.72341 2
      vertex -0.152522 1.74334 4
      vertex -0.303884 1.72341 4
    endloop
  endfacet
  facet normal 0.130544 -0.991442 0
    outer loop
      vertex -0.152522 1.74334 4
      vertex -0.303884 1.72341 2
      vertex -0.152522 1.74334 2
    endloop
  endfacet
  facet normal 0.130544 -0.991442 0
    outer loop
      vertex -0.303884 1.72341 12
      vertex -0.152522 1.74334 59.4
      vertex -0.303884 1.72341 59.4
    endloop
  endfacet
  facet normal 0.130544 -0.991442 0
    outer loop
      vertex -0.152522 1.74334 59.4
      vertex -0.303884 1.72341 12
      vertex -0.152522 1.74334 12
    endloop
  endfacet
  facet normal -0.608767 0.793349 0
    outer loop
      vertex 1.12488 -1.34058 2
      vertex 1.00376 -1.43352 4
      vertex 1.12488 -1.34058 4
    endloop
  endfacet
  facet normal -0.608767 0.793349 0
    outer loop
      vertex 1.00376 -1.43352 4
      vertex 1.12488 -1.34058 2
      vertex 1.00376 -1.43352 2
    endloop
  endfacet
  facet normal -0.608767 0.793349 0
    outer loop
      vertex 1.12488 -1.34058 12
      vertex 1.00376 -1.43352 61
      vertex 1.12488 -1.34058 61
    endloop
  endfacet
  facet normal -0.608767 0.793349 0
    outer loop
      vertex 1.00376 -1.43352 61
      vertex 1.12488 -1.34058 12
      vertex 1.00376 -1.43352 12
    endloop
  endfacet
  facet normal -0.675582 -0.737285 0
    outer loop
      vertex 1.12488 1.34058 2
      vertex 1.23744 1.23744 4
      vertex 1.12488 1.34058 4
    endloop
  endfacet
  facet normal -0.675582 -0.737285 -0
    outer loop
      vertex 1.23744 1.23744 4
      vertex 1.12488 1.34058 2
      vertex 1.23744 1.23744 2
    endloop
  endfacet
  facet normal -0.675582 -0.737285 0
    outer loop
      vertex 1.12488 1.34058 12
      vertex 1.23744 1.23744 59.4
      vertex 1.12488 1.34058 59.4
    endloop
  endfacet
  facet normal -0.675582 -0.737285 -0
    outer loop
      vertex 1.23744 1.23744 59.4
      vertex 1.12488 1.34058 12
      vertex 1.23744 1.23744 12
    endloop
  endfacet
  facet normal 0.976301 0.216419 0
    outer loop
      vertex -1.69037 -0.452933 4
      vertex -1.72341 -0.303884 2
      vertex -1.72341 -0.303884 4
    endloop
  endfacet
  facet normal 0.976301 0.216419 0
    outer loop
      vertex -1.72341 -0.303884 2
      vertex -1.69037 -0.452933 4
      vertex -1.69037 -0.452933 2
    endloop
  endfacet
  facet normal 0.976301 0.216419 0
    outer loop
      vertex -1.69037 -0.452933 59.4
      vertex -1.72341 -0.303884 12
      vertex -1.72341 -0.303884 59.4
    endloop
  endfacet
  facet normal 0.976301 0.216419 0
    outer loop
      vertex -1.72341 -0.303884 12
      vertex -1.69037 -0.452933 59.4
      vertex -1.69037 -0.452933 12
    endloop
  endfacet
  facet normal -0.923887 -0.382666 0
    outer loop
      vertex 1.64446 0.598535 2
      vertex 1.58604 0.739581 4
      vertex 1.58604 0.739581 2
    endloop
  endfacet
  facet normal -0.923887 -0.382666 0
    outer loop
      vertex 1.58604 0.739581 4
      vertex 1.64446 0.598535 2
      vertex 1.64446 0.598535 4
    endloop
  endfacet
  facet normal -0.923887 -0.382666 0
    outer loop
      vertex 1.64446 0.598535 12
      vertex 1.58604 0.739581 59.4
      vertex 1.58604 0.739581 12
    endloop
  endfacet
  facet normal -0.923887 -0.382666 0
    outer loop
      vertex 1.58604 0.739581 59.4
      vertex 1.64446 0.598535 12
      vertex 1.64446 0.598535 59.4
    endloop
  endfacet
  facet normal -0.991442 0.130544 0
    outer loop
      vertex 1.72341 -0.303884 2
      vertex 1.74334 -0.152522 4
      vertex 1.74334 -0.152522 2
    endloop
  endfacet
  facet normal -0.991442 0.130544 0
    outer loop
      vertex 1.74334 -0.152522 4
      vertex 1.72341 -0.303884 2
      vertex 1.72341 -0.303884 4
    endloop
  endfacet
  facet normal -0.991442 0.130544 0
    outer loop
      vertex 1.72341 -0.303884 12
      vertex 1.74334 -0.152522 59.4
      vertex 1.74334 -0.152522 12
    endloop
  endfacet
  facet normal -0.991442 0.130544 0
    outer loop
      vertex 1.74334 -0.152522 59.4
      vertex 1.72341 -0.303884 12
      vertex 1.72341 -0.303884 59.4
    endloop
  endfacet
  facet normal -0.0436243 -0.999048 0
    outer loop
      vertex 0 1.75 2
      vertex 0.152522 1.74334 4
      vertex 0 1.75 4
    endloop
  endfacet
  facet normal -0.0436243 -0.999048 -0
    outer loop
      vertex 0.152522 1.74334 4
      vertex 0 1.75 2
      vertex 0.152522 1.74334 2
    endloop
  endfacet
  facet normal -0.0436243 -0.999048 0
    outer loop
      vertex 0 1.75 12
      vertex 0.152522 1.74334 59.4
      vertex 0 1.75 59.4
    endloop
  endfacet
  facet normal -0.0436243 -0.999048 -0
    outer loop
      vertex 0.152522 1.74334 59.4
      vertex 0 1.75 12
      vertex 0.152522 1.74334 12
    endloop
  endfacet
  facet normal 0.923887 0.382666 0
    outer loop
      vertex -1.58604 -0.739581 4
      vertex -1.64446 -0.598535 2
      vertex -1.64446 -0.598535 4
    endloop
  endfacet
  facet normal 0.923887 0.382666 0
    outer loop
      vertex -1.64446 -0.598535 2
      vertex -1.58604 -0.739581 4
      vertex -1.58604 -0.739581 2
    endloop
  endfacet
  facet normal 0.923887 0.382666 0
    outer loop
      vertex -1.58604 -0.739581 59.4
      vertex -1.64446 -0.598535 12
      vertex -1.64446 -0.598535 59.4
    endloop
  endfacet
  facet normal 0.923887 0.382666 0
    outer loop
      vertex -1.64446 -0.598535 12
      vertex -1.58604 -0.739581 59.4
      vertex -1.58604 -0.739581 12
    endloop
  endfacet
  facet normal -0.886997 -0.461776 0
    outer loop
      vertex 1.58604 0.739581 2
      vertex 1.51554 0.875 4
      vertex 1.51554 0.875 2
    endloop
  endfacet
  facet normal -0.886997 -0.461776 0
    outer loop
      vertex 1.51554 0.875 4
      vertex 1.58604 0.739581 2
      vertex 1.58604 0.739581 4
    endloop
  endfacet
  facet normal -0.886997 -0.461776 0
    outer loop
      vertex 1.58604 0.739581 12
      vertex 1.51554 0.875 59.4
      vertex 1.51554 0.875 12
    endloop
  endfacet
  facet normal -0.886997 -0.461776 0
    outer loop
      vertex 1.51554 0.875 59.4
      vertex 1.58604 0.739581 12
      vertex 1.58604 0.739581 59.4
    endloop
  endfacet
  facet normal 0.675582 -0.737285 0
    outer loop
      vertex -1.23744 1.23744 2
      vertex -1.12488 1.34058 4
      vertex -1.23744 1.23744 4
    endloop
  endfacet
  facet normal 0.675582 -0.737285 0
    outer loop
      vertex -1.12488 1.34058 4
      vertex -1.23744 1.23744 2
      vertex -1.12488 1.34058 2
    endloop
  endfacet
  facet normal 0.675582 -0.737285 0
    outer loop
      vertex -1.23744 1.23744 12
      vertex -1.12488 1.34058 59.4
      vertex -1.23744 1.23744 59.4
    endloop
  endfacet
  facet normal 0.675582 -0.737285 0
    outer loop
      vertex -1.12488 1.34058 59.4
      vertex -1.23744 1.23744 12
      vertex -1.12488 1.34058 12
    endloop
  endfacet
  facet normal 0.461776 0.886997 -0
    outer loop
      vertex -0.739581 -1.58604 2
      vertex -0.875 -1.51554 4
      vertex -0.739581 -1.58604 4
    endloop
  endfacet
  facet normal 0.461776 0.886997 0
    outer loop
      vertex -0.875 -1.51554 4
      vertex -0.739581 -1.58604 2
      vertex -0.875 -1.51554 2
    endloop
  endfacet
  facet normal 0.461776 0.886997 -0
    outer loop
      vertex -0.739581 -1.58604 12
      vertex -0.875 -1.51554 61
      vertex -0.739581 -1.58604 61
    endloop
  endfacet
  facet normal 0.461776 0.886997 0
    outer loop
      vertex -0.875 -1.51554 61
      vertex -0.739581 -1.58604 12
      vertex -0.875 -1.51554 12
    endloop
  endfacet
  facet normal -0.461776 0.886997 0
    outer loop
      vertex 0.875 -1.51554 2
      vertex 0.739581 -1.58604 4
      vertex 0.875 -1.51554 4
    endloop
  endfacet
  facet normal -0.461776 0.886997 0
    outer loop
      vertex 0.739581 -1.58604 4
      vertex 0.875 -1.51554 2
      vertex 0.739581 -1.58604 2
    endloop
  endfacet
  facet normal -0.461776 0.886997 0
    outer loop
      vertex 0.875 -1.51554 12
      vertex 0.739581 -1.58604 61
      vertex 0.875 -1.51554 61
    endloop
  endfacet
  facet normal -0.461776 0.886997 0
    outer loop
      vertex 0.739581 -1.58604 61
      vertex 0.875 -1.51554 12
      vertex 0.739581 -1.58604 12
    endloop
  endfacet
  facet normal 0.999048 0.0436243 0
    outer loop
      vertex -1.74334 -0.152522 4
      vertex -1.75 0 2
      vertex -1.75 0 4
    endloop
  endfacet
  facet normal 0.999048 0.0436243 0
    outer loop
      vertex -1.75 0 2
      vertex -1.74334 -0.152522 4
      vertex -1.74334 -0.152522 2
    endloop
  endfacet
  facet normal 0.999048 0.0436243 0
    outer loop
      vertex -1.74334 -0.152522 59.4
      vertex -1.75 0 12
      vertex -1.75 0 59.4
    endloop
  endfacet
  facet normal 0.999048 0.0436243 0
    outer loop
      vertex -1.75 0 12
      vertex -1.74334 -0.152522 59.4
      vertex -1.74334 -0.152522 12
    endloop
  endfacet
  facet normal 0.0436243 -0.999048 0
    outer loop
      vertex -0.152522 1.74334 2
      vertex 0 1.75 4
      vertex -0.152522 1.74334 4
    endloop
  endfacet
  facet normal 0.0436243 -0.999048 0
    outer loop
      vertex 0 1.75 4
      vertex -0.152522 1.74334 2
      vertex 0 1.75 2
    endloop
  endfacet
  facet normal 0.0436243 -0.999048 0
    outer loop
      vertex -0.152522 1.74334 12
      vertex 0 1.75 59.4
      vertex -0.152522 1.74334 59.4
    endloop
  endfacet
  facet normal 0.0436243 -0.999048 0
    outer loop
      vertex 0 1.75 59.4
      vertex -0.152522 1.74334 12
      vertex 0 1.75 12
    endloop
  endfacet
  facet normal 0.608767 0.793349 -0
    outer loop
      vertex -1.00376 -1.43352 2
      vertex -1.12488 -1.34058 4
      vertex -1.00376 -1.43352 4
    endloop
  endfacet
  facet normal 0.608767 0.793349 0
    outer loop
      vertex -1.12488 -1.34058 4
      vertex -1.00376 -1.43352 2
      vertex -1.12488 -1.34058 2
    endloop
  endfacet
  facet normal 0.608767 0.793349 -0
    outer loop
      vertex -1.00376 -1.43352 12
      vertex -1.12488 -1.34058 61
      vertex -1.00376 -1.43352 61
    endloop
  endfacet
  facet normal 0.608767 0.793349 0
    outer loop
      vertex -1.12488 -1.34058 61
      vertex -1.00376 -1.43352 12
      vertex -1.12488 -1.34058 12
    endloop
  endfacet
  facet normal -0.216419 0.976301 0
    outer loop
      vertex 0.452933 -1.69037 2
      vertex 0.303884 -1.72341 4
      vertex 0.452933 -1.69037 4
    endloop
  endfacet
  facet normal -0.216419 0.976301 0
    outer loop
      vertex 0.303884 -1.72341 4
      vertex 0.452933 -1.69037 2
      vertex 0.303884 -1.72341 2
    endloop
  endfacet
  facet normal -0.216419 0.976301 0
    outer loop
      vertex 0.452933 -1.69037 12
      vertex 0.303884 -1.72341 61
      vertex 0.452933 -1.69037 61
    endloop
  endfacet
  facet normal -0.216419 0.976301 0
    outer loop
      vertex 0.303884 -1.72341 61
      vertex 0.452933 -1.69037 12
      vertex 0.303884 -1.72341 12
    endloop
  endfacet
  facet normal 0.737285 0.675582 0
    outer loop
      vertex -1.23744 -1.23744 4
      vertex -1.34058 -1.12488 2
      vertex -1.34058 -1.12488 4
    endloop
  endfacet
  facet normal 0.737285 0.675582 0
    outer loop
      vertex -1.34058 -1.12488 2
      vertex -1.23744 -1.23744 4
      vertex -1.23744 -1.23744 2
    endloop
  endfacet
  facet normal 0.737285 0.675582 0
    outer loop
      vertex -1.23744 -1.23744 61
      vertex -1.34058 -1.12488 12
      vertex -1.34058 -1.12488 61
    endloop
  endfacet
  facet normal 0.737285 0.675582 0
    outer loop
      vertex -1.34058 -1.12488 12
      vertex -1.23744 -1.23744 61
      vertex -1.23744 -1.23744 12
    endloop
  endfacet
  facet normal 0.991442 0.130544 0
    outer loop
      vertex -1.72341 -0.303884 4
      vertex -1.74334 -0.152522 2
      vertex -1.74334 -0.152522 4
    endloop
  endfacet
  facet normal 0.991442 0.130544 0
    outer loop
      vertex -1.74334 -0.152522 2
      vertex -1.72341 -0.303884 4
      vertex -1.72341 -0.303884 2
    endloop
  endfacet
  facet normal 0.991442 0.130544 0
    outer loop
      vertex -1.72341 -0.303884 59.4
      vertex -1.74334 -0.152522 12
      vertex -1.74334 -0.152522 59.4
    endloop
  endfacet
  facet normal 0.991442 0.130544 0
    outer loop
      vertex -1.74334 -0.152522 12
      vertex -1.72341 -0.303884 59.4
      vertex -1.72341 -0.303884 12
    endloop
  endfacet
  facet normal -0.130544 -0.991442 0
    outer loop
      vertex 0.152522 1.74334 2
      vertex 0.303884 1.72341 4
      vertex 0.152522 1.74334 4
    endloop
  endfacet
  facet normal -0.130544 -0.991442 -0
    outer loop
      vertex 0.303884 1.72341 4
      vertex 0.152522 1.74334 2
      vertex 0.303884 1.72341 2
    endloop
  endfacet
  facet normal -0.130544 -0.991442 0
    outer loop
      vertex 0.152522 1.74334 12
      vertex 0.303884 1.72341 59.4
      vertex 0.152522 1.74334 59.4
    endloop
  endfacet
  facet normal -0.130544 -0.991442 -0
    outer loop
      vertex 0.303884 1.72341 59.4
      vertex 0.152522 1.74334 12
      vertex 0.303884 1.72341 12
    endloop
  endfacet
  facet normal -0.793349 -0.608767 0
    outer loop
      vertex 1.43352 1.00376 2
      vertex 1.34058 1.12488 4
      vertex 1.34058 1.12488 2
    endloop
  endfacet
  facet normal -0.793349 -0.608767 0
    outer loop
      vertex 1.34058 1.12488 4
      vertex 1.43352 1.00376 2
      vertex 1.43352 1.00376 4
    endloop
  endfacet
  facet normal -0.793349 -0.608767 0
    outer loop
      vertex 1.43352 1.00376 12
      vertex 1.34058 1.12488 59.4
      vertex 1.34058 1.12488 12
    endloop
  endfacet
  facet normal -0.793349 -0.608767 0
    outer loop
      vertex 1.34058 1.12488 59.4
      vertex 1.43352 1.00376 12
      vertex 1.43352 1.00376 59.4
    endloop
  endfacet
  facet normal -0.886997 0.461776 0
    outer loop
      vertex 1.51554 -0.875 2
      vertex 1.58604 -0.739581 4
      vertex 1.58604 -0.739581 2
    endloop
  endfacet
  facet normal -0.886997 0.461776 0
    outer loop
      vertex 1.58604 -0.739581 4
      vertex 1.51554 -0.875 2
      vertex 1.51554 -0.875 4
    endloop
  endfacet
  facet normal -0.886997 0.461776 0
    outer loop
      vertex 1.51554 -0.875 12
      vertex 1.58604 -0.739581 59.4
      vertex 1.58604 -0.739581 12
    endloop
  endfacet
  facet normal -0.886997 0.461776 0
    outer loop
      vertex 1.58604 -0.739581 59.4
      vertex 1.51554 -0.875 12
      vertex 1.51554 -0.875 59.4
    endloop
  endfacet
  facet normal 0.737285 -0.675582 0
    outer loop
      vertex -1.34058 1.12488 4
      vertex -1.23744 1.23744 2
      vertex -1.23744 1.23744 4
    endloop
  endfacet
  facet normal 0.737285 -0.675582 0
    outer loop
      vertex -1.23744 1.23744 2
      vertex -1.34058 1.12488 4
      vertex -1.34058 1.12488 2
    endloop
  endfacet
  facet normal 0.737285 -0.675582 0
    outer loop
      vertex -1.34058 1.12488 59.4
      vertex -1.23744 1.23744 12
      vertex -1.23744 1.23744 59.4
    endloop
  endfacet
  facet normal 0.737285 -0.675582 0
    outer loop
      vertex -1.23744 1.23744 12
      vertex -1.34058 1.12488 59.4
      vertex -1.34058 1.12488 12
    endloop
  endfacet
  facet normal 0.675582 0.737285 -0
    outer loop
      vertex -1.12488 -1.34058 2
      vertex -1.23744 -1.23744 4
      vertex -1.12488 -1.34058 4
    endloop
  endfacet
  facet normal 0.675582 0.737285 0
    outer loop
      vertex -1.23744 -1.23744 4
      vertex -1.12488 -1.34058 2
      vertex -1.23744 -1.23744 2
    endloop
  endfacet
  facet normal 0.675582 0.737285 -0
    outer loop
      vertex -1.12488 -1.34058 12
      vertex -1.23744 -1.23744 61
      vertex -1.12488 -1.34058 61
    endloop
  endfacet
  facet normal 0.675582 0.737285 0
    outer loop
      vertex -1.23744 -1.23744 61
      vertex -1.12488 -1.34058 12
      vertex -1.23744 -1.23744 12
    endloop
  endfacet
  facet normal 0.991442 -0.130544 0
    outer loop
      vertex -1.74334 0.152522 4
      vertex -1.72341 0.303884 2
      vertex -1.72341 0.303884 4
    endloop
  endfacet
  facet normal 0.991442 -0.130544 0
    outer loop
      vertex -1.72341 0.303884 2
      vertex -1.74334 0.152522 4
      vertex -1.74334 0.152522 2
    endloop
  endfacet
  facet normal 0.991442 -0.130544 0
    outer loop
      vertex -1.74334 0.152522 59.4
      vertex -1.72341 0.303884 12
      vertex -1.72341 0.303884 59.4
    endloop
  endfacet
  facet normal 0.991442 -0.130544 0
    outer loop
      vertex -1.72341 0.303884 12
      vertex -1.74334 0.152522 59.4
      vertex -1.74334 0.152522 12
    endloop
  endfacet
  facet normal 0.382666 0.923887 -0
    outer loop
      vertex -0.598535 -1.64446 2
      vertex -0.739581 -1.58604 4
      vertex -0.598535 -1.64446 4
    endloop
  endfacet
  facet normal 0.382666 0.923887 0
    outer loop
      vertex -0.739581 -1.58604 4
      vertex -0.598535 -1.64446 2
      vertex -0.739581 -1.58604 2
    endloop
  endfacet
  facet normal 0.382666 0.923887 -0
    outer loop
      vertex -0.598535 -1.64446 12
      vertex -0.739581 -1.58604 61
      vertex -0.598535 -1.64446 61
    endloop
  endfacet
  facet normal 0.382666 0.923887 0
    outer loop
      vertex -0.739581 -1.58604 61
      vertex -0.598535 -1.64446 12
      vertex -0.739581 -1.58604 12
    endloop
  endfacet
  facet normal 0.537257 0.843419 -0
    outer loop
      vertex -0.875 -1.51554 2
      vertex -1.00376 -1.43352 4
      vertex -0.875 -1.51554 4
    endloop
  endfacet
  facet normal 0.537257 0.843419 0
    outer loop
      vertex -1.00376 -1.43352 4
      vertex -0.875 -1.51554 2
      vertex -1.00376 -1.43352 2
    endloop
  endfacet
  facet normal 0.537257 0.843419 -0
    outer loop
      vertex -0.875 -1.51554 12
      vertex -1.00376 -1.43352 61
      vertex -0.875 -1.51554 61
    endloop
  endfacet
  facet normal 0.537257 0.843419 0
    outer loop
      vertex -1.00376 -1.43352 61
      vertex -0.875 -1.51554 12
      vertex -1.00376 -1.43352 12
    endloop
  endfacet
  facet normal 0 0 1
    outer loop
      vertex 1.74334 0.152522 2
      vertex 1.74334 -0.152522 2
      vertex 1.75 0 2
    endloop
  endfacet
  facet normal 0 0 1
    outer loop
      vertex 1.72341 0.303884 2
      vertex 1.74334 -0.152522 2
      vertex 1.74334 0.152522 2
    endloop
  endfacet
  facet normal 0 0 1
    outer loop
      vertex 1.72341 0.303884 2
      vertex 1.72341 -0.303884 2
      vertex 1.74334 -0.152522 2
    endloop
  endfacet
  facet normal 0 0 1
    outer loop
      vertex 1.69037 0.452933 2
      vertex 1.72341 -0.303884 2
      vertex 1.72341 0.303884 2
    endloop
  endfacet
  facet normal 0 0 1
    outer loop
      vertex 1.69037 0.452933 2
      vertex 1.69037 -0.452933 2
      vertex 1.72341 -0.303884 2
    endloop
  endfacet
  facet normal 0 0 1
    outer loop
      vertex 1.64446 0.598535 2
      vertex 1.69037 -0.452933 2
      vertex 1.69037 0.452933 2
    endloop
  endfacet
  facet normal 0 0 1
    outer loop
      vertex 1.64446 0.598535 2
      vertex 1.64446 -0.598535 2
      vertex 1.69037 -0.452933 2
    endloop
  endfacet
  facet normal 0 0 1
    outer loop
      vertex 1.58604 0.739581 2
      vertex 1.64446 -0.598535 2
      vertex 1.64446 0.598535 2
    endloop
  endfacet
  facet normal 0 0 1
    outer loop
      vertex 1.58604 0.739581 2
      vertex 1.58604 -0.739581 2
      vertex 1.64446 -0.598535 2
    endloop
  endfacet
  facet normal 0 0 1
    outer loop
      vertex 1.51554 0.875 2
      vertex 1.58604 -0.739581 2
      vertex 1.58604 0.739581 2
    endloop
  endfacet
  facet normal 0 0 1
    outer loop
      vertex 1.51554 0.875 2
      vertex 1.51554 -0.875 2
      vertex 1.58604 -0.739581 2
    endloop
  endfacet
  facet normal 0 0 1
    outer loop
      vertex 1.43352 1.00376 2
      vertex 1.51554 -0.875 2
      vertex 1.51554 0.875 2
    endloop
  endfacet
  facet normal 0 0 1
    outer loop
      vertex 1.43352 1.00376 2
      vertex 1.43352 -1.00376 2
      vertex 1.51554 -0.875 2
    endloop
  endfacet
  facet normal 0 0 1
    outer loop
      vertex 1.34058 1.12488 2
      vertex 1.43352 -1.00376 2
      vertex 1.43352 1.00376 2
    endloop
  endfacet
  facet normal 0 0 1
    outer loop
      vertex 1.34058 1.12488 2
      vertex 1.34058 -1.12488 2
      vertex 1.43352 -1.00376 2
    endloop
  endfacet
  facet normal 0 0 1
    outer loop
      vertex 1.23744 1.23744 2
      vertex 1.34058 -1.12488 2
      vertex 1.34058 1.12488 2
    endloop
  endfacet
  facet normal 0 0 1
    outer loop
      vertex 1.23744 1.23744 2
      vertex 1.23744 -1.23744 2
      vertex 1.34058 -1.12488 2
    endloop
  endfacet
  facet normal 0 0 1
    outer loop
      vertex 1.12488 1.34058 2
      vertex 1.23744 -1.23744 2
      vertex 1.23744 1.23744 2
    endloop
  endfacet
  facet normal 0 0 1
    outer loop
      vertex 1.12488 1.34058 2
      vertex 1.12488 -1.34058 2
      vertex 1.23744 -1.23744 2
    endloop
  endfacet
  facet normal 0 0 1
    outer loop
      vertex 1.00376 1.43352 2
      vertex 1.12488 -1.34058 2
      vertex 1.12488 1.34058 2
    endloop
  endfacet
  facet normal 0 0 1
    outer loop
      vertex 1.00376 1.43352 2
      vertex 1.00376 -1.43352 2
      vertex 1.12488 -1.34058 2
    endloop
  endfacet
  facet normal 0 0 1
    outer loop
      vertex 0.875 1.51554 2
      vertex 1.00376 -1.43352 2
      vertex 1.00376 1.43352 2
    endloop
  endfacet
  facet normal 0 0 1
    outer loop
      vertex 0.875 1.51554 2
      vertex 0.875 -1.51554 2
      vertex 1.00376 -1.43352 2
    endloop
  endfacet
  facet normal 0 0 1
    outer loop
      vertex 0.739581 1.58604 2
      vertex 0.875 -1.51554 2
      vertex 0.875 1.51554 2
    endloop
  endfacet
  facet normal 0 0 1
    outer loop
      vertex 0.739581 1.58604 2
      vertex 0.739581 -1.58604 2
      vertex 0.875 -1.51554 2
    endloop
  endfacet
  facet normal 0 0 1
    outer loop
      vertex 0.598535 1.64446 2
      vertex 0.739581 -1.58604 2
      vertex 0.739581 1.58604 2
    endloop
  endfacet
  facet normal 0 0 1
    outer loop
      vertex 0.598535 1.64446 2
      vertex 0.598535 -1.64446 2
      vertex 0.739581 -1.58604 2
    endloop
  endfacet
  facet normal 0 0 1
    outer loop
      vertex 0.452933 1.69037 2
      vertex 0.598535 -1.64446 2
      vertex 0.598535 1.64446 2
    endloop
  endfacet
  facet normal 0 0 1
    outer loop
      vertex 0.452933 1.69037 2
      vertex 0.452933 -1.69037 2
      vertex 0.598535 -1.64446 2
    endloop
  endfacet
  facet normal 0 0 1
    outer loop
      vertex 0.303884 1.72341 2
      vertex 0.452933 -1.69037 2
      vertex 0.452933 1.69037 2
    endloop
  endfacet
  facet normal 0 0 1
    outer loop
      vertex 0.303884 1.72341 2
      vertex 0.303884 -1.72341 2
      vertex 0.452933 -1.69037 2
    endloop
  endfacet
  facet normal 0 0 1
    outer loop
      vertex 0.152522 1.74334 2
      vertex 0.303884 -1.72341 2
      vertex 0.303884 1.72341 2
    endloop
  endfacet
  facet normal 0 0 1
    outer loop
      vertex 0.152522 1.74334 2
      vertex 0.152522 -1.74334 2
      vertex 0.303884 -1.72341 2
    endloop
  endfacet
  facet normal 0 0 1
    outer loop
      vertex 0 1.75 2
      vertex 0.152522 -1.74334 2
      vertex 0.152522 1.74334 2
    endloop
  endfacet
  facet normal 0 0 1
    outer loop
      vertex 0 1.75 2
      vertex 0 -1.75 2
      vertex 0.152522 -1.74334 2
    endloop
  endfacet
  facet normal -0 0 1
    outer loop
      vertex -0.152522 1.74334 2
      vertex 0 -1.75 2
      vertex 0 1.75 2
    endloop
  endfacet
  facet normal 0 0 1
    outer loop
      vertex -0.152522 1.74334 2
      vertex -0.152522 -1.74334 2
      vertex 0 -1.75 2
    endloop
  endfacet
  facet normal -0 0 1
    outer loop
      vertex -0.303884 1.72341 2
      vertex -0.152522 -1.74334 2
      vertex -0.152522 1.74334 2
    endloop
  endfacet
  facet normal 0 0 1
    outer loop
      vertex -0.303884 1.72341 2
      vertex -0.303884 -1.72341 2
      vertex -0.152522 -1.74334 2
    endloop
  endfacet
  facet normal -0 0 1
    outer loop
      vertex -0.452933 1.69037 2
      vertex -0.303884 -1.72341 2
      vertex -0.303884 1.72341 2
    endloop
  endfacet
  facet normal 0 0 1
    outer loop
      vertex -0.452933 1.69037 2
      vertex -0.452933 -1.69037 2
      vertex -0.303884 -1.72341 2
    endloop
  endfacet
  facet normal -0 0 1
    outer loop
      vertex -0.598535 1.64446 2
      vertex -0.452933 -1.69037 2
      vertex -0.452933 1.69037 2
    endloop
  endfacet
  facet normal 0 0 1
    outer loop
      vertex -0.598535 1.64446 2
      vertex -0.598535 -1.64446 2
      vertex -0.452933 -1.69037 2
    endloop
  endfacet
  facet normal -0 0 1
    outer loop
      vertex -0.739581 1.58604 2
      vertex -0.598535 -1.64446 2
      vertex -0.598535 1.64446 2
    endloop
  endfacet
  facet normal 0 0 1
    outer loop
      vertex -0.739581 1.58604 2
      vertex -0.739581 -1.58604 2
      vertex -0.598535 -1.64446 2
    endloop
  endfacet
  facet normal -0 0 1
    outer loop
      vertex -0.875 1.51554 2
      vertex -0.739581 -1.58604 2
      vertex -0.739581 1.58604 2
    endloop
  endfacet
  facet normal 0 0 1
    outer loop
      vertex -0.875 1.51554 2
      vertex -0.875 -1.51554 2
      vertex -0.739581 -1.58604 2
    endloop
  endfacet
  facet normal -0 0 1
    outer loop
      vertex -1.00376 1.43352 2
      vertex -0.875 -1.51554 2
      vertex -0.875 1.51554 2
    endloop
  endfacet
  facet normal 0 0 1
    outer loop
      vertex -1.00376 1.43352 2
      vertex -1.00376 -1.43352 2
      vertex -0.875 -1.51554 2
    endloop
  endfacet
  facet normal -0 0 1
    outer loop
      vertex -1.12488 1.34058 2
      vertex -1.00376 -1.43352 2
      vertex -1.00376 1.43352 2
    endloop
  endfacet
  facet normal 0 0 1
    outer loop
      vertex -1.12488 1.34058 2
      vertex -1.12488 -1.34058 2
      vertex -1.00376 -1.43352 2
    endloop
  endfacet
  facet normal -0 0 1
    outer loop
      vertex -1.23744 1.23744 2
      vertex -1.12488 -1.34058 2
      vertex -1.12488 1.34058 2
    endloop
  endfacet
  facet normal 0 0 1
    outer loop
      vertex -1.23744 1.23744 2
      vertex -1.23744 -1.23744 2
      vertex -1.12488 -1.34058 2
    endloop
  endfacet
  facet normal -0 0 1
    outer loop
      vertex -1.34058 1.12488 2
      vertex -1.23744 -1.23744 2
      vertex -1.23744 1.23744 2
    endloop
  endfacet
  facet normal 0 0 1
    outer loop
      vertex -1.34058 1.12488 2
      vertex -1.34058 -1.12488 2
      vertex -1.23744 -1.23744 2
    endloop
  endfacet
  facet normal -0 0 1
    outer loop
      vertex -1.43352 1.00376 2
      vertex -1.34058 -1.12488 2
      vertex -1.34058 1.12488 2
    endloop
  endfacet
  facet normal 0 0 1
    outer loop
      vertex -1.43352 1.00376 2
      vertex -1.43352 -1.00376 2
      vertex -1.34058 -1.12488 2
    endloop
  endfacet
  facet normal -0 0 1
    outer loop
      vertex -1.51554 0.875 2
      vertex -1.43352 -1.00376 2
      vertex -1.43352 1.00376 2
    endloop
  endfacet
  facet normal 0 0 1
    outer loop
      vertex -1.51554 0.875 2
      vertex -1.51554 -0.875 2
      vertex -1.43352 -1.00376 2
    endloop
  endfacet
  facet normal -0 0 1
    outer loop
      vertex -1.58604 0.739581 2
      vertex -1.51554 -0.875 2
      vertex -1.51554 0.875 2
    endloop
  endfacet
  facet normal 0 0 1
    outer loop
      vertex -1.58604 0.739581 2
      vertex -1.58604 -0.739581 2
      vertex -1.51554 -0.875 2
    endloop
  endfacet
  facet normal -0 0 1
    outer loop
      vertex -1.64446 0.598535 2
      vertex -1.58604 -0.739581 2
      vertex -1.58604 0.739581 2
    endloop
  endfacet
  facet normal 0 0 1
    outer loop
      vertex -1.64446 0.598535 2
      vertex -1.64446 -0.598535 2
      vertex -1.58604 -0.739581 2
    endloop
  endfacet
  facet normal -0 0 1
    outer loop
      vertex -1.69037 0.452933 2
      vertex -1.64446 -0.598535 2
      vertex -1.64446 0.598535 2
    endloop
  endfacet
  facet normal 0 0 1
    outer loop
      vertex -1.69037 0.452933 2
      vertex -1.69037 -0.452933 2
      vertex -1.64446 -0.598535 2
    endloop
  endfacet
  facet normal -0 0 1
    outer loop
      vertex -1.72341 0.303884 2
      vertex -1.69037 -0.452933 2
      vertex -1.69037 0.452933 2
    endloop
  endfacet
  facet normal 0 0 1
    outer loop
      vertex -1.72341 0.303884 2
      vertex -1.72341 -0.303884 2
      vertex -1.69037 -0.452933 2
    endloop
  endfacet
  facet normal -0 0 1
    outer loop
      vertex -1.74334 0.152522 2
      vertex -1.72341 -0.303884 2
      vertex -1.72341 0.303884 2
    endloop
  endfacet
  facet normal 0 0 1
    outer loop
      vertex -1.74334 0.152522 2
      vertex -1.74334 -0.152522 2
      vertex -1.72341 -0.303884 2
    endloop
  endfacet
  facet normal 0 -0 1
    outer loop
      vertex -1.74334 -0.152522 2
      vertex -1.74334 0.152522 2
      vertex -1.75 0 2
    endloop
  endfacet
  facet normal 0.300717 0.953713 -0
    outer loop
      vertex -0.452933 -1.69037 2
      vertex -0.598535 -1.64446 4
      vertex -0.452933 -1.69037 4
    endloop
  endfacet
  facet normal 0.300717 0.953713 0
    outer loop
      vertex -0.598535 -1.64446 4
      vertex -0.452933 -1.69037 2
      vertex -0.598535 -1.64446 2
    endloop
  endfacet
  facet normal 0.300717 0.953713 -0
    outer loop
      vertex -0.452933 -1.69037 12
      vertex -0.598535 -1.64446 61
      vertex -0.452933 -1.69037 61
    endloop
  endfacet
  facet normal 0.300717 0.953713 0
    outer loop
      vertex -0.598535 -1.64446 61
      vertex -0.452933 -1.69037 12
      vertex -0.598535 -1.64446 12
    endloop
  endfacet
  facet normal -0.737285 0.675582 0
    outer loop
      vertex 1.23744 -1.23744 2
      vertex 1.34058 -1.12488 4
      vertex 1.34058 -1.12488 2
    endloop
  endfacet
  facet normal -0.737285 0.675582 0
    outer loop
      vertex 1.34058 -1.12488 4
      vertex 1.23744 -1.23744 2
      vertex 1.23744 -1.23744 4
    endloop
  endfacet
  facet normal -0.737285 0.675582 0
    outer loop
      vertex 1.23744 -1.23744 12
      vertex 1.34058 -1.12488 61
      vertex 1.34058 -1.12488 12
    endloop
  endfacet
  facet normal -0.737285 0.675582 0
    outer loop
      vertex 1.34058 -1.12488 61
      vertex 1.23744 -1.23744 12
      vertex 1.23744 -1.23744 61
    endloop
  endfacet
  facet normal 0.843419 -0.537257 0
    outer loop
      vertex -1.51554 0.875 4
      vertex -1.43352 1.00376 2
      vertex -1.43352 1.00376 4
    endloop
  endfacet
  facet normal 0.843419 -0.537257 0
    outer loop
      vertex -1.43352 1.00376 2
      vertex -1.51554 0.875 4
      vertex -1.51554 0.875 2
    endloop
  endfacet
  facet normal 0.843419 -0.537257 0
    outer loop
      vertex -1.51554 0.875 59.4
      vertex -1.43352 1.00376 12
      vertex -1.43352 1.00376 59.4
    endloop
  endfacet
  facet normal 0.843419 -0.537257 0
    outer loop
      vertex -1.43352 1.00376 12
      vertex -1.51554 0.875 59.4
      vertex -1.51554 0.875 12
    endloop
  endfacet
  facet normal -0 0 -1
    outer loop
      vertex -1.74334 -0.152522 12
      vertex -6 -1.75 12
      vertex -1.75 0 12
    endloop
  endfacet
  facet normal -0 0 -1
    outer loop
      vertex -1.72341 -0.303884 12
      vertex -6 -1.75 12
      vertex -1.74334 -0.152522 12
    endloop
  endfacet
  facet normal -0 0 -1
    outer loop
      vertex -1.69037 -0.452933 12
      vertex -6 -1.75 12
      vertex -1.72341 -0.303884 12
    endloop
  endfacet
  facet normal -0 0 -1
    outer loop
      vertex -1.64446 -0.598535 12
      vertex -6 -1.75 12
      vertex -1.69037 -0.452933 12
    endloop
  endfacet
  facet normal -0 0 -1
    outer loop
      vertex -1.58604 -0.739581 12
      vertex -6 -1.75 12
      vertex -1.64446 -0.598535 12
    endloop
  endfacet
  facet normal -0 0 -1
    outer loop
      vertex -1.51554 -0.875 12
      vertex -6 -1.75 12
      vertex -1.58604 -0.739581 12
    endloop
  endfacet
  facet normal -0 0 -1
    outer loop
      vertex -1.43352 -1.00376 12
      vertex -6 -1.75 12
      vertex -1.51554 -0.875 12
    endloop
  endfacet
  facet normal -0 0 -1
    outer loop
      vertex -1.34058 -1.12488 12
      vertex -6 -1.75 12
      vertex -1.43352 -1.00376 12
    endloop
  endfacet
  facet normal -0 0 -1
    outer loop
      vertex -1.23744 -1.23744 12
      vertex -6 -1.75 12
      vertex -1.34058 -1.12488 12
    endloop
  endfacet
  facet normal -0 0 -1
    outer loop
      vertex -1.12488 -1.34058 12
      vertex -6 -1.75 12
      vertex -1.23744 -1.23744 12
    endloop
  endfacet
  facet normal -0 0 -1
    outer loop
      vertex -1.00376 -1.43352 12
      vertex -6 -1.75 12
      vertex -1.12488 -1.34058 12
    endloop
  endfacet
  facet normal -0 0 -1
    outer loop
      vertex -0.875 -1.51554 12
      vertex -6 -1.75 12
      vertex -1.00376 -1.43352 12
    endloop
  endfacet
  facet normal -0 0 -1
    outer loop
      vertex -0.739581 -1.58604 12
      vertex -6 -1.75 12
      vertex -0.875 -1.51554 12
    endloop
  endfacet
  facet normal -0 0 -1
    outer loop
      vertex -0.598535 -1.64446 12
      vertex -6 -1.75 12
      vertex -0.739581 -1.58604 12
    endloop
  endfacet
  facet normal -0 0 -1
    outer loop
      vertex -0.452933 -1.69037 12
      vertex -6 -1.75 12
      vertex -0.598535 -1.64446 12
    endloop
  endfacet
  facet normal -0 0 -1
    outer loop
      vertex -0.303884 -1.72341 12
      vertex -6 -1.75 12
      vertex -0.452933 -1.69037 12
    endloop
  endfacet
  facet normal -0 0 -1
    outer loop
      vertex -0.152522 -1.74334 12
      vertex -6 -1.75 12
      vertex -0.303884 -1.72341 12
    endloop
  endfacet
  facet normal 0 0 -1
    outer loop
      vertex -6 -1.75 12
      vertex -0.152522 -1.74334 12
      vertex 0 -1.75 12
    endloop
  endfacet
  facet normal 0 0 -1
    outer loop
      vertex -6 1.75 12
      vertex -1.75 0 12
      vertex -6 -1.75 12
    endloop
  endfacet
  facet normal 0 0 -1
    outer loop
      vertex -1.75 0 12
      vertex -6 1.75 12
      vertex -1.74334 0.152522 12
    endloop
  endfacet
  facet normal 0 0 -1
    outer loop
      vertex -1.74334 0.152522 12
      vertex -6 1.75 12
      vertex -1.72341 0.303884 12
    endloop
  endfacet
  facet normal 0 0 -1
    outer loop
      vertex -1.72341 0.303884 12
      vertex -6 1.75 12
      vertex -1.69037 0.452933 12
    endloop
  endfacet
  facet normal 0 0 -1
    outer loop
      vertex -1.69037 0.452933 12
      vertex -6 1.75 12
      vertex -1.64446 0.598535 12
    endloop
  endfacet
  facet normal 0 0 -1
    outer loop
      vertex -1.64446 0.598535 12
      vertex -6 1.75 12
      vertex -1.58604 0.739581 12
    endloop
  endfacet
  facet normal 0 0 -1
    outer loop
      vertex -1.58604 0.739581 12
      vertex -6 1.75 12
      vertex -1.51554 0.875 12
    endloop
  endfacet
  facet normal 0 0 -1
    outer loop
      vertex -1.51554 0.875 12
      vertex -6 1.75 12
      vertex -1.43352 1.00376 12
    endloop
  endfacet
  facet normal 0 0 -1
    outer loop
      vertex -1.43352 1.00376 12
      vertex -6 1.75 12
      vertex -1.34058 1.12488 12
    endloop
  endfacet
  facet normal 0 0 -1
    outer loop
      vertex -1.34058 1.12488 12
      vertex -6 1.75 12
      vertex -1.23744 1.23744 12
    endloop
  endfacet
  facet normal 0 0 -1
    outer loop
      vertex -1.23744 1.23744 12
      vertex -6 1.75 12
      vertex -1.12488 1.34058 12
    endloop
  endfacet
  facet normal 0 0 -1
    outer loop
      vertex -0.152522 1.74334 12
      vertex -6 1.75 12
      vertex 0 1.75 12
    endloop
  endfacet
  facet normal 0 0 -1
    outer loop
      vertex -0.303884 1.72341 12
      vertex -6 1.75 12
      vertex -0.152522 1.74334 12
    endloop
  endfacet
  facet normal 0 0 -1
    outer loop
      vertex -0.452933 1.69037 12
      vertex -6 1.75 12
      vertex -0.303884 1.72341 12
    endloop
  endfacet
  facet normal 0 0 -1
    outer loop
      vertex -0.598535 1.64446 12
      vertex -6 1.75 12
      vertex -0.452933 1.69037 12
    endloop
  endfacet
  facet normal 0 0 -1
    outer loop
      vertex -0.739581 1.58604 12
      vertex -6 1.75 12
      vertex -0.598535 1.64446 12
    endloop
  endfacet
  facet normal 0 0 -1
    outer loop
      vertex -0.875 1.51554 12
      vertex -6 1.75 12
      vertex -0.739581 1.58604 12
    endloop
  endfacet
  facet normal 0 0 -1
    outer loop
      vertex -1.00376 1.43352 12
      vertex -6 1.75 12
      vertex -0.875 1.51554 12
    endloop
  endfacet
  facet normal 0 0 -1
    outer loop
      vertex -1.12488 1.34058 12
      vertex -6 1.75 12
      vertex -1.00376 1.43352 12
    endloop
  endfacet
  facet normal 0 0 -1
    outer loop
      vertex 6 -1.75 12
      vertex 1.75 0 12
      vertex 6 1.75 12
    endloop
  endfacet
  facet normal 0 0 -1
    outer loop
      vertex 6 -1.75 12
      vertex 1.74334 -0.152522 12
      vertex 1.75 0 12
    endloop
  endfacet
  facet normal 0 0 -1
    outer loop
      vertex 6 -1.75 12
      vertex 1.72341 -0.303884 12
      vertex 1.74334 -0.152522 12
    endloop
  endfacet
  facet normal 0 0 -1
    outer loop
      vertex 6 -1.75 12
      vertex 1.69037 -0.452933 12
      vertex 1.72341 -0.303884 12
    endloop
  endfacet
  facet normal 0 0 -1
    outer loop
      vertex 6 -1.75 12
      vertex 1.64446 -0.598535 12
      vertex 1.69037 -0.452933 12
    endloop
  endfacet
  facet normal 0 0 -1
    outer loop
      vertex 6 -1.75 12
      vertex 1.58604 -0.739581 12
      vertex 1.64446 -0.598535 12
    endloop
  endfacet
  facet normal 0 0 -1
    outer loop
      vertex 6 -1.75 12
      vertex 1.51554 -0.875 12
      vertex 1.58604 -0.739581 12
    endloop
  endfacet
  facet normal 0 0 -1
    outer loop
      vertex 6 -1.75 12
      vertex 1.43352 -1.00376 12
      vertex 1.51554 -0.875 12
    endloop
  endfacet
  facet normal 0 0 -1
    outer loop
      vertex 6 -1.75 12
      vertex 1.34058 -1.12488 12
      vertex 1.43352 -1.00376 12
    endloop
  endfacet
  facet normal 0 0 -1
    outer loop
      vertex 6 -1.75 12
      vertex 1.23744 -1.23744 12
      vertex 1.34058 -1.12488 12
    endloop
  endfacet
  facet normal 0 0 -1
    outer loop
      vertex 6 -1.75 12
      vertex 1.12488 -1.34058 12
      vertex 1.23744 -1.23744 12
    endloop
  endfacet
  facet normal 0 0 -1
    outer loop
      vertex 6 -1.75 12
      vertex 1.00376 -1.43352 12
      vertex 1.12488 -1.34058 12
    endloop
  endfacet
  facet normal 0 0 -1
    outer loop
      vertex 6 -1.75 12
      vertex 0.875 -1.51554 12
      vertex 1.00376 -1.43352 12
    endloop
  endfacet
  facet normal 0 0 -1
    outer loop
      vertex 6 -1.75 12
      vertex 0.739581 -1.58604 12
      vertex 0.875 -1.51554 12
    endloop
  endfacet
  facet normal 0 0 -1
    outer loop
      vertex 6 -1.75 12
      vertex 0.598535 -1.64446 12
      vertex 0.739581 -1.58604 12
    endloop
  endfacet
  facet normal 0 0 -1
    outer loop
      vertex 6 -1.75 12
      vertex 0.452933 -1.69037 12
      vertex 0.598535 -1.64446 12
    endloop
  endfacet
  facet normal 0 0 -1
    outer loop
      vertex 6 -1.75 12
      vertex 0.303884 -1.72341 12
      vertex 0.452933 -1.69037 12
    endloop
  endfacet
  facet normal 0 0 -1
    outer loop
      vertex 6 -1.75 12
      vertex 0.152522 -1.74334 12
      vertex 0.303884 -1.72341 12
    endloop
  endfacet
  facet normal 0 -0 -1
    outer loop
      vertex 0.152522 -1.74334 12
      vertex 6 -1.75 12
      vertex 0 -1.75 12
    endloop
  endfacet
  facet normal 0 0 -1
    outer loop
      vertex 1.74334 0.152522 12
      vertex 6 1.75 12
      vertex 1.75 0 12
    endloop
  endfacet
  facet normal 0 0 -1
    outer loop
      vertex 1.72341 0.303884 12
      vertex 6 1.75 12
      vertex 1.74334 0.152522 12
    endloop
  endfacet
  facet normal 0 0 -1
    outer loop
      vertex 1.69037 0.452933 12
      vertex 6 1.75 12
      vertex 1.72341 0.303884 12
    endloop
  endfacet
  facet normal 0 0 -1
    outer loop
      vertex 1.64446 0.598535 12
      vertex 6 1.75 12
      vertex 1.69037 0.452933 12
    endloop
  endfacet
  facet normal 0 0 -1
    outer loop
      vertex 1.58604 0.739581 12
      vertex 6 1.75 12
      vertex 1.64446 0.598535 12
    endloop
  endfacet
  facet normal 0 0 -1
    outer loop
      vertex 1.51554 0.875 12
      vertex 6 1.75 12
      vertex 1.58604 0.739581 12
    endloop
  endfacet
  facet normal 0 0 -1
    outer loop
      vertex 1.43352 1.00376 12
      vertex 6 1.75 12
      vertex 1.51554 0.875 12
    endloop
  endfacet
  facet normal 0 0 -1
    outer loop
      vertex 1.34058 1.12488 12
      vertex 6 1.75 12
      vertex 1.43352 1.00376 12
    endloop
  endfacet
  facet normal 0 0 -1
    outer loop
      vertex 1.23744 1.23744 12
      vertex 6 1.75 12
      vertex 1.34058 1.12488 12
    endloop
  endfacet
  facet normal 0 0 -1
    outer loop
      vertex 1.12488 1.34058 12
      vertex 6 1.75 12
      vertex 1.23744 1.23744 12
    endloop
  endfacet
  facet normal 0 0 -1
    outer loop
      vertex 1.00376 1.43352 12
      vertex 6 1.75 12
      vertex 1.12488 1.34058 12
    endloop
  endfacet
  facet normal 0 0 -1
    outer loop
      vertex 0.875 1.51554 12
      vertex 6 1.75 12
      vertex 1.00376 1.43352 12
    endloop
  endfacet
  facet normal 0 0 -1
    outer loop
      vertex 0.739581 1.58604 12
      vertex 6 1.75 12
      vertex 0.875 1.51554 12
    endloop
  endfacet
  facet normal 0 0 -1
    outer loop
      vertex 0.598535 1.64446 12
      vertex 6 1.75 12
      vertex 0.739581 1.58604 12
    endloop
  endfacet
  facet normal 0 0 -1
    outer loop
      vertex 0.452933 1.69037 12
      vertex 6 1.75 12
      vertex 0.598535 1.64446 12
    endloop
  endfacet
  facet normal 0 0 -1
    outer loop
      vertex 0.303884 1.72341 12
      vertex 6 1.75 12
      vertex 0.452933 1.69037 12
    endloop
  endfacet
  facet normal 0 0 -1
    outer loop
      vertex 0.152522 1.74334 12
      vertex 6 1.75 12
      vertex 0.303884 1.72341 12
    endloop
  endfacet
  facet normal -0 0 -1
    outer loop
      vertex 6 1.75 12
      vertex 0.152522 1.74334 12
      vertex 0 1.75 12
    endloop
  endfacet
  facet normal 0 -1 0
    outer loop
      vertex 0 1.75 4
      vertex 0 1.75 12
      vertex -6 1.75 12
    endloop
  endfacet
  facet normal 0 -1 0
    outer loop
      vertex 0 1.75 4
      vertex -6 1.75 12
      vertex -6 1.75 4
    endloop
  endfacet
  facet normal 0 -1 0
    outer loop
      vertex 0 1.75 12
      vertex 0 1.75 4
      vertex 6 1.75 12
    endloop
  endfacet
  facet normal 0 -1 -0
    outer loop
      vertex 6 1.75 12
      vertex 0 1.75 4
      vertex 6 1.75 4
    endloop
  endfacet
  facet normal 0 1 0
    outer loop
      vertex 0 -1.75 4
      vertex 0 -1.75 12
      vertex 6 -1.75 12
    endloop
  endfacet
  facet normal 0 1 0
    outer loop
      vertex 0 -1.75 4
      vertex 6 -1.75 12
      vertex 6 -1.75 4
    endloop
  endfacet
  facet normal 0 1 0
    outer loop
      vertex 0 -1.75 12
      vertex 0 -1.75 4
      vertex -6 -1.75 12
    endloop
  endfacet
  facet normal 0 1 0
    outer loop
      vertex -6 -1.75 12
      vertex 0 -1.75 4
      vertex -6 -1.75 4
    endloop
  endfacet
endsolid OpenSCAD_Model
