solid OpenSCAD_Model
  facet normal -1 0 0
    outer loop
      vertex -52.5 -39 10
      vertex -52.5 -69 10
      vertex -52.5 -69 46
    endloop
  endfacet
  facet normal 0 0 1
    outer loop
      vertex -82.2115 46.9235 10
      vertex -93.6265 57.0545 10
      vertex -82.2823 46.6988 10
    endloop
  endfacet
  facet normal 0 0 1
    outer loop
      vertex -82.1214 -44.8589 10
      vertex -91.7624 -59.7167 10
      vertex -91.75 -60 10
    endloop
  endfacet
  facet normal -0 0 1
    outer loop
      vertex -93.8884 56.946 10
      vertex -82.2823 46.6988 10
      vertex -93.6265 57.0545 10
    endloop
  endfacet
  facet normal 0 0 1
    outer loop
      vertex -82.1214 -44.8589 10
      vertex -91.7994 -59.4356 10
      vertex -91.7624 -59.7167 10
    endloop
  endfacet
  facet normal 0 0 1
    outer loop
      vertex -82.2823 46.6988 10
      vertex -93.8884 56.946 10
      vertex -82.3333 46.4688 10
    endloop
  endfacet
  facet normal 0 0 1
    outer loop
      vertex -82.1214 -44.8589 10
      vertex -91.8607 -59.1588 10
      vertex -91.7994 -59.4356 10
    endloop
  endfacet
  facet normal -0 0 1
    outer loop
      vertex -94.1588 56.8607 10
      vertex -82.3333 46.4688 10
      vertex -93.8884 56.946 10
    endloop
  endfacet
  facet normal 0 0 1
    outer loop
      vertex -82.1214 -44.8589 10
      vertex -91.946 -58.8884 10
      vertex -91.8607 -59.1588 10
    endloop
  endfacet
  facet normal 0 0 1
    outer loop
      vertex -82.3333 46.4688 10
      vertex -94.1588 56.8607 10
      vertex -82.3641 46.2353 10
    endloop
  endfacet
  facet normal 0 0 1
    outer loop
      vertex -82.1214 -44.8589 10
      vertex -92.0545 -58.6265 10
      vertex -91.946 -58.8884 10
    endloop
  endfacet
  facet normal -0 0 1
    outer loop
      vertex -94.4356 56.7994 10
      vertex -82.3641 46.2353 10
      vertex -94.1588 56.8607 10
    endloop
  endfacet
  facet normal 0 0 1
    outer loop
      vertex -82.1214 -44.8589 10
      vertex -92.1854 -58.375 10
      vertex -92.0545 -58.6265 10
    endloop
  endfacet
  facet normal 0 0 1
    outer loop
      vertex -82.3641 46.2353 10
      vertex -94.4356 56.7994 10
      vertex -82.3743 46 10
    endloop
  endfacet
  facet normal 0 0 1
    outer loop
      vertex -82.1214 -44.8589 10
      vertex -92.3378 -58.1359 10
      vertex -92.1854 -58.375 10
    endloop
  endfacet
  facet normal -0 0 1
    outer loop
      vertex -94.7167 56.7624 10
      vertex -82.3743 46 10
      vertex -94.4356 56.7994 10
    endloop
  endfacet
  facet normal 0 0 1
    outer loop
      vertex -82.1214 -44.8589 10
      vertex -92.5104 -57.9109 10
      vertex -92.3378 -58.1359 10
    endloop
  endfacet
  facet normal 0 0 1
    outer loop
      vertex -82.3743 46 10
      vertex -94.7167 56.7624 10
      vertex -82.3641 45.7647 10
    endloop
  endfacet
  facet normal 0 0 1
    outer loop
      vertex -82.1214 -44.8589 10
      vertex -92.7019 -57.7019 10
      vertex -92.5104 -57.9109 10
    endloop
  endfacet
  facet normal -0 0 1
    outer loop
      vertex -95 56.75 10
      vertex -82.3641 45.7647 10
      vertex -94.7167 56.7624 10
    endloop
  endfacet
  facet normal 0 0 1
    outer loop
      vertex -82.1214 -44.8589 10
      vertex -92.9109 -57.5104 10
      vertex -92.7019 -57.7019 10
    endloop
  endfacet
  facet normal 0 0 1
    outer loop
      vertex -82.3641 45.7647 10
      vertex -95 56.75 10
      vertex -82.3333 45.5312 10
    endloop
  endfacet
  facet normal 0 0 1
    outer loop
      vertex -82.1214 -44.8589 10
      vertex -93.1359 -57.3378 10
      vertex -92.9109 -57.5104 10
    endloop
  endfacet
  facet normal 0 0 1
    outer loop
      vertex -95.2833 56.7624 10
      vertex -82.3333 45.5312 10
      vertex -95 56.75 10
    endloop
  endfacet
  facet normal 0 0 1
    outer loop
      vertex -82.1214 -44.8589 10
      vertex -93.375 -57.1854 10
      vertex -93.1359 -57.3378 10
    endloop
  endfacet
  facet normal 0 0 1
    outer loop
      vertex -82.3333 45.5312 10
      vertex -95.2833 56.7624 10
      vertex -82.2823 45.3012 10
    endloop
  endfacet
  facet normal 0 0 1
    outer loop
      vertex -82.1214 -44.8589 10
      vertex -93.6265 -57.0545 10
      vertex -93.375 -57.1854 10
    endloop
  endfacet
  facet normal 0 0 1
    outer loop
      vertex -95.5644 56.7994 10
      vertex -82.2823 45.3012 10
      vertex -95.2833 56.7624 10
    endloop
  endfacet
  facet normal 0 0 1
    outer loop
      vertex -82.1214 -44.8589 10
      vertex -93.8884 -56.946 10
      vertex -93.6265 -57.0545 10
    endloop
  endfacet
  facet normal 0 0 1
    outer loop
      vertex -82.2823 45.3012 10
      vertex -95.5644 56.7994 10
      vertex -82.2115 45.0765 10
    endloop
  endfacet
  facet normal 0 0 1
    outer loop
      vertex -82.1214 -44.8589 10
      vertex -94.1588 -56.8607 10
      vertex -93.8884 -56.946 10
    endloop
  endfacet
  facet normal 0 0 1
    outer loop
      vertex -95.8412 56.8607 10
      vertex -82.2115 45.0765 10
      vertex -95.5644 56.7994 10
    endloop
  endfacet
  facet normal 0 0 1
    outer loop
      vertex -82.1214 -44.8589 10
      vertex -94.4356 -56.7994 10
      vertex -94.1588 -56.8607 10
    endloop
  endfacet
  facet normal 0 0 1
    outer loop
      vertex -82.2115 45.0765 10
      vertex -95.8412 56.8607 10
      vertex -82.1214 44.8589 10
    endloop
  endfacet
  facet normal 0 0 1
    outer loop
      vertex -82.1214 -44.8589 10
      vertex -94.7167 -56.7624 10
      vertex -94.4356 -56.7994 10
    endloop
  endfacet
  facet normal 0 0 1
    outer loop
      vertex -96.1116 56.946 10
      vertex -82.1214 44.8589 10
      vertex -95.8412 56.8607 10
    endloop
  endfacet
  facet normal 0 0 1
    outer loop
      vertex -82.1214 -44.8589 10
      vertex -95 -56.75 10
      vertex -94.7167 -56.7624 10
    endloop
  endfacet
  facet normal 0 0 1
    outer loop
      vertex -82.1214 44.8589 10
      vertex -96.1116 56.946 10
      vertex -82.0126 44.65 10
    endloop
  endfacet
  facet normal 0 0 1
    outer loop
      vertex -82.1214 -44.8589 10
      vertex -95.2833 -56.7624 10
      vertex -95 -56.75 10
    endloop
  endfacet
  facet normal 0 0 1
    outer loop
      vertex -96.3735 57.0545 10
      vertex -82.0126 44.65 10
      vertex -96.1116 56.946 10
    endloop
  endfacet
  facet normal 0 0 1
    outer loop
      vertex -82.1214 -44.8589 10
      vertex -95.5644 -56.7994 10
      vertex -95.2833 -56.7624 10
    endloop
  endfacet
  facet normal 0 0 1
    outer loop
      vertex -96.625 57.1854 10
      vertex -82.0126 44.65 10
      vertex -96.3735 57.0545 10
    endloop
  endfacet
  facet normal 0 0 1
    outer loop
      vertex -82.1214 -44.8589 10
      vertex -95.8412 -56.8607 10
      vertex -95.5644 -56.7994 10
    endloop
  endfacet
  facet normal 0 0 1
    outer loop
      vertex -82.0126 44.65 10
      vertex -96.625 57.1854 10
      vertex -82.0126 -44.65 10
    endloop
  endfacet
  facet normal 0 0 1
    outer loop
      vertex -82.1214 -44.8589 10
      vertex -96.1116 -56.946 10
      vertex -95.8412 -56.8607 10
    endloop
  endfacet
  facet normal 0 0 1
    outer loop
      vertex -96.625 -57.1854 10
      vertex -82.0126 -44.65 10
      vertex -96.625 57.1854 10
    endloop
  endfacet
  facet normal 0 0 1
    outer loop
      vertex -82.0126 -44.65 10
      vertex -96.1116 -56.946 10
      vertex -82.1214 -44.8589 10
    endloop
  endfacet
  facet normal 0 -0 1
    outer loop
      vertex -96.3735 -57.0545 10
      vertex -82.0126 -44.65 10
      vertex -96.625 -57.1854 10
    endloop
  endfacet
  facet normal 0 -0 1
    outer loop
      vertex -96.1116 -56.946 10
      vertex -82.0126 -44.65 10
      vertex -96.3735 -57.0545 10
    endloop
  endfacet
  facet normal 0 0 1
    outer loop
      vertex -96.8641 57.3378 10
      vertex -96.625 -57.1854 10
      vertex -96.625 57.1854 10
    endloop
  endfacet
  facet normal 0 0 1
    outer loop
      vertex -96.8641 57.3378 10
      vertex -96.8641 -57.3378 10
      vertex -96.625 -57.1854 10
    endloop
  endfacet
  facet normal 0 0 1
    outer loop
      vertex -97.0891 57.5104 10
      vertex -96.8641 -57.3378 10
      vertex -96.8641 57.3378 10
    endloop
  endfacet
  facet normal 0 0 1
    outer loop
      vertex -97.0891 57.5104 10
      vertex -97.0891 -57.5104 10
      vertex -96.8641 -57.3378 10
    endloop
  endfacet
  facet normal 0 0 1
    outer loop
      vertex -97.2981 57.7019 10
      vertex -97.0891 -57.5104 10
      vertex -97.0891 57.5104 10
    endloop
  endfacet
  facet normal 0 0 1
    outer loop
      vertex -97.2981 57.7019 10
      vertex -97.2981 -57.7019 10
      vertex -97.0891 -57.5104 10
    endloop
  endfacet
  facet normal 0 0 1
    outer loop
      vertex -97.4896 57.9109 10
      vertex -97.2981 -57.7019 10
      vertex -97.2981 57.7019 10
    endloop
  endfacet
  facet normal 0 0 1
    outer loop
      vertex -97.4896 57.9109 10
      vertex -97.4896 -57.9109 10
      vertex -97.2981 -57.7019 10
    endloop
  endfacet
  facet normal 0 0 1
    outer loop
      vertex -97.6622 58.1359 10
      vertex -97.4896 -57.9109 10
      vertex -97.4896 57.9109 10
    endloop
  endfacet
  facet normal 0 0 1
    outer loop
      vertex -97.6622 58.1359 10
      vertex -97.6622 -58.1359 10
      vertex -97.4896 -57.9109 10
    endloop
  endfacet
  facet normal 0 0 1
    outer loop
      vertex -105 67 10
      vertex -97.6622 58.1359 10
      vertex -97.8146 58.375 10
    endloop
  endfacet
  facet normal 0 0 1
    outer loop
      vertex -97.6622 58.1359 10
      vertex -105 67 10
      vertex -97.6622 -58.1359 10
    endloop
  endfacet
  facet normal 0 0 1
    outer loop
      vertex -105 67 10
      vertex -97.8146 58.375 10
      vertex -97.9455 58.6265 10
    endloop
  endfacet
  facet normal 0 0 1
    outer loop
      vertex -105 -67 10
      vertex -97.6622 -58.1359 10
      vertex -105 67 10
    endloop
  endfacet
  facet normal 0 0 1
    outer loop
      vertex -105 67 10
      vertex -97.9455 58.6265 10
      vertex -98.054 58.8884 10
    endloop
  endfacet
  facet normal 0 0 1
    outer loop
      vertex -97.6622 -58.1359 10
      vertex -105 -67 10
      vertex -97.8146 -58.375 10
    endloop
  endfacet
  facet normal 0 0 1
    outer loop
      vertex -105 67 10
      vertex -98.054 58.8884 10
      vertex -98.1393 59.1588 10
    endloop
  endfacet
  facet normal 0 0 1
    outer loop
      vertex -97.8146 -58.375 10
      vertex -105 -67 10
      vertex -97.9455 -58.6265 10
    endloop
  endfacet
  facet normal 0 0 1
    outer loop
      vertex -105 67 10
      vertex -98.1393 59.1588 10
      vertex -98.2006 59.4356 10
    endloop
  endfacet
  facet normal 0 0 1
    outer loop
      vertex -97.9455 -58.6265 10
      vertex -105 -67 10
      vertex -98.054 -58.8884 10
    endloop
  endfacet
  facet normal 0 0 1
    outer loop
      vertex -105 67 10
      vertex -98.2006 59.4356 10
      vertex -98.2376 59.7167 10
    endloop
  endfacet
  facet normal 0 0 1
    outer loop
      vertex -98.054 -58.8884 10
      vertex -105 -67 10
      vertex -98.1393 -59.1588 10
    endloop
  endfacet
  facet normal 0 0 1
    outer loop
      vertex -105 67 10
      vertex -98.2376 59.7167 10
      vertex -98.25 60 10
    endloop
  endfacet
  facet normal 0 0 1
    outer loop
      vertex -98.1393 -59.1588 10
      vertex -105 -67 10
      vertex -98.2006 -59.4356 10
    endloop
  endfacet
  facet normal 0 0 1
    outer loop
      vertex -33.9392 34.3054 10
      vertex -77.606 44.2645 10
      vertex -33.8637 33.9647 10
    endloop
  endfacet
  facet normal 0 0 1
    outer loop
      vertex -52.5 -39 10
      vertex -76.9846 -45.7647 10
      vertex -76.9743 -46 10
    endloop
  endfacet
  facet normal -0 0 1
    outer loop
      vertex -77.7652 44.0908 10
      vertex -33.8637 33.9647 10
      vertex -77.606 44.2645 10
    endloop
  endfacet
  facet normal 0 0 1
    outer loop
      vertex -52.5 -39 10
      vertex -77.0154 -45.5312 10
      vertex -76.9846 -45.7647 10
    endloop
  endfacet
  facet normal 0 0 1
    outer loop
      vertex -33.8637 33.9647 10
      vertex -77.7652 44.0908 10
      vertex -33.7588 33.6319 10
    endloop
  endfacet
  facet normal 0 0 1
    outer loop
      vertex -52.5 -39 10
      vertex -77.0663 -45.3012 10
      vertex -77.0154 -45.5312 10
    endloop
  endfacet
  facet normal -0 0 1
    outer loop
      vertex -77.9388 43.9317 10
      vertex -33.7588 33.6319 10
      vertex -77.7652 44.0908 10
    endloop
  endfacet
  facet normal 0 0 1
    outer loop
      vertex -52.5 -39 10
      vertex -77.1372 -45.0765 10
      vertex -77.0663 -45.3012 10
    endloop
  endfacet
  facet normal 0 0 1
    outer loop
      vertex -33.7588 33.6319 10
      vertex -77.9388 43.9317 10
      vertex -33.6252 33.3095 10
    endloop
  endfacet
  facet normal 0 0 1
    outer loop
      vertex -52.5 -39 10
      vertex -77.2273 -44.8589 10
      vertex -77.1372 -45.0765 10
    endloop
  endfacet
  facet normal -0 0 1
    outer loop
      vertex -78.1257 43.7883 10
      vertex -33.6252 33.3095 10
      vertex -77.9388 43.9317 10
    endloop
  endfacet
  facet normal 0 0 1
    outer loop
      vertex -52.5 -39 10
      vertex -77.3361 -44.65 10
      vertex -77.2273 -44.8589 10
    endloop
  endfacet
  facet normal 0 0 1
    outer loop
      vertex -33.6252 33.3095 10
      vertex -78.1257 43.7883 10
      vertex -33.4641 33 10
    endloop
  endfacet
  facet normal 0 0 1
    outer loop
      vertex -52.5 -39 10
      vertex -77.4626 -44.4513 10
      vertex -77.3361 -44.65 10
    endloop
  endfacet
  facet normal -0 0 1
    outer loop
      vertex -78.3243 43.6617 10
      vertex -33.4641 33 10
      vertex -78.1257 43.7883 10
    endloop
  endfacet
  facet normal 0 0 1
    outer loop
      vertex -52.5 -39 10
      vertex -77.606 -44.2645 10
      vertex -77.4626 -44.4513 10
    endloop
  endfacet
  facet normal 0 0 1
    outer loop
      vertex -33.4641 33 10
      vertex -78.3243 43.6617 10
      vertex -33.2766 32.7057 10
    endloop
  endfacet
  facet normal 0 0 1
    outer loop
      vertex -52.5 -39 10
      vertex -77.7652 -44.0908 10
      vertex -77.606 -44.2645 10
    endloop
  endfacet
  facet normal -0 0 1
    outer loop
      vertex -78.5333 43.553 10
      vertex -33.2766 32.7057 10
      vertex -78.3243 43.6617 10
    endloop
  endfacet
  facet normal 0 0 1
    outer loop
      vertex -52.5 -39 10
      vertex -77.9388 -43.9317 10
      vertex -77.7652 -44.0908 10
    endloop
  endfacet
  facet normal 0 0 1
    outer loop
      vertex -33.2766 32.7057 10
      vertex -78.5333 43.553 10
      vertex -33.0642 32.4288 10
    endloop
  endfacet
  facet normal 0 0 1
    outer loop
      vertex -52.5 -39 10
      vertex -78.1257 -43.7883 10
      vertex -77.9388 -43.9317 10
    endloop
  endfacet
  facet normal -0 0 1
    outer loop
      vertex -78.7509 43.4628 10
      vertex -33.0642 32.4288 10
      vertex -78.5333 43.553 10
    endloop
  endfacet
  facet normal 0 0 1
    outer loop
      vertex -52.5 -39 10
      vertex -78.3243 -43.6617 10
      vertex -78.1257 -43.7883 10
    endloop
  endfacet
  facet normal 0 0 1
    outer loop
      vertex -33.0642 32.4288 10
      vertex -78.7509 43.4628 10
      vertex -52.5 -39 10
    endloop
  endfacet
  facet normal 0 0 1
    outer loop
      vertex -52.5 -39 10
      vertex -78.5333 -43.553 10
      vertex -78.3243 -43.6617 10
    endloop
  endfacet
  facet normal -0 0 1
    outer loop
      vertex -78.9755 43.392 10
      vertex -52.5 -39 10
      vertex -78.7509 43.4628 10
    endloop
  endfacet
  facet normal 0 0 1
    outer loop
      vertex -52.5 -39 10
      vertex -78.7509 -43.4628 10
      vertex -78.5333 -43.553 10
    endloop
  endfacet
  facet normal -0 0 1
    outer loop
      vertex -79.2055 43.341 10
      vertex -52.5 -39 10
      vertex -78.9755 43.392 10
    endloop
  endfacet
  facet normal 0 0 1
    outer loop
      vertex -52.5 -39 10
      vertex -78.9755 -43.392 10
      vertex -78.7509 -43.4628 10
    endloop
  endfacet
  facet normal 0 0 1
    outer loop
      vertex -79.2055 -43.341 10
      vertex -52.5 -39 10
      vertex -79.2055 43.341 10
    endloop
  endfacet
  facet normal 0 0 1
    outer loop
      vertex -52.5 -39 10
      vertex -79.2055 -43.341 10
      vertex -78.9755 -43.392 10
    endloop
  endfacet
  facet normal -0 0 1
    outer loop
      vertex -79.439 43.3103 10
      vertex -79.2055 -43.341 10
      vertex -79.2055 43.341 10
    endloop
  endfacet
  facet normal 0 0 1
    outer loop
      vertex -79.439 43.3103 10
      vertex -79.439 -43.3103 10
      vertex -79.2055 -43.341 10
    endloop
  endfacet
  facet normal -0 0 1
    outer loop
      vertex -79.6743 43.3 10
      vertex -79.439 -43.3103 10
      vertex -79.439 43.3103 10
    endloop
  endfacet
  facet normal 0 0 1
    outer loop
      vertex -79.6743 43.3 10
      vertex -79.6743 -43.3 10
      vertex -79.439 -43.3103 10
    endloop
  endfacet
  facet normal 0 0 1
    outer loop
      vertex -79.9097 43.3103 10
      vertex -79.6743 -43.3 10
      vertex -79.6743 43.3 10
    endloop
  endfacet
  facet normal 0 0 1
    outer loop
      vertex -79.9097 43.3103 10
      vertex -79.9097 -43.3103 10
      vertex -79.6743 -43.3 10
    endloop
  endfacet
  facet normal 0 0 1
    outer loop
      vertex -80.1432 43.341 10
      vertex -79.9097 -43.3103 10
      vertex -79.9097 43.3103 10
    endloop
  endfacet
  facet normal 0 0 1
    outer loop
      vertex -80.1432 43.341 10
      vertex -80.1432 -43.341 10
      vertex -79.9097 -43.3103 10
    endloop
  endfacet
  facet normal 0 0 1
    outer loop
      vertex -80.3731 43.392 10
      vertex -80.1432 -43.341 10
      vertex -80.1432 43.341 10
    endloop
  endfacet
  facet normal 0 0 1
    outer loop
      vertex -80.3731 43.392 10
      vertex -80.3731 -43.392 10
      vertex -80.1432 -43.341 10
    endloop
  endfacet
  facet normal 0 0 1
    outer loop
      vertex -80.5978 43.4628 10
      vertex -80.3731 -43.392 10
      vertex -80.3731 43.392 10
    endloop
  endfacet
  facet normal 0 0 1
    outer loop
      vertex -80.5978 43.4628 10
      vertex -80.5978 -43.4628 10
      vertex -80.3731 -43.392 10
    endloop
  endfacet
  facet normal 0 0 1
    outer loop
      vertex -80.8154 43.553 10
      vertex -80.5978 -43.4628 10
      vertex -80.5978 43.4628 10
    endloop
  endfacet
  facet normal 0 0 1
    outer loop
      vertex -80.8154 43.553 10
      vertex -80.8154 -43.553 10
      vertex -80.5978 -43.4628 10
    endloop
  endfacet
  facet normal 0 0 1
    outer loop
      vertex -81.0243 43.6617 10
      vertex -80.8154 -43.553 10
      vertex -80.8154 43.553 10
    endloop
  endfacet
  facet normal 0 0 1
    outer loop
      vertex -81.0243 43.6617 10
      vertex -81.0243 -43.6617 10
      vertex -80.8154 -43.553 10
    endloop
  endfacet
  facet normal 0 0 1
    outer loop
      vertex -81.223 43.7883 10
      vertex -81.0243 -43.6617 10
      vertex -81.0243 43.6617 10
    endloop
  endfacet
  facet normal 0 0 1
    outer loop
      vertex -81.223 43.7883 10
      vertex -81.223 -43.7883 10
      vertex -81.0243 -43.6617 10
    endloop
  endfacet
  facet normal 0 0 1
    outer loop
      vertex -81.4099 43.9317 10
      vertex -81.223 -43.7883 10
      vertex -81.223 43.7883 10
    endloop
  endfacet
  facet normal 0 0 1
    outer loop
      vertex -81.4099 43.9317 10
      vertex -81.4099 -43.9317 10
      vertex -81.223 -43.7883 10
    endloop
  endfacet
  facet normal 0 0 1
    outer loop
      vertex -81.5835 44.0908 10
      vertex -81.4099 -43.9317 10
      vertex -81.4099 43.9317 10
    endloop
  endfacet
  facet normal 0 0 1
    outer loop
      vertex -81.5835 44.0908 10
      vertex -81.5835 -44.0908 10
      vertex -81.4099 -43.9317 10
    endloop
  endfacet
  facet normal 0 0 1
    outer loop
      vertex -81.7427 44.2645 10
      vertex -81.5835 -44.0908 10
      vertex -81.5835 44.0908 10
    endloop
  endfacet
  facet normal 0 0 1
    outer loop
      vertex -81.7427 44.2645 10
      vertex -81.7427 -44.2645 10
      vertex -81.5835 -44.0908 10
    endloop
  endfacet
  facet normal 0 0 1
    outer loop
      vertex -81.886 44.4513 10
      vertex -81.7427 -44.2645 10
      vertex -81.7427 44.2645 10
    endloop
  endfacet
  facet normal 0 0 1
    outer loop
      vertex -81.886 44.4513 10
      vertex -81.886 -44.4513 10
      vertex -81.7427 -44.2645 10
    endloop
  endfacet
  facet normal 0 0 1
    outer loop
      vertex -82.0126 44.65 10
      vertex -81.886 -44.4513 10
      vertex -81.886 44.4513 10
    endloop
  endfacet
  facet normal 0 0 1
    outer loop
      vertex -82.0126 44.65 10
      vertex -82.0126 -44.65 10
      vertex -81.886 -44.4513 10
    endloop
  endfacet
  facet normal 0 0 1
    outer loop
      vertex -82.1214 47.1411 10
      vertex -93.375 57.1854 10
      vertex -82.2115 46.9235 10
    endloop
  endfacet
  facet normal -0 0 1
    outer loop
      vertex -93.6265 57.0545 10
      vertex -82.2115 46.9235 10
      vertex -93.375 57.1854 10
    endloop
  endfacet
  facet normal -0 0 1
    outer loop
      vertex -93.1359 57.3378 10
      vertex -82.0126 47.35 10
      vertex -92.9109 57.5104 10
    endloop
  endfacet
  facet normal 0 0 1
    outer loop
      vertex -82.0126 47.35 10
      vertex -93.1359 57.3378 10
      vertex -82.1214 47.1411 10
    endloop
  endfacet
  facet normal 0 0 1
    outer loop
      vertex -81.886 47.5487 10
      vertex -92.9109 57.5104 10
      vertex -82.0126 47.35 10
    endloop
  endfacet
  facet normal -0 0 1
    outer loop
      vertex -93.375 57.1854 10
      vertex -82.1214 47.1411 10
      vertex -93.1359 57.3378 10
    endloop
  endfacet
  facet normal -0 0 1
    outer loop
      vertex -92.9109 57.5104 10
      vertex -81.886 47.5487 10
      vertex -92.7019 57.7019 10
    endloop
  endfacet
  facet normal 0 0 1
    outer loop
      vertex -82.1214 -44.8589 10
      vertex -91.75 -60 10
      vertex -82.2115 -45.0765 10
    endloop
  endfacet
  facet normal 0 0 1
    outer loop
      vertex -81.7427 47.7355 10
      vertex -92.7019 57.7019 10
      vertex -81.886 47.5487 10
    endloop
  endfacet
  facet normal 0 0 1
    outer loop
      vertex -82.2115 -45.0765 10
      vertex -91.75 -60 10
      vertex -82.2823 -45.3012 10
    endloop
  endfacet
  facet normal -0 0 1
    outer loop
      vertex -92.7019 57.7019 10
      vertex -81.7427 47.7355 10
      vertex -92.5104 57.9109 10
    endloop
  endfacet
  facet normal 0 0 1
    outer loop
      vertex -82.2823 -45.3012 10
      vertex -91.75 -60 10
      vertex -82.3333 -45.5312 10
    endloop
  endfacet
  facet normal 0 0 1
    outer loop
      vertex -76.9846 -46.2353 10
      vertex -52.5 -39 10
      vertex -76.9743 -46 10
    endloop
  endfacet
  facet normal 0 0 1
    outer loop
      vertex -77.0154 -46.4688 10
      vertex -52.5 -39 10
      vertex -76.9846 -46.2353 10
    endloop
  endfacet
  facet normal 0 0 1
    outer loop
      vertex -77.0663 -46.6988 10
      vertex -52.5 -39 10
      vertex -77.0154 -46.4688 10
    endloop
  endfacet
  facet normal 0 0 1
    outer loop
      vertex -77.1372 -46.9235 10
      vertex -52.5 -39 10
      vertex -77.0663 -46.6988 10
    endloop
  endfacet
  facet normal 0 0 1
    outer loop
      vertex -77.2273 -47.1411 10
      vertex -52.5 -39 10
      vertex -77.1372 -46.9235 10
    endloop
  endfacet
  facet normal 0 0 1
    outer loop
      vertex -52.5 -39 10
      vertex -77.2273 -47.1411 10
      vertex -52.5 -69 10
    endloop
  endfacet
  facet normal -0 0 1
    outer loop
      vertex -77.3361 -47.35 10
      vertex -52.5 -69 10
      vertex -77.2273 -47.1411 10
    endloop
  endfacet
  facet normal -0 0 1
    outer loop
      vertex -77.4626 -47.5487 10
      vertex -52.5 -69 10
      vertex -77.3361 -47.35 10
    endloop
  endfacet
  facet normal -0 0 1
    outer loop
      vertex -77.606 -47.7355 10
      vertex -52.5 -69 10
      vertex -77.4626 -47.5487 10
    endloop
  endfacet
  facet normal -0 0 1
    outer loop
      vertex -77.7652 -47.9092 10
      vertex -52.5 -69 10
      vertex -77.606 -47.7355 10
    endloop
  endfacet
  facet normal -0 0 1
    outer loop
      vertex -77.9388 -48.0683 10
      vertex -52.5 -69 10
      vertex -77.7652 -47.9092 10
    endloop
  endfacet
  facet normal -0 0 1
    outer loop
      vertex -78.1257 -48.2117 10
      vertex -52.5 -69 10
      vertex -77.9388 -48.0683 10
    endloop
  endfacet
  facet normal -0 0 1
    outer loop
      vertex -78.3243 -48.3383 10
      vertex -52.5 -69 10
      vertex -78.1257 -48.2117 10
    endloop
  endfacet
  facet normal -0 0 1
    outer loop
      vertex -78.5333 -48.447 10
      vertex -52.5 -69 10
      vertex -78.3243 -48.3383 10
    endloop
  endfacet
  facet normal -0 0 1
    outer loop
      vertex -78.7509 -48.5372 10
      vertex -52.5 -69 10
      vertex -78.5333 -48.447 10
    endloop
  endfacet
  facet normal -0 0 1
    outer loop
      vertex -78.9755 -48.608 10
      vertex -52.5 -69 10
      vertex -78.7509 -48.5372 10
    endloop
  endfacet
  facet normal 0 0 1
    outer loop
      vertex -91.8607 -60.8412 10
      vertex -78.9755 -48.608 10
      vertex -79.2055 -48.659 10
    endloop
  endfacet
  facet normal 0 0 1
    outer loop
      vertex -91.7994 -60.5644 10
      vertex -79.2055 -48.659 10
      vertex -79.439 -48.6897 10
    endloop
  endfacet
  facet normal 0 0 1
    outer loop
      vertex -91.7624 -60.2833 10
      vertex -79.439 -48.6897 10
      vertex -79.6743 -48.7 10
    endloop
  endfacet
  facet normal 0 0 1
    outer loop
      vertex -91.75 -60 10
      vertex -79.6743 -48.7 10
      vertex -79.9097 -48.6897 10
    endloop
  endfacet
  facet normal 0 0 1
    outer loop
      vertex -91.75 -60 10
      vertex -79.9097 -48.6897 10
      vertex -80.1432 -48.659 10
    endloop
  endfacet
  facet normal 0 0 1
    outer loop
      vertex -91.75 -60 10
      vertex -80.1432 -48.659 10
      vertex -80.3731 -48.608 10
    endloop
  endfacet
  facet normal 0 0 1
    outer loop
      vertex -91.75 -60 10
      vertex -80.3731 -48.608 10
      vertex -80.5978 -48.5372 10
    endloop
  endfacet
  facet normal 0 0 1
    outer loop
      vertex -91.75 -60 10
      vertex -80.5978 -48.5372 10
      vertex -80.8154 -48.447 10
    endloop
  endfacet
  facet normal 0 0 1
    outer loop
      vertex -91.75 -60 10
      vertex -80.8154 -48.447 10
      vertex -81.0243 -48.3383 10
    endloop
  endfacet
  facet normal 0 0 1
    outer loop
      vertex -91.75 -60 10
      vertex -81.0243 -48.3383 10
      vertex -81.223 -48.2117 10
    endloop
  endfacet
  facet normal 0 0 1
    outer loop
      vertex -82.3641 -45.7647 10
      vertex -91.75 -60 10
      vertex -82.3743 -46 10
    endloop
  endfacet
  facet normal 0 0 1
    outer loop
      vertex -82.3743 -46 10
      vertex -91.75 -60 10
      vertex -82.3641 -46.2353 10
    endloop
  endfacet
  facet normal 0 0 1
    outer loop
      vertex -91.75 -60 10
      vertex -82.3333 -46.4688 10
      vertex -82.3641 -46.2353 10
    endloop
  endfacet
  facet normal 0 0 1
    outer loop
      vertex -91.75 -60 10
      vertex -82.2823 -46.6988 10
      vertex -82.3333 -46.4688 10
    endloop
  endfacet
  facet normal 0 0 1
    outer loop
      vertex -91.75 -60 10
      vertex -82.2115 -46.9235 10
      vertex -82.2823 -46.6988 10
    endloop
  endfacet
  facet normal 0 0 1
    outer loop
      vertex -91.75 -60 10
      vertex -82.1214 -47.1411 10
      vertex -82.2115 -46.9235 10
    endloop
  endfacet
  facet normal 0 0 1
    outer loop
      vertex -91.75 -60 10
      vertex -82.0126 -47.35 10
      vertex -82.1214 -47.1411 10
    endloop
  endfacet
  facet normal 0 0 1
    outer loop
      vertex -91.75 -60 10
      vertex -81.886 -47.5487 10
      vertex -82.0126 -47.35 10
    endloop
  endfacet
  facet normal 0 0 1
    outer loop
      vertex -91.75 -60 10
      vertex -81.7427 -47.7355 10
      vertex -81.886 -47.5487 10
    endloop
  endfacet
  facet normal 0 0 1
    outer loop
      vertex -91.75 -60 10
      vertex -81.5835 -47.9092 10
      vertex -81.7427 -47.7355 10
    endloop
  endfacet
  facet normal 0 0 1
    outer loop
      vertex -91.75 -60 10
      vertex -81.4099 -48.0683 10
      vertex -81.5835 -47.9092 10
    endloop
  endfacet
  facet normal 0 0 1
    outer loop
      vertex -91.75 -60 10
      vertex -81.223 -48.2117 10
      vertex -81.4099 -48.0683 10
    endloop
  endfacet
  facet normal 0 0 1
    outer loop
      vertex -79.6743 -48.7 10
      vertex -91.75 -60 10
      vertex -91.7624 -60.2833 10
    endloop
  endfacet
  facet normal 0 0 1
    outer loop
      vertex -79.439 -48.6897 10
      vertex -91.7624 -60.2833 10
      vertex -91.7994 -60.5644 10
    endloop
  endfacet
  facet normal 0 0 1
    outer loop
      vertex -79.2055 -48.659 10
      vertex -91.7994 -60.5644 10
      vertex -91.8607 -60.8412 10
    endloop
  endfacet
  facet normal 0 0 1
    outer loop
      vertex -78.9755 -48.608 10
      vertex -91.8607 -60.8412 10
      vertex -91.946 -61.1116 10
    endloop
  endfacet
  facet normal 0 0 1
    outer loop
      vertex -78.9755 -48.608 10
      vertex -91.946 -61.1116 10
      vertex -52.5 -69 10
    endloop
  endfacet
  facet normal -0 0 1
    outer loop
      vertex -92.0545 -61.3735 10
      vertex -52.5 -69 10
      vertex -91.946 -61.1116 10
    endloop
  endfacet
  facet normal -0 0 1
    outer loop
      vertex -92.1854 -61.625 10
      vertex -52.5 -69 10
      vertex -92.0545 -61.3735 10
    endloop
  endfacet
  facet normal -0 0 1
    outer loop
      vertex -92.3378 -61.8641 10
      vertex -52.5 -69 10
      vertex -92.1854 -61.625 10
    endloop
  endfacet
  facet normal -0 0 1
    outer loop
      vertex -92.5104 -62.0891 10
      vertex -52.5 -69 10
      vertex -92.3378 -61.8641 10
    endloop
  endfacet
  facet normal -0 0 1
    outer loop
      vertex -92.7019 -62.2981 10
      vertex -52.5 -69 10
      vertex -92.5104 -62.0891 10
    endloop
  endfacet
  facet normal 0 0 1
    outer loop
      vertex -97 -69 10
      vertex -92.7019 -62.2981 10
      vertex -92.9109 -62.4896 10
    endloop
  endfacet
  facet normal 0 0 1
    outer loop
      vertex -97 -69 10
      vertex -92.9109 -62.4896 10
      vertex -93.1359 -62.6622 10
    endloop
  endfacet
  facet normal 0 0 1
    outer loop
      vertex -97 -69 10
      vertex -93.1359 -62.6622 10
      vertex -93.375 -62.8146 10
    endloop
  endfacet
  facet normal 0 0 1
    outer loop
      vertex -97 -69 10
      vertex -93.375 -62.8146 10
      vertex -93.6265 -62.9455 10
    endloop
  endfacet
  facet normal 0 0 1
    outer loop
      vertex -97 -69 10
      vertex -93.6265 -62.9455 10
      vertex -93.8884 -63.054 10
    endloop
  endfacet
  facet normal 0 0 1
    outer loop
      vertex -97 -69 10
      vertex -93.8884 -63.054 10
      vertex -94.1588 -63.1393 10
    endloop
  endfacet
  facet normal 0 0 1
    outer loop
      vertex -97 -69 10
      vertex -94.1588 -63.1393 10
      vertex -94.4356 -63.2006 10
    endloop
  endfacet
  facet normal 0 0 1
    outer loop
      vertex -97 -69 10
      vertex -94.4356 -63.2006 10
      vertex -94.7167 -63.2376 10
    endloop
  endfacet
  facet normal 0 0 1
    outer loop
      vertex -97 -69 10
      vertex -94.7167 -63.2376 10
      vertex -95 -63.25 10
    endloop
  endfacet
  facet normal 0 0 1
    outer loop
      vertex -97 -69 10
      vertex -95 -63.25 10
      vertex -95.2833 -63.2376 10
    endloop
  endfacet
  facet normal 0 0 1
    outer loop
      vertex -97 -69 10
      vertex -95.2833 -63.2376 10
      vertex -95.5644 -63.2006 10
    endloop
  endfacet
  facet normal 0 0 1
    outer loop
      vertex -92.7019 -62.2981 10
      vertex -97 -69 10
      vertex -52.5 -69 10
    endloop
  endfacet
  facet normal 0 0 1
    outer loop
      vertex -95.8412 -63.1393 10
      vertex -97 -69 10
      vertex -95.5644 -63.2006 10
    endloop
  endfacet
  facet normal 0 0 1
    outer loop
      vertex -96.1116 -63.054 10
      vertex -97 -69 10
      vertex -95.8412 -63.1393 10
    endloop
  endfacet
  facet normal 0 0 1
    outer loop
      vertex -96.3735 -62.9455 10
      vertex -97 -69 10
      vertex -96.1116 -63.054 10
    endloop
  endfacet
  facet normal 0 0 1
    outer loop
      vertex -96.625 -62.8146 10
      vertex -97 -69 10
      vertex -96.3735 -62.9455 10
    endloop
  endfacet
  facet normal 0 0 1
    outer loop
      vertex -96.8641 -62.6622 10
      vertex -97 -69 10
      vertex -96.625 -62.8146 10
    endloop
  endfacet
  facet normal 0 0 1
    outer loop
      vertex -97.0891 -62.4896 10
      vertex -97 -69 10
      vertex -96.8641 -62.6622 10
    endloop
  endfacet
  facet normal 0 0 1
    outer loop
      vertex -97.2981 -62.2981 10
      vertex -97 -69 10
      vertex -97.0891 -62.4896 10
    endloop
  endfacet
  facet normal 0 0 1
    outer loop
      vertex -97 -69 10
      vertex -97.2981 -62.2981 10
      vertex -105 -67 10
    endloop
  endfacet
  facet normal 0 0 1
    outer loop
      vertex -105 -67 10
      vertex -97.2981 -62.2981 10
      vertex -97.4896 -62.0891 10
    endloop
  endfacet
  facet normal 0 0 1
    outer loop
      vertex -105 -67 10
      vertex -97.4896 -62.0891 10
      vertex -97.6622 -61.8641 10
    endloop
  endfacet
  facet normal 0 0 1
    outer loop
      vertex -97 -69 10
      vertex -97.6973 -74.9696 10
      vertex -97 -75 10
    endloop
  endfacet
  facet normal 0 0 1
    outer loop
      vertex -105 -67 10
      vertex -97.6622 -61.8641 10
      vertex -97.8146 -61.625 10
    endloop
  endfacet
  facet normal 0 0 1
    outer loop
      vertex -105 -67 10
      vertex -97.8146 -61.625 10
      vertex -97.9455 -61.3735 10
    endloop
  endfacet
  facet normal 0 0 1
    outer loop
      vertex -105 -67 10
      vertex -97.9455 -61.3735 10
      vertex -98.054 -61.1116 10
    endloop
  endfacet
  facet normal 0 0 1
    outer loop
      vertex -105 -67 10
      vertex -98.054 -61.1116 10
      vertex -98.1393 -60.8412 10
    endloop
  endfacet
  facet normal 0 0 1
    outer loop
      vertex -105 -67 10
      vertex -98.1393 -60.8412 10
      vertex -98.2006 -60.5644 10
    endloop
  endfacet
  facet normal 0 0 1
    outer loop
      vertex -105 -67 10
      vertex -98.2006 -60.5644 10
      vertex -98.2376 -60.2833 10
    endloop
  endfacet
  facet normal 0 0 1
    outer loop
      vertex -105 -67 10
      vertex -98.2376 -60.2833 10
      vertex -98.25 -60 10
    endloop
  endfacet
  facet normal 0 0 1
    outer loop
      vertex -97 -69 10
      vertex -98.3892 -74.8785 10
      vertex -97.6973 -74.9696 10
    endloop
  endfacet
  facet normal 0 0 1
    outer loop
      vertex -98.2006 -59.4356 10
      vertex -105 -67 10
      vertex -98.2376 -59.7167 10
    endloop
  endfacet
  facet normal 0 0 1
    outer loop
      vertex -105 67 10
      vertex -98.3892 74.8785 10
      vertex -99.0706 74.7274 10
    endloop
  endfacet
  facet normal 0 0 1
    outer loop
      vertex -98.2376 -59.7167 10
      vertex -105 -67 10
      vertex -98.25 -60 10
    endloop
  endfacet
  facet normal 0 0 1
    outer loop
      vertex -105 67 10
      vertex -99.0706 74.7274 10
      vertex -99.7362 74.5175 10
    endloop
  endfacet
  facet normal 0 0 1
    outer loop
      vertex -97 -69 10
      vertex -105 -67 10
      vertex -104.97 -67.6973 10
    endloop
  endfacet
  facet normal 0 0 1
    outer loop
      vertex -105 67 10
      vertex -99.7362 74.5175 10
      vertex -100.381 74.2505 10
    endloop
  endfacet
  facet normal 0 0 1
    outer loop
      vertex -97 -69 10
      vertex -99.0706 -74.7274 10
      vertex -98.3892 -74.8785 10
    endloop
  endfacet
  facet normal 0 0 1
    outer loop
      vertex -105 67 10
      vertex -100.381 74.2505 10
      vertex -101 73.9282 10
    endloop
  endfacet
  facet normal 0 0 1
    outer loop
      vertex -97 -69 10
      vertex -99.7362 -74.5175 10
      vertex -99.0706 -74.7274 10
    endloop
  endfacet
  facet normal 0 0 1
    outer loop
      vertex -105 67 10
      vertex -101 73.9282 10
      vertex -101.589 73.5532 10
    endloop
  endfacet
  facet normal 0 0 1
    outer loop
      vertex -97 -69 10
      vertex -100.381 -74.2505 10
      vertex -99.7362 -74.5175 10
    endloop
  endfacet
  facet normal 0 0 1
    outer loop
      vertex -105 67 10
      vertex -101.589 73.5532 10
      vertex -102.142 73.1284 10
    endloop
  endfacet
  facet normal 0 0 1
    outer loop
      vertex -97 -69 10
      vertex -101 -73.9282 10
      vertex -100.381 -74.2505 10
    endloop
  endfacet
  facet normal 0 0 1
    outer loop
      vertex -105 67 10
      vertex -102.142 73.1284 10
      vertex -102.657 72.6569 10
    endloop
  endfacet
  facet normal 0 0 1
    outer loop
      vertex -97 -69 10
      vertex -101.589 -73.5532 10
      vertex -101 -73.9282 10
    endloop
  endfacet
  facet normal 0 0 1
    outer loop
      vertex -105 67 10
      vertex -102.657 72.6569 10
      vertex -103.128 72.1423 10
    endloop
  endfacet
  facet normal 0 0 1
    outer loop
      vertex -97 -69 10
      vertex -102.142 -73.1284 10
      vertex -101.589 -73.5532 10
    endloop
  endfacet
  facet normal 0 0 1
    outer loop
      vertex -105 67 10
      vertex -103.128 72.1423 10
      vertex -103.553 71.5886 10
    endloop
  endfacet
  facet normal 0 0 1
    outer loop
      vertex -97 -69 10
      vertex -102.657 -72.6569 10
      vertex -102.142 -73.1284 10
    endloop
  endfacet
  facet normal 0 0 1
    outer loop
      vertex -105 67 10
      vertex -103.553 71.5886 10
      vertex -103.928 71 10
    endloop
  endfacet
  facet normal 0 0 1
    outer loop
      vertex -97 -69 10
      vertex -103.128 -72.1423 10
      vertex -102.657 -72.6569 10
    endloop
  endfacet
  facet normal 0 0 1
    outer loop
      vertex -105 67 10
      vertex -103.928 71 10
      vertex -104.25 70.381 10
    endloop
  endfacet
  facet normal 0 0 1
    outer loop
      vertex -97 -69 10
      vertex -103.553 -71.5886 10
      vertex -103.128 -72.1423 10
    endloop
  endfacet
  facet normal 0 0 1
    outer loop
      vertex -105 67 10
      vertex -104.25 70.381 10
      vertex -104.518 69.7362 10
    endloop
  endfacet
  facet normal 0 0 1
    outer loop
      vertex -97 -69 10
      vertex -103.928 -71 10
      vertex -103.553 -71.5886 10
    endloop
  endfacet
  facet normal 0 0 1
    outer loop
      vertex -105 67 10
      vertex -104.518 69.7362 10
      vertex -104.727 69.0706 10
    endloop
  endfacet
  facet normal 0 0 1
    outer loop
      vertex -97 -69 10
      vertex -104.25 -70.381 10
      vertex -103.928 -71 10
    endloop
  endfacet
  facet normal 0 0 1
    outer loop
      vertex -105 67 10
      vertex -104.727 69.0706 10
      vertex -104.878 68.3892 10
    endloop
  endfacet
  facet normal 0 0 1
    outer loop
      vertex -97 -69 10
      vertex -104.518 -69.7362 10
      vertex -104.25 -70.381 10
    endloop
  endfacet
  facet normal 0 0 1
    outer loop
      vertex -105 67 10
      vertex -104.878 68.3892 10
      vertex -104.97 67.6973 10
    endloop
  endfacet
  facet normal 0 0 1
    outer loop
      vertex -97 -69 10
      vertex -104.727 -69.0706 10
      vertex -104.518 -69.7362 10
    endloop
  endfacet
  facet normal 0 0 1
    outer loop
      vertex -97 -69 10
      vertex -104.878 -68.3892 10
      vertex -104.727 -69.0706 10
    endloop
  endfacet
  facet normal 0 0 1
    outer loop
      vertex -97 -69 10
      vertex -104.97 -67.6973 10
      vertex -104.878 -68.3892 10
    endloop
  endfacet
  facet normal -0 0 1
    outer loop
      vertex 2.09643 -7.824 10
      vertex 2.5 -39 10
      vertex 2.77036 -7.61151 10
    endloop
  endfacet
  facet normal -0 0 1
    outer loop
      vertex 1.40655 -7.97694 10
      vertex 2.5 -39 10
      vertex 2.09643 -7.824 10
    endloop
  endfacet
  facet normal -0 0 1
    outer loop
      vertex 0.705961 -8.06918 10
      vertex 2.5 -39 10
      vertex 1.40655 -7.97694 10
    endloop
  endfacet
  facet normal -0 0 1
    outer loop
      vertex 0 -8.1 10
      vertex 2.5 -39 10
      vertex 0.705961 -8.06918 10
    endloop
  endfacet
  facet normal 0 0 1
    outer loop
      vertex -2.5 -39 10
      vertex 0 -8.1 10
      vertex -0.705961 -8.06918 10
    endloop
  endfacet
  facet normal 0 0 1
    outer loop
      vertex -2.5 -39 10
      vertex -0.705961 -8.06918 10
      vertex -1.40655 -7.97694 10
    endloop
  endfacet
  facet normal 0 0 1
    outer loop
      vertex -2.5 -39 10
      vertex -1.40655 -7.97694 10
      vertex -2.09643 -7.824 10
    endloop
  endfacet
  facet normal 0 0 1
    outer loop
      vertex 0 -8.1 10
      vertex -2.5 -39 10
      vertex 2.5 -39 10
    endloop
  endfacet
  facet normal 0 0 1
    outer loop
      vertex -2.77036 -7.61151 10
      vertex -2.5 -39 10
      vertex -2.09643 -7.824 10
    endloop
  endfacet
  facet normal 0 0 1
    outer loop
      vertex -3.42321 -7.34109 10
      vertex -2.5 -39 10
      vertex -2.77036 -7.61151 10
    endloop
  endfacet
  facet normal 0 0 1
    outer loop
      vertex -4.05 -7.0148 10
      vertex -2.5 -39 10
      vertex -3.42321 -7.34109 10
    endloop
  endfacet
  facet normal 0 0 1
    outer loop
      vertex -4.64597 -6.63513 10
      vertex -2.5 -39 10
      vertex -4.05 -7.0148 10
    endloop
  endfacet
  facet normal 0 0 1
    outer loop
      vertex -5.20658 -6.20496 10
      vertex -2.5 -39 10
      vertex -4.64597 -6.63513 10
    endloop
  endfacet
  facet normal 0 0 1
    outer loop
      vertex -5.72756 -5.72756 10
      vertex -2.5 -39 10
      vertex -5.20658 -6.20496 10
    endloop
  endfacet
  facet normal 0 0 1
    outer loop
      vertex -2.5 -39 10
      vertex -5.72756 -5.72756 10
      vertex -47.5 -39 10
    endloop
  endfacet
  facet normal 0 0 1
    outer loop
      vertex -47.5 -39 10
      vertex -5.72756 -5.72756 10
      vertex -6.20496 -5.20658 10
    endloop
  endfacet
  facet normal 0 0 1
    outer loop
      vertex -47.5 -39 10
      vertex -6.20496 -5.20658 10
      vertex -6.63513 -4.64597 10
    endloop
  endfacet
  facet normal 0 0 1
    outer loop
      vertex -47.5 -39 10
      vertex -6.63513 -4.64597 10
      vertex -7.0148 -4.05 10
    endloop
  endfacet
  facet normal 0 0 1
    outer loop
      vertex -47.5 -39 10
      vertex -7.0148 -4.05 10
      vertex -7.34109 -3.42321 10
    endloop
  endfacet
  facet normal 0 0 1
    outer loop
      vertex -47.5 -39 10
      vertex -7.34109 -3.42321 10
      vertex -7.61151 -2.77036 10
    endloop
  endfacet
  facet normal 0 0 1
    outer loop
      vertex -47.5 -39 10
      vertex -7.61151 -2.77036 10
      vertex -7.824 -2.09643 10
    endloop
  endfacet
  facet normal 0 0 1
    outer loop
      vertex -47.5 -39 10
      vertex -7.824 -2.09643 10
      vertex -7.97694 -1.40655 10
    endloop
  endfacet
  facet normal 0 0 1
    outer loop
      vertex -47.5 -39 10
      vertex -7.97694 -1.40655 10
      vertex -8.06918 -0.705961 10
    endloop
  endfacet
  facet normal 0 0 1
    outer loop
      vertex -7.97694 1.40655 10
      vertex -30.6946 31.0608 10
      vertex -8.06918 0.705961 10
    endloop
  endfacet
  facet normal 0 0 1
    outer loop
      vertex -31.0353 31.1363 10
      vertex -8.06918 0.705961 10
      vertex -30.6946 31.0608 10
    endloop
  endfacet
  facet normal 0 0 1
    outer loop
      vertex -8.06918 0.705961 10
      vertex -31.0353 31.1363 10
      vertex -8.1 0 10
    endloop
  endfacet
  facet normal 0 0 1
    outer loop
      vertex -31.3681 31.2412 10
      vertex -8.1 0 10
      vertex -31.0353 31.1363 10
    endloop
  endfacet
  facet normal 0 0 1
    outer loop
      vertex -8.1 0 10
      vertex -31.3681 31.2412 10
      vertex -8.06918 -0.705961 10
    endloop
  endfacet
  facet normal 0 0 1
    outer loop
      vertex -8.06918 -0.705961 10
      vertex -31.3681 31.2412 10
      vertex -47.5 -39 10
    endloop
  endfacet
  facet normal 0 0 1
    outer loop
      vertex -47.5 -39 10
      vertex -31.3681 31.2412 10
      vertex -31.6905 31.3748 10
    endloop
  endfacet
  facet normal 0 0 1
    outer loop
      vertex -47.5 -39 10
      vertex -31.6905 31.3748 10
      vertex -32 31.5359 10
    endloop
  endfacet
  facet normal 0 0 1
    outer loop
      vertex -52.5 -39 10
      vertex -32 31.5359 10
      vertex -32.2943 31.7234 10
    endloop
  endfacet
  facet normal 0 0 1
    outer loop
      vertex -52.5 -39 10
      vertex -32.2943 31.7234 10
      vertex -32.5712 31.9358 10
    endloop
  endfacet
  facet normal 0 0 1
    outer loop
      vertex -52.5 -39 10
      vertex -32.5712 31.9358 10
      vertex -32.8284 32.1716 10
    endloop
  endfacet
  facet normal 0 0 1
    outer loop
      vertex -52.5 -39 10
      vertex -32.8284 32.1716 10
      vertex -33.0642 32.4288 10
    endloop
  endfacet
  facet normal 0 0 1
    outer loop
      vertex -33.9848 34.6514 10
      vertex -77.4626 44.4513 10
      vertex -33.9392 34.3054 10
    endloop
  endfacet
  facet normal -0 0 1
    outer loop
      vertex -77.4626 44.4513 10
      vertex -33.9848 34.6514 10
      vertex -77.3361 44.65 10
    endloop
  endfacet
  facet normal 0 0 1
    outer loop
      vertex -34 35 10
      vertex -77.3361 44.65 10
      vertex -33.9848 34.6514 10
    endloop
  endfacet
  facet normal -0 0 1
    outer loop
      vertex -77.3361 44.65 10
      vertex -34 35 10
      vertex -77.2273 44.8589 10
    endloop
  endfacet
  facet normal -0 0 1
    outer loop
      vertex -77.2273 44.8589 10
      vertex -34 35 10
      vertex -77.1372 45.0765 10
    endloop
  endfacet
  facet normal -0 0 1
    outer loop
      vertex -76.9846 45.7647 10
      vertex -34 35 10
      vertex -76.9743 46 10
    endloop
  endfacet
  facet normal -0 0 1
    outer loop
      vertex -77.0663 45.3012 10
      vertex -34 35 10
      vertex -77.0154 45.5312 10
    endloop
  endfacet
  facet normal -0 0 1
    outer loop
      vertex -77.1372 45.0765 10
      vertex -34 35 10
      vertex -77.0663 45.3012 10
    endloop
  endfacet
  facet normal 0 0 1
    outer loop
      vertex -2.5 -39 10
      vertex -47.5 -39 10
      vertex -2.5 -69 10
    endloop
  endfacet
  facet normal 0 0 1
    outer loop
      vertex -2.5 -69 10
      vertex -47.5 -39 10
      vertex -47.5 -69 10
    endloop
  endfacet
  facet normal 0 0 1
    outer loop
      vertex 31.0353 31.1363 10
      vertex 8.06918 0.705961 10
      vertex 8.1 0 10
    endloop
  endfacet
  facet normal 0 0 1
    outer loop
      vertex 30.3486 31.0152 10
      vertex 7.97694 1.40655 10
      vertex 8.06918 0.705961 10
    endloop
  endfacet
  facet normal 0 0 1
    outer loop
      vertex 30 31 10
      vertex 7.824 2.09643 10
      vertex 7.97694 1.40655 10
    endloop
  endfacet
  facet normal 0 0 1
    outer loop
      vertex 30 31 10
      vertex 7.61151 2.77036 10
      vertex 7.824 2.09643 10
    endloop
  endfacet
  facet normal 0 0 1
    outer loop
      vertex 30 31 10
      vertex 7.34109 3.42321 10
      vertex 7.61151 2.77036 10
    endloop
  endfacet
  facet normal 0 0 1
    outer loop
      vertex 30 31 10
      vertex 7.0148 4.05 10
      vertex 7.34109 3.42321 10
    endloop
  endfacet
  facet normal 0 0 1
    outer loop
      vertex 30 31 10
      vertex 6.63513 4.64597 10
      vertex 7.0148 4.05 10
    endloop
  endfacet
  facet normal 0 0 1
    outer loop
      vertex 30 31 10
      vertex 6.20496 5.20658 10
      vertex 6.63513 4.64597 10
    endloop
  endfacet
  facet normal 0 0 1
    outer loop
      vertex 30 31 10
      vertex 5.72756 5.72756 10
      vertex 6.20496 5.20658 10
    endloop
  endfacet
  facet normal 0 0 1
    outer loop
      vertex 30 31 10
      vertex 5.20658 6.20496 10
      vertex 5.72756 5.72756 10
    endloop
  endfacet
  facet normal 0 0 1
    outer loop
      vertex 30 31 10
      vertex 4.64597 6.63513 10
      vertex 5.20658 6.20496 10
    endloop
  endfacet
  facet normal 0 0 1
    outer loop
      vertex 30 31 10
      vertex 4.05 7.0148 10
      vertex 4.64597 6.63513 10
    endloop
  endfacet
  facet normal 0 0 1
    outer loop
      vertex 30 31 10
      vertex 3.42321 7.34109 10
      vertex 4.05 7.0148 10
    endloop
  endfacet
  facet normal 0 0 1
    outer loop
      vertex 30 31 10
      vertex 2.77036 7.61151 10
      vertex 3.42321 7.34109 10
    endloop
  endfacet
  facet normal 0 0 1
    outer loop
      vertex 30 31 10
      vertex 2.09643 7.824 10
      vertex 2.77036 7.61151 10
    endloop
  endfacet
  facet normal 0 0 1
    outer loop
      vertex 30 31 10
      vertex 1.40655 7.97694 10
      vertex 2.09643 7.824 10
    endloop
  endfacet
  facet normal 0 0 1
    outer loop
      vertex 30 31 10
      vertex 0.705961 8.06918 10
      vertex 1.40655 7.97694 10
    endloop
  endfacet
  facet normal 0 0 1
    outer loop
      vertex 30 31 10
      vertex 0 8.1 10
      vertex 0.705961 8.06918 10
    endloop
  endfacet
  facet normal -0 0 1
    outer loop
      vertex -30 31 10
      vertex 0 8.1 10
      vertex 30 31 10
    endloop
  endfacet
  facet normal 0 0 1
    outer loop
      vertex 0 8.1 10
      vertex -30 31 10
      vertex -0.705961 8.06918 10
    endloop
  endfacet
  facet normal 0 0 1
    outer loop
      vertex -0.705961 8.06918 10
      vertex -30 31 10
      vertex -1.40655 7.97694 10
    endloop
  endfacet
  facet normal 0 0 1
    outer loop
      vertex -1.40655 7.97694 10
      vertex -30 31 10
      vertex -2.09643 7.824 10
    endloop
  endfacet
  facet normal 0 0 1
    outer loop
      vertex -2.09643 7.824 10
      vertex -30 31 10
      vertex -2.77036 7.61151 10
    endloop
  endfacet
  facet normal 0 0 1
    outer loop
      vertex -2.77036 7.61151 10
      vertex -30 31 10
      vertex -3.42321 7.34109 10
    endloop
  endfacet
  facet normal 0 0 1
    outer loop
      vertex -3.42321 7.34109 10
      vertex -30 31 10
      vertex -4.05 7.0148 10
    endloop
  endfacet
  facet normal 0 0 1
    outer loop
      vertex -30.6946 31.0608 10
      vertex -7.97694 1.40655 10
      vertex -30.3486 31.0152 10
    endloop
  endfacet
  facet normal 0 0 1
    outer loop
      vertex -30.3486 31.0152 10
      vertex -7.97694 1.40655 10
      vertex -30 31 10
    endloop
  endfacet
  facet normal 0 0 1
    outer loop
      vertex -7.824 2.09643 10
      vertex -30 31 10
      vertex -7.97694 1.40655 10
    endloop
  endfacet
  facet normal 0 0 1
    outer loop
      vertex -7.61151 2.77036 10
      vertex -30 31 10
      vertex -7.824 2.09643 10
    endloop
  endfacet
  facet normal 0 0 1
    outer loop
      vertex -7.34109 3.42321 10
      vertex -30 31 10
      vertex -7.61151 2.77036 10
    endloop
  endfacet
  facet normal 0 0 1
    outer loop
      vertex -7.0148 4.05 10
      vertex -30 31 10
      vertex -7.34109 3.42321 10
    endloop
  endfacet
  facet normal 0 0 1
    outer loop
      vertex -6.63513 4.64597 10
      vertex -30 31 10
      vertex -7.0148 4.05 10
    endloop
  endfacet
  facet normal 0 0 1
    outer loop
      vertex -6.20496 5.20658 10
      vertex -30 31 10
      vertex -6.63513 4.64597 10
    endloop
  endfacet
  facet normal 0 0 1
    outer loop
      vertex -5.72756 5.72756 10
      vertex -30 31 10
      vertex -6.20496 5.20658 10
    endloop
  endfacet
  facet normal 0 0 1
    outer loop
      vertex -5.20658 6.20496 10
      vertex -30 31 10
      vertex -5.72756 5.72756 10
    endloop
  endfacet
  facet normal 0 0 1
    outer loop
      vertex -4.64597 6.63513 10
      vertex -30 31 10
      vertex -5.20658 6.20496 10
    endloop
  endfacet
  facet normal 0 0 1
    outer loop
      vertex -4.05 7.0148 10
      vertex -30 31 10
      vertex -4.64597 6.63513 10
    endloop
  endfacet
  facet normal -0 0 1
    outer loop
      vertex 95.8412 56.8607 10
      vertex 82.1214 44.8589 10
      vertex 96.1116 56.946 10
    endloop
  endfacet
  facet normal 0 0 1
    outer loop
      vertex 96.625 -57.1854 10
      vertex 82.3641 -45.7647 10
      vertex 82.3743 -46 10
    endloop
  endfacet
  facet normal 0 0 1
    outer loop
      vertex 82.0126 44.65 10
      vertex 96.1116 56.946 10
      vertex 82.1214 44.8589 10
    endloop
  endfacet
  facet normal 0 0 1
    outer loop
      vertex 96.625 -57.1854 10
      vertex 82.3333 -45.5312 10
      vertex 82.3641 -45.7647 10
    endloop
  endfacet
  facet normal -0 0 1
    outer loop
      vertex 96.1116 56.946 10
      vertex 82.0126 44.65 10
      vertex 96.3735 57.0545 10
    endloop
  endfacet
  facet normal 0 0 1
    outer loop
      vertex 96.625 -57.1854 10
      vertex 82.2823 -45.3012 10
      vertex 82.3333 -45.5312 10
    endloop
  endfacet
  facet normal 0 0 1
    outer loop
      vertex 81.886 44.4513 10
      vertex 96.3735 57.0545 10
      vertex 82.0126 44.65 10
    endloop
  endfacet
  facet normal 0 0 1
    outer loop
      vertex 96.625 -57.1854 10
      vertex 82.2115 -45.0765 10
      vertex 82.2823 -45.3012 10
    endloop
  endfacet
  facet normal -0 0 1
    outer loop
      vertex 96.3735 57.0545 10
      vertex 81.886 44.4513 10
      vertex 96.625 57.1854 10
    endloop
  endfacet
  facet normal 0 0 1
    outer loop
      vertex 96.625 -57.1854 10
      vertex 82.1214 -44.8589 10
      vertex 82.2115 -45.0765 10
    endloop
  endfacet
  facet normal 0 0 1
    outer loop
      vertex 81.7427 44.2645 10
      vertex 96.625 57.1854 10
      vertex 81.886 44.4513 10
    endloop
  endfacet
  facet normal 0 0 1
    outer loop
      vertex 96.625 -57.1854 10
      vertex 82.0126 -44.65 10
      vertex 82.1214 -44.8589 10
    endloop
  endfacet
  facet normal 0 0 1
    outer loop
      vertex 96.625 57.1854 10
      vertex 81.7427 44.2645 10
      vertex 96.625 -57.1854 10
    endloop
  endfacet
  facet normal 0 0 1
    outer loop
      vertex 96.625 -57.1854 10
      vertex 81.886 -44.4513 10
      vertex 82.0126 -44.65 10
    endloop
  endfacet
  facet normal -0 0 1
    outer loop
      vertex 81.7427 -44.2645 10
      vertex 96.625 -57.1854 10
      vertex 81.7427 44.2645 10
    endloop
  endfacet
  facet normal 0 0 1
    outer loop
      vertex 96.625 -57.1854 10
      vertex 81.7427 -44.2645 10
      vertex 81.886 -44.4513 10
    endloop
  endfacet
  facet normal -0 0 1
    outer loop
      vertex 81.5835 44.0908 10
      vertex 81.7427 -44.2645 10
      vertex 81.7427 44.2645 10
    endloop
  endfacet
  facet normal 0 0 1
    outer loop
      vertex 81.5835 44.0908 10
      vertex 81.5835 -44.0908 10
      vertex 81.7427 -44.2645 10
    endloop
  endfacet
  facet normal -0 0 1
    outer loop
      vertex 81.4099 43.9317 10
      vertex 81.5835 -44.0908 10
      vertex 81.5835 44.0908 10
    endloop
  endfacet
  facet normal 0 0 1
    outer loop
      vertex 81.4099 43.9317 10
      vertex 81.4099 -43.9317 10
      vertex 81.5835 -44.0908 10
    endloop
  endfacet
  facet normal -0 0 1
    outer loop
      vertex 81.223 43.7883 10
      vertex 81.4099 -43.9317 10
      vertex 81.4099 43.9317 10
    endloop
  endfacet
  facet normal 0 0 1
    outer loop
      vertex 81.223 43.7883 10
      vertex 81.223 -43.7883 10
      vertex 81.4099 -43.9317 10
    endloop
  endfacet
  facet normal -0 0 1
    outer loop
      vertex 81.0243 43.6617 10
      vertex 81.223 -43.7883 10
      vertex 81.223 43.7883 10
    endloop
  endfacet
  facet normal 0 0 1
    outer loop
      vertex 81.0243 43.6617 10
      vertex 81.0243 -43.6617 10
      vertex 81.223 -43.7883 10
    endloop
  endfacet
  facet normal -0 0 1
    outer loop
      vertex 80.8154 43.553 10
      vertex 81.0243 -43.6617 10
      vertex 81.0243 43.6617 10
    endloop
  endfacet
  facet normal 0 0 1
    outer loop
      vertex 80.8154 43.553 10
      vertex 80.8154 -43.553 10
      vertex 81.0243 -43.6617 10
    endloop
  endfacet
  facet normal -0 0 1
    outer loop
      vertex 80.5978 43.4628 10
      vertex 80.8154 -43.553 10
      vertex 80.8154 43.553 10
    endloop
  endfacet
  facet normal 0 0 1
    outer loop
      vertex 80.5978 43.4628 10
      vertex 80.5978 -43.4628 10
      vertex 80.8154 -43.553 10
    endloop
  endfacet
  facet normal -0 0 1
    outer loop
      vertex 80.3731 43.392 10
      vertex 80.5978 -43.4628 10
      vertex 80.5978 43.4628 10
    endloop
  endfacet
  facet normal 0 0 1
    outer loop
      vertex 80.3731 43.392 10
      vertex 80.3731 -43.392 10
      vertex 80.5978 -43.4628 10
    endloop
  endfacet
  facet normal -0 0 1
    outer loop
      vertex 80.1432 43.341 10
      vertex 80.3731 -43.392 10
      vertex 80.3731 43.392 10
    endloop
  endfacet
  facet normal 0 0 1
    outer loop
      vertex 80.1432 43.341 10
      vertex 80.1432 -43.341 10
      vertex 80.3731 -43.392 10
    endloop
  endfacet
  facet normal -0 0 1
    outer loop
      vertex 79.9097 43.3103 10
      vertex 80.1432 -43.341 10
      vertex 80.1432 43.341 10
    endloop
  endfacet
  facet normal 0 0 1
    outer loop
      vertex 79.9097 43.3103 10
      vertex 79.9097 -43.3103 10
      vertex 80.1432 -43.341 10
    endloop
  endfacet
  facet normal -0 0 1
    outer loop
      vertex 79.6743 43.3 10
      vertex 79.9097 -43.3103 10
      vertex 79.9097 43.3103 10
    endloop
  endfacet
  facet normal 0 0 1
    outer loop
      vertex 79.6743 43.3 10
      vertex 79.6743 -43.3 10
      vertex 79.9097 -43.3103 10
    endloop
  endfacet
  facet normal 0 0 1
    outer loop
      vertex 79.439 43.3103 10
      vertex 79.6743 -43.3 10
      vertex 79.6743 43.3 10
    endloop
  endfacet
  facet normal 0 0 1
    outer loop
      vertex 79.439 43.3103 10
      vertex 79.439 -43.3103 10
      vertex 79.6743 -43.3 10
    endloop
  endfacet
  facet normal 0 0 1
    outer loop
      vertex 79.2055 43.341 10
      vertex 79.439 -43.3103 10
      vertex 79.439 43.3103 10
    endloop
  endfacet
  facet normal 0 0 1
    outer loop
      vertex 79.2055 43.341 10
      vertex 79.2055 -43.341 10
      vertex 79.439 -43.3103 10
    endloop
  endfacet
  facet normal 0 0 1
    outer loop
      vertex 52.5 -39 10
      vertex 79.2055 43.341 10
      vertex 78.9755 43.392 10
    endloop
  endfacet
  facet normal 0 0 1
    outer loop
      vertex 79.2055 43.341 10
      vertex 52.5 -39 10
      vertex 79.2055 -43.341 10
    endloop
  endfacet
  facet normal 0 0 1
    outer loop
      vertex 52.5 -39 10
      vertex 78.9755 43.392 10
      vertex 78.7509 43.4628 10
    endloop
  endfacet
  facet normal 0 0 1
    outer loop
      vertex 79.2055 -43.341 10
      vertex 52.5 -39 10
      vertex 78.9755 -43.392 10
    endloop
  endfacet
  facet normal 0 0 1
    outer loop
      vertex 33.0642 32.4288 10
      vertex 78.7509 43.4628 10
      vertex 78.5333 43.553 10
    endloop
  endfacet
  facet normal 0 0 1
    outer loop
      vertex 78.9755 -43.392 10
      vertex 52.5 -39 10
      vertex 78.7509 -43.4628 10
    endloop
  endfacet
  facet normal 0 0 1
    outer loop
      vertex 33.2766 32.7057 10
      vertex 78.5333 43.553 10
      vertex 78.3243 43.6617 10
    endloop
  endfacet
  facet normal 0 0 1
    outer loop
      vertex 78.7509 -43.4628 10
      vertex 52.5 -39 10
      vertex 78.5333 -43.553 10
    endloop
  endfacet
  facet normal 0 0 1
    outer loop
      vertex 33.4641 33 10
      vertex 78.3243 43.6617 10
      vertex 78.1257 43.7883 10
    endloop
  endfacet
  facet normal 0 0 1
    outer loop
      vertex 78.5333 -43.553 10
      vertex 52.5 -39 10
      vertex 78.3243 -43.6617 10
    endloop
  endfacet
  facet normal 0 0 1
    outer loop
      vertex 33.6252 33.3095 10
      vertex 78.1257 43.7883 10
      vertex 77.9388 43.9317 10
    endloop
  endfacet
  facet normal 0 0 1
    outer loop
      vertex 78.3243 -43.6617 10
      vertex 52.5 -39 10
      vertex 78.1257 -43.7883 10
    endloop
  endfacet
  facet normal 0 0 1
    outer loop
      vertex 33.7588 33.6319 10
      vertex 77.9388 43.9317 10
      vertex 77.7652 44.0908 10
    endloop
  endfacet
  facet normal 0 0 1
    outer loop
      vertex 78.1257 -43.7883 10
      vertex 52.5 -39 10
      vertex 77.9388 -43.9317 10
    endloop
  endfacet
  facet normal 0 0 1
    outer loop
      vertex 33.8637 33.9647 10
      vertex 77.7652 44.0908 10
      vertex 77.606 44.2645 10
    endloop
  endfacet
  facet normal 0 0 1
    outer loop
      vertex 77.9388 -43.9317 10
      vertex 52.5 -39 10
      vertex 77.7652 -44.0908 10
    endloop
  endfacet
  facet normal 0 0 1
    outer loop
      vertex 33.9392 34.3054 10
      vertex 77.606 44.2645 10
      vertex 77.4626 44.4513 10
    endloop
  endfacet
  facet normal 0 0 1
    outer loop
      vertex 77.7652 -44.0908 10
      vertex 52.5 -39 10
      vertex 77.606 -44.2645 10
    endloop
  endfacet
  facet normal 0 0 1
    outer loop
      vertex 33.9848 34.6514 10
      vertex 77.4626 44.4513 10
      vertex 77.3361 44.65 10
    endloop
  endfacet
  facet normal 0 0 1
    outer loop
      vertex 77.606 -44.2645 10
      vertex 52.5 -39 10
      vertex 77.4626 -44.4513 10
    endloop
  endfacet
  facet normal 0 0 1
    outer loop
      vertex 34 35 10
      vertex 77.3361 44.65 10
      vertex 77.2273 44.8589 10
    endloop
  endfacet
  facet normal 0 0 1
    outer loop
      vertex 77.4626 -44.4513 10
      vertex 52.5 -39 10
      vertex 77.3361 -44.65 10
    endloop
  endfacet
  facet normal 0 0 1
    outer loop
      vertex 34 35 10
      vertex 77.2273 44.8589 10
      vertex 77.1372 45.0765 10
    endloop
  endfacet
  facet normal 0 0 1
    outer loop
      vertex 77.3361 -44.65 10
      vertex 52.5 -39 10
      vertex 77.2273 -44.8589 10
    endloop
  endfacet
  facet normal 0 0 1
    outer loop
      vertex 34 35 10
      vertex 77.1372 45.0765 10
      vertex 77.0663 45.3012 10
    endloop
  endfacet
  facet normal 0 0 1
    outer loop
      vertex 77.2273 -44.8589 10
      vertex 52.5 -39 10
      vertex 77.1372 -45.0765 10
    endloop
  endfacet
  facet normal 0 0 1
    outer loop
      vertex 34 35 10
      vertex 77.0663 45.3012 10
      vertex 77.0154 45.5312 10
    endloop
  endfacet
  facet normal 0 0 1
    outer loop
      vertex 77.1372 -45.0765 10
      vertex 52.5 -39 10
      vertex 77.0663 -45.3012 10
    endloop
  endfacet
  facet normal 0 0 1
    outer loop
      vertex 34 35 10
      vertex 77.0154 45.5312 10
      vertex 76.9846 45.7647 10
    endloop
  endfacet
  facet normal 0 0 1
    outer loop
      vertex 77.0663 -45.3012 10
      vertex 52.5 -39 10
      vertex 77.0154 -45.5312 10
    endloop
  endfacet
  facet normal 0 0 1
    outer loop
      vertex 34 35 10
      vertex 76.9846 45.7647 10
      vertex 76.9743 46 10
    endloop
  endfacet
  facet normal 0 0 1
    outer loop
      vertex 77.0154 -45.5312 10
      vertex 52.5 -39 10
      vertex 76.9846 -45.7647 10
    endloop
  endfacet
  facet normal -0 0 1
    outer loop
      vertex 96.8641 -62.6622 10
      vertex 97 -69 10
      vertex 97.0891 -62.4896 10
    endloop
  endfacet
  facet normal -0 0 1
    outer loop
      vertex 96.625 -62.8146 10
      vertex 97 -69 10
      vertex 96.8641 -62.6622 10
    endloop
  endfacet
  facet normal -0 0 1
    outer loop
      vertex 96.3735 -62.9455 10
      vertex 97 -69 10
      vertex 96.625 -62.8146 10
    endloop
  endfacet
  facet normal -0 0 1
    outer loop
      vertex 96.1116 -63.054 10
      vertex 97 -69 10
      vertex 96.3735 -62.9455 10
    endloop
  endfacet
  facet normal -0 0 1
    outer loop
      vertex 95.8412 -63.1393 10
      vertex 97 -69 10
      vertex 96.1116 -63.054 10
    endloop
  endfacet
  facet normal -0 0 1
    outer loop
      vertex 95.5644 -63.2006 10
      vertex 97 -69 10
      vertex 95.8412 -63.1393 10
    endloop
  endfacet
  facet normal -0 0 1
    outer loop
      vertex 95.2833 -63.2376 10
      vertex 97 -69 10
      vertex 95.5644 -63.2006 10
    endloop
  endfacet
  facet normal -0 0 1
    outer loop
      vertex 95 -63.25 10
      vertex 97 -69 10
      vertex 95.2833 -63.2376 10
    endloop
  endfacet
  facet normal 0 0 1
    outer loop
      vertex 94.7167 -63.2376 10
      vertex 97 -69 10
      vertex 95 -63.25 10
    endloop
  endfacet
  facet normal 0 0 1
    outer loop
      vertex 94.4356 -63.2006 10
      vertex 97 -69 10
      vertex 94.7167 -63.2376 10
    endloop
  endfacet
  facet normal 0 0 1
    outer loop
      vertex 94.1588 -63.1393 10
      vertex 97 -69 10
      vertex 94.4356 -63.2006 10
    endloop
  endfacet
  facet normal 0 0 1
    outer loop
      vertex 93.8884 -63.054 10
      vertex 97 -69 10
      vertex 94.1588 -63.1393 10
    endloop
  endfacet
  facet normal 0 0 1
    outer loop
      vertex 93.6265 -62.9455 10
      vertex 97 -69 10
      vertex 93.8884 -63.054 10
    endloop
  endfacet
  facet normal 0 0 1
    outer loop
      vertex 93.375 -62.8146 10
      vertex 97 -69 10
      vertex 93.6265 -62.9455 10
    endloop
  endfacet
  facet normal 0 0 1
    outer loop
      vertex 93.1359 -62.6622 10
      vertex 97 -69 10
      vertex 93.375 -62.8146 10
    endloop
  endfacet
  facet normal 0 0 1
    outer loop
      vertex 92.9109 -62.4896 10
      vertex 97 -69 10
      vertex 93.1359 -62.6622 10
    endloop
  endfacet
  facet normal 0 0 1
    outer loop
      vertex 92.7019 -62.2981 10
      vertex 97 -69 10
      vertex 92.9109 -62.4896 10
    endloop
  endfacet
  facet normal 0 0 1
    outer loop
      vertex 92.5104 -62.0891 10
      vertex 97 -69 10
      vertex 92.7019 -62.2981 10
    endloop
  endfacet
  facet normal 0 0 1
    outer loop
      vertex 52.5 -69 10
      vertex 92.5104 -62.0891 10
      vertex 92.3378 -61.8641 10
    endloop
  endfacet
  facet normal 0 0 1
    outer loop
      vertex 92.7019 -57.7019 10
      vertex 81.7427 -47.7355 10
      vertex 92.5104 -57.9109 10
    endloop
  endfacet
  facet normal -0 0 1
    outer loop
      vertex 81.5835 -47.9092 10
      vertex 92.5104 -57.9109 10
      vertex 81.7427 -47.7355 10
    endloop
  endfacet
  facet normal 0 0 1
    outer loop
      vertex 92.5104 -57.9109 10
      vertex 81.5835 -47.9092 10
      vertex 92.3378 -58.1359 10
    endloop
  endfacet
  facet normal -0 0 1
    outer loop
      vertex 81.4099 -48.0683 10
      vertex 92.3378 -58.1359 10
      vertex 81.5835 -47.9092 10
    endloop
  endfacet
  facet normal 0 0 1
    outer loop
      vertex 92.3378 -58.1359 10
      vertex 81.4099 -48.0683 10
      vertex 92.1854 -58.375 10
    endloop
  endfacet
  facet normal -0 0 1
    outer loop
      vertex 81.223 -48.2117 10
      vertex 92.1854 -58.375 10
      vertex 81.4099 -48.0683 10
    endloop
  endfacet
  facet normal -0 0 1
    outer loop
      vertex 81.0243 -48.3383 10
      vertex 92.1854 -58.375 10
      vertex 81.223 -48.2117 10
    endloop
  endfacet
  facet normal 0 0 1
    outer loop
      vertex 92.1854 -58.375 10
      vertex 81.0243 -48.3383 10
      vertex 92.0545 -58.6265 10
    endloop
  endfacet
  facet normal -0 0 1
    outer loop
      vertex 80.8154 -48.447 10
      vertex 92.0545 -58.6265 10
      vertex 81.0243 -48.3383 10
    endloop
  endfacet
  facet normal 0 0 1
    outer loop
      vertex 92.0545 -58.6265 10
      vertex 80.8154 -48.447 10
      vertex 91.946 -58.8884 10
    endloop
  endfacet
  facet normal -0 0 1
    outer loop
      vertex 80.5978 -48.5372 10
      vertex 91.946 -58.8884 10
      vertex 80.8154 -48.447 10
    endloop
  endfacet
  facet normal 0 0 1
    outer loop
      vertex 91.946 -58.8884 10
      vertex 80.5978 -48.5372 10
      vertex 91.8607 -59.1588 10
    endloop
  endfacet
  facet normal -0 0 1
    outer loop
      vertex 80.3731 -48.608 10
      vertex 91.8607 -59.1588 10
      vertex 80.5978 -48.5372 10
    endloop
  endfacet
  facet normal 0 0 1
    outer loop
      vertex 91.8607 -59.1588 10
      vertex 80.3731 -48.608 10
      vertex 91.7994 -59.4356 10
    endloop
  endfacet
  facet normal -0 0 1
    outer loop
      vertex 80.1432 -48.659 10
      vertex 91.7994 -59.4356 10
      vertex 80.3731 -48.608 10
    endloop
  endfacet
  facet normal 0 0 1
    outer loop
      vertex 91.7994 -59.4356 10
      vertex 80.1432 -48.659 10
      vertex 91.7624 -59.7167 10
    endloop
  endfacet
  facet normal -0 0 1
    outer loop
      vertex 79.9097 -48.6897 10
      vertex 91.7624 -59.7167 10
      vertex 80.1432 -48.659 10
    endloop
  endfacet
  facet normal 0 0 1
    outer loop
      vertex 91.7624 -59.7167 10
      vertex 79.9097 -48.6897 10
      vertex 91.75 -60 10
    endloop
  endfacet
  facet normal -0 0 1
    outer loop
      vertex 79.6743 -48.7 10
      vertex 91.75 -60 10
      vertex 79.9097 -48.6897 10
    endloop
  endfacet
  facet normal 0 0 1
    outer loop
      vertex 91.75 -60 10
      vertex 79.6743 -48.7 10
      vertex 91.7624 -60.2833 10
    endloop
  endfacet
  facet normal 0 0 1
    outer loop
      vertex 79.439 -48.6897 10
      vertex 91.7624 -60.2833 10
      vertex 79.6743 -48.7 10
    endloop
  endfacet
  facet normal 0 0 1
    outer loop
      vertex 91.7624 -60.2833 10
      vertex 79.439 -48.6897 10
      vertex 91.7994 -60.5644 10
    endloop
  endfacet
  facet normal 0 0 1
    outer loop
      vertex 79.2055 -48.659 10
      vertex 91.7994 -60.5644 10
      vertex 79.439 -48.6897 10
    endloop
  endfacet
  facet normal 0 0 1
    outer loop
      vertex 91.7994 -60.5644 10
      vertex 79.2055 -48.659 10
      vertex 91.8607 -60.8412 10
    endloop
  endfacet
  facet normal 0 0 1
    outer loop
      vertex 78.9755 -48.608 10
      vertex 91.8607 -60.8412 10
      vertex 79.2055 -48.659 10
    endloop
  endfacet
  facet normal 0 0 1
    outer loop
      vertex 91.8607 -60.8412 10
      vertex 78.9755 -48.608 10
      vertex 91.946 -61.1116 10
    endloop
  endfacet
  facet normal 0 0 1
    outer loop
      vertex 52.5 -69 10
      vertex 91.946 -61.1116 10
      vertex 78.9755 -48.608 10
    endloop
  endfacet
  facet normal 0 0 1
    outer loop
      vertex 91.946 -61.1116 10
      vertex 52.5 -69 10
      vertex 92.0545 -61.3735 10
    endloop
  endfacet
  facet normal 0 0 1
    outer loop
      vertex 92.0545 -61.3735 10
      vertex 52.5 -69 10
      vertex 92.1854 -61.625 10
    endloop
  endfacet
  facet normal 0 0 1
    outer loop
      vertex 92.1854 -61.625 10
      vertex 52.5 -69 10
      vertex 92.3378 -61.8641 10
    endloop
  endfacet
  facet normal 0 0 1
    outer loop
      vertex 52.5 -69 10
      vertex 78.9755 -48.608 10
      vertex 78.7509 -48.5372 10
    endloop
  endfacet
  facet normal 0 0 1
    outer loop
      vertex 52.5 -69 10
      vertex 78.7509 -48.5372 10
      vertex 78.5333 -48.447 10
    endloop
  endfacet
  facet normal 0 0 1
    outer loop
      vertex 52.5 -69 10
      vertex 78.5333 -48.447 10
      vertex 78.3243 -48.3383 10
    endloop
  endfacet
  facet normal 0 0 1
    outer loop
      vertex 52.5 -69 10
      vertex 78.3243 -48.3383 10
      vertex 78.1257 -48.2117 10
    endloop
  endfacet
  facet normal 0 0 1
    outer loop
      vertex 52.5 -69 10
      vertex 78.1257 -48.2117 10
      vertex 77.9388 -48.0683 10
    endloop
  endfacet
  facet normal 0 0 1
    outer loop
      vertex 52.5 -69 10
      vertex 77.9388 -48.0683 10
      vertex 77.7652 -47.9092 10
    endloop
  endfacet
  facet normal 0 0 1
    outer loop
      vertex 52.5 -69 10
      vertex 77.7652 -47.9092 10
      vertex 77.606 -47.7355 10
    endloop
  endfacet
  facet normal 0 0 1
    outer loop
      vertex 52.5 -39 10
      vertex 76.9846 -46.2353 10
      vertex 76.9743 -46 10
    endloop
  endfacet
  facet normal 0 0 1
    outer loop
      vertex 52.5 -39 10
      vertex 77.0154 -46.4688 10
      vertex 76.9846 -46.2353 10
    endloop
  endfacet
  facet normal 0 0 1
    outer loop
      vertex 52.5 -39 10
      vertex 77.0663 -46.6988 10
      vertex 77.0154 -46.4688 10
    endloop
  endfacet
  facet normal 0 0 1
    outer loop
      vertex 52.5 -39 10
      vertex 77.1372 -46.9235 10
      vertex 77.0663 -46.6988 10
    endloop
  endfacet
  facet normal 0 0 1
    outer loop
      vertex 52.5 -39 10
      vertex 77.2273 -47.1411 10
      vertex 77.1372 -46.9235 10
    endloop
  endfacet
  facet normal 0 0 1
    outer loop
      vertex 52.5 -69 10
      vertex 77.2273 -47.1411 10
      vertex 52.5 -39 10
    endloop
  endfacet
  facet normal 0 0 1
    outer loop
      vertex 77.2273 -47.1411 10
      vertex 52.5 -69 10
      vertex 77.3361 -47.35 10
    endloop
  endfacet
  facet normal 0 0 1
    outer loop
      vertex 77.3361 -47.35 10
      vertex 52.5 -69 10
      vertex 77.4626 -47.5487 10
    endloop
  endfacet
  facet normal 0 0 1
    outer loop
      vertex 77.4626 -47.5487 10
      vertex 52.5 -69 10
      vertex 77.606 -47.7355 10
    endloop
  endfacet
  facet normal 0 0 1
    outer loop
      vertex 92.5104 -62.0891 10
      vertex 52.5 -69 10
      vertex 97 -69 10
    endloop
  endfacet
  facet normal 0 0 1
    outer loop
      vertex 98.1393 59.1588 10
      vertex 105 67 10
      vertex 98.2006 59.4356 10
    endloop
  endfacet
  facet normal 0 0 1
    outer loop
      vertex 105 -67 10
      vertex 98.2376 -59.7167 10
      vertex 98.25 -60 10
    endloop
  endfacet
  facet normal 0 0 1
    outer loop
      vertex 98.054 58.8884 10
      vertex 105 67 10
      vertex 98.1393 59.1588 10
    endloop
  endfacet
  facet normal 0 0 1
    outer loop
      vertex 105 -67 10
      vertex 98.2006 -59.4356 10
      vertex 98.2376 -59.7167 10
    endloop
  endfacet
  facet normal 0 0 1
    outer loop
      vertex 97.9455 58.6265 10
      vertex 105 67 10
      vertex 98.054 58.8884 10
    endloop
  endfacet
  facet normal 0 0 1
    outer loop
      vertex 105 -67 10
      vertex 98.1393 -59.1588 10
      vertex 98.2006 -59.4356 10
    endloop
  endfacet
  facet normal 0 0 1
    outer loop
      vertex 97.8146 58.375 10
      vertex 105 67 10
      vertex 97.9455 58.6265 10
    endloop
  endfacet
  facet normal 0 0 1
    outer loop
      vertex 105 -67 10
      vertex 98.054 -58.8884 10
      vertex 98.1393 -59.1588 10
    endloop
  endfacet
  facet normal 0 0 1
    outer loop
      vertex 97.6622 58.1359 10
      vertex 105 67 10
      vertex 97.8146 58.375 10
    endloop
  endfacet
  facet normal 0 0 1
    outer loop
      vertex 105 -67 10
      vertex 97.9455 -58.6265 10
      vertex 98.054 -58.8884 10
    endloop
  endfacet
  facet normal 0 0 1
    outer loop
      vertex 105 67 10
      vertex 97.6622 58.1359 10
      vertex 105 -67 10
    endloop
  endfacet
  facet normal 0 0 1
    outer loop
      vertex 105 -67 10
      vertex 97.8146 -58.375 10
      vertex 97.9455 -58.6265 10
    endloop
  endfacet
  facet normal -0 0 1
    outer loop
      vertex 97.6622 -58.1359 10
      vertex 105 -67 10
      vertex 97.6622 58.1359 10
    endloop
  endfacet
  facet normal 0 0 1
    outer loop
      vertex 105 -67 10
      vertex 97.6622 -58.1359 10
      vertex 97.8146 -58.375 10
    endloop
  endfacet
  facet normal -0 0 1
    outer loop
      vertex 97.4896 57.9109 10
      vertex 97.6622 -58.1359 10
      vertex 97.6622 58.1359 10
    endloop
  endfacet
  facet normal 0 0 1
    outer loop
      vertex 97.4896 57.9109 10
      vertex 97.4896 -57.9109 10
      vertex 97.6622 -58.1359 10
    endloop
  endfacet
  facet normal -0 0 1
    outer loop
      vertex 97.2981 57.7019 10
      vertex 97.4896 -57.9109 10
      vertex 97.4896 57.9109 10
    endloop
  endfacet
  facet normal 0 0 1
    outer loop
      vertex 97.2981 57.7019 10
      vertex 97.2981 -57.7019 10
      vertex 97.4896 -57.9109 10
    endloop
  endfacet
  facet normal -0 0 1
    outer loop
      vertex 97.0891 57.5104 10
      vertex 97.2981 -57.7019 10
      vertex 97.2981 57.7019 10
    endloop
  endfacet
  facet normal 0 0 1
    outer loop
      vertex 97.0891 57.5104 10
      vertex 97.0891 -57.5104 10
      vertex 97.2981 -57.7019 10
    endloop
  endfacet
  facet normal -0 0 1
    outer loop
      vertex 96.8641 57.3378 10
      vertex 97.0891 -57.5104 10
      vertex 97.0891 57.5104 10
    endloop
  endfacet
  facet normal 0 0 1
    outer loop
      vertex 96.8641 57.3378 10
      vertex 96.8641 -57.3378 10
      vertex 97.0891 -57.5104 10
    endloop
  endfacet
  facet normal -0 0 1
    outer loop
      vertex 96.625 57.1854 10
      vertex 96.8641 -57.3378 10
      vertex 96.8641 57.3378 10
    endloop
  endfacet
  facet normal 0 0 1
    outer loop
      vertex 96.625 57.1854 10
      vertex 96.625 -57.1854 10
      vertex 96.8641 -57.3378 10
    endloop
  endfacet
  facet normal 0 0 1
    outer loop
      vertex 82.2115 45.0765 10
      vertex 95.5644 56.7994 10
      vertex 82.2823 45.3012 10
    endloop
  endfacet
  facet normal -0 0 1
    outer loop
      vertex 95.5644 56.7994 10
      vertex 82.2115 45.0765 10
      vertex 95.8412 56.8607 10
    endloop
  endfacet
  facet normal -0 0 1
    outer loop
      vertex 95.2833 56.7624 10
      vertex 82.2823 45.3012 10
      vertex 95.5644 56.7994 10
    endloop
  endfacet
  facet normal 0 0 1
    outer loop
      vertex 82.1214 44.8589 10
      vertex 95.8412 56.8607 10
      vertex 82.2115 45.0765 10
    endloop
  endfacet
  facet normal 0 0 1
    outer loop
      vertex 82.2823 45.3012 10
      vertex 95.2833 56.7624 10
      vertex 82.3333 45.5312 10
    endloop
  endfacet
  facet normal 0 0 1
    outer loop
      vertex 96.625 -57.1854 10
      vertex 82.3743 -46 10
      vertex 96.3735 -57.0545 10
    endloop
  endfacet
  facet normal -0 0 1
    outer loop
      vertex 95 56.75 10
      vertex 82.3333 45.5312 10
      vertex 95.2833 56.7624 10
    endloop
  endfacet
  facet normal 0 0 1
    outer loop
      vertex 96.3735 -57.0545 10
      vertex 82.3743 -46 10
      vertex 96.1116 -56.946 10
    endloop
  endfacet
  facet normal 0 0 1
    outer loop
      vertex 82.3333 45.5312 10
      vertex 95 56.75 10
      vertex 82.3641 45.7647 10
    endloop
  endfacet
  facet normal 0 0 1
    outer loop
      vertex 96.1116 -56.946 10
      vertex 82.3743 -46 10
      vertex 95.8412 -56.8607 10
    endloop
  endfacet
  facet normal 0 0 1
    outer loop
      vertex 94.7167 56.7624 10
      vertex 82.3641 45.7647 10
      vertex 95 56.75 10
    endloop
  endfacet
  facet normal 0 0 1
    outer loop
      vertex 95.8412 -56.8607 10
      vertex 82.3743 -46 10
      vertex 95.5644 -56.7994 10
    endloop
  endfacet
  facet normal 0 0 1
    outer loop
      vertex 82.3641 45.7647 10
      vertex 94.7167 56.7624 10
      vertex 82.3743 46 10
    endloop
  endfacet
  facet normal 0 0 1
    outer loop
      vertex 95.5644 -56.7994 10
      vertex 82.3743 -46 10
      vertex 95.2833 -56.7624 10
    endloop
  endfacet
  facet normal 0 0 1
    outer loop
      vertex 82.3743 46 10
      vertex 94.7167 56.7624 10
      vertex 94.4356 56.7994 10
    endloop
  endfacet
  facet normal 0 0 1
    outer loop
      vertex 95.2833 -56.7624 10
      vertex 82.3743 -46 10
      vertex 95 -56.75 10
    endloop
  endfacet
  facet normal 0 0 1
    outer loop
      vertex 82.3641 46.2353 10
      vertex 94.4356 56.7994 10
      vertex 94.1588 56.8607 10
    endloop
  endfacet
  facet normal 0 0 1
    outer loop
      vertex 95 -56.75 10
      vertex 82.3743 -46 10
      vertex 94.7167 -56.7624 10
    endloop
  endfacet
  facet normal 0 0 1
    outer loop
      vertex 82.3333 46.4688 10
      vertex 94.1588 56.8607 10
      vertex 93.8884 56.946 10
    endloop
  endfacet
  facet normal 0 0 1
    outer loop
      vertex 94.7167 -56.7624 10
      vertex 82.3743 -46 10
      vertex 94.4356 -56.7994 10
    endloop
  endfacet
  facet normal 0 0 1
    outer loop
      vertex 82.2823 46.6988 10
      vertex 93.8884 56.946 10
      vertex 93.6265 57.0545 10
    endloop
  endfacet
  facet normal -0 0 1
    outer loop
      vertex 82.3641 -46.2353 10
      vertex 94.4356 -56.7994 10
      vertex 82.3743 -46 10
    endloop
  endfacet
  facet normal 0 0 1
    outer loop
      vertex 82.2115 46.9235 10
      vertex 93.6265 57.0545 10
      vertex 93.375 57.1854 10
    endloop
  endfacet
  facet normal 0 0 1
    outer loop
      vertex 94.4356 -56.7994 10
      vertex 82.3641 -46.2353 10
      vertex 94.1588 -56.8607 10
    endloop
  endfacet
  facet normal 0 0 1
    outer loop
      vertex 82.1214 47.1411 10
      vertex 93.375 57.1854 10
      vertex 93.1359 57.3378 10
    endloop
  endfacet
  facet normal -0 0 1
    outer loop
      vertex 82.3333 -46.4688 10
      vertex 94.1588 -56.8607 10
      vertex 82.3641 -46.2353 10
    endloop
  endfacet
  facet normal 0 0 1
    outer loop
      vertex 82.0126 47.35 10
      vertex 93.1359 57.3378 10
      vertex 92.9109 57.5104 10
    endloop
  endfacet
  facet normal 0 0 1
    outer loop
      vertex 94.1588 -56.8607 10
      vertex 82.3333 -46.4688 10
      vertex 93.8884 -56.946 10
    endloop
  endfacet
  facet normal 0 0 1
    outer loop
      vertex 81.886 47.5487 10
      vertex 92.9109 57.5104 10
      vertex 92.7019 57.7019 10
    endloop
  endfacet
  facet normal -0 0 1
    outer loop
      vertex 82.2823 -46.6988 10
      vertex 93.8884 -56.946 10
      vertex 82.3333 -46.4688 10
    endloop
  endfacet
  facet normal 0 0 1
    outer loop
      vertex 81.7427 47.7355 10
      vertex 92.7019 57.7019 10
      vertex 92.5104 57.9109 10
    endloop
  endfacet
  facet normal 0 0 1
    outer loop
      vertex 93.8884 -56.946 10
      vertex 82.2823 -46.6988 10
      vertex 93.6265 -57.0545 10
    endloop
  endfacet
  facet normal 0 0 1
    outer loop
      vertex 81.5835 47.9092 10
      vertex 92.5104 57.9109 10
      vertex 92.3378 58.1359 10
    endloop
  endfacet
  facet normal -0 0 1
    outer loop
      vertex 82.2115 -46.9235 10
      vertex 93.6265 -57.0545 10
      vertex 82.2823 -46.6988 10
    endloop
  endfacet
  facet normal 0 0 1
    outer loop
      vertex 81.4099 48.0683 10
      vertex 92.3378 58.1359 10
      vertex 92.1854 58.375 10
    endloop
  endfacet
  facet normal 0 0 1
    outer loop
      vertex 93.6265 -57.0545 10
      vertex 82.2115 -46.9235 10
      vertex 93.375 -57.1854 10
    endloop
  endfacet
  facet normal 0 0 1
    outer loop
      vertex 81.0243 48.3383 10
      vertex 92.1854 58.375 10
      vertex 92.0545 58.6265 10
    endloop
  endfacet
  facet normal -0 0 1
    outer loop
      vertex 82.1214 -47.1411 10
      vertex 93.375 -57.1854 10
      vertex 82.2115 -46.9235 10
    endloop
  endfacet
  facet normal 0 0 1
    outer loop
      vertex 80.8154 48.447 10
      vertex 92.0545 58.6265 10
      vertex 91.946 58.8884 10
    endloop
  endfacet
  facet normal 0 0 1
    outer loop
      vertex 93.375 -57.1854 10
      vertex 82.1214 -47.1411 10
      vertex 93.1359 -57.3378 10
    endloop
  endfacet
  facet normal 0 0 1
    outer loop
      vertex 80.5978 48.5372 10
      vertex 91.946 58.8884 10
      vertex 91.8607 59.1588 10
    endloop
  endfacet
  facet normal -0 0 1
    outer loop
      vertex 82.0126 -47.35 10
      vertex 93.1359 -57.3378 10
      vertex 82.1214 -47.1411 10
    endloop
  endfacet
  facet normal 0 0 1
    outer loop
      vertex 80.3731 48.608 10
      vertex 91.8607 59.1588 10
      vertex 91.7994 59.4356 10
    endloop
  endfacet
  facet normal 0 0 1
    outer loop
      vertex 93.1359 -57.3378 10
      vertex 82.0126 -47.35 10
      vertex 92.9109 -57.5104 10
    endloop
  endfacet
  facet normal 0 0 1
    outer loop
      vertex 80.1432 48.659 10
      vertex 91.7994 59.4356 10
      vertex 91.7624 59.7167 10
    endloop
  endfacet
  facet normal -0 0 1
    outer loop
      vertex 81.886 -47.5487 10
      vertex 92.9109 -57.5104 10
      vertex 82.0126 -47.35 10
    endloop
  endfacet
  facet normal 0 0 1
    outer loop
      vertex 79.9097 48.6897 10
      vertex 91.7624 59.7167 10
      vertex 91.75 60 10
    endloop
  endfacet
  facet normal 0 0 1
    outer loop
      vertex 92.9109 -57.5104 10
      vertex 81.886 -47.5487 10
      vertex 92.7019 -57.7019 10
    endloop
  endfacet
  facet normal 0 0 1
    outer loop
      vertex 96.8641 62.6622 10
      vertex 105 67 10
      vertex 104.97 67.6973 10
    endloop
  endfacet
  facet normal 0 0 1
    outer loop
      vertex 98.2376 59.7167 10
      vertex 105 67 10
      vertex 98.25 60 10
    endloop
  endfacet
  facet normal 0 0 1
    outer loop
      vertex 96.625 62.8146 10
      vertex 104.97 67.6973 10
      vertex 104.878 68.3892 10
    endloop
  endfacet
  facet normal 0 0 1
    outer loop
      vertex 98.2006 59.4356 10
      vertex 105 67 10
      vertex 98.2376 59.7167 10
    endloop
  endfacet
  facet normal 0 0 1
    outer loop
      vertex 96.625 62.8146 10
      vertex 104.878 68.3892 10
      vertex 104.727 69.0706 10
    endloop
  endfacet
  facet normal -0 0 1
    outer loop
      vertex 98.2376 -60.2833 10
      vertex 105 -67 10
      vertex 98.25 -60 10
    endloop
  endfacet
  facet normal 0 0 1
    outer loop
      vertex 96.625 62.8146 10
      vertex 104.727 69.0706 10
      vertex 104.518 69.7362 10
    endloop
  endfacet
  facet normal -0 0 1
    outer loop
      vertex 98.2006 -60.5644 10
      vertex 105 -67 10
      vertex 98.2376 -60.2833 10
    endloop
  endfacet
  facet normal 0 0 1
    outer loop
      vertex 96.625 62.8146 10
      vertex 104.518 69.7362 10
      vertex 104.25 70.381 10
    endloop
  endfacet
  facet normal -0 0 1
    outer loop
      vertex 98.1393 -60.8412 10
      vertex 105 -67 10
      vertex 98.2006 -60.5644 10
    endloop
  endfacet
  facet normal 0 0 1
    outer loop
      vertex 96.3735 62.9455 10
      vertex 104.25 70.381 10
      vertex 103.928 71 10
    endloop
  endfacet
  facet normal -0 0 1
    outer loop
      vertex 98.054 -61.1116 10
      vertex 105 -67 10
      vertex 98.1393 -60.8412 10
    endloop
  endfacet
  facet normal 0 0 1
    outer loop
      vertex 96.3735 62.9455 10
      vertex 103.928 71 10
      vertex 103.553 71.5886 10
    endloop
  endfacet
  facet normal -0 0 1
    outer loop
      vertex 97.9455 -61.3735 10
      vertex 105 -67 10
      vertex 98.054 -61.1116 10
    endloop
  endfacet
  facet normal 0 0 1
    outer loop
      vertex 96.3735 62.9455 10
      vertex 103.553 71.5886 10
      vertex 103.128 72.1423 10
    endloop
  endfacet
  facet normal -0 0 1
    outer loop
      vertex 97.8146 -61.625 10
      vertex 105 -67 10
      vertex 97.9455 -61.3735 10
    endloop
  endfacet
  facet normal 0 0 1
    outer loop
      vertex 96.3735 62.9455 10
      vertex 103.128 72.1423 10
      vertex 102.657 72.6569 10
    endloop
  endfacet
  facet normal -0 0 1
    outer loop
      vertex 97.6622 -61.8641 10
      vertex 105 -67 10
      vertex 97.8146 -61.625 10
    endloop
  endfacet
  facet normal 0 0 1
    outer loop
      vertex 96.1116 63.054 10
      vertex 102.657 72.6569 10
      vertex 102.142 73.1284 10
    endloop
  endfacet
  facet normal -0 0 1
    outer loop
      vertex 97.4896 -62.0891 10
      vertex 105 -67 10
      vertex 97.6622 -61.8641 10
    endloop
  endfacet
  facet normal 0 0 1
    outer loop
      vertex 96.1116 63.054 10
      vertex 102.142 73.1284 10
      vertex 101.589 73.5532 10
    endloop
  endfacet
  facet normal -0 0 1
    outer loop
      vertex 97.2981 -62.2981 10
      vertex 105 -67 10
      vertex 97.4896 -62.0891 10
    endloop
  endfacet
  facet normal 0 0 1
    outer loop
      vertex 96.1116 63.054 10
      vertex 101.589 73.5532 10
      vertex 101 73.9282 10
    endloop
  endfacet
  facet normal 0 0 1
    outer loop
      vertex 97 -69 10
      vertex 105 -67 10
      vertex 97.2981 -62.2981 10
    endloop
  endfacet
  facet normal 0 0 1
    outer loop
      vertex 96.1116 63.054 10
      vertex 101 73.9282 10
      vertex 100.381 74.2505 10
    endloop
  endfacet
  facet normal 0 0 1
    outer loop
      vertex 105 -67 10
      vertex 97 -69 10
      vertex 104.97 -67.6973 10
    endloop
  endfacet
  facet normal 0 0 1
    outer loop
      vertex 96.1116 63.054 10
      vertex 100.381 74.2505 10
      vertex 99.7362 74.5175 10
    endloop
  endfacet
  facet normal 0 0 1
    outer loop
      vertex 104.97 -67.6973 10
      vertex 97 -69 10
      vertex 104.878 -68.3892 10
    endloop
  endfacet
  facet normal 0 0 1
    outer loop
      vertex 95.8412 63.1393 10
      vertex 99.7362 74.5175 10
      vertex 99.0706 74.7274 10
    endloop
  endfacet
  facet normal 0 0 1
    outer loop
      vertex 104.878 -68.3892 10
      vertex 97 -69 10
      vertex 104.727 -69.0706 10
    endloop
  endfacet
  facet normal 0 0 1
    outer loop
      vertex 95.8412 63.1393 10
      vertex 99.0706 74.7274 10
      vertex 98.3892 74.8785 10
    endloop
  endfacet
  facet normal 0 0 1
    outer loop
      vertex 104.518 -69.7362 10
      vertex 97 -69 10
      vertex 104.25 -70.381 10
    endloop
  endfacet
  facet normal 0 0 1
    outer loop
      vertex 104.25 -70.381 10
      vertex 97 -69 10
      vertex 103.928 -71 10
    endloop
  endfacet
  facet normal 0 0 1
    outer loop
      vertex 105 67 10
      vertex 98.2376 60.2833 10
      vertex 98.25 60 10
    endloop
  endfacet
  facet normal 0 0 1
    outer loop
      vertex 105 67 10
      vertex 98.2006 60.5644 10
      vertex 98.2376 60.2833 10
    endloop
  endfacet
  facet normal 0 0 1
    outer loop
      vertex 105 67 10
      vertex 98.1393 60.8412 10
      vertex 98.2006 60.5644 10
    endloop
  endfacet
  facet normal 0 0 1
    outer loop
      vertex 105 67 10
      vertex 98.054 61.1116 10
      vertex 98.1393 60.8412 10
    endloop
  endfacet
  facet normal 0 0 1
    outer loop
      vertex 105 67 10
      vertex 97.9455 61.3735 10
      vertex 98.054 61.1116 10
    endloop
  endfacet
  facet normal 0 0 1
    outer loop
      vertex 105 67 10
      vertex 97.8146 61.625 10
      vertex 97.9455 61.3735 10
    endloop
  endfacet
  facet normal 0 0 1
    outer loop
      vertex 95.8412 63.1393 10
      vertex 98.3892 74.8785 10
      vertex 97.6973 74.9696 10
    endloop
  endfacet
  facet normal 0 0 1
    outer loop
      vertex 105 67 10
      vertex 97.6622 61.8641 10
      vertex 97.8146 61.625 10
    endloop
  endfacet
  facet normal 0 0 1
    outer loop
      vertex 105 67 10
      vertex 97.4896 62.0891 10
      vertex 97.6622 61.8641 10
    endloop
  endfacet
  facet normal 0 0 1
    outer loop
      vertex 105 67 10
      vertex 97.2981 62.2981 10
      vertex 97.4896 62.0891 10
    endloop
  endfacet
  facet normal 0 0 1
    outer loop
      vertex 105 67 10
      vertex 97.0891 62.4896 10
      vertex 97.2981 62.2981 10
    endloop
  endfacet
  facet normal 0 0 1
    outer loop
      vertex 95.8412 63.1393 10
      vertex 97.6973 74.9696 10
      vertex 97 75 10
    endloop
  endfacet
  facet normal 0 0 1
    outer loop
      vertex 105 67 10
      vertex 96.8641 62.6622 10
      vertex 97.0891 62.4896 10
    endloop
  endfacet
  facet normal 0 0 1
    outer loop
      vertex 104.97 67.6973 10
      vertex 96.625 62.8146 10
      vertex 96.8641 62.6622 10
    endloop
  endfacet
  facet normal 0 0 1
    outer loop
      vertex 104.25 70.381 10
      vertex 96.3735 62.9455 10
      vertex 96.625 62.8146 10
    endloop
  endfacet
  facet normal 0 0 1
    outer loop
      vertex 102.657 72.6569 10
      vertex 96.1116 63.054 10
      vertex 96.3735 62.9455 10
    endloop
  endfacet
  facet normal 0 0 1
    outer loop
      vertex 99.7362 74.5175 10
      vertex 95.8412 63.1393 10
      vertex 96.1116 63.054 10
    endloop
  endfacet
  facet normal 0 0 1
    outer loop
      vertex 97 75 10
      vertex 95.5644 63.2006 10
      vertex 95.8412 63.1393 10
    endloop
  endfacet
  facet normal 0 0 1
    outer loop
      vertex 97 75 10
      vertex 95.2833 63.2376 10
      vertex 95.5644 63.2006 10
    endloop
  endfacet
  facet normal 0 0 1
    outer loop
      vertex 97 75 10
      vertex 95 63.25 10
      vertex 95.2833 63.2376 10
    endloop
  endfacet
  facet normal 0 0 1
    outer loop
      vertex 97 75 10
      vertex 94.7167 63.2376 10
      vertex 95 63.25 10
    endloop
  endfacet
  facet normal 0 0 1
    outer loop
      vertex 97 75 10
      vertex 94.4356 63.2006 10
      vertex 94.7167 63.2376 10
    endloop
  endfacet
  facet normal 0 0 1
    outer loop
      vertex 97 75 10
      vertex 94.1588 63.1393 10
      vertex 94.4356 63.2006 10
    endloop
  endfacet
  facet normal 0 0 1
    outer loop
      vertex 97 75 10
      vertex 93.8884 63.054 10
      vertex 94.1588 63.1393 10
    endloop
  endfacet
  facet normal 0 0 1
    outer loop
      vertex 97 75 10
      vertex 93.6265 62.9455 10
      vertex 93.8884 63.054 10
    endloop
  endfacet
  facet normal 0 0 1
    outer loop
      vertex 97 75 10
      vertex 93.375 62.8146 10
      vertex 93.6265 62.9455 10
    endloop
  endfacet
  facet normal 0 0 1
    outer loop
      vertex 97 75 10
      vertex 93.1359 62.6622 10
      vertex 93.375 62.8146 10
    endloop
  endfacet
  facet normal 0 0 1
    outer loop
      vertex 97 75 10
      vertex 92.9109 62.4896 10
      vertex 93.1359 62.6622 10
    endloop
  endfacet
  facet normal 0 0 1
    outer loop
      vertex 97 75 10
      vertex 92.7019 62.2981 10
      vertex 92.9109 62.4896 10
    endloop
  endfacet
  facet normal 0 0 1
    outer loop
      vertex 97 75 10
      vertex 92.5104 62.0891 10
      vertex 92.7019 62.2981 10
    endloop
  endfacet
  facet normal 0 0 1
    outer loop
      vertex 97 75 10
      vertex 92.3378 61.8641 10
      vertex 92.5104 62.0891 10
    endloop
  endfacet
  facet normal 0 0 1
    outer loop
      vertex 97 75 10
      vertex 92.1854 61.625 10
      vertex 92.3378 61.8641 10
    endloop
  endfacet
  facet normal 0 0 1
    outer loop
      vertex 78.3243 48.3383 10
      vertex 92.1854 61.625 10
      vertex 97 75 10
    endloop
  endfacet
  facet normal 0 -0 1
    outer loop
      vertex 78.5333 48.447 10
      vertex 92.1854 61.625 10
      vertex 78.3243 48.3383 10
    endloop
  endfacet
  facet normal -0 0 1
    outer loop
      vertex 81.7427 -47.7355 10
      vertex 92.7019 -57.7019 10
      vertex 81.886 -47.5487 10
    endloop
  endfacet
  facet normal 0 0 1
    outer loop
      vertex 79.6743 48.7 10
      vertex 91.75 60 10
      vertex 91.7624 60.2833 10
    endloop
  endfacet
  facet normal 0 0 1
    outer loop
      vertex 79.439 48.6897 10
      vertex 91.7624 60.2833 10
      vertex 91.7994 60.5644 10
    endloop
  endfacet
  facet normal 0 0 1
    outer loop
      vertex 79.2055 48.659 10
      vertex 91.7994 60.5644 10
      vertex 91.8607 60.8412 10
    endloop
  endfacet
  facet normal 0 0 1
    outer loop
      vertex 78.9755 48.608 10
      vertex 91.8607 60.8412 10
      vertex 91.946 61.1116 10
    endloop
  endfacet
  facet normal 0 0 1
    outer loop
      vertex 92.1854 61.625 10
      vertex 78.5333 48.447 10
      vertex 92.0545 61.3735 10
    endloop
  endfacet
  facet normal 0 0 1
    outer loop
      vertex 94.4356 56.7994 10
      vertex 82.3641 46.2353 10
      vertex 82.3743 46 10
    endloop
  endfacet
  facet normal 0 0 1
    outer loop
      vertex 94.1588 56.8607 10
      vertex 82.3333 46.4688 10
      vertex 82.3641 46.2353 10
    endloop
  endfacet
  facet normal 0 0 1
    outer loop
      vertex 93.8884 56.946 10
      vertex 82.2823 46.6988 10
      vertex 82.3333 46.4688 10
    endloop
  endfacet
  facet normal 0 0 1
    outer loop
      vertex 93.6265 57.0545 10
      vertex 82.2115 46.9235 10
      vertex 82.2823 46.6988 10
    endloop
  endfacet
  facet normal 0 0 1
    outer loop
      vertex 93.375 57.1854 10
      vertex 82.1214 47.1411 10
      vertex 82.2115 46.9235 10
    endloop
  endfacet
  facet normal 0 0 1
    outer loop
      vertex 93.1359 57.3378 10
      vertex 82.0126 47.35 10
      vertex 82.1214 47.1411 10
    endloop
  endfacet
  facet normal 0 0 1
    outer loop
      vertex 92.9109 57.5104 10
      vertex 81.886 47.5487 10
      vertex 82.0126 47.35 10
    endloop
  endfacet
  facet normal 0 0 1
    outer loop
      vertex 92.7019 57.7019 10
      vertex 81.7427 47.7355 10
      vertex 81.886 47.5487 10
    endloop
  endfacet
  facet normal 0 0 1
    outer loop
      vertex 92.5104 57.9109 10
      vertex 81.5835 47.9092 10
      vertex 81.7427 47.7355 10
    endloop
  endfacet
  facet normal 0 0 1
    outer loop
      vertex 92.3378 58.1359 10
      vertex 81.4099 48.0683 10
      vertex 81.5835 47.9092 10
    endloop
  endfacet
  facet normal 0 0 1
    outer loop
      vertex 92.1854 58.375 10
      vertex 81.223 48.2117 10
      vertex 81.4099 48.0683 10
    endloop
  endfacet
  facet normal 0 0 1
    outer loop
      vertex 92.1854 58.375 10
      vertex 81.0243 48.3383 10
      vertex 81.223 48.2117 10
    endloop
  endfacet
  facet normal 0 0 1
    outer loop
      vertex 92.0545 58.6265 10
      vertex 80.8154 48.447 10
      vertex 81.0243 48.3383 10
    endloop
  endfacet
  facet normal 0 0 1
    outer loop
      vertex 91.946 58.8884 10
      vertex 80.5978 48.5372 10
      vertex 80.8154 48.447 10
    endloop
  endfacet
  facet normal 0 0 1
    outer loop
      vertex 91.8607 59.1588 10
      vertex 80.3731 48.608 10
      vertex 80.5978 48.5372 10
    endloop
  endfacet
  facet normal 0 0 1
    outer loop
      vertex 91.7994 59.4356 10
      vertex 80.1432 48.659 10
      vertex 80.3731 48.608 10
    endloop
  endfacet
  facet normal 0 0 1
    outer loop
      vertex 91.7624 59.7167 10
      vertex 79.9097 48.6897 10
      vertex 80.1432 48.659 10
    endloop
  endfacet
  facet normal 0 0 1
    outer loop
      vertex 91.75 60 10
      vertex 79.6743 48.7 10
      vertex 79.9097 48.6897 10
    endloop
  endfacet
  facet normal 0 0 1
    outer loop
      vertex 91.7624 60.2833 10
      vertex 79.439 48.6897 10
      vertex 79.6743 48.7 10
    endloop
  endfacet
  facet normal 0 0 1
    outer loop
      vertex 91.7994 60.5644 10
      vertex 79.2055 48.659 10
      vertex 79.439 48.6897 10
    endloop
  endfacet
  facet normal 0 0 1
    outer loop
      vertex 91.8607 60.8412 10
      vertex 78.9755 48.608 10
      vertex 79.2055 48.659 10
    endloop
  endfacet
  facet normal 0 0 1
    outer loop
      vertex 91.946 61.1116 10
      vertex 78.7509 48.5372 10
      vertex 78.9755 48.608 10
    endloop
  endfacet
  facet normal 0 0 1
    outer loop
      vertex 92.0545 61.3735 10
      vertex 78.7509 48.5372 10
      vertex 91.946 61.1116 10
    endloop
  endfacet
  facet normal 0 -0 1
    outer loop
      vertex 78.7509 48.5372 10
      vertex 92.0545 61.3735 10
      vertex 78.5333 48.447 10
    endloop
  endfacet
  facet normal -0 0 1
    outer loop
      vertex 33.0642 57.5712 10
      vertex 78.3243 48.3383 10
      vertex 97 75 10
    endloop
  endfacet
  facet normal -0 -0 1
    outer loop
      vertex 33.2766 57.2943 10
      vertex 78.3243 48.3383 10
      vertex 33.0642 57.5712 10
    endloop
  endfacet
  facet normal 0 0 1
    outer loop
      vertex 78.3243 48.3383 10
      vertex 33.2766 57.2943 10
      vertex 78.1257 48.2117 10
    endloop
  endfacet
  facet normal -0 -0 1
    outer loop
      vertex 33.4641 57 10
      vertex 78.1257 48.2117 10
      vertex 33.2766 57.2943 10
    endloop
  endfacet
  facet normal 0 0 1
    outer loop
      vertex 78.1257 48.2117 10
      vertex 33.4641 57 10
      vertex 77.9388 48.0683 10
    endloop
  endfacet
  facet normal 0 0 1
    outer loop
      vertex 76.9846 -45.7647 10
      vertex 52.5 -39 10
      vertex 76.9743 -46 10
    endloop
  endfacet
  facet normal 0 0 1
    outer loop
      vertex 34 55 10
      vertex 76.9743 46 10
      vertex 76.9846 46.2353 10
    endloop
  endfacet
  facet normal 0 0 1
    outer loop
      vertex 34 55 10
      vertex 76.9846 46.2353 10
      vertex 77.0154 46.4688 10
    endloop
  endfacet
  facet normal 0 0 1
    outer loop
      vertex 34 55 10
      vertex 77.0154 46.4688 10
      vertex 77.0663 46.6988 10
    endloop
  endfacet
  facet normal 0 0 1
    outer loop
      vertex 78.7509 43.4628 10
      vertex 33.0642 32.4288 10
      vertex 32.8284 32.1716 10
    endloop
  endfacet
  facet normal 0 0 1
    outer loop
      vertex 34 55 10
      vertex 77.0663 46.6988 10
      vertex 77.1372 46.9235 10
    endloop
  endfacet
  facet normal 0 0 1
    outer loop
      vertex 77.3361 44.65 10
      vertex 34 35 10
      vertex 33.9848 34.6514 10
    endloop
  endfacet
  facet normal 0 0 1
    outer loop
      vertex 76.9743 46 10
      vertex 34 55 10
      vertex 34 35 10
    endloop
  endfacet
  facet normal 0 0 1
    outer loop
      vertex 77.2273 47.1411 10
      vertex 34 55 10
      vertex 77.1372 46.9235 10
    endloop
  endfacet
  facet normal 0 0 1
    outer loop
      vertex 33.9848 55.3486 10
      vertex 77.2273 47.1411 10
      vertex 77.3361 47.35 10
    endloop
  endfacet
  facet normal 0 0 1
    outer loop
      vertex 33.9392 55.6946 10
      vertex 77.3361 47.35 10
      vertex 77.4626 47.5487 10
    endloop
  endfacet
  facet normal -0 -0 1
    outer loop
      vertex 33.6252 56.6905 10
      vertex 77.9388 48.0683 10
      vertex 33.4641 57 10
    endloop
  endfacet
  facet normal 0 0 1
    outer loop
      vertex 77.2273 47.1411 10
      vertex 33.9848 55.3486 10
      vertex 34 55 10
    endloop
  endfacet
  facet normal 0 0 1
    outer loop
      vertex 77.3361 47.35 10
      vertex 33.9392 55.6946 10
      vertex 33.9848 55.3486 10
    endloop
  endfacet
  facet normal 0 0 1
    outer loop
      vertex 77.4626 47.5487 10
      vertex 33.8637 56.0353 10
      vertex 33.9392 55.6946 10
    endloop
  endfacet
  facet normal 0 0 1
    outer loop
      vertex 77.606 47.7355 10
      vertex 33.8637 56.0353 10
      vertex 77.4626 47.5487 10
    endloop
  endfacet
  facet normal -0 -0 1
    outer loop
      vertex 33.8637 56.0353 10
      vertex 77.606 47.7355 10
      vertex 33.7588 56.3681 10
    endloop
  endfacet
  facet normal 0 0 1
    outer loop
      vertex 77.7652 47.9092 10
      vertex 33.7588 56.3681 10
      vertex 77.606 47.7355 10
    endloop
  endfacet
  facet normal -0 -0 1
    outer loop
      vertex 33.7588 56.3681 10
      vertex 77.7652 47.9092 10
      vertex 33.6252 56.6905 10
    endloop
  endfacet
  facet normal 0 0 1
    outer loop
      vertex 77.9388 48.0683 10
      vertex 33.6252 56.6905 10
      vertex 77.7652 47.9092 10
    endloop
  endfacet
  facet normal 0 0 1
    outer loop
      vertex 97 75 10
      vertex 32.8284 57.8284 10
      vertex 33.0642 57.5712 10
    endloop
  endfacet
  facet normal 0 0 1
    outer loop
      vertex 97 75 10
      vertex 32.5712 58.0642 10
      vertex 32.8284 57.8284 10
    endloop
  endfacet
  facet normal 0 0 1
    outer loop
      vertex 97 75 10
      vertex 32.2943 58.2766 10
      vertex 32.5712 58.0642 10
    endloop
  endfacet
  facet normal 0 0 1
    outer loop
      vertex 97 75 10
      vertex 32 58.4641 10
      vertex 32.2943 58.2766 10
    endloop
  endfacet
  facet normal 0 0 1
    outer loop
      vertex 97 75 10
      vertex 31.6905 58.6252 10
      vertex 32 58.4641 10
    endloop
  endfacet
  facet normal 0 0 1
    outer loop
      vertex 97 75 10
      vertex 31.3681 58.7588 10
      vertex 31.6905 58.6252 10
    endloop
  endfacet
  facet normal 0 0 1
    outer loop
      vertex 97 75 10
      vertex 31.0353 58.8637 10
      vertex 31.3681 58.7588 10
    endloop
  endfacet
  facet normal 0 0 1
    outer loop
      vertex 97 75 10
      vertex 30.6946 58.9392 10
      vertex 31.0353 58.8637 10
    endloop
  endfacet
  facet normal 0 0 1
    outer loop
      vertex 97 75 10
      vertex 30.3486 58.9848 10
      vertex 30.6946 58.9392 10
    endloop
  endfacet
  facet normal 0 0 1
    outer loop
      vertex 97 75 10
      vertex 30 59 10
      vertex 30.3486 58.9848 10
    endloop
  endfacet
  facet normal 0 0 1
    outer loop
      vertex 97 75 10
      vertex -30 59 10
      vertex 30 59 10
    endloop
  endfacet
  facet normal -0 0 1
    outer loop
      vertex -97 75 10
      vertex -30 59 10
      vertex 97 75 10
    endloop
  endfacet
  facet normal -0 0 1
    outer loop
      vertex -76.9743 46 10
      vertex -34 35 10
      vertex -34 55 10
    endloop
  endfacet
  facet normal 0 0 1
    outer loop
      vertex -77.2273 47.1411 10
      vertex -34 55 10
      vertex -33.9848 55.3486 10
    endloop
  endfacet
  facet normal 0 0 1
    outer loop
      vertex -77.3361 47.35 10
      vertex -33.9848 55.3486 10
      vertex -33.9392 55.6946 10
    endloop
  endfacet
  facet normal -0 0 1
    outer loop
      vertex -77.0154 45.5312 10
      vertex -34 35 10
      vertex -76.9846 45.7647 10
    endloop
  endfacet
  facet normal -0 0 1
    outer loop
      vertex -77.606 44.2645 10
      vertex -33.9392 34.3054 10
      vertex -77.4626 44.4513 10
    endloop
  endfacet
  facet normal 0 0 1
    outer loop
      vertex -32 31.5359 10
      vertex -52.5 -39 10
      vertex -47.5 -39 10
    endloop
  endfacet
  facet normal 0 0 1
    outer loop
      vertex -77.4626 47.5487 10
      vertex -33.9392 55.6946 10
      vertex -33.8637 56.0353 10
    endloop
  endfacet
  facet normal 0 0 1
    outer loop
      vertex -77.606 47.7355 10
      vertex -33.8637 56.0353 10
      vertex -33.7588 56.3681 10
    endloop
  endfacet
  facet normal 0 0 1
    outer loop
      vertex -77.7652 47.9092 10
      vertex -33.7588 56.3681 10
      vertex -33.6252 56.6905 10
    endloop
  endfacet
  facet normal 0 0 1
    outer loop
      vertex -77.9388 48.0683 10
      vertex -33.6252 56.6905 10
      vertex -33.4641 57 10
    endloop
  endfacet
  facet normal 0 0 1
    outer loop
      vertex -78.1257 48.2117 10
      vertex -33.4641 57 10
      vertex -33.2766 57.2943 10
    endloop
  endfacet
  facet normal 0 0 1
    outer loop
      vertex -78.3243 48.3383 10
      vertex -33.2766 57.2943 10
      vertex -33.0642 57.5712 10
    endloop
  endfacet
  facet normal 0 0 1
    outer loop
      vertex -97 75 10
      vertex -33.0642 57.5712 10
      vertex -32.8284 57.8284 10
    endloop
  endfacet
  facet normal 0 0 1
    outer loop
      vertex -97 75 10
      vertex -32.8284 57.8284 10
      vertex -32.5712 58.0642 10
    endloop
  endfacet
  facet normal 0 0 1
    outer loop
      vertex -97 75 10
      vertex -32.5712 58.0642 10
      vertex -32.2943 58.2766 10
    endloop
  endfacet
  facet normal 0 0 1
    outer loop
      vertex -97 75 10
      vertex -32.2943 58.2766 10
      vertex -32 58.4641 10
    endloop
  endfacet
  facet normal 0 0 1
    outer loop
      vertex -97 75 10
      vertex -32 58.4641 10
      vertex -31.6905 58.6252 10
    endloop
  endfacet
  facet normal 0 0 1
    outer loop
      vertex -97 75 10
      vertex -31.6905 58.6252 10
      vertex -31.3681 58.7588 10
    endloop
  endfacet
  facet normal 0 0 1
    outer loop
      vertex -97 75 10
      vertex -31.3681 58.7588 10
      vertex -31.0353 58.8637 10
    endloop
  endfacet
  facet normal 0 0 1
    outer loop
      vertex -34 55 10
      vertex -76.9846 46.2353 10
      vertex -76.9743 46 10
    endloop
  endfacet
  facet normal 0 0 1
    outer loop
      vertex -34 55 10
      vertex -77.0154 46.4688 10
      vertex -76.9846 46.2353 10
    endloop
  endfacet
  facet normal 0 0 1
    outer loop
      vertex -34 55 10
      vertex -77.0663 46.6988 10
      vertex -77.0154 46.4688 10
    endloop
  endfacet
  facet normal 0 0 1
    outer loop
      vertex -34 55 10
      vertex -77.1372 46.9235 10
      vertex -77.0663 46.6988 10
    endloop
  endfacet
  facet normal 0 0 1
    outer loop
      vertex -34 55 10
      vertex -77.2273 47.1411 10
      vertex -77.1372 46.9235 10
    endloop
  endfacet
  facet normal 0 0 1
    outer loop
      vertex -33.9848 55.3486 10
      vertex -77.3361 47.35 10
      vertex -77.2273 47.1411 10
    endloop
  endfacet
  facet normal 0 0 1
    outer loop
      vertex -33.9392 55.6946 10
      vertex -77.4626 47.5487 10
      vertex -77.3361 47.35 10
    endloop
  endfacet
  facet normal 0 0 1
    outer loop
      vertex -33.8637 56.0353 10
      vertex -77.606 47.7355 10
      vertex -77.4626 47.5487 10
    endloop
  endfacet
  facet normal 0 0 1
    outer loop
      vertex -33.7588 56.3681 10
      vertex -77.7652 47.9092 10
      vertex -77.606 47.7355 10
    endloop
  endfacet
  facet normal 0 0 1
    outer loop
      vertex -33.6252 56.6905 10
      vertex -77.9388 48.0683 10
      vertex -77.7652 47.9092 10
    endloop
  endfacet
  facet normal 0 0 1
    outer loop
      vertex -33.4641 57 10
      vertex -78.1257 48.2117 10
      vertex -77.9388 48.0683 10
    endloop
  endfacet
  facet normal 0 0 1
    outer loop
      vertex -33.2766 57.2943 10
      vertex -78.3243 48.3383 10
      vertex -78.1257 48.2117 10
    endloop
  endfacet
  facet normal 0 0 1
    outer loop
      vertex -33.0642 57.5712 10
      vertex -92.1854 61.625 10
      vertex -78.3243 48.3383 10
    endloop
  endfacet
  facet normal 0 0 1
    outer loop
      vertex -97 75 10
      vertex -31.0353 58.8637 10
      vertex -30.6946 58.9392 10
    endloop
  endfacet
  facet normal 0 0 1
    outer loop
      vertex -78.3243 48.3383 10
      vertex -92.1854 61.625 10
      vertex -78.5333 48.447 10
    endloop
  endfacet
  facet normal -0 -0 1
    outer loop
      vertex -92.0545 61.3735 10
      vertex -78.5333 48.447 10
      vertex -92.1854 61.625 10
    endloop
  endfacet
  facet normal 0 0 1
    outer loop
      vertex -78.5333 48.447 10
      vertex -92.0545 61.3735 10
      vertex -78.7509 48.5372 10
    endloop
  endfacet
  facet normal -0 -0 1
    outer loop
      vertex -91.946 61.1116 10
      vertex -78.7509 48.5372 10
      vertex -92.0545 61.3735 10
    endloop
  endfacet
  facet normal 0 0 1
    outer loop
      vertex -78.7509 48.5372 10
      vertex -91.946 61.1116 10
      vertex -78.9755 48.608 10
    endloop
  endfacet
  facet normal -0 -0 1
    outer loop
      vertex -91.8607 60.8412 10
      vertex -78.9755 48.608 10
      vertex -91.946 61.1116 10
    endloop
  endfacet
  facet normal 0 0 1
    outer loop
      vertex -78.9755 48.608 10
      vertex -91.8607 60.8412 10
      vertex -79.2055 48.659 10
    endloop
  endfacet
  facet normal 0 0 1
    outer loop
      vertex -82.3333 -45.5312 10
      vertex -91.75 -60 10
      vertex -82.3641 -45.7647 10
    endloop
  endfacet
  facet normal 0 0 1
    outer loop
      vertex -81.5835 47.9092 10
      vertex -92.5104 57.9109 10
      vertex -81.7427 47.7355 10
    endloop
  endfacet
  facet normal -0 0 1
    outer loop
      vertex -92.5104 57.9109 10
      vertex -81.5835 47.9092 10
      vertex -92.3378 58.1359 10
    endloop
  endfacet
  facet normal 0 0 1
    outer loop
      vertex -81.4099 48.0683 10
      vertex -92.3378 58.1359 10
      vertex -81.5835 47.9092 10
    endloop
  endfacet
  facet normal -0 0 1
    outer loop
      vertex -92.3378 58.1359 10
      vertex -81.4099 48.0683 10
      vertex -92.1854 58.375 10
    endloop
  endfacet
  facet normal 0 0 1
    outer loop
      vertex -81.223 48.2117 10
      vertex -92.1854 58.375 10
      vertex -81.4099 48.0683 10
    endloop
  endfacet
  facet normal 0 0 1
    outer loop
      vertex -81.0243 48.3383 10
      vertex -92.1854 58.375 10
      vertex -81.223 48.2117 10
    endloop
  endfacet
  facet normal -0 0 1
    outer loop
      vertex -92.1854 58.375 10
      vertex -81.0243 48.3383 10
      vertex -92.0545 58.6265 10
    endloop
  endfacet
  facet normal 0 0 1
    outer loop
      vertex -80.8154 48.447 10
      vertex -92.0545 58.6265 10
      vertex -81.0243 48.3383 10
    endloop
  endfacet
  facet normal -0 0 1
    outer loop
      vertex -92.0545 58.6265 10
      vertex -80.8154 48.447 10
      vertex -91.946 58.8884 10
    endloop
  endfacet
  facet normal 0 0 1
    outer loop
      vertex -80.5978 48.5372 10
      vertex -91.946 58.8884 10
      vertex -80.8154 48.447 10
    endloop
  endfacet
  facet normal -0 0 1
    outer loop
      vertex -91.946 58.8884 10
      vertex -80.5978 48.5372 10
      vertex -91.8607 59.1588 10
    endloop
  endfacet
  facet normal 0 0 1
    outer loop
      vertex -80.3731 48.608 10
      vertex -91.8607 59.1588 10
      vertex -80.5978 48.5372 10
    endloop
  endfacet
  facet normal -0 0 1
    outer loop
      vertex -91.8607 59.1588 10
      vertex -80.3731 48.608 10
      vertex -91.7994 59.4356 10
    endloop
  endfacet
  facet normal 0 0 1
    outer loop
      vertex -80.1432 48.659 10
      vertex -91.7994 59.4356 10
      vertex -80.3731 48.608 10
    endloop
  endfacet
  facet normal -0 0 1
    outer loop
      vertex -91.7994 59.4356 10
      vertex -80.1432 48.659 10
      vertex -91.7624 59.7167 10
    endloop
  endfacet
  facet normal 0 0 1
    outer loop
      vertex -79.9097 48.6897 10
      vertex -91.7624 59.7167 10
      vertex -80.1432 48.659 10
    endloop
  endfacet
  facet normal -0 -0 1
    outer loop
      vertex -91.7994 60.5644 10
      vertex -79.2055 48.659 10
      vertex -91.8607 60.8412 10
    endloop
  endfacet
  facet normal 0 0 1
    outer loop
      vertex -97 75 10
      vertex -30.6946 58.9392 10
      vertex -30.3486 58.9848 10
    endloop
  endfacet
  facet normal 0 0 1
    outer loop
      vertex -30 59 10
      vertex -97 75 10
      vertex -30.3486 58.9848 10
    endloop
  endfacet
  facet normal -0 0 1
    outer loop
      vertex -91.7624 59.7167 10
      vertex -79.9097 48.6897 10
      vertex -91.75 60 10
    endloop
  endfacet
  facet normal 0 0 1
    outer loop
      vertex -79.6743 48.7 10
      vertex -91.75 60 10
      vertex -79.9097 48.6897 10
    endloop
  endfacet
  facet normal -0 -0 1
    outer loop
      vertex -91.75 60 10
      vertex -79.6743 48.7 10
      vertex -91.7624 60.2833 10
    endloop
  endfacet
  facet normal 0 0 1
    outer loop
      vertex -79.439 48.6897 10
      vertex -91.7624 60.2833 10
      vertex -79.6743 48.7 10
    endloop
  endfacet
  facet normal -0 -0 1
    outer loop
      vertex -91.7624 60.2833 10
      vertex -79.439 48.6897 10
      vertex -91.7994 60.5644 10
    endloop
  endfacet
  facet normal 0 0 1
    outer loop
      vertex -33.0642 57.5712 10
      vertex -97 75 10
      vertex -92.1854 61.625 10
    endloop
  endfacet
  facet normal 0 0 1
    outer loop
      vertex -79.2055 48.659 10
      vertex -91.7994 60.5644 10
      vertex -79.439 48.6897 10
    endloop
  endfacet
  facet normal 0 0 1
    outer loop
      vertex -92.1854 61.625 10
      vertex -97 75 10
      vertex -92.3378 61.8641 10
    endloop
  endfacet
  facet normal 0 0 1
    outer loop
      vertex -92.3378 61.8641 10
      vertex -97 75 10
      vertex -92.5104 62.0891 10
    endloop
  endfacet
  facet normal 0 0 1
    outer loop
      vertex -92.5104 62.0891 10
      vertex -97 75 10
      vertex -92.7019 62.2981 10
    endloop
  endfacet
  facet normal 0 0 1
    outer loop
      vertex -92.7019 62.2981 10
      vertex -97 75 10
      vertex -92.9109 62.4896 10
    endloop
  endfacet
  facet normal 0 0 1
    outer loop
      vertex -92.9109 62.4896 10
      vertex -97 75 10
      vertex -93.1359 62.6622 10
    endloop
  endfacet
  facet normal 0 0 1
    outer loop
      vertex -93.1359 62.6622 10
      vertex -97 75 10
      vertex -93.375 62.8146 10
    endloop
  endfacet
  facet normal 0 0 1
    outer loop
      vertex -93.375 62.8146 10
      vertex -97 75 10
      vertex -93.6265 62.9455 10
    endloop
  endfacet
  facet normal 0 0 1
    outer loop
      vertex -93.6265 62.9455 10
      vertex -97 75 10
      vertex -93.8884 63.054 10
    endloop
  endfacet
  facet normal 0 0 1
    outer loop
      vertex -93.8884 63.054 10
      vertex -97 75 10
      vertex -94.1588 63.1393 10
    endloop
  endfacet
  facet normal 0 0 1
    outer loop
      vertex -94.1588 63.1393 10
      vertex -97 75 10
      vertex -94.4356 63.2006 10
    endloop
  endfacet
  facet normal 0 0 1
    outer loop
      vertex -94.4356 63.2006 10
      vertex -97 75 10
      vertex -94.7167 63.2376 10
    endloop
  endfacet
  facet normal 0 0 1
    outer loop
      vertex -94.7167 63.2376 10
      vertex -97 75 10
      vertex -95 63.25 10
    endloop
  endfacet
  facet normal 0 0 1
    outer loop
      vertex -95 63.25 10
      vertex -97 75 10
      vertex -95.2833 63.2376 10
    endloop
  endfacet
  facet normal 0 0 1
    outer loop
      vertex -97 75 10
      vertex -95.5644 63.2006 10
      vertex -95.2833 63.2376 10
    endloop
  endfacet
  facet normal 0 0 1
    outer loop
      vertex -97 75 10
      vertex -95.8412 63.1393 10
      vertex -95.5644 63.2006 10
    endloop
  endfacet
  facet normal -0 0 1
    outer loop
      vertex -97.6973 74.9696 10
      vertex -95.8412 63.1393 10
      vertex -97 75 10
    endloop
  endfacet
  facet normal -0 0 1
    outer loop
      vertex -98.3892 74.8785 10
      vertex -95.8412 63.1393 10
      vertex -97.6973 74.9696 10
    endloop
  endfacet
  facet normal 0 0 1
    outer loop
      vertex -95.8412 63.1393 10
      vertex -98.3892 74.8785 10
      vertex -96.1116 63.054 10
    endloop
  endfacet
  facet normal 0 0 1
    outer loop
      vertex -96.1116 63.054 10
      vertex -98.3892 74.8785 10
      vertex -96.3735 62.9455 10
    endloop
  endfacet
  facet normal -0 0 1
    outer loop
      vertex -105 67 10
      vertex -96.3735 62.9455 10
      vertex -98.3892 74.8785 10
    endloop
  endfacet
  facet normal 0 0 1
    outer loop
      vertex -96.3735 62.9455 10
      vertex -105 67 10
      vertex -96.625 62.8146 10
    endloop
  endfacet
  facet normal 0 0 1
    outer loop
      vertex -96.625 62.8146 10
      vertex -105 67 10
      vertex -96.8641 62.6622 10
    endloop
  endfacet
  facet normal 0 0 1
    outer loop
      vertex -96.8641 62.6622 10
      vertex -105 67 10
      vertex -97.0891 62.4896 10
    endloop
  endfacet
  facet normal 0 0 1
    outer loop
      vertex -97.0891 62.4896 10
      vertex -105 67 10
      vertex -97.2981 62.2981 10
    endloop
  endfacet
  facet normal 0 0 1
    outer loop
      vertex -97.2981 62.2981 10
      vertex -105 67 10
      vertex -97.4896 62.0891 10
    endloop
  endfacet
  facet normal 0 0 1
    outer loop
      vertex -97.4896 62.0891 10
      vertex -105 67 10
      vertex -97.6622 61.8641 10
    endloop
  endfacet
  facet normal 0 0 1
    outer loop
      vertex -97.6622 61.8641 10
      vertex -105 67 10
      vertex -97.8146 61.625 10
    endloop
  endfacet
  facet normal 0 0 1
    outer loop
      vertex -97.8146 61.625 10
      vertex -105 67 10
      vertex -97.9455 61.3735 10
    endloop
  endfacet
  facet normal 0 0 1
    outer loop
      vertex -97.9455 61.3735 10
      vertex -105 67 10
      vertex -98.054 61.1116 10
    endloop
  endfacet
  facet normal 0 0 1
    outer loop
      vertex -98.054 61.1116 10
      vertex -105 67 10
      vertex -98.1393 60.8412 10
    endloop
  endfacet
  facet normal 0 0 1
    outer loop
      vertex -98.1393 60.8412 10
      vertex -105 67 10
      vertex -98.2006 60.5644 10
    endloop
  endfacet
  facet normal 0 0 1
    outer loop
      vertex -98.2376 60.2833 10
      vertex -105 67 10
      vertex -98.25 60 10
    endloop
  endfacet
  facet normal 0 0 1
    outer loop
      vertex -98.2006 60.5644 10
      vertex -105 67 10
      vertex -98.2376 60.2833 10
    endloop
  endfacet
  facet normal 0 0 1
    outer loop
      vertex 103.928 -71 10
      vertex 97 -69 10
      vertex 103.553 -71.5886 10
    endloop
  endfacet
  facet normal 0 0 1
    outer loop
      vertex 103.128 -72.1423 10
      vertex 97 -69 10
      vertex 102.657 -72.6569 10
    endloop
  endfacet
  facet normal 0 0 1
    outer loop
      vertex 102.142 -73.1284 10
      vertex 97 -69 10
      vertex 101.589 -73.5532 10
    endloop
  endfacet
  facet normal 0 0 1
    outer loop
      vertex 101.589 -73.5532 10
      vertex 97 -69 10
      vertex 101 -73.9282 10
    endloop
  endfacet
  facet normal 0 0 1
    outer loop
      vertex 99.7362 -74.5175 10
      vertex 97 -69 10
      vertex 99.0706 -74.7274 10
    endloop
  endfacet
  facet normal 0 0 1
    outer loop
      vertex 100.381 -74.2505 10
      vertex 97 -69 10
      vertex 99.7362 -74.5175 10
    endloop
  endfacet
  facet normal 0 0 1
    outer loop
      vertex 101 -73.9282 10
      vertex 97 -69 10
      vertex 100.381 -74.2505 10
    endloop
  endfacet
  facet normal 0 0 1
    outer loop
      vertex 99.0706 -74.7274 10
      vertex 97 -69 10
      vertex 98.3892 -74.8785 10
    endloop
  endfacet
  facet normal 0 0 1
    outer loop
      vertex 102.657 -72.6569 10
      vertex 97 -69 10
      vertex 102.142 -73.1284 10
    endloop
  endfacet
  facet normal 0 0 1
    outer loop
      vertex 103.553 -71.5886 10
      vertex 97 -69 10
      vertex 103.128 -72.1423 10
    endloop
  endfacet
  facet normal 0 0 1
    outer loop
      vertex 104.727 -69.0706 10
      vertex 97 -69 10
      vertex 104.518 -69.7362 10
    endloop
  endfacet
  facet normal 0 0 1
    outer loop
      vertex 97 -69 10
      vertex 97.2981 -62.2981 10
      vertex 97.0891 -62.4896 10
    endloop
  endfacet
  facet normal 0 0 1
    outer loop
      vertex 98.3892 -74.8785 10
      vertex 97 -69 10
      vertex 97.6973 -74.9696 10
    endloop
  endfacet
  facet normal 0 0 1
    outer loop
      vertex 97.6973 -74.9696 10
      vertex 97 -69 10
      vertex 97 -75 10
    endloop
  endfacet
  facet normal 0 0 1
    outer loop
      vertex 77.4626 44.4513 10
      vertex 33.9848 34.6514 10
      vertex 33.9392 34.3054 10
    endloop
  endfacet
  facet normal 0 0 1
    outer loop
      vertex 77.606 44.2645 10
      vertex 33.9392 34.3054 10
      vertex 33.8637 33.9647 10
    endloop
  endfacet
  facet normal 0 0 1
    outer loop
      vertex 77.7652 44.0908 10
      vertex 33.8637 33.9647 10
      vertex 33.7588 33.6319 10
    endloop
  endfacet
  facet normal 0 0 1
    outer loop
      vertex 77.9388 43.9317 10
      vertex 33.7588 33.6319 10
      vertex 33.6252 33.3095 10
    endloop
  endfacet
  facet normal 0 0 1
    outer loop
      vertex 78.1257 43.7883 10
      vertex 33.6252 33.3095 10
      vertex 33.4641 33 10
    endloop
  endfacet
  facet normal 0 0 1
    outer loop
      vertex 78.3243 43.6617 10
      vertex 33.4641 33 10
      vertex 33.2766 32.7057 10
    endloop
  endfacet
  facet normal 0 0 1
    outer loop
      vertex 78.5333 43.553 10
      vertex 33.2766 32.7057 10
      vertex 33.0642 32.4288 10
    endloop
  endfacet
  facet normal 0 0 1
    outer loop
      vertex 78.7509 43.4628 10
      vertex 32.8284 32.1716 10
      vertex 52.5 -39 10
    endloop
  endfacet
  facet normal -0 0 1
    outer loop
      vertex 32.5712 31.9358 10
      vertex 52.5 -39 10
      vertex 32.8284 32.1716 10
    endloop
  endfacet
  facet normal -0 0 1
    outer loop
      vertex 32.2943 31.7234 10
      vertex 52.5 -39 10
      vertex 32.5712 31.9358 10
    endloop
  endfacet
  facet normal -0 0 1
    outer loop
      vertex 32 31.5359 10
      vertex 52.5 -39 10
      vertex 32.2943 31.7234 10
    endloop
  endfacet
  facet normal 0 0 1
    outer loop
      vertex 52.5 -39 10
      vertex 32 31.5359 10
      vertex 47.5 -39 10
    endloop
  endfacet
  facet normal -0 0 1
    outer loop
      vertex 31.6905 31.3748 10
      vertex 47.5 -39 10
      vertex 32 31.5359 10
    endloop
  endfacet
  facet normal -0 0 1
    outer loop
      vertex 31.3681 31.2412 10
      vertex 47.5 -39 10
      vertex 31.6905 31.3748 10
    endloop
  endfacet
  facet normal 0 0 1
    outer loop
      vertex 47.5 -39 10
      vertex 31.3681 31.2412 10
      vertex 8.06918 -0.705961 10
    endloop
  endfacet
  facet normal 0 0 1
    outer loop
      vertex 8.1 0 10
      vertex 31.3681 31.2412 10
      vertex 31.0353 31.1363 10
    endloop
  endfacet
  facet normal 0 0 1
    outer loop
      vertex 8.06918 0.705961 10
      vertex 31.0353 31.1363 10
      vertex 30.6946 31.0608 10
    endloop
  endfacet
  facet normal 0 0 1
    outer loop
      vertex 8.06918 0.705961 10
      vertex 30.6946 31.0608 10
      vertex 30.3486 31.0152 10
    endloop
  endfacet
  facet normal 0 0 1
    outer loop
      vertex 7.97694 1.40655 10
      vertex 30.3486 31.0152 10
      vertex 30 31 10
    endloop
  endfacet
  facet normal 0 0 1
    outer loop
      vertex 31.3681 31.2412 10
      vertex 8.1 0 10
      vertex 8.06918 -0.705961 10
    endloop
  endfacet
  facet normal 0 0 1
    outer loop
      vertex 47.5 -39 10
      vertex 8.06918 -0.705961 10
      vertex 7.97694 -1.40655 10
    endloop
  endfacet
  facet normal 0 0 1
    outer loop
      vertex 47.5 -39 10
      vertex 7.97694 -1.40655 10
      vertex 7.824 -2.09643 10
    endloop
  endfacet
  facet normal -0 0 1
    outer loop
      vertex 7.61151 -2.77036 10
      vertex 47.5 -39 10
      vertex 7.824 -2.09643 10
    endloop
  endfacet
  facet normal -0 0 1
    outer loop
      vertex 7.34109 -3.42321 10
      vertex 47.5 -39 10
      vertex 7.61151 -2.77036 10
    endloop
  endfacet
  facet normal -0 0 1
    outer loop
      vertex 7.0148 -4.05 10
      vertex 47.5 -39 10
      vertex 7.34109 -3.42321 10
    endloop
  endfacet
  facet normal -0 0 1
    outer loop
      vertex 6.63513 -4.64597 10
      vertex 47.5 -39 10
      vertex 7.0148 -4.05 10
    endloop
  endfacet
  facet normal -0 0 1
    outer loop
      vertex 6.20496 -5.20658 10
      vertex 47.5 -39 10
      vertex 6.63513 -4.64597 10
    endloop
  endfacet
  facet normal -0 0 1
    outer loop
      vertex 5.72756 -5.72756 10
      vertex 47.5 -39 10
      vertex 6.20496 -5.20658 10
    endloop
  endfacet
  facet normal 0 0 1
    outer loop
      vertex 47.5 -39 10
      vertex 5.72756 -5.72756 10
      vertex 2.5 -39 10
    endloop
  endfacet
  facet normal 0 0 1
    outer loop
      vertex 2.5 -39 10
      vertex 5.72756 -5.72756 10
      vertex 5.20658 -6.20496 10
    endloop
  endfacet
  facet normal 0 0 1
    outer loop
      vertex 2.5 -39 10
      vertex 5.20658 -6.20496 10
      vertex 4.64597 -6.63513 10
    endloop
  endfacet
  facet normal 0 0 1
    outer loop
      vertex 2.5 -39 10
      vertex 4.64597 -6.63513 10
      vertex 4.05 -7.0148 10
    endloop
  endfacet
  facet normal 0 0 1
    outer loop
      vertex 2.5 -39 10
      vertex 4.05 -7.0148 10
      vertex 3.42321 -7.34109 10
    endloop
  endfacet
  facet normal 0 0 1
    outer loop
      vertex 2.5 -39 10
      vertex 3.42321 -7.34109 10
      vertex 2.77036 -7.61151 10
    endloop
  endfacet
  facet normal 0 0 1
    outer loop
      vertex 47.5 -39 10
      vertex 2.5 -39 10
      vertex 47.5 -69 10
    endloop
  endfacet
  facet normal 0 0 1
    outer loop
      vertex 47.5 -69 10
      vertex 2.5 -39 10
      vertex 2.5 -69 10
    endloop
  endfacet
  facet normal 1 0 0
    outer loop
      vertex -47.5 -69 46
      vertex -47.5 -69 10
      vertex -47.5 -39 10
    endloop
  endfacet
  facet normal 0 0.768221 0.640184
    outer loop
      vertex -47.5 -39 10
      vertex -52.5 -69 46
      vertex -47.5 -69 46
    endloop
  endfacet
  facet normal 0 0.768221 0.640184
    outer loop
      vertex -52.5 -69 46
      vertex -47.5 -39 10
      vertex -52.5 -39 10
    endloop
  endfacet
  facet normal 0 1 0
    outer loop
      vertex -97 -69 50
      vertex -84.8039 -69 35.2414
      vertex -85 -69 35.25
    endloop
  endfacet
  facet normal 0 1 0
    outer loop
      vertex -97 -69 50
      vertex -84.6093 -69 35.2158
      vertex -84.8039 -69 35.2414
    endloop
  endfacet
  facet normal 0 1 0
    outer loop
      vertex -97 -69 50
      vertex -84.4177 -69 35.1733
      vertex -84.6093 -69 35.2158
    endloop
  endfacet
  facet normal 0 1 0
    outer loop
      vertex -97 -69 50
      vertex -84.2305 -69 35.1143
      vertex -84.4177 -69 35.1733
    endloop
  endfacet
  facet normal 0 1 0
    outer loop
      vertex -97 -69 50
      vertex -84.0491 -69 35.0392
      vertex -84.2305 -69 35.1143
    endloop
  endfacet
  facet normal 0 1 0
    outer loop
      vertex -52.5 -69 46
      vertex -83.875 -69 34.9486
      vertex -84.0491 -69 35.0392
    endloop
  endfacet
  facet normal 0 1 0
    outer loop
      vertex -52.5 -69 46
      vertex -83.7094 -69 34.8431
      vertex -83.875 -69 34.9486
    endloop
  endfacet
  facet normal 0 1 0
    outer loop
      vertex -52.5 -69 46
      vertex -83.5537 -69 34.7236
      vertex -83.7094 -69 34.8431
    endloop
  endfacet
  facet normal 0 1 0
    outer loop
      vertex -52.5 -69 46
      vertex -83.409 -69 34.591
      vertex -83.5537 -69 34.7236
    endloop
  endfacet
  facet normal 0 1 0
    outer loop
      vertex -52.5 -69 46
      vertex -83.2764 -69 34.4463
      vertex -83.409 -69 34.591
    endloop
  endfacet
  facet normal 0 1 0
    outer loop
      vertex -52.5 -69 46
      vertex -83.1569 -69 34.2905
      vertex -83.2764 -69 34.4463
    endloop
  endfacet
  facet normal 0 1 0
    outer loop
      vertex -52.5 -69 46
      vertex -83.0514 -69 34.125
      vertex -83.1569 -69 34.2905
    endloop
  endfacet
  facet normal 0 1 0
    outer loop
      vertex -52.5 -69 46
      vertex -82.9608 -69 33.9509
      vertex -83.0514 -69 34.125
    endloop
  endfacet
  facet normal 0 1 0
    outer loop
      vertex -52.5 -69 46
      vertex -82.8857 -69 33.7695
      vertex -82.9608 -69 33.9509
    endloop
  endfacet
  facet normal 0 1 0
    outer loop
      vertex -52.5 -69 46
      vertex -82.8267 -69 33.5823
      vertex -82.8857 -69 33.7695
    endloop
  endfacet
  facet normal 0 1 0
    outer loop
      vertex -52.5 -69 46
      vertex -82.7842 -69 33.3907
      vertex -82.8267 -69 33.5823
    endloop
  endfacet
  facet normal 0 1 0
    outer loop
      vertex -52.5 -69 46
      vertex -82.7586 -69 33.1961
      vertex -82.7842 -69 33.3907
    endloop
  endfacet
  facet normal 0 1 0
    outer loop
      vertex -52.5 -69 46
      vertex -82.75 -69 33
      vertex -82.7586 -69 33.1961
    endloop
  endfacet
  facet normal 0 1 0
    outer loop
      vertex -52.5 -69 46
      vertex -82.7586 -69 32.8039
      vertex -82.75 -69 33
    endloop
  endfacet
  facet normal 0 1 0
    outer loop
      vertex -52.5 -69 46
      vertex -82.7842 -69 32.6093
      vertex -82.7586 -69 32.8039
    endloop
  endfacet
  facet normal 0 1 0
    outer loop
      vertex -52.5 -69 46
      vertex -82.8267 -69 32.4177
      vertex -82.7842 -69 32.6093
    endloop
  endfacet
  facet normal 0 1 -0
    outer loop
      vertex -52.5 -69 10
      vertex -82.8267 -69 32.4177
      vertex -52.5 -69 46
    endloop
  endfacet
  facet normal 0 1 0
    outer loop
      vertex -82.8267 -69 32.4177
      vertex -52.5 -69 10
      vertex -82.8857 -69 32.2305
    endloop
  endfacet
  facet normal 0 1 0
    outer loop
      vertex -82.8857 -69 32.2305
      vertex -52.5 -69 10
      vertex -82.9608 -69 32.0491
    endloop
  endfacet
  facet normal 0 1 0
    outer loop
      vertex -82.9608 -69 32.0491
      vertex -52.5 -69 10
      vertex -83.0514 -69 31.875
    endloop
  endfacet
  facet normal 0 1 0
    outer loop
      vertex -83.0514 -69 31.875
      vertex -52.5 -69 10
      vertex -83.1569 -69 31.7095
    endloop
  endfacet
  facet normal 0 1 0
    outer loop
      vertex -83.1569 -69 31.7095
      vertex -52.5 -69 10
      vertex -83.2764 -69 31.5537
    endloop
  endfacet
  facet normal 0 1 0
    outer loop
      vertex -83.2764 -69 31.5537
      vertex -52.5 -69 10
      vertex -83.409 -69 31.409
    endloop
  endfacet
  facet normal 0 1 0
    outer loop
      vertex -83.409 -69 31.409
      vertex -52.5 -69 10
      vertex -83.5537 -69 31.2764
    endloop
  endfacet
  facet normal 0 1 0
    outer loop
      vertex -83.5537 -69 31.2764
      vertex -52.5 -69 10
      vertex -83.7094 -69 31.1569
    endloop
  endfacet
  facet normal 0 1 0
    outer loop
      vertex -83.7094 -69 31.1569
      vertex -52.5 -69 10
      vertex -83.875 -69 31.0514
    endloop
  endfacet
  facet normal 0 1 0
    outer loop
      vertex -84.6093 -69 30.7842
      vertex -97 -69 10
      vertex -84.8039 -69 30.7586
    endloop
  endfacet
  facet normal 0 1 0
    outer loop
      vertex -84.4177 -69 30.8267
      vertex -97 -69 10
      vertex -84.6093 -69 30.7842
    endloop
  endfacet
  facet normal 0 1 0
    outer loop
      vertex -84.2305 -69 30.8857
      vertex -97 -69 10
      vertex -84.4177 -69 30.8267
    endloop
  endfacet
  facet normal 0 1 0
    outer loop
      vertex -84.0491 -69 30.9608
      vertex -97 -69 10
      vertex -84.2305 -69 30.8857
    endloop
  endfacet
  facet normal 0 1 0
    outer loop
      vertex -97 -69 10
      vertex -84.0491 -69 30.9608
      vertex -52.5 -69 10
    endloop
  endfacet
  facet normal 0 1 0
    outer loop
      vertex -83.875 -69 31.0514
      vertex -52.5 -69 10
      vertex -84.0491 -69 30.9608
    endloop
  endfacet
  facet normal 0 1 0
    outer loop
      vertex -2.5 -69 46
      vertex -25 -69 35.25
      vertex -47.5 -69 46
    endloop
  endfacet
  facet normal 0 1 0
    outer loop
      vertex -2.5 -69 46
      vertex -24.8039 -69 35.2414
      vertex -25 -69 35.25
    endloop
  endfacet
  facet normal 0 1 0
    outer loop
      vertex -2.5 -69 46
      vertex -24.6093 -69 35.2158
      vertex -24.8039 -69 35.2414
    endloop
  endfacet
  facet normal 0 1 0
    outer loop
      vertex -2.5 -69 46
      vertex -24.4177 -69 35.1733
      vertex -24.6093 -69 35.2158
    endloop
  endfacet
  facet normal 0 1 0
    outer loop
      vertex -2.5 -69 46
      vertex -24.2305 -69 35.1143
      vertex -24.4177 -69 35.1733
    endloop
  endfacet
  facet normal 0 1 0
    outer loop
      vertex -2.5 -69 46
      vertex -24.0491 -69 35.0392
      vertex -24.2305 -69 35.1143
    endloop
  endfacet
  facet normal 0 1 0
    outer loop
      vertex -2.5 -69 46
      vertex -23.875 -69 34.9486
      vertex -24.0491 -69 35.0392
    endloop
  endfacet
  facet normal 0 1 0
    outer loop
      vertex -2.5 -69 46
      vertex -23.7095 -69 34.8431
      vertex -23.875 -69 34.9486
    endloop
  endfacet
  facet normal 0 1 0
    outer loop
      vertex -2.5 -69 46
      vertex -23.5537 -69 34.7236
      vertex -23.7095 -69 34.8431
    endloop
  endfacet
  facet normal 0 1 0
    outer loop
      vertex -2.5 -69 46
      vertex -23.409 -69 34.591
      vertex -23.5537 -69 34.7236
    endloop
  endfacet
  facet normal 0 1 0
    outer loop
      vertex -2.5 -69 46
      vertex -23.2764 -69 34.4463
      vertex -23.409 -69 34.591
    endloop
  endfacet
  facet normal 0 1 0
    outer loop
      vertex -2.5 -69 46
      vertex -23.1569 -69 34.2905
      vertex -23.2764 -69 34.4463
    endloop
  endfacet
  facet normal 0 1 0
    outer loop
      vertex -2.5 -69 46
      vertex -23.0514 -69 34.125
      vertex -23.1569 -69 34.2905
    endloop
  endfacet
  facet normal 0 1 0
    outer loop
      vertex -2.5 -69 46
      vertex -22.9608 -69 33.9509
      vertex -23.0514 -69 34.125
    endloop
  endfacet
  facet normal 0 1 0
    outer loop
      vertex -2.5 -69 46
      vertex -22.8857 -69 33.7695
      vertex -22.9608 -69 33.9509
    endloop
  endfacet
  facet normal 0 1 0
    outer loop
      vertex -2.5 -69 46
      vertex -22.8267 -69 33.5823
      vertex -22.8857 -69 33.7695
    endloop
  endfacet
  facet normal 0 1 0
    outer loop
      vertex -2.5 -69 46
      vertex -22.7842 -69 33.3907
      vertex -22.8267 -69 33.5823
    endloop
  endfacet
  facet normal 0 1 0
    outer loop
      vertex -2.5 -69 46
      vertex -22.7586 -69 33.1961
      vertex -22.7842 -69 33.3907
    endloop
  endfacet
  facet normal 0 1 0
    outer loop
      vertex -2.5 -69 46
      vertex -22.75 -69 33
      vertex -22.7586 -69 33.1961
    endloop
  endfacet
  facet normal 0 1 0
    outer loop
      vertex -2.5 -69 46
      vertex -22.7586 -69 32.8039
      vertex -22.75 -69 33
    endloop
  endfacet
  facet normal 0 1 0
    outer loop
      vertex -2.5 -69 46
      vertex -22.7842 -69 32.6093
      vertex -22.7586 -69 32.8039
    endloop
  endfacet
  facet normal 0 1 0
    outer loop
      vertex -2.5 -69 46
      vertex -22.8267 -69 32.4177
      vertex -22.7842 -69 32.6093
    endloop
  endfacet
  facet normal 0 1 -0
    outer loop
      vertex -2.5 -69 10
      vertex -22.8267 -69 32.4177
      vertex -2.5 -69 46
    endloop
  endfacet
  facet normal 0 1 0
    outer loop
      vertex -22.8267 -69 32.4177
      vertex -2.5 -69 10
      vertex -22.8857 -69 32.2305
    endloop
  endfacet
  facet normal 0 1 0
    outer loop
      vertex -22.8857 -69 32.2305
      vertex -2.5 -69 10
      vertex -22.9608 -69 32.0491
    endloop
  endfacet
  facet normal 0 1 0
    outer loop
      vertex -22.9608 -69 32.0491
      vertex -2.5 -69 10
      vertex -23.0514 -69 31.875
    endloop
  endfacet
  facet normal 0 1 0
    outer loop
      vertex -23.0514 -69 31.875
      vertex -2.5 -69 10
      vertex -23.1569 -69 31.7095
    endloop
  endfacet
  facet normal 0 1 0
    outer loop
      vertex -23.1569 -69 31.7095
      vertex -2.5 -69 10
      vertex -23.2764 -69 31.5537
    endloop
  endfacet
  facet normal 0 1 0
    outer loop
      vertex -23.2764 -69 31.5537
      vertex -2.5 -69 10
      vertex -23.409 -69 31.409
    endloop
  endfacet
  facet normal 0 1 0
    outer loop
      vertex -23.409 -69 31.409
      vertex -2.5 -69 10
      vertex -23.5537 -69 31.2764
    endloop
  endfacet
  facet normal 0 1 0
    outer loop
      vertex -24.8039 -69 30.7586
      vertex -2.5 -69 10
      vertex -25 -69 30.75
    endloop
  endfacet
  facet normal 0 1 0
    outer loop
      vertex -24.6093 -69 30.7842
      vertex -2.5 -69 10
      vertex -24.8039 -69 30.7586
    endloop
  endfacet
  facet normal 0 1 0
    outer loop
      vertex -24.4177 -69 30.8267
      vertex -2.5 -69 10
      vertex -24.6093 -69 30.7842
    endloop
  endfacet
  facet normal 0 1 0
    outer loop
      vertex -24.2305 -69 30.8857
      vertex -2.5 -69 10
      vertex -24.4177 -69 30.8267
    endloop
  endfacet
  facet normal 0 1 0
    outer loop
      vertex -24.0491 -69 30.9608
      vertex -2.5 -69 10
      vertex -24.2305 -69 30.8857
    endloop
  endfacet
  facet normal 0 1 0
    outer loop
      vertex -23.875 -69 31.0514
      vertex -2.5 -69 10
      vertex -24.0491 -69 30.9608
    endloop
  endfacet
  facet normal 0 1 0
    outer loop
      vertex -23.7095 -69 31.1569
      vertex -2.5 -69 10
      vertex -23.875 -69 31.0514
    endloop
  endfacet
  facet normal 0 1 0
    outer loop
      vertex -23.5537 -69 31.2764
      vertex -2.5 -69 10
      vertex -23.7095 -69 31.1569
    endloop
  endfacet
  facet normal 0 1 0
    outer loop
      vertex 47.5 -69 46
      vertex 25 -69 35.25
      vertex 2.5 -69 46
    endloop
  endfacet
  facet normal 0 1 0
    outer loop
      vertex 47.5 -69 46
      vertex 25.1961 -69 35.2414
      vertex 25 -69 35.25
    endloop
  endfacet
  facet normal 0 1 0
    outer loop
      vertex 47.5 -69 46
      vertex 25.3907 -69 35.2158
      vertex 25.1961 -69 35.2414
    endloop
  endfacet
  facet normal 0 1 0
    outer loop
      vertex 47.5 -69 46
      vertex 25.5823 -69 35.1733
      vertex 25.3907 -69 35.2158
    endloop
  endfacet
  facet normal 0 1 0
    outer loop
      vertex 47.5 -69 46
      vertex 25.7695 -69 35.1143
      vertex 25.5823 -69 35.1733
    endloop
  endfacet
  facet normal 0 1 0
    outer loop
      vertex 47.5 -69 46
      vertex 25.9509 -69 35.0392
      vertex 25.7695 -69 35.1143
    endloop
  endfacet
  facet normal 0 1 0
    outer loop
      vertex 47.5 -69 46
      vertex 26.125 -69 34.9486
      vertex 25.9509 -69 35.0392
    endloop
  endfacet
  facet normal 0 1 0
    outer loop
      vertex 47.5 -69 46
      vertex 26.2905 -69 34.8431
      vertex 26.125 -69 34.9486
    endloop
  endfacet
  facet normal 0 1 0
    outer loop
      vertex 47.5 -69 46
      vertex 26.4463 -69 34.7236
      vertex 26.2905 -69 34.8431
    endloop
  endfacet
  facet normal 0 1 0
    outer loop
      vertex 47.5 -69 46
      vertex 26.591 -69 34.591
      vertex 26.4463 -69 34.7236
    endloop
  endfacet
  facet normal 0 1 0
    outer loop
      vertex 47.5 -69 46
      vertex 26.7236 -69 34.4463
      vertex 26.591 -69 34.591
    endloop
  endfacet
  facet normal 0 1 0
    outer loop
      vertex 47.5 -69 46
      vertex 26.8431 -69 34.2905
      vertex 26.7236 -69 34.4463
    endloop
  endfacet
  facet normal 0 1 0
    outer loop
      vertex 47.5 -69 46
      vertex 26.9486 -69 34.125
      vertex 26.8431 -69 34.2905
    endloop
  endfacet
  facet normal 0 1 0
    outer loop
      vertex 47.5 -69 46
      vertex 27.0392 -69 33.9509
      vertex 26.9486 -69 34.125
    endloop
  endfacet
  facet normal 0 1 0
    outer loop
      vertex 47.5 -69 46
      vertex 27.1143 -69 33.7695
      vertex 27.0392 -69 33.9509
    endloop
  endfacet
  facet normal 0 1 0
    outer loop
      vertex 47.5 -69 46
      vertex 27.1733 -69 33.5823
      vertex 27.1143 -69 33.7695
    endloop
  endfacet
  facet normal 0 1 0
    outer loop
      vertex 47.5 -69 46
      vertex 27.2158 -69 33.3907
      vertex 27.1733 -69 33.5823
    endloop
  endfacet
  facet normal 0 1 0
    outer loop
      vertex 47.5 -69 46
      vertex 27.2414 -69 33.1961
      vertex 27.2158 -69 33.3907
    endloop
  endfacet
  facet normal 0 1 0
    outer loop
      vertex 47.5 -69 46
      vertex 27.25 -69 33
      vertex 27.2414 -69 33.1961
    endloop
  endfacet
  facet normal 0 1 0
    outer loop
      vertex 47.5 -69 46
      vertex 27.2414 -69 32.8039
      vertex 27.25 -69 33
    endloop
  endfacet
  facet normal 0 1 0
    outer loop
      vertex 47.5 -69 46
      vertex 27.2158 -69 32.6093
      vertex 27.2414 -69 32.8039
    endloop
  endfacet
  facet normal 0 1 0
    outer loop
      vertex 47.5 -69 46
      vertex 27.1733 -69 32.4177
      vertex 27.2158 -69 32.6093
    endloop
  endfacet
  facet normal 0 1 -0
    outer loop
      vertex 47.5 -69 10
      vertex 27.1733 -69 32.4177
      vertex 47.5 -69 46
    endloop
  endfacet
  facet normal 0 1 0
    outer loop
      vertex 27.1733 -69 32.4177
      vertex 47.5 -69 10
      vertex 27.1143 -69 32.2305
    endloop
  endfacet
  facet normal 0 1 0
    outer loop
      vertex 27.1143 -69 32.2305
      vertex 47.5 -69 10
      vertex 27.0392 -69 32.0491
    endloop
  endfacet
  facet normal 0 1 0
    outer loop
      vertex 27.0392 -69 32.0491
      vertex 47.5 -69 10
      vertex 26.9486 -69 31.875
    endloop
  endfacet
  facet normal 0 1 0
    outer loop
      vertex 26.9486 -69 31.875
      vertex 47.5 -69 10
      vertex 26.8431 -69 31.7095
    endloop
  endfacet
  facet normal 0 1 0
    outer loop
      vertex 26.8431 -69 31.7095
      vertex 47.5 -69 10
      vertex 26.7236 -69 31.5537
    endloop
  endfacet
  facet normal 0 1 0
    outer loop
      vertex 26.7236 -69 31.5537
      vertex 47.5 -69 10
      vertex 26.591 -69 31.409
    endloop
  endfacet
  facet normal 0 1 0
    outer loop
      vertex 26.591 -69 31.409
      vertex 47.5 -69 10
      vertex 26.4463 -69 31.2764
    endloop
  endfacet
  facet normal 0 1 0
    outer loop
      vertex 25.1961 -69 30.7586
      vertex 47.5 -69 10
      vertex 25 -69 30.75
    endloop
  endfacet
  facet normal 0 1 0
    outer loop
      vertex 25.3907 -69 30.7842
      vertex 47.5 -69 10
      vertex 25.1961 -69 30.7586
    endloop
  endfacet
  facet normal 0 1 0
    outer loop
      vertex 25.5823 -69 30.8267
      vertex 47.5 -69 10
      vertex 25.3907 -69 30.7842
    endloop
  endfacet
  facet normal 0 1 0
    outer loop
      vertex 25.7695 -69 30.8857
      vertex 47.5 -69 10
      vertex 25.5823 -69 30.8267
    endloop
  endfacet
  facet normal 0 1 0
    outer loop
      vertex 25.9509 -69 30.9608
      vertex 47.5 -69 10
      vertex 25.7695 -69 30.8857
    endloop
  endfacet
  facet normal 0 1 0
    outer loop
      vertex 26.125 -69 31.0514
      vertex 47.5 -69 10
      vertex 25.9509 -69 30.9608
    endloop
  endfacet
  facet normal 0 1 0
    outer loop
      vertex 26.2905 -69 31.1569
      vertex 47.5 -69 10
      vertex 26.125 -69 31.0514
    endloop
  endfacet
  facet normal 0 1 0
    outer loop
      vertex 26.4463 -69 31.2764
      vertex 47.5 -69 10
      vertex 26.2905 -69 31.1569
    endloop
  endfacet
  facet normal 0 1 0
    outer loop
      vertex 47.5 -69 46
      vertex 97 -69 50
      vertex 52.5 -69 46
    endloop
  endfacet
  facet normal 0 1 0
    outer loop
      vertex 84.8039 -69 35.2414
      vertex 97 -69 50
      vertex 85 -69 35.25
    endloop
  endfacet
  facet normal 0 1 0
    outer loop
      vertex 97 -69 50
      vertex 85.1961 -69 35.2414
      vertex 85 -69 35.25
    endloop
  endfacet
  facet normal 0 1 0
    outer loop
      vertex 97 -69 50
      vertex 85.3907 -69 35.2158
      vertex 85.1961 -69 35.2414
    endloop
  endfacet
  facet normal 0 1 0
    outer loop
      vertex 97 -69 50
      vertex 85.5823 -69 35.1733
      vertex 85.3907 -69 35.2158
    endloop
  endfacet
  facet normal 0 1 0
    outer loop
      vertex 97 -69 50
      vertex 85.7695 -69 35.1143
      vertex 85.5823 -69 35.1733
    endloop
  endfacet
  facet normal 0 1 0
    outer loop
      vertex 97 -69 50
      vertex 85.9509 -69 35.0392
      vertex 85.7695 -69 35.1143
    endloop
  endfacet
  facet normal 0 1 0
    outer loop
      vertex 97 -69 50
      vertex 86.125 -69 34.9486
      vertex 85.9509 -69 35.0392
    endloop
  endfacet
  facet normal 0 1 0
    outer loop
      vertex 97 -69 50
      vertex 86.2905 -69 34.8431
      vertex 86.125 -69 34.9486
    endloop
  endfacet
  facet normal 0 1 0
    outer loop
      vertex 97 -69 50
      vertex 86.4463 -69 34.7236
      vertex 86.2905 -69 34.8431
    endloop
  endfacet
  facet normal 0 1 0
    outer loop
      vertex 97 -69 50
      vertex 86.591 -69 34.591
      vertex 86.4463 -69 34.7236
    endloop
  endfacet
  facet normal 0 1 0
    outer loop
      vertex 97 -69 50
      vertex 86.7236 -69 34.4463
      vertex 86.591 -69 34.591
    endloop
  endfacet
  facet normal 0 1 0
    outer loop
      vertex 97 -69 50
      vertex 86.8431 -69 34.2905
      vertex 86.7236 -69 34.4463
    endloop
  endfacet
  facet normal 0 1 0
    outer loop
      vertex 97 -69 50
      vertex 86.9486 -69 34.125
      vertex 86.8431 -69 34.2905
    endloop
  endfacet
  facet normal 0 1 0
    outer loop
      vertex 97 -69 50
      vertex 87.0392 -69 33.9509
      vertex 86.9486 -69 34.125
    endloop
  endfacet
  facet normal 0 1 0
    outer loop
      vertex 97 -69 50
      vertex 87.1143 -69 33.7695
      vertex 87.0392 -69 33.9509
    endloop
  endfacet
  facet normal 0 1 0
    outer loop
      vertex 97 -69 50
      vertex 87.1733 -69 33.5823
      vertex 87.1143 -69 33.7695
    endloop
  endfacet
  facet normal 0 1 0
    outer loop
      vertex 97 -69 50
      vertex 87.2158 -69 33.3907
      vertex 87.1733 -69 33.5823
    endloop
  endfacet
  facet normal 0 1 0
    outer loop
      vertex 97 -69 50
      vertex 87.2414 -69 33.1961
      vertex 87.2158 -69 33.3907
    endloop
  endfacet
  facet normal 0 1 0
    outer loop
      vertex 97 -69 50
      vertex 87.25 -69 33
      vertex 87.2414 -69 33.1961
    endloop
  endfacet
  facet normal 0 1 0
    outer loop
      vertex 97 -69 50
      vertex 87.2414 -69 32.8039
      vertex 87.25 -69 33
    endloop
  endfacet
  facet normal 0 1 -0
    outer loop
      vertex 97 -69 10
      vertex 87.2414 -69 32.8039
      vertex 97 -69 50
    endloop
  endfacet
  facet normal 0 1 0
    outer loop
      vertex 87.2414 -69 32.8039
      vertex 97 -69 10
      vertex 87.2158 -69 32.6093
    endloop
  endfacet
  facet normal 0 1 0
    outer loop
      vertex 87.2158 -69 32.6093
      vertex 97 -69 10
      vertex 87.1733 -69 32.4177
    endloop
  endfacet
  facet normal 0 1 0
    outer loop
      vertex 87.1733 -69 32.4177
      vertex 97 -69 10
      vertex 87.1143 -69 32.2305
    endloop
  endfacet
  facet normal 0 1 0
    outer loop
      vertex 87.1143 -69 32.2305
      vertex 97 -69 10
      vertex 87.0392 -69 32.0491
    endloop
  endfacet
  facet normal 0 1 0
    outer loop
      vertex 85.1961 -69 30.7586
      vertex 97 -69 10
      vertex 85 -69 30.75
    endloop
  endfacet
  facet normal 0 1 0
    outer loop
      vertex 85.3907 -69 30.7842
      vertex 97 -69 10
      vertex 85.1961 -69 30.7586
    endloop
  endfacet
  facet normal 0 1 0
    outer loop
      vertex 85.5823 -69 30.8267
      vertex 97 -69 10
      vertex 85.3907 -69 30.7842
    endloop
  endfacet
  facet normal 0 1 0
    outer loop
      vertex 85.7695 -69 30.8857
      vertex 97 -69 10
      vertex 85.5823 -69 30.8267
    endloop
  endfacet
  facet normal 0 1 0
    outer loop
      vertex 85.9509 -69 30.9608
      vertex 97 -69 10
      vertex 85.7695 -69 30.8857
    endloop
  endfacet
  facet normal 0 1 0
    outer loop
      vertex 86.125 -69 31.0514
      vertex 97 -69 10
      vertex 85.9509 -69 30.9608
    endloop
  endfacet
  facet normal 0 1 0
    outer loop
      vertex 86.2905 -69 31.1569
      vertex 97 -69 10
      vertex 86.125 -69 31.0514
    endloop
  endfacet
  facet normal 0 1 0
    outer loop
      vertex 86.4463 -69 31.2764
      vertex 97 -69 10
      vertex 86.2905 -69 31.1569
    endloop
  endfacet
  facet normal 0 1 0
    outer loop
      vertex 86.591 -69 31.409
      vertex 97 -69 10
      vertex 86.4463 -69 31.2764
    endloop
  endfacet
  facet normal 0 1 0
    outer loop
      vertex 86.7236 -69 31.5537
      vertex 97 -69 10
      vertex 86.591 -69 31.409
    endloop
  endfacet
  facet normal 0 1 0
    outer loop
      vertex 86.8431 -69 31.7095
      vertex 97 -69 10
      vertex 86.7236 -69 31.5537
    endloop
  endfacet
  facet normal 0 1 0
    outer loop
      vertex 86.9486 -69 31.875
      vertex 97 -69 10
      vertex 86.8431 -69 31.7095
    endloop
  endfacet
  facet normal 0 1 0
    outer loop
      vertex 87.0392 -69 32.0491
      vertex 97 -69 10
      vertex 86.9486 -69 31.875
    endloop
  endfacet
  facet normal 0 1 0
    outer loop
      vertex 2.5 -69 46
      vertex 97 -69 50
      vertex 47.5 -69 46
    endloop
  endfacet
  facet normal 0 1 0
    outer loop
      vertex 97 -69 50
      vertex 2.5 -69 46
      vertex -97 -69 50
    endloop
  endfacet
  facet normal 0 1 -0
    outer loop
      vertex -2.5 -69 46
      vertex -97 -69 50
      vertex 2.5 -69 46
    endloop
  endfacet
  facet normal 0 1 -0
    outer loop
      vertex -47.5 -69 46
      vertex -97 -69 50
      vertex -2.5 -69 46
    endloop
  endfacet
  facet normal 0 1 -0
    outer loop
      vertex -52.5 -69 46
      vertex -97 -69 50
      vertex -47.5 -69 46
    endloop
  endfacet
  facet normal 0 1 -0
    outer loop
      vertex -84.0491 -69 35.0392
      vertex -97 -69 50
      vertex -52.5 -69 46
    endloop
  endfacet
  facet normal 0 1 -0
    outer loop
      vertex -85.1961 -69 35.2414
      vertex -97 -69 50
      vertex -85 -69 35.25
    endloop
  endfacet
  facet normal 0 1 -0
    outer loop
      vertex -85.3907 -69 35.2158
      vertex -97 -69 50
      vertex -85.1961 -69 35.2414
    endloop
  endfacet
  facet normal 0 1 -0
    outer loop
      vertex -85.5823 -69 35.1733
      vertex -97 -69 50
      vertex -85.3907 -69 35.2158
    endloop
  endfacet
  facet normal 0 1 -0
    outer loop
      vertex -85.7695 -69 35.1143
      vertex -97 -69 50
      vertex -85.5823 -69 35.1733
    endloop
  endfacet
  facet normal 0 1 -0
    outer loop
      vertex -85.9509 -69 35.0392
      vertex -97 -69 50
      vertex -85.7695 -69 35.1143
    endloop
  endfacet
  facet normal 0 1 -0
    outer loop
      vertex -86.125 -69 34.9486
      vertex -97 -69 50
      vertex -85.9509 -69 35.0392
    endloop
  endfacet
  facet normal 0 1 -0
    outer loop
      vertex -86.2905 -69 34.8431
      vertex -97 -69 50
      vertex -86.125 -69 34.9486
    endloop
  endfacet
  facet normal 0 1 -0
    outer loop
      vertex -86.4463 -69 34.7236
      vertex -97 -69 50
      vertex -86.2905 -69 34.8431
    endloop
  endfacet
  facet normal 0 1 -0
    outer loop
      vertex -86.591 -69 34.591
      vertex -97 -69 50
      vertex -86.4463 -69 34.7236
    endloop
  endfacet
  facet normal 0 1 -0
    outer loop
      vertex -86.7236 -69 34.4463
      vertex -97 -69 50
      vertex -86.591 -69 34.591
    endloop
  endfacet
  facet normal 0 1 -0
    outer loop
      vertex -86.8431 -69 34.2905
      vertex -97 -69 50
      vertex -86.7236 -69 34.4463
    endloop
  endfacet
  facet normal 0 1 -0
    outer loop
      vertex -86.9486 -69 34.125
      vertex -97 -69 50
      vertex -86.8431 -69 34.2905
    endloop
  endfacet
  facet normal 0 1 -0
    outer loop
      vertex -87.0392 -69 33.9509
      vertex -97 -69 50
      vertex -86.9486 -69 34.125
    endloop
  endfacet
  facet normal 0 1 -0
    outer loop
      vertex -87.1143 -69 33.7695
      vertex -97 -69 50
      vertex -87.0392 -69 33.9509
    endloop
  endfacet
  facet normal 0 1 -0
    outer loop
      vertex -87.1733 -69 33.5823
      vertex -97 -69 50
      vertex -87.1143 -69 33.7695
    endloop
  endfacet
  facet normal 0 1 -0
    outer loop
      vertex -87.2158 -69 33.3907
      vertex -97 -69 50
      vertex -87.1733 -69 33.5823
    endloop
  endfacet
  facet normal 0 1 -0
    outer loop
      vertex -87.2414 -69 33.1961
      vertex -97 -69 50
      vertex -87.2158 -69 33.3907
    endloop
  endfacet
  facet normal 0 1 -0
    outer loop
      vertex -87.25 -69 33
      vertex -97 -69 50
      vertex -87.2414 -69 33.1961
    endloop
  endfacet
  facet normal 0 1 0
    outer loop
      vertex -87.2414 -69 32.8039
      vertex -97 -69 50
      vertex -87.25 -69 33
    endloop
  endfacet
  facet normal 0 1 0
    outer loop
      vertex -97 -69 10
      vertex -87.2414 -69 32.8039
      vertex -87.2158 -69 32.6093
    endloop
  endfacet
  facet normal 0 1 0
    outer loop
      vertex -97 -69 10
      vertex -87.2158 -69 32.6093
      vertex -87.1733 -69 32.4177
    endloop
  endfacet
  facet normal 0 1 0
    outer loop
      vertex -97 -69 10
      vertex -87.1733 -69 32.4177
      vertex -87.1143 -69 32.2305
    endloop
  endfacet
  facet normal 0 1 0
    outer loop
      vertex -97 -69 10
      vertex -87.1143 -69 32.2305
      vertex -87.0392 -69 32.0491
    endloop
  endfacet
  facet normal 0 1 0
    outer loop
      vertex -97 -69 10
      vertex -87.0392 -69 32.0491
      vertex -86.9486 -69 31.875
    endloop
  endfacet
  facet normal 0 1 0
    outer loop
      vertex -84.8039 -69 30.7586
      vertex -97 -69 10
      vertex -85 -69 30.75
    endloop
  endfacet
  facet normal 0 1 0
    outer loop
      vertex -85 -69 30.75
      vertex -97 -69 10
      vertex -85.1961 -69 30.7586
    endloop
  endfacet
  facet normal 0 1 0
    outer loop
      vertex -85.1961 -69 30.7586
      vertex -97 -69 10
      vertex -85.3907 -69 30.7842
    endloop
  endfacet
  facet normal 0 1 0
    outer loop
      vertex -85.3907 -69 30.7842
      vertex -97 -69 10
      vertex -85.5823 -69 30.8267
    endloop
  endfacet
  facet normal 0 1 0
    outer loop
      vertex -85.5823 -69 30.8267
      vertex -97 -69 10
      vertex -85.7695 -69 30.8857
    endloop
  endfacet
  facet normal 0 1 0
    outer loop
      vertex -85.7695 -69 30.8857
      vertex -97 -69 10
      vertex -85.9509 -69 30.9608
    endloop
  endfacet
  facet normal 0 1 0
    outer loop
      vertex -87.2414 -69 32.8039
      vertex -97 -69 10
      vertex -97 -69 50
    endloop
  endfacet
  facet normal 0 1 0
    outer loop
      vertex -86.8431 -69 31.7095
      vertex -97 -69 10
      vertex -86.9486 -69 31.875
    endloop
  endfacet
  facet normal 0 1 0
    outer loop
      vertex -86.7236 -69 31.5537
      vertex -97 -69 10
      vertex -86.8431 -69 31.7095
    endloop
  endfacet
  facet normal 0 1 0
    outer loop
      vertex -86.591 -69 31.409
      vertex -97 -69 10
      vertex -86.7236 -69 31.5537
    endloop
  endfacet
  facet normal 0 1 0
    outer loop
      vertex -86.4463 -69 31.2764
      vertex -97 -69 10
      vertex -86.591 -69 31.409
    endloop
  endfacet
  facet normal 0 1 0
    outer loop
      vertex -86.2905 -69 31.1569
      vertex -97 -69 10
      vertex -86.4463 -69 31.2764
    endloop
  endfacet
  facet normal 0 1 0
    outer loop
      vertex -86.125 -69 31.0514
      vertex -97 -69 10
      vertex -86.2905 -69 31.1569
    endloop
  endfacet
  facet normal 0 1 0
    outer loop
      vertex -85.9509 -69 30.9608
      vertex -97 -69 10
      vertex -86.125 -69 31.0514
    endloop
  endfacet
  facet normal 0 1 0
    outer loop
      vertex 84.6093 -69 35.2158
      vertex 97 -69 50
      vertex 84.8039 -69 35.2414
    endloop
  endfacet
  facet normal 0 1 0
    outer loop
      vertex 84.4177 -69 35.1733
      vertex 97 -69 50
      vertex 84.6093 -69 35.2158
    endloop
  endfacet
  facet normal 0 1 0
    outer loop
      vertex 84.2305 -69 35.1143
      vertex 97 -69 50
      vertex 84.4177 -69 35.1733
    endloop
  endfacet
  facet normal 0 1 0
    outer loop
      vertex 84.0491 -69 35.0392
      vertex 97 -69 50
      vertex 84.2305 -69 35.1143
    endloop
  endfacet
  facet normal 0 1 0
    outer loop
      vertex 97 -69 50
      vertex 84.0491 -69 35.0392
      vertex 52.5 -69 46
    endloop
  endfacet
  facet normal 0 1 -0
    outer loop
      vertex 83.875 -69 34.9486
      vertex 52.5 -69 46
      vertex 84.0491 -69 35.0392
    endloop
  endfacet
  facet normal 0 1 -0
    outer loop
      vertex 83.7094 -69 34.8431
      vertex 52.5 -69 46
      vertex 83.875 -69 34.9486
    endloop
  endfacet
  facet normal 0 1 -0
    outer loop
      vertex 83.5537 -69 34.7236
      vertex 52.5 -69 46
      vertex 83.7094 -69 34.8431
    endloop
  endfacet
  facet normal 0 1 -0
    outer loop
      vertex 83.409 -69 34.591
      vertex 52.5 -69 46
      vertex 83.5537 -69 34.7236
    endloop
  endfacet
  facet normal 0 1 -0
    outer loop
      vertex 83.2764 -69 34.4463
      vertex 52.5 -69 46
      vertex 83.409 -69 34.591
    endloop
  endfacet
  facet normal 0 1 -0
    outer loop
      vertex 83.1569 -69 34.2905
      vertex 52.5 -69 46
      vertex 83.2764 -69 34.4463
    endloop
  endfacet
  facet normal 0 1 -0
    outer loop
      vertex 83.0514 -69 34.125
      vertex 52.5 -69 46
      vertex 83.1569 -69 34.2905
    endloop
  endfacet
  facet normal 0 1 -0
    outer loop
      vertex 82.9608 -69 33.9509
      vertex 52.5 -69 46
      vertex 83.0514 -69 34.125
    endloop
  endfacet
  facet normal 0 1 -0
    outer loop
      vertex 82.8857 -69 33.7695
      vertex 52.5 -69 46
      vertex 82.9608 -69 33.9509
    endloop
  endfacet
  facet normal 0 1 -0
    outer loop
      vertex 82.8267 -69 33.5823
      vertex 52.5 -69 46
      vertex 82.8857 -69 33.7695
    endloop
  endfacet
  facet normal 0 1 -0
    outer loop
      vertex 82.7842 -69 33.3907
      vertex 52.5 -69 46
      vertex 82.8267 -69 33.5823
    endloop
  endfacet
  facet normal 0 1 -0
    outer loop
      vertex 82.7586 -69 33.1961
      vertex 52.5 -69 46
      vertex 82.7842 -69 33.3907
    endloop
  endfacet
  facet normal 0 1 -0
    outer loop
      vertex 82.75 -69 33
      vertex 52.5 -69 46
      vertex 82.7586 -69 33.1961
    endloop
  endfacet
  facet normal 0 1 0
    outer loop
      vertex 82.7586 -69 32.8039
      vertex 52.5 -69 46
      vertex 82.75 -69 33
    endloop
  endfacet
  facet normal 0 1 0
    outer loop
      vertex 82.7842 -69 32.6093
      vertex 52.5 -69 46
      vertex 82.7586 -69 32.8039
    endloop
  endfacet
  facet normal 0 1 0
    outer loop
      vertex 82.8267 -69 32.4177
      vertex 52.5 -69 46
      vertex 82.7842 -69 32.6093
    endloop
  endfacet
  facet normal 0 1 0
    outer loop
      vertex 52.5 -69 10
      vertex 82.8267 -69 32.4177
      vertex 82.8857 -69 32.2305
    endloop
  endfacet
  facet normal 0 1 0
    outer loop
      vertex 52.5 -69 10
      vertex 82.8857 -69 32.2305
      vertex 82.9608 -69 32.0491
    endloop
  endfacet
  facet normal 0 1 0
    outer loop
      vertex 52.5 -69 10
      vertex 82.9608 -69 32.0491
      vertex 83.0514 -69 31.875
    endloop
  endfacet
  facet normal 0 1 0
    outer loop
      vertex 52.5 -69 10
      vertex 83.0514 -69 31.875
      vertex 83.1569 -69 31.7095
    endloop
  endfacet
  facet normal 0 1 0
    outer loop
      vertex 52.5 -69 10
      vertex 83.1569 -69 31.7095
      vertex 83.2764 -69 31.5537
    endloop
  endfacet
  facet normal 0 1 0
    outer loop
      vertex 52.5 -69 10
      vertex 83.2764 -69 31.5537
      vertex 83.409 -69 31.409
    endloop
  endfacet
  facet normal 0 1 0
    outer loop
      vertex 52.5 -69 10
      vertex 83.409 -69 31.409
      vertex 83.5537 -69 31.2764
    endloop
  endfacet
  facet normal 0 1 0
    outer loop
      vertex 52.5 -69 10
      vertex 83.5537 -69 31.2764
      vertex 83.7094 -69 31.1569
    endloop
  endfacet
  facet normal 0 1 0
    outer loop
      vertex 52.5 -69 10
      vertex 83.7094 -69 31.1569
      vertex 83.875 -69 31.0514
    endloop
  endfacet
  facet normal 0 1 0
    outer loop
      vertex 52.5 -69 10
      vertex 83.875 -69 31.0514
      vertex 84.0491 -69 30.9608
    endloop
  endfacet
  facet normal 0 1 0
    outer loop
      vertex 97 -69 10
      vertex 84.8039 -69 30.7586
      vertex 85 -69 30.75
    endloop
  endfacet
  facet normal 0 1 0
    outer loop
      vertex 97 -69 10
      vertex 84.6093 -69 30.7842
      vertex 84.8039 -69 30.7586
    endloop
  endfacet
  facet normal 0 1 0
    outer loop
      vertex 97 -69 10
      vertex 84.4177 -69 30.8267
      vertex 84.6093 -69 30.7842
    endloop
  endfacet
  facet normal 0 1 0
    outer loop
      vertex 97 -69 10
      vertex 84.2305 -69 30.8857
      vertex 84.4177 -69 30.8267
    endloop
  endfacet
  facet normal 0 1 0
    outer loop
      vertex 97 -69 10
      vertex 84.0491 -69 30.9608
      vertex 84.2305 -69 30.8857
    endloop
  endfacet
  facet normal 0 1 0
    outer loop
      vertex 52.5 -69 10
      vertex 84.0491 -69 30.9608
      vertex 97 -69 10
    endloop
  endfacet
  facet normal 0 1 0
    outer loop
      vertex 82.8267 -69 32.4177
      vertex 52.5 -69 10
      vertex 52.5 -69 46
    endloop
  endfacet
  facet normal 0 1 -0
    outer loop
      vertex 24.8039 -69 35.2414
      vertex 2.5 -69 46
      vertex 25 -69 35.25
    endloop
  endfacet
  facet normal 0 1 -0
    outer loop
      vertex 24.6093 -69 35.2158
      vertex 2.5 -69 46
      vertex 24.8039 -69 35.2414
    endloop
  endfacet
  facet normal 0 1 -0
    outer loop
      vertex 24.4177 -69 35.1733
      vertex 2.5 -69 46
      vertex 24.6093 -69 35.2158
    endloop
  endfacet
  facet normal 0 1 -0
    outer loop
      vertex 24.2305 -69 35.1143
      vertex 2.5 -69 46
      vertex 24.4177 -69 35.1733
    endloop
  endfacet
  facet normal 0 1 -0
    outer loop
      vertex 24.0491 -69 35.0392
      vertex 2.5 -69 46
      vertex 24.2305 -69 35.1143
    endloop
  endfacet
  facet normal 0 1 -0
    outer loop
      vertex 23.875 -69 34.9486
      vertex 2.5 -69 46
      vertex 24.0491 -69 35.0392
    endloop
  endfacet
  facet normal 0 1 -0
    outer loop
      vertex 23.7095 -69 34.8431
      vertex 2.5 -69 46
      vertex 23.875 -69 34.9486
    endloop
  endfacet
  facet normal 0 1 -0
    outer loop
      vertex 23.5537 -69 34.7236
      vertex 2.5 -69 46
      vertex 23.7095 -69 34.8431
    endloop
  endfacet
  facet normal 0 1 -0
    outer loop
      vertex 23.409 -69 34.591
      vertex 2.5 -69 46
      vertex 23.5537 -69 34.7236
    endloop
  endfacet
  facet normal 0 1 -0
    outer loop
      vertex 23.2764 -69 34.4463
      vertex 2.5 -69 46
      vertex 23.409 -69 34.591
    endloop
  endfacet
  facet normal 0 1 -0
    outer loop
      vertex 23.1569 -69 34.2905
      vertex 2.5 -69 46
      vertex 23.2764 -69 34.4463
    endloop
  endfacet
  facet normal 0 1 -0
    outer loop
      vertex 23.0514 -69 34.125
      vertex 2.5 -69 46
      vertex 23.1569 -69 34.2905
    endloop
  endfacet
  facet normal 0 1 -0
    outer loop
      vertex 22.9608 -69 33.9509
      vertex 2.5 -69 46
      vertex 23.0514 -69 34.125
    endloop
  endfacet
  facet normal 0 1 -0
    outer loop
      vertex 22.8857 -69 33.7695
      vertex 2.5 -69 46
      vertex 22.9608 -69 33.9509
    endloop
  endfacet
  facet normal 0 1 -0
    outer loop
      vertex 22.8267 -69 33.5823
      vertex 2.5 -69 46
      vertex 22.8857 -69 33.7695
    endloop
  endfacet
  facet normal 0 1 -0
    outer loop
      vertex 22.7842 -69 33.3907
      vertex 2.5 -69 46
      vertex 22.8267 -69 33.5823
    endloop
  endfacet
  facet normal 0 1 -0
    outer loop
      vertex 22.7586 -69 33.1961
      vertex 2.5 -69 46
      vertex 22.7842 -69 33.3907
    endloop
  endfacet
  facet normal 0 1 -0
    outer loop
      vertex 22.75 -69 33
      vertex 2.5 -69 46
      vertex 22.7586 -69 33.1961
    endloop
  endfacet
  facet normal 0 1 0
    outer loop
      vertex 22.7586 -69 32.8039
      vertex 2.5 -69 46
      vertex 22.75 -69 33
    endloop
  endfacet
  facet normal 0 1 0
    outer loop
      vertex 22.7842 -69 32.6093
      vertex 2.5 -69 46
      vertex 22.7586 -69 32.8039
    endloop
  endfacet
  facet normal 0 1 0
    outer loop
      vertex 22.8267 -69 32.4177
      vertex 2.5 -69 46
      vertex 22.7842 -69 32.6093
    endloop
  endfacet
  facet normal 0 1 0
    outer loop
      vertex 2.5 -69 10
      vertex 22.8267 -69 32.4177
      vertex 22.8857 -69 32.2305
    endloop
  endfacet
  facet normal 0 1 0
    outer loop
      vertex 2.5 -69 10
      vertex 22.8857 -69 32.2305
      vertex 22.9608 -69 32.0491
    endloop
  endfacet
  facet normal 0 1 0
    outer loop
      vertex 2.5 -69 10
      vertex 22.9608 -69 32.0491
      vertex 23.0514 -69 31.875
    endloop
  endfacet
  facet normal 0 1 0
    outer loop
      vertex 2.5 -69 10
      vertex 23.0514 -69 31.875
      vertex 23.1569 -69 31.7095
    endloop
  endfacet
  facet normal 0 1 0
    outer loop
      vertex 2.5 -69 10
      vertex 23.1569 -69 31.7095
      vertex 23.2764 -69 31.5537
    endloop
  endfacet
  facet normal 0 1 0
    outer loop
      vertex 2.5 -69 10
      vertex 23.2764 -69 31.5537
      vertex 23.409 -69 31.409
    endloop
  endfacet
  facet normal 0 1 0
    outer loop
      vertex 2.5 -69 10
      vertex 23.409 -69 31.409
      vertex 23.5537 -69 31.2764
    endloop
  endfacet
  facet normal 0 1 0
    outer loop
      vertex 2.5 -69 10
      vertex 23.5537 -69 31.2764
      vertex 23.7095 -69 31.1569
    endloop
  endfacet
  facet normal 0 1 0
    outer loop
      vertex 2.5 -69 10
      vertex 25 -69 30.75
      vertex 47.5 -69 10
    endloop
  endfacet
  facet normal 0 1 0
    outer loop
      vertex 25 -69 30.75
      vertex 2.5 -69 10
      vertex 24.8039 -69 30.7586
    endloop
  endfacet
  facet normal 0 1 0
    outer loop
      vertex 24.8039 -69 30.7586
      vertex 2.5 -69 10
      vertex 24.6093 -69 30.7842
    endloop
  endfacet
  facet normal 0 1 0
    outer loop
      vertex 24.6093 -69 30.7842
      vertex 2.5 -69 10
      vertex 24.4177 -69 30.8267
    endloop
  endfacet
  facet normal 0 1 0
    outer loop
      vertex 24.4177 -69 30.8267
      vertex 2.5 -69 10
      vertex 24.2305 -69 30.8857
    endloop
  endfacet
  facet normal 0 1 0
    outer loop
      vertex 24.2305 -69 30.8857
      vertex 2.5 -69 10
      vertex 24.0491 -69 30.9608
    endloop
  endfacet
  facet normal 0 1 0
    outer loop
      vertex 24.0491 -69 30.9608
      vertex 2.5 -69 10
      vertex 23.875 -69 31.0514
    endloop
  endfacet
  facet normal 0 1 0
    outer loop
      vertex 23.875 -69 31.0514
      vertex 2.5 -69 10
      vertex 23.7095 -69 31.1569
    endloop
  endfacet
  facet normal 0 1 0
    outer loop
      vertex 22.8267 -69 32.4177
      vertex 2.5 -69 10
      vertex 2.5 -69 46
    endloop
  endfacet
  facet normal 0 1 -0
    outer loop
      vertex -25.1961 -69 35.2414
      vertex -47.5 -69 46
      vertex -25 -69 35.25
    endloop
  endfacet
  facet normal 0 1 -0
    outer loop
      vertex -25.3907 -69 35.2158
      vertex -47.5 -69 46
      vertex -25.1961 -69 35.2414
    endloop
  endfacet
  facet normal 0 1 -0
    outer loop
      vertex -25.5823 -69 35.1733
      vertex -47.5 -69 46
      vertex -25.3907 -69 35.2158
    endloop
  endfacet
  facet normal 0 1 -0
    outer loop
      vertex -25.7695 -69 35.1143
      vertex -47.5 -69 46
      vertex -25.5823 -69 35.1733
    endloop
  endfacet
  facet normal 0 1 -0
    outer loop
      vertex -25.9509 -69 35.0392
      vertex -47.5 -69 46
      vertex -25.7695 -69 35.1143
    endloop
  endfacet
  facet normal 0 1 -0
    outer loop
      vertex -26.125 -69 34.9486
      vertex -47.5 -69 46
      vertex -25.9509 -69 35.0392
    endloop
  endfacet
  facet normal 0 1 -0
    outer loop
      vertex -26.2905 -69 34.8431
      vertex -47.5 -69 46
      vertex -26.125 -69 34.9486
    endloop
  endfacet
  facet normal 0 1 -0
    outer loop
      vertex -26.4463 -69 34.7236
      vertex -47.5 -69 46
      vertex -26.2905 -69 34.8431
    endloop
  endfacet
  facet normal 0 1 -0
    outer loop
      vertex -26.591 -69 34.591
      vertex -47.5 -69 46
      vertex -26.4463 -69 34.7236
    endloop
  endfacet
  facet normal 0 1 -0
    outer loop
      vertex -26.7236 -69 34.4463
      vertex -47.5 -69 46
      vertex -26.591 -69 34.591
    endloop
  endfacet
  facet normal 0 1 -0
    outer loop
      vertex -26.8431 -69 34.2905
      vertex -47.5 -69 46
      vertex -26.7236 -69 34.4463
    endloop
  endfacet
  facet normal 0 1 -0
    outer loop
      vertex -26.9486 -69 34.125
      vertex -47.5 -69 46
      vertex -26.8431 -69 34.2905
    endloop
  endfacet
  facet normal 0 1 -0
    outer loop
      vertex -27.0392 -69 33.9509
      vertex -47.5 -69 46
      vertex -26.9486 -69 34.125
    endloop
  endfacet
  facet normal 0 1 -0
    outer loop
      vertex -27.1143 -69 33.7695
      vertex -47.5 -69 46
      vertex -27.0392 -69 33.9509
    endloop
  endfacet
  facet normal 0 1 -0
    outer loop
      vertex -27.1733 -69 33.5823
      vertex -47.5 -69 46
      vertex -27.1143 -69 33.7695
    endloop
  endfacet
  facet normal 0 1 -0
    outer loop
      vertex -27.2158 -69 33.3907
      vertex -47.5 -69 46
      vertex -27.1733 -69 33.5823
    endloop
  endfacet
  facet normal 0 1 -0
    outer loop
      vertex -27.2414 -69 33.1961
      vertex -47.5 -69 46
      vertex -27.2158 -69 33.3907
    endloop
  endfacet
  facet normal 0 1 -0
    outer loop
      vertex -27.25 -69 33
      vertex -47.5 -69 46
      vertex -27.2414 -69 33.1961
    endloop
  endfacet
  facet normal 0 1 0
    outer loop
      vertex -27.2414 -69 32.8039
      vertex -47.5 -69 46
      vertex -27.25 -69 33
    endloop
  endfacet
  facet normal 0 1 0
    outer loop
      vertex -27.2158 -69 32.6093
      vertex -47.5 -69 46
      vertex -27.2414 -69 32.8039
    endloop
  endfacet
  facet normal 0 1 0
    outer loop
      vertex -27.1733 -69 32.4177
      vertex -47.5 -69 46
      vertex -27.2158 -69 32.6093
    endloop
  endfacet
  facet normal 0 1 0
    outer loop
      vertex -47.5 -69 10
      vertex -27.1733 -69 32.4177
      vertex -27.1143 -69 32.2305
    endloop
  endfacet
  facet normal 0 1 0
    outer loop
      vertex -47.5 -69 10
      vertex -27.1143 -69 32.2305
      vertex -27.0392 -69 32.0491
    endloop
  endfacet
  facet normal 0 1 0
    outer loop
      vertex -47.5 -69 10
      vertex -27.0392 -69 32.0491
      vertex -26.9486 -69 31.875
    endloop
  endfacet
  facet normal 0 1 0
    outer loop
      vertex -47.5 -69 10
      vertex -26.9486 -69 31.875
      vertex -26.8431 -69 31.7095
    endloop
  endfacet
  facet normal 0 1 0
    outer loop
      vertex -47.5 -69 10
      vertex -26.8431 -69 31.7095
      vertex -26.7236 -69 31.5537
    endloop
  endfacet
  facet normal 0 1 0
    outer loop
      vertex -47.5 -69 10
      vertex -26.7236 -69 31.5537
      vertex -26.591 -69 31.409
    endloop
  endfacet
  facet normal 0 1 0
    outer loop
      vertex -47.5 -69 10
      vertex -26.591 -69 31.409
      vertex -26.4463 -69 31.2764
    endloop
  endfacet
  facet normal 0 1 0
    outer loop
      vertex -47.5 -69 10
      vertex -26.4463 -69 31.2764
      vertex -26.2905 -69 31.1569
    endloop
  endfacet
  facet normal 0 1 0
    outer loop
      vertex -47.5 -69 10
      vertex -25 -69 30.75
      vertex -2.5 -69 10
    endloop
  endfacet
  facet normal 0 1 0
    outer loop
      vertex -25 -69 30.75
      vertex -47.5 -69 10
      vertex -25.1961 -69 30.7586
    endloop
  endfacet
  facet normal 0 1 0
    outer loop
      vertex -25.1961 -69 30.7586
      vertex -47.5 -69 10
      vertex -25.3907 -69 30.7842
    endloop
  endfacet
  facet normal 0 1 0
    outer loop
      vertex -25.3907 -69 30.7842
      vertex -47.5 -69 10
      vertex -25.5823 -69 30.8267
    endloop
  endfacet
  facet normal 0 1 0
    outer loop
      vertex -25.5823 -69 30.8267
      vertex -47.5 -69 10
      vertex -25.7695 -69 30.8857
    endloop
  endfacet
  facet normal 0 1 0
    outer loop
      vertex -25.7695 -69 30.8857
      vertex -47.5 -69 10
      vertex -25.9509 -69 30.9608
    endloop
  endfacet
  facet normal 0 1 0
    outer loop
      vertex -25.9509 -69 30.9608
      vertex -47.5 -69 10
      vertex -26.125 -69 31.0514
    endloop
  endfacet
  facet normal 0 1 0
    outer loop
      vertex -26.125 -69 31.0514
      vertex -47.5 -69 10
      vertex -26.2905 -69 31.1569
    endloop
  endfacet
  facet normal 0 1 0
    outer loop
      vertex -27.1733 -69 32.4177
      vertex -47.5 -69 10
      vertex -47.5 -69 46
    endloop
  endfacet
  facet normal -1 0 0
    outer loop
      vertex -2.5 -39 10
      vertex -2.5 -69 10
      vertex -2.5 -69 46
    endloop
  endfacet
  facet normal 1 0 0
    outer loop
      vertex 2.5 -69 46
      vertex 2.5 -69 10
      vertex 2.5 -39 10
    endloop
  endfacet
  facet normal 0 0.768221 0.640184
    outer loop
      vertex 2.5 -39 10
      vertex -2.5 -69 46
      vertex 2.5 -69 46
    endloop
  endfacet
  facet normal 0 0.768221 0.640184
    outer loop
      vertex -2.5 -69 46
      vertex 2.5 -39 10
      vertex -2.5 -39 10
    endloop
  endfacet
  facet normal -1 0 0
    outer loop
      vertex 47.5 -39 10
      vertex 47.5 -69 10
      vertex 47.5 -69 46
    endloop
  endfacet
  facet normal 1 0 0
    outer loop
      vertex 52.5 -69 46
      vertex 52.5 -69 10
      vertex 52.5 -39 10
    endloop
  endfacet
  facet normal 0 0.768221 0.640184
    outer loop
      vertex 52.5 -39 10
      vertex 47.5 -69 46
      vertex 52.5 -69 46
    endloop
  endfacet
  facet normal 0 0.768221 0.640184
    outer loop
      vertex 47.5 -69 46
      vertex 52.5 -39 10
      vertex 47.5 -39 10
    endloop
  endfacet
  facet normal 0.21649 -0.976285 0
    outer loop
      vertex 98.3892 -74.8785 0
      vertex 99.0706 -74.7274 10
      vertex 98.3892 -74.8785 10
    endloop
  endfacet
  facet normal 0.21649 -0.976285 0
    outer loop
      vertex 99.0706 -74.7274 10
      vertex 98.3892 -74.8785 0
      vertex 99.0706 -74.7274 0
    endloop
  endfacet
  facet normal 0 -1 0
    outer loop
      vertex 25.3907 -75 35.2158
      vertex 97 -75 50
      vertex 25.1961 -75 35.2414
    endloop
  endfacet
  facet normal 0 -1 0
    outer loop
      vertex 97 -75 50
      vertex 84.8039 -75 35.2414
      vertex 85 -75 35.25
    endloop
  endfacet
  facet normal 0 -1 0
    outer loop
      vertex 25.5823 -75 35.1733
      vertex 97 -75 50
      vertex 25.3907 -75 35.2158
    endloop
  endfacet
  facet normal 0 -1 0
    outer loop
      vertex 97 -75 50
      vertex 84.6093 -75 35.2158
      vertex 84.8039 -75 35.2414
    endloop
  endfacet
  facet normal 0 -1 0
    outer loop
      vertex 25.7695 -75 35.1143
      vertex 97 -75 50
      vertex 25.5823 -75 35.1733
    endloop
  endfacet
  facet normal 0 -1 0
    outer loop
      vertex 97 -75 50
      vertex 84.4177 -75 35.1733
      vertex 84.6093 -75 35.2158
    endloop
  endfacet
  facet normal 0 -1 0
    outer loop
      vertex 25.9509 -75 35.0392
      vertex 97 -75 50
      vertex 25.7695 -75 35.1143
    endloop
  endfacet
  facet normal 0 -1 0
    outer loop
      vertex 97 -75 50
      vertex 84.2305 -75 35.1143
      vertex 84.4177 -75 35.1733
    endloop
  endfacet
  facet normal 0 -1 0
    outer loop
      vertex 26.125 -75 34.9486
      vertex 97 -75 50
      vertex 25.9509 -75 35.0392
    endloop
  endfacet
  facet normal 0 -1 0
    outer loop
      vertex 97 -75 50
      vertex 84.0491 -75 35.0392
      vertex 84.2305 -75 35.1143
    endloop
  endfacet
  facet normal 0 -1 0
    outer loop
      vertex 26.2905 -75 34.8431
      vertex 97 -75 50
      vertex 26.125 -75 34.9486
    endloop
  endfacet
  facet normal 0 -1 0
    outer loop
      vertex 97 -75 50
      vertex 83.875 -75 34.9486
      vertex 84.0491 -75 35.0392
    endloop
  endfacet
  facet normal 0 -1 0
    outer loop
      vertex 83.7094 -75 34.8431
      vertex 97 -75 50
      vertex 26.2905 -75 34.8431
    endloop
  endfacet
  facet normal 0 -1 0
    outer loop
      vertex 97 -75 50
      vertex 83.7094 -75 34.8431
      vertex 83.875 -75 34.9486
    endloop
  endfacet
  facet normal 0 -1 0
    outer loop
      vertex 26.4463 -75 34.7236
      vertex 83.7094 -75 34.8431
      vertex 26.2905 -75 34.8431
    endloop
  endfacet
  facet normal 0 -1 0
    outer loop
      vertex 26.4463 -75 34.7236
      vertex 83.5537 -75 34.7236
      vertex 83.7094 -75 34.8431
    endloop
  endfacet
  facet normal 0 -1 0
    outer loop
      vertex 26.591 -75 34.591
      vertex 83.5537 -75 34.7236
      vertex 26.4463 -75 34.7236
    endloop
  endfacet
  facet normal 0 -1 0
    outer loop
      vertex 26.591 -75 34.591
      vertex 83.409 -75 34.591
      vertex 83.5537 -75 34.7236
    endloop
  endfacet
  facet normal 0 -1 0
    outer loop
      vertex 26.7236 -75 34.4463
      vertex 83.409 -75 34.591
      vertex 26.591 -75 34.591
    endloop
  endfacet
  facet normal 0 -1 0
    outer loop
      vertex 26.7236 -75 34.4463
      vertex 83.2764 -75 34.4463
      vertex 83.409 -75 34.591
    endloop
  endfacet
  facet normal 0 -1 0
    outer loop
      vertex 26.8431 -75 34.2905
      vertex 83.2764 -75 34.4463
      vertex 26.7236 -75 34.4463
    endloop
  endfacet
  facet normal 0 -1 0
    outer loop
      vertex 26.8431 -75 34.2905
      vertex 83.1569 -75 34.2905
      vertex 83.2764 -75 34.4463
    endloop
  endfacet
  facet normal 0 -1 0
    outer loop
      vertex 26.9486 -75 34.125
      vertex 83.1569 -75 34.2905
      vertex 26.8431 -75 34.2905
    endloop
  endfacet
  facet normal 0 -1 0
    outer loop
      vertex 26.9486 -75 34.125
      vertex 83.0514 -75 34.125
      vertex 83.1569 -75 34.2905
    endloop
  endfacet
  facet normal 0 -1 0
    outer loop
      vertex 27.0392 -75 33.9509
      vertex 83.0514 -75 34.125
      vertex 26.9486 -75 34.125
    endloop
  endfacet
  facet normal 0 -1 0
    outer loop
      vertex 27.0392 -75 33.9509
      vertex 82.9608 -75 33.9509
      vertex 83.0514 -75 34.125
    endloop
  endfacet
  facet normal 0 -1 0
    outer loop
      vertex 27.1143 -75 33.7695
      vertex 82.9608 -75 33.9509
      vertex 27.0392 -75 33.9509
    endloop
  endfacet
  facet normal 0 -1 0
    outer loop
      vertex 27.1143 -75 33.7695
      vertex 82.8857 -75 33.7695
      vertex 82.9608 -75 33.9509
    endloop
  endfacet
  facet normal 0 -1 0
    outer loop
      vertex 27.1733 -75 33.5823
      vertex 82.8857 -75 33.7695
      vertex 27.1143 -75 33.7695
    endloop
  endfacet
  facet normal 0 -1 0
    outer loop
      vertex 27.1733 -75 33.5823
      vertex 82.8267 -75 33.5823
      vertex 82.8857 -75 33.7695
    endloop
  endfacet
  facet normal 0 -1 0
    outer loop
      vertex 27.2158 -75 33.3907
      vertex 82.8267 -75 33.5823
      vertex 27.1733 -75 33.5823
    endloop
  endfacet
  facet normal 0 -1 0
    outer loop
      vertex 27.2158 -75 33.3907
      vertex 82.7842 -75 33.3907
      vertex 82.8267 -75 33.5823
    endloop
  endfacet
  facet normal 0 -1 0
    outer loop
      vertex 27.2414 -75 33.1961
      vertex 82.7842 -75 33.3907
      vertex 27.2158 -75 33.3907
    endloop
  endfacet
  facet normal 0 -1 0
    outer loop
      vertex 27.2414 -75 33.1961
      vertex 82.7586 -75 33.1961
      vertex 82.7842 -75 33.3907
    endloop
  endfacet
  facet normal 0 -1 0
    outer loop
      vertex 27.25 -75 33
      vertex 82.7586 -75 33.1961
      vertex 27.2414 -75 33.1961
    endloop
  endfacet
  facet normal 0 -1 0
    outer loop
      vertex 27.25 -75 33
      vertex 82.75 -75 33
      vertex 82.7586 -75 33.1961
    endloop
  endfacet
  facet normal 0 -1 0
    outer loop
      vertex 27.2414 -75 32.8039
      vertex 82.75 -75 33
      vertex 27.25 -75 33
    endloop
  endfacet
  facet normal 0 -1 0
    outer loop
      vertex 27.2414 -75 32.8039
      vertex 82.7586 -75 32.8039
      vertex 82.75 -75 33
    endloop
  endfacet
  facet normal 0 -1 0
    outer loop
      vertex 27.2158 -75 32.6093
      vertex 82.7586 -75 32.8039
      vertex 27.2414 -75 32.8039
    endloop
  endfacet
  facet normal 0 -1 0
    outer loop
      vertex 27.2158 -75 32.6093
      vertex 82.7842 -75 32.6093
      vertex 82.7586 -75 32.8039
    endloop
  endfacet
  facet normal 0 -1 0
    outer loop
      vertex 27.1733 -75 32.4177
      vertex 82.7842 -75 32.6093
      vertex 27.2158 -75 32.6093
    endloop
  endfacet
  facet normal 0 -1 0
    outer loop
      vertex 27.1733 -75 32.4177
      vertex 82.8267 -75 32.4177
      vertex 82.7842 -75 32.6093
    endloop
  endfacet
  facet normal 0 -1 0
    outer loop
      vertex 27.1143 -75 32.2305
      vertex 82.8267 -75 32.4177
      vertex 27.1733 -75 32.4177
    endloop
  endfacet
  facet normal 0 -1 0
    outer loop
      vertex 27.1143 -75 32.2305
      vertex 82.8857 -75 32.2305
      vertex 82.8267 -75 32.4177
    endloop
  endfacet
  facet normal 0 -1 0
    outer loop
      vertex 27.0392 -75 32.0491
      vertex 82.8857 -75 32.2305
      vertex 27.1143 -75 32.2305
    endloop
  endfacet
  facet normal 0 -1 0
    outer loop
      vertex 27.0392 -75 32.0491
      vertex 82.9608 -75 32.0491
      vertex 82.8857 -75 32.2305
    endloop
  endfacet
  facet normal 0 -1 0
    outer loop
      vertex 26.9486 -75 31.875
      vertex 82.9608 -75 32.0491
      vertex 27.0392 -75 32.0491
    endloop
  endfacet
  facet normal 0 -1 0
    outer loop
      vertex 26.9486 -75 31.875
      vertex 83.0514 -75 31.875
      vertex 82.9608 -75 32.0491
    endloop
  endfacet
  facet normal 0 -1 0
    outer loop
      vertex 26.8431 -75 31.7095
      vertex 83.0514 -75 31.875
      vertex 26.9486 -75 31.875
    endloop
  endfacet
  facet normal 0 -1 0
    outer loop
      vertex 26.8431 -75 31.7095
      vertex 83.1569 -75 31.7095
      vertex 83.0514 -75 31.875
    endloop
  endfacet
  facet normal 0 -1 0
    outer loop
      vertex 26.7236 -75 31.5537
      vertex 83.1569 -75 31.7095
      vertex 26.8431 -75 31.7095
    endloop
  endfacet
  facet normal 0 -1 0
    outer loop
      vertex 26.7236 -75 31.5537
      vertex 83.2764 -75 31.5537
      vertex 83.1569 -75 31.7095
    endloop
  endfacet
  facet normal 0 -1 0
    outer loop
      vertex 26.591 -75 31.409
      vertex 83.2764 -75 31.5537
      vertex 26.7236 -75 31.5537
    endloop
  endfacet
  facet normal 0 -1 0
    outer loop
      vertex 26.591 -75 31.409
      vertex 83.409 -75 31.409
      vertex 83.2764 -75 31.5537
    endloop
  endfacet
  facet normal 0 -1 0
    outer loop
      vertex 26.4463 -75 31.2764
      vertex 83.409 -75 31.409
      vertex 26.591 -75 31.409
    endloop
  endfacet
  facet normal 0 -1 0
    outer loop
      vertex 26.4463 -75 31.2764
      vertex 83.5537 -75 31.2764
      vertex 83.409 -75 31.409
    endloop
  endfacet
  facet normal 0 -1 0
    outer loop
      vertex 97 -75 0
      vertex 26.4463 -75 31.2764
      vertex 26.2905 -75 31.1569
    endloop
  endfacet
  facet normal 0 -1 0
    outer loop
      vertex 26.4463 -75 31.2764
      vertex 97 -75 0
      vertex 83.5537 -75 31.2764
    endloop
  endfacet
  facet normal 0 -1 0
    outer loop
      vertex 97 -75 0
      vertex 26.2905 -75 31.1569
      vertex 26.125 -75 31.0514
    endloop
  endfacet
  facet normal 0 -1 0
    outer loop
      vertex 83.5537 -75 31.2764
      vertex 97 -75 0
      vertex 83.7094 -75 31.1569
    endloop
  endfacet
  facet normal 0 -1 0
    outer loop
      vertex 97 -75 0
      vertex 26.125 -75 31.0514
      vertex 25.9509 -75 30.9608
    endloop
  endfacet
  facet normal -0 -1 -0
    outer loop
      vertex 97 -75 10
      vertex 83.7094 -75 31.1569
      vertex 97 -75 0
    endloop
  endfacet
  facet normal 0 -1 0
    outer loop
      vertex 97 -75 0
      vertex 25.9509 -75 30.9608
      vertex 25.7695 -75 30.8857
    endloop
  endfacet
  facet normal 0 -1 0
    outer loop
      vertex 83.7094 -75 31.1569
      vertex 97 -75 10
      vertex 83.875 -75 31.0514
    endloop
  endfacet
  facet normal 0 -1 0
    outer loop
      vertex 97 -75 0
      vertex 25.7695 -75 30.8857
      vertex 25.5823 -75 30.8267
    endloop
  endfacet
  facet normal 0 -1 0
    outer loop
      vertex 83.875 -75 31.0514
      vertex 97 -75 10
      vertex 84.0491 -75 30.9608
    endloop
  endfacet
  facet normal 0 -1 0
    outer loop
      vertex 97 -75 0
      vertex 25.5823 -75 30.8267
      vertex 25.3907 -75 30.7842
    endloop
  endfacet
  facet normal 0 -1 0
    outer loop
      vertex 84.0491 -75 30.9608
      vertex 97 -75 10
      vertex 84.2305 -75 30.8857
    endloop
  endfacet
  facet normal 0 -1 0
    outer loop
      vertex 97 -75 0
      vertex 25.3907 -75 30.7842
      vertex 25.1961 -75 30.7586
    endloop
  endfacet
  facet normal 0 -1 0
    outer loop
      vertex 84.2305 -75 30.8857
      vertex 97 -75 10
      vertex 84.4177 -75 30.8267
    endloop
  endfacet
  facet normal 0 -1 0
    outer loop
      vertex 97 -75 0
      vertex 25.1961 -75 30.7586
      vertex 25 -75 30.75
    endloop
  endfacet
  facet normal 0 -1 0
    outer loop
      vertex 84.4177 -75 30.8267
      vertex 97 -75 10
      vertex 84.6093 -75 30.7842
    endloop
  endfacet
  facet normal 0 -1 0
    outer loop
      vertex 24.8039 -75 35.2414
      vertex 97 -75 50
      vertex -24.8039 -75 35.2414
    endloop
  endfacet
  facet normal 0 -1 0
    outer loop
      vertex 97 -75 50
      vertex 24.8039 -75 35.2414
      vertex 25 -75 35.25
    endloop
  endfacet
  facet normal 0 -1 0
    outer loop
      vertex -24.6093 -75 35.2158
      vertex 24.8039 -75 35.2414
      vertex -24.8039 -75 35.2414
    endloop
  endfacet
  facet normal 0 -1 0
    outer loop
      vertex -24.6093 -75 35.2158
      vertex 24.6093 -75 35.2158
      vertex 24.8039 -75 35.2414
    endloop
  endfacet
  facet normal 0 -1 0
    outer loop
      vertex -24.4177 -75 35.1733
      vertex 24.6093 -75 35.2158
      vertex -24.6093 -75 35.2158
    endloop
  endfacet
  facet normal 0 -1 0
    outer loop
      vertex -24.4177 -75 35.1733
      vertex 24.4177 -75 35.1733
      vertex 24.6093 -75 35.2158
    endloop
  endfacet
  facet normal 0 -1 0
    outer loop
      vertex -24.2305 -75 35.1143
      vertex 24.4177 -75 35.1733
      vertex -24.4177 -75 35.1733
    endloop
  endfacet
  facet normal 0 -1 0
    outer loop
      vertex -24.2305 -75 35.1143
      vertex 24.2305 -75 35.1143
      vertex 24.4177 -75 35.1733
    endloop
  endfacet
  facet normal 0 -1 0
    outer loop
      vertex -24.0491 -75 35.0392
      vertex 24.2305 -75 35.1143
      vertex -24.2305 -75 35.1143
    endloop
  endfacet
  facet normal 0 -1 0
    outer loop
      vertex -24.0491 -75 35.0392
      vertex 24.0491 -75 35.0392
      vertex 24.2305 -75 35.1143
    endloop
  endfacet
  facet normal 0 -1 0
    outer loop
      vertex -23.875 -75 34.9486
      vertex 24.0491 -75 35.0392
      vertex -24.0491 -75 35.0392
    endloop
  endfacet
  facet normal 0 -1 0
    outer loop
      vertex -23.875 -75 34.9486
      vertex 23.875 -75 34.9486
      vertex 24.0491 -75 35.0392
    endloop
  endfacet
  facet normal 0 -1 0
    outer loop
      vertex -23.7095 -75 34.8431
      vertex 23.875 -75 34.9486
      vertex -23.875 -75 34.9486
    endloop
  endfacet
  facet normal 0 -1 0
    outer loop
      vertex -23.7095 -75 34.8431
      vertex 23.7095 -75 34.8431
      vertex 23.875 -75 34.9486
    endloop
  endfacet
  facet normal 0 -1 0
    outer loop
      vertex -23.5537 -75 34.7236
      vertex 23.7095 -75 34.8431
      vertex -23.7095 -75 34.8431
    endloop
  endfacet
  facet normal 0 -1 0
    outer loop
      vertex -23.5537 -75 34.7236
      vertex 23.5537 -75 34.7236
      vertex 23.7095 -75 34.8431
    endloop
  endfacet
  facet normal 0 -1 0
    outer loop
      vertex -23.409 -75 34.591
      vertex 23.5537 -75 34.7236
      vertex -23.5537 -75 34.7236
    endloop
  endfacet
  facet normal 0 -1 0
    outer loop
      vertex -23.409 -75 34.591
      vertex 23.409 -75 34.591
      vertex 23.5537 -75 34.7236
    endloop
  endfacet
  facet normal 0 -1 0
    outer loop
      vertex -23.2764 -75 34.4463
      vertex 23.409 -75 34.591
      vertex -23.409 -75 34.591
    endloop
  endfacet
  facet normal 0 -1 0
    outer loop
      vertex -23.2764 -75 34.4463
      vertex 23.2764 -75 34.4463
      vertex 23.409 -75 34.591
    endloop
  endfacet
  facet normal 0 -1 0
    outer loop
      vertex -23.1569 -75 34.2905
      vertex 23.2764 -75 34.4463
      vertex -23.2764 -75 34.4463
    endloop
  endfacet
  facet normal 0 -1 0
    outer loop
      vertex -23.1569 -75 34.2905
      vertex 23.1569 -75 34.2905
      vertex 23.2764 -75 34.4463
    endloop
  endfacet
  facet normal 0 -1 0
    outer loop
      vertex -23.0514 -75 34.125
      vertex 23.1569 -75 34.2905
      vertex -23.1569 -75 34.2905
    endloop
  endfacet
  facet normal 0 -1 0
    outer loop
      vertex -23.0514 -75 34.125
      vertex 23.0514 -75 34.125
      vertex 23.1569 -75 34.2905
    endloop
  endfacet
  facet normal 0 -1 0
    outer loop
      vertex -22.9608 -75 33.9509
      vertex 23.0514 -75 34.125
      vertex -23.0514 -75 34.125
    endloop
  endfacet
  facet normal 0 -1 0
    outer loop
      vertex -22.9608 -75 33.9509
      vertex 22.9608 -75 33.9509
      vertex 23.0514 -75 34.125
    endloop
  endfacet
  facet normal 0 -1 0
    outer loop
      vertex -22.8857 -75 33.7695
      vertex 22.9608 -75 33.9509
      vertex -22.9608 -75 33.9509
    endloop
  endfacet
  facet normal 0 -1 0
    outer loop
      vertex -22.8857 -75 33.7695
      vertex 22.8857 -75 33.7695
      vertex 22.9608 -75 33.9509
    endloop
  endfacet
  facet normal 0 -1 0
    outer loop
      vertex -22.8267 -75 33.5823
      vertex 22.8857 -75 33.7695
      vertex -22.8857 -75 33.7695
    endloop
  endfacet
  facet normal 0 -1 0
    outer loop
      vertex -22.8267 -75 33.5823
      vertex 22.8267 -75 33.5823
      vertex 22.8857 -75 33.7695
    endloop
  endfacet
  facet normal 0 -1 0
    outer loop
      vertex -22.7842 -75 33.3907
      vertex 22.8267 -75 33.5823
      vertex -22.8267 -75 33.5823
    endloop
  endfacet
  facet normal 0 -1 0
    outer loop
      vertex -22.7842 -75 33.3907
      vertex 22.7842 -75 33.3907
      vertex 22.8267 -75 33.5823
    endloop
  endfacet
  facet normal 0 -1 0
    outer loop
      vertex -22.7586 -75 33.1961
      vertex 22.7842 -75 33.3907
      vertex -22.7842 -75 33.3907
    endloop
  endfacet
  facet normal 0 -1 0
    outer loop
      vertex -22.7586 -75 33.1961
      vertex 22.7586 -75 33.1961
      vertex 22.7842 -75 33.3907
    endloop
  endfacet
  facet normal 0 -1 0
    outer loop
      vertex -22.75 -75 33
      vertex 22.7586 -75 33.1961
      vertex -22.7586 -75 33.1961
    endloop
  endfacet
  facet normal 0 -1 0
    outer loop
      vertex -22.75 -75 33
      vertex 22.75 -75 33
      vertex 22.7586 -75 33.1961
    endloop
  endfacet
  facet normal 0 -1 0
    outer loop
      vertex -22.7586 -75 32.8039
      vertex 22.75 -75 33
      vertex -22.75 -75 33
    endloop
  endfacet
  facet normal 0 -1 0
    outer loop
      vertex -22.7586 -75 32.8039
      vertex 22.7586 -75 32.8039
      vertex 22.75 -75 33
    endloop
  endfacet
  facet normal 0 -1 0
    outer loop
      vertex -22.7842 -75 32.6093
      vertex 22.7586 -75 32.8039
      vertex -22.7586 -75 32.8039
    endloop
  endfacet
  facet normal 0 -1 0
    outer loop
      vertex -22.7842 -75 32.6093
      vertex 22.7842 -75 32.6093
      vertex 22.7586 -75 32.8039
    endloop
  endfacet
  facet normal 0 -1 0
    outer loop
      vertex -22.8267 -75 32.4177
      vertex 22.7842 -75 32.6093
      vertex -22.7842 -75 32.6093
    endloop
  endfacet
  facet normal 0 -1 0
    outer loop
      vertex -22.8267 -75 32.4177
      vertex 22.8267 -75 32.4177
      vertex 22.7842 -75 32.6093
    endloop
  endfacet
  facet normal 0 -1 0
    outer loop
      vertex -22.8857 -75 32.2305
      vertex 22.8267 -75 32.4177
      vertex -22.8267 -75 32.4177
    endloop
  endfacet
  facet normal 0 -1 0
    outer loop
      vertex -22.8857 -75 32.2305
      vertex 22.8857 -75 32.2305
      vertex 22.8267 -75 32.4177
    endloop
  endfacet
  facet normal 0 -1 0
    outer loop
      vertex -22.9608 -75 32.0491
      vertex 22.8857 -75 32.2305
      vertex -22.8857 -75 32.2305
    endloop
  endfacet
  facet normal 0 -1 0
    outer loop
      vertex -22.9608 -75 32.0491
      vertex 22.9608 -75 32.0491
      vertex 22.8857 -75 32.2305
    endloop
  endfacet
  facet normal 0 -1 0
    outer loop
      vertex -23.0514 -75 31.875
      vertex 22.9608 -75 32.0491
      vertex -22.9608 -75 32.0491
    endloop
  endfacet
  facet normal 0 -1 0
    outer loop
      vertex -23.0514 -75 31.875
      vertex 23.0514 -75 31.875
      vertex 22.9608 -75 32.0491
    endloop
  endfacet
  facet normal 0 -1 0
    outer loop
      vertex -23.1569 -75 31.7095
      vertex 23.0514 -75 31.875
      vertex -23.0514 -75 31.875
    endloop
  endfacet
  facet normal 0 -1 0
    outer loop
      vertex -23.1569 -75 31.7095
      vertex 23.1569 -75 31.7095
      vertex 23.0514 -75 31.875
    endloop
  endfacet
  facet normal 0 -1 0
    outer loop
      vertex -23.2764 -75 31.5537
      vertex 23.1569 -75 31.7095
      vertex -23.1569 -75 31.7095
    endloop
  endfacet
  facet normal 0 -1 0
    outer loop
      vertex -23.2764 -75 31.5537
      vertex 23.2764 -75 31.5537
      vertex 23.1569 -75 31.7095
    endloop
  endfacet
  facet normal 0 -1 0
    outer loop
      vertex -23.409 -75 31.409
      vertex 23.2764 -75 31.5537
      vertex -23.2764 -75 31.5537
    endloop
  endfacet
  facet normal 0 -1 0
    outer loop
      vertex -23.409 -75 31.409
      vertex 23.409 -75 31.409
      vertex 23.2764 -75 31.5537
    endloop
  endfacet
  facet normal 0 -1 0
    outer loop
      vertex -23.5537 -75 31.2764
      vertex 23.409 -75 31.409
      vertex -23.409 -75 31.409
    endloop
  endfacet
  facet normal 0 -1 0
    outer loop
      vertex -23.5537 -75 31.2764
      vertex 23.5537 -75 31.2764
      vertex 23.409 -75 31.409
    endloop
  endfacet
  facet normal 0 -1 0
    outer loop
      vertex -23.7095 -75 31.1569
      vertex 23.5537 -75 31.2764
      vertex -23.5537 -75 31.2764
    endloop
  endfacet
  facet normal 0 -1 0
    outer loop
      vertex -23.7095 -75 31.1569
      vertex 23.7095 -75 31.1569
      vertex 23.5537 -75 31.2764
    endloop
  endfacet
  facet normal 0 -1 0
    outer loop
      vertex -23.875 -75 31.0514
      vertex 23.7095 -75 31.1569
      vertex -23.7095 -75 31.1569
    endloop
  endfacet
  facet normal 0 -1 0
    outer loop
      vertex -23.875 -75 31.0514
      vertex 23.875 -75 31.0514
      vertex 23.7095 -75 31.1569
    endloop
  endfacet
  facet normal 0 -1 0
    outer loop
      vertex -24.0491 -75 30.9608
      vertex 23.875 -75 31.0514
      vertex -23.875 -75 31.0514
    endloop
  endfacet
  facet normal 0 -1 0
    outer loop
      vertex -24.0491 -75 30.9608
      vertex 24.0491 -75 30.9608
      vertex 23.875 -75 31.0514
    endloop
  endfacet
  facet normal 0 -1 0
    outer loop
      vertex -24.2305 -75 30.8857
      vertex 24.0491 -75 30.9608
      vertex -24.0491 -75 30.9608
    endloop
  endfacet
  facet normal 0 -1 0
    outer loop
      vertex -24.2305 -75 30.8857
      vertex 24.2305 -75 30.8857
      vertex 24.0491 -75 30.9608
    endloop
  endfacet
  facet normal 0 -1 0
    outer loop
      vertex -24.4177 -75 30.8267
      vertex 24.2305 -75 30.8857
      vertex -24.2305 -75 30.8857
    endloop
  endfacet
  facet normal 0 -1 0
    outer loop
      vertex -24.4177 -75 30.8267
      vertex 24.4177 -75 30.8267
      vertex 24.2305 -75 30.8857
    endloop
  endfacet
  facet normal 0 -1 0
    outer loop
      vertex -24.6093 -75 30.7842
      vertex 24.4177 -75 30.8267
      vertex -24.4177 -75 30.8267
    endloop
  endfacet
  facet normal 0 -1 0
    outer loop
      vertex -24.6093 -75 30.7842
      vertex 24.6093 -75 30.7842
      vertex 24.4177 -75 30.8267
    endloop
  endfacet
  facet normal 0 -1 0
    outer loop
      vertex -97 -75 0
      vertex -24.6093 -75 30.7842
      vertex -24.8039 -75 30.7586
    endloop
  endfacet
  facet normal 0 -1 -0
    outer loop
      vertex -24.6093 -75 30.7842
      vertex -97 -75 0
      vertex 24.6093 -75 30.7842
    endloop
  endfacet
  facet normal 0 -1 0
    outer loop
      vertex -97 -75 0
      vertex -24.8039 -75 30.7586
      vertex -25 -75 30.75
    endloop
  endfacet
  facet normal 0 -1 0
    outer loop
      vertex 97 -75 0
      vertex 24.6093 -75 30.7842
      vertex -97 -75 0
    endloop
  endfacet
  facet normal 0 -1 0
    outer loop
      vertex -84.6093 -75 35.2158
      vertex -97 -75 50
      vertex -84.8039 -75 35.2414
    endloop
  endfacet
  facet normal 0 -1 0
    outer loop
      vertex -97 -75 50
      vertex -25.1961 -75 35.2414
      vertex -25 -75 35.25
    endloop
  endfacet
  facet normal 0 -1 0
    outer loop
      vertex -84.4177 -75 35.1733
      vertex -97 -75 50
      vertex -84.6093 -75 35.2158
    endloop
  endfacet
  facet normal 0 -1 0
    outer loop
      vertex -97 -75 50
      vertex -25.3907 -75 35.2158
      vertex -25.1961 -75 35.2414
    endloop
  endfacet
  facet normal 0 -1 0
    outer loop
      vertex -84.2305 -75 35.1143
      vertex -97 -75 50
      vertex -84.4177 -75 35.1733
    endloop
  endfacet
  facet normal 0 -1 0
    outer loop
      vertex -97 -75 50
      vertex -25.5823 -75 35.1733
      vertex -25.3907 -75 35.2158
    endloop
  endfacet
  facet normal 0 -1 0
    outer loop
      vertex -84.0491 -75 35.0392
      vertex -97 -75 50
      vertex -84.2305 -75 35.1143
    endloop
  endfacet
  facet normal 0 -1 0
    outer loop
      vertex -97 -75 50
      vertex -25.7695 -75 35.1143
      vertex -25.5823 -75 35.1733
    endloop
  endfacet
  facet normal 0 -1 0
    outer loop
      vertex -83.875 -75 34.9486
      vertex -97 -75 50
      vertex -84.0491 -75 35.0392
    endloop
  endfacet
  facet normal 0 -1 0
    outer loop
      vertex -97 -75 50
      vertex -25.9509 -75 35.0392
      vertex -25.7695 -75 35.1143
    endloop
  endfacet
  facet normal 0 -1 0
    outer loop
      vertex -83.7094 -75 34.8431
      vertex -97 -75 50
      vertex -83.875 -75 34.9486
    endloop
  endfacet
  facet normal 0 -1 0
    outer loop
      vertex -97 -75 50
      vertex -26.125 -75 34.9486
      vertex -25.9509 -75 35.0392
    endloop
  endfacet
  facet normal 0 -1 0
    outer loop
      vertex -26.2905 -75 34.8431
      vertex -97 -75 50
      vertex -83.7094 -75 34.8431
    endloop
  endfacet
  facet normal 0 -1 0
    outer loop
      vertex -97 -75 50
      vertex -26.2905 -75 34.8431
      vertex -26.125 -75 34.9486
    endloop
  endfacet
  facet normal 0 -1 0
    outer loop
      vertex -83.5537 -75 34.7236
      vertex -26.2905 -75 34.8431
      vertex -83.7094 -75 34.8431
    endloop
  endfacet
  facet normal 0 -1 0
    outer loop
      vertex -83.5537 -75 34.7236
      vertex -26.4463 -75 34.7236
      vertex -26.2905 -75 34.8431
    endloop
  endfacet
  facet normal 0 -1 0
    outer loop
      vertex -83.409 -75 34.591
      vertex -26.4463 -75 34.7236
      vertex -83.5537 -75 34.7236
    endloop
  endfacet
  facet normal 0 -1 0
    outer loop
      vertex -83.409 -75 34.591
      vertex -26.591 -75 34.591
      vertex -26.4463 -75 34.7236
    endloop
  endfacet
  facet normal 0 -1 0
    outer loop
      vertex -83.2764 -75 34.4463
      vertex -26.591 -75 34.591
      vertex -83.409 -75 34.591
    endloop
  endfacet
  facet normal 0 -1 0
    outer loop
      vertex -83.2764 -75 34.4463
      vertex -26.7236 -75 34.4463
      vertex -26.591 -75 34.591
    endloop
  endfacet
  facet normal 0 -1 0
    outer loop
      vertex -83.1569 -75 34.2905
      vertex -26.7236 -75 34.4463
      vertex -83.2764 -75 34.4463
    endloop
  endfacet
  facet normal 0 -1 0
    outer loop
      vertex -83.1569 -75 34.2905
      vertex -26.8431 -75 34.2905
      vertex -26.7236 -75 34.4463
    endloop
  endfacet
  facet normal 0 -1 0
    outer loop
      vertex -83.0514 -75 34.125
      vertex -26.8431 -75 34.2905
      vertex -83.1569 -75 34.2905
    endloop
  endfacet
  facet normal 0 -1 0
    outer loop
      vertex -83.0514 -75 34.125
      vertex -26.9486 -75 34.125
      vertex -26.8431 -75 34.2905
    endloop
  endfacet
  facet normal 0 -1 0
    outer loop
      vertex -82.9608 -75 33.9509
      vertex -26.9486 -75 34.125
      vertex -83.0514 -75 34.125
    endloop
  endfacet
  facet normal 0 -1 0
    outer loop
      vertex -82.9608 -75 33.9509
      vertex -27.0392 -75 33.9509
      vertex -26.9486 -75 34.125
    endloop
  endfacet
  facet normal 0 -1 0
    outer loop
      vertex -82.8857 -75 33.7695
      vertex -27.0392 -75 33.9509
      vertex -82.9608 -75 33.9509
    endloop
  endfacet
  facet normal 0 -1 0
    outer loop
      vertex -82.8857 -75 33.7695
      vertex -27.1143 -75 33.7695
      vertex -27.0392 -75 33.9509
    endloop
  endfacet
  facet normal 0 -1 0
    outer loop
      vertex -82.8267 -75 33.5823
      vertex -27.1143 -75 33.7695
      vertex -82.8857 -75 33.7695
    endloop
  endfacet
  facet normal 0 -1 0
    outer loop
      vertex -82.8267 -75 33.5823
      vertex -27.1733 -75 33.5823
      vertex -27.1143 -75 33.7695
    endloop
  endfacet
  facet normal 0 -1 0
    outer loop
      vertex -82.7842 -75 33.3907
      vertex -27.1733 -75 33.5823
      vertex -82.8267 -75 33.5823
    endloop
  endfacet
  facet normal 0 -1 0
    outer loop
      vertex -82.7842 -75 33.3907
      vertex -27.2158 -75 33.3907
      vertex -27.1733 -75 33.5823
    endloop
  endfacet
  facet normal 0 -1 0
    outer loop
      vertex -82.7586 -75 33.1961
      vertex -27.2158 -75 33.3907
      vertex -82.7842 -75 33.3907
    endloop
  endfacet
  facet normal 0 -1 0
    outer loop
      vertex -82.7586 -75 33.1961
      vertex -27.2414 -75 33.1961
      vertex -27.2158 -75 33.3907
    endloop
  endfacet
  facet normal 0 -1 0
    outer loop
      vertex -82.75 -75 33
      vertex -27.2414 -75 33.1961
      vertex -82.7586 -75 33.1961
    endloop
  endfacet
  facet normal 0 -1 0
    outer loop
      vertex -82.75 -75 33
      vertex -27.25 -75 33
      vertex -27.2414 -75 33.1961
    endloop
  endfacet
  facet normal 0 -1 0
    outer loop
      vertex -82.7586 -75 32.8039
      vertex -27.25 -75 33
      vertex -82.75 -75 33
    endloop
  endfacet
  facet normal 0 -1 0
    outer loop
      vertex -82.7586 -75 32.8039
      vertex -27.2414 -75 32.8039
      vertex -27.25 -75 33
    endloop
  endfacet
  facet normal 0 -1 0
    outer loop
      vertex -82.7842 -75 32.6093
      vertex -27.2414 -75 32.8039
      vertex -82.7586 -75 32.8039
    endloop
  endfacet
  facet normal 0 -1 0
    outer loop
      vertex -82.7842 -75 32.6093
      vertex -27.2158 -75 32.6093
      vertex -27.2414 -75 32.8039
    endloop
  endfacet
  facet normal 0 -1 0
    outer loop
      vertex -82.8267 -75 32.4177
      vertex -27.2158 -75 32.6093
      vertex -82.7842 -75 32.6093
    endloop
  endfacet
  facet normal 0 -1 0
    outer loop
      vertex -82.8267 -75 32.4177
      vertex -27.1733 -75 32.4177
      vertex -27.2158 -75 32.6093
    endloop
  endfacet
  facet normal 0 -1 0
    outer loop
      vertex -82.8857 -75 32.2305
      vertex -27.1733 -75 32.4177
      vertex -82.8267 -75 32.4177
    endloop
  endfacet
  facet normal 0 -1 0
    outer loop
      vertex -82.8857 -75 32.2305
      vertex -27.1143 -75 32.2305
      vertex -27.1733 -75 32.4177
    endloop
  endfacet
  facet normal 0 -1 0
    outer loop
      vertex -82.9608 -75 32.0491
      vertex -27.1143 -75 32.2305
      vertex -82.8857 -75 32.2305
    endloop
  endfacet
  facet normal 0 -1 0
    outer loop
      vertex -82.9608 -75 32.0491
      vertex -27.0392 -75 32.0491
      vertex -27.1143 -75 32.2305
    endloop
  endfacet
  facet normal 0 -1 0
    outer loop
      vertex -83.0514 -75 31.875
      vertex -27.0392 -75 32.0491
      vertex -82.9608 -75 32.0491
    endloop
  endfacet
  facet normal 0 -1 0
    outer loop
      vertex -83.0514 -75 31.875
      vertex -26.9486 -75 31.875
      vertex -27.0392 -75 32.0491
    endloop
  endfacet
  facet normal 0 -1 0
    outer loop
      vertex -83.1569 -75 31.7095
      vertex -26.9486 -75 31.875
      vertex -83.0514 -75 31.875
    endloop
  endfacet
  facet normal 0 -1 0
    outer loop
      vertex -83.1569 -75 31.7095
      vertex -26.8431 -75 31.7095
      vertex -26.9486 -75 31.875
    endloop
  endfacet
  facet normal 0 -1 0
    outer loop
      vertex -83.2764 -75 31.5537
      vertex -26.8431 -75 31.7095
      vertex -83.1569 -75 31.7095
    endloop
  endfacet
  facet normal 0 -1 0
    outer loop
      vertex -83.2764 -75 31.5537
      vertex -26.7236 -75 31.5537
      vertex -26.8431 -75 31.7095
    endloop
  endfacet
  facet normal 0 -1 0
    outer loop
      vertex -83.409 -75 31.409
      vertex -26.7236 -75 31.5537
      vertex -83.2764 -75 31.5537
    endloop
  endfacet
  facet normal 0 -1 0
    outer loop
      vertex -83.409 -75 31.409
      vertex -26.591 -75 31.409
      vertex -26.7236 -75 31.5537
    endloop
  endfacet
  facet normal 0 -1 0
    outer loop
      vertex -83.5537 -75 31.2764
      vertex -26.591 -75 31.409
      vertex -83.409 -75 31.409
    endloop
  endfacet
  facet normal 0 -1 0
    outer loop
      vertex -83.5537 -75 31.2764
      vertex -26.4463 -75 31.2764
      vertex -26.591 -75 31.409
    endloop
  endfacet
  facet normal 0 -1 0
    outer loop
      vertex -97 -75 0
      vertex -83.5537 -75 31.2764
      vertex -83.7094 -75 31.1569
    endloop
  endfacet
  facet normal 0 -1 -0
    outer loop
      vertex -83.5537 -75 31.2764
      vertex -97 -75 0
      vertex -26.4463 -75 31.2764
    endloop
  endfacet
  facet normal 0 -1 0
    outer loop
      vertex -97 -75 10
      vertex -83.7094 -75 31.1569
      vertex -83.875 -75 31.0514
    endloop
  endfacet
  facet normal 0 -1 -0
    outer loop
      vertex -26.4463 -75 31.2764
      vertex -97 -75 0
      vertex -26.2905 -75 31.1569
    endloop
  endfacet
  facet normal 0 -1 0
    outer loop
      vertex -97 -75 10
      vertex -83.875 -75 31.0514
      vertex -84.0491 -75 30.9608
    endloop
  endfacet
  facet normal 0 -1 -0
    outer loop
      vertex -26.2905 -75 31.1569
      vertex -97 -75 0
      vertex -26.125 -75 31.0514
    endloop
  endfacet
  facet normal 0 -1 0
    outer loop
      vertex -97 -75 10
      vertex -84.0491 -75 30.9608
      vertex -84.2305 -75 30.8857
    endloop
  endfacet
  facet normal 0 -1 -0
    outer loop
      vertex -26.125 -75 31.0514
      vertex -97 -75 0
      vertex -25.9509 -75 30.9608
    endloop
  endfacet
  facet normal 0 -1 0
    outer loop
      vertex -97 -75 10
      vertex -84.2305 -75 30.8857
      vertex -84.4177 -75 30.8267
    endloop
  endfacet
  facet normal 0 -1 -0
    outer loop
      vertex -25.9509 -75 30.9608
      vertex -97 -75 0
      vertex -25.7695 -75 30.8857
    endloop
  endfacet
  facet normal 0 -1 0
    outer loop
      vertex -97 -75 10
      vertex -84.4177 -75 30.8267
      vertex -84.6093 -75 30.7842
    endloop
  endfacet
  facet normal 0 -1 -0
    outer loop
      vertex -25.7695 -75 30.8857
      vertex -97 -75 0
      vertex -25.5823 -75 30.8267
    endloop
  endfacet
  facet normal 0 -1 0
    outer loop
      vertex -97 -75 10
      vertex -84.6093 -75 30.7842
      vertex -84.8039 -75 30.7586
    endloop
  endfacet
  facet normal 0 -1 -0
    outer loop
      vertex -25.5823 -75 30.8267
      vertex -97 -75 0
      vertex -25.3907 -75 30.7842
    endloop
  endfacet
  facet normal 0 -1 0
    outer loop
      vertex -97 -75 10
      vertex -84.8039 -75 30.7586
      vertex -85 -75 30.75
    endloop
  endfacet
  facet normal 0 -1 -0
    outer loop
      vertex -25.3907 -75 30.7842
      vertex -97 -75 0
      vertex -25.1961 -75 30.7586
    endloop
  endfacet
  facet normal 0 -1 0
    outer loop
      vertex -84.8039 -75 35.2414
      vertex -97 -75 50
      vertex -85 -75 35.25
    endloop
  endfacet
  facet normal 0 -1 0
    outer loop
      vertex -97 -75 50
      vertex -85.1961 -75 35.2414
      vertex -85 -75 35.25
    endloop
  endfacet
  facet normal 0 -1 0
    outer loop
      vertex -97 -75 50
      vertex -85.3907 -75 35.2158
      vertex -85.1961 -75 35.2414
    endloop
  endfacet
  facet normal 0 -1 0
    outer loop
      vertex -97 -75 50
      vertex -85.5823 -75 35.1733
      vertex -85.3907 -75 35.2158
    endloop
  endfacet
  facet normal 0 -1 0
    outer loop
      vertex -97 -75 50
      vertex -85.7695 -75 35.1143
      vertex -85.5823 -75 35.1733
    endloop
  endfacet
  facet normal 0 -1 0
    outer loop
      vertex -97 -75 50
      vertex -85.9509 -75 35.0392
      vertex -85.7695 -75 35.1143
    endloop
  endfacet
  facet normal 0 -1 0
    outer loop
      vertex -97 -75 50
      vertex -86.125 -75 34.9486
      vertex -85.9509 -75 35.0392
    endloop
  endfacet
  facet normal 0 -1 0
    outer loop
      vertex -97 -75 50
      vertex -86.2905 -75 34.8431
      vertex -86.125 -75 34.9486
    endloop
  endfacet
  facet normal 0 -1 0
    outer loop
      vertex -97 -75 50
      vertex -86.4463 -75 34.7236
      vertex -86.2905 -75 34.8431
    endloop
  endfacet
  facet normal 0 -1 0
    outer loop
      vertex -97 -75 50
      vertex -86.591 -75 34.591
      vertex -86.4463 -75 34.7236
    endloop
  endfacet
  facet normal 0 -1 0
    outer loop
      vertex -97 -75 50
      vertex -86.7236 -75 34.4463
      vertex -86.591 -75 34.591
    endloop
  endfacet
  facet normal 0 -1 0
    outer loop
      vertex -97 -75 50
      vertex -86.8431 -75 34.2905
      vertex -86.7236 -75 34.4463
    endloop
  endfacet
  facet normal 0 -1 0
    outer loop
      vertex -97 -75 50
      vertex -86.9486 -75 34.125
      vertex -86.8431 -75 34.2905
    endloop
  endfacet
  facet normal 0 -1 0
    outer loop
      vertex -97 -75 50
      vertex -87.0392 -75 33.9509
      vertex -86.9486 -75 34.125
    endloop
  endfacet
  facet normal 0 -1 0
    outer loop
      vertex -97 -75 50
      vertex -87.1143 -75 33.7695
      vertex -87.0392 -75 33.9509
    endloop
  endfacet
  facet normal 0 -1 0
    outer loop
      vertex -97 -75 50
      vertex -87.1733 -75 33.5823
      vertex -87.1143 -75 33.7695
    endloop
  endfacet
  facet normal 0 -1 0
    outer loop
      vertex -97 -75 50
      vertex -87.2158 -75 33.3907
      vertex -87.1733 -75 33.5823
    endloop
  endfacet
  facet normal 0 -1 0
    outer loop
      vertex -97 -75 50
      vertex -87.2414 -75 33.1961
      vertex -87.2158 -75 33.3907
    endloop
  endfacet
  facet normal 0 -1 0
    outer loop
      vertex -97 -75 50
      vertex -87.25 -75 33
      vertex -87.2414 -75 33.1961
    endloop
  endfacet
  facet normal 0 -1 0
    outer loop
      vertex -97 -75 50
      vertex -87.2414 -75 32.8039
      vertex -87.25 -75 33
    endloop
  endfacet
  facet normal 0 -1 0
    outer loop
      vertex -97 -75 10
      vertex -87.2414 -75 32.8039
      vertex -97 -75 50
    endloop
  endfacet
  facet normal 0 -1 -0
    outer loop
      vertex -87.2414 -75 32.8039
      vertex -97 -75 10
      vertex -87.2158 -75 32.6093
    endloop
  endfacet
  facet normal 0 -1 -0
    outer loop
      vertex -87.2158 -75 32.6093
      vertex -97 -75 10
      vertex -87.1733 -75 32.4177
    endloop
  endfacet
  facet normal 0 -1 -0
    outer loop
      vertex -87.1733 -75 32.4177
      vertex -97 -75 10
      vertex -87.1143 -75 32.2305
    endloop
  endfacet
  facet normal 0 -1 -0
    outer loop
      vertex -87.1143 -75 32.2305
      vertex -97 -75 10
      vertex -87.0392 -75 32.0491
    endloop
  endfacet
  facet normal 0 -1 -0
    outer loop
      vertex -25.1961 -75 30.7586
      vertex -97 -75 0
      vertex -25 -75 30.75
    endloop
  endfacet
  facet normal 0 -1 0
    outer loop
      vertex 24.6093 -75 30.7842
      vertex 97 -75 0
      vertex 24.8039 -75 30.7586
    endloop
  endfacet
  facet normal 0 -1 0
    outer loop
      vertex -83.7094 -75 31.1569
      vertex -97 -75 10
      vertex -97 -75 0
    endloop
  endfacet
  facet normal 0 -1 -0
    outer loop
      vertex -85.1961 -75 30.7586
      vertex -97 -75 10
      vertex -85 -75 30.75
    endloop
  endfacet
  facet normal 0 -1 -0
    outer loop
      vertex -85.3907 -75 30.7842
      vertex -97 -75 10
      vertex -85.1961 -75 30.7586
    endloop
  endfacet
  facet normal 0 -1 -0
    outer loop
      vertex -85.5823 -75 30.8267
      vertex -97 -75 10
      vertex -85.3907 -75 30.7842
    endloop
  endfacet
  facet normal 0 -1 -0
    outer loop
      vertex -85.7695 -75 30.8857
      vertex -97 -75 10
      vertex -85.5823 -75 30.8267
    endloop
  endfacet
  facet normal 0 -1 -0
    outer loop
      vertex -85.9509 -75 30.9608
      vertex -97 -75 10
      vertex -85.7695 -75 30.8857
    endloop
  endfacet
  facet normal 0 -1 -0
    outer loop
      vertex -86.125 -75 31.0514
      vertex -97 -75 10
      vertex -85.9509 -75 30.9608
    endloop
  endfacet
  facet normal 0 -1 -0
    outer loop
      vertex -86.2905 -75 31.1569
      vertex -97 -75 10
      vertex -86.125 -75 31.0514
    endloop
  endfacet
  facet normal 0 -1 -0
    outer loop
      vertex -86.4463 -75 31.2764
      vertex -97 -75 10
      vertex -86.2905 -75 31.1569
    endloop
  endfacet
  facet normal 0 -1 -0
    outer loop
      vertex -86.591 -75 31.409
      vertex -97 -75 10
      vertex -86.4463 -75 31.2764
    endloop
  endfacet
  facet normal 0 -1 -0
    outer loop
      vertex -86.7236 -75 31.5537
      vertex -97 -75 10
      vertex -86.591 -75 31.409
    endloop
  endfacet
  facet normal 0 -1 -0
    outer loop
      vertex -86.8431 -75 31.7095
      vertex -97 -75 10
      vertex -86.7236 -75 31.5537
    endloop
  endfacet
  facet normal 0 -1 -0
    outer loop
      vertex -86.9486 -75 31.875
      vertex -97 -75 10
      vertex -86.8431 -75 31.7095
    endloop
  endfacet
  facet normal 0 -1 -0
    outer loop
      vertex -87.0392 -75 32.0491
      vertex -97 -75 10
      vertex -86.9486 -75 31.875
    endloop
  endfacet
  facet normal 0 -1 0
    outer loop
      vertex -24.8039 -75 35.2414
      vertex -97 -75 50
      vertex -25 -75 35.25
    endloop
  endfacet
  facet normal 0 -1 0
    outer loop
      vertex -97 -75 50
      vertex -24.8039 -75 35.2414
      vertex 97 -75 50
    endloop
  endfacet
  facet normal 0 -1 0
    outer loop
      vertex 25.1961 -75 35.2414
      vertex 97 -75 50
      vertex 25 -75 35.25
    endloop
  endfacet
  facet normal 0 -1 0
    outer loop
      vertex 85.1961 -75 35.2414
      vertex 97 -75 50
      vertex 85 -75 35.25
    endloop
  endfacet
  facet normal 0 -1 0
    outer loop
      vertex 85.3907 -75 35.2158
      vertex 97 -75 50
      vertex 85.1961 -75 35.2414
    endloop
  endfacet
  facet normal 0 -1 0
    outer loop
      vertex 85.5823 -75 35.1733
      vertex 97 -75 50
      vertex 85.3907 -75 35.2158
    endloop
  endfacet
  facet normal 0 -1 0
    outer loop
      vertex 85.7695 -75 35.1143
      vertex 97 -75 50
      vertex 85.5823 -75 35.1733
    endloop
  endfacet
  facet normal 0 -1 0
    outer loop
      vertex 85.9509 -75 35.0392
      vertex 97 -75 50
      vertex 85.7695 -75 35.1143
    endloop
  endfacet
  facet normal 0 -1 0
    outer loop
      vertex 86.125 -75 34.9486
      vertex 97 -75 50
      vertex 85.9509 -75 35.0392
    endloop
  endfacet
  facet normal 0 -1 0
    outer loop
      vertex 86.2905 -75 34.8431
      vertex 97 -75 50
      vertex 86.125 -75 34.9486
    endloop
  endfacet
  facet normal 0 -1 0
    outer loop
      vertex 86.4463 -75 34.7236
      vertex 97 -75 50
      vertex 86.2905 -75 34.8431
    endloop
  endfacet
  facet normal 0 -1 0
    outer loop
      vertex 86.591 -75 34.591
      vertex 97 -75 50
      vertex 86.4463 -75 34.7236
    endloop
  endfacet
  facet normal 0 -1 0
    outer loop
      vertex 86.7236 -75 34.4463
      vertex 97 -75 50
      vertex 86.591 -75 34.591
    endloop
  endfacet
  facet normal 0 -1 0
    outer loop
      vertex 86.8431 -75 34.2905
      vertex 97 -75 50
      vertex 86.7236 -75 34.4463
    endloop
  endfacet
  facet normal 0 -1 0
    outer loop
      vertex 86.9486 -75 34.125
      vertex 97 -75 50
      vertex 86.8431 -75 34.2905
    endloop
  endfacet
  facet normal 0 -1 0
    outer loop
      vertex 87.0392 -75 33.9509
      vertex 97 -75 50
      vertex 86.9486 -75 34.125
    endloop
  endfacet
  facet normal 0 -1 0
    outer loop
      vertex 87.1143 -75 33.7695
      vertex 97 -75 50
      vertex 87.0392 -75 33.9509
    endloop
  endfacet
  facet normal 0 -1 0
    outer loop
      vertex 87.1733 -75 33.5823
      vertex 97 -75 50
      vertex 87.1143 -75 33.7695
    endloop
  endfacet
  facet normal 0 -1 0
    outer loop
      vertex 87.2158 -75 33.3907
      vertex 97 -75 50
      vertex 87.1733 -75 33.5823
    endloop
  endfacet
  facet normal 0 -1 0
    outer loop
      vertex 87.2414 -75 33.1961
      vertex 97 -75 50
      vertex 87.2158 -75 33.3907
    endloop
  endfacet
  facet normal 0 -1 0
    outer loop
      vertex 87.25 -75 33
      vertex 97 -75 50
      vertex 87.2414 -75 33.1961
    endloop
  endfacet
  facet normal 0 -1 0
    outer loop
      vertex 87.2414 -75 32.8039
      vertex 97 -75 50
      vertex 87.25 -75 33
    endloop
  endfacet
  facet normal 0 -1 0
    outer loop
      vertex 97 -75 10
      vertex 87.2414 -75 32.8039
      vertex 87.2158 -75 32.6093
    endloop
  endfacet
  facet normal 0 -1 0
    outer loop
      vertex 97 -75 10
      vertex 87.2158 -75 32.6093
      vertex 87.1733 -75 32.4177
    endloop
  endfacet
  facet normal 0 -1 0
    outer loop
      vertex 97 -75 10
      vertex 87.1733 -75 32.4177
      vertex 87.1143 -75 32.2305
    endloop
  endfacet
  facet normal 0 -1 0
    outer loop
      vertex 97 -75 10
      vertex 87.1143 -75 32.2305
      vertex 87.0392 -75 32.0491
    endloop
  endfacet
  facet normal 0 -1 0
    outer loop
      vertex 97 -75 10
      vertex 87.0392 -75 32.0491
      vertex 86.9486 -75 31.875
    endloop
  endfacet
  facet normal 0 -1 0
    outer loop
      vertex 24.8039 -75 30.7586
      vertex 97 -75 0
      vertex 25 -75 30.75
    endloop
  endfacet
  facet normal 0 -1 0
    outer loop
      vertex 87.2414 -75 32.8039
      vertex 97 -75 10
      vertex 97 -75 50
    endloop
  endfacet
  facet normal 0 -1 0
    outer loop
      vertex 86.8431 -75 31.7095
      vertex 97 -75 10
      vertex 86.9486 -75 31.875
    endloop
  endfacet
  facet normal 0 -1 0
    outer loop
      vertex 86.7236 -75 31.5537
      vertex 97 -75 10
      vertex 86.8431 -75 31.7095
    endloop
  endfacet
  facet normal 0 -1 0
    outer loop
      vertex 86.591 -75 31.409
      vertex 97 -75 10
      vertex 86.7236 -75 31.5537
    endloop
  endfacet
  facet normal 0 -1 0
    outer loop
      vertex 86.4463 -75 31.2764
      vertex 97 -75 10
      vertex 86.591 -75 31.409
    endloop
  endfacet
  facet normal 0 -1 0
    outer loop
      vertex 86.2905 -75 31.1569
      vertex 97 -75 10
      vertex 86.4463 -75 31.2764
    endloop
  endfacet
  facet normal 0 -1 0
    outer loop
      vertex 86.125 -75 31.0514
      vertex 97 -75 10
      vertex 86.2905 -75 31.1569
    endloop
  endfacet
  facet normal 0 -1 0
    outer loop
      vertex 85.9509 -75 30.9608
      vertex 97 -75 10
      vertex 86.125 -75 31.0514
    endloop
  endfacet
  facet normal 0 -1 0
    outer loop
      vertex 85.7695 -75 30.8857
      vertex 97 -75 10
      vertex 85.9509 -75 30.9608
    endloop
  endfacet
  facet normal 0 -1 0
    outer loop
      vertex 85.5823 -75 30.8267
      vertex 97 -75 10
      vertex 85.7695 -75 30.8857
    endloop
  endfacet
  facet normal 0 -1 0
    outer loop
      vertex 85.3907 -75 30.7842
      vertex 97 -75 10
      vertex 85.5823 -75 30.8267
    endloop
  endfacet
  facet normal 0 -1 0
    outer loop
      vertex 85.1961 -75 30.7586
      vertex 97 -75 10
      vertex 85.3907 -75 30.7842
    endloop
  endfacet
  facet normal 0 -1 0
    outer loop
      vertex 84.6093 -75 30.7842
      vertex 97 -75 10
      vertex 84.8039 -75 30.7586
    endloop
  endfacet
  facet normal 0 -1 0
    outer loop
      vertex 84.8039 -75 30.7586
      vertex 97 -75 10
      vertex 85 -75 30.75
    endloop
  endfacet
  facet normal 0 -1 0
    outer loop
      vertex 85 -75 30.75
      vertex 97 -75 10
      vertex 85.1961 -75 30.7586
    endloop
  endfacet
  facet normal 0.13054 -0.991443 0
    outer loop
      vertex 97.6973 -74.9696 0
      vertex 98.3892 -74.8785 10
      vertex 97.6973 -74.9696 10
    endloop
  endfacet
  facet normal 0.13054 -0.991443 0
    outer loop
      vertex 98.3892 -74.8785 10
      vertex 97.6973 -74.9696 0
      vertex 98.3892 -74.8785 0
    endloop
  endfacet
  facet normal 0.0435554 -0.999051 0
    outer loop
      vertex 97 -75 0
      vertex 97.6973 -74.9696 10
      vertex 97 -75 10
    endloop
  endfacet
  facet normal 0.0435554 -0.999051 0
    outer loop
      vertex 97.6973 -74.9696 10
      vertex 97 -75 0
      vertex 97.6973 -74.9696 0
    endloop
  endfacet
  facet normal -0.38258 -0.923923 0
    outer loop
      vertex -100.381 -74.2505 0
      vertex -99.7362 -74.5175 10
      vertex -100.381 -74.2505 10
    endloop
  endfacet
  facet normal -0.38258 -0.923923 -0
    outer loop
      vertex -99.7362 -74.5175 10
      vertex -100.381 -74.2505 0
      vertex -99.7362 -74.5175 0
    endloop
  endfacet
  facet normal 0.461826 0.88697 -0
    outer loop
      vertex 101 73.9282 0
      vertex 100.381 74.2505 10
      vertex 101 73.9282 10
    endloop
  endfacet
  facet normal 0.461826 0.88697 0
    outer loop
      vertex 100.381 74.2505 10
      vertex 101 73.9282 0
      vertex 100.381 74.2505 0
    endloop
  endfacet
  facet normal -0.737666 -0.675166 0
    outer loop
      vertex -102.657 -72.6569 0
      vertex -103.128 -72.1423 10
      vertex -103.128 -72.1423 0
    endloop
  endfacet
  facet normal -0.737666 -0.675166 0
    outer loop
      vertex -103.128 -72.1423 10
      vertex -102.657 -72.6569 0
      vertex -102.657 -72.6569 10
    endloop
  endfacet
  facet normal -0.609184 -0.793029 0
    outer loop
      vertex -102.142 -73.1284 0
      vertex -101.589 -73.5532 10
      vertex -102.142 -73.1284 10
    endloop
  endfacet
  facet normal -0.609184 -0.793029 -0
    outer loop
      vertex -101.589 -73.5532 10
      vertex -102.142 -73.1284 0
      vertex -101.589 -73.5532 0
    endloop
  endfacet
  facet normal -0.300754 -0.953702 0
    outer loop
      vertex -99.7362 -74.5175 0
      vertex -99.0706 -74.7274 10
      vertex -99.7362 -74.5175 10
    endloop
  endfacet
  facet normal -0.300754 -0.953702 -0
    outer loop
      vertex -99.0706 -74.7274 10
      vertex -99.7362 -74.5175 0
      vertex -99.0706 -74.7274 0
    endloop
  endfacet
  facet normal -0.38258 0.923923 0
    outer loop
      vertex -99.7362 74.5175 0
      vertex -100.381 74.2505 10
      vertex -99.7362 74.5175 10
    endloop
  endfacet
  facet normal -0.38258 0.923923 0
    outer loop
      vertex -100.381 74.2505 10
      vertex -99.7362 74.5175 0
      vertex -100.381 74.2505 0
    endloop
  endfacet
  facet normal 1 -0 0
    outer loop
      vertex 105 -67 10
      vertex 105 67 0
      vertex 105 67 10
    endloop
  endfacet
  facet normal 1 0 0
    outer loop
      vertex 105 67 0
      vertex 105 -67 10
      vertex 105 -67 0
    endloop
  endfacet
  facet normal -0.954071 -0.299581 0
    outer loop
      vertex -104.518 -69.7362 0
      vertex -104.727 -69.0706 10
      vertex -104.727 -69.0706 0
    endloop
  endfacet
  facet normal -0.954071 -0.299581 0
    outer loop
      vertex -104.727 -69.0706 10
      vertex -104.518 -69.7362 0
      vertex -104.518 -69.7362 10
    endloop
  endfacet
  facet normal -1 0 0
    outer loop
      vertex -105 -67 0
      vertex -105 67 10
      vertex -105 67 0
    endloop
  endfacet
  facet normal -1 -0 0
    outer loop
      vertex -105 67 10
      vertex -105 -67 0
      vertex -105 -67 10
    endloop
  endfacet
  facet normal 0.609184 0.793029 -0
    outer loop
      vertex 102.142 73.1284 0
      vertex 101.589 73.5532 10
      vertex 102.142 73.1284 10
    endloop
  endfacet
  facet normal 0.609184 0.793029 0
    outer loop
      vertex 101.589 73.5532 10
      vertex 102.142 73.1284 0
      vertex 101.589 73.5532 0
    endloop
  endfacet
  facet normal -0.0435554 0.999051 0
    outer loop
      vertex -97 75 0
      vertex -97.6973 74.9696 10
      vertex -97 75 10
    endloop
  endfacet
  facet normal -0.0435554 0.999051 0
    outer loop
      vertex -97.6973 74.9696 10
      vertex -97 75 0
      vertex -97.6973 74.9696 0
    endloop
  endfacet
  facet normal -0.843378 -0.53732 0
    outer loop
      vertex -103.553 -71.5886 0
      vertex -103.928 -71 10
      vertex -103.928 -71 0
    endloop
  endfacet
  facet normal -0.843378 -0.53732 0
    outer loop
      vertex -103.928 -71 10
      vertex -103.553 -71.5886 0
      vertex -103.553 -71.5886 10
    endloop
  endfacet
  facet normal -0.954071 0.299581 0
    outer loop
      vertex -104.727 69.0706 0
      vertex -104.518 69.7362 10
      vertex -104.518 69.7362 0
    endloop
  endfacet
  facet normal -0.954071 0.299581 0
    outer loop
      vertex -104.518 69.7362 10
      vertex -104.727 69.0706 0
      vertex -104.727 69.0706 10
    endloop
  endfacet
  facet normal -0.300754 0.953702 0
    outer loop
      vertex -99.0706 74.7274 0
      vertex -99.7362 74.5175 10
      vertex -99.0706 74.7274 10
    endloop
  endfacet
  facet normal -0.300754 0.953702 0
    outer loop
      vertex -99.7362 74.5175 10
      vertex -99.0706 74.7274 0
      vertex -99.7362 74.5175 0
    endloop
  endfacet
  facet normal -0.537061 -0.843544 0
    outer loop
      vertex -101.589 -73.5532 0
      vertex -101 -73.9282 10
      vertex -101.589 -73.5532 10
    endloop
  endfacet
  facet normal -0.537061 -0.843544 -0
    outer loop
      vertex -101 -73.9282 10
      vertex -101.589 -73.5532 0
      vertex -101 -73.9282 0
    endloop
  endfacet
  facet normal 0 1 -0
    outer loop
      vertex 97 75 0
      vertex -97 75 10
      vertex 97 75 10
    endloop
  endfacet
  facet normal 0 1 0
    outer loop
      vertex -97 75 10
      vertex 97 75 0
      vertex -97 75 0
    endloop
  endfacet
  facet normal -0.0435554 -0.999051 0
    outer loop
      vertex -97.6973 -74.9696 0
      vertex -97 -75 10
      vertex -97.6973 -74.9696 10
    endloop
  endfacet
  facet normal -0.0435554 -0.999051 -0
    outer loop
      vertex -97 -75 10
      vertex -97.6973 -74.9696 0
      vertex -97 -75 0
    endloop
  endfacet
  facet normal -0.923416 -0.383802 0
    outer loop
      vertex -104.25 -70.381 0
      vertex -104.518 -69.7362 10
      vertex -104.518 -69.7362 0
    endloop
  endfacet
  facet normal -0.923416 -0.383802 0
    outer loop
      vertex -104.518 -69.7362 10
      vertex -104.25 -70.381 0
      vertex -104.25 -70.381 10
    endloop
  endfacet
  facet normal -0.991275 0.131807 0
    outer loop
      vertex -104.97 67.6973 0
      vertex -104.878 68.3892 10
      vertex -104.878 68.3892 0
    endloop
  endfacet
  facet normal -0.991275 0.131807 0
    outer loop
      vertex -104.878 68.3892 10
      vertex -104.97 67.6973 0
      vertex -104.97 67.6973 10
    endloop
  endfacet
  facet normal -0.793263 0.60888 0
    outer loop
      vertex -103.553 71.5886 0
      vertex -103.128 72.1423 10
      vertex -103.128 72.1423 0
    endloop
  endfacet
  facet normal -0.793263 0.60888 0
    outer loop
      vertex -103.128 72.1423 10
      vertex -103.553 71.5886 0
      vertex -103.553 71.5886 10
    endloop
  endfacet
  facet normal -0.21649 -0.976285 0
    outer loop
      vertex -99.0706 -74.7274 0
      vertex -98.3892 -74.8785 10
      vertex -99.0706 -74.7274 10
    endloop
  endfacet
  facet normal -0.21649 -0.976285 -0
    outer loop
      vertex -98.3892 -74.8785 10
      vertex -99.0706 -74.7274 0
      vertex -98.3892 -74.8785 0
    endloop
  endfacet
  facet normal -0.675271 -0.73757 0
    outer loop
      vertex -102.657 -72.6569 0
      vertex -102.142 -73.1284 10
      vertex -102.657 -72.6569 10
    endloop
  endfacet
  facet normal -0.675271 -0.73757 -0
    outer loop
      vertex -102.142 -73.1284 10
      vertex -102.657 -72.6569 0
      vertex -102.142 -73.1284 0
    endloop
  endfacet
  facet normal -0.999076 0.0429833 0
    outer loop
      vertex -105 67 0
      vertex -104.97 67.6973 10
      vertex -104.97 67.6973 0
    endloop
  endfacet
  facet normal -0.999076 0.0429833 0
    outer loop
      vertex -104.97 67.6973 10
      vertex -105 67 0
      vertex -105 67 10
    endloop
  endfacet
  facet normal -0.887146 -0.461488 0
    outer loop
      vertex -103.928 -71 0
      vertex -104.25 -70.381 10
      vertex -104.25 -70.381 0
    endloop
  endfacet
  facet normal -0.887146 -0.461488 0
    outer loop
      vertex -104.25 -70.381 10
      vertex -103.928 -71 0
      vertex -103.928 -71 10
    endloop
  endfacet
  facet normal -0.13054 0.991443 0
    outer loop
      vertex -97.6973 74.9696 0
      vertex -98.3892 74.8785 10
      vertex -97.6973 74.9696 10
    endloop
  endfacet
  facet normal -0.13054 0.991443 0
    outer loop
      vertex -98.3892 74.8785 10
      vertex -97.6973 74.9696 0
      vertex -98.3892 74.8785 0
    endloop
  endfacet
  facet normal 0.976315 -0.216354 0
    outer loop
      vertex 104.727 -69.0706 10
      vertex 104.878 -68.3892 0
      vertex 104.878 -68.3892 10
    endloop
  endfacet
  facet normal 0.976315 -0.216354 0
    outer loop
      vertex 104.878 -68.3892 0
      vertex 104.727 -69.0706 10
      vertex 104.727 -69.0706 0
    endloop
  endfacet
  facet normal 0.461826 -0.88697 0
    outer loop
      vertex 100.381 -74.2505 0
      vertex 101 -73.9282 10
      vertex 100.381 -74.2505 10
    endloop
  endfacet
  facet normal 0.461826 -0.88697 0
    outer loop
      vertex 101 -73.9282 10
      vertex 100.381 -74.2505 0
      vertex 101 -73.9282 0
    endloop
  endfacet
  facet normal -0.21649 0.976285 0
    outer loop
      vertex -98.3892 74.8785 0
      vertex -99.0706 74.7274 10
      vertex -98.3892 74.8785 10
    endloop
  endfacet
  facet normal -0.21649 0.976285 0
    outer loop
      vertex -99.0706 74.7274 10
      vertex -98.3892 74.8785 0
      vertex -99.0706 74.7274 0
    endloop
  endfacet
  facet normal -0.461826 -0.88697 0
    outer loop
      vertex -101 -73.9282 0
      vertex -100.381 -74.2505 10
      vertex -101 -73.9282 10
    endloop
  endfacet
  facet normal -0.461826 -0.88697 -0
    outer loop
      vertex -100.381 -74.2505 10
      vertex -101 -73.9282 0
      vertex -100.381 -74.2505 0
    endloop
  endfacet
  facet normal 0.991275 -0.131807 0
    outer loop
      vertex 104.878 -68.3892 10
      vertex 104.97 -67.6973 0
      vertex 104.97 -67.6973 10
    endloop
  endfacet
  facet normal 0.991275 -0.131807 0
    outer loop
      vertex 104.97 -67.6973 0
      vertex 104.878 -68.3892 10
      vertex 104.878 -68.3892 0
    endloop
  endfacet
  facet normal 0.21649 0.976285 -0
    outer loop
      vertex 99.0706 74.7274 0
      vertex 98.3892 74.8785 10
      vertex 99.0706 74.7274 10
    endloop
  endfacet
  facet normal 0.21649 0.976285 0
    outer loop
      vertex 98.3892 74.8785 10
      vertex 99.0706 74.7274 0
      vertex 98.3892 74.8785 0
    endloop
  endfacet
  facet normal 0.923416 -0.383802 0
    outer loop
      vertex 104.25 -70.381 10
      vertex 104.518 -69.7362 0
      vertex 104.518 -69.7362 10
    endloop
  endfacet
  facet normal 0.923416 -0.383802 0
    outer loop
      vertex 104.518 -69.7362 0
      vertex 104.25 -70.381 10
      vertex 104.25 -70.381 0
    endloop
  endfacet
  facet normal 0.793263 0.60888 0
    outer loop
      vertex 103.553 71.5886 10
      vertex 103.128 72.1423 0
      vertex 103.128 72.1423 10
    endloop
  endfacet
  facet normal 0.793263 0.60888 0
    outer loop
      vertex 103.128 72.1423 0
      vertex 103.553 71.5886 10
      vertex 103.553 71.5886 0
    endloop
  endfacet
  facet normal -0.13054 -0.991443 0
    outer loop
      vertex -98.3892 -74.8785 0
      vertex -97.6973 -74.9696 10
      vertex -98.3892 -74.8785 10
    endloop
  endfacet
  facet normal -0.13054 -0.991443 -0
    outer loop
      vertex -97.6973 -74.9696 10
      vertex -98.3892 -74.8785 0
      vertex -97.6973 -74.9696 0
    endloop
  endfacet
  facet normal 0.13054 0.991443 -0
    outer loop
      vertex 98.3892 74.8785 0
      vertex 97.6973 74.9696 10
      vertex 98.3892 74.8785 10
    endloop
  endfacet
  facet normal 0.13054 0.991443 0
    outer loop
      vertex 97.6973 74.9696 10
      vertex 98.3892 74.8785 0
      vertex 97.6973 74.9696 0
    endloop
  endfacet
  facet normal -0.537061 0.843544 0
    outer loop
      vertex -101 73.9282 0
      vertex -101.589 73.5532 10
      vertex -101 73.9282 10
    endloop
  endfacet
  facet normal -0.537061 0.843544 0
    outer loop
      vertex -101.589 73.5532 10
      vertex -101 73.9282 0
      vertex -101.589 73.5532 0
    endloop
  endfacet
  facet normal -0.737666 0.675166 0
    outer loop
      vertex -103.128 72.1423 0
      vertex -102.657 72.6569 10
      vertex -102.657 72.6569 0
    endloop
  endfacet
  facet normal -0.737666 0.675166 0
    outer loop
      vertex -102.657 72.6569 10
      vertex -103.128 72.1423 0
      vertex -103.128 72.1423 10
    endloop
  endfacet
  facet normal -0.887146 0.461488 0
    outer loop
      vertex -104.25 70.381 0
      vertex -103.928 71 10
      vertex -103.928 71 0
    endloop
  endfacet
  facet normal -0.887146 0.461488 0
    outer loop
      vertex -103.928 71 10
      vertex -104.25 70.381 0
      vertex -104.25 70.381 10
    endloop
  endfacet
  facet normal 0.537061 0.843544 -0
    outer loop
      vertex 101.589 73.5532 0
      vertex 101 73.9282 10
      vertex 101.589 73.5532 10
    endloop
  endfacet
  facet normal 0.537061 0.843544 0
    outer loop
      vertex 101 73.9282 10
      vertex 101.589 73.5532 0
      vertex 101 73.9282 0
    endloop
  endfacet
  facet normal -0.461826 0.88697 0
    outer loop
      vertex -100.381 74.2505 0
      vertex -101 73.9282 10
      vertex -100.381 74.2505 10
    endloop
  endfacet
  facet normal -0.461826 0.88697 0
    outer loop
      vertex -101 73.9282 10
      vertex -100.381 74.2505 0
      vertex -101 73.9282 0
    endloop
  endfacet
  facet normal 0.38258 0.923923 -0
    outer loop
      vertex 100.381 74.2505 0
      vertex 99.7362 74.5175 10
      vertex 100.381 74.2505 10
    endloop
  endfacet
  facet normal 0.38258 0.923923 0
    outer loop
      vertex 99.7362 74.5175 10
      vertex 100.381 74.2505 0
      vertex 99.7362 74.5175 0
    endloop
  endfacet
  facet normal -0.675271 0.73757 0
    outer loop
      vertex -102.142 73.1284 0
      vertex -102.657 72.6569 10
      vertex -102.142 73.1284 10
    endloop
  endfacet
  facet normal -0.675271 0.73757 0
    outer loop
      vertex -102.657 72.6569 10
      vertex -102.142 73.1284 0
      vertex -102.657 72.6569 0
    endloop
  endfacet
  facet normal -0.923416 0.383802 0
    outer loop
      vertex -104.518 69.7362 0
      vertex -104.25 70.381 10
      vertex -104.25 70.381 0
    endloop
  endfacet
  facet normal -0.923416 0.383802 0
    outer loop
      vertex -104.25 70.381 10
      vertex -104.518 69.7362 0
      vertex -104.518 69.7362 10
    endloop
  endfacet
  facet normal -0 0 -1
    outer loop
      vertex -82.2115 -46.9235 0
      vertex -93.6265 -57.0545 0
      vertex -82.2823 -46.6988 0
    endloop
  endfacet
  facet normal 0 0 -1
    outer loop
      vertex -82.1214 44.8589 0
      vertex -91.7624 59.7167 0
      vertex -91.75 60 0
    endloop
  endfacet
  facet normal 0 0 -1
    outer loop
      vertex -93.8884 -56.946 0
      vertex -82.2823 -46.6988 0
      vertex -93.6265 -57.0545 0
    endloop
  endfacet
  facet normal 0 0 -1
    outer loop
      vertex -82.1214 44.8589 0
      vertex -91.7994 59.4356 0
      vertex -91.7624 59.7167 0
    endloop
  endfacet
  facet normal -0 0 -1
    outer loop
      vertex -82.2823 -46.6988 0
      vertex -93.8884 -56.946 0
      vertex -82.3333 -46.4688 0
    endloop
  endfacet
  facet normal 0 0 -1
    outer loop
      vertex -82.1214 44.8589 0
      vertex -91.8607 59.1588 0
      vertex -91.7994 59.4356 0
    endloop
  endfacet
  facet normal 0 0 -1
    outer loop
      vertex -94.1588 -56.8607 0
      vertex -82.3333 -46.4688 0
      vertex -93.8884 -56.946 0
    endloop
  endfacet
  facet normal 0 0 -1
    outer loop
      vertex -82.1214 44.8589 0
      vertex -91.946 58.8884 0
      vertex -91.8607 59.1588 0
    endloop
  endfacet
  facet normal -0 0 -1
    outer loop
      vertex -82.3333 -46.4688 0
      vertex -94.1588 -56.8607 0
      vertex -82.3641 -46.2353 0
    endloop
  endfacet
  facet normal 0 0 -1
    outer loop
      vertex -82.1214 44.8589 0
      vertex -92.0545 58.6265 0
      vertex -91.946 58.8884 0
    endloop
  endfacet
  facet normal 0 0 -1
    outer loop
      vertex -94.4356 -56.7994 0
      vertex -82.3641 -46.2353 0
      vertex -94.1588 -56.8607 0
    endloop
  endfacet
  facet normal 0 0 -1
    outer loop
      vertex -82.1214 44.8589 0
      vertex -92.1854 58.375 0
      vertex -92.0545 58.6265 0
    endloop
  endfacet
  facet normal -0 0 -1
    outer loop
      vertex -82.3641 -46.2353 0
      vertex -94.4356 -56.7994 0
      vertex -82.3743 -46 0
    endloop
  endfacet
  facet normal 0 0 -1
    outer loop
      vertex -82.1214 44.8589 0
      vertex -92.3378 58.1359 0
      vertex -92.1854 58.375 0
    endloop
  endfacet
  facet normal 0 0 -1
    outer loop
      vertex -94.7167 -56.7624 0
      vertex -82.3743 -46 0
      vertex -94.4356 -56.7994 0
    endloop
  endfacet
  facet normal 0 0 -1
    outer loop
      vertex -82.1214 44.8589 0
      vertex -92.5104 57.9109 0
      vertex -92.3378 58.1359 0
    endloop
  endfacet
  facet normal -0 0 -1
    outer loop
      vertex -82.3743 -46 0
      vertex -94.7167 -56.7624 0
      vertex -82.3641 -45.7647 0
    endloop
  endfacet
  facet normal 0 0 -1
    outer loop
      vertex -82.1214 44.8589 0
      vertex -92.7019 57.7019 0
      vertex -92.5104 57.9109 0
    endloop
  endfacet
  facet normal 0 0 -1
    outer loop
      vertex -95 -56.75 0
      vertex -82.3641 -45.7647 0
      vertex -94.7167 -56.7624 0
    endloop
  endfacet
  facet normal 0 0 -1
    outer loop
      vertex -82.1214 44.8589 0
      vertex -92.9109 57.5104 0
      vertex -92.7019 57.7019 0
    endloop
  endfacet
  facet normal -0 0 -1
    outer loop
      vertex -82.3641 -45.7647 0
      vertex -95 -56.75 0
      vertex -82.3333 -45.5312 0
    endloop
  endfacet
  facet normal 0 0 -1
    outer loop
      vertex -82.1214 44.8589 0
      vertex -93.1359 57.3378 0
      vertex -92.9109 57.5104 0
    endloop
  endfacet
  facet normal 0 0 -1
    outer loop
      vertex -95.2833 -56.7624 0
      vertex -82.3333 -45.5312 0
      vertex -95 -56.75 0
    endloop
  endfacet
  facet normal 0 0 -1
    outer loop
      vertex -82.1214 44.8589 0
      vertex -93.375 57.1854 0
      vertex -93.1359 57.3378 0
    endloop
  endfacet
  facet normal -0 0 -1
    outer loop
      vertex -82.3333 -45.5312 0
      vertex -95.2833 -56.7624 0
      vertex -82.2823 -45.3012 0
    endloop
  endfacet
  facet normal 0 0 -1
    outer loop
      vertex -82.1214 44.8589 0
      vertex -93.6265 57.0545 0
      vertex -93.375 57.1854 0
    endloop
  endfacet
  facet normal 0 0 -1
    outer loop
      vertex -95.5644 -56.7994 0
      vertex -82.2823 -45.3012 0
      vertex -95.2833 -56.7624 0
    endloop
  endfacet
  facet normal 0 0 -1
    outer loop
      vertex -82.1214 44.8589 0
      vertex -93.8884 56.946 0
      vertex -93.6265 57.0545 0
    endloop
  endfacet
  facet normal -0 0 -1
    outer loop
      vertex -82.2823 -45.3012 0
      vertex -95.5644 -56.7994 0
      vertex -82.2115 -45.0765 0
    endloop
  endfacet
  facet normal 0 0 -1
    outer loop
      vertex -82.1214 44.8589 0
      vertex -94.1588 56.8607 0
      vertex -93.8884 56.946 0
    endloop
  endfacet
  facet normal 0 0 -1
    outer loop
      vertex -95.8412 -56.8607 0
      vertex -82.2115 -45.0765 0
      vertex -95.5644 -56.7994 0
    endloop
  endfacet
  facet normal 0 0 -1
    outer loop
      vertex -82.1214 44.8589 0
      vertex -94.4356 56.7994 0
      vertex -94.1588 56.8607 0
    endloop
  endfacet
  facet normal -0 0 -1
    outer loop
      vertex -82.2115 -45.0765 0
      vertex -95.8412 -56.8607 0
      vertex -82.1214 -44.8589 0
    endloop
  endfacet
  facet normal 0 0 -1
    outer loop
      vertex -82.1214 44.8589 0
      vertex -94.7167 56.7624 0
      vertex -94.4356 56.7994 0
    endloop
  endfacet
  facet normal 0 0 -1
    outer loop
      vertex -96.1116 -56.946 0
      vertex -82.1214 -44.8589 0
      vertex -95.8412 -56.8607 0
    endloop
  endfacet
  facet normal 0 0 -1
    outer loop
      vertex -82.1214 44.8589 0
      vertex -95 56.75 0
      vertex -94.7167 56.7624 0
    endloop
  endfacet
  facet normal -0 0 -1
    outer loop
      vertex -82.1214 -44.8589 0
      vertex -96.1116 -56.946 0
      vertex -82.0126 -44.65 0
    endloop
  endfacet
  facet normal 0 0 -1
    outer loop
      vertex -82.1214 44.8589 0
      vertex -95.2833 56.7624 0
      vertex -95 56.75 0
    endloop
  endfacet
  facet normal 0 0 -1
    outer loop
      vertex -96.3735 -57.0545 0
      vertex -82.0126 -44.65 0
      vertex -96.1116 -56.946 0
    endloop
  endfacet
  facet normal 0 0 -1
    outer loop
      vertex -82.1214 44.8589 0
      vertex -95.5644 56.7994 0
      vertex -95.2833 56.7624 0
    endloop
  endfacet
  facet normal 0 0 -1
    outer loop
      vertex -96.625 -57.1854 0
      vertex -82.0126 -44.65 0
      vertex -96.3735 -57.0545 0
    endloop
  endfacet
  facet normal 0 0 -1
    outer loop
      vertex -82.1214 44.8589 0
      vertex -95.8412 56.8607 0
      vertex -95.5644 56.7994 0
    endloop
  endfacet
  facet normal -0 0 -1
    outer loop
      vertex -82.0126 -44.65 0
      vertex -96.625 -57.1854 0
      vertex -82.0126 44.65 0
    endloop
  endfacet
  facet normal 0 0 -1
    outer loop
      vertex -82.1214 44.8589 0
      vertex -96.1116 56.946 0
      vertex -95.8412 56.8607 0
    endloop
  endfacet
  facet normal 0 0 -1
    outer loop
      vertex -96.625 57.1854 0
      vertex -82.0126 44.65 0
      vertex -96.625 -57.1854 0
    endloop
  endfacet
  facet normal 0 0 -1
    outer loop
      vertex -82.0126 44.65 0
      vertex -96.1116 56.946 0
      vertex -82.1214 44.8589 0
    endloop
  endfacet
  facet normal -0 -0 -1
    outer loop
      vertex -96.3735 57.0545 0
      vertex -82.0126 44.65 0
      vertex -96.625 57.1854 0
    endloop
  endfacet
  facet normal -0 -0 -1
    outer loop
      vertex -96.1116 56.946 0
      vertex -82.0126 44.65 0
      vertex -96.3735 57.0545 0
    endloop
  endfacet
  facet normal 0 0 -1
    outer loop
      vertex -96.8641 -57.3378 0
      vertex -96.625 57.1854 0
      vertex -96.625 -57.1854 0
    endloop
  endfacet
  facet normal 0 0 -1
    outer loop
      vertex -96.8641 -57.3378 0
      vertex -96.8641 57.3378 0
      vertex -96.625 57.1854 0
    endloop
  endfacet
  facet normal 0 0 -1
    outer loop
      vertex -97.0891 -57.5104 0
      vertex -96.8641 57.3378 0
      vertex -96.8641 -57.3378 0
    endloop
  endfacet
  facet normal 0 0 -1
    outer loop
      vertex -97.0891 -57.5104 0
      vertex -97.0891 57.5104 0
      vertex -96.8641 57.3378 0
    endloop
  endfacet
  facet normal 0 0 -1
    outer loop
      vertex -97.2981 -57.7019 0
      vertex -97.0891 57.5104 0
      vertex -97.0891 -57.5104 0
    endloop
  endfacet
  facet normal 0 0 -1
    outer loop
      vertex -97.2981 -57.7019 0
      vertex -97.2981 57.7019 0
      vertex -97.0891 57.5104 0
    endloop
  endfacet
  facet normal 0 0 -1
    outer loop
      vertex -97.4896 -57.9109 0
      vertex -97.2981 57.7019 0
      vertex -97.2981 -57.7019 0
    endloop
  endfacet
  facet normal 0 0 -1
    outer loop
      vertex -97.4896 -57.9109 0
      vertex -97.4896 57.9109 0
      vertex -97.2981 57.7019 0
    endloop
  endfacet
  facet normal 0 0 -1
    outer loop
      vertex -97.6622 -58.1359 0
      vertex -97.4896 57.9109 0
      vertex -97.4896 -57.9109 0
    endloop
  endfacet
  facet normal 0 0 -1
    outer loop
      vertex -97.6622 -58.1359 0
      vertex -97.6622 58.1359 0
      vertex -97.4896 57.9109 0
    endloop
  endfacet
  facet normal 0 0 -1
    outer loop
      vertex -105 -67 0
      vertex -97.6622 -58.1359 0
      vertex -97.8146 -58.375 0
    endloop
  endfacet
  facet normal -0 0 -1
    outer loop
      vertex -97.6622 -58.1359 0
      vertex -105 -67 0
      vertex -97.6622 58.1359 0
    endloop
  endfacet
  facet normal 0 0 -1
    outer loop
      vertex -105 -67 0
      vertex -97.8146 -58.375 0
      vertex -97.9455 -58.6265 0
    endloop
  endfacet
  facet normal 0 0 -1
    outer loop
      vertex -105 67 0
      vertex -97.6622 58.1359 0
      vertex -105 -67 0
    endloop
  endfacet
  facet normal 0 0 -1
    outer loop
      vertex -105 -67 0
      vertex -97.9455 -58.6265 0
      vertex -98.054 -58.8884 0
    endloop
  endfacet
  facet normal 0 0 -1
    outer loop
      vertex -97.6622 58.1359 0
      vertex -105 67 0
      vertex -97.8146 58.375 0
    endloop
  endfacet
  facet normal 0 0 -1
    outer loop
      vertex -105 -67 0
      vertex -98.054 -58.8884 0
      vertex -98.1393 -59.1588 0
    endloop
  endfacet
  facet normal 0 0 -1
    outer loop
      vertex -97.8146 58.375 0
      vertex -105 67 0
      vertex -97.9455 58.6265 0
    endloop
  endfacet
  facet normal 0 0 -1
    outer loop
      vertex -105 -67 0
      vertex -98.1393 -59.1588 0
      vertex -98.2006 -59.4356 0
    endloop
  endfacet
  facet normal 0 0 -1
    outer loop
      vertex -97.9455 58.6265 0
      vertex -105 67 0
      vertex -98.054 58.8884 0
    endloop
  endfacet
  facet normal 0 0 -1
    outer loop
      vertex -105 -67 0
      vertex -98.2006 -59.4356 0
      vertex -98.2376 -59.7167 0
    endloop
  endfacet
  facet normal 0 0 -1
    outer loop
      vertex -98.054 58.8884 0
      vertex -105 67 0
      vertex -98.1393 59.1588 0
    endloop
  endfacet
  facet normal 0 0 -1
    outer loop
      vertex -105 -67 0
      vertex -98.2376 -59.7167 0
      vertex -98.25 -60 0
    endloop
  endfacet
  facet normal 0 0 -1
    outer loop
      vertex -98.1393 59.1588 0
      vertex -105 67 0
      vertex -98.2006 59.4356 0
    endloop
  endfacet
  facet normal 0 0 -1
    outer loop
      vertex -77.4626 -44.4513 0
      vertex -2.9455 -1.37351 0
      vertex -77.3361 -44.65 0
    endloop
  endfacet
  facet normal 0 0 -1
    outer loop
      vertex -3.25 0 0
      vertex -76.9846 45.7647 0
      vertex -76.9743 46 0
    endloop
  endfacet
  facet normal -0 0 -1
    outer loop
      vertex -2.9455 -1.37351 0
      vertex -77.4626 -44.4513 0
      vertex -3.054 -1.11156 0
    endloop
  endfacet
  facet normal 0 0 -1
    outer loop
      vertex -3.25 0 0
      vertex -77.0154 45.5312 0
      vertex -76.9846 45.7647 0
    endloop
  endfacet
  facet normal 0 0 -1
    outer loop
      vertex -77.606 -44.2645 0
      vertex -3.054 -1.11156 0
      vertex -77.4626 -44.4513 0
    endloop
  endfacet
  facet normal 0 0 -1
    outer loop
      vertex -3.25 0 0
      vertex -77.0663 45.3012 0
      vertex -77.0154 45.5312 0
    endloop
  endfacet
  facet normal -0 0 -1
    outer loop
      vertex -3.054 -1.11156 0
      vertex -77.606 -44.2645 0
      vertex -3.13926 -0.841162 0
    endloop
  endfacet
  facet normal 0 0 -1
    outer loop
      vertex -3.25 0 0
      vertex -77.1372 45.0765 0
      vertex -77.0663 45.3012 0
    endloop
  endfacet
  facet normal 0 0 -1
    outer loop
      vertex -77.7652 -44.0908 0
      vertex -3.13926 -0.841162 0
      vertex -77.606 -44.2645 0
    endloop
  endfacet
  facet normal 0 0 -1
    outer loop
      vertex -3.25 0 0
      vertex -77.2273 44.8589 0
      vertex -77.1372 45.0765 0
    endloop
  endfacet
  facet normal -0 0 -1
    outer loop
      vertex -3.13926 -0.841162 0
      vertex -77.7652 -44.0908 0
      vertex -3.20062 -0.564356 0
    endloop
  endfacet
  facet normal 0 0 -1
    outer loop
      vertex -3.25 0 0
      vertex -77.3361 44.65 0
      vertex -77.2273 44.8589 0
    endloop
  endfacet
  facet normal 0 0 -1
    outer loop
      vertex -77.9388 -43.9317 0
      vertex -3.20062 -0.564356 0
      vertex -77.7652 -44.0908 0
    endloop
  endfacet
  facet normal 0 0 -1
    outer loop
      vertex -3.25 0 0
      vertex -77.4626 44.4513 0
      vertex -77.3361 44.65 0
    endloop
  endfacet
  facet normal -0 0 -1
    outer loop
      vertex -3.20062 -0.564356 0
      vertex -77.9388 -43.9317 0
      vertex -3.23763 -0.283256 0
    endloop
  endfacet
  facet normal 0 0 -1
    outer loop
      vertex -3.25 0 0
      vertex -77.606 44.2645 0
      vertex -77.4626 44.4513 0
    endloop
  endfacet
  facet normal 0 0 -1
    outer loop
      vertex -78.1257 -43.7883 0
      vertex -3.23763 -0.283256 0
      vertex -77.9388 -43.9317 0
    endloop
  endfacet
  facet normal 0 0 -1
    outer loop
      vertex -3.25 0 0
      vertex -77.7652 44.0908 0
      vertex -77.606 44.2645 0
    endloop
  endfacet
  facet normal -0 0 -1
    outer loop
      vertex -3.23763 -0.283256 0
      vertex -78.1257 -43.7883 0
      vertex -3.25 0 0
    endloop
  endfacet
  facet normal 0 0 -1
    outer loop
      vertex -3.25 0 0
      vertex -77.9388 43.9317 0
      vertex -77.7652 44.0908 0
    endloop
  endfacet
  facet normal 0 0 -1
    outer loop
      vertex -78.3243 -43.6617 0
      vertex -3.25 0 0
      vertex -78.1257 -43.7883 0
    endloop
  endfacet
  facet normal 0 0 -1
    outer loop
      vertex -3.25 0 0
      vertex -78.1257 43.7883 0
      vertex -77.9388 43.9317 0
    endloop
  endfacet
  facet normal 0 0 -1
    outer loop
      vertex -78.3243 43.6617 0
      vertex -3.25 0 0
      vertex -78.3243 -43.6617 0
    endloop
  endfacet
  facet normal 0 0 -1
    outer loop
      vertex -3.25 0 0
      vertex -78.3243 43.6617 0
      vertex -78.1257 43.7883 0
    endloop
  endfacet
  facet normal 0 0 -1
    outer loop
      vertex -78.5333 -43.553 0
      vertex -78.3243 43.6617 0
      vertex -78.3243 -43.6617 0
    endloop
  endfacet
  facet normal 0 0 -1
    outer loop
      vertex -78.5333 -43.553 0
      vertex -78.5333 43.553 0
      vertex -78.3243 43.6617 0
    endloop
  endfacet
  facet normal 0 0 -1
    outer loop
      vertex -78.7509 -43.4628 0
      vertex -78.5333 43.553 0
      vertex -78.5333 -43.553 0
    endloop
  endfacet
  facet normal 0 0 -1
    outer loop
      vertex -78.7509 -43.4628 0
      vertex -78.7509 43.4628 0
      vertex -78.5333 43.553 0
    endloop
  endfacet
  facet normal 0 0 -1
    outer loop
      vertex -78.9755 -43.392 0
      vertex -78.7509 43.4628 0
      vertex -78.7509 -43.4628 0
    endloop
  endfacet
  facet normal 0 0 -1
    outer loop
      vertex -78.9755 -43.392 0
      vertex -78.9755 43.392 0
      vertex -78.7509 43.4628 0
    endloop
  endfacet
  facet normal 0 0 -1
    outer loop
      vertex -79.2055 -43.341 0
      vertex -78.9755 43.392 0
      vertex -78.9755 -43.392 0
    endloop
  endfacet
  facet normal 0 0 -1
    outer loop
      vertex -79.2055 -43.341 0
      vertex -79.2055 43.341 0
      vertex -78.9755 43.392 0
    endloop
  endfacet
  facet normal 0 0 -1
    outer loop
      vertex -79.439 -43.3103 0
      vertex -79.2055 43.341 0
      vertex -79.2055 -43.341 0
    endloop
  endfacet
  facet normal 0 0 -1
    outer loop
      vertex -79.439 -43.3103 0
      vertex -79.439 43.3103 0
      vertex -79.2055 43.341 0
    endloop
  endfacet
  facet normal 0 0 -1
    outer loop
      vertex -79.6743 -43.3 0
      vertex -79.439 43.3103 0
      vertex -79.439 -43.3103 0
    endloop
  endfacet
  facet normal 0 0 -1
    outer loop
      vertex -79.6743 -43.3 0
      vertex -79.6743 43.3 0
      vertex -79.439 43.3103 0
    endloop
  endfacet
  facet normal 0 0 -1
    outer loop
      vertex -79.9097 -43.3103 0
      vertex -79.6743 43.3 0
      vertex -79.6743 -43.3 0
    endloop
  endfacet
  facet normal 0 0 -1
    outer loop
      vertex -79.9097 -43.3103 0
      vertex -79.9097 43.3103 0
      vertex -79.6743 43.3 0
    endloop
  endfacet
  facet normal 0 0 -1
    outer loop
      vertex -80.1432 -43.341 0
      vertex -79.9097 43.3103 0
      vertex -79.9097 -43.3103 0
    endloop
  endfacet
  facet normal 0 0 -1
    outer loop
      vertex -80.1432 -43.341 0
      vertex -80.1432 43.341 0
      vertex -79.9097 43.3103 0
    endloop
  endfacet
  facet normal 0 0 -1
    outer loop
      vertex -80.3731 -43.392 0
      vertex -80.1432 43.341 0
      vertex -80.1432 -43.341 0
    endloop
  endfacet
  facet normal 0 0 -1
    outer loop
      vertex -80.3731 -43.392 0
      vertex -80.3731 43.392 0
      vertex -80.1432 43.341 0
    endloop
  endfacet
  facet normal 0 0 -1
    outer loop
      vertex -80.5978 -43.4628 0
      vertex -80.3731 43.392 0
      vertex -80.3731 -43.392 0
    endloop
  endfacet
  facet normal 0 0 -1
    outer loop
      vertex -80.5978 -43.4628 0
      vertex -80.5978 43.4628 0
      vertex -80.3731 43.392 0
    endloop
  endfacet
  facet normal 0 0 -1
    outer loop
      vertex -80.8154 -43.553 0
      vertex -80.5978 43.4628 0
      vertex -80.5978 -43.4628 0
    endloop
  endfacet
  facet normal 0 0 -1
    outer loop
      vertex -80.8154 -43.553 0
      vertex -80.8154 43.553 0
      vertex -80.5978 43.4628 0
    endloop
  endfacet
  facet normal 0 0 -1
    outer loop
      vertex -81.0243 -43.6617 0
      vertex -80.8154 43.553 0
      vertex -80.8154 -43.553 0
    endloop
  endfacet
  facet normal 0 0 -1
    outer loop
      vertex -81.0243 -43.6617 0
      vertex -81.0243 43.6617 0
      vertex -80.8154 43.553 0
    endloop
  endfacet
  facet normal 0 0 -1
    outer loop
      vertex -81.223 -43.7883 0
      vertex -81.0243 43.6617 0
      vertex -81.0243 -43.6617 0
    endloop
  endfacet
  facet normal 0 0 -1
    outer loop
      vertex -81.223 -43.7883 0
      vertex -81.223 43.7883 0
      vertex -81.0243 43.6617 0
    endloop
  endfacet
  facet normal 0 0 -1
    outer loop
      vertex -81.4099 -43.9317 0
      vertex -81.223 43.7883 0
      vertex -81.223 -43.7883 0
    endloop
  endfacet
  facet normal 0 0 -1
    outer loop
      vertex -81.4099 -43.9317 0
      vertex -81.4099 43.9317 0
      vertex -81.223 43.7883 0
    endloop
  endfacet
  facet normal 0 0 -1
    outer loop
      vertex -81.5835 -44.0908 0
      vertex -81.4099 43.9317 0
      vertex -81.4099 -43.9317 0
    endloop
  endfacet
  facet normal 0 0 -1
    outer loop
      vertex -81.5835 -44.0908 0
      vertex -81.5835 44.0908 0
      vertex -81.4099 43.9317 0
    endloop
  endfacet
  facet normal 0 0 -1
    outer loop
      vertex -81.7427 -44.2645 0
      vertex -81.5835 44.0908 0
      vertex -81.5835 -44.0908 0
    endloop
  endfacet
  facet normal 0 0 -1
    outer loop
      vertex -81.7427 -44.2645 0
      vertex -81.7427 44.2645 0
      vertex -81.5835 44.0908 0
    endloop
  endfacet
  facet normal 0 0 -1
    outer loop
      vertex -81.886 -44.4513 0
      vertex -81.7427 44.2645 0
      vertex -81.7427 -44.2645 0
    endloop
  endfacet
  facet normal 0 0 -1
    outer loop
      vertex -81.886 -44.4513 0
      vertex -81.886 44.4513 0
      vertex -81.7427 44.2645 0
    endloop
  endfacet
  facet normal 0 0 -1
    outer loop
      vertex -82.0126 -44.65 0
      vertex -81.886 44.4513 0
      vertex -81.886 -44.4513 0
    endloop
  endfacet
  facet normal 0 0 -1
    outer loop
      vertex -82.0126 -44.65 0
      vertex -82.0126 44.65 0
      vertex -81.886 44.4513 0
    endloop
  endfacet
  facet normal -0 0 -1
    outer loop
      vertex -82.1214 -47.1411 0
      vertex -93.375 -57.1854 0
      vertex -82.2115 -46.9235 0
    endloop
  endfacet
  facet normal 0 0 -1
    outer loop
      vertex -93.6265 -57.0545 0
      vertex -82.2115 -46.9235 0
      vertex -93.375 -57.1854 0
    endloop
  endfacet
  facet normal 0 0 -1
    outer loop
      vertex -93.1359 -57.3378 0
      vertex -82.0126 -47.35 0
      vertex -92.9109 -57.5104 0
    endloop
  endfacet
  facet normal -0 0 -1
    outer loop
      vertex -82.0126 -47.35 0
      vertex -93.1359 -57.3378 0
      vertex -82.1214 -47.1411 0
    endloop
  endfacet
  facet normal -0 0 -1
    outer loop
      vertex -81.886 -47.5487 0
      vertex -92.9109 -57.5104 0
      vertex -82.0126 -47.35 0
    endloop
  endfacet
  facet normal 0 0 -1
    outer loop
      vertex -93.375 -57.1854 0
      vertex -82.1214 -47.1411 0
      vertex -93.1359 -57.3378 0
    endloop
  endfacet
  facet normal 0 0 -1
    outer loop
      vertex -92.9109 -57.5104 0
      vertex -81.886 -47.5487 0
      vertex -92.7019 -57.7019 0
    endloop
  endfacet
  facet normal 0 0 -1
    outer loop
      vertex -82.1214 44.8589 0
      vertex -91.75 60 0
      vertex -82.2115 45.0765 0
    endloop
  endfacet
  facet normal -0 0 -1
    outer loop
      vertex -81.7427 -47.7355 0
      vertex -92.7019 -57.7019 0
      vertex -81.886 -47.5487 0
    endloop
  endfacet
  facet normal 0 0 -1
    outer loop
      vertex -82.2115 45.0765 0
      vertex -91.75 60 0
      vertex -82.2823 45.3012 0
    endloop
  endfacet
  facet normal 0 0 -1
    outer loop
      vertex -92.7019 -57.7019 0
      vertex -81.7427 -47.7355 0
      vertex -92.5104 -57.9109 0
    endloop
  endfacet
  facet normal 0 0 -1
    outer loop
      vertex -82.2823 45.3012 0
      vertex -91.75 60 0
      vertex -82.3333 45.5312 0
    endloop
  endfacet
  facet normal 0 0 -1
    outer loop
      vertex 95.8412 -56.8607 0
      vertex 82.1214 -44.8589 0
      vertex 96.1116 -56.946 0
    endloop
  endfacet
  facet normal 0 0 -1
    outer loop
      vertex 96.625 57.1854 0
      vertex 82.3641 45.7647 0
      vertex 82.3743 46 0
    endloop
  endfacet
  facet normal 0 0 -1
    outer loop
      vertex 82.0126 -44.65 0
      vertex 96.1116 -56.946 0
      vertex 82.1214 -44.8589 0
    endloop
  endfacet
  facet normal 0 0 -1
    outer loop
      vertex 96.625 57.1854 0
      vertex 82.3333 45.5312 0
      vertex 82.3641 45.7647 0
    endloop
  endfacet
  facet normal 0 0 -1
    outer loop
      vertex 96.1116 -56.946 0
      vertex 82.0126 -44.65 0
      vertex 96.3735 -57.0545 0
    endloop
  endfacet
  facet normal 0 0 -1
    outer loop
      vertex 96.625 57.1854 0
      vertex 82.2823 45.3012 0
      vertex 82.3333 45.5312 0
    endloop
  endfacet
  facet normal 0 0 -1
    outer loop
      vertex 81.886 -44.4513 0
      vertex 96.3735 -57.0545 0
      vertex 82.0126 -44.65 0
    endloop
  endfacet
  facet normal 0 0 -1
    outer loop
      vertex 96.625 57.1854 0
      vertex 82.2115 45.0765 0
      vertex 82.2823 45.3012 0
    endloop
  endfacet
  facet normal 0 0 -1
    outer loop
      vertex 96.3735 -57.0545 0
      vertex 81.886 -44.4513 0
      vertex 96.625 -57.1854 0
    endloop
  endfacet
  facet normal 0 0 -1
    outer loop
      vertex 96.625 57.1854 0
      vertex 82.1214 44.8589 0
      vertex 82.2115 45.0765 0
    endloop
  endfacet
  facet normal 0 0 -1
    outer loop
      vertex 81.7427 -44.2645 0
      vertex 96.625 -57.1854 0
      vertex 81.886 -44.4513 0
    endloop
  endfacet
  facet normal 0 0 -1
    outer loop
      vertex 96.625 57.1854 0
      vertex 82.0126 44.65 0
      vertex 82.1214 44.8589 0
    endloop
  endfacet
  facet normal 0 0 -1
    outer loop
      vertex 96.625 -57.1854 0
      vertex 81.7427 -44.2645 0
      vertex 96.625 57.1854 0
    endloop
  endfacet
  facet normal 0 0 -1
    outer loop
      vertex 96.625 57.1854 0
      vertex 81.886 44.4513 0
      vertex 82.0126 44.65 0
    endloop
  endfacet
  facet normal 0 0 -1
    outer loop
      vertex 81.7427 44.2645 0
      vertex 96.625 57.1854 0
      vertex 81.7427 -44.2645 0
    endloop
  endfacet
  facet normal 0 0 -1
    outer loop
      vertex 96.625 57.1854 0
      vertex 81.7427 44.2645 0
      vertex 81.886 44.4513 0
    endloop
  endfacet
  facet normal 0 0 -1
    outer loop
      vertex 81.5835 -44.0908 0
      vertex 81.7427 44.2645 0
      vertex 81.7427 -44.2645 0
    endloop
  endfacet
  facet normal 0 0 -1
    outer loop
      vertex 81.5835 -44.0908 0
      vertex 81.5835 44.0908 0
      vertex 81.7427 44.2645 0
    endloop
  endfacet
  facet normal 0 0 -1
    outer loop
      vertex 81.4099 -43.9317 0
      vertex 81.5835 44.0908 0
      vertex 81.5835 -44.0908 0
    endloop
  endfacet
  facet normal 0 0 -1
    outer loop
      vertex 81.4099 -43.9317 0
      vertex 81.4099 43.9317 0
      vertex 81.5835 44.0908 0
    endloop
  endfacet
  facet normal 0 0 -1
    outer loop
      vertex 81.223 -43.7883 0
      vertex 81.4099 43.9317 0
      vertex 81.4099 -43.9317 0
    endloop
  endfacet
  facet normal 0 0 -1
    outer loop
      vertex 81.223 -43.7883 0
      vertex 81.223 43.7883 0
      vertex 81.4099 43.9317 0
    endloop
  endfacet
  facet normal 0 0 -1
    outer loop
      vertex 81.0243 -43.6617 0
      vertex 81.223 43.7883 0
      vertex 81.223 -43.7883 0
    endloop
  endfacet
  facet normal 0 0 -1
    outer loop
      vertex 81.0243 -43.6617 0
      vertex 81.0243 43.6617 0
      vertex 81.223 43.7883 0
    endloop
  endfacet
  facet normal 0 0 -1
    outer loop
      vertex 80.8154 -43.553 0
      vertex 81.0243 43.6617 0
      vertex 81.0243 -43.6617 0
    endloop
  endfacet
  facet normal 0 0 -1
    outer loop
      vertex 80.8154 -43.553 0
      vertex 80.8154 43.553 0
      vertex 81.0243 43.6617 0
    endloop
  endfacet
  facet normal 0 0 -1
    outer loop
      vertex 80.5978 -43.4628 0
      vertex 80.8154 43.553 0
      vertex 80.8154 -43.553 0
    endloop
  endfacet
  facet normal 0 0 -1
    outer loop
      vertex 80.5978 -43.4628 0
      vertex 80.5978 43.4628 0
      vertex 80.8154 43.553 0
    endloop
  endfacet
  facet normal 0 0 -1
    outer loop
      vertex 80.3731 -43.392 0
      vertex 80.5978 43.4628 0
      vertex 80.5978 -43.4628 0
    endloop
  endfacet
  facet normal 0 0 -1
    outer loop
      vertex 80.3731 -43.392 0
      vertex 80.3731 43.392 0
      vertex 80.5978 43.4628 0
    endloop
  endfacet
  facet normal 0 0 -1
    outer loop
      vertex 80.1432 -43.341 0
      vertex 80.3731 43.392 0
      vertex 80.3731 -43.392 0
    endloop
  endfacet
  facet normal 0 0 -1
    outer loop
      vertex 80.1432 -43.341 0
      vertex 80.1432 43.341 0
      vertex 80.3731 43.392 0
    endloop
  endfacet
  facet normal 0 0 -1
    outer loop
      vertex 79.9097 -43.3103 0
      vertex 80.1432 43.341 0
      vertex 80.1432 -43.341 0
    endloop
  endfacet
  facet normal 0 0 -1
    outer loop
      vertex 79.9097 -43.3103 0
      vertex 79.9097 43.3103 0
      vertex 80.1432 43.341 0
    endloop
  endfacet
  facet normal 0 0 -1
    outer loop
      vertex 79.6743 -43.3 0
      vertex 79.9097 43.3103 0
      vertex 79.9097 -43.3103 0
    endloop
  endfacet
  facet normal 0 0 -1
    outer loop
      vertex 79.6743 -43.3 0
      vertex 79.6743 43.3 0
      vertex 79.9097 43.3103 0
    endloop
  endfacet
  facet normal 0 0 -1
    outer loop
      vertex 79.439 -43.3103 0
      vertex 79.6743 43.3 0
      vertex 79.6743 -43.3 0
    endloop
  endfacet
  facet normal 0 0 -1
    outer loop
      vertex 79.439 -43.3103 0
      vertex 79.439 43.3103 0
      vertex 79.6743 43.3 0
    endloop
  endfacet
  facet normal 0 0 -1
    outer loop
      vertex 79.2055 -43.341 0
      vertex 79.439 43.3103 0
      vertex 79.439 -43.3103 0
    endloop
  endfacet
  facet normal 0 0 -1
    outer loop
      vertex 79.2055 -43.341 0
      vertex 79.2055 43.341 0
      vertex 79.439 43.3103 0
    endloop
  endfacet
  facet normal 0 0 -1
    outer loop
      vertex 78.9755 -43.392 0
      vertex 79.2055 43.341 0
      vertex 79.2055 -43.341 0
    endloop
  endfacet
  facet normal 0 0 -1
    outer loop
      vertex 78.9755 -43.392 0
      vertex 78.9755 43.392 0
      vertex 79.2055 43.341 0
    endloop
  endfacet
  facet normal 0 0 -1
    outer loop
      vertex 78.7509 -43.4628 0
      vertex 78.9755 43.392 0
      vertex 78.9755 -43.392 0
    endloop
  endfacet
  facet normal 0 0 -1
    outer loop
      vertex 78.7509 -43.4628 0
      vertex 78.7509 43.4628 0
      vertex 78.9755 43.392 0
    endloop
  endfacet
  facet normal 0 0 -1
    outer loop
      vertex 78.5333 -43.553 0
      vertex 78.7509 43.4628 0
      vertex 78.7509 -43.4628 0
    endloop
  endfacet
  facet normal 0 0 -1
    outer loop
      vertex 78.5333 -43.553 0
      vertex 78.5333 43.553 0
      vertex 78.7509 43.4628 0
    endloop
  endfacet
  facet normal 0 0 -1
    outer loop
      vertex 78.3243 -43.6617 0
      vertex 78.5333 43.553 0
      vertex 78.5333 -43.553 0
    endloop
  endfacet
  facet normal 0 0 -1
    outer loop
      vertex 78.3243 -43.6617 0
      vertex 78.3243 43.6617 0
      vertex 78.5333 43.553 0
    endloop
  endfacet
  facet normal 0 0 -1
    outer loop
      vertex 3.25 0 0
      vertex 78.3243 -43.6617 0
      vertex 78.1257 -43.7883 0
    endloop
  endfacet
  facet normal 0 0 -1
    outer loop
      vertex 78.3243 -43.6617 0
      vertex 3.25 0 0
      vertex 78.3243 43.6617 0
    endloop
  endfacet
  facet normal 0 0 -1
    outer loop
      vertex 3.23763 -0.283256 0
      vertex 78.1257 -43.7883 0
      vertex 77.9388 -43.9317 0
    endloop
  endfacet
  facet normal -0 0 -1
    outer loop
      vertex 78.3243 43.6617 0
      vertex 3.25 0 0
      vertex 78.1257 43.7883 0
    endloop
  endfacet
  facet normal 0 0 -1
    outer loop
      vertex 3.20062 -0.564356 0
      vertex 77.9388 -43.9317 0
      vertex 77.7652 -44.0908 0
    endloop
  endfacet
  facet normal 0 0 -1
    outer loop
      vertex 3.23763 0.283256 0
      vertex 78.1257 43.7883 0
      vertex 3.25 0 0
    endloop
  endfacet
  facet normal 0 0 -1
    outer loop
      vertex 3.13926 -0.841162 0
      vertex 77.7652 -44.0908 0
      vertex 77.606 -44.2645 0
    endloop
  endfacet
  facet normal -0 0 -1
    outer loop
      vertex 78.1257 43.7883 0
      vertex 3.23763 0.283256 0
      vertex 77.9388 43.9317 0
    endloop
  endfacet
  facet normal 0 0 -1
    outer loop
      vertex 3.054 -1.11156 0
      vertex 77.606 -44.2645 0
      vertex 77.4626 -44.4513 0
    endloop
  endfacet
  facet normal 0 0 -1
    outer loop
      vertex 3.20062 0.564356 0
      vertex 77.9388 43.9317 0
      vertex 3.23763 0.283256 0
    endloop
  endfacet
  facet normal 0 0 -1
    outer loop
      vertex 2.9455 -1.37351 0
      vertex 77.4626 -44.4513 0
      vertex 77.3361 -44.65 0
    endloop
  endfacet
  facet normal -0 0 -1
    outer loop
      vertex 77.9388 43.9317 0
      vertex 3.20062 0.564356 0
      vertex 77.7652 44.0908 0
    endloop
  endfacet
  facet normal 0 0 -1
    outer loop
      vertex 2.81458 -1.625 0
      vertex 77.3361 -44.65 0
      vertex 77.2273 -44.8589 0
    endloop
  endfacet
  facet normal 0 0 -1
    outer loop
      vertex 3.13926 0.841162 0
      vertex 77.7652 44.0908 0
      vertex 3.20062 0.564356 0
    endloop
  endfacet
  facet normal 0 0 -1
    outer loop
      vertex 2.66224 -1.86412 0
      vertex 77.2273 -44.8589 0
      vertex 77.1372 -45.0765 0
    endloop
  endfacet
  facet normal -0 0 -1
    outer loop
      vertex 77.7652 44.0908 0
      vertex 3.13926 0.841162 0
      vertex 77.606 44.2645 0
    endloop
  endfacet
  facet normal 0 0 -1
    outer loop
      vertex 2.48964 -2.08906 0
      vertex 77.1372 -45.0765 0
      vertex 77.0663 -45.3012 0
    endloop
  endfacet
  facet normal 0 0 -1
    outer loop
      vertex 3.054 1.11156 0
      vertex 77.606 44.2645 0
      vertex 3.13926 0.841162 0
    endloop
  endfacet
  facet normal 0 0 -1
    outer loop
      vertex 2.2981 -2.2981 0
      vertex 77.0663 -45.3012 0
      vertex 77.0154 -45.5312 0
    endloop
  endfacet
  facet normal -0 0 -1
    outer loop
      vertex 77.606 44.2645 0
      vertex 3.054 1.11156 0
      vertex 77.4626 44.4513 0
    endloop
  endfacet
  facet normal 0 0 -1
    outer loop
      vertex 2.08906 -2.48964 0
      vertex 77.0154 -45.5312 0
      vertex 76.9846 -45.7647 0
    endloop
  endfacet
  facet normal 0 0 -1
    outer loop
      vertex 2.9455 1.37351 0
      vertex 77.4626 44.4513 0
      vertex 3.054 1.11156 0
    endloop
  endfacet
  facet normal 0 0 -1
    outer loop
      vertex 1.86412 -2.66224 0
      vertex 76.9846 -45.7647 0
      vertex 76.9743 -46 0
    endloop
  endfacet
  facet normal -0 0 -1
    outer loop
      vertex 77.4626 44.4513 0
      vertex 2.9455 1.37351 0
      vertex 77.3361 44.65 0
    endloop
  endfacet
  facet normal 0 0 -1
    outer loop
      vertex 98.1393 -59.1588 0
      vertex 105 -67 0
      vertex 98.2006 -59.4356 0
    endloop
  endfacet
  facet normal 0 0 -1
    outer loop
      vertex 105 67 0
      vertex 98.2376 59.7167 0
      vertex 98.25 60 0
    endloop
  endfacet
  facet normal 0 0 -1
    outer loop
      vertex 98.054 -58.8884 0
      vertex 105 -67 0
      vertex 98.1393 -59.1588 0
    endloop
  endfacet
  facet normal 0 0 -1
    outer loop
      vertex 105 67 0
      vertex 98.2006 59.4356 0
      vertex 98.2376 59.7167 0
    endloop
  endfacet
  facet normal 0 0 -1
    outer loop
      vertex 97.9455 -58.6265 0
      vertex 105 -67 0
      vertex 98.054 -58.8884 0
    endloop
  endfacet
  facet normal 0 0 -1
    outer loop
      vertex 105 67 0
      vertex 98.1393 59.1588 0
      vertex 98.2006 59.4356 0
    endloop
  endfacet
  facet normal 0 0 -1
    outer loop
      vertex 97.8146 -58.375 0
      vertex 105 -67 0
      vertex 97.9455 -58.6265 0
    endloop
  endfacet
  facet normal 0 0 -1
    outer loop
      vertex 105 67 0
      vertex 98.054 58.8884 0
      vertex 98.1393 59.1588 0
    endloop
  endfacet
  facet normal 0 0 -1
    outer loop
      vertex 97.6622 -58.1359 0
      vertex 105 -67 0
      vertex 97.8146 -58.375 0
    endloop
  endfacet
  facet normal 0 0 -1
    outer loop
      vertex 105 67 0
      vertex 97.9455 58.6265 0
      vertex 98.054 58.8884 0
    endloop
  endfacet
  facet normal 0 0 -1
    outer loop
      vertex 105 -67 0
      vertex 97.6622 -58.1359 0
      vertex 105 67 0
    endloop
  endfacet
  facet normal 0 0 -1
    outer loop
      vertex 105 67 0
      vertex 97.8146 58.375 0
      vertex 97.9455 58.6265 0
    endloop
  endfacet
  facet normal 0 0 -1
    outer loop
      vertex 97.6622 58.1359 0
      vertex 105 67 0
      vertex 97.6622 -58.1359 0
    endloop
  endfacet
  facet normal 0 0 -1
    outer loop
      vertex 105 67 0
      vertex 97.6622 58.1359 0
      vertex 97.8146 58.375 0
    endloop
  endfacet
  facet normal 0 0 -1
    outer loop
      vertex 97.4896 -57.9109 0
      vertex 97.6622 58.1359 0
      vertex 97.6622 -58.1359 0
    endloop
  endfacet
  facet normal 0 0 -1
    outer loop
      vertex 97.4896 -57.9109 0
      vertex 97.4896 57.9109 0
      vertex 97.6622 58.1359 0
    endloop
  endfacet
  facet normal 0 0 -1
    outer loop
      vertex 97.2981 -57.7019 0
      vertex 97.4896 57.9109 0
      vertex 97.4896 -57.9109 0
    endloop
  endfacet
  facet normal 0 0 -1
    outer loop
      vertex 97.2981 -57.7019 0
      vertex 97.2981 57.7019 0
      vertex 97.4896 57.9109 0
    endloop
  endfacet
  facet normal 0 0 -1
    outer loop
      vertex 97.0891 -57.5104 0
      vertex 97.2981 57.7019 0
      vertex 97.2981 -57.7019 0
    endloop
  endfacet
  facet normal 0 0 -1
    outer loop
      vertex 97.0891 -57.5104 0
      vertex 97.0891 57.5104 0
      vertex 97.2981 57.7019 0
    endloop
  endfacet
  facet normal 0 0 -1
    outer loop
      vertex 96.8641 -57.3378 0
      vertex 97.0891 57.5104 0
      vertex 97.0891 -57.5104 0
    endloop
  endfacet
  facet normal 0 0 -1
    outer loop
      vertex 96.8641 -57.3378 0
      vertex 96.8641 57.3378 0
      vertex 97.0891 57.5104 0
    endloop
  endfacet
  facet normal 0 0 -1
    outer loop
      vertex 96.625 -57.1854 0
      vertex 96.8641 57.3378 0
      vertex 96.8641 -57.3378 0
    endloop
  endfacet
  facet normal 0 0 -1
    outer loop
      vertex 96.625 -57.1854 0
      vertex 96.625 57.1854 0
      vertex 96.8641 57.3378 0
    endloop
  endfacet
  facet normal 0 0 -1
    outer loop
      vertex 82.2115 -45.0765 0
      vertex 95.5644 -56.7994 0
      vertex 82.2823 -45.3012 0
    endloop
  endfacet
  facet normal 0 0 -1
    outer loop
      vertex 95.5644 -56.7994 0
      vertex 82.2115 -45.0765 0
      vertex 95.8412 -56.8607 0
    endloop
  endfacet
  facet normal 0 0 -1
    outer loop
      vertex 95.2833 -56.7624 0
      vertex 82.2823 -45.3012 0
      vertex 95.5644 -56.7994 0
    endloop
  endfacet
  facet normal 0 0 -1
    outer loop
      vertex 82.1214 -44.8589 0
      vertex 95.8412 -56.8607 0
      vertex 82.2115 -45.0765 0
    endloop
  endfacet
  facet normal 0 0 -1
    outer loop
      vertex 82.2823 -45.3012 0
      vertex 95.2833 -56.7624 0
      vertex 82.3333 -45.5312 0
    endloop
  endfacet
  facet normal 0 0 -1
    outer loop
      vertex 96.625 57.1854 0
      vertex 82.3743 46 0
      vertex 96.3735 57.0545 0
    endloop
  endfacet
  facet normal 0 0 -1
    outer loop
      vertex 95 -56.75 0
      vertex 82.3333 -45.5312 0
      vertex 95.2833 -56.7624 0
    endloop
  endfacet
  facet normal 0 0 -1
    outer loop
      vertex 96.3735 57.0545 0
      vertex 82.3743 46 0
      vertex 96.1116 56.946 0
    endloop
  endfacet
  facet normal 0 0 -1
    outer loop
      vertex 82.3333 -45.5312 0
      vertex 95 -56.75 0
      vertex 82.3641 -45.7647 0
    endloop
  endfacet
  facet normal 0 0 -1
    outer loop
      vertex 96.1116 56.946 0
      vertex 82.3743 46 0
      vertex 95.8412 56.8607 0
    endloop
  endfacet
  facet normal 0 0 -1
    outer loop
      vertex 94.7167 -56.7624 0
      vertex 82.3641 -45.7647 0
      vertex 95 -56.75 0
    endloop
  endfacet
  facet normal 0 0 -1
    outer loop
      vertex 95.8412 56.8607 0
      vertex 82.3743 46 0
      vertex 95.5644 56.7994 0
    endloop
  endfacet
  facet normal 0 0 -1
    outer loop
      vertex 82.3641 -45.7647 0
      vertex 94.7167 -56.7624 0
      vertex 82.3743 -46 0
    endloop
  endfacet
  facet normal 0 0 -1
    outer loop
      vertex 95.5644 56.7994 0
      vertex 82.3743 46 0
      vertex 95.2833 56.7624 0
    endloop
  endfacet
  facet normal 0 0 -1
    outer loop
      vertex 82.3743 -46 0
      vertex 94.7167 -56.7624 0
      vertex 94.4356 -56.7994 0
    endloop
  endfacet
  facet normal 0 0 -1
    outer loop
      vertex 95.2833 56.7624 0
      vertex 82.3743 46 0
      vertex 95 56.75 0
    endloop
  endfacet
  facet normal 0 0 -1
    outer loop
      vertex 82.3641 -46.2353 0
      vertex 94.4356 -56.7994 0
      vertex 94.1588 -56.8607 0
    endloop
  endfacet
  facet normal -0 0 -1
    outer loop
      vertex 95 56.75 0
      vertex 82.3743 46 0
      vertex 94.7167 56.7624 0
    endloop
  endfacet
  facet normal 0 0 -1
    outer loop
      vertex 82.3333 -46.4688 0
      vertex 94.1588 -56.8607 0
      vertex 93.8884 -56.946 0
    endloop
  endfacet
  facet normal -0 0 -1
    outer loop
      vertex 94.7167 56.7624 0
      vertex 82.3743 46 0
      vertex 94.4356 56.7994 0
    endloop
  endfacet
  facet normal 0 0 -1
    outer loop
      vertex 82.2823 -46.6988 0
      vertex 93.8884 -56.946 0
      vertex 93.6265 -57.0545 0
    endloop
  endfacet
  facet normal 0 0 -1
    outer loop
      vertex 82.3641 46.2353 0
      vertex 94.4356 56.7994 0
      vertex 82.3743 46 0
    endloop
  endfacet
  facet normal 0 0 -1
    outer loop
      vertex 82.2115 -46.9235 0
      vertex 93.6265 -57.0545 0
      vertex 93.375 -57.1854 0
    endloop
  endfacet
  facet normal -0 0 -1
    outer loop
      vertex 94.4356 56.7994 0
      vertex 82.3641 46.2353 0
      vertex 94.1588 56.8607 0
    endloop
  endfacet
  facet normal 0 0 -1
    outer loop
      vertex 82.1214 -47.1411 0
      vertex 93.375 -57.1854 0
      vertex 93.1359 -57.3378 0
    endloop
  endfacet
  facet normal 0 0 -1
    outer loop
      vertex 82.3333 46.4688 0
      vertex 94.1588 56.8607 0
      vertex 82.3641 46.2353 0
    endloop
  endfacet
  facet normal 0 0 -1
    outer loop
      vertex 82.0126 -47.35 0
      vertex 93.1359 -57.3378 0
      vertex 92.9109 -57.5104 0
    endloop
  endfacet
  facet normal -0 0 -1
    outer loop
      vertex 94.1588 56.8607 0
      vertex 82.3333 46.4688 0
      vertex 93.8884 56.946 0
    endloop
  endfacet
  facet normal 0 0 -1
    outer loop
      vertex 81.886 -47.5487 0
      vertex 92.9109 -57.5104 0
      vertex 92.7019 -57.7019 0
    endloop
  endfacet
  facet normal 0 0 -1
    outer loop
      vertex 82.2823 46.6988 0
      vertex 93.8884 56.946 0
      vertex 82.3333 46.4688 0
    endloop
  endfacet
  facet normal 0 0 -1
    outer loop
      vertex 81.7427 -47.7355 0
      vertex 92.7019 -57.7019 0
      vertex 92.5104 -57.9109 0
    endloop
  endfacet
  facet normal -0 0 -1
    outer loop
      vertex 93.8884 56.946 0
      vertex 82.2823 46.6988 0
      vertex 93.6265 57.0545 0
    endloop
  endfacet
  facet normal 0 0 -1
    outer loop
      vertex 81.5835 -47.9092 0
      vertex 92.5104 -57.9109 0
      vertex 92.3378 -58.1359 0
    endloop
  endfacet
  facet normal 0 0 -1
    outer loop
      vertex 82.2115 46.9235 0
      vertex 93.6265 57.0545 0
      vertex 82.2823 46.6988 0
    endloop
  endfacet
  facet normal 0 0 -1
    outer loop
      vertex 81.4099 -48.0683 0
      vertex 92.3378 -58.1359 0
      vertex 92.1854 -58.375 0
    endloop
  endfacet
  facet normal -0 0 -1
    outer loop
      vertex 93.6265 57.0545 0
      vertex 82.2115 46.9235 0
      vertex 93.375 57.1854 0
    endloop
  endfacet
  facet normal 0 0 -1
    outer loop
      vertex 81.0243 -48.3383 0
      vertex 92.1854 -58.375 0
      vertex 92.0545 -58.6265 0
    endloop
  endfacet
  facet normal 0 0 -1
    outer loop
      vertex 82.1214 47.1411 0
      vertex 93.375 57.1854 0
      vertex 82.2115 46.9235 0
    endloop
  endfacet
  facet normal 0 0 -1
    outer loop
      vertex 80.8154 -48.447 0
      vertex 92.0545 -58.6265 0
      vertex 91.946 -58.8884 0
    endloop
  endfacet
  facet normal -0 0 -1
    outer loop
      vertex 93.375 57.1854 0
      vertex 82.1214 47.1411 0
      vertex 93.1359 57.3378 0
    endloop
  endfacet
  facet normal 0 0 -1
    outer loop
      vertex 80.5978 -48.5372 0
      vertex 91.946 -58.8884 0
      vertex 91.8607 -59.1588 0
    endloop
  endfacet
  facet normal 0 0 -1
    outer loop
      vertex 82.0126 47.35 0
      vertex 93.1359 57.3378 0
      vertex 82.1214 47.1411 0
    endloop
  endfacet
  facet normal 0 0 -1
    outer loop
      vertex 80.3731 -48.608 0
      vertex 91.8607 -59.1588 0
      vertex 91.7994 -59.4356 0
    endloop
  endfacet
  facet normal -0 0 -1
    outer loop
      vertex 93.1359 57.3378 0
      vertex 82.0126 47.35 0
      vertex 92.9109 57.5104 0
    endloop
  endfacet
  facet normal 0 0 -1
    outer loop
      vertex 80.1432 -48.659 0
      vertex 91.7994 -59.4356 0
      vertex 91.7624 -59.7167 0
    endloop
  endfacet
  facet normal 0 0 -1
    outer loop
      vertex 81.886 47.5487 0
      vertex 92.9109 57.5104 0
      vertex 82.0126 47.35 0
    endloop
  endfacet
  facet normal 0 0 -1
    outer loop
      vertex 79.9097 -48.6897 0
      vertex 91.7624 -59.7167 0
      vertex 91.75 -60 0
    endloop
  endfacet
  facet normal -0 0 -1
    outer loop
      vertex 92.9109 57.5104 0
      vertex 81.886 47.5487 0
      vertex 92.7019 57.7019 0
    endloop
  endfacet
  facet normal 0 0 -1
    outer loop
      vertex 96.8641 -62.6622 0
      vertex 105 -67 0
      vertex 104.97 -67.6973 0
    endloop
  endfacet
  facet normal 0 0 -1
    outer loop
      vertex 98.2376 -59.7167 0
      vertex 105 -67 0
      vertex 98.25 -60 0
    endloop
  endfacet
  facet normal 0 0 -1
    outer loop
      vertex 96.625 -62.8146 0
      vertex 104.97 -67.6973 0
      vertex 104.878 -68.3892 0
    endloop
  endfacet
  facet normal 0 0 -1
    outer loop
      vertex 98.2006 -59.4356 0
      vertex 105 -67 0
      vertex 98.2376 -59.7167 0
    endloop
  endfacet
  facet normal 0 0 -1
    outer loop
      vertex 96.625 -62.8146 0
      vertex 104.878 -68.3892 0
      vertex 104.727 -69.0706 0
    endloop
  endfacet
  facet normal 0 0 -1
    outer loop
      vertex 98.2376 60.2833 0
      vertex 105 67 0
      vertex 98.25 60 0
    endloop
  endfacet
  facet normal 0 0 -1
    outer loop
      vertex 96.625 -62.8146 0
      vertex 104.727 -69.0706 0
      vertex 104.518 -69.7362 0
    endloop
  endfacet
  facet normal 0 0 -1
    outer loop
      vertex 98.2006 60.5644 0
      vertex 105 67 0
      vertex 98.2376 60.2833 0
    endloop
  endfacet
  facet normal 0 0 -1
    outer loop
      vertex 96.625 -62.8146 0
      vertex 104.518 -69.7362 0
      vertex 104.25 -70.381 0
    endloop
  endfacet
  facet normal 0 0 -1
    outer loop
      vertex 98.1393 60.8412 0
      vertex 105 67 0
      vertex 98.2006 60.5644 0
    endloop
  endfacet
  facet normal 0 0 -1
    outer loop
      vertex 96.3735 -62.9455 0
      vertex 104.25 -70.381 0
      vertex 103.928 -71 0
    endloop
  endfacet
  facet normal 0 0 -1
    outer loop
      vertex 98.054 61.1116 0
      vertex 105 67 0
      vertex 98.1393 60.8412 0
    endloop
  endfacet
  facet normal 0 0 -1
    outer loop
      vertex 96.3735 -62.9455 0
      vertex 103.928 -71 0
      vertex 103.553 -71.5886 0
    endloop
  endfacet
  facet normal 0 0 -1
    outer loop
      vertex 97.9455 61.3735 0
      vertex 105 67 0
      vertex 98.054 61.1116 0
    endloop
  endfacet
  facet normal 0 0 -1
    outer loop
      vertex 96.3735 -62.9455 0
      vertex 103.553 -71.5886 0
      vertex 103.128 -72.1423 0
    endloop
  endfacet
  facet normal 0 0 -1
    outer loop
      vertex 97.8146 61.625 0
      vertex 105 67 0
      vertex 97.9455 61.3735 0
    endloop
  endfacet
  facet normal 0 0 -1
    outer loop
      vertex 96.3735 -62.9455 0
      vertex 103.128 -72.1423 0
      vertex 102.657 -72.6569 0
    endloop
  endfacet
  facet normal 0 0 -1
    outer loop
      vertex 97.6622 61.8641 0
      vertex 105 67 0
      vertex 97.8146 61.625 0
    endloop
  endfacet
  facet normal 0 0 -1
    outer loop
      vertex 96.1116 -63.054 0
      vertex 102.657 -72.6569 0
      vertex 102.142 -73.1284 0
    endloop
  endfacet
  facet normal 0 0 -1
    outer loop
      vertex 97.4896 62.0891 0
      vertex 105 67 0
      vertex 97.6622 61.8641 0
    endloop
  endfacet
  facet normal 0 0 -1
    outer loop
      vertex 96.1116 -63.054 0
      vertex 102.142 -73.1284 0
      vertex 101.589 -73.5532 0
    endloop
  endfacet
  facet normal 0 0 -1
    outer loop
      vertex 97.2981 62.2981 0
      vertex 105 67 0
      vertex 97.4896 62.0891 0
    endloop
  endfacet
  facet normal 0 0 -1
    outer loop
      vertex 96.1116 -63.054 0
      vertex 101.589 -73.5532 0
      vertex 101 -73.9282 0
    endloop
  endfacet
  facet normal 0 0 -1
    outer loop
      vertex 97.0891 62.4896 0
      vertex 105 67 0
      vertex 97.2981 62.2981 0
    endloop
  endfacet
  facet normal 0 0 -1
    outer loop
      vertex 96.1116 -63.054 0
      vertex 101 -73.9282 0
      vertex 100.381 -74.2505 0
    endloop
  endfacet
  facet normal 0 0 -1
    outer loop
      vertex 96.8641 62.6622 0
      vertex 105 67 0
      vertex 97.0891 62.4896 0
    endloop
  endfacet
  facet normal 0 0 -1
    outer loop
      vertex 96.1116 -63.054 0
      vertex 100.381 -74.2505 0
      vertex 99.7362 -74.5175 0
    endloop
  endfacet
  facet normal -0 0 -1
    outer loop
      vertex 105 67 0
      vertex 96.8641 62.6622 0
      vertex 104.97 67.6973 0
    endloop
  endfacet
  facet normal 0 0 -1
    outer loop
      vertex 95.8412 -63.1393 0
      vertex 99.7362 -74.5175 0
      vertex 99.0706 -74.7274 0
    endloop
  endfacet
  facet normal 0 0 -1
    outer loop
      vertex 96.625 62.8146 0
      vertex 104.97 67.6973 0
      vertex 96.8641 62.6622 0
    endloop
  endfacet
  facet normal 0 0 -1
    outer loop
      vertex 95.8412 -63.1393 0
      vertex 99.0706 -74.7274 0
      vertex 98.3892 -74.8785 0
    endloop
  endfacet
  facet normal -0 0 -1
    outer loop
      vertex 104.97 67.6973 0
      vertex 96.625 62.8146 0
      vertex 104.878 68.3892 0
    endloop
  endfacet
  facet normal -0 0 -1
    outer loop
      vertex 104.878 68.3892 0
      vertex 96.625 62.8146 0
      vertex 104.727 69.0706 0
    endloop
  endfacet
  facet normal 0 0 -1
    outer loop
      vertex 105 -67 0
      vertex 98.2376 -60.2833 0
      vertex 98.25 -60 0
    endloop
  endfacet
  facet normal 0 0 -1
    outer loop
      vertex 105 -67 0
      vertex 98.2006 -60.5644 0
      vertex 98.2376 -60.2833 0
    endloop
  endfacet
  facet normal 0 0 -1
    outer loop
      vertex 105 -67 0
      vertex 98.1393 -60.8412 0
      vertex 98.2006 -60.5644 0
    endloop
  endfacet
  facet normal 0 0 -1
    outer loop
      vertex 105 -67 0
      vertex 98.054 -61.1116 0
      vertex 98.1393 -60.8412 0
    endloop
  endfacet
  facet normal 0 0 -1
    outer loop
      vertex 105 -67 0
      vertex 97.9455 -61.3735 0
      vertex 98.054 -61.1116 0
    endloop
  endfacet
  facet normal 0 0 -1
    outer loop
      vertex 105 -67 0
      vertex 97.8146 -61.625 0
      vertex 97.9455 -61.3735 0
    endloop
  endfacet
  facet normal 0 0 -1
    outer loop
      vertex 95.8412 -63.1393 0
      vertex 98.3892 -74.8785 0
      vertex 97.6973 -74.9696 0
    endloop
  endfacet
  facet normal 0 0 -1
    outer loop
      vertex 105 -67 0
      vertex 97.6622 -61.8641 0
      vertex 97.8146 -61.625 0
    endloop
  endfacet
  facet normal 0 0 -1
    outer loop
      vertex 105 -67 0
      vertex 97.4896 -62.0891 0
      vertex 97.6622 -61.8641 0
    endloop
  endfacet
  facet normal 0 0 -1
    outer loop
      vertex 105 -67 0
      vertex 97.2981 -62.2981 0
      vertex 97.4896 -62.0891 0
    endloop
  endfacet
  facet normal 0 0 -1
    outer loop
      vertex 105 -67 0
      vertex 97.0891 -62.4896 0
      vertex 97.2981 -62.2981 0
    endloop
  endfacet
  facet normal 0 0 -1
    outer loop
      vertex 95.8412 -63.1393 0
      vertex 97.6973 -74.9696 0
      vertex 97 -75 0
    endloop
  endfacet
  facet normal 0 0 -1
    outer loop
      vertex 105 -67 0
      vertex 96.8641 -62.6622 0
      vertex 97.0891 -62.4896 0
    endloop
  endfacet
  facet normal 0 0 -1
    outer loop
      vertex 104.97 -67.6973 0
      vertex 96.625 -62.8146 0
      vertex 96.8641 -62.6622 0
    endloop
  endfacet
  facet normal 0 0 -1
    outer loop
      vertex 104.25 -70.381 0
      vertex 96.3735 -62.9455 0
      vertex 96.625 -62.8146 0
    endloop
  endfacet
  facet normal 0 0 -1
    outer loop
      vertex 102.657 -72.6569 0
      vertex 96.1116 -63.054 0
      vertex 96.3735 -62.9455 0
    endloop
  endfacet
  facet normal 0 0 -1
    outer loop
      vertex 99.7362 -74.5175 0
      vertex 95.8412 -63.1393 0
      vertex 96.1116 -63.054 0
    endloop
  endfacet
  facet normal 0 0 -1
    outer loop
      vertex 97 -75 0
      vertex 95.5644 -63.2006 0
      vertex 95.8412 -63.1393 0
    endloop
  endfacet
  facet normal 0 0 -1
    outer loop
      vertex 97 -75 0
      vertex 95.2833 -63.2376 0
      vertex 95.5644 -63.2006 0
    endloop
  endfacet
  facet normal 0 0 -1
    outer loop
      vertex 97 -75 0
      vertex 95 -63.25 0
      vertex 95.2833 -63.2376 0
    endloop
  endfacet
  facet normal 0 0 -1
    outer loop
      vertex 97 -75 0
      vertex 94.7167 -63.2376 0
      vertex 95 -63.25 0
    endloop
  endfacet
  facet normal 0 0 -1
    outer loop
      vertex 97 -75 0
      vertex 94.4356 -63.2006 0
      vertex 94.7167 -63.2376 0
    endloop
  endfacet
  facet normal 0 0 -1
    outer loop
      vertex 97 -75 0
      vertex 94.1588 -63.1393 0
      vertex 94.4356 -63.2006 0
    endloop
  endfacet
  facet normal 0 0 -1
    outer loop
      vertex 97 -75 0
      vertex 93.8884 -63.054 0
      vertex 94.1588 -63.1393 0
    endloop
  endfacet
  facet normal 0 0 -1
    outer loop
      vertex 97 -75 0
      vertex 93.6265 -62.9455 0
      vertex 93.8884 -63.054 0
    endloop
  endfacet
  facet normal 0 0 -1
    outer loop
      vertex 97 -75 0
      vertex 93.375 -62.8146 0
      vertex 93.6265 -62.9455 0
    endloop
  endfacet
  facet normal 0 0 -1
    outer loop
      vertex 97 -75 0
      vertex 93.1359 -62.6622 0
      vertex 93.375 -62.8146 0
    endloop
  endfacet
  facet normal 0 0 -1
    outer loop
      vertex 97 -75 0
      vertex 92.9109 -62.4896 0
      vertex 93.1359 -62.6622 0
    endloop
  endfacet
  facet normal 0 0 -1
    outer loop
      vertex 97 -75 0
      vertex 92.7019 -62.2981 0
      vertex 92.9109 -62.4896 0
    endloop
  endfacet
  facet normal 0 0 -1
    outer loop
      vertex 97 -75 0
      vertex 92.5104 -62.0891 0
      vertex 92.7019 -62.2981 0
    endloop
  endfacet
  facet normal 0 0 -1
    outer loop
      vertex 97 -75 0
      vertex 92.3378 -61.8641 0
      vertex 92.5104 -62.0891 0
    endloop
  endfacet
  facet normal 0 0 -1
    outer loop
      vertex 97 -75 0
      vertex 92.1854 -61.625 0
      vertex 92.3378 -61.8641 0
    endloop
  endfacet
  facet normal 0 0 -1
    outer loop
      vertex 78.3243 -48.3383 0
      vertex 92.1854 -61.625 0
      vertex 97 -75 0
    endloop
  endfacet
  facet normal -0 -0 -1
    outer loop
      vertex 78.5333 -48.447 0
      vertex 92.1854 -61.625 0
      vertex 78.3243 -48.3383 0
    endloop
  endfacet
  facet normal 0 0 -1
    outer loop
      vertex 81.7427 47.7355 0
      vertex 92.7019 57.7019 0
      vertex 81.886 47.5487 0
    endloop
  endfacet
  facet normal 0 0 -1
    outer loop
      vertex 79.6743 -48.7 0
      vertex 91.75 -60 0
      vertex 91.7624 -60.2833 0
    endloop
  endfacet
  facet normal 0 0 -1
    outer loop
      vertex 79.439 -48.6897 0
      vertex 91.7624 -60.2833 0
      vertex 91.7994 -60.5644 0
    endloop
  endfacet
  facet normal 0 0 -1
    outer loop
      vertex 79.2055 -48.659 0
      vertex 91.7994 -60.5644 0
      vertex 91.8607 -60.8412 0
    endloop
  endfacet
  facet normal 0 0 -1
    outer loop
      vertex 78.9755 -48.608 0
      vertex 91.8607 -60.8412 0
      vertex 91.946 -61.1116 0
    endloop
  endfacet
  facet normal 0 0 -1
    outer loop
      vertex 92.1854 -61.625 0
      vertex 78.5333 -48.447 0
      vertex 92.0545 -61.3735 0
    endloop
  endfacet
  facet normal 0 0 -1
    outer loop
      vertex 94.4356 -56.7994 0
      vertex 82.3641 -46.2353 0
      vertex 82.3743 -46 0
    endloop
  endfacet
  facet normal 0 0 -1
    outer loop
      vertex 94.1588 -56.8607 0
      vertex 82.3333 -46.4688 0
      vertex 82.3641 -46.2353 0
    endloop
  endfacet
  facet normal 0 0 -1
    outer loop
      vertex 93.8884 -56.946 0
      vertex 82.2823 -46.6988 0
      vertex 82.3333 -46.4688 0
    endloop
  endfacet
  facet normal 0 0 -1
    outer loop
      vertex 93.6265 -57.0545 0
      vertex 82.2115 -46.9235 0
      vertex 82.2823 -46.6988 0
    endloop
  endfacet
  facet normal 0 0 -1
    outer loop
      vertex 93.375 -57.1854 0
      vertex 82.1214 -47.1411 0
      vertex 82.2115 -46.9235 0
    endloop
  endfacet
  facet normal 0 0 -1
    outer loop
      vertex 93.1359 -57.3378 0
      vertex 82.0126 -47.35 0
      vertex 82.1214 -47.1411 0
    endloop
  endfacet
  facet normal 0 0 -1
    outer loop
      vertex 92.9109 -57.5104 0
      vertex 81.886 -47.5487 0
      vertex 82.0126 -47.35 0
    endloop
  endfacet
  facet normal 0 0 -1
    outer loop
      vertex 92.7019 -57.7019 0
      vertex 81.7427 -47.7355 0
      vertex 81.886 -47.5487 0
    endloop
  endfacet
  facet normal 0 0 -1
    outer loop
      vertex 92.5104 -57.9109 0
      vertex 81.5835 -47.9092 0
      vertex 81.7427 -47.7355 0
    endloop
  endfacet
  facet normal 0 0 -1
    outer loop
      vertex 92.3378 -58.1359 0
      vertex 81.4099 -48.0683 0
      vertex 81.5835 -47.9092 0
    endloop
  endfacet
  facet normal 0 0 -1
    outer loop
      vertex 92.1854 -58.375 0
      vertex 81.223 -48.2117 0
      vertex 81.4099 -48.0683 0
    endloop
  endfacet
  facet normal 0 0 -1
    outer loop
      vertex 92.1854 -58.375 0
      vertex 81.0243 -48.3383 0
      vertex 81.223 -48.2117 0
    endloop
  endfacet
  facet normal 0 0 -1
    outer loop
      vertex 92.0545 -58.6265 0
      vertex 80.8154 -48.447 0
      vertex 81.0243 -48.3383 0
    endloop
  endfacet
  facet normal 0 0 -1
    outer loop
      vertex 91.946 -58.8884 0
      vertex 80.5978 -48.5372 0
      vertex 80.8154 -48.447 0
    endloop
  endfacet
  facet normal 0 0 -1
    outer loop
      vertex 91.8607 -59.1588 0
      vertex 80.3731 -48.608 0
      vertex 80.5978 -48.5372 0
    endloop
  endfacet
  facet normal 0 0 -1
    outer loop
      vertex 91.7994 -59.4356 0
      vertex 80.1432 -48.659 0
      vertex 80.3731 -48.608 0
    endloop
  endfacet
  facet normal 0 0 -1
    outer loop
      vertex 91.7624 -59.7167 0
      vertex 79.9097 -48.6897 0
      vertex 80.1432 -48.659 0
    endloop
  endfacet
  facet normal 0 0 -1
    outer loop
      vertex 91.75 -60 0
      vertex 79.6743 -48.7 0
      vertex 79.9097 -48.6897 0
    endloop
  endfacet
  facet normal 0 0 -1
    outer loop
      vertex 91.7624 -60.2833 0
      vertex 79.439 -48.6897 0
      vertex 79.6743 -48.7 0
    endloop
  endfacet
  facet normal 0 0 -1
    outer loop
      vertex 91.7994 -60.5644 0
      vertex 79.2055 -48.659 0
      vertex 79.439 -48.6897 0
    endloop
  endfacet
  facet normal 0 0 -1
    outer loop
      vertex 91.8607 -60.8412 0
      vertex 78.9755 -48.608 0
      vertex 79.2055 -48.659 0
    endloop
  endfacet
  facet normal 0 0 -1
    outer loop
      vertex 91.946 -61.1116 0
      vertex 78.7509 -48.5372 0
      vertex 78.9755 -48.608 0
    endloop
  endfacet
  facet normal 0 0 -1
    outer loop
      vertex 92.0545 -61.3735 0
      vertex 78.7509 -48.5372 0
      vertex 91.946 -61.1116 0
    endloop
  endfacet
  facet normal -0 -0 -1
    outer loop
      vertex 78.7509 -48.5372 0
      vertex 92.0545 -61.3735 0
      vertex 78.5333 -48.447 0
    endloop
  endfacet
  facet normal 0 0 -1
    outer loop
      vertex 97 -75 0
      vertex 78.1257 -48.2117 0
      vertex 78.3243 -48.3383 0
    endloop
  endfacet
  facet normal 0 0 -1
    outer loop
      vertex 97 -75 0
      vertex 77.9388 -48.0683 0
      vertex 78.1257 -48.2117 0
    endloop
  endfacet
  facet normal 0 0 -1
    outer loop
      vertex 97 -75 0
      vertex 77.7652 -47.9092 0
      vertex 77.9388 -48.0683 0
    endloop
  endfacet
  facet normal 0 0 -1
    outer loop
      vertex -77.7652 -47.9092 0
      vertex 77.7652 -47.9092 0
      vertex 97 -75 0
    endloop
  endfacet
  facet normal 0 0 -1
    outer loop
      vertex 77.7652 -47.9092 0
      vertex -77.7652 -47.9092 0
      vertex 77.606 -47.7355 0
    endloop
  endfacet
  facet normal 0 0 -1
    outer loop
      vertex 2.81458 1.625 0
      vertex 77.3361 44.65 0
      vertex 2.9455 1.37351 0
    endloop
  endfacet
  facet normal 0 0 -1
    outer loop
      vertex 1.625 -2.81458 0
      vertex 76.9743 -46 0
      vertex 76.9846 -46.2353 0
    endloop
  endfacet
  facet normal 0 0 -1
    outer loop
      vertex 1.37351 -2.9455 0
      vertex 76.9846 -46.2353 0
      vertex 77.0154 -46.4688 0
    endloop
  endfacet
  facet normal 0 0 -1
    outer loop
      vertex 1.11156 -3.054 0
      vertex 77.0154 -46.4688 0
      vertex 77.0663 -46.6988 0
    endloop
  endfacet
  facet normal 0 0 -1
    outer loop
      vertex 0.841162 -3.13926 0
      vertex 77.0663 -46.6988 0
      vertex 77.1372 -46.9235 0
    endloop
  endfacet
  facet normal 0 0 -1
    outer loop
      vertex 0.564356 -3.20062 0
      vertex 77.1372 -46.9235 0
      vertex 77.2273 -47.1411 0
    endloop
  endfacet
  facet normal 0 0 -1
    outer loop
      vertex 0.283256 -3.23763 0
      vertex 77.2273 -47.1411 0
      vertex 77.3361 -47.35 0
    endloop
  endfacet
  facet normal 0 0 -1
    outer loop
      vertex -77.3361 -47.35 0
      vertex 77.3361 -47.35 0
      vertex 77.4626 -47.5487 0
    endloop
  endfacet
  facet normal 0 -0 -1
    outer loop
      vertex -77.606 -47.7355 0
      vertex 77.606 -47.7355 0
      vertex -77.7652 -47.9092 0
    endloop
  endfacet
  facet normal 0 0 -1
    outer loop
      vertex 78.1257 -43.7883 0
      vertex 3.23763 -0.283256 0
      vertex 3.25 0 0
    endloop
  endfacet
  facet normal 0 0 -1
    outer loop
      vertex 77.9388 -43.9317 0
      vertex 3.20062 -0.564356 0
      vertex 3.23763 -0.283256 0
    endloop
  endfacet
  facet normal 0 0 -1
    outer loop
      vertex 77.7652 -44.0908 0
      vertex 3.13926 -0.841162 0
      vertex 3.20062 -0.564356 0
    endloop
  endfacet
  facet normal 0 0 -1
    outer loop
      vertex 77.606 -44.2645 0
      vertex 3.054 -1.11156 0
      vertex 3.13926 -0.841162 0
    endloop
  endfacet
  facet normal 0 0 -1
    outer loop
      vertex 77.4626 -44.4513 0
      vertex 2.9455 -1.37351 0
      vertex 3.054 -1.11156 0
    endloop
  endfacet
  facet normal 0 0 -1
    outer loop
      vertex 77.3361 -44.65 0
      vertex 2.81458 -1.625 0
      vertex 2.9455 -1.37351 0
    endloop
  endfacet
  facet normal 0 0 -1
    outer loop
      vertex 77.2273 -44.8589 0
      vertex 2.66224 -1.86412 0
      vertex 2.81458 -1.625 0
    endloop
  endfacet
  facet normal 0 0 -1
    outer loop
      vertex 77.1372 -45.0765 0
      vertex 2.48964 -2.08906 0
      vertex 2.66224 -1.86412 0
    endloop
  endfacet
  facet normal 0 0 -1
    outer loop
      vertex 77.0663 -45.3012 0
      vertex 2.2981 -2.2981 0
      vertex 2.48964 -2.08906 0
    endloop
  endfacet
  facet normal 0 0 -1
    outer loop
      vertex 77.0154 -45.5312 0
      vertex 2.08906 -2.48964 0
      vertex 2.2981 -2.2981 0
    endloop
  endfacet
  facet normal 0 0 -1
    outer loop
      vertex 76.9846 -45.7647 0
      vertex 1.86412 -2.66224 0
      vertex 2.08906 -2.48964 0
    endloop
  endfacet
  facet normal 0 0 -1
    outer loop
      vertex 76.9743 -46 0
      vertex 1.625 -2.81458 0
      vertex 1.86412 -2.66224 0
    endloop
  endfacet
  facet normal 0 0 -1
    outer loop
      vertex 76.9846 -46.2353 0
      vertex 1.37351 -2.9455 0
      vertex 1.625 -2.81458 0
    endloop
  endfacet
  facet normal 0 0 -1
    outer loop
      vertex 77.0154 -46.4688 0
      vertex 1.11156 -3.054 0
      vertex 1.37351 -2.9455 0
    endloop
  endfacet
  facet normal 0 0 -1
    outer loop
      vertex 77.0663 -46.6988 0
      vertex 0.841162 -3.13926 0
      vertex 1.11156 -3.054 0
    endloop
  endfacet
  facet normal 0 0 -1
    outer loop
      vertex 77.1372 -46.9235 0
      vertex 0.564356 -3.20062 0
      vertex 0.841162 -3.13926 0
    endloop
  endfacet
  facet normal 0 0 -1
    outer loop
      vertex 77.2273 -47.1411 0
      vertex 0.283256 -3.23763 0
      vertex 0.564356 -3.20062 0
    endloop
  endfacet
  facet normal 0 0 -1
    outer loop
      vertex 77.3361 -47.35 0
      vertex 0 -3.25 0
      vertex 0.283256 -3.23763 0
    endloop
  endfacet
  facet normal 0 0 -1
    outer loop
      vertex 77.3361 -47.35 0
      vertex -77.3361 -47.35 0
      vertex 0 -3.25 0
    endloop
  endfacet
  facet normal -0 0 -1
    outer loop
      vertex 0 -3.25 0
      vertex -77.3361 -47.35 0
      vertex -0.283256 -3.23763 0
    endloop
  endfacet
  facet normal 0 -0 -1
    outer loop
      vertex -77.2273 -47.1411 0
      vertex -0.283256 -3.23763 0
      vertex -77.3361 -47.35 0
    endloop
  endfacet
  facet normal -0 0 -1
    outer loop
      vertex -0.283256 -3.23763 0
      vertex -77.2273 -47.1411 0
      vertex -0.564356 -3.20062 0
    endloop
  endfacet
  facet normal 0 -0 -1
    outer loop
      vertex -77.1372 -46.9235 0
      vertex -0.564356 -3.20062 0
      vertex -77.2273 -47.1411 0
    endloop
  endfacet
  facet normal -0 0 -1
    outer loop
      vertex -0.564356 -3.20062 0
      vertex -77.1372 -46.9235 0
      vertex -0.841162 -3.13926 0
    endloop
  endfacet
  facet normal 0 -0 -1
    outer loop
      vertex -77.0663 -46.6988 0
      vertex -0.841162 -3.13926 0
      vertex -77.1372 -46.9235 0
    endloop
  endfacet
  facet normal 0 0 -1
    outer loop
      vertex -77.3361 -44.65 0
      vertex -2.81458 -1.625 0
      vertex -77.2273 -44.8589 0
    endloop
  endfacet
  facet normal -0 0 -1
    outer loop
      vertex -2.66224 -1.86412 0
      vertex -77.2273 -44.8589 0
      vertex -2.81458 -1.625 0
    endloop
  endfacet
  facet normal 0 0 -1
    outer loop
      vertex -77.2273 -44.8589 0
      vertex -2.66224 -1.86412 0
      vertex -77.1372 -45.0765 0
    endloop
  endfacet
  facet normal -0 0 -1
    outer loop
      vertex -2.48964 -2.08906 0
      vertex -77.1372 -45.0765 0
      vertex -2.66224 -1.86412 0
    endloop
  endfacet
  facet normal 0 0 -1
    outer loop
      vertex -77.1372 -45.0765 0
      vertex -2.48964 -2.08906 0
      vertex -77.0663 -45.3012 0
    endloop
  endfacet
  facet normal -0 0 -1
    outer loop
      vertex -2.2981 -2.2981 0
      vertex -77.0663 -45.3012 0
      vertex -2.48964 -2.08906 0
    endloop
  endfacet
  facet normal 0 0 -1
    outer loop
      vertex -77.0663 -45.3012 0
      vertex -2.2981 -2.2981 0
      vertex -77.0154 -45.5312 0
    endloop
  endfacet
  facet normal -0 0 -1
    outer loop
      vertex -2.08906 -2.48964 0
      vertex -77.0154 -45.5312 0
      vertex -2.2981 -2.2981 0
    endloop
  endfacet
  facet normal 0 0 -1
    outer loop
      vertex -77.0154 -45.5312 0
      vertex -2.08906 -2.48964 0
      vertex -76.9846 -45.7647 0
    endloop
  endfacet
  facet normal -0 0 -1
    outer loop
      vertex -1.86412 -2.66224 0
      vertex -76.9846 -45.7647 0
      vertex -2.08906 -2.48964 0
    endloop
  endfacet
  facet normal 0 0 -1
    outer loop
      vertex -76.9846 -45.7647 0
      vertex -1.86412 -2.66224 0
      vertex -76.9743 -46 0
    endloop
  endfacet
  facet normal -0 0 -1
    outer loop
      vertex -0.841162 -3.13926 0
      vertex -77.0663 -46.6988 0
      vertex -1.11156 -3.054 0
    endloop
  endfacet
  facet normal -0 0 -1
    outer loop
      vertex -1.625 -2.81458 0
      vertex -76.9743 -46 0
      vertex -1.86412 -2.66224 0
    endloop
  endfacet
  facet normal 0 -0 -1
    outer loop
      vertex -76.9743 -46 0
      vertex -1.625 -2.81458 0
      vertex -76.9846 -46.2353 0
    endloop
  endfacet
  facet normal -0 0 -1
    outer loop
      vertex -1.37351 -2.9455 0
      vertex -76.9846 -46.2353 0
      vertex -1.625 -2.81458 0
    endloop
  endfacet
  facet normal 0 -0 -1
    outer loop
      vertex -76.9846 -46.2353 0
      vertex -1.37351 -2.9455 0
      vertex -77.0154 -46.4688 0
    endloop
  endfacet
  facet normal -0 0 -1
    outer loop
      vertex -1.11156 -3.054 0
      vertex -77.0154 -46.4688 0
      vertex -1.37351 -2.9455 0
    endloop
  endfacet
  facet normal 0 -0 -1
    outer loop
      vertex -77.0154 -46.4688 0
      vertex -1.11156 -3.054 0
      vertex -77.0663 -46.6988 0
    endloop
  endfacet
  facet normal 0 0 -1
    outer loop
      vertex 77.4626 -47.5487 0
      vertex -77.4626 -47.5487 0
      vertex -77.3361 -47.35 0
    endloop
  endfacet
  facet normal -0 0 -1
    outer loop
      vertex 77.4626 -47.5487 0
      vertex -77.606 -47.7355 0
      vertex -77.4626 -47.5487 0
    endloop
  endfacet
  facet normal 0 0 -1
    outer loop
      vertex 77.606 -47.7355 0
      vertex -77.606 -47.7355 0
      vertex 77.4626 -47.5487 0
    endloop
  endfacet
  facet normal 0 0 -1
    outer loop
      vertex -97 -75 0
      vertex -77.7652 -47.9092 0
      vertex 97 -75 0
    endloop
  endfacet
  facet normal 0 0 -1
    outer loop
      vertex -77.7652 -47.9092 0
      vertex -97 -75 0
      vertex -77.9388 -48.0683 0
    endloop
  endfacet
  facet normal 0 0 -1
    outer loop
      vertex -77.9388 -48.0683 0
      vertex -97 -75 0
      vertex -78.1257 -48.2117 0
    endloop
  endfacet
  facet normal 0 0 -1
    outer loop
      vertex -78.1257 -48.2117 0
      vertex -97 -75 0
      vertex -78.3243 -48.3383 0
    endloop
  endfacet
  facet normal 0 -0 -1
    outer loop
      vertex -92.1854 -61.625 0
      vertex -78.3243 -48.3383 0
      vertex -97 -75 0
    endloop
  endfacet
  facet normal 0 0 -1
    outer loop
      vertex -78.3243 -48.3383 0
      vertex -92.1854 -61.625 0
      vertex -78.5333 -48.447 0
    endloop
  endfacet
  facet normal 0 -0 -1
    outer loop
      vertex -92.0545 -61.3735 0
      vertex -78.5333 -48.447 0
      vertex -92.1854 -61.625 0
    endloop
  endfacet
  facet normal 0 0 -1
    outer loop
      vertex -78.5333 -48.447 0
      vertex -92.0545 -61.3735 0
      vertex -78.7509 -48.5372 0
    endloop
  endfacet
  facet normal 0 -0 -1
    outer loop
      vertex -91.946 -61.1116 0
      vertex -78.7509 -48.5372 0
      vertex -92.0545 -61.3735 0
    endloop
  endfacet
  facet normal 0 0 -1
    outer loop
      vertex -78.7509 -48.5372 0
      vertex -91.946 -61.1116 0
      vertex -78.9755 -48.608 0
    endloop
  endfacet
  facet normal 0 -0 -1
    outer loop
      vertex -91.8607 -60.8412 0
      vertex -78.9755 -48.608 0
      vertex -91.946 -61.1116 0
    endloop
  endfacet
  facet normal 0 0 -1
    outer loop
      vertex -82.3333 45.5312 0
      vertex -91.75 60 0
      vertex -82.3641 45.7647 0
    endloop
  endfacet
  facet normal -0 0 -1
    outer loop
      vertex -81.5835 -47.9092 0
      vertex -92.5104 -57.9109 0
      vertex -81.7427 -47.7355 0
    endloop
  endfacet
  facet normal 0 0 -1
    outer loop
      vertex -92.5104 -57.9109 0
      vertex -81.5835 -47.9092 0
      vertex -92.3378 -58.1359 0
    endloop
  endfacet
  facet normal -0 0 -1
    outer loop
      vertex -81.4099 -48.0683 0
      vertex -92.3378 -58.1359 0
      vertex -81.5835 -47.9092 0
    endloop
  endfacet
  facet normal 0 0 -1
    outer loop
      vertex -92.3378 -58.1359 0
      vertex -81.4099 -48.0683 0
      vertex -92.1854 -58.375 0
    endloop
  endfacet
  facet normal -0 0 -1
    outer loop
      vertex -81.223 -48.2117 0
      vertex -92.1854 -58.375 0
      vertex -81.4099 -48.0683 0
    endloop
  endfacet
  facet normal -0 0 -1
    outer loop
      vertex -81.0243 -48.3383 0
      vertex -92.1854 -58.375 0
      vertex -81.223 -48.2117 0
    endloop
  endfacet
  facet normal 0 0 -1
    outer loop
      vertex -92.1854 -58.375 0
      vertex -81.0243 -48.3383 0
      vertex -92.0545 -58.6265 0
    endloop
  endfacet
  facet normal -0 0 -1
    outer loop
      vertex -80.8154 -48.447 0
      vertex -92.0545 -58.6265 0
      vertex -81.0243 -48.3383 0
    endloop
  endfacet
  facet normal 0 0 -1
    outer loop
      vertex -92.0545 -58.6265 0
      vertex -80.8154 -48.447 0
      vertex -91.946 -58.8884 0
    endloop
  endfacet
  facet normal -0 0 -1
    outer loop
      vertex -80.5978 -48.5372 0
      vertex -91.946 -58.8884 0
      vertex -80.8154 -48.447 0
    endloop
  endfacet
  facet normal 0 0 -1
    outer loop
      vertex -91.946 -58.8884 0
      vertex -80.5978 -48.5372 0
      vertex -91.8607 -59.1588 0
    endloop
  endfacet
  facet normal -0 0 -1
    outer loop
      vertex -80.3731 -48.608 0
      vertex -91.8607 -59.1588 0
      vertex -80.5978 -48.5372 0
    endloop
  endfacet
  facet normal 0 0 -1
    outer loop
      vertex -91.8607 -59.1588 0
      vertex -80.3731 -48.608 0
      vertex -91.7994 -59.4356 0
    endloop
  endfacet
  facet normal -0 0 -1
    outer loop
      vertex -80.1432 -48.659 0
      vertex -91.7994 -59.4356 0
      vertex -80.3731 -48.608 0
    endloop
  endfacet
  facet normal 0 0 -1
    outer loop
      vertex -91.7994 -59.4356 0
      vertex -80.1432 -48.659 0
      vertex -91.7624 -59.7167 0
    endloop
  endfacet
  facet normal -0 0 -1
    outer loop
      vertex -79.9097 -48.6897 0
      vertex -91.7624 -59.7167 0
      vertex -80.1432 -48.659 0
    endloop
  endfacet
  facet normal 0 0 -1
    outer loop
      vertex -78.9755 -48.608 0
      vertex -91.8607 -60.8412 0
      vertex -79.2055 -48.659 0
    endloop
  endfacet
  facet normal 0 0 -1
    outer loop
      vertex -91.7624 -59.7167 0
      vertex -79.9097 -48.6897 0
      vertex -91.75 -60 0
    endloop
  endfacet
  facet normal -0 0 -1
    outer loop
      vertex -79.6743 -48.7 0
      vertex -91.75 -60 0
      vertex -79.9097 -48.6897 0
    endloop
  endfacet
  facet normal 0 -0 -1
    outer loop
      vertex -91.75 -60 0
      vertex -79.6743 -48.7 0
      vertex -91.7624 -60.2833 0
    endloop
  endfacet
  facet normal 0 0 -1
    outer loop
      vertex -79.439 -48.6897 0
      vertex -91.7624 -60.2833 0
      vertex -79.6743 -48.7 0
    endloop
  endfacet
  facet normal 0 -0 -1
    outer loop
      vertex -91.7624 -60.2833 0
      vertex -79.439 -48.6897 0
      vertex -91.7994 -60.5644 0
    endloop
  endfacet
  facet normal 0 -0 -1
    outer loop
      vertex -91.7994 -60.5644 0
      vertex -79.2055 -48.659 0
      vertex -91.8607 -60.8412 0
    endloop
  endfacet
  facet normal 0 0 -1
    outer loop
      vertex -79.2055 -48.659 0
      vertex -91.7994 -60.5644 0
      vertex -79.439 -48.6897 0
    endloop
  endfacet
  facet normal 0 0 -1
    outer loop
      vertex -92.1854 -61.625 0
      vertex -97 -75 0
      vertex -92.3378 -61.8641 0
    endloop
  endfacet
  facet normal 0 0 -1
    outer loop
      vertex -92.3378 -61.8641 0
      vertex -97 -75 0
      vertex -92.5104 -62.0891 0
    endloop
  endfacet
  facet normal 0 0 -1
    outer loop
      vertex -92.5104 -62.0891 0
      vertex -97 -75 0
      vertex -92.7019 -62.2981 0
    endloop
  endfacet
  facet normal 0 0 -1
    outer loop
      vertex -92.7019 -62.2981 0
      vertex -97 -75 0
      vertex -92.9109 -62.4896 0
    endloop
  endfacet
  facet normal 0 0 -1
    outer loop
      vertex -92.9109 -62.4896 0
      vertex -97 -75 0
      vertex -93.1359 -62.6622 0
    endloop
  endfacet
  facet normal 0 0 -1
    outer loop
      vertex -93.1359 -62.6622 0
      vertex -97 -75 0
      vertex -93.375 -62.8146 0
    endloop
  endfacet
  facet normal 0 0 -1
    outer loop
      vertex -93.375 -62.8146 0
      vertex -97 -75 0
      vertex -93.6265 -62.9455 0
    endloop
  endfacet
  facet normal 0 0 -1
    outer loop
      vertex -93.6265 -62.9455 0
      vertex -97 -75 0
      vertex -93.8884 -63.054 0
    endloop
  endfacet
  facet normal 0 0 -1
    outer loop
      vertex -93.8884 -63.054 0
      vertex -97 -75 0
      vertex -94.1588 -63.1393 0
    endloop
  endfacet
  facet normal 0 0 -1
    outer loop
      vertex -94.1588 -63.1393 0
      vertex -97 -75 0
      vertex -94.4356 -63.2006 0
    endloop
  endfacet
  facet normal 0 0 -1
    outer loop
      vertex -94.4356 -63.2006 0
      vertex -97 -75 0
      vertex -94.7167 -63.2376 0
    endloop
  endfacet
  facet normal 0 0 -1
    outer loop
      vertex -94.7167 -63.2376 0
      vertex -97 -75 0
      vertex -95 -63.25 0
    endloop
  endfacet
  facet normal -0 0 -1
    outer loop
      vertex -95 -63.25 0
      vertex -97 -75 0
      vertex -95.2833 -63.2376 0
    endloop
  endfacet
  facet normal 0 0 -1
    outer loop
      vertex -97 -75 0
      vertex -95.5644 -63.2006 0
      vertex -95.2833 -63.2376 0
    endloop
  endfacet
  facet normal 0 0 -1
    outer loop
      vertex -97 -75 0
      vertex -95.8412 -63.1393 0
      vertex -95.5644 -63.2006 0
    endloop
  endfacet
  facet normal 0 0 -1
    outer loop
      vertex -97.6973 -74.9696 0
      vertex -95.8412 -63.1393 0
      vertex -97 -75 0
    endloop
  endfacet
  facet normal 0 0 -1
    outer loop
      vertex -98.3892 -74.8785 0
      vertex -95.8412 -63.1393 0
      vertex -97.6973 -74.9696 0
    endloop
  endfacet
  facet normal 0 0 -1
    outer loop
      vertex -99.0706 -74.7274 0
      vertex -95.8412 -63.1393 0
      vertex -98.3892 -74.8785 0
    endloop
  endfacet
  facet normal 0 0 -1
    outer loop
      vertex -99.7362 -74.5175 0
      vertex -95.8412 -63.1393 0
      vertex -99.0706 -74.7274 0
    endloop
  endfacet
  facet normal -0 0 -1
    outer loop
      vertex -95.8412 -63.1393 0
      vertex -99.7362 -74.5175 0
      vertex -96.1116 -63.054 0
    endloop
  endfacet
  facet normal 0 0 -1
    outer loop
      vertex -100.381 -74.2505 0
      vertex -96.1116 -63.054 0
      vertex -99.7362 -74.5175 0
    endloop
  endfacet
  facet normal 0 0 -1
    outer loop
      vertex -101 -73.9282 0
      vertex -96.1116 -63.054 0
      vertex -100.381 -74.2505 0
    endloop
  endfacet
  facet normal 0 0 -1
    outer loop
      vertex -101.589 -73.5532 0
      vertex -96.1116 -63.054 0
      vertex -101 -73.9282 0
    endloop
  endfacet
  facet normal 0 0 -1
    outer loop
      vertex -102.142 -73.1284 0
      vertex -96.1116 -63.054 0
      vertex -101.589 -73.5532 0
    endloop
  endfacet
  facet normal 0 0 -1
    outer loop
      vertex -102.657 -72.6569 0
      vertex -96.1116 -63.054 0
      vertex -102.142 -73.1284 0
    endloop
  endfacet
  facet normal -0 0 -1
    outer loop
      vertex -96.1116 -63.054 0
      vertex -102.657 -72.6569 0
      vertex -96.3735 -62.9455 0
    endloop
  endfacet
  facet normal 0 0 -1
    outer loop
      vertex -103.128 -72.1423 0
      vertex -96.3735 -62.9455 0
      vertex -102.657 -72.6569 0
    endloop
  endfacet
  facet normal 0 0 -1
    outer loop
      vertex -103.553 -71.5886 0
      vertex -96.3735 -62.9455 0
      vertex -103.128 -72.1423 0
    endloop
  endfacet
  facet normal 0 0 -1
    outer loop
      vertex -103.928 -71 0
      vertex -96.3735 -62.9455 0
      vertex -103.553 -71.5886 0
    endloop
  endfacet
  facet normal 0 0 -1
    outer loop
      vertex -104.25 -70.381 0
      vertex -96.3735 -62.9455 0
      vertex -103.928 -71 0
    endloop
  endfacet
  facet normal -0 0 -1
    outer loop
      vertex -96.3735 -62.9455 0
      vertex -104.25 -70.381 0
      vertex -96.625 -62.8146 0
    endloop
  endfacet
  facet normal 0 0 -1
    outer loop
      vertex -104.727 -69.0706 0
      vertex -96.625 -62.8146 0
      vertex -104.518 -69.7362 0
    endloop
  endfacet
  facet normal 0 0 -1
    outer loop
      vertex -104.518 -69.7362 0
      vertex -96.625 -62.8146 0
      vertex -104.25 -70.381 0
    endloop
  endfacet
  facet normal -0 0 -1
    outer loop
      vertex 104.727 69.0706 0
      vertex 96.625 62.8146 0
      vertex 104.518 69.7362 0
    endloop
  endfacet
  facet normal -0 0 -1
    outer loop
      vertex 104.518 69.7362 0
      vertex 96.625 62.8146 0
      vertex 104.25 70.381 0
    endloop
  endfacet
  facet normal 0 0 -1
    outer loop
      vertex 96.3735 62.9455 0
      vertex 104.25 70.381 0
      vertex 96.625 62.8146 0
    endloop
  endfacet
  facet normal -0 0 -1
    outer loop
      vertex 104.25 70.381 0
      vertex 96.3735 62.9455 0
      vertex 103.928 71 0
    endloop
  endfacet
  facet normal -0 0 -1
    outer loop
      vertex 103.928 71 0
      vertex 96.3735 62.9455 0
      vertex 103.553 71.5886 0
    endloop
  endfacet
  facet normal -0 0 -1
    outer loop
      vertex 103.553 71.5886 0
      vertex 96.3735 62.9455 0
      vertex 103.128 72.1423 0
    endloop
  endfacet
  facet normal -0 0 -1
    outer loop
      vertex 103.128 72.1423 0
      vertex 96.3735 62.9455 0
      vertex 102.657 72.6569 0
    endloop
  endfacet
  facet normal 0 0 -1
    outer loop
      vertex 96.1116 63.054 0
      vertex 102.657 72.6569 0
      vertex 96.3735 62.9455 0
    endloop
  endfacet
  facet normal -0 0 -1
    outer loop
      vertex 102.657 72.6569 0
      vertex 96.1116 63.054 0
      vertex 102.142 73.1284 0
    endloop
  endfacet
  facet normal -0 0 -1
    outer loop
      vertex 102.142 73.1284 0
      vertex 96.1116 63.054 0
      vertex 101.589 73.5532 0
    endloop
  endfacet
  facet normal -0 0 -1
    outer loop
      vertex 101.589 73.5532 0
      vertex 96.1116 63.054 0
      vertex 101 73.9282 0
    endloop
  endfacet
  facet normal -0 0 -1
    outer loop
      vertex 101 73.9282 0
      vertex 96.1116 63.054 0
      vertex 100.381 74.2505 0
    endloop
  endfacet
  facet normal -0 0 -1
    outer loop
      vertex 100.381 74.2505 0
      vertex 96.1116 63.054 0
      vertex 99.7362 74.5175 0
    endloop
  endfacet
  facet normal 0 0 -1
    outer loop
      vertex 95.8412 63.1393 0
      vertex 99.7362 74.5175 0
      vertex 96.1116 63.054 0
    endloop
  endfacet
  facet normal -0 0 -1
    outer loop
      vertex 99.7362 74.5175 0
      vertex 95.8412 63.1393 0
      vertex 99.0706 74.7274 0
    endloop
  endfacet
  facet normal -0 0 -1
    outer loop
      vertex 99.0706 74.7274 0
      vertex 95.8412 63.1393 0
      vertex 98.3892 74.8785 0
    endloop
  endfacet
  facet normal -0 0 -1
    outer loop
      vertex 98.3892 74.8785 0
      vertex 95.8412 63.1393 0
      vertex 97.6973 74.9696 0
    endloop
  endfacet
  facet normal -0 0 -1
    outer loop
      vertex 97.6973 74.9696 0
      vertex 95.8412 63.1393 0
      vertex 97 75 0
    endloop
  endfacet
  facet normal 0 0 -1
    outer loop
      vertex 95.5644 63.2006 0
      vertex 97 75 0
      vertex 95.8412 63.1393 0
    endloop
  endfacet
  facet normal 0 0 -1
    outer loop
      vertex 95.2833 63.2376 0
      vertex 97 75 0
      vertex 95.5644 63.2006 0
    endloop
  endfacet
  facet normal 0 0 -1
    outer loop
      vertex 95 63.25 0
      vertex 97 75 0
      vertex 95.2833 63.2376 0
    endloop
  endfacet
  facet normal 0 0 -1
    outer loop
      vertex 94.7167 63.2376 0
      vertex 97 75 0
      vertex 95 63.25 0
    endloop
  endfacet
  facet normal 0 0 -1
    outer loop
      vertex 94.4356 63.2006 0
      vertex 97 75 0
      vertex 94.7167 63.2376 0
    endloop
  endfacet
  facet normal 0 0 -1
    outer loop
      vertex 94.1588 63.1393 0
      vertex 97 75 0
      vertex 94.4356 63.2006 0
    endloop
  endfacet
  facet normal 0 0 -1
    outer loop
      vertex 93.8884 63.054 0
      vertex 97 75 0
      vertex 94.1588 63.1393 0
    endloop
  endfacet
  facet normal 0 0 -1
    outer loop
      vertex 93.6265 62.9455 0
      vertex 97 75 0
      vertex 93.8884 63.054 0
    endloop
  endfacet
  facet normal 0 0 -1
    outer loop
      vertex 93.375 62.8146 0
      vertex 97 75 0
      vertex 93.6265 62.9455 0
    endloop
  endfacet
  facet normal 0 0 -1
    outer loop
      vertex 93.1359 62.6622 0
      vertex 97 75 0
      vertex 93.375 62.8146 0
    endloop
  endfacet
  facet normal 0 0 -1
    outer loop
      vertex 92.9109 62.4896 0
      vertex 97 75 0
      vertex 93.1359 62.6622 0
    endloop
  endfacet
  facet normal 0 0 -1
    outer loop
      vertex 92.7019 62.2981 0
      vertex 97 75 0
      vertex 92.9109 62.4896 0
    endloop
  endfacet
  facet normal 0 0 -1
    outer loop
      vertex 92.5104 62.0891 0
      vertex 97 75 0
      vertex 92.7019 62.2981 0
    endloop
  endfacet
  facet normal 0 0 -1
    outer loop
      vertex 92.3378 61.8641 0
      vertex 97 75 0
      vertex 92.5104 62.0891 0
    endloop
  endfacet
  facet normal 0 0 -1
    outer loop
      vertex 92.1854 61.625 0
      vertex 97 75 0
      vertex 92.3378 61.8641 0
    endloop
  endfacet
  facet normal 0 0 -1
    outer loop
      vertex 78.5333 48.447 0
      vertex 92.1854 61.625 0
      vertex 92.0545 61.3735 0
    endloop
  endfacet
  facet normal 0 0 -1
    outer loop
      vertex 78.7509 48.5372 0
      vertex 92.0545 61.3735 0
      vertex 91.946 61.1116 0
    endloop
  endfacet
  facet normal -0 0 -1
    outer loop
      vertex 92.7019 57.7019 0
      vertex 81.7427 47.7355 0
      vertex 92.5104 57.9109 0
    endloop
  endfacet
  facet normal 0 0 -1
    outer loop
      vertex 81.5835 47.9092 0
      vertex 92.5104 57.9109 0
      vertex 81.7427 47.7355 0
    endloop
  endfacet
  facet normal -0 0 -1
    outer loop
      vertex 92.5104 57.9109 0
      vertex 81.5835 47.9092 0
      vertex 92.3378 58.1359 0
    endloop
  endfacet
  facet normal 0 0 -1
    outer loop
      vertex 81.4099 48.0683 0
      vertex 92.3378 58.1359 0
      vertex 81.5835 47.9092 0
    endloop
  endfacet
  facet normal -0 0 -1
    outer loop
      vertex 92.3378 58.1359 0
      vertex 81.4099 48.0683 0
      vertex 92.1854 58.375 0
    endloop
  endfacet
  facet normal 0 0 -1
    outer loop
      vertex 81.223 48.2117 0
      vertex 92.1854 58.375 0
      vertex 81.4099 48.0683 0
    endloop
  endfacet
  facet normal 0 0 -1
    outer loop
      vertex 81.0243 48.3383 0
      vertex 92.1854 58.375 0
      vertex 81.223 48.2117 0
    endloop
  endfacet
  facet normal -0 0 -1
    outer loop
      vertex 92.1854 58.375 0
      vertex 81.0243 48.3383 0
      vertex 92.0545 58.6265 0
    endloop
  endfacet
  facet normal 0 0 -1
    outer loop
      vertex 80.8154 48.447 0
      vertex 92.0545 58.6265 0
      vertex 81.0243 48.3383 0
    endloop
  endfacet
  facet normal -0 0 -1
    outer loop
      vertex 92.0545 58.6265 0
      vertex 80.8154 48.447 0
      vertex 91.946 58.8884 0
    endloop
  endfacet
  facet normal 0 0 -1
    outer loop
      vertex 80.5978 48.5372 0
      vertex 91.946 58.8884 0
      vertex 80.8154 48.447 0
    endloop
  endfacet
  facet normal -0 0 -1
    outer loop
      vertex 91.946 58.8884 0
      vertex 80.5978 48.5372 0
      vertex 91.8607 59.1588 0
    endloop
  endfacet
  facet normal 0 0 -1
    outer loop
      vertex 80.3731 48.608 0
      vertex 91.8607 59.1588 0
      vertex 80.5978 48.5372 0
    endloop
  endfacet
  facet normal -0 0 -1
    outer loop
      vertex 91.8607 59.1588 0
      vertex 80.3731 48.608 0
      vertex 91.7994 59.4356 0
    endloop
  endfacet
  facet normal 0 0 -1
    outer loop
      vertex 80.1432 48.659 0
      vertex 91.7994 59.4356 0
      vertex 80.3731 48.608 0
    endloop
  endfacet
  facet normal -0 0 -1
    outer loop
      vertex 91.7994 59.4356 0
      vertex 80.1432 48.659 0
      vertex 91.7624 59.7167 0
    endloop
  endfacet
  facet normal 0 0 -1
    outer loop
      vertex 79.9097 48.6897 0
      vertex 91.7624 59.7167 0
      vertex 80.1432 48.659 0
    endloop
  endfacet
  facet normal -0 0 -1
    outer loop
      vertex 91.7624 59.7167 0
      vertex 79.9097 48.6897 0
      vertex 91.75 60 0
    endloop
  endfacet
  facet normal 0 0 -1
    outer loop
      vertex 79.6743 48.7 0
      vertex 91.75 60 0
      vertex 79.9097 48.6897 0
    endloop
  endfacet
  facet normal -0 0 -1
    outer loop
      vertex 91.75 60 0
      vertex 79.6743 48.7 0
      vertex 91.7624 60.2833 0
    endloop
  endfacet
  facet normal 0 0 -1
    outer loop
      vertex 79.439 48.6897 0
      vertex 91.7624 60.2833 0
      vertex 79.6743 48.7 0
    endloop
  endfacet
  facet normal -0 0 -1
    outer loop
      vertex 91.7624 60.2833 0
      vertex 79.439 48.6897 0
      vertex 91.7994 60.5644 0
    endloop
  endfacet
  facet normal 0 0 -1
    outer loop
      vertex 79.2055 48.659 0
      vertex 91.7994 60.5644 0
      vertex 79.439 48.6897 0
    endloop
  endfacet
  facet normal -0 0 -1
    outer loop
      vertex 91.7994 60.5644 0
      vertex 79.2055 48.659 0
      vertex 91.8607 60.8412 0
    endloop
  endfacet
  facet normal 0 0 -1
    outer loop
      vertex 78.9755 48.608 0
      vertex 91.8607 60.8412 0
      vertex 79.2055 48.659 0
    endloop
  endfacet
  facet normal -0 0 -1
    outer loop
      vertex 91.8607 60.8412 0
      vertex 78.9755 48.608 0
      vertex 91.946 61.1116 0
    endloop
  endfacet
  facet normal 0 0 -1
    outer loop
      vertex 78.7509 48.5372 0
      vertex 91.946 61.1116 0
      vertex 78.9755 48.608 0
    endloop
  endfacet
  facet normal 0 0 -1
    outer loop
      vertex 92.0545 61.3735 0
      vertex 78.7509 48.5372 0
      vertex 78.5333 48.447 0
    endloop
  endfacet
  facet normal 0 0 -1
    outer loop
      vertex 92.1854 61.625 0
      vertex 78.5333 48.447 0
      vertex 78.3243 48.3383 0
    endloop
  endfacet
  facet normal -0 0 -1
    outer loop
      vertex 92.1854 61.625 0
      vertex 78.3243 48.3383 0
      vertex 97 75 0
    endloop
  endfacet
  facet normal 0 0 -1
    outer loop
      vertex 78.1257 48.2117 0
      vertex 97 75 0
      vertex 78.3243 48.3383 0
    endloop
  endfacet
  facet normal 0 0 -1
    outer loop
      vertex 77.9388 48.0683 0
      vertex 97 75 0
      vertex 78.1257 48.2117 0
    endloop
  endfacet
  facet normal 0 0 -1
    outer loop
      vertex 77.7652 47.9092 0
      vertex 97 75 0
      vertex 77.9388 48.0683 0
    endloop
  endfacet
  facet normal 0 0 -1
    outer loop
      vertex -77.7652 47.9092 0
      vertex 77.7652 47.9092 0
      vertex 77.606 47.7355 0
    endloop
  endfacet
  facet normal 0 0 -1
    outer loop
      vertex -77.606 47.7355 0
      vertex 77.606 47.7355 0
      vertex 77.4626 47.5487 0
    endloop
  endfacet
  facet normal -0 0 -1
    outer loop
      vertex 77.3361 44.65 0
      vertex 2.81458 1.625 0
      vertex 77.2273 44.8589 0
    endloop
  endfacet
  facet normal 0 0 -1
    outer loop
      vertex 2.66224 1.86412 0
      vertex 77.2273 44.8589 0
      vertex 2.81458 1.625 0
    endloop
  endfacet
  facet normal -0 0 -1
    outer loop
      vertex 77.2273 44.8589 0
      vertex 2.66224 1.86412 0
      vertex 77.1372 45.0765 0
    endloop
  endfacet
  facet normal 0 0 -1
    outer loop
      vertex 2.48964 2.08906 0
      vertex 77.1372 45.0765 0
      vertex 2.66224 1.86412 0
    endloop
  endfacet
  facet normal -0 0 -1
    outer loop
      vertex 77.1372 45.0765 0
      vertex 2.48964 2.08906 0
      vertex 77.0663 45.3012 0
    endloop
  endfacet
  facet normal 0 0 -1
    outer loop
      vertex 2.2981 2.2981 0
      vertex 77.0663 45.3012 0
      vertex 2.48964 2.08906 0
    endloop
  endfacet
  facet normal -0 0 -1
    outer loop
      vertex 77.0663 45.3012 0
      vertex 2.2981 2.2981 0
      vertex 77.0154 45.5312 0
    endloop
  endfacet
  facet normal 0 0 -1
    outer loop
      vertex 2.08906 2.48964 0
      vertex 77.0154 45.5312 0
      vertex 2.2981 2.2981 0
    endloop
  endfacet
  facet normal -0 0 -1
    outer loop
      vertex 77.0154 45.5312 0
      vertex 2.08906 2.48964 0
      vertex 76.9846 45.7647 0
    endloop
  endfacet
  facet normal 0 0 -1
    outer loop
      vertex 1.86412 2.66224 0
      vertex 76.9846 45.7647 0
      vertex 2.08906 2.48964 0
    endloop
  endfacet
  facet normal -0 0 -1
    outer loop
      vertex 76.9846 45.7647 0
      vertex 1.86412 2.66224 0
      vertex 76.9743 46 0
    endloop
  endfacet
  facet normal 0 0 -1
    outer loop
      vertex 1.625 2.81458 0
      vertex 76.9743 46 0
      vertex 1.86412 2.66224 0
    endloop
  endfacet
  facet normal -0 0 -1
    outer loop
      vertex 76.9743 46 0
      vertex 1.625 2.81458 0
      vertex 76.9846 46.2353 0
    endloop
  endfacet
  facet normal 0 0 -1
    outer loop
      vertex 1.37351 2.9455 0
      vertex 76.9846 46.2353 0
      vertex 1.625 2.81458 0
    endloop
  endfacet
  facet normal -0 0 -1
    outer loop
      vertex 76.9846 46.2353 0
      vertex 1.37351 2.9455 0
      vertex 77.0154 46.4688 0
    endloop
  endfacet
  facet normal 0 0 -1
    outer loop
      vertex 1.11156 3.054 0
      vertex 77.0154 46.4688 0
      vertex 1.37351 2.9455 0
    endloop
  endfacet
  facet normal -0 0 -1
    outer loop
      vertex 77.0154 46.4688 0
      vertex 1.11156 3.054 0
      vertex 77.0663 46.6988 0
    endloop
  endfacet
  facet normal 0 0 -1
    outer loop
      vertex 0.841162 3.13926 0
      vertex 77.0663 46.6988 0
      vertex 1.11156 3.054 0
    endloop
  endfacet
  facet normal -0 0 -1
    outer loop
      vertex 77.0663 46.6988 0
      vertex 0.841162 3.13926 0
      vertex 77.1372 46.9235 0
    endloop
  endfacet
  facet normal 0 0 -1
    outer loop
      vertex 0.564356 3.20062 0
      vertex 77.1372 46.9235 0
      vertex 0.841162 3.13926 0
    endloop
  endfacet
  facet normal -0 0 -1
    outer loop
      vertex 77.1372 46.9235 0
      vertex 0.564356 3.20062 0
      vertex 77.2273 47.1411 0
    endloop
  endfacet
  facet normal 0 0 -1
    outer loop
      vertex 0.283256 3.23763 0
      vertex 77.2273 47.1411 0
      vertex 0.564356 3.20062 0
    endloop
  endfacet
  facet normal -0 0 -1
    outer loop
      vertex 77.2273 47.1411 0
      vertex 0.283256 3.23763 0
      vertex 77.3361 47.35 0
    endloop
  endfacet
  facet normal 0 0 -1
    outer loop
      vertex 0 3.25 0
      vertex 77.3361 47.35 0
      vertex 0.283256 3.23763 0
    endloop
  endfacet
  facet normal 0 0 -1
    outer loop
      vertex -77.3361 47.35 0
      vertex 77.3361 47.35 0
      vertex 0 3.25 0
    endloop
  endfacet
  facet normal 0 0 -1
    outer loop
      vertex 77.3361 47.35 0
      vertex -77.3361 47.35 0
      vertex 77.4626 47.5487 0
    endloop
  endfacet
  facet normal 0 0 -1
    outer loop
      vertex -77.3361 47.35 0
      vertex 0 3.25 0
      vertex -0.283256 3.23763 0
    endloop
  endfacet
  facet normal 0 0 -1
    outer loop
      vertex -77.2273 47.1411 0
      vertex -0.283256 3.23763 0
      vertex -0.564356 3.20062 0
    endloop
  endfacet
  facet normal 0 0 -1
    outer loop
      vertex -77.1372 46.9235 0
      vertex -0.564356 3.20062 0
      vertex -0.841162 3.13926 0
    endloop
  endfacet
  facet normal 0 0 -1
    outer loop
      vertex -77.0663 46.6988 0
      vertex -0.841162 3.13926 0
      vertex -1.11156 3.054 0
    endloop
  endfacet
  facet normal 0 0 -1
    outer loop
      vertex -77.0154 46.4688 0
      vertex -1.11156 3.054 0
      vertex -1.37351 2.9455 0
    endloop
  endfacet
  facet normal 0 0 -1
    outer loop
      vertex -76.9846 46.2353 0
      vertex -1.37351 2.9455 0
      vertex -1.625 2.81458 0
    endloop
  endfacet
  facet normal 0 0 -1
    outer loop
      vertex -76.9743 46 0
      vertex -1.625 2.81458 0
      vertex -1.86412 2.66224 0
    endloop
  endfacet
  facet normal -0 0 -1
    outer loop
      vertex -2.81458 -1.625 0
      vertex -77.3361 -44.65 0
      vertex -2.9455 -1.37351 0
    endloop
  endfacet
  facet normal 0 0 -1
    outer loop
      vertex -3.25 0 0
      vertex -76.9743 46 0
      vertex -3.23763 0.283256 0
    endloop
  endfacet
  facet normal 0 0 -1
    outer loop
      vertex -3.23763 0.283256 0
      vertex -76.9743 46 0
      vertex -3.20062 0.564356 0
    endloop
  endfacet
  facet normal 0 0 -1
    outer loop
      vertex -3.20062 0.564356 0
      vertex -76.9743 46 0
      vertex -3.13926 0.841162 0
    endloop
  endfacet
  facet normal 0 0 -1
    outer loop
      vertex -3.13926 0.841162 0
      vertex -76.9743 46 0
      vertex -3.054 1.11156 0
    endloop
  endfacet
  facet normal 0 0 -1
    outer loop
      vertex -3.054 1.11156 0
      vertex -76.9743 46 0
      vertex -2.9455 1.37351 0
    endloop
  endfacet
  facet normal 0 0 -1
    outer loop
      vertex -2.9455 1.37351 0
      vertex -76.9743 46 0
      vertex -2.81458 1.625 0
    endloop
  endfacet
  facet normal 0 0 -1
    outer loop
      vertex -2.81458 1.625 0
      vertex -76.9743 46 0
      vertex -2.66224 1.86412 0
    endloop
  endfacet
  facet normal 0 0 -1
    outer loop
      vertex -2.66224 1.86412 0
      vertex -76.9743 46 0
      vertex -2.48964 2.08906 0
    endloop
  endfacet
  facet normal 0 0 -1
    outer loop
      vertex -2.48964 2.08906 0
      vertex -76.9743 46 0
      vertex -2.2981 2.2981 0
    endloop
  endfacet
  facet normal 0 0 -1
    outer loop
      vertex -2.2981 2.2981 0
      vertex -76.9743 46 0
      vertex -2.08906 2.48964 0
    endloop
  endfacet
  facet normal 0 0 -1
    outer loop
      vertex -2.08906 2.48964 0
      vertex -76.9743 46 0
      vertex -1.86412 2.66224 0
    endloop
  endfacet
  facet normal 0 0 -1
    outer loop
      vertex -1.625 2.81458 0
      vertex -76.9743 46 0
      vertex -76.9846 46.2353 0
    endloop
  endfacet
  facet normal 0 0 -1
    outer loop
      vertex -1.37351 2.9455 0
      vertex -76.9846 46.2353 0
      vertex -77.0154 46.4688 0
    endloop
  endfacet
  facet normal 0 0 -1
    outer loop
      vertex -1.11156 3.054 0
      vertex -77.0154 46.4688 0
      vertex -77.0663 46.6988 0
    endloop
  endfacet
  facet normal 0 0 -1
    outer loop
      vertex -0.841162 3.13926 0
      vertex -77.0663 46.6988 0
      vertex -77.1372 46.9235 0
    endloop
  endfacet
  facet normal 0 0 -1
    outer loop
      vertex -0.564356 3.20062 0
      vertex -77.1372 46.9235 0
      vertex -77.2273 47.1411 0
    endloop
  endfacet
  facet normal 0 0 -1
    outer loop
      vertex -0.283256 3.23763 0
      vertex -77.2273 47.1411 0
      vertex -77.3361 47.35 0
    endloop
  endfacet
  facet normal 0 0 -1
    outer loop
      vertex -77.4626 47.5487 0
      vertex 77.4626 47.5487 0
      vertex -77.3361 47.35 0
    endloop
  endfacet
  facet normal 0 0 -1
    outer loop
      vertex -77.606 47.7355 0
      vertex 77.4626 47.5487 0
      vertex -77.4626 47.5487 0
    endloop
  endfacet
  facet normal 0 0 -1
    outer loop
      vertex 77.606 47.7355 0
      vertex -77.606 47.7355 0
      vertex -77.7652 47.9092 0
    endloop
  endfacet
  facet normal 0 0 -1
    outer loop
      vertex 77.7652 47.9092 0
      vertex -77.7652 47.9092 0
      vertex 97 75 0
    endloop
  endfacet
  facet normal 0 0 -1
    outer loop
      vertex -97 75 0
      vertex -77.7652 47.9092 0
      vertex -77.9388 48.0683 0
    endloop
  endfacet
  facet normal 0 0 -1
    outer loop
      vertex -97 75 0
      vertex -77.9388 48.0683 0
      vertex -78.1257 48.2117 0
    endloop
  endfacet
  facet normal 0 0 -1
    outer loop
      vertex -97 75 0
      vertex -78.1257 48.2117 0
      vertex -78.3243 48.3383 0
    endloop
  endfacet
  facet normal 0 0 -1
    outer loop
      vertex -92.1854 61.625 0
      vertex -78.3243 48.3383 0
      vertex -78.5333 48.447 0
    endloop
  endfacet
  facet normal 0 0 -1
    outer loop
      vertex -92.0545 61.3735 0
      vertex -78.5333 48.447 0
      vertex -78.7509 48.5372 0
    endloop
  endfacet
  facet normal 0 0 -1
    outer loop
      vertex -91.946 61.1116 0
      vertex -78.7509 48.5372 0
      vertex -78.9755 48.608 0
    endloop
  endfacet
  facet normal 0 0 -1
    outer loop
      vertex -91.8607 60.8412 0
      vertex -78.9755 48.608 0
      vertex -79.2055 48.659 0
    endloop
  endfacet
  facet normal 0 0 -1
    outer loop
      vertex -91.7994 60.5644 0
      vertex -79.2055 48.659 0
      vertex -79.439 48.6897 0
    endloop
  endfacet
  facet normal 0 0 -1
    outer loop
      vertex -91.7624 60.2833 0
      vertex -79.439 48.6897 0
      vertex -79.6743 48.7 0
    endloop
  endfacet
  facet normal 0 0 -1
    outer loop
      vertex -91.75 60 0
      vertex -79.6743 48.7 0
      vertex -79.9097 48.6897 0
    endloop
  endfacet
  facet normal 0 0 -1
    outer loop
      vertex -91.75 60 0
      vertex -79.9097 48.6897 0
      vertex -80.1432 48.659 0
    endloop
  endfacet
  facet normal 0 0 -1
    outer loop
      vertex -82.3641 45.7647 0
      vertex -91.75 60 0
      vertex -82.3743 46 0
    endloop
  endfacet
  facet normal 0 0 -1
    outer loop
      vertex -82.3743 46 0
      vertex -91.75 60 0
      vertex -82.3641 46.2353 0
    endloop
  endfacet
  facet normal 0 0 -1
    outer loop
      vertex -91.75 60 0
      vertex -82.3333 46.4688 0
      vertex -82.3641 46.2353 0
    endloop
  endfacet
  facet normal 0 0 -1
    outer loop
      vertex -91.75 60 0
      vertex -82.2823 46.6988 0
      vertex -82.3333 46.4688 0
    endloop
  endfacet
  facet normal 0 0 -1
    outer loop
      vertex -91.75 60 0
      vertex -82.2115 46.9235 0
      vertex -82.2823 46.6988 0
    endloop
  endfacet
  facet normal 0 0 -1
    outer loop
      vertex -91.75 60 0
      vertex -82.1214 47.1411 0
      vertex -82.2115 46.9235 0
    endloop
  endfacet
  facet normal 0 0 -1
    outer loop
      vertex -91.75 60 0
      vertex -82.0126 47.35 0
      vertex -82.1214 47.1411 0
    endloop
  endfacet
  facet normal 0 0 -1
    outer loop
      vertex -91.75 60 0
      vertex -81.886 47.5487 0
      vertex -82.0126 47.35 0
    endloop
  endfacet
  facet normal 0 0 -1
    outer loop
      vertex -91.75 60 0
      vertex -81.7427 47.7355 0
      vertex -81.886 47.5487 0
    endloop
  endfacet
  facet normal 0 0 -1
    outer loop
      vertex -91.75 60 0
      vertex -81.5835 47.9092 0
      vertex -81.7427 47.7355 0
    endloop
  endfacet
  facet normal 0 0 -1
    outer loop
      vertex -91.75 60 0
      vertex -81.4099 48.0683 0
      vertex -81.5835 47.9092 0
    endloop
  endfacet
  facet normal 0 0 -1
    outer loop
      vertex -91.75 60 0
      vertex -81.223 48.2117 0
      vertex -81.4099 48.0683 0
    endloop
  endfacet
  facet normal 0 0 -1
    outer loop
      vertex -91.75 60 0
      vertex -81.0243 48.3383 0
      vertex -81.223 48.2117 0
    endloop
  endfacet
  facet normal 0 0 -1
    outer loop
      vertex -91.75 60 0
      vertex -80.8154 48.447 0
      vertex -81.0243 48.3383 0
    endloop
  endfacet
  facet normal 0 0 -1
    outer loop
      vertex -91.75 60 0
      vertex -80.5978 48.5372 0
      vertex -80.8154 48.447 0
    endloop
  endfacet
  facet normal 0 0 -1
    outer loop
      vertex -91.75 60 0
      vertex -80.3731 48.608 0
      vertex -80.5978 48.5372 0
    endloop
  endfacet
  facet normal 0 0 -1
    outer loop
      vertex -91.75 60 0
      vertex -80.1432 48.659 0
      vertex -80.3731 48.608 0
    endloop
  endfacet
  facet normal 0 0 -1
    outer loop
      vertex -79.6743 48.7 0
      vertex -91.75 60 0
      vertex -91.7624 60.2833 0
    endloop
  endfacet
  facet normal 0 0 -1
    outer loop
      vertex -79.439 48.6897 0
      vertex -91.7624 60.2833 0
      vertex -91.7994 60.5644 0
    endloop
  endfacet
  facet normal 0 0 -1
    outer loop
      vertex -79.2055 48.659 0
      vertex -91.7994 60.5644 0
      vertex -91.8607 60.8412 0
    endloop
  endfacet
  facet normal 0 0 -1
    outer loop
      vertex -78.9755 48.608 0
      vertex -91.8607 60.8412 0
      vertex -91.946 61.1116 0
    endloop
  endfacet
  facet normal 0 0 -1
    outer loop
      vertex -78.7509 48.5372 0
      vertex -91.946 61.1116 0
      vertex -92.0545 61.3735 0
    endloop
  endfacet
  facet normal 0 0 -1
    outer loop
      vertex -78.5333 48.447 0
      vertex -92.0545 61.3735 0
      vertex -92.1854 61.625 0
    endloop
  endfacet
  facet normal 0 0 -1
    outer loop
      vertex -78.3243 48.3383 0
      vertex -92.1854 61.625 0
      vertex -97 75 0
    endloop
  endfacet
  facet normal 0 0 -1
    outer loop
      vertex -97 75 0
      vertex -92.1854 61.625 0
      vertex -92.3378 61.8641 0
    endloop
  endfacet
  facet normal 0 0 -1
    outer loop
      vertex -97 75 0
      vertex -92.3378 61.8641 0
      vertex -92.5104 62.0891 0
    endloop
  endfacet
  facet normal 0 0 -1
    outer loop
      vertex -97 75 0
      vertex -92.5104 62.0891 0
      vertex -92.7019 62.2981 0
    endloop
  endfacet
  facet normal 0 0 -1
    outer loop
      vertex -97 75 0
      vertex -92.7019 62.2981 0
      vertex -92.9109 62.4896 0
    endloop
  endfacet
  facet normal 0 0 -1
    outer loop
      vertex -97 75 0
      vertex -92.9109 62.4896 0
      vertex -93.1359 62.6622 0
    endloop
  endfacet
  facet normal 0 0 -1
    outer loop
      vertex -97 75 0
      vertex -93.1359 62.6622 0
      vertex -93.375 62.8146 0
    endloop
  endfacet
  facet normal 0 0 -1
    outer loop
      vertex -97 75 0
      vertex -93.375 62.8146 0
      vertex -93.6265 62.9455 0
    endloop
  endfacet
  facet normal 0 0 -1
    outer loop
      vertex -97 75 0
      vertex -93.6265 62.9455 0
      vertex -93.8884 63.054 0
    endloop
  endfacet
  facet normal 0 0 -1
    outer loop
      vertex -97 75 0
      vertex -93.8884 63.054 0
      vertex -94.1588 63.1393 0
    endloop
  endfacet
  facet normal 0 0 -1
    outer loop
      vertex -97 75 0
      vertex -94.1588 63.1393 0
      vertex -94.4356 63.2006 0
    endloop
  endfacet
  facet normal 0 0 -1
    outer loop
      vertex -97 75 0
      vertex -94.4356 63.2006 0
      vertex -94.7167 63.2376 0
    endloop
  endfacet
  facet normal 0 0 -1
    outer loop
      vertex -97 75 0
      vertex -94.7167 63.2376 0
      vertex -95 63.25 0
    endloop
  endfacet
  facet normal 0 0 -1
    outer loop
      vertex -97 75 0
      vertex -95 63.25 0
      vertex -95.2833 63.2376 0
    endloop
  endfacet
  facet normal 0 0 -1
    outer loop
      vertex -77.7652 47.9092 0
      vertex -97 75 0
      vertex 97 75 0
    endloop
  endfacet
  facet normal 0 0 -1
    outer loop
      vertex -95.5644 63.2006 0
      vertex -97 75 0
      vertex -95.2833 63.2376 0
    endloop
  endfacet
  facet normal 0 0 -1
    outer loop
      vertex -95.8412 63.1393 0
      vertex -97 75 0
      vertex -95.5644 63.2006 0
    endloop
  endfacet
  facet normal 0 0 -1
    outer loop
      vertex -99.7362 74.5175 0
      vertex -95.8412 63.1393 0
      vertex -96.1116 63.054 0
    endloop
  endfacet
  facet normal 0 0 -1
    outer loop
      vertex -102.657 72.6569 0
      vertex -96.1116 63.054 0
      vertex -96.3735 62.9455 0
    endloop
  endfacet
  facet normal 0 0 -1
    outer loop
      vertex -104.25 70.381 0
      vertex -96.3735 62.9455 0
      vertex -96.625 62.8146 0
    endloop
  endfacet
  facet normal 0 0 -1
    outer loop
      vertex -104.97 67.6973 0
      vertex -96.625 62.8146 0
      vertex -96.8641 62.6622 0
    endloop
  endfacet
  facet normal 0 0 -1
    outer loop
      vertex -105 67 0
      vertex -96.8641 62.6622 0
      vertex -97.0891 62.4896 0
    endloop
  endfacet
  facet normal 0 0 -1
    outer loop
      vertex -105 67 0
      vertex -97.0891 62.4896 0
      vertex -97.2981 62.2981 0
    endloop
  endfacet
  facet normal 0 0 -1
    outer loop
      vertex -105 67 0
      vertex -97.2981 62.2981 0
      vertex -97.4896 62.0891 0
    endloop
  endfacet
  facet normal 0 0 -1
    outer loop
      vertex -105 67 0
      vertex -97.4896 62.0891 0
      vertex -97.6622 61.8641 0
    endloop
  endfacet
  facet normal 0 0 -1
    outer loop
      vertex -95.8412 63.1393 0
      vertex -97.6973 74.9696 0
      vertex -97 75 0
    endloop
  endfacet
  facet normal 0 0 -1
    outer loop
      vertex -105 67 0
      vertex -97.6622 61.8641 0
      vertex -97.8146 61.625 0
    endloop
  endfacet
  facet normal 0 0 -1
    outer loop
      vertex -105 67 0
      vertex -97.8146 61.625 0
      vertex -97.9455 61.3735 0
    endloop
  endfacet
  facet normal 0 0 -1
    outer loop
      vertex -105 67 0
      vertex -97.9455 61.3735 0
      vertex -98.054 61.1116 0
    endloop
  endfacet
  facet normal 0 0 -1
    outer loop
      vertex -105 67 0
      vertex -98.054 61.1116 0
      vertex -98.1393 60.8412 0
    endloop
  endfacet
  facet normal 0 0 -1
    outer loop
      vertex -105 67 0
      vertex -98.1393 60.8412 0
      vertex -98.2006 60.5644 0
    endloop
  endfacet
  facet normal 0 0 -1
    outer loop
      vertex -105 67 0
      vertex -98.2006 60.5644 0
      vertex -98.2376 60.2833 0
    endloop
  endfacet
  facet normal 0 0 -1
    outer loop
      vertex -105 67 0
      vertex -98.2376 60.2833 0
      vertex -98.25 60 0
    endloop
  endfacet
  facet normal 0 0 -1
    outer loop
      vertex -95.8412 63.1393 0
      vertex -98.3892 74.8785 0
      vertex -97.6973 74.9696 0
    endloop
  endfacet
  facet normal 0 0 -1
    outer loop
      vertex -98.2006 59.4356 0
      vertex -105 67 0
      vertex -98.2376 59.7167 0
    endloop
  endfacet
  facet normal 0 0 -1
    outer loop
      vertex -104.878 -68.3892 0
      vertex -96.625 -62.8146 0
      vertex -104.727 -69.0706 0
    endloop
  endfacet
  facet normal 0 0 -1
    outer loop
      vertex -98.2376 59.7167 0
      vertex -105 67 0
      vertex -98.25 60 0
    endloop
  endfacet
  facet normal 0 0 -1
    outer loop
      vertex -104.97 -67.6973 0
      vertex -96.625 -62.8146 0
      vertex -104.878 -68.3892 0
    endloop
  endfacet
  facet normal 0 0 -1
    outer loop
      vertex -96.8641 62.6622 0
      vertex -105 67 0
      vertex -104.97 67.6973 0
    endloop
  endfacet
  facet normal -0 0 -1
    outer loop
      vertex -96.625 -62.8146 0
      vertex -104.97 -67.6973 0
      vertex -96.8641 -62.6622 0
    endloop
  endfacet
  facet normal 0 0 -1
    outer loop
      vertex -95.8412 63.1393 0
      vertex -99.0706 74.7274 0
      vertex -98.3892 74.8785 0
    endloop
  endfacet
  facet normal 0 0 -1
    outer loop
      vertex -105 -67 0
      vertex -96.8641 -62.6622 0
      vertex -104.97 -67.6973 0
    endloop
  endfacet
  facet normal 0 0 -1
    outer loop
      vertex -95.8412 63.1393 0
      vertex -99.7362 74.5175 0
      vertex -99.0706 74.7274 0
    endloop
  endfacet
  facet normal -0 0 -1
    outer loop
      vertex -96.8641 -62.6622 0
      vertex -105 -67 0
      vertex -97.0891 -62.4896 0
    endloop
  endfacet
  facet normal 0 0 -1
    outer loop
      vertex -96.1116 63.054 0
      vertex -100.381 74.2505 0
      vertex -99.7362 74.5175 0
    endloop
  endfacet
  facet normal -0 0 -1
    outer loop
      vertex -97.0891 -62.4896 0
      vertex -105 -67 0
      vertex -97.2981 -62.2981 0
    endloop
  endfacet
  facet normal 0 0 -1
    outer loop
      vertex -96.1116 63.054 0
      vertex -101 73.9282 0
      vertex -100.381 74.2505 0
    endloop
  endfacet
  facet normal -0 0 -1
    outer loop
      vertex -97.2981 -62.2981 0
      vertex -105 -67 0
      vertex -97.4896 -62.0891 0
    endloop
  endfacet
  facet normal 0 0 -1
    outer loop
      vertex -96.1116 63.054 0
      vertex -101.589 73.5532 0
      vertex -101 73.9282 0
    endloop
  endfacet
  facet normal -0 0 -1
    outer loop
      vertex -97.4896 -62.0891 0
      vertex -105 -67 0
      vertex -97.6622 -61.8641 0
    endloop
  endfacet
  facet normal 0 0 -1
    outer loop
      vertex -96.1116 63.054 0
      vertex -102.142 73.1284 0
      vertex -101.589 73.5532 0
    endloop
  endfacet
  facet normal -0 0 -1
    outer loop
      vertex -97.6622 -61.8641 0
      vertex -105 -67 0
      vertex -97.8146 -61.625 0
    endloop
  endfacet
  facet normal 0 0 -1
    outer loop
      vertex -96.1116 63.054 0
      vertex -102.657 72.6569 0
      vertex -102.142 73.1284 0
    endloop
  endfacet
  facet normal -0 0 -1
    outer loop
      vertex -97.8146 -61.625 0
      vertex -105 -67 0
      vertex -97.9455 -61.3735 0
    endloop
  endfacet
  facet normal 0 0 -1
    outer loop
      vertex -96.3735 62.9455 0
      vertex -103.128 72.1423 0
      vertex -102.657 72.6569 0
    endloop
  endfacet
  facet normal -0 0 -1
    outer loop
      vertex -97.9455 -61.3735 0
      vertex -105 -67 0
      vertex -98.054 -61.1116 0
    endloop
  endfacet
  facet normal 0 0 -1
    outer loop
      vertex -96.3735 62.9455 0
      vertex -103.553 71.5886 0
      vertex -103.128 72.1423 0
    endloop
  endfacet
  facet normal -0 0 -1
    outer loop
      vertex -98.054 -61.1116 0
      vertex -105 -67 0
      vertex -98.1393 -60.8412 0
    endloop
  endfacet
  facet normal 0 0 -1
    outer loop
      vertex -96.3735 62.9455 0
      vertex -103.928 71 0
      vertex -103.553 71.5886 0
    endloop
  endfacet
  facet normal -0 0 -1
    outer loop
      vertex -98.1393 -60.8412 0
      vertex -105 -67 0
      vertex -98.2006 -60.5644 0
    endloop
  endfacet
  facet normal 0 0 -1
    outer loop
      vertex -96.3735 62.9455 0
      vertex -104.25 70.381 0
      vertex -103.928 71 0
    endloop
  endfacet
  facet normal -0 0 -1
    outer loop
      vertex -98.2006 -60.5644 0
      vertex -105 -67 0
      vertex -98.2376 -60.2833 0
    endloop
  endfacet
  facet normal 0 0 -1
    outer loop
      vertex -96.625 62.8146 0
      vertex -104.518 69.7362 0
      vertex -104.25 70.381 0
    endloop
  endfacet
  facet normal -0 0 -1
    outer loop
      vertex -98.2376 -60.2833 0
      vertex -105 -67 0
      vertex -98.25 -60 0
    endloop
  endfacet
  facet normal 0 0 -1
    outer loop
      vertex -96.625 62.8146 0
      vertex -104.727 69.0706 0
      vertex -104.518 69.7362 0
    endloop
  endfacet
  facet normal 0 0 -1
    outer loop
      vertex -96.625 62.8146 0
      vertex -104.878 68.3892 0
      vertex -104.727 69.0706 0
    endloop
  endfacet
  facet normal 0 0 -1
    outer loop
      vertex -96.625 62.8146 0
      vertex -104.97 67.6973 0
      vertex -104.878 68.3892 0
    endloop
  endfacet
  facet normal -0.609184 0.793029 0
    outer loop
      vertex -101.589 73.5532 0
      vertex -102.142 73.1284 10
      vertex -101.589 73.5532 10
    endloop
  endfacet
  facet normal -0.609184 0.793029 0
    outer loop
      vertex -102.142 73.1284 10
      vertex -101.589 73.5532 0
      vertex -102.142 73.1284 0
    endloop
  endfacet
  facet normal -0.999076 -0.0429833 0
    outer loop
      vertex -104.97 -67.6973 0
      vertex -105 -67 10
      vertex -105 -67 0
    endloop
  endfacet
  facet normal -0.999076 -0.0429833 0
    outer loop
      vertex -105 -67 10
      vertex -104.97 -67.6973 0
      vertex -104.97 -67.6973 10
    endloop
  endfacet
  facet normal 0.954071 0.299581 0
    outer loop
      vertex 104.727 69.0706 10
      vertex 104.518 69.7362 0
      vertex 104.518 69.7362 10
    endloop
  endfacet
  facet normal 0.954071 0.299581 0
    outer loop
      vertex 104.518 69.7362 0
      vertex 104.727 69.0706 10
      vertex 104.727 69.0706 0
    endloop
  endfacet
  facet normal 0.675271 -0.73757 0
    outer loop
      vertex 102.142 -73.1284 0
      vertex 102.657 -72.6569 10
      vertex 102.142 -73.1284 10
    endloop
  endfacet
  facet normal 0.675271 -0.73757 0
    outer loop
      vertex 102.657 -72.6569 10
      vertex 102.142 -73.1284 0
      vertex 102.657 -72.6569 0
    endloop
  endfacet
  facet normal -0.843378 0.53732 0
    outer loop
      vertex -103.928 71 0
      vertex -103.553 71.5886 10
      vertex -103.553 71.5886 0
    endloop
  endfacet
  facet normal -0.843378 0.53732 0
    outer loop
      vertex -103.553 71.5886 10
      vertex -103.928 71 0
      vertex -103.928 71 10
    endloop
  endfacet
  facet normal 0.923416 0.383802 0
    outer loop
      vertex 104.518 69.7362 10
      vertex 104.25 70.381 0
      vertex 104.25 70.381 10
    endloop
  endfacet
  facet normal 0.923416 0.383802 0
    outer loop
      vertex 104.25 70.381 0
      vertex 104.518 69.7362 10
      vertex 104.518 69.7362 0
    endloop
  endfacet
  facet normal 0.843378 0.53732 0
    outer loop
      vertex 103.928 71 10
      vertex 103.553 71.5886 0
      vertex 103.553 71.5886 10
    endloop
  endfacet
  facet normal 0.843378 0.53732 0
    outer loop
      vertex 103.553 71.5886 0
      vertex 103.928 71 10
      vertex 103.928 71 0
    endloop
  endfacet
  facet normal 0.675271 0.73757 -0
    outer loop
      vertex 102.657 72.6569 0
      vertex 102.142 73.1284 10
      vertex 102.657 72.6569 10
    endloop
  endfacet
  facet normal 0.675271 0.73757 0
    outer loop
      vertex 102.142 73.1284 10
      vertex 102.657 72.6569 0
      vertex 102.142 73.1284 0
    endloop
  endfacet
  facet normal -0.976315 0.216354 0
    outer loop
      vertex -104.878 68.3892 0
      vertex -104.727 69.0706 10
      vertex -104.727 69.0706 0
    endloop
  endfacet
  facet normal -0.976315 0.216354 0
    outer loop
      vertex -104.727 69.0706 10
      vertex -104.878 68.3892 0
      vertex -104.878 68.3892 10
    endloop
  endfacet
  facet normal 0.737666 -0.675166 0
    outer loop
      vertex 102.657 -72.6569 10
      vertex 103.128 -72.1423 0
      vertex 103.128 -72.1423 10
    endloop
  endfacet
  facet normal 0.737666 -0.675166 0
    outer loop
      vertex 103.128 -72.1423 0
      vertex 102.657 -72.6569 10
      vertex 102.657 -72.6569 0
    endloop
  endfacet
  facet normal 0.976315 0.216354 0
    outer loop
      vertex 104.878 68.3892 10
      vertex 104.727 69.0706 0
      vertex 104.727 69.0706 10
    endloop
  endfacet
  facet normal 0.976315 0.216354 0
    outer loop
      vertex 104.727 69.0706 0
      vertex 104.878 68.3892 10
      vertex 104.878 68.3892 0
    endloop
  endfacet
  facet normal 0.999076 0.0429833 0
    outer loop
      vertex 105 67 10
      vertex 104.97 67.6973 0
      vertex 104.97 67.6973 10
    endloop
  endfacet
  facet normal 0.999076 0.0429833 0
    outer loop
      vertex 104.97 67.6973 0
      vertex 105 67 10
      vertex 105 67 0
    endloop
  endfacet
  facet normal 0.887146 -0.461488 0
    outer loop
      vertex 103.928 -71 10
      vertex 104.25 -70.381 0
      vertex 104.25 -70.381 10
    endloop
  endfacet
  facet normal 0.887146 -0.461488 0
    outer loop
      vertex 104.25 -70.381 0
      vertex 103.928 -71 10
      vertex 103.928 -71 0
    endloop
  endfacet
  facet normal 0.954071 -0.299581 0
    outer loop
      vertex 104.518 -69.7362 10
      vertex 104.727 -69.0706 0
      vertex 104.727 -69.0706 10
    endloop
  endfacet
  facet normal 0.954071 -0.299581 0
    outer loop
      vertex 104.727 -69.0706 0
      vertex 104.518 -69.7362 10
      vertex 104.518 -69.7362 0
    endloop
  endfacet
  facet normal 0.300754 -0.953702 0
    outer loop
      vertex 99.0706 -74.7274 0
      vertex 99.7362 -74.5175 10
      vertex 99.0706 -74.7274 10
    endloop
  endfacet
  facet normal 0.300754 -0.953702 0
    outer loop
      vertex 99.7362 -74.5175 10
      vertex 99.0706 -74.7274 0
      vertex 99.7362 -74.5175 0
    endloop
  endfacet
  facet normal 0.737666 0.675166 0
    outer loop
      vertex 103.128 72.1423 10
      vertex 102.657 72.6569 0
      vertex 102.657 72.6569 10
    endloop
  endfacet
  facet normal 0.737666 0.675166 0
    outer loop
      vertex 102.657 72.6569 0
      vertex 103.128 72.1423 10
      vertex 103.128 72.1423 0
    endloop
  endfacet
  facet normal 0.0435554 0.999051 -0
    outer loop
      vertex 97.6973 74.9696 0
      vertex 97 75 10
      vertex 97.6973 74.9696 10
    endloop
  endfacet
  facet normal 0.0435554 0.999051 0
    outer loop
      vertex 97 75 10
      vertex 97.6973 74.9696 0
      vertex 97 75 0
    endloop
  endfacet
  facet normal 0.609184 -0.793029 0
    outer loop
      vertex 101.589 -73.5532 0
      vertex 102.142 -73.1284 10
      vertex 101.589 -73.5532 10
    endloop
  endfacet
  facet normal 0.609184 -0.793029 0
    outer loop
      vertex 102.142 -73.1284 10
      vertex 101.589 -73.5532 0
      vertex 102.142 -73.1284 0
    endloop
  endfacet
  facet normal 0.991275 0.131807 0
    outer loop
      vertex 104.97 67.6973 10
      vertex 104.878 68.3892 0
      vertex 104.878 68.3892 10
    endloop
  endfacet
  facet normal 0.991275 0.131807 0
    outer loop
      vertex 104.878 68.3892 0
      vertex 104.97 67.6973 10
      vertex 104.97 67.6973 0
    endloop
  endfacet
  facet normal -0.976315 -0.216354 0
    outer loop
      vertex -104.727 -69.0706 0
      vertex -104.878 -68.3892 10
      vertex -104.878 -68.3892 0
    endloop
  endfacet
  facet normal -0.976315 -0.216354 0
    outer loop
      vertex -104.878 -68.3892 10
      vertex -104.727 -69.0706 0
      vertex -104.727 -69.0706 10
    endloop
  endfacet
  facet normal 0.300754 0.953702 -0
    outer loop
      vertex 99.7362 74.5175 0
      vertex 99.0706 74.7274 10
      vertex 99.7362 74.5175 10
    endloop
  endfacet
  facet normal 0.300754 0.953702 0
    outer loop
      vertex 99.0706 74.7274 10
      vertex 99.7362 74.5175 0
      vertex 99.0706 74.7274 0
    endloop
  endfacet
  facet normal 0.887146 0.461488 0
    outer loop
      vertex 104.25 70.381 10
      vertex 103.928 71 0
      vertex 103.928 71 10
    endloop
  endfacet
  facet normal 0.887146 0.461488 0
    outer loop
      vertex 103.928 71 0
      vertex 104.25 70.381 10
      vertex 104.25 70.381 0
    endloop
  endfacet
  facet normal 0.843378 -0.53732 0
    outer loop
      vertex 103.553 -71.5886 10
      vertex 103.928 -71 0
      vertex 103.928 -71 10
    endloop
  endfacet
  facet normal 0.843378 -0.53732 0
    outer loop
      vertex 103.928 -71 0
      vertex 103.553 -71.5886 10
      vertex 103.553 -71.5886 0
    endloop
  endfacet
  facet normal 0.999076 -0.0429833 0
    outer loop
      vertex 104.97 -67.6973 10
      vertex 105 -67 0
      vertex 105 -67 10
    endloop
  endfacet
  facet normal 0.999076 -0.0429833 0
    outer loop
      vertex 105 -67 0
      vertex 104.97 -67.6973 10
      vertex 104.97 -67.6973 0
    endloop
  endfacet
  facet normal -0.793263 -0.60888 0
    outer loop
      vertex -103.128 -72.1423 0
      vertex -103.553 -71.5886 10
      vertex -103.553 -71.5886 0
    endloop
  endfacet
  facet normal -0.793263 -0.60888 0
    outer loop
      vertex -103.553 -71.5886 10
      vertex -103.128 -72.1423 0
      vertex -103.128 -72.1423 10
    endloop
  endfacet
  facet normal 0.793263 -0.60888 0
    outer loop
      vertex 103.128 -72.1423 10
      vertex 103.553 -71.5886 0
      vertex 103.553 -71.5886 10
    endloop
  endfacet
  facet normal 0.793263 -0.60888 0
    outer loop
      vertex 103.553 -71.5886 0
      vertex 103.128 -72.1423 10
      vertex 103.128 -72.1423 0
    endloop
  endfacet
  facet normal -0.991275 -0.131807 0
    outer loop
      vertex -104.878 -68.3892 0
      vertex -104.97 -67.6973 10
      vertex -104.97 -67.6973 0
    endloop
  endfacet
  facet normal -0.991275 -0.131807 0
    outer loop
      vertex -104.97 -67.6973 10
      vertex -104.878 -68.3892 0
      vertex -104.878 -68.3892 10
    endloop
  endfacet
  facet normal 0.537061 -0.843544 0
    outer loop
      vertex 101 -73.9282 0
      vertex 101.589 -73.5532 10
      vertex 101 -73.9282 10
    endloop
  endfacet
  facet normal 0.537061 -0.843544 0
    outer loop
      vertex 101.589 -73.5532 10
      vertex 101 -73.9282 0
      vertex 101.589 -73.5532 0
    endloop
  endfacet
  facet normal 0.38258 -0.923923 0
    outer loop
      vertex 99.7362 -74.5175 0
      vertex 100.381 -74.2505 10
      vertex 99.7362 -74.5175 10
    endloop
  endfacet
  facet normal 0.38258 -0.923923 0
    outer loop
      vertex 100.381 -74.2505 10
      vertex 99.7362 -74.5175 0
      vertex 100.381 -74.2505 0
    endloop
  endfacet
  facet normal 1 -0 0
    outer loop
      vertex 97 -75 50
      vertex 97 -69 10
      vertex 97 -69 50
    endloop
  endfacet
  facet normal 1 0 0
    outer loop
      vertex 97 -69 10
      vertex 97 -75 50
      vertex 97 -75 10
    endloop
  endfacet
  facet normal -0 0 1
    outer loop
      vertex -97 -69 50
      vertex 97 -75 50
      vertex 97 -69 50
    endloop
  endfacet
  facet normal 0 0 1
    outer loop
      vertex 97 -75 50
      vertex -97 -69 50
      vertex -97 -75 50
    endloop
  endfacet
  facet normal -1 0 0
    outer loop
      vertex -97 -75 10
      vertex -97 -69 50
      vertex -97 -69 10
    endloop
  endfacet
  facet normal -1 -0 0
    outer loop
      vertex -97 -69 50
      vertex -97 -75 10
      vertex -97 -75 50
    endloop
  endfacet
  facet normal -0.382927 -0.923779 0
    outer loop
      vertex -78.7509 -43.4628 0
      vertex -78.5333 -43.553 10
      vertex -78.7509 -43.4628 10
    endloop
  endfacet
  facet normal -0.382927 -0.923779 -0
    outer loop
      vertex -78.5333 -43.553 10
      vertex -78.7509 -43.4628 0
      vertex -78.5333 -43.553 0
    endloop
  endfacet
  facet normal 0.953775 -0.300522 0
    outer loop
      vertex -82.2823 -45.3012 10
      vertex -82.2115 -45.0765 0
      vertex -82.2115 -45.0765 10
    endloop
  endfacet
  facet normal 0.953775 -0.300522 0
    outer loop
      vertex -82.2115 -45.0765 0
      vertex -82.2823 -45.3012 10
      vertex -82.2823 -45.3012 0
    endloop
  endfacet
  facet normal 0.843364 0.537342 0
    outer loop
      vertex -81.886 -47.5487 10
      vertex -82.0126 -47.35 0
      vertex -82.0126 -47.35 10
    endloop
  endfacet
  facet normal 0.843364 0.537342 0
    outer loop
      vertex -82.0126 -47.35 0
      vertex -81.886 -47.5487 10
      vertex -81.886 -47.5487 0
    endloop
  endfacet
  facet normal 0.130356 -0.991467 0
    outer loop
      vertex -80.1432 -43.341 0
      vertex -79.9097 -43.3103 10
      vertex -80.1432 -43.341 10
    endloop
  endfacet
  facet normal 0.130356 -0.991467 0
    outer loop
      vertex -79.9097 -43.3103 10
      vertex -80.1432 -43.341 0
      vertex -79.9097 -43.3103 0
    endloop
  endfacet
  facet normal -0.793223 0.608931 0
    outer loop
      vertex -77.606 -47.7355 0
      vertex -77.4626 -47.5487 10
      vertex -77.4626 -47.5487 0
    endloop
  endfacet
  facet normal -0.793223 0.608931 0
    outer loop
      vertex -77.4626 -47.5487 10
      vertex -77.606 -47.7355 0
      vertex -77.606 -47.7355 10
    endloop
  endfacet
  facet normal -0.46142 0.887182 0
    outer loop
      vertex -78.3243 -48.3383 0
      vertex -78.5333 -48.447 10
      vertex -78.3243 -48.3383 10
    endloop
  endfacet
  facet normal -0.46142 0.887182 0
    outer loop
      vertex -78.5333 -48.447 10
      vertex -78.3243 -48.3383 0
      vertex -78.5333 -48.447 0
    endloop
  endfacet
  facet normal 0.999062 -0.0433082 0
    outer loop
      vertex -82.3743 -46 10
      vertex -82.3641 -45.7647 0
      vertex -82.3641 -45.7647 10
    endloop
  endfacet
  facet normal 0.999062 -0.0433082 0
    outer loop
      vertex -82.3641 -45.7647 0
      vertex -82.3743 -46 10
      vertex -82.3743 -46 0
    endloop
  endfacet
  facet normal 0.737207 0.675667 0
    outer loop
      vertex -81.5835 -47.9092 10
      vertex -81.7427 -47.7355 0
      vertex -81.7427 -47.7355 10
    endloop
  endfacet
  facet normal 0.737207 0.675667 0
    outer loop
      vertex -81.7427 -47.7355 0
      vertex -81.5835 -47.9092 10
      vertex -81.5835 -47.9092 0
    endloop
  endfacet
  facet normal -0.953653 -0.300908 0
    outer loop
      vertex -77.0663 -45.3012 0
      vertex -77.1372 -45.0765 10
      vertex -77.1372 -45.0765 0
    endloop
  endfacet
  facet normal -0.953653 -0.300908 0
    outer loop
      vertex -77.1372 -45.0765 10
      vertex -77.0663 -45.3012 0
      vertex -77.0663 -45.3012 10
    endloop
  endfacet
  facet normal 0.216571 0.976267 -0
    outer loop
      vertex -80.1432 -48.659 0
      vertex -80.3731 -48.608 10
      vertex -80.1432 -48.659 10
    endloop
  endfacet
  facet normal 0.216571 0.976267 0
    outer loop
      vertex -80.3731 -48.608 10
      vertex -80.1432 -48.659 0
      vertex -80.3731 -48.608 0
    endloop
  endfacet
  facet normal -0.130356 -0.991467 0
    outer loop
      vertex -79.439 -43.3103 0
      vertex -79.2055 -43.341 10
      vertex -79.439 -43.3103 10
    endloop
  endfacet
  facet normal -0.130356 -0.991467 -0
    outer loop
      vertex -79.2055 -43.341 10
      vertex -79.439 -43.3103 0
      vertex -79.2055 -43.341 0
    endloop
  endfacet
  facet normal -0.130356 0.991467 0
    outer loop
      vertex -79.2055 -48.659 0
      vertex -79.439 -48.6897 10
      vertex -79.2055 -48.659 10
    endloop
  endfacet
  facet normal -0.130356 0.991467 0
    outer loop
      vertex -79.439 -48.6897 10
      vertex -79.2055 -48.659 0
      vertex -79.439 -48.6897 0
    endloop
  endfacet
  facet normal -0.46142 -0.887182 0
    outer loop
      vertex -78.5333 -43.553 0
      vertex -78.3243 -43.6617 10
      vertex -78.5333 -43.553 10
    endloop
  endfacet
  facet normal -0.46142 -0.887182 -0
    outer loop
      vertex -78.3243 -43.6617 10
      vertex -78.5333 -43.553 0
      vertex -78.3243 -43.6617 0
    endloop
  endfacet
  facet normal -0.991412 -0.130773 0
    outer loop
      vertex -76.9846 -45.7647 0
      vertex -77.0154 -45.5312 10
      vertex -77.0154 -45.5312 0
    endloop
  endfacet
  facet normal -0.991412 -0.130773 0
    outer loop
      vertex -77.0154 -45.5312 10
      vertex -76.9846 -45.7647 0
      vertex -76.9846 -45.7647 10
    endloop
  endfacet
  facet normal 0.300522 0.953775 -0
    outer loop
      vertex -80.3731 -48.608 0
      vertex -80.5978 -48.5372 10
      vertex -80.3731 -48.608 10
    endloop
  endfacet
  facet normal 0.300522 0.953775 0
    outer loop
      vertex -80.5978 -48.5372 10
      vertex -80.3731 -48.608 0
      vertex -80.5978 -48.5372 0
    endloop
  endfacet
  facet normal -0.999043 -0.043732 0
    outer loop
      vertex -76.9743 -46 0
      vertex -76.9846 -45.7647 10
      vertex -76.9846 -45.7647 0
    endloop
  endfacet
  facet normal -0.999043 -0.043732 0
    outer loop
      vertex -76.9846 -45.7647 10
      vertex -76.9743 -46 0
      vertex -76.9743 -46 10
    endloop
  endfacet
  facet normal 0.923929 0.382564 0
    outer loop
      vertex -82.1214 -47.1411 10
      vertex -82.2115 -46.9235 0
      vertex -82.2115 -46.9235 10
    endloop
  endfacet
  facet normal 0.923929 0.382564 0
    outer loop
      vertex -82.2115 -46.9235 0
      vertex -82.1214 -47.1411 10
      vertex -82.1214 -47.1411 0
    endloop
  endfacet
  facet normal -0.216481 0.976287 0
    outer loop
      vertex -78.9755 -48.608 0
      vertex -79.2055 -48.659 10
      vertex -78.9755 -48.608 10
    endloop
  endfacet
  facet normal -0.216481 0.976287 0
    outer loop
      vertex -79.2055 -48.659 10
      vertex -78.9755 -48.608 0
      vertex -79.2055 -48.659 0
    endloop
  endfacet
  facet normal -0.537535 0.843242 0
    outer loop
      vertex -78.1257 -48.2117 0
      vertex -78.3243 -48.3383 10
      vertex -78.1257 -48.2117 10
    endloop
  endfacet
  facet normal -0.537535 0.843242 0
    outer loop
      vertex -78.3243 -48.3383 10
      vertex -78.1257 -48.2117 0
      vertex -78.3243 -48.3383 0
    endloop
  endfacet
  facet normal 0.991412 0.130773 0
    outer loop
      vertex -82.3333 -46.4688 10
      vertex -82.3641 -46.2353 0
      vertex -82.3641 -46.2353 10
    endloop
  endfacet
  facet normal 0.991412 0.130773 0
    outer loop
      vertex -82.3641 -46.2353 0
      vertex -82.3333 -46.4688 10
      vertex -82.3333 -46.4688 0
    endloop
  endfacet
  facet normal 0.608726 0.793381 -0
    outer loop
      vertex -81.223 -48.2117 0
      vertex -81.4099 -48.0683 10
      vertex -81.223 -48.2117 10
    endloop
  endfacet
  facet normal 0.608726 0.793381 0
    outer loop
      vertex -81.4099 -48.0683 10
      vertex -81.223 -48.2117 0
      vertex -81.4099 -48.0683 0
    endloop
  endfacet
  facet normal -0.537535 -0.843242 0
    outer loop
      vertex -78.3243 -43.6617 0
      vertex -78.1257 -43.7883 10
      vertex -78.3243 -43.6617 10
    endloop
  endfacet
  facet normal -0.537535 -0.843242 -0
    outer loop
      vertex -78.1257 -43.7883 10
      vertex -78.3243 -43.6617 0
      vertex -78.1257 -43.7883 0
    endloop
  endfacet
  facet normal 0.0437135 -0.999044 0
    outer loop
      vertex -79.9097 -43.3103 0
      vertex -79.6743 -43.3 10
      vertex -79.9097 -43.3103 10
    endloop
  endfacet
  facet normal 0.0437135 -0.999044 0
    outer loop
      vertex -79.6743 -43.3 10
      vertex -79.9097 -43.3103 0
      vertex -79.6743 -43.3 0
    endloop
  endfacet
  facet normal -0.737207 0.675667 0
    outer loop
      vertex -77.7652 -47.9092 0
      vertex -77.606 -47.7355 10
      vertex -77.606 -47.7355 0
    endloop
  endfacet
  facet normal -0.737207 0.675667 0
    outer loop
      vertex -77.606 -47.7355 10
      vertex -77.7652 -47.9092 0
      vertex -77.7652 -47.9092 10
    endloop
  endfacet
  facet normal -0.976376 0.216076 0
    outer loop
      vertex -77.0663 -46.6988 0
      vertex -77.0154 -46.4688 10
      vertex -77.0154 -46.4688 0
    endloop
  endfacet
  facet normal -0.976376 0.216076 0
    outer loop
      vertex -77.0154 -46.4688 10
      vertex -77.0663 -46.6988 0
      vertex -77.0663 -46.6988 10
    endloop
  endfacet
  facet normal -0.043732 -0.999043 0
    outer loop
      vertex -79.6743 -43.3 0
      vertex -79.439 -43.3103 10
      vertex -79.6743 -43.3 10
    endloop
  endfacet
  facet normal -0.043732 -0.999043 -0
    outer loop
      vertex -79.439 -43.3103 10
      vertex -79.6743 -43.3 0
      vertex -79.439 -43.3103 0
    endloop
  endfacet
  facet normal 0.675648 0.737225 -0
    outer loop
      vertex -81.4099 -48.0683 0
      vertex -81.5835 -47.9092 10
      vertex -81.4099 -48.0683 10
    endloop
  endfacet
  facet normal 0.675648 0.737225 0
    outer loop
      vertex -81.5835 -47.9092 10
      vertex -81.4099 -48.0683 0
      vertex -81.5835 -47.9092 0
    endloop
  endfacet
  facet normal 0.461593 -0.887092 0
    outer loop
      vertex -81.0243 -43.6617 0
      vertex -80.8154 -43.553 10
      vertex -81.0243 -43.6617 10
    endloop
  endfacet
  facet normal 0.461593 -0.887092 0
    outer loop
      vertex -80.8154 -43.553 10
      vertex -81.0243 -43.6617 0
      vertex -80.8154 -43.553 0
    endloop
  endfacet
  facet normal 0.991412 -0.130773 0
    outer loop
      vertex -82.3641 -45.7647 10
      vertex -82.3333 -45.5312 0
      vertex -82.3333 -45.5312 10
    endloop
  endfacet
  facet normal 0.991412 -0.130773 0
    outer loop
      vertex -82.3333 -45.5312 0
      vertex -82.3641 -45.7647 10
      vertex -82.3641 -45.7647 0
    endloop
  endfacet
  facet normal 0.793429 0.608663 0
    outer loop
      vertex -81.7427 -47.7355 10
      vertex -81.886 -47.5487 0
      vertex -81.886 -47.5487 10
    endloop
  endfacet
  facet normal 0.793429 0.608663 0
    outer loop
      vertex -81.886 -47.5487 0
      vertex -81.7427 -47.7355 10
      vertex -81.7427 -47.7355 0
    endloop
  endfacet
  facet normal 0.999062 0.0433082 0
    outer loop
      vertex -82.3641 -46.2353 10
      vertex -82.3743 -46 0
      vertex -82.3743 -46 10
    endloop
  endfacet
  facet normal 0.999062 0.0433082 0
    outer loop
      vertex -82.3743 -46 0
      vertex -82.3641 -46.2353 10
      vertex -82.3641 -46.2353 0
    endloop
  endfacet
  facet normal -0.976376 -0.216076 0
    outer loop
      vertex -77.0154 -45.5312 0
      vertex -77.0663 -45.3012 10
      vertex -77.0663 -45.3012 0
    endloop
  endfacet
  facet normal -0.976376 -0.216076 0
    outer loop
      vertex -77.0663 -45.3012 10
      vertex -77.0154 -45.5312 0
      vertex -77.0154 -45.5312 10
    endloop
  endfacet
  facet normal 0.0437135 0.999044 -0
    outer loop
      vertex -79.6743 -48.7 0
      vertex -79.9097 -48.6897 10
      vertex -79.6743 -48.7 10
    endloop
  endfacet
  facet normal 0.0437135 0.999044 0
    outer loop
      vertex -79.9097 -48.6897 10
      vertex -79.6743 -48.7 0
      vertex -79.9097 -48.6897 0
    endloop
  endfacet
  facet normal -0.043732 0.999043 0
    outer loop
      vertex -79.439 -48.6897 0
      vertex -79.6743 -48.7 10
      vertex -79.439 -48.6897 10
    endloop
  endfacet
  facet normal -0.043732 0.999043 0
    outer loop
      vertex -79.6743 -48.7 10
      vertex -79.439 -48.6897 0
      vertex -79.6743 -48.7 0
    endloop
  endfacet
  facet normal -0.737207 -0.675667 0
    outer loop
      vertex -77.606 -44.2645 0
      vertex -77.7652 -44.0908 10
      vertex -77.7652 -44.0908 0
    endloop
  endfacet
  facet normal -0.737207 -0.675667 0
    outer loop
      vertex -77.7652 -44.0908 10
      vertex -77.606 -44.2645 0
      vertex -77.606 -44.2645 10
    endloop
  endfacet
  facet normal -0.608726 0.793381 0
    outer loop
      vertex -77.9388 -48.0683 0
      vertex -78.1257 -48.2117 10
      vertex -77.9388 -48.0683 10
    endloop
  endfacet
  facet normal -0.608726 0.793381 0
    outer loop
      vertex -78.1257 -48.2117 10
      vertex -77.9388 -48.0683 0
      vertex -78.1257 -48.2117 0
    endloop
  endfacet
  facet normal 0.382927 0.923779 -0
    outer loop
      vertex -80.5978 -48.5372 0
      vertex -80.8154 -48.447 10
      vertex -80.5978 -48.5372 10
    endloop
  endfacet
  facet normal 0.382927 0.923779 0
    outer loop
      vertex -80.8154 -48.447 10
      vertex -80.5978 -48.5372 0
      vertex -80.8154 -48.447 0
    endloop
  endfacet
  facet normal -0.675648 -0.737225 0
    outer loop
      vertex -77.9388 -43.9317 0
      vertex -77.7652 -44.0908 10
      vertex -77.9388 -43.9317 10
    endloop
  endfacet
  facet normal -0.675648 -0.737225 -0
    outer loop
      vertex -77.7652 -44.0908 10
      vertex -77.9388 -43.9317 0
      vertex -77.7652 -44.0908 0
    endloop
  endfacet
  facet normal -0.923929 0.382564 0
    outer loop
      vertex -77.2273 -47.1411 0
      vertex -77.1372 -46.9235 10
      vertex -77.1372 -46.9235 0
    endloop
  endfacet
  facet normal -0.923929 0.382564 0
    outer loop
      vertex -77.1372 -46.9235 10
      vertex -77.2273 -47.1411 0
      vertex -77.2273 -47.1411 10
    endloop
  endfacet
  facet normal 0.382927 -0.923779 0
    outer loop
      vertex -80.8154 -43.553 0
      vertex -80.5978 -43.4628 10
      vertex -80.8154 -43.553 10
    endloop
  endfacet
  facet normal 0.382927 -0.923779 0
    outer loop
      vertex -80.5978 -43.4628 10
      vertex -80.8154 -43.553 0
      vertex -80.5978 -43.4628 0
    endloop
  endfacet
  facet normal 0.300522 -0.953775 0
    outer loop
      vertex -80.5978 -43.4628 0
      vertex -80.3731 -43.392 10
      vertex -80.5978 -43.4628 10
    endloop
  endfacet
  facet normal 0.300522 -0.953775 0
    outer loop
      vertex -80.3731 -43.392 10
      vertex -80.5978 -43.4628 0
      vertex -80.3731 -43.392 0
    endloop
  endfacet
  facet normal 0.953775 0.300522 0
    outer loop
      vertex -82.2115 -46.9235 10
      vertex -82.2823 -46.6988 0
      vertex -82.2823 -46.6988 10
    endloop
  endfacet
  facet normal 0.953775 0.300522 0
    outer loop
      vertex -82.2823 -46.6988 0
      vertex -82.2115 -46.9235 10
      vertex -82.2115 -46.9235 0
    endloop
  endfacet
  facet normal 0.886918 -0.461927 0
    outer loop
      vertex -82.1214 -44.8589 10
      vertex -82.0126 -44.65 0
      vertex -82.0126 -44.65 10
    endloop
  endfacet
  facet normal 0.886918 -0.461927 0
    outer loop
      vertex -82.0126 -44.65 0
      vertex -82.1214 -44.8589 10
      vertex -82.1214 -44.8589 0
    endloop
  endfacet
  facet normal -0.886918 -0.461927 0
    outer loop
      vertex -77.2273 -44.8589 0
      vertex -77.3361 -44.65 10
      vertex -77.3361 -44.65 0
    endloop
  endfacet
  facet normal -0.886918 -0.461927 0
    outer loop
      vertex -77.3361 -44.65 10
      vertex -77.2273 -44.8589 0
      vertex -77.2273 -44.8589 10
    endloop
  endfacet
  facet normal -0.608726 -0.793381 0
    outer loop
      vertex -78.1257 -43.7883 0
      vertex -77.9388 -43.9317 10
      vertex -78.1257 -43.7883 10
    endloop
  endfacet
  facet normal -0.608726 -0.793381 -0
    outer loop
      vertex -77.9388 -43.9317 10
      vertex -78.1257 -43.7883 0
      vertex -77.9388 -43.9317 0
    endloop
  endfacet
  facet normal -0.999043 0.043732 0
    outer loop
      vertex -76.9846 -46.2353 0
      vertex -76.9743 -46 10
      vertex -76.9743 -46 0
    endloop
  endfacet
  facet normal -0.999043 0.043732 0
    outer loop
      vertex -76.9743 -46 10
      vertex -76.9846 -46.2353 0
      vertex -76.9846 -46.2353 10
    endloop
  endfacet
  facet normal -0.953653 0.300908 0
    outer loop
      vertex -77.1372 -46.9235 0
      vertex -77.0663 -46.6988 10
      vertex -77.0663 -46.6988 0
    endloop
  endfacet
  facet normal -0.953653 0.300908 0
    outer loop
      vertex -77.0663 -46.6988 10
      vertex -77.1372 -46.9235 0
      vertex -77.1372 -46.9235 10
    endloop
  endfacet
  facet normal -0.793223 -0.608931 0
    outer loop
      vertex -77.4626 -44.4513 0
      vertex -77.606 -44.2645 10
      vertex -77.606 -44.2645 0
    endloop
  endfacet
  facet normal -0.793223 -0.608931 0
    outer loop
      vertex -77.606 -44.2645 10
      vertex -77.4626 -44.4513 0
      vertex -77.4626 -44.4513 10
    endloop
  endfacet
  facet normal 0.537342 0.843364 -0
    outer loop
      vertex -81.0243 -48.3383 0
      vertex -81.223 -48.2117 10
      vertex -81.0243 -48.3383 10
    endloop
  endfacet
  facet normal 0.537342 0.843364 0
    outer loop
      vertex -81.223 -48.2117 10
      vertex -81.0243 -48.3383 0
      vertex -81.223 -48.2117 0
    endloop
  endfacet
  facet normal -0.923929 -0.382564 0
    outer loop
      vertex -77.1372 -45.0765 0
      vertex -77.2273 -44.8589 10
      vertex -77.2273 -44.8589 0
    endloop
  endfacet
  facet normal -0.923929 -0.382564 0
    outer loop
      vertex -77.2273 -44.8589 10
      vertex -77.1372 -45.0765 0
      vertex -77.1372 -45.0765 10
    endloop
  endfacet
  facet normal -0.843557 -0.53704 0
    outer loop
      vertex -77.3361 -44.65 0
      vertex -77.4626 -44.4513 10
      vertex -77.4626 -44.4513 0
    endloop
  endfacet
  facet normal -0.843557 -0.53704 0
    outer loop
      vertex -77.4626 -44.4513 10
      vertex -77.3361 -44.65 0
      vertex -77.3361 -44.65 10
    endloop
  endfacet
  facet normal 0.976287 -0.216481 0
    outer loop
      vertex -82.3333 -45.5312 10
      vertex -82.2823 -45.3012 0
      vertex -82.2823 -45.3012 10
    endloop
  endfacet
  facet normal 0.976287 -0.216481 0
    outer loop
      vertex -82.2823 -45.3012 0
      vertex -82.3333 -45.5312 10
      vertex -82.3333 -45.5312 0
    endloop
  endfacet
  facet normal 0.675648 -0.737225 0
    outer loop
      vertex -81.5835 -44.0908 0
      vertex -81.4099 -43.9317 10
      vertex -81.5835 -44.0908 10
    endloop
  endfacet
  facet normal 0.675648 -0.737225 0
    outer loop
      vertex -81.4099 -43.9317 10
      vertex -81.5835 -44.0908 0
      vertex -81.4099 -43.9317 0
    endloop
  endfacet
  facet normal 0.608726 -0.793381 0
    outer loop
      vertex -81.4099 -43.9317 0
      vertex -81.223 -43.7883 10
      vertex -81.4099 -43.9317 10
    endloop
  endfacet
  facet normal 0.608726 -0.793381 0
    outer loop
      vertex -81.223 -43.7883 10
      vertex -81.4099 -43.9317 0
      vertex -81.223 -43.7883 0
    endloop
  endfacet
  facet normal 0.976287 0.216481 0
    outer loop
      vertex -82.2823 -46.6988 10
      vertex -82.3333 -46.4688 0
      vertex -82.3333 -46.4688 10
    endloop
  endfacet
  facet normal 0.976287 0.216481 0
    outer loop
      vertex -82.3333 -46.4688 0
      vertex -82.2823 -46.6988 10
      vertex -82.2823 -46.6988 0
    endloop
  endfacet
  facet normal -0.216481 -0.976287 0
    outer loop
      vertex -79.2055 -43.341 0
      vertex -78.9755 -43.392 10
      vertex -79.2055 -43.341 10
    endloop
  endfacet
  facet normal -0.216481 -0.976287 -0
    outer loop
      vertex -78.9755 -43.392 10
      vertex -79.2055 -43.341 0
      vertex -78.9755 -43.392 0
    endloop
  endfacet
  facet normal -0.300644 -0.953737 0
    outer loop
      vertex -78.9755 -43.392 0
      vertex -78.7509 -43.4628 10
      vertex -78.9755 -43.392 10
    endloop
  endfacet
  facet normal -0.300644 -0.953737 -0
    outer loop
      vertex -78.7509 -43.4628 10
      vertex -78.9755 -43.392 0
      vertex -78.7509 -43.4628 0
    endloop
  endfacet
  facet normal -0.886918 0.461927 0
    outer loop
      vertex -77.3361 -47.35 0
      vertex -77.2273 -47.1411 10
      vertex -77.2273 -47.1411 0
    endloop
  endfacet
  facet normal -0.886918 0.461927 0
    outer loop
      vertex -77.2273 -47.1411 10
      vertex -77.3361 -47.35 0
      vertex -77.3361 -47.35 10
    endloop
  endfacet
  facet normal -0.382927 0.923779 0
    outer loop
      vertex -78.5333 -48.447 0
      vertex -78.7509 -48.5372 10
      vertex -78.5333 -48.447 10
    endloop
  endfacet
  facet normal -0.382927 0.923779 0
    outer loop
      vertex -78.7509 -48.5372 10
      vertex -78.5333 -48.447 0
      vertex -78.7509 -48.5372 0
    endloop
  endfacet
  facet normal 0.130356 0.991467 -0
    outer loop
      vertex -79.9097 -48.6897 0
      vertex -80.1432 -48.659 10
      vertex -79.9097 -48.6897 10
    endloop
  endfacet
  facet normal 0.130356 0.991467 0
    outer loop
      vertex -80.1432 -48.659 10
      vertex -79.9097 -48.6897 0
      vertex -80.1432 -48.659 0
    endloop
  endfacet
  facet normal 0.737207 -0.675667 0
    outer loop
      vertex -81.7427 -44.2645 10
      vertex -81.5835 -44.0908 0
      vertex -81.5835 -44.0908 10
    endloop
  endfacet
  facet normal 0.737207 -0.675667 0
    outer loop
      vertex -81.5835 -44.0908 0
      vertex -81.7427 -44.2645 10
      vertex -81.7427 -44.2645 0
    endloop
  endfacet
  facet normal 0.537342 -0.843364 0
    outer loop
      vertex -81.223 -43.7883 0
      vertex -81.0243 -43.6617 10
      vertex -81.223 -43.7883 10
    endloop
  endfacet
  facet normal 0.537342 -0.843364 0
    outer loop
      vertex -81.0243 -43.6617 10
      vertex -81.223 -43.7883 0
      vertex -81.0243 -43.6617 0
    endloop
  endfacet
  facet normal 0.216571 -0.976267 0
    outer loop
      vertex -80.3731 -43.392 0
      vertex -80.1432 -43.341 10
      vertex -80.3731 -43.392 10
    endloop
  endfacet
  facet normal 0.216571 -0.976267 0
    outer loop
      vertex -80.1432 -43.341 10
      vertex -80.3731 -43.392 0
      vertex -80.1432 -43.341 0
    endloop
  endfacet
  facet normal 0.461593 0.887092 -0
    outer loop
      vertex -80.8154 -48.447 0
      vertex -81.0243 -48.3383 10
      vertex -80.8154 -48.447 10
    endloop
  endfacet
  facet normal 0.461593 0.887092 0
    outer loop
      vertex -81.0243 -48.3383 10
      vertex -80.8154 -48.447 0
      vertex -81.0243 -48.3383 0
    endloop
  endfacet
  facet normal 0.886918 0.461927 0
    outer loop
      vertex -82.0126 -47.35 10
      vertex -82.1214 -47.1411 0
      vertex -82.1214 -47.1411 10
    endloop
  endfacet
  facet normal 0.886918 0.461927 0
    outer loop
      vertex -82.1214 -47.1411 0
      vertex -82.0126 -47.35 10
      vertex -82.0126 -47.35 0
    endloop
  endfacet
  facet normal -0.991412 0.130773 0
    outer loop
      vertex -77.0154 -46.4688 0
      vertex -76.9846 -46.2353 10
      vertex -76.9846 -46.2353 0
    endloop
  endfacet
  facet normal -0.991412 0.130773 0
    outer loop
      vertex -76.9846 -46.2353 10
      vertex -77.0154 -46.4688 0
      vertex -77.0154 -46.4688 10
    endloop
  endfacet
  facet normal -0.675648 0.737225 0
    outer loop
      vertex -77.7652 -47.9092 0
      vertex -77.9388 -48.0683 10
      vertex -77.7652 -47.9092 10
    endloop
  endfacet
  facet normal -0.675648 0.737225 0
    outer loop
      vertex -77.9388 -48.0683 10
      vertex -77.7652 -47.9092 0
      vertex -77.9388 -48.0683 0
    endloop
  endfacet
  facet normal 0.923929 -0.382564 0
    outer loop
      vertex -82.2115 -45.0765 10
      vertex -82.1214 -44.8589 0
      vertex -82.1214 -44.8589 10
    endloop
  endfacet
  facet normal 0.923929 -0.382564 0
    outer loop
      vertex -82.1214 -44.8589 0
      vertex -82.2115 -45.0765 10
      vertex -82.2115 -45.0765 0
    endloop
  endfacet
  facet normal -0.843557 0.53704 0
    outer loop
      vertex -77.4626 -47.5487 0
      vertex -77.3361 -47.35 10
      vertex -77.3361 -47.35 0
    endloop
  endfacet
  facet normal -0.843557 0.53704 0
    outer loop
      vertex -77.3361 -47.35 10
      vertex -77.4626 -47.5487 0
      vertex -77.4626 -47.5487 10
    endloop
  endfacet
  facet normal -0.300644 0.953737 0
    outer loop
      vertex -78.7509 -48.5372 0
      vertex -78.9755 -48.608 10
      vertex -78.7509 -48.5372 10
    endloop
  endfacet
  facet normal -0.300644 0.953737 0
    outer loop
      vertex -78.9755 -48.608 10
      vertex -78.7509 -48.5372 0
      vertex -78.9755 -48.608 0
    endloop
  endfacet
  facet normal 0.793429 -0.608663 0
    outer loop
      vertex -81.886 -44.4513 10
      vertex -81.7427 -44.2645 0
      vertex -81.7427 -44.2645 10
    endloop
  endfacet
  facet normal 0.793429 -0.608663 0
    outer loop
      vertex -81.7427 -44.2645 0
      vertex -81.886 -44.4513 10
      vertex -81.886 -44.4513 0
    endloop
  endfacet
  facet normal 0.843364 -0.537342 0
    outer loop
      vertex -82.0126 -44.65 10
      vertex -81.886 -44.4513 0
      vertex -81.886 -44.4513 10
    endloop
  endfacet
  facet normal 0.843364 -0.537342 0
    outer loop
      vertex -81.886 -44.4513 0
      vertex -82.0126 -44.65 10
      vertex -82.0126 -44.65 0
    endloop
  endfacet
  facet normal 0.976287 -0.216481 0
    outer loop
      vertex -82.3333 46.4688 10
      vertex -82.2823 46.6988 0
      vertex -82.2823 46.6988 10
    endloop
  endfacet
  facet normal 0.976287 -0.216481 0
    outer loop
      vertex -82.2823 46.6988 0
      vertex -82.3333 46.4688 10
      vertex -82.3333 46.4688 0
    endloop
  endfacet
  facet normal 0.923929 -0.382564 0
    outer loop
      vertex -82.2115 46.9235 10
      vertex -82.1214 47.1411 0
      vertex -82.1214 47.1411 10
    endloop
  endfacet
  facet normal 0.923929 -0.382564 0
    outer loop
      vertex -82.1214 47.1411 0
      vertex -82.2115 46.9235 10
      vertex -82.2115 46.9235 0
    endloop
  endfacet
  facet normal -0.793223 0.608931 0
    outer loop
      vertex -77.606 44.2645 0
      vertex -77.4626 44.4513 10
      vertex -77.4626 44.4513 0
    endloop
  endfacet
  facet normal -0.793223 0.608931 0
    outer loop
      vertex -77.4626 44.4513 10
      vertex -77.606 44.2645 0
      vertex -77.606 44.2645 10
    endloop
  endfacet
  facet normal -0.953653 -0.300908 0
    outer loop
      vertex -77.0663 46.6988 0
      vertex -77.1372 46.9235 10
      vertex -77.1372 46.9235 0
    endloop
  endfacet
  facet normal -0.953653 -0.300908 0
    outer loop
      vertex -77.1372 46.9235 10
      vertex -77.0663 46.6988 0
      vertex -77.0663 46.6988 10
    endloop
  endfacet
  facet normal 0.382927 0.923779 -0
    outer loop
      vertex -80.5978 43.4628 0
      vertex -80.8154 43.553 10
      vertex -80.5978 43.4628 10
    endloop
  endfacet
  facet normal 0.382927 0.923779 0
    outer loop
      vertex -80.8154 43.553 10
      vertex -80.5978 43.4628 0
      vertex -80.8154 43.553 0
    endloop
  endfacet
  facet normal 0.953775 -0.300522 0
    outer loop
      vertex -82.2823 46.6988 10
      vertex -82.2115 46.9235 0
      vertex -82.2115 46.9235 10
    endloop
  endfacet
  facet normal 0.953775 -0.300522 0
    outer loop
      vertex -82.2115 46.9235 0
      vertex -82.2823 46.6988 10
      vertex -82.2823 46.6988 0
    endloop
  endfacet
  facet normal -0.675648 -0.737225 0
    outer loop
      vertex -77.9388 48.0683 0
      vertex -77.7652 47.9092 10
      vertex -77.9388 48.0683 10
    endloop
  endfacet
  facet normal -0.675648 -0.737225 -0
    outer loop
      vertex -77.7652 47.9092 10
      vertex -77.9388 48.0683 0
      vertex -77.7652 47.9092 0
    endloop
  endfacet
  facet normal 0.675648 0.737225 -0
    outer loop
      vertex -81.4099 43.9317 0
      vertex -81.5835 44.0908 10
      vertex -81.4099 43.9317 10
    endloop
  endfacet
  facet normal 0.675648 0.737225 0
    outer loop
      vertex -81.5835 44.0908 10
      vertex -81.4099 43.9317 0
      vertex -81.5835 44.0908 0
    endloop
  endfacet
  facet normal -0.46142 -0.887182 0
    outer loop
      vertex -78.5333 48.447 0
      vertex -78.3243 48.3383 10
      vertex -78.5333 48.447 10
    endloop
  endfacet
  facet normal -0.46142 -0.887182 -0
    outer loop
      vertex -78.3243 48.3383 10
      vertex -78.5333 48.447 0
      vertex -78.3243 48.3383 0
    endloop
  endfacet
  facet normal 0.461593 -0.887092 0
    outer loop
      vertex -81.0243 48.3383 0
      vertex -80.8154 48.447 10
      vertex -81.0243 48.3383 10
    endloop
  endfacet
  facet normal 0.461593 -0.887092 0
    outer loop
      vertex -80.8154 48.447 10
      vertex -81.0243 48.3383 0
      vertex -80.8154 48.447 0
    endloop
  endfacet
  facet normal -0.923929 -0.382564 0
    outer loop
      vertex -77.1372 46.9235 0
      vertex -77.2273 47.1411 10
      vertex -77.2273 47.1411 0
    endloop
  endfacet
  facet normal -0.923929 -0.382564 0
    outer loop
      vertex -77.2273 47.1411 10
      vertex -77.1372 46.9235 0
      vertex -77.1372 46.9235 10
    endloop
  endfacet
  facet normal 0.953775 0.300522 0
    outer loop
      vertex -82.2115 45.0765 10
      vertex -82.2823 45.3012 0
      vertex -82.2823 45.3012 10
    endloop
  endfacet
  facet normal 0.953775 0.300522 0
    outer loop
      vertex -82.2823 45.3012 0
      vertex -82.2115 45.0765 10
      vertex -82.2115 45.0765 0
    endloop
  endfacet
  facet normal -0.675648 0.737225 0
    outer loop
      vertex -77.7652 44.0908 0
      vertex -77.9388 43.9317 10
      vertex -77.7652 44.0908 10
    endloop
  endfacet
  facet normal -0.675648 0.737225 0
    outer loop
      vertex -77.9388 43.9317 10
      vertex -77.7652 44.0908 0
      vertex -77.9388 43.9317 0
    endloop
  endfacet
  facet normal -0.46142 0.887182 0
    outer loop
      vertex -78.3243 43.6617 0
      vertex -78.5333 43.553 10
      vertex -78.3243 43.6617 10
    endloop
  endfacet
  facet normal -0.46142 0.887182 0
    outer loop
      vertex -78.5333 43.553 10
      vertex -78.3243 43.6617 0
      vertex -78.5333 43.553 0
    endloop
  endfacet
  facet normal 0.216571 0.976267 -0
    outer loop
      vertex -80.1432 43.341 0
      vertex -80.3731 43.392 10
      vertex -80.1432 43.341 10
    endloop
  endfacet
  facet normal 0.216571 0.976267 0
    outer loop
      vertex -80.3731 43.392 10
      vertex -80.1432 43.341 0
      vertex -80.3731 43.392 0
    endloop
  endfacet
  facet normal 0.461593 0.887092 -0
    outer loop
      vertex -80.8154 43.553 0
      vertex -81.0243 43.6617 10
      vertex -80.8154 43.553 10
    endloop
  endfacet
  facet normal 0.461593 0.887092 0
    outer loop
      vertex -81.0243 43.6617 10
      vertex -80.8154 43.553 0
      vertex -81.0243 43.6617 0
    endloop
  endfacet
  facet normal 0.300522 -0.953775 0
    outer loop
      vertex -80.5978 48.5372 0
      vertex -80.3731 48.608 10
      vertex -80.5978 48.5372 10
    endloop
  endfacet
  facet normal 0.300522 -0.953775 0
    outer loop
      vertex -80.3731 48.608 10
      vertex -80.5978 48.5372 0
      vertex -80.3731 48.608 0
    endloop
  endfacet
  facet normal -0.991412 -0.130773 0
    outer loop
      vertex -76.9846 46.2353 0
      vertex -77.0154 46.4688 10
      vertex -77.0154 46.4688 0
    endloop
  endfacet
  facet normal -0.991412 -0.130773 0
    outer loop
      vertex -77.0154 46.4688 10
      vertex -76.9846 46.2353 0
      vertex -76.9846 46.2353 10
    endloop
  endfacet
  facet normal -0.886918 -0.461927 0
    outer loop
      vertex -77.2273 47.1411 0
      vertex -77.3361 47.35 10
      vertex -77.3361 47.35 0
    endloop
  endfacet
  facet normal -0.886918 -0.461927 0
    outer loop
      vertex -77.3361 47.35 10
      vertex -77.2273 47.1411 0
      vertex -77.2273 47.1411 10
    endloop
  endfacet
  facet normal -0.130356 0.991467 0
    outer loop
      vertex -79.2055 43.341 0
      vertex -79.439 43.3103 10
      vertex -79.2055 43.341 10
    endloop
  endfacet
  facet normal -0.130356 0.991467 0
    outer loop
      vertex -79.439 43.3103 10
      vertex -79.2055 43.341 0
      vertex -79.439 43.3103 0
    endloop
  endfacet
  facet normal -0.999043 -0.043732 0
    outer loop
      vertex -76.9743 46 0
      vertex -76.9846 46.2353 10
      vertex -76.9846 46.2353 0
    endloop
  endfacet
  facet normal -0.999043 -0.043732 0
    outer loop
      vertex -76.9846 46.2353 10
      vertex -76.9743 46 0
      vertex -76.9743 46 10
    endloop
  endfacet
  facet normal -0.382927 -0.923779 0
    outer loop
      vertex -78.7509 48.5372 0
      vertex -78.5333 48.447 10
      vertex -78.7509 48.5372 10
    endloop
  endfacet
  facet normal -0.382927 -0.923779 -0
    outer loop
      vertex -78.5333 48.447 10
      vertex -78.7509 48.5372 0
      vertex -78.5333 48.447 0
    endloop
  endfacet
  facet normal 0.130356 -0.991467 0
    outer loop
      vertex -80.1432 48.659 0
      vertex -79.9097 48.6897 10
      vertex -80.1432 48.659 10
    endloop
  endfacet
  facet normal 0.130356 -0.991467 0
    outer loop
      vertex -79.9097 48.6897 10
      vertex -80.1432 48.659 0
      vertex -79.9097 48.6897 0
    endloop
  endfacet
  facet normal -0.999043 0.043732 0
    outer loop
      vertex -76.9846 45.7647 0
      vertex -76.9743 46 10
      vertex -76.9743 46 0
    endloop
  endfacet
  facet normal -0.999043 0.043732 0
    outer loop
      vertex -76.9743 46 10
      vertex -76.9846 45.7647 0
      vertex -76.9846 45.7647 10
    endloop
  endfacet
  facet normal -0.976376 -0.216076 0
    outer loop
      vertex -77.0154 46.4688 0
      vertex -77.0663 46.6988 10
      vertex -77.0663 46.6988 0
    endloop
  endfacet
  facet normal -0.976376 -0.216076 0
    outer loop
      vertex -77.0663 46.6988 10
      vertex -77.0154 46.4688 0
      vertex -77.0154 46.4688 10
    endloop
  endfacet
  facet normal -0.043732 0.999043 0
    outer loop
      vertex -79.439 43.3103 0
      vertex -79.6743 43.3 10
      vertex -79.439 43.3103 10
    endloop
  endfacet
  facet normal -0.043732 0.999043 0
    outer loop
      vertex -79.6743 43.3 10
      vertex -79.439 43.3103 0
      vertex -79.6743 43.3 0
    endloop
  endfacet
  facet normal 0.737207 -0.675667 0
    outer loop
      vertex -81.7427 47.7355 10
      vertex -81.5835 47.9092 0
      vertex -81.5835 47.9092 10
    endloop
  endfacet
  facet normal 0.737207 -0.675667 0
    outer loop
      vertex -81.5835 47.9092 0
      vertex -81.7427 47.7355 10
      vertex -81.7427 47.7355 0
    endloop
  endfacet
  facet normal 0.976287 0.216481 0
    outer loop
      vertex -82.2823 45.3012 10
      vertex -82.3333 45.5312 0
      vertex -82.3333 45.5312 10
    endloop
  endfacet
  facet normal 0.976287 0.216481 0
    outer loop
      vertex -82.3333 45.5312 0
      vertex -82.2823 45.3012 10
      vertex -82.2823 45.3012 0
    endloop
  endfacet
  facet normal -0.843557 0.53704 0
    outer loop
      vertex -77.4626 44.4513 0
      vertex -77.3361 44.65 10
      vertex -77.3361 44.65 0
    endloop
  endfacet
  facet normal -0.843557 0.53704 0
    outer loop
      vertex -77.3361 44.65 10
      vertex -77.4626 44.4513 0
      vertex -77.4626 44.4513 10
    endloop
  endfacet
  facet normal 0.0437135 0.999044 -0
    outer loop
      vertex -79.6743 43.3 0
      vertex -79.9097 43.3103 10
      vertex -79.6743 43.3 10
    endloop
  endfacet
  facet normal 0.0437135 0.999044 0
    outer loop
      vertex -79.9097 43.3103 10
      vertex -79.6743 43.3 0
      vertex -79.9097 43.3103 0
    endloop
  endfacet
  facet normal -0.886918 0.461927 0
    outer loop
      vertex -77.3361 44.65 0
      vertex -77.2273 44.8589 10
      vertex -77.2273 44.8589 0
    endloop
  endfacet
  facet normal -0.886918 0.461927 0
    outer loop
      vertex -77.2273 44.8589 10
      vertex -77.3361 44.65 0
      vertex -77.3361 44.65 10
    endloop
  endfacet
  facet normal 0.793429 0.608663 0
    outer loop
      vertex -81.7427 44.2645 10
      vertex -81.886 44.4513 0
      vertex -81.886 44.4513 10
    endloop
  endfacet
  facet normal 0.793429 0.608663 0
    outer loop
      vertex -81.886 44.4513 0
      vertex -81.7427 44.2645 10
      vertex -81.7427 44.2645 0
    endloop
  endfacet
  facet normal 0.216571 -0.976267 0
    outer loop
      vertex -80.3731 48.608 0
      vertex -80.1432 48.659 10
      vertex -80.3731 48.608 10
    endloop
  endfacet
  facet normal 0.216571 -0.976267 0
    outer loop
      vertex -80.1432 48.659 10
      vertex -80.3731 48.608 0
      vertex -80.1432 48.659 0
    endloop
  endfacet
  facet normal -0.382927 0.923779 0
    outer loop
      vertex -78.5333 43.553 0
      vertex -78.7509 43.4628 10
      vertex -78.5333 43.553 10
    endloop
  endfacet
  facet normal -0.382927 0.923779 0
    outer loop
      vertex -78.7509 43.4628 10
      vertex -78.5333 43.553 0
      vertex -78.7509 43.4628 0
    endloop
  endfacet
  facet normal -0.793223 -0.608931 0
    outer loop
      vertex -77.4626 47.5487 0
      vertex -77.606 47.7355 10
      vertex -77.606 47.7355 0
    endloop
  endfacet
  facet normal -0.793223 -0.608931 0
    outer loop
      vertex -77.606 47.7355 10
      vertex -77.4626 47.5487 0
      vertex -77.4626 47.5487 10
    endloop
  endfacet
  facet normal -0.953653 0.300908 0
    outer loop
      vertex -77.1372 45.0765 0
      vertex -77.0663 45.3012 10
      vertex -77.0663 45.3012 0
    endloop
  endfacet
  facet normal -0.953653 0.300908 0
    outer loop
      vertex -77.0663 45.3012 10
      vertex -77.1372 45.0765 0
      vertex -77.1372 45.0765 10
    endloop
  endfacet
  facet normal -0.991412 0.130773 0
    outer loop
      vertex -77.0154 45.5312 0
      vertex -76.9846 45.7647 10
      vertex -76.9846 45.7647 0
    endloop
  endfacet
  facet normal -0.991412 0.130773 0
    outer loop
      vertex -76.9846 45.7647 10
      vertex -77.0154 45.5312 0
      vertex -77.0154 45.5312 10
    endloop
  endfacet
  facet normal 0.0437135 -0.999044 0
    outer loop
      vertex -79.9097 48.6897 0
      vertex -79.6743 48.7 10
      vertex -79.9097 48.6897 10
    endloop
  endfacet
  facet normal 0.0437135 -0.999044 0
    outer loop
      vertex -79.6743 48.7 10
      vertex -79.9097 48.6897 0
      vertex -79.6743 48.7 0
    endloop
  endfacet
  facet normal 0.537342 -0.843364 0
    outer loop
      vertex -81.223 48.2117 0
      vertex -81.0243 48.3383 10
      vertex -81.223 48.2117 10
    endloop
  endfacet
  facet normal 0.537342 -0.843364 0
    outer loop
      vertex -81.0243 48.3383 10
      vertex -81.223 48.2117 0
      vertex -81.0243 48.3383 0
    endloop
  endfacet
  facet normal -0.608726 -0.793381 0
    outer loop
      vertex -78.1257 48.2117 0
      vertex -77.9388 48.0683 10
      vertex -78.1257 48.2117 10
    endloop
  endfacet
  facet normal -0.608726 -0.793381 -0
    outer loop
      vertex -77.9388 48.0683 10
      vertex -78.1257 48.2117 0
      vertex -77.9388 48.0683 0
    endloop
  endfacet
  facet normal 0.886918 -0.461927 0
    outer loop
      vertex -82.1214 47.1411 10
      vertex -82.0126 47.35 0
      vertex -82.0126 47.35 10
    endloop
  endfacet
  facet normal 0.886918 -0.461927 0
    outer loop
      vertex -82.0126 47.35 0
      vertex -82.1214 47.1411 10
      vertex -82.1214 47.1411 0
    endloop
  endfacet
  facet normal 0.675648 -0.737225 0
    outer loop
      vertex -81.5835 47.9092 0
      vertex -81.4099 48.0683 10
      vertex -81.5835 47.9092 10
    endloop
  endfacet
  facet normal 0.675648 -0.737225 0
    outer loop
      vertex -81.4099 48.0683 10
      vertex -81.5835 47.9092 0
      vertex -81.4099 48.0683 0
    endloop
  endfacet
  facet normal -0.537535 -0.843242 0
    outer loop
      vertex -78.3243 48.3383 0
      vertex -78.1257 48.2117 10
      vertex -78.3243 48.3383 10
    endloop
  endfacet
  facet normal -0.537535 -0.843242 -0
    outer loop
      vertex -78.1257 48.2117 10
      vertex -78.3243 48.3383 0
      vertex -78.1257 48.2117 0
    endloop
  endfacet
  facet normal 0.300522 0.953775 -0
    outer loop
      vertex -80.3731 43.392 0
      vertex -80.5978 43.4628 10
      vertex -80.3731 43.392 10
    endloop
  endfacet
  facet normal 0.300522 0.953775 0
    outer loop
      vertex -80.5978 43.4628 10
      vertex -80.3731 43.392 0
      vertex -80.5978 43.4628 0
    endloop
  endfacet
  facet normal -0.043732 -0.999043 0
    outer loop
      vertex -79.6743 48.7 0
      vertex -79.439 48.6897 10
      vertex -79.6743 48.7 10
    endloop
  endfacet
  facet normal -0.043732 -0.999043 -0
    outer loop
      vertex -79.439 48.6897 10
      vertex -79.6743 48.7 0
      vertex -79.439 48.6897 0
    endloop
  endfacet
  facet normal -0.923929 0.382564 0
    outer loop
      vertex -77.2273 44.8589 0
      vertex -77.1372 45.0765 10
      vertex -77.1372 45.0765 0
    endloop
  endfacet
  facet normal -0.923929 0.382564 0
    outer loop
      vertex -77.1372 45.0765 10
      vertex -77.2273 44.8589 0
      vertex -77.2273 44.8589 10
    endloop
  endfacet
  facet normal 0.991412 -0.130773 0
    outer loop
      vertex -82.3641 46.2353 10
      vertex -82.3333 46.4688 0
      vertex -82.3333 46.4688 10
    endloop
  endfacet
  facet normal 0.991412 -0.130773 0
    outer loop
      vertex -82.3333 46.4688 0
      vertex -82.3641 46.2353 10
      vertex -82.3641 46.2353 0
    endloop
  endfacet
  facet normal 0.382927 -0.923779 0
    outer loop
      vertex -80.8154 48.447 0
      vertex -80.5978 48.5372 10
      vertex -80.8154 48.447 10
    endloop
  endfacet
  facet normal 0.382927 -0.923779 0
    outer loop
      vertex -80.5978 48.5372 10
      vertex -80.8154 48.447 0
      vertex -80.5978 48.5372 0
    endloop
  endfacet
  facet normal 0.999062 0.0433082 0
    outer loop
      vertex -82.3641 45.7647 10
      vertex -82.3743 46 0
      vertex -82.3743 46 10
    endloop
  endfacet
  facet normal 0.999062 0.0433082 0
    outer loop
      vertex -82.3743 46 0
      vertex -82.3641 45.7647 10
      vertex -82.3641 45.7647 0
    endloop
  endfacet
  facet normal -0.976376 0.216076 0
    outer loop
      vertex -77.0663 45.3012 0
      vertex -77.0154 45.5312 10
      vertex -77.0154 45.5312 0
    endloop
  endfacet
  facet normal -0.976376 0.216076 0
    outer loop
      vertex -77.0154 45.5312 10
      vertex -77.0663 45.3012 0
      vertex -77.0663 45.3012 10
    endloop
  endfacet
  facet normal 0.608726 -0.793381 0
    outer loop
      vertex -81.4099 48.0683 0
      vertex -81.223 48.2117 10
      vertex -81.4099 48.0683 10
    endloop
  endfacet
  facet normal 0.608726 -0.793381 0
    outer loop
      vertex -81.223 48.2117 10
      vertex -81.4099 48.0683 0
      vertex -81.223 48.2117 0
    endloop
  endfacet
  facet normal 0.991412 0.130773 0
    outer loop
      vertex -82.3333 45.5312 10
      vertex -82.3641 45.7647 0
      vertex -82.3641 45.7647 10
    endloop
  endfacet
  facet normal 0.991412 0.130773 0
    outer loop
      vertex -82.3641 45.7647 0
      vertex -82.3333 45.5312 10
      vertex -82.3333 45.5312 0
    endloop
  endfacet
  facet normal -0.537535 0.843242 0
    outer loop
      vertex -78.1257 43.7883 0
      vertex -78.3243 43.6617 10
      vertex -78.1257 43.7883 10
    endloop
  endfacet
  facet normal -0.537535 0.843242 0
    outer loop
      vertex -78.3243 43.6617 10
      vertex -78.1257 43.7883 0
      vertex -78.3243 43.6617 0
    endloop
  endfacet
  facet normal -0.737207 -0.675667 0
    outer loop
      vertex -77.606 47.7355 0
      vertex -77.7652 47.9092 10
      vertex -77.7652 47.9092 0
    endloop
  endfacet
  facet normal -0.737207 -0.675667 0
    outer loop
      vertex -77.7652 47.9092 10
      vertex -77.606 47.7355 0
      vertex -77.606 47.7355 10
    endloop
  endfacet
  facet normal -0.300644 0.953737 0
    outer loop
      vertex -78.7509 43.4628 0
      vertex -78.9755 43.392 10
      vertex -78.7509 43.4628 10
    endloop
  endfacet
  facet normal -0.300644 0.953737 0
    outer loop
      vertex -78.9755 43.392 10
      vertex -78.7509 43.4628 0
      vertex -78.9755 43.392 0
    endloop
  endfacet
  facet normal 0.608726 0.793381 -0
    outer loop
      vertex -81.223 43.7883 0
      vertex -81.4099 43.9317 10
      vertex -81.223 43.7883 10
    endloop
  endfacet
  facet normal 0.608726 0.793381 0
    outer loop
      vertex -81.4099 43.9317 10
      vertex -81.223 43.7883 0
      vertex -81.4099 43.9317 0
    endloop
  endfacet
  facet normal 0.737207 0.675667 0
    outer loop
      vertex -81.5835 44.0908 10
      vertex -81.7427 44.2645 0
      vertex -81.7427 44.2645 10
    endloop
  endfacet
  facet normal 0.737207 0.675667 0
    outer loop
      vertex -81.7427 44.2645 0
      vertex -81.5835 44.0908 10
      vertex -81.5835 44.0908 0
    endloop
  endfacet
  facet normal -0.608726 0.793381 0
    outer loop
      vertex -77.9388 43.9317 0
      vertex -78.1257 43.7883 10
      vertex -77.9388 43.9317 10
    endloop
  endfacet
  facet normal -0.608726 0.793381 0
    outer loop
      vertex -78.1257 43.7883 10
      vertex -77.9388 43.9317 0
      vertex -78.1257 43.7883 0
    endloop
  endfacet
  facet normal -0.843557 -0.53704 0
    outer loop
      vertex -77.3361 47.35 0
      vertex -77.4626 47.5487 10
      vertex -77.4626 47.5487 0
    endloop
  endfacet
  facet normal -0.843557 -0.53704 0
    outer loop
      vertex -77.4626 47.5487 10
      vertex -77.3361 47.35 0
      vertex -77.3361 47.35 10
    endloop
  endfacet
  facet normal 0.843364 -0.537342 0
    outer loop
      vertex -82.0126 47.35 10
      vertex -81.886 47.5487 0
      vertex -81.886 47.5487 10
    endloop
  endfacet
  facet normal 0.843364 -0.537342 0
    outer loop
      vertex -81.886 47.5487 0
      vertex -82.0126 47.35 10
      vertex -82.0126 47.35 0
    endloop
  endfacet
  facet normal -0.216481 0.976287 0
    outer loop
      vertex -78.9755 43.392 0
      vertex -79.2055 43.341 10
      vertex -78.9755 43.392 10
    endloop
  endfacet
  facet normal -0.216481 0.976287 0
    outer loop
      vertex -79.2055 43.341 10
      vertex -78.9755 43.392 0
      vertex -79.2055 43.341 0
    endloop
  endfacet
  facet normal -0.737207 0.675667 0
    outer loop
      vertex -77.7652 44.0908 0
      vertex -77.606 44.2645 10
      vertex -77.606 44.2645 0
    endloop
  endfacet
  facet normal -0.737207 0.675667 0
    outer loop
      vertex -77.606 44.2645 10
      vertex -77.7652 44.0908 0
      vertex -77.7652 44.0908 10
    endloop
  endfacet
  facet normal -0.300644 -0.953737 0
    outer loop
      vertex -78.9755 48.608 0
      vertex -78.7509 48.5372 10
      vertex -78.9755 48.608 10
    endloop
  endfacet
  facet normal -0.300644 -0.953737 -0
    outer loop
      vertex -78.7509 48.5372 10
      vertex -78.9755 48.608 0
      vertex -78.7509 48.5372 0
    endloop
  endfacet
  facet normal 0.843364 0.537342 0
    outer loop
      vertex -81.886 44.4513 10
      vertex -82.0126 44.65 0
      vertex -82.0126 44.65 10
    endloop
  endfacet
  facet normal 0.843364 0.537342 0
    outer loop
      vertex -82.0126 44.65 0
      vertex -81.886 44.4513 10
      vertex -81.886 44.4513 0
    endloop
  endfacet
  facet normal 0.537342 0.843364 -0
    outer loop
      vertex -81.0243 43.6617 0
      vertex -81.223 43.7883 10
      vertex -81.0243 43.6617 10
    endloop
  endfacet
  facet normal 0.537342 0.843364 0
    outer loop
      vertex -81.223 43.7883 10
      vertex -81.0243 43.6617 0
      vertex -81.223 43.7883 0
    endloop
  endfacet
  facet normal -0.130356 -0.991467 0
    outer loop
      vertex -79.439 48.6897 0
      vertex -79.2055 48.659 10
      vertex -79.439 48.6897 10
    endloop
  endfacet
  facet normal -0.130356 -0.991467 -0
    outer loop
      vertex -79.2055 48.659 10
      vertex -79.439 48.6897 0
      vertex -79.2055 48.659 0
    endloop
  endfacet
  facet normal 0.130356 0.991467 -0
    outer loop
      vertex -79.9097 43.3103 0
      vertex -80.1432 43.341 10
      vertex -79.9097 43.3103 10
    endloop
  endfacet
  facet normal 0.130356 0.991467 0
    outer loop
      vertex -80.1432 43.341 10
      vertex -79.9097 43.3103 0
      vertex -80.1432 43.341 0
    endloop
  endfacet
  facet normal 0.923929 0.382564 0
    outer loop
      vertex -82.1214 44.8589 10
      vertex -82.2115 45.0765 0
      vertex -82.2115 45.0765 10
    endloop
  endfacet
  facet normal 0.923929 0.382564 0
    outer loop
      vertex -82.2115 45.0765 0
      vertex -82.1214 44.8589 10
      vertex -82.1214 44.8589 0
    endloop
  endfacet
  facet normal -0.216481 -0.976287 0
    outer loop
      vertex -79.2055 48.659 0
      vertex -78.9755 48.608 10
      vertex -79.2055 48.659 10
    endloop
  endfacet
  facet normal -0.216481 -0.976287 -0
    outer loop
      vertex -78.9755 48.608 10
      vertex -79.2055 48.659 0
      vertex -78.9755 48.608 0
    endloop
  endfacet
  facet normal 0.999062 -0.0433082 0
    outer loop
      vertex -82.3743 46 10
      vertex -82.3641 46.2353 0
      vertex -82.3641 46.2353 10
    endloop
  endfacet
  facet normal 0.999062 -0.0433082 0
    outer loop
      vertex -82.3641 46.2353 0
      vertex -82.3743 46 10
      vertex -82.3743 46 0
    endloop
  endfacet
  facet normal 0.793429 -0.608663 0
    outer loop
      vertex -81.886 47.5487 10
      vertex -81.7427 47.7355 0
      vertex -81.7427 47.7355 10
    endloop
  endfacet
  facet normal 0.793429 -0.608663 0
    outer loop
      vertex -81.7427 47.7355 0
      vertex -81.886 47.5487 10
      vertex -81.886 47.5487 0
    endloop
  endfacet
  facet normal 0.886918 0.461927 0
    outer loop
      vertex -82.0126 44.65 10
      vertex -82.1214 44.8589 0
      vertex -82.1214 44.8589 10
    endloop
  endfacet
  facet normal 0.886918 0.461927 0
    outer loop
      vertex -82.1214 44.8589 0
      vertex -82.0126 44.65 10
      vertex -82.0126 44.65 0
    endloop
  endfacet
  facet normal 0.923929 -0.382564 0
    outer loop
      vertex 77.1372 -45.0765 10
      vertex 77.2273 -44.8589 0
      vertex 77.2273 -44.8589 10
    endloop
  endfacet
  facet normal 0.923929 -0.382564 0
    outer loop
      vertex 77.2273 -44.8589 0
      vertex 77.1372 -45.0765 10
      vertex 77.1372 -45.0765 0
    endloop
  endfacet
  facet normal -0.991412 -0.130773 0
    outer loop
      vertex 82.3641 -45.7647 0
      vertex 82.3333 -45.5312 10
      vertex 82.3333 -45.5312 0
    endloop
  endfacet
  facet normal -0.991412 -0.130773 0
    outer loop
      vertex 82.3333 -45.5312 10
      vertex 82.3641 -45.7647 0
      vertex 82.3641 -45.7647 10
    endloop
  endfacet
  facet normal -0.999062 -0.0433082 0
    outer loop
      vertex 82.3743 -46 0
      vertex 82.3641 -45.7647 10
      vertex 82.3641 -45.7647 0
    endloop
  endfacet
  facet normal -0.999062 -0.0433082 0
    outer loop
      vertex 82.3641 -45.7647 10
      vertex 82.3743 -46 0
      vertex 82.3743 -46 10
    endloop
  endfacet
  facet normal -0.976287 -0.216481 0
    outer loop
      vertex 82.3333 -45.5312 0
      vertex 82.2823 -45.3012 10
      vertex 82.2823 -45.3012 0
    endloop
  endfacet
  facet normal -0.976287 -0.216481 0
    outer loop
      vertex 82.2823 -45.3012 10
      vertex 82.3333 -45.5312 0
      vertex 82.3333 -45.5312 10
    endloop
  endfacet
  facet normal -0.382927 -0.923779 0
    outer loop
      vertex 80.5978 -43.4628 0
      vertex 80.8154 -43.553 10
      vertex 80.5978 -43.4628 10
    endloop
  endfacet
  facet normal -0.382927 -0.923779 -0
    outer loop
      vertex 80.8154 -43.553 10
      vertex 80.5978 -43.4628 0
      vertex 80.8154 -43.553 0
    endloop
  endfacet
  facet normal 0.793223 -0.608931 0
    outer loop
      vertex 77.4626 -44.4513 10
      vertex 77.606 -44.2645 0
      vertex 77.606 -44.2645 10
    endloop
  endfacet
  facet normal 0.793223 -0.608931 0
    outer loop
      vertex 77.606 -44.2645 0
      vertex 77.4626 -44.4513 10
      vertex 77.4626 -44.4513 0
    endloop
  endfacet
  facet normal 0.976376 0.216076 0
    outer loop
      vertex 77.0663 -46.6988 10
      vertex 77.0154 -46.4688 0
      vertex 77.0154 -46.4688 10
    endloop
  endfacet
  facet normal 0.976376 0.216076 0
    outer loop
      vertex 77.0154 -46.4688 0
      vertex 77.0663 -46.6988 10
      vertex 77.0663 -46.6988 0
    endloop
  endfacet
  facet normal -0.793429 -0.608663 0
    outer loop
      vertex 81.886 -44.4513 0
      vertex 81.7427 -44.2645 10
      vertex 81.7427 -44.2645 0
    endloop
  endfacet
  facet normal -0.793429 -0.608663 0
    outer loop
      vertex 81.7427 -44.2645 10
      vertex 81.886 -44.4513 0
      vertex 81.886 -44.4513 10
    endloop
  endfacet
  facet normal -0.130356 0.991467 0
    outer loop
      vertex 80.1432 -48.659 0
      vertex 79.9097 -48.6897 10
      vertex 80.1432 -48.659 10
    endloop
  endfacet
  facet normal -0.130356 0.991467 0
    outer loop
      vertex 79.9097 -48.6897 10
      vertex 80.1432 -48.659 0
      vertex 79.9097 -48.6897 0
    endloop
  endfacet
  facet normal 0.300644 0.953737 -0
    outer loop
      vertex 78.9755 -48.608 0
      vertex 78.7509 -48.5372 10
      vertex 78.9755 -48.608 10
    endloop
  endfacet
  facet normal 0.300644 0.953737 0
    outer loop
      vertex 78.7509 -48.5372 10
      vertex 78.9755 -48.608 0
      vertex 78.7509 -48.5372 0
    endloop
  endfacet
  facet normal 0.216481 -0.976287 0
    outer loop
      vertex 78.9755 -43.392 0
      vertex 79.2055 -43.341 10
      vertex 78.9755 -43.392 10
    endloop
  endfacet
  facet normal 0.216481 -0.976287 0
    outer loop
      vertex 79.2055 -43.341 10
      vertex 78.9755 -43.392 0
      vertex 79.2055 -43.341 0
    endloop
  endfacet
  facet normal -0.130356 -0.991467 0
    outer loop
      vertex 79.9097 -43.3103 0
      vertex 80.1432 -43.341 10
      vertex 79.9097 -43.3103 10
    endloop
  endfacet
  facet normal -0.130356 -0.991467 -0
    outer loop
      vertex 80.1432 -43.341 10
      vertex 79.9097 -43.3103 0
      vertex 80.1432 -43.341 0
    endloop
  endfacet
  facet normal -0.999062 0.0433082 0
    outer loop
      vertex 82.3641 -46.2353 0
      vertex 82.3743 -46 10
      vertex 82.3743 -46 0
    endloop
  endfacet
  facet normal -0.999062 0.0433082 0
    outer loop
      vertex 82.3743 -46 10
      vertex 82.3641 -46.2353 0
      vertex 82.3641 -46.2353 10
    endloop
  endfacet
  facet normal -0.461593 -0.887092 0
    outer loop
      vertex 80.8154 -43.553 0
      vertex 81.0243 -43.6617 10
      vertex 80.8154 -43.553 10
    endloop
  endfacet
  facet normal -0.461593 -0.887092 -0
    outer loop
      vertex 81.0243 -43.6617 10
      vertex 80.8154 -43.553 0
      vertex 81.0243 -43.6617 0
    endloop
  endfacet
  facet normal -0.737207 0.675667 0
    outer loop
      vertex 81.5835 -47.9092 0
      vertex 81.7427 -47.7355 10
      vertex 81.7427 -47.7355 0
    endloop
  endfacet
  facet normal -0.737207 0.675667 0
    outer loop
      vertex 81.7427 -47.7355 10
      vertex 81.5835 -47.9092 0
      vertex 81.5835 -47.9092 10
    endloop
  endfacet
  facet normal 0.130356 -0.991467 0
    outer loop
      vertex 79.2055 -43.341 0
      vertex 79.439 -43.3103 10
      vertex 79.2055 -43.341 10
    endloop
  endfacet
  facet normal 0.130356 -0.991467 0
    outer loop
      vertex 79.439 -43.3103 10
      vertex 79.2055 -43.341 0
      vertex 79.439 -43.3103 0
    endloop
  endfacet
  facet normal -0.923929 -0.382564 0
    outer loop
      vertex 82.2115 -45.0765 0
      vertex 82.1214 -44.8589 10
      vertex 82.1214 -44.8589 0
    endloop
  endfacet
  facet normal -0.923929 -0.382564 0
    outer loop
      vertex 82.1214 -44.8589 10
      vertex 82.2115 -45.0765 0
      vertex 82.2115 -45.0765 10
    endloop
  endfacet
  facet normal 0.953653 0.300908 0
    outer loop
      vertex 77.1372 -46.9235 10
      vertex 77.0663 -46.6988 0
      vertex 77.0663 -46.6988 10
    endloop
  endfacet
  facet normal 0.953653 0.300908 0
    outer loop
      vertex 77.0663 -46.6988 0
      vertex 77.1372 -46.9235 10
      vertex 77.1372 -46.9235 0
    endloop
  endfacet
  facet normal 0.46142 0.887182 -0
    outer loop
      vertex 78.5333 -48.447 0
      vertex 78.3243 -48.3383 10
      vertex 78.5333 -48.447 10
    endloop
  endfacet
  facet normal 0.46142 0.887182 0
    outer loop
      vertex 78.3243 -48.3383 10
      vertex 78.5333 -48.447 0
      vertex 78.3243 -48.3383 0
    endloop
  endfacet
  facet normal -0.953775 -0.300522 0
    outer loop
      vertex 82.2823 -45.3012 0
      vertex 82.2115 -45.0765 10
      vertex 82.2115 -45.0765 0
    endloop
  endfacet
  facet normal -0.953775 -0.300522 0
    outer loop
      vertex 82.2115 -45.0765 10
      vertex 82.2823 -45.3012 0
      vertex 82.2823 -45.3012 10
    endloop
  endfacet
  facet normal 0.991412 0.130773 0
    outer loop
      vertex 77.0154 -46.4688 10
      vertex 76.9846 -46.2353 0
      vertex 76.9846 -46.2353 10
    endloop
  endfacet
  facet normal 0.991412 0.130773 0
    outer loop
      vertex 76.9846 -46.2353 0
      vertex 77.0154 -46.4688 10
      vertex 77.0154 -46.4688 0
    endloop
  endfacet
  facet normal 0.300644 -0.953737 0
    outer loop
      vertex 78.7509 -43.4628 0
      vertex 78.9755 -43.392 10
      vertex 78.7509 -43.4628 10
    endloop
  endfacet
  facet normal 0.300644 -0.953737 0
    outer loop
      vertex 78.9755 -43.392 10
      vertex 78.7509 -43.4628 0
      vertex 78.9755 -43.392 0
    endloop
  endfacet
  facet normal 0.886918 0.461927 0
    outer loop
      vertex 77.3361 -47.35 10
      vertex 77.2273 -47.1411 0
      vertex 77.2273 -47.1411 10
    endloop
  endfacet
  facet normal 0.886918 0.461927 0
    outer loop
      vertex 77.2273 -47.1411 0
      vertex 77.3361 -47.35 10
      vertex 77.3361 -47.35 0
    endloop
  endfacet
  facet normal -0.608726 0.793381 0
    outer loop
      vertex 81.4099 -48.0683 0
      vertex 81.223 -48.2117 10
      vertex 81.4099 -48.0683 10
    endloop
  endfacet
  facet normal -0.608726 0.793381 0
    outer loop
      vertex 81.223 -48.2117 10
      vertex 81.4099 -48.0683 0
      vertex 81.223 -48.2117 0
    endloop
  endfacet
  facet normal -0.923929 0.382564 0
    outer loop
      vertex 82.1214 -47.1411 0
      vertex 82.2115 -46.9235 10
      vertex 82.2115 -46.9235 0
    endloop
  endfacet
  facet normal -0.923929 0.382564 0
    outer loop
      vertex 82.2115 -46.9235 10
      vertex 82.1214 -47.1411 0
      vertex 82.1214 -47.1411 10
    endloop
  endfacet
  facet normal -0.608726 -0.793381 0
    outer loop
      vertex 81.223 -43.7883 0
      vertex 81.4099 -43.9317 10
      vertex 81.223 -43.7883 10
    endloop
  endfacet
  facet normal -0.608726 -0.793381 -0
    outer loop
      vertex 81.4099 -43.9317 10
      vertex 81.223 -43.7883 0
      vertex 81.4099 -43.9317 0
    endloop
  endfacet
  facet normal -0.216571 -0.976267 0
    outer loop
      vertex 80.1432 -43.341 0
      vertex 80.3731 -43.392 10
      vertex 80.1432 -43.341 10
    endloop
  endfacet
  facet normal -0.216571 -0.976267 -0
    outer loop
      vertex 80.3731 -43.392 10
      vertex 80.1432 -43.341 0
      vertex 80.3731 -43.392 0
    endloop
  endfacet
  facet normal 0.46142 -0.887182 0
    outer loop
      vertex 78.3243 -43.6617 0
      vertex 78.5333 -43.553 10
      vertex 78.3243 -43.6617 10
    endloop
  endfacet
  facet normal 0.46142 -0.887182 0
    outer loop
      vertex 78.5333 -43.553 10
      vertex 78.3243 -43.6617 0
      vertex 78.5333 -43.553 0
    endloop
  endfacet
  facet normal -0.0437135 -0.999044 0
    outer loop
      vertex 79.6743 -43.3 0
      vertex 79.9097 -43.3103 10
      vertex 79.6743 -43.3 10
    endloop
  endfacet
  facet normal -0.0437135 -0.999044 -0
    outer loop
      vertex 79.9097 -43.3103 10
      vertex 79.6743 -43.3 0
      vertex 79.9097 -43.3103 0
    endloop
  endfacet
  facet normal 0.923929 0.382564 0
    outer loop
      vertex 77.2273 -47.1411 10
      vertex 77.1372 -46.9235 0
      vertex 77.1372 -46.9235 10
    endloop
  endfacet
  facet normal 0.923929 0.382564 0
    outer loop
      vertex 77.1372 -46.9235 0
      vertex 77.2273 -47.1411 10
      vertex 77.2273 -47.1411 0
    endloop
  endfacet
  facet normal 0.999043 -0.043732 0
    outer loop
      vertex 76.9743 -46 10
      vertex 76.9846 -45.7647 0
      vertex 76.9846 -45.7647 10
    endloop
  endfacet
  facet normal 0.999043 -0.043732 0
    outer loop
      vertex 76.9846 -45.7647 0
      vertex 76.9743 -46 10
      vertex 76.9743 -46 0
    endloop
  endfacet
  facet normal -0.300522 0.953775 0
    outer loop
      vertex 80.5978 -48.5372 0
      vertex 80.3731 -48.608 10
      vertex 80.5978 -48.5372 10
    endloop
  endfacet
  facet normal -0.300522 0.953775 0
    outer loop
      vertex 80.3731 -48.608 10
      vertex 80.5978 -48.5372 0
      vertex 80.3731 -48.608 0
    endloop
  endfacet
  facet normal -0.843364 -0.537342 0
    outer loop
      vertex 82.0126 -44.65 0
      vertex 81.886 -44.4513 10
      vertex 81.886 -44.4513 0
    endloop
  endfacet
  facet normal -0.843364 -0.537342 0
    outer loop
      vertex 81.886 -44.4513 10
      vertex 82.0126 -44.65 0
      vertex 82.0126 -44.65 10
    endloop
  endfacet
  facet normal 0.793223 0.608931 0
    outer loop
      vertex 77.606 -47.7355 10
      vertex 77.4626 -47.5487 0
      vertex 77.4626 -47.5487 10
    endloop
  endfacet
  facet normal 0.793223 0.608931 0
    outer loop
      vertex 77.4626 -47.5487 0
      vertex 77.606 -47.7355 10
      vertex 77.606 -47.7355 0
    endloop
  endfacet
  facet normal -0.953775 0.300522 0
    outer loop
      vertex 82.2115 -46.9235 0
      vertex 82.2823 -46.6988 10
      vertex 82.2823 -46.6988 0
    endloop
  endfacet
  facet normal -0.953775 0.300522 0
    outer loop
      vertex 82.2823 -46.6988 10
      vertex 82.2115 -46.9235 0
      vertex 82.2115 -46.9235 10
    endloop
  endfacet
  facet normal -0.976287 0.216481 0
    outer loop
      vertex 82.2823 -46.6988 0
      vertex 82.3333 -46.4688 10
      vertex 82.3333 -46.4688 0
    endloop
  endfacet
  facet normal -0.976287 0.216481 0
    outer loop
      vertex 82.3333 -46.4688 10
      vertex 82.2823 -46.6988 0
      vertex 82.2823 -46.6988 10
    endloop
  endfacet
  facet normal -0.461593 0.887092 0
    outer loop
      vertex 81.0243 -48.3383 0
      vertex 80.8154 -48.447 10
      vertex 81.0243 -48.3383 10
    endloop
  endfacet
  facet normal -0.461593 0.887092 0
    outer loop
      vertex 80.8154 -48.447 10
      vertex 81.0243 -48.3383 0
      vertex 80.8154 -48.447 0
    endloop
  endfacet
  facet normal -0.675648 -0.737225 0
    outer loop
      vertex 81.4099 -43.9317 0
      vertex 81.5835 -44.0908 10
      vertex 81.4099 -43.9317 10
    endloop
  endfacet
  facet normal -0.675648 -0.737225 -0
    outer loop
      vertex 81.5835 -44.0908 10
      vertex 81.4099 -43.9317 0
      vertex 81.5835 -44.0908 0
    endloop
  endfacet
  facet normal -0.300522 -0.953775 0
    outer loop
      vertex 80.3731 -43.392 0
      vertex 80.5978 -43.4628 10
      vertex 80.3731 -43.392 10
    endloop
  endfacet
  facet normal -0.300522 -0.953775 -0
    outer loop
      vertex 80.5978 -43.4628 10
      vertex 80.3731 -43.392 0
      vertex 80.5978 -43.4628 0
    endloop
  endfacet
  facet normal 0.608726 -0.793381 0
    outer loop
      vertex 77.9388 -43.9317 0
      vertex 78.1257 -43.7883 10
      vertex 77.9388 -43.9317 10
    endloop
  endfacet
  facet normal 0.608726 -0.793381 0
    outer loop
      vertex 78.1257 -43.7883 10
      vertex 77.9388 -43.9317 0
      vertex 78.1257 -43.7883 0
    endloop
  endfacet
  facet normal -0.0437135 0.999044 0
    outer loop
      vertex 79.9097 -48.6897 0
      vertex 79.6743 -48.7 10
      vertex 79.9097 -48.6897 10
    endloop
  endfacet
  facet normal -0.0437135 0.999044 0
    outer loop
      vertex 79.6743 -48.7 10
      vertex 79.9097 -48.6897 0
      vertex 79.6743 -48.7 0
    endloop
  endfacet
  facet normal -0.793429 0.608663 0
    outer loop
      vertex 81.7427 -47.7355 0
      vertex 81.886 -47.5487 10
      vertex 81.886 -47.5487 0
    endloop
  endfacet
  facet normal -0.793429 0.608663 0
    outer loop
      vertex 81.886 -47.5487 10
      vertex 81.7427 -47.7355 0
      vertex 81.7427 -47.7355 10
    endloop
  endfacet
  facet normal -0.843364 0.537342 0
    outer loop
      vertex 81.886 -47.5487 0
      vertex 82.0126 -47.35 10
      vertex 82.0126 -47.35 0
    endloop
  endfacet
  facet normal -0.843364 0.537342 0
    outer loop
      vertex 82.0126 -47.35 10
      vertex 81.886 -47.5487 0
      vertex 81.886 -47.5487 10
    endloop
  endfacet
  facet normal 0.991412 -0.130773 0
    outer loop
      vertex 76.9846 -45.7647 10
      vertex 77.0154 -45.5312 0
      vertex 77.0154 -45.5312 10
    endloop
  endfacet
  facet normal 0.991412 -0.130773 0
    outer loop
      vertex 77.0154 -45.5312 0
      vertex 76.9846 -45.7647 10
      vertex 76.9846 -45.7647 0
    endloop
  endfacet
  facet normal -0.537342 0.843364 0
    outer loop
      vertex 81.223 -48.2117 0
      vertex 81.0243 -48.3383 10
      vertex 81.223 -48.2117 10
    endloop
  endfacet
  facet normal -0.537342 0.843364 0
    outer loop
      vertex 81.0243 -48.3383 10
      vertex 81.223 -48.2117 0
      vertex 81.0243 -48.3383 0
    endloop
  endfacet
  facet normal 0.608726 0.793381 -0
    outer loop
      vertex 78.1257 -48.2117 0
      vertex 77.9388 -48.0683 10
      vertex 78.1257 -48.2117 10
    endloop
  endfacet
  facet normal 0.608726 0.793381 0
    outer loop
      vertex 77.9388 -48.0683 10
      vertex 78.1257 -48.2117 0
      vertex 77.9388 -48.0683 0
    endloop
  endfacet
  facet normal -0.537342 -0.843364 0
    outer loop
      vertex 81.0243 -43.6617 0
      vertex 81.223 -43.7883 10
      vertex 81.0243 -43.6617 10
    endloop
  endfacet
  facet normal -0.537342 -0.843364 -0
    outer loop
      vertex 81.223 -43.7883 10
      vertex 81.0243 -43.6617 0
      vertex 81.223 -43.7883 0
    endloop
  endfacet
  facet normal -0.991412 0.130773 0
    outer loop
      vertex 82.3333 -46.4688 0
      vertex 82.3641 -46.2353 10
      vertex 82.3641 -46.2353 0
    endloop
  endfacet
  facet normal -0.991412 0.130773 0
    outer loop
      vertex 82.3641 -46.2353 10
      vertex 82.3333 -46.4688 0
      vertex 82.3333 -46.4688 10
    endloop
  endfacet
  facet normal 0.043732 0.999043 -0
    outer loop
      vertex 79.6743 -48.7 0
      vertex 79.439 -48.6897 10
      vertex 79.6743 -48.7 10
    endloop
  endfacet
  facet normal 0.043732 0.999043 0
    outer loop
      vertex 79.439 -48.6897 10
      vertex 79.6743 -48.7 0
      vertex 79.439 -48.6897 0
    endloop
  endfacet
  facet normal 0.976376 -0.216076 0
    outer loop
      vertex 77.0154 -45.5312 10
      vertex 77.0663 -45.3012 0
      vertex 77.0663 -45.3012 10
    endloop
  endfacet
  facet normal 0.976376 -0.216076 0
    outer loop
      vertex 77.0663 -45.3012 0
      vertex 77.0154 -45.5312 10
      vertex 77.0154 -45.5312 0
    endloop
  endfacet
  facet normal -0.886918 -0.461927 0
    outer loop
      vertex 82.1214 -44.8589 0
      vertex 82.0126 -44.65 10
      vertex 82.0126 -44.65 0
    endloop
  endfacet
  facet normal -0.886918 -0.461927 0
    outer loop
      vertex 82.0126 -44.65 10
      vertex 82.1214 -44.8589 0
      vertex 82.1214 -44.8589 10
    endloop
  endfacet
  facet normal 0.737207 -0.675667 0
    outer loop
      vertex 77.606 -44.2645 10
      vertex 77.7652 -44.0908 0
      vertex 77.7652 -44.0908 10
    endloop
  endfacet
  facet normal 0.737207 -0.675667 0
    outer loop
      vertex 77.7652 -44.0908 0
      vertex 77.606 -44.2645 10
      vertex 77.606 -44.2645 0
    endloop
  endfacet
  facet normal 0.675648 -0.737225 0
    outer loop
      vertex 77.7652 -44.0908 0
      vertex 77.9388 -43.9317 10
      vertex 77.7652 -44.0908 10
    endloop
  endfacet
  facet normal 0.675648 -0.737225 0
    outer loop
      vertex 77.9388 -43.9317 10
      vertex 77.7652 -44.0908 0
      vertex 77.9388 -43.9317 0
    endloop
  endfacet
  facet normal -0.737207 -0.675667 0
    outer loop
      vertex 81.7427 -44.2645 0
      vertex 81.5835 -44.0908 10
      vertex 81.5835 -44.0908 0
    endloop
  endfacet
  facet normal -0.737207 -0.675667 0
    outer loop
      vertex 81.5835 -44.0908 10
      vertex 81.7427 -44.2645 0
      vertex 81.7427 -44.2645 10
    endloop
  endfacet
  facet normal 0.382927 -0.923779 0
    outer loop
      vertex 78.5333 -43.553 0
      vertex 78.7509 -43.4628 10
      vertex 78.5333 -43.553 10
    endloop
  endfacet
  facet normal 0.382927 -0.923779 0
    outer loop
      vertex 78.7509 -43.4628 10
      vertex 78.5333 -43.553 0
      vertex 78.7509 -43.4628 0
    endloop
  endfacet
  facet normal 0.999043 0.043732 0
    outer loop
      vertex 76.9846 -46.2353 10
      vertex 76.9743 -46 0
      vertex 76.9743 -46 10
    endloop
  endfacet
  facet normal 0.999043 0.043732 0
    outer loop
      vertex 76.9743 -46 0
      vertex 76.9846 -46.2353 10
      vertex 76.9846 -46.2353 0
    endloop
  endfacet
  facet normal 0.843557 -0.53704 0
    outer loop
      vertex 77.3361 -44.65 10
      vertex 77.4626 -44.4513 0
      vertex 77.4626 -44.4513 10
    endloop
  endfacet
  facet normal 0.843557 -0.53704 0
    outer loop
      vertex 77.4626 -44.4513 0
      vertex 77.3361 -44.65 10
      vertex 77.3361 -44.65 0
    endloop
  endfacet
  facet normal 0.382927 0.923779 -0
    outer loop
      vertex 78.7509 -48.5372 0
      vertex 78.5333 -48.447 10
      vertex 78.7509 -48.5372 10
    endloop
  endfacet
  facet normal 0.382927 0.923779 0
    outer loop
      vertex 78.5333 -48.447 10
      vertex 78.7509 -48.5372 0
      vertex 78.5333 -48.447 0
    endloop
  endfacet
  facet normal 0.043732 -0.999043 0
    outer loop
      vertex 79.439 -43.3103 0
      vertex 79.6743 -43.3 10
      vertex 79.439 -43.3103 10
    endloop
  endfacet
  facet normal 0.043732 -0.999043 0
    outer loop
      vertex 79.6743 -43.3 10
      vertex 79.439 -43.3103 0
      vertex 79.6743 -43.3 0
    endloop
  endfacet
  facet normal 0.953653 -0.300908 0
    outer loop
      vertex 77.0663 -45.3012 10
      vertex 77.1372 -45.0765 0
      vertex 77.1372 -45.0765 10
    endloop
  endfacet
  facet normal 0.953653 -0.300908 0
    outer loop
      vertex 77.1372 -45.0765 0
      vertex 77.0663 -45.3012 10
      vertex 77.0663 -45.3012 0
    endloop
  endfacet
  facet normal -0.382927 0.923779 0
    outer loop
      vertex 80.8154 -48.447 0
      vertex 80.5978 -48.5372 10
      vertex 80.8154 -48.447 10
    endloop
  endfacet
  facet normal -0.382927 0.923779 0
    outer loop
      vertex 80.5978 -48.5372 10
      vertex 80.8154 -48.447 0
      vertex 80.5978 -48.5372 0
    endloop
  endfacet
  facet normal 0.737207 0.675667 0
    outer loop
      vertex 77.7652 -47.9092 10
      vertex 77.606 -47.7355 0
      vertex 77.606 -47.7355 10
    endloop
  endfacet
  facet normal 0.737207 0.675667 0
    outer loop
      vertex 77.606 -47.7355 0
      vertex 77.7652 -47.9092 10
      vertex 77.7652 -47.9092 0
    endloop
  endfacet
  facet normal -0.886918 0.461927 0
    outer loop
      vertex 82.0126 -47.35 0
      vertex 82.1214 -47.1411 10
      vertex 82.1214 -47.1411 0
    endloop
  endfacet
  facet normal -0.886918 0.461927 0
    outer loop
      vertex 82.1214 -47.1411 10
      vertex 82.0126 -47.35 0
      vertex 82.0126 -47.35 10
    endloop
  endfacet
  facet normal 0.216481 0.976287 -0
    outer loop
      vertex 79.2055 -48.659 0
      vertex 78.9755 -48.608 10
      vertex 79.2055 -48.659 10
    endloop
  endfacet
  facet normal 0.216481 0.976287 0
    outer loop
      vertex 78.9755 -48.608 10
      vertex 79.2055 -48.659 0
      vertex 78.9755 -48.608 0
    endloop
  endfacet
  facet normal 0.843557 0.53704 0
    outer loop
      vertex 77.4626 -47.5487 10
      vertex 77.3361 -47.35 0
      vertex 77.3361 -47.35 10
    endloop
  endfacet
  facet normal 0.843557 0.53704 0
    outer loop
      vertex 77.3361 -47.35 0
      vertex 77.4626 -47.5487 10
      vertex 77.4626 -47.5487 0
    endloop
  endfacet
  facet normal -0.216571 0.976267 0
    outer loop
      vertex 80.3731 -48.608 0
      vertex 80.1432 -48.659 10
      vertex 80.3731 -48.608 10
    endloop
  endfacet
  facet normal -0.216571 0.976267 0
    outer loop
      vertex 80.1432 -48.659 10
      vertex 80.3731 -48.608 0
      vertex 80.1432 -48.659 0
    endloop
  endfacet
  facet normal 0.537535 0.843242 -0
    outer loop
      vertex 78.3243 -48.3383 0
      vertex 78.1257 -48.2117 10
      vertex 78.3243 -48.3383 10
    endloop
  endfacet
  facet normal 0.537535 0.843242 0
    outer loop
      vertex 78.1257 -48.2117 10
      vertex 78.3243 -48.3383 0
      vertex 78.1257 -48.2117 0
    endloop
  endfacet
  facet normal 0.537535 -0.843242 0
    outer loop
      vertex 78.1257 -43.7883 0
      vertex 78.3243 -43.6617 10
      vertex 78.1257 -43.7883 10
    endloop
  endfacet
  facet normal 0.537535 -0.843242 0
    outer loop
      vertex 78.3243 -43.6617 10
      vertex 78.1257 -43.7883 0
      vertex 78.3243 -43.6617 0
    endloop
  endfacet
  facet normal 0.675648 0.737225 -0
    outer loop
      vertex 77.9388 -48.0683 0
      vertex 77.7652 -47.9092 10
      vertex 77.9388 -48.0683 10
    endloop
  endfacet
  facet normal 0.675648 0.737225 0
    outer loop
      vertex 77.7652 -47.9092 10
      vertex 77.9388 -48.0683 0
      vertex 77.7652 -47.9092 0
    endloop
  endfacet
  facet normal 0.130356 0.991467 -0
    outer loop
      vertex 79.439 -48.6897 0
      vertex 79.2055 -48.659 10
      vertex 79.439 -48.6897 10
    endloop
  endfacet
  facet normal 0.130356 0.991467 0
    outer loop
      vertex 79.2055 -48.659 10
      vertex 79.439 -48.6897 0
      vertex 79.2055 -48.659 0
    endloop
  endfacet
  facet normal -0.675648 0.737225 0
    outer loop
      vertex 81.5835 -47.9092 0
      vertex 81.4099 -48.0683 10
      vertex 81.5835 -47.9092 10
    endloop
  endfacet
  facet normal -0.675648 0.737225 0
    outer loop
      vertex 81.4099 -48.0683 10
      vertex 81.5835 -47.9092 0
      vertex 81.4099 -48.0683 0
    endloop
  endfacet
  facet normal 0.886918 -0.461927 0
    outer loop
      vertex 77.2273 -44.8589 10
      vertex 77.3361 -44.65 0
      vertex 77.3361 -44.65 10
    endloop
  endfacet
  facet normal 0.886918 -0.461927 0
    outer loop
      vertex 77.3361 -44.65 0
      vertex 77.2273 -44.8589 10
      vertex 77.2273 -44.8589 0
    endloop
  endfacet
  facet normal -0.976287 0.216481 0
    outer loop
      vertex 82.2823 45.3012 0
      vertex 82.3333 45.5312 10
      vertex 82.3333 45.5312 0
    endloop
  endfacet
  facet normal -0.976287 0.216481 0
    outer loop
      vertex 82.3333 45.5312 10
      vertex 82.2823 45.3012 0
      vertex 82.2823 45.3012 10
    endloop
  endfacet
  facet normal -0.991412 -0.130773 0
    outer loop
      vertex 82.3641 46.2353 0
      vertex 82.3333 46.4688 10
      vertex 82.3333 46.4688 0
    endloop
  endfacet
  facet normal -0.991412 -0.130773 0
    outer loop
      vertex 82.3333 46.4688 10
      vertex 82.3641 46.2353 0
      vertex 82.3641 46.2353 10
    endloop
  endfacet
  facet normal -0.999062 -0.0433082 0
    outer loop
      vertex 82.3743 46 0
      vertex 82.3641 46.2353 10
      vertex 82.3641 46.2353 0
    endloop
  endfacet
  facet normal -0.999062 -0.0433082 0
    outer loop
      vertex 82.3641 46.2353 10
      vertex 82.3743 46 0
      vertex 82.3743 46 10
    endloop
  endfacet
  facet normal -0.953775 -0.300522 0
    outer loop
      vertex 82.2823 46.6988 0
      vertex 82.2115 46.9235 10
      vertex 82.2115 46.9235 0
    endloop
  endfacet
  facet normal -0.953775 -0.300522 0
    outer loop
      vertex 82.2115 46.9235 10
      vertex 82.2823 46.6988 0
      vertex 82.2823 46.6988 10
    endloop
  endfacet
  facet normal 0.953653 0.300908 0
    outer loop
      vertex 77.1372 45.0765 10
      vertex 77.0663 45.3012 0
      vertex 77.0663 45.3012 10
    endloop
  endfacet
  facet normal 0.953653 0.300908 0
    outer loop
      vertex 77.0663 45.3012 0
      vertex 77.1372 45.0765 10
      vertex 77.1372 45.0765 0
    endloop
  endfacet
  facet normal -0.382927 0.923779 0
    outer loop
      vertex 80.8154 43.553 0
      vertex 80.5978 43.4628 10
      vertex 80.8154 43.553 10
    endloop
  endfacet
  facet normal -0.382927 0.923779 0
    outer loop
      vertex 80.5978 43.4628 10
      vertex 80.8154 43.553 0
      vertex 80.5978 43.4628 0
    endloop
  endfacet
  facet normal 0.216481 -0.976287 0
    outer loop
      vertex 78.9755 48.608 0
      vertex 79.2055 48.659 10
      vertex 78.9755 48.608 10
    endloop
  endfacet
  facet normal 0.216481 -0.976287 0
    outer loop
      vertex 79.2055 48.659 10
      vertex 78.9755 48.608 0
      vertex 79.2055 48.659 0
    endloop
  endfacet
  facet normal 0.46142 -0.887182 0
    outer loop
      vertex 78.3243 48.3383 0
      vertex 78.5333 48.447 10
      vertex 78.3243 48.3383 10
    endloop
  endfacet
  facet normal 0.46142 -0.887182 0
    outer loop
      vertex 78.5333 48.447 10
      vertex 78.3243 48.3383 0
      vertex 78.5333 48.447 0
    endloop
  endfacet
  facet normal -0.537342 -0.843364 0
    outer loop
      vertex 81.0243 48.3383 0
      vertex 81.223 48.2117 10
      vertex 81.0243 48.3383 10
    endloop
  endfacet
  facet normal -0.537342 -0.843364 -0
    outer loop
      vertex 81.223 48.2117 10
      vertex 81.0243 48.3383 0
      vertex 81.223 48.2117 0
    endloop
  endfacet
  facet normal 0.675648 0.737225 -0
    outer loop
      vertex 77.9388 43.9317 0
      vertex 77.7652 44.0908 10
      vertex 77.9388 43.9317 10
    endloop
  endfacet
  facet normal 0.675648 0.737225 0
    outer loop
      vertex 77.7652 44.0908 10
      vertex 77.9388 43.9317 0
      vertex 77.7652 44.0908 0
    endloop
  endfacet
  facet normal -0.953775 0.300522 0
    outer loop
      vertex 82.2115 45.0765 0
      vertex 82.2823 45.3012 10
      vertex 82.2823 45.3012 0
    endloop
  endfacet
  facet normal -0.953775 0.300522 0
    outer loop
      vertex 82.2823 45.3012 10
      vertex 82.2115 45.0765 0
      vertex 82.2115 45.0765 10
    endloop
  endfacet
  facet normal -0.737207 0.675667 0
    outer loop
      vertex 81.5835 44.0908 0
      vertex 81.7427 44.2645 10
      vertex 81.7427 44.2645 0
    endloop
  endfacet
  facet normal -0.737207 0.675667 0
    outer loop
      vertex 81.7427 44.2645 10
      vertex 81.5835 44.0908 0
      vertex 81.5835 44.0908 10
    endloop
  endfacet
  facet normal 0.793223 0.608931 0
    outer loop
      vertex 77.606 44.2645 10
      vertex 77.4626 44.4513 0
      vertex 77.4626 44.4513 10
    endloop
  endfacet
  facet normal 0.793223 0.608931 0
    outer loop
      vertex 77.4626 44.4513 0
      vertex 77.606 44.2645 10
      vertex 77.606 44.2645 0
    endloop
  endfacet
  facet normal 0.537535 -0.843242 0
    outer loop
      vertex 78.1257 48.2117 0
      vertex 78.3243 48.3383 10
      vertex 78.1257 48.2117 10
    endloop
  endfacet
  facet normal 0.537535 -0.843242 0
    outer loop
      vertex 78.3243 48.3383 10
      vertex 78.1257 48.2117 0
      vertex 78.3243 48.3383 0
    endloop
  endfacet
  facet normal -0.216571 -0.976267 0
    outer loop
      vertex 80.1432 48.659 0
      vertex 80.3731 48.608 10
      vertex 80.1432 48.659 10
    endloop
  endfacet
  facet normal -0.216571 -0.976267 -0
    outer loop
      vertex 80.3731 48.608 10
      vertex 80.1432 48.659 0
      vertex 80.3731 48.608 0
    endloop
  endfacet
  facet normal -0.461593 -0.887092 0
    outer loop
      vertex 80.8154 48.447 0
      vertex 81.0243 48.3383 10
      vertex 80.8154 48.447 10
    endloop
  endfacet
  facet normal -0.461593 -0.887092 -0
    outer loop
      vertex 81.0243 48.3383 10
      vertex 80.8154 48.447 0
      vertex 81.0243 48.3383 0
    endloop
  endfacet
  facet normal -0.0437135 0.999044 0
    outer loop
      vertex 79.9097 43.3103 0
      vertex 79.6743 43.3 10
      vertex 79.9097 43.3103 10
    endloop
  endfacet
  facet normal -0.0437135 0.999044 0
    outer loop
      vertex 79.6743 43.3 10
      vertex 79.9097 43.3103 0
      vertex 79.6743 43.3 0
    endloop
  endfacet
  facet normal -0.991412 0.130773 0
    outer loop
      vertex 82.3333 45.5312 0
      vertex 82.3641 45.7647 10
      vertex 82.3641 45.7647 0
    endloop
  endfacet
  facet normal -0.991412 0.130773 0
    outer loop
      vertex 82.3641 45.7647 10
      vertex 82.3333 45.5312 0
      vertex 82.3333 45.5312 10
    endloop
  endfacet
  facet normal -0.382927 -0.923779 0
    outer loop
      vertex 80.5978 48.5372 0
      vertex 80.8154 48.447 10
      vertex 80.5978 48.5372 10
    endloop
  endfacet
  facet normal -0.382927 -0.923779 -0
    outer loop
      vertex 80.8154 48.447 10
      vertex 80.5978 48.5372 0
      vertex 80.8154 48.447 0
    endloop
  endfacet
  facet normal 0.382927 -0.923779 0
    outer loop
      vertex 78.5333 48.447 0
      vertex 78.7509 48.5372 10
      vertex 78.5333 48.447 10
    endloop
  endfacet
  facet normal 0.382927 -0.923779 0
    outer loop
      vertex 78.7509 48.5372 10
      vertex 78.5333 48.447 0
      vertex 78.7509 48.5372 0
    endloop
  endfacet
  facet normal -0.999062 0.0433082 0
    outer loop
      vertex 82.3641 45.7647 0
      vertex 82.3743 46 10
      vertex 82.3743 46 0
    endloop
  endfacet
  facet normal -0.999062 0.0433082 0
    outer loop
      vertex 82.3743 46 10
      vertex 82.3641 45.7647 0
      vertex 82.3641 45.7647 10
    endloop
  endfacet
  facet normal 0.382927 0.923779 -0
    outer loop
      vertex 78.7509 43.4628 0
      vertex 78.5333 43.553 10
      vertex 78.7509 43.4628 10
    endloop
  endfacet
  facet normal 0.382927 0.923779 0
    outer loop
      vertex 78.5333 43.553 10
      vertex 78.7509 43.4628 0
      vertex 78.5333 43.553 0
    endloop
  endfacet
  facet normal 0.130356 -0.991467 0
    outer loop
      vertex 79.2055 48.659 0
      vertex 79.439 48.6897 10
      vertex 79.2055 48.659 10
    endloop
  endfacet
  facet normal 0.130356 -0.991467 0
    outer loop
      vertex 79.439 48.6897 10
      vertex 79.2055 48.659 0
      vertex 79.439 48.6897 0
    endloop
  endfacet
  facet normal 0.216481 0.976287 -0
    outer loop
      vertex 79.2055 43.341 0
      vertex 78.9755 43.392 10
      vertex 79.2055 43.341 10
    endloop
  endfacet
  facet normal 0.216481 0.976287 0
    outer loop
      vertex 78.9755 43.392 10
      vertex 79.2055 43.341 0
      vertex 78.9755 43.392 0
    endloop
  endfacet
  facet normal -0.130356 0.991467 0
    outer loop
      vertex 80.1432 43.341 0
      vertex 79.9097 43.3103 10
      vertex 80.1432 43.341 10
    endloop
  endfacet
  facet normal -0.130356 0.991467 0
    outer loop
      vertex 79.9097 43.3103 10
      vertex 80.1432 43.341 0
      vertex 79.9097 43.3103 0
    endloop
  endfacet
  facet normal -0.793429 0.608663 0
    outer loop
      vertex 81.7427 44.2645 0
      vertex 81.886 44.4513 10
      vertex 81.886 44.4513 0
    endloop
  endfacet
  facet normal -0.793429 0.608663 0
    outer loop
      vertex 81.886 44.4513 10
      vertex 81.7427 44.2645 0
      vertex 81.7427 44.2645 10
    endloop
  endfacet
  facet normal -0.130356 -0.991467 0
    outer loop
      vertex 79.9097 48.6897 0
      vertex 80.1432 48.659 10
      vertex 79.9097 48.6897 10
    endloop
  endfacet
  facet normal -0.130356 -0.991467 -0
    outer loop
      vertex 80.1432 48.659 10
      vertex 79.9097 48.6897 0
      vertex 80.1432 48.659 0
    endloop
  endfacet
  facet normal -0.675648 -0.737225 0
    outer loop
      vertex 81.4099 48.0683 0
      vertex 81.5835 47.9092 10
      vertex 81.4099 48.0683 10
    endloop
  endfacet
  facet normal -0.675648 -0.737225 -0
    outer loop
      vertex 81.5835 47.9092 10
      vertex 81.4099 48.0683 0
      vertex 81.5835 47.9092 0
    endloop
  endfacet
  facet normal -0.737207 -0.675667 0
    outer loop
      vertex 81.7427 47.7355 0
      vertex 81.5835 47.9092 10
      vertex 81.5835 47.9092 0
    endloop
  endfacet
  facet normal -0.737207 -0.675667 0
    outer loop
      vertex 81.5835 47.9092 10
      vertex 81.7427 47.7355 0
      vertex 81.7427 47.7355 10
    endloop
  endfacet
  facet normal 0.300644 -0.953737 0
    outer loop
      vertex 78.7509 48.5372 0
      vertex 78.9755 48.608 10
      vertex 78.7509 48.5372 10
    endloop
  endfacet
  facet normal 0.300644 -0.953737 0
    outer loop
      vertex 78.9755 48.608 10
      vertex 78.7509 48.5372 0
      vertex 78.9755 48.608 0
    endloop
  endfacet
  facet normal 0.991412 0.130773 0
    outer loop
      vertex 77.0154 45.5312 10
      vertex 76.9846 45.7647 0
      vertex 76.9846 45.7647 10
    endloop
  endfacet
  facet normal 0.991412 0.130773 0
    outer loop
      vertex 76.9846 45.7647 0
      vertex 77.0154 45.5312 10
      vertex 77.0154 45.5312 0
    endloop
  endfacet
  facet normal 0.923929 -0.382564 0
    outer loop
      vertex 77.1372 46.9235 10
      vertex 77.2273 47.1411 0
      vertex 77.2273 47.1411 10
    endloop
  endfacet
  facet normal 0.923929 -0.382564 0
    outer loop
      vertex 77.2273 47.1411 0
      vertex 77.1372 46.9235 10
      vertex 77.1372 46.9235 0
    endloop
  endfacet
  facet normal 0.923929 0.382564 0
    outer loop
      vertex 77.2273 44.8589 10
      vertex 77.1372 45.0765 0
      vertex 77.1372 45.0765 10
    endloop
  endfacet
  facet normal 0.923929 0.382564 0
    outer loop
      vertex 77.1372 45.0765 0
      vertex 77.2273 44.8589 10
      vertex 77.2273 44.8589 0
    endloop
  endfacet
  facet normal 0.843557 0.53704 0
    outer loop
      vertex 77.4626 44.4513 10
      vertex 77.3361 44.65 0
      vertex 77.3361 44.65 10
    endloop
  endfacet
  facet normal 0.843557 0.53704 0
    outer loop
      vertex 77.3361 44.65 0
      vertex 77.4626 44.4513 10
      vertex 77.4626 44.4513 0
    endloop
  endfacet
  facet normal -0.608726 -0.793381 0
    outer loop
      vertex 81.223 48.2117 0
      vertex 81.4099 48.0683 10
      vertex 81.223 48.2117 10
    endloop
  endfacet
  facet normal -0.608726 -0.793381 -0
    outer loop
      vertex 81.4099 48.0683 10
      vertex 81.223 48.2117 0
      vertex 81.4099 48.0683 0
    endloop
  endfacet
  facet normal 0.537535 0.843242 -0
    outer loop
      vertex 78.3243 43.6617 0
      vertex 78.1257 43.7883 10
      vertex 78.3243 43.6617 10
    endloop
  endfacet
  facet normal 0.537535 0.843242 0
    outer loop
      vertex 78.1257 43.7883 10
      vertex 78.3243 43.6617 0
      vertex 78.1257 43.7883 0
    endloop
  endfacet
  facet normal -0.923929 -0.382564 0
    outer loop
      vertex 82.2115 46.9235 0
      vertex 82.1214 47.1411 10
      vertex 82.1214 47.1411 0
    endloop
  endfacet
  facet normal -0.923929 -0.382564 0
    outer loop
      vertex 82.1214 47.1411 10
      vertex 82.2115 46.9235 0
      vertex 82.2115 46.9235 10
    endloop
  endfacet
  facet normal -0.793429 -0.608663 0
    outer loop
      vertex 81.886 47.5487 0
      vertex 81.7427 47.7355 10
      vertex 81.7427 47.7355 0
    endloop
  endfacet
  facet normal -0.793429 -0.608663 0
    outer loop
      vertex 81.7427 47.7355 10
      vertex 81.886 47.5487 0
      vertex 81.886 47.5487 10
    endloop
  endfacet
  facet normal -0.886918 -0.461927 0
    outer loop
      vertex 82.1214 47.1411 0
      vertex 82.0126 47.35 10
      vertex 82.0126 47.35 0
    endloop
  endfacet
  facet normal -0.886918 -0.461927 0
    outer loop
      vertex 82.0126 47.35 10
      vertex 82.1214 47.1411 0
      vertex 82.1214 47.1411 10
    endloop
  endfacet
  facet normal 0.043732 -0.999043 0
    outer loop
      vertex 79.439 48.6897 0
      vertex 79.6743 48.7 10
      vertex 79.439 48.6897 10
    endloop
  endfacet
  facet normal 0.043732 -0.999043 0
    outer loop
      vertex 79.6743 48.7 10
      vertex 79.439 48.6897 0
      vertex 79.6743 48.7 0
    endloop
  endfacet
  facet normal 0.043732 0.999043 -0
    outer loop
      vertex 79.6743 43.3 0
      vertex 79.439 43.3103 10
      vertex 79.6743 43.3 10
    endloop
  endfacet
  facet normal 0.043732 0.999043 0
    outer loop
      vertex 79.439 43.3103 10
      vertex 79.6743 43.3 0
      vertex 79.439 43.3103 0
    endloop
  endfacet
  facet normal -0.843364 -0.537342 0
    outer loop
      vertex 82.0126 47.35 0
      vertex 81.886 47.5487 10
      vertex 81.886 47.5487 0
    endloop
  endfacet
  facet normal -0.843364 -0.537342 0
    outer loop
      vertex 81.886 47.5487 10
      vertex 82.0126 47.35 0
      vertex 82.0126 47.35 10
    endloop
  endfacet
  facet normal -0.923929 0.382564 0
    outer loop
      vertex 82.1214 44.8589 0
      vertex 82.2115 45.0765 10
      vertex 82.2115 45.0765 0
    endloop
  endfacet
  facet normal -0.923929 0.382564 0
    outer loop
      vertex 82.2115 45.0765 10
      vertex 82.1214 44.8589 0
      vertex 82.1214 44.8589 10
    endloop
  endfacet
  facet normal -0.886918 0.461927 0
    outer loop
      vertex 82.0126 44.65 0
      vertex 82.1214 44.8589 10
      vertex 82.1214 44.8589 0
    endloop
  endfacet
  facet normal -0.886918 0.461927 0
    outer loop
      vertex 82.1214 44.8589 10
      vertex 82.0126 44.65 0
      vertex 82.0126 44.65 10
    endloop
  endfacet
  facet normal 0.953653 -0.300908 0
    outer loop
      vertex 77.0663 46.6988 10
      vertex 77.1372 46.9235 0
      vertex 77.1372 46.9235 10
    endloop
  endfacet
  facet normal 0.953653 -0.300908 0
    outer loop
      vertex 77.1372 46.9235 0
      vertex 77.0663 46.6988 10
      vertex 77.0663 46.6988 0
    endloop
  endfacet
  facet normal -0.300522 0.953775 0
    outer loop
      vertex 80.5978 43.4628 0
      vertex 80.3731 43.392 10
      vertex 80.5978 43.4628 10
    endloop
  endfacet
  facet normal -0.300522 0.953775 0
    outer loop
      vertex 80.3731 43.392 10
      vertex 80.5978 43.4628 0
      vertex 80.3731 43.392 0
    endloop
  endfacet
  facet normal -0.216571 0.976267 0
    outer loop
      vertex 80.3731 43.392 0
      vertex 80.1432 43.341 10
      vertex 80.3731 43.392 10
    endloop
  endfacet
  facet normal -0.216571 0.976267 0
    outer loop
      vertex 80.1432 43.341 10
      vertex 80.3731 43.392 0
      vertex 80.1432 43.341 0
    endloop
  endfacet
  facet normal 0.737207 -0.675667 0
    outer loop
      vertex 77.606 47.7355 10
      vertex 77.7652 47.9092 0
      vertex 77.7652 47.9092 10
    endloop
  endfacet
  facet normal 0.737207 -0.675667 0
    outer loop
      vertex 77.7652 47.9092 0
      vertex 77.606 47.7355 10
      vertex 77.606 47.7355 0
    endloop
  endfacet
  facet normal 0.130356 0.991467 -0
    outer loop
      vertex 79.439 43.3103 0
      vertex 79.2055 43.341 10
      vertex 79.439 43.3103 10
    endloop
  endfacet
  facet normal 0.130356 0.991467 0
    outer loop
      vertex 79.2055 43.341 10
      vertex 79.439 43.3103 0
      vertex 79.2055 43.341 0
    endloop
  endfacet
  facet normal 0.300644 0.953737 -0
    outer loop
      vertex 78.9755 43.392 0
      vertex 78.7509 43.4628 10
      vertex 78.9755 43.392 10
    endloop
  endfacet
  facet normal 0.300644 0.953737 0
    outer loop
      vertex 78.7509 43.4628 10
      vertex 78.9755 43.392 0
      vertex 78.7509 43.4628 0
    endloop
  endfacet
  facet normal 0.886918 -0.461927 0
    outer loop
      vertex 77.2273 47.1411 10
      vertex 77.3361 47.35 0
      vertex 77.3361 47.35 10
    endloop
  endfacet
  facet normal 0.886918 -0.461927 0
    outer loop
      vertex 77.3361 47.35 0
      vertex 77.2273 47.1411 10
      vertex 77.2273 47.1411 0
    endloop
  endfacet
  facet normal -0.843364 0.537342 0
    outer loop
      vertex 81.886 44.4513 0
      vertex 82.0126 44.65 10
      vertex 82.0126 44.65 0
    endloop
  endfacet
  facet normal -0.843364 0.537342 0
    outer loop
      vertex 82.0126 44.65 10
      vertex 81.886 44.4513 0
      vertex 81.886 44.4513 10
    endloop
  endfacet
  facet normal 0.46142 0.887182 -0
    outer loop
      vertex 78.5333 43.553 0
      vertex 78.3243 43.6617 10
      vertex 78.5333 43.553 10
    endloop
  endfacet
  facet normal 0.46142 0.887182 0
    outer loop
      vertex 78.3243 43.6617 10
      vertex 78.5333 43.553 0
      vertex 78.3243 43.6617 0
    endloop
  endfacet
  facet normal 0.991412 -0.130773 0
    outer loop
      vertex 76.9846 46.2353 10
      vertex 77.0154 46.4688 0
      vertex 77.0154 46.4688 10
    endloop
  endfacet
  facet normal 0.991412 -0.130773 0
    outer loop
      vertex 77.0154 46.4688 0
      vertex 76.9846 46.2353 10
      vertex 76.9846 46.2353 0
    endloop
  endfacet
  facet normal -0.300522 -0.953775 0
    outer loop
      vertex 80.3731 48.608 0
      vertex 80.5978 48.5372 10
      vertex 80.3731 48.608 10
    endloop
  endfacet
  facet normal -0.300522 -0.953775 -0
    outer loop
      vertex 80.5978 48.5372 10
      vertex 80.3731 48.608 0
      vertex 80.5978 48.5372 0
    endloop
  endfacet
  facet normal 0.886918 0.461927 0
    outer loop
      vertex 77.3361 44.65 10
      vertex 77.2273 44.8589 0
      vertex 77.2273 44.8589 10
    endloop
  endfacet
  facet normal 0.886918 0.461927 0
    outer loop
      vertex 77.2273 44.8589 0
      vertex 77.3361 44.65 10
      vertex 77.3361 44.65 0
    endloop
  endfacet
  facet normal 0.608726 0.793381 -0
    outer loop
      vertex 78.1257 43.7883 0
      vertex 77.9388 43.9317 10
      vertex 78.1257 43.7883 10
    endloop
  endfacet
  facet normal 0.608726 0.793381 0
    outer loop
      vertex 77.9388 43.9317 10
      vertex 78.1257 43.7883 0
      vertex 77.9388 43.9317 0
    endloop
  endfacet
  facet normal 0.675648 -0.737225 0
    outer loop
      vertex 77.7652 47.9092 0
      vertex 77.9388 48.0683 10
      vertex 77.7652 47.9092 10
    endloop
  endfacet
  facet normal 0.675648 -0.737225 0
    outer loop
      vertex 77.9388 48.0683 10
      vertex 77.7652 47.9092 0
      vertex 77.9388 48.0683 0
    endloop
  endfacet
  facet normal 0.976376 -0.216076 0
    outer loop
      vertex 77.0154 46.4688 10
      vertex 77.0663 46.6988 0
      vertex 77.0663 46.6988 10
    endloop
  endfacet
  facet normal 0.976376 -0.216076 0
    outer loop
      vertex 77.0663 46.6988 0
      vertex 77.0154 46.4688 10
      vertex 77.0154 46.4688 0
    endloop
  endfacet
  facet normal 0.608726 -0.793381 0
    outer loop
      vertex 77.9388 48.0683 0
      vertex 78.1257 48.2117 10
      vertex 77.9388 48.0683 10
    endloop
  endfacet
  facet normal 0.608726 -0.793381 0
    outer loop
      vertex 78.1257 48.2117 10
      vertex 77.9388 48.0683 0
      vertex 78.1257 48.2117 0
    endloop
  endfacet
  facet normal -0.608726 0.793381 0
    outer loop
      vertex 81.4099 43.9317 0
      vertex 81.223 43.7883 10
      vertex 81.4099 43.9317 10
    endloop
  endfacet
  facet normal -0.608726 0.793381 0
    outer loop
      vertex 81.223 43.7883 10
      vertex 81.4099 43.9317 0
      vertex 81.223 43.7883 0
    endloop
  endfacet
  facet normal -0.976287 -0.216481 0
    outer loop
      vertex 82.3333 46.4688 0
      vertex 82.2823 46.6988 10
      vertex 82.2823 46.6988 0
    endloop
  endfacet
  facet normal -0.976287 -0.216481 0
    outer loop
      vertex 82.2823 46.6988 10
      vertex 82.3333 46.4688 0
      vertex 82.3333 46.4688 10
    endloop
  endfacet
  facet normal 0.976376 0.216076 0
    outer loop
      vertex 77.0663 45.3012 10
      vertex 77.0154 45.5312 0
      vertex 77.0154 45.5312 10
    endloop
  endfacet
  facet normal 0.976376 0.216076 0
    outer loop
      vertex 77.0154 45.5312 0
      vertex 77.0663 45.3012 10
      vertex 77.0663 45.3012 0
    endloop
  endfacet
  facet normal -0.675648 0.737225 0
    outer loop
      vertex 81.5835 44.0908 0
      vertex 81.4099 43.9317 10
      vertex 81.5835 44.0908 10
    endloop
  endfacet
  facet normal -0.675648 0.737225 0
    outer loop
      vertex 81.4099 43.9317 10
      vertex 81.5835 44.0908 0
      vertex 81.4099 43.9317 0
    endloop
  endfacet
  facet normal -0.461593 0.887092 0
    outer loop
      vertex 81.0243 43.6617 0
      vertex 80.8154 43.553 10
      vertex 81.0243 43.6617 10
    endloop
  endfacet
  facet normal -0.461593 0.887092 0
    outer loop
      vertex 80.8154 43.553 10
      vertex 81.0243 43.6617 0
      vertex 80.8154 43.553 0
    endloop
  endfacet
  facet normal 0.999043 -0.043732 0
    outer loop
      vertex 76.9743 46 10
      vertex 76.9846 46.2353 0
      vertex 76.9846 46.2353 10
    endloop
  endfacet
  facet normal 0.999043 -0.043732 0
    outer loop
      vertex 76.9846 46.2353 0
      vertex 76.9743 46 10
      vertex 76.9743 46 0
    endloop
  endfacet
  facet normal 0.999043 0.043732 0
    outer loop
      vertex 76.9846 45.7647 10
      vertex 76.9743 46 0
      vertex 76.9743 46 10
    endloop
  endfacet
  facet normal 0.999043 0.043732 0
    outer loop
      vertex 76.9743 46 0
      vertex 76.9846 45.7647 10
      vertex 76.9846 45.7647 0
    endloop
  endfacet
  facet normal -0.0437135 -0.999044 0
    outer loop
      vertex 79.6743 48.7 0
      vertex 79.9097 48.6897 10
      vertex 79.6743 48.7 10
    endloop
  endfacet
  facet normal -0.0437135 -0.999044 -0
    outer loop
      vertex 79.9097 48.6897 10
      vertex 79.6743 48.7 0
      vertex 79.9097 48.6897 0
    endloop
  endfacet
  facet normal 0.843557 -0.53704 0
    outer loop
      vertex 77.3361 47.35 10
      vertex 77.4626 47.5487 0
      vertex 77.4626 47.5487 10
    endloop
  endfacet
  facet normal 0.843557 -0.53704 0
    outer loop
      vertex 77.4626 47.5487 0
      vertex 77.3361 47.35 10
      vertex 77.3361 47.35 0
    endloop
  endfacet
  facet normal 0.737207 0.675667 0
    outer loop
      vertex 77.7652 44.0908 10
      vertex 77.606 44.2645 0
      vertex 77.606 44.2645 10
    endloop
  endfacet
  facet normal 0.737207 0.675667 0
    outer loop
      vertex 77.606 44.2645 0
      vertex 77.7652 44.0908 10
      vertex 77.7652 44.0908 0
    endloop
  endfacet
  facet normal -0.537342 0.843364 0
    outer loop
      vertex 81.223 43.7883 0
      vertex 81.0243 43.6617 10
      vertex 81.223 43.7883 10
    endloop
  endfacet
  facet normal -0.537342 0.843364 0
    outer loop
      vertex 81.0243 43.6617 10
      vertex 81.223 43.7883 0
      vertex 81.0243 43.6617 0
    endloop
  endfacet
  facet normal 0.793223 -0.608931 0
    outer loop
      vertex 77.4626 47.5487 10
      vertex 77.606 47.7355 0
      vertex 77.606 47.7355 10
    endloop
  endfacet
  facet normal 0.793223 -0.608931 0
    outer loop
      vertex 77.606 47.7355 0
      vertex 77.4626 47.5487 10
      vertex 77.4626 47.5487 0
    endloop
  endfacet
  facet normal -0.976344 0.216221 0
    outer loop
      vertex -91.8607 -60.8412 0
      vertex -91.7994 -60.5644 10
      vertex -91.7994 -60.5644 0
    endloop
  endfacet
  facet normal -0.976344 0.216221 0
    outer loop
      vertex -91.7994 -60.5644 10
      vertex -91.8607 -60.8412 0
      vertex -91.8607 -60.8412 10
    endloop
  endfacet
  facet normal -0.991448 -0.1305 0
    outer loop
      vertex -91.7624 -59.7167 0
      vertex -91.7994 -59.4356 10
      vertex -91.7994 -59.4356 0
    endloop
  endfacet
  facet normal -0.991448 -0.1305 0
    outer loop
      vertex -91.7994 -59.4356 10
      vertex -91.7624 -59.7167 0
      vertex -91.7624 -59.7167 10
    endloop
  endfacet
  facet normal -0.999043 -0.043728 0
    outer loop
      vertex -91.75 -60 0
      vertex -91.7624 -59.7167 10
      vertex -91.7624 -59.7167 0
    endloop
  endfacet
  facet normal -0.999043 -0.043728 0
    outer loop
      vertex -91.7624 -59.7167 10
      vertex -91.75 -60 0
      vertex -91.75 -60 10
    endloop
  endfacet
  facet normal -0.976344 -0.216221 0
    outer loop
      vertex -91.7994 -59.4356 0
      vertex -91.8607 -59.1588 10
      vertex -91.8607 -59.1588 0
    endloop
  endfacet
  facet normal -0.976344 -0.216221 0
    outer loop
      vertex -91.8607 -59.1588 10
      vertex -91.7994 -59.4356 0
      vertex -91.7994 -59.4356 10
    endloop
  endfacet
  facet normal -0.675565 0.737301 0
    outer loop
      vertex -92.7019 -62.2981 0
      vertex -92.9109 -62.4896 10
      vertex -92.7019 -62.2981 10
    endloop
  endfacet
  facet normal -0.675565 0.737301 0
    outer loop
      vertex -92.9109 -62.4896 10
      vertex -92.7019 -62.2981 0
      vertex -92.9109 -62.4896 0
    endloop
  endfacet
  facet normal -0.608654 -0.793436 0
    outer loop
      vertex -93.1359 -57.3378 0
      vertex -92.9109 -57.5104 10
      vertex -93.1359 -57.3378 10
    endloop
  endfacet
  facet normal -0.608654 -0.793436 -0
    outer loop
      vertex -92.9109 -57.5104 10
      vertex -93.1359 -57.3378 0
      vertex -92.9109 -57.5104 0
    endloop
  endfacet
  facet normal -0.887043 0.461686 0
    outer loop
      vertex -92.1854 -61.625 0
      vertex -92.0545 -61.3735 10
      vertex -92.0545 -61.3735 0
    endloop
  endfacet
  facet normal -0.887043 0.461686 0
    outer loop
      vertex -92.0545 -61.3735 10
      vertex -92.1854 -61.625 0
      vertex -92.1854 -61.625 10
    endloop
  endfacet
  facet normal 0.843269 -0.537492 0
    outer loop
      vertex -97.8146 -58.375 10
      vertex -97.6622 -58.1359 0
      vertex -97.6622 -58.1359 10
    endloop
  endfacet
  facet normal 0.843269 -0.537492 0
    outer loop
      vertex -97.6622 -58.1359 0
      vertex -97.8146 -58.375 10
      vertex -97.8146 -58.375 0
    endloop
  endfacet
  facet normal -0.461686 -0.887043 0
    outer loop
      vertex -93.6265 -57.0545 0
      vertex -93.375 -57.1854 10
      vertex -93.6265 -57.0545 10
    endloop
  endfacet
  facet normal -0.461686 -0.887043 -0
    outer loop
      vertex -93.375 -57.1854 10
      vertex -93.6265 -57.0545 0
      vertex -93.375 -57.1854 0
    endloop
  endfacet
  facet normal 0.737301 -0.675565 0
    outer loop
      vertex -97.4896 -57.9109 10
      vertex -97.2981 -57.7019 0
      vertex -97.2981 -57.7019 10
    endloop
  endfacet
  facet normal 0.737301 -0.675565 0
    outer loop
      vertex -97.2981 -57.7019 0
      vertex -97.4896 -57.9109 10
      vertex -97.4896 -57.9109 0
    endloop
  endfacet
  facet normal 0.953673 0.300844 0
    outer loop
      vertex -98.054 -61.1116 10
      vertex -98.1393 -60.8412 0
      vertex -98.1393 -60.8412 10
    endloop
  endfacet
  facet normal 0.953673 0.300844 0
    outer loop
      vertex -98.1393 -60.8412 0
      vertex -98.054 -61.1116 10
      vertex -98.054 -61.1116 0
    endloop
  endfacet
  facet normal -0.382736 -0.923858 0
    outer loop
      vertex -93.8884 -56.946 0
      vertex -93.6265 -57.0545 10
      vertex -93.8884 -56.946 10
    endloop
  endfacet
  facet normal -0.382736 -0.923858 -0
    outer loop
      vertex -93.6265 -57.0545 10
      vertex -93.8884 -56.946 0
      vertex -93.6265 -57.0545 0
    endloop
  endfacet
  facet normal 0.923858 -0.382736 0
    outer loop
      vertex -98.054 -58.8884 10
      vertex -97.9455 -58.6265 0
      vertex -97.9455 -58.6265 10
    endloop
  endfacet
  facet normal 0.923858 -0.382736 0
    outer loop
      vertex -97.9455 -58.6265 0
      vertex -98.054 -58.8884 10
      vertex -98.054 -58.8884 0
    endloop
  endfacet
  facet normal -0.953673 -0.300844 0
    outer loop
      vertex -91.8607 -59.1588 0
      vertex -91.946 -58.8884 10
      vertex -91.946 -58.8884 0
    endloop
  endfacet
  facet normal -0.953673 -0.300844 0
    outer loop
      vertex -91.946 -58.8884 10
      vertex -91.8607 -59.1588 0
      vertex -91.8607 -59.1588 10
    endloop
  endfacet
  facet normal -0.300844 0.953673 0
    outer loop
      vertex -93.8884 -63.054 0
      vertex -94.1588 -63.1393 10
      vertex -93.8884 -63.054 10
    endloop
  endfacet
  facet normal -0.300844 0.953673 0
    outer loop
      vertex -94.1588 -63.1393 10
      vertex -93.8884 -63.054 0
      vertex -94.1588 -63.1393 0
    endloop
  endfacet
  facet normal -0.953673 0.300844 0
    outer loop
      vertex -91.946 -61.1116 0
      vertex -91.8607 -60.8412 10
      vertex -91.8607 -60.8412 0
    endloop
  endfacet
  facet normal -0.953673 0.300844 0
    outer loop
      vertex -91.8607 -60.8412 10
      vertex -91.946 -61.1116 0
      vertex -91.946 -61.1116 10
    endloop
  endfacet
  facet normal 0.537492 -0.843269 0
    outer loop
      vertex -96.8641 -57.3378 0
      vertex -96.625 -57.1854 10
      vertex -96.8641 -57.3378 10
    endloop
  endfacet
  facet normal 0.537492 -0.843269 0
    outer loop
      vertex -96.625 -57.1854 10
      vertex -96.8641 -57.3378 0
      vertex -96.625 -57.1854 0
    endloop
  endfacet
  facet normal 0.991448 0.1305 0
    outer loop
      vertex -98.2006 -60.5644 10
      vertex -98.2376 -60.2833 0
      vertex -98.2376 -60.2833 10
    endloop
  endfacet
  facet normal 0.991448 0.1305 0
    outer loop
      vertex -98.2376 -60.2833 0
      vertex -98.2006 -60.5644 10
      vertex -98.2006 -60.5644 0
    endloop
  endfacet
  facet normal -0.675565 -0.737301 0
    outer loop
      vertex -92.9109 -57.5104 0
      vertex -92.7019 -57.7019 10
      vertex -92.9109 -57.5104 10
    endloop
  endfacet
  facet normal -0.675565 -0.737301 -0
    outer loop
      vertex -92.7019 -57.7019 10
      vertex -92.9109 -57.5104 0
      vertex -92.7019 -57.7019 0
    endloop
  endfacet
  facet normal -0.887043 -0.461686 0
    outer loop
      vertex -92.0545 -58.6265 0
      vertex -92.1854 -58.375 10
      vertex -92.1854 -58.375 0
    endloop
  endfacet
  facet normal -0.887043 -0.461686 0
    outer loop
      vertex -92.1854 -58.375 10
      vertex -92.0545 -58.6265 0
      vertex -92.0545 -58.6265 10
    endloop
  endfacet
  facet normal -0.382736 0.923858 0
    outer loop
      vertex -93.6265 -62.9455 0
      vertex -93.8884 -63.054 10
      vertex -93.6265 -62.9455 10
    endloop
  endfacet
  facet normal -0.382736 0.923858 0
    outer loop
      vertex -93.8884 -63.054 10
      vertex -93.6265 -62.9455 0
      vertex -93.8884 -63.054 0
    endloop
  endfacet
  facet normal -0.999043 0.043728 0
    outer loop
      vertex -91.7624 -60.2833 0
      vertex -91.75 -60 10
      vertex -91.75 -60 0
    endloop
  endfacet
  facet normal -0.999043 0.043728 0
    outer loop
      vertex -91.75 -60 10
      vertex -91.7624 -60.2833 0
      vertex -91.7624 -60.2833 10
    endloop
  endfacet
  facet normal -0.737301 0.675565 0
    outer loop
      vertex -92.7019 -62.2981 0
      vertex -92.5104 -62.0891 10
      vertex -92.5104 -62.0891 0
    endloop
  endfacet
  facet normal -0.737301 0.675565 0
    outer loop
      vertex -92.5104 -62.0891 10
      vertex -92.7019 -62.2981 0
      vertex -92.7019 -62.2981 10
    endloop
  endfacet
  facet normal 0.300844 -0.953673 0
    outer loop
      vertex -96.1116 -56.946 0
      vertex -95.8412 -56.8607 10
      vertex -96.1116 -56.946 10
    endloop
  endfacet
  facet normal 0.300844 -0.953673 0
    outer loop
      vertex -95.8412 -56.8607 10
      vertex -96.1116 -56.946 0
      vertex -95.8412 -56.8607 0
    endloop
  endfacet
  facet normal -0.793436 -0.608654 0
    outer loop
      vertex -92.3378 -58.1359 0
      vertex -92.5104 -57.9109 10
      vertex -92.5104 -57.9109 0
    endloop
  endfacet
  facet normal -0.793436 -0.608654 0
    outer loop
      vertex -92.5104 -57.9109 10
      vertex -92.3378 -58.1359 0
      vertex -92.3378 -58.1359 10
    endloop
  endfacet
  facet normal 0.793436 0.608654 0
    outer loop
      vertex -97.4896 -62.0891 10
      vertex -97.6622 -61.8641 0
      vertex -97.6622 -61.8641 10
    endloop
  endfacet
  facet normal 0.793436 0.608654 0
    outer loop
      vertex -97.6622 -61.8641 0
      vertex -97.4896 -62.0891 10
      vertex -97.4896 -62.0891 0
    endloop
  endfacet
  facet normal 0.043728 0.999043 -0
    outer loop
      vertex -95 -63.25 0
      vertex -95.2833 -63.2376 10
      vertex -95 -63.25 10
    endloop
  endfacet
  facet normal 0.043728 0.999043 0
    outer loop
      vertex -95.2833 -63.2376 10
      vertex -95 -63.25 0
      vertex -95.2833 -63.2376 0
    endloop
  endfacet
  facet normal -0.216221 0.976344 0
    outer loop
      vertex -94.1588 -63.1393 0
      vertex -94.4356 -63.2006 10
      vertex -94.1588 -63.1393 10
    endloop
  endfacet
  facet normal -0.216221 0.976344 0
    outer loop
      vertex -94.4356 -63.2006 10
      vertex -94.1588 -63.1393 0
      vertex -94.4356 -63.2006 0
    endloop
  endfacet
  facet normal -0.843269 0.537492 0
    outer loop
      vertex -92.3378 -61.8641 0
      vertex -92.1854 -61.625 10
      vertex -92.1854 -61.625 0
    endloop
  endfacet
  facet normal -0.843269 0.537492 0
    outer loop
      vertex -92.1854 -61.625 10
      vertex -92.3378 -61.8641 0
      vertex -92.3378 -61.8641 10
    endloop
  endfacet
  facet normal -0.043728 0.999043 0
    outer loop
      vertex -94.7167 -63.2376 0
      vertex -95 -63.25 10
      vertex -94.7167 -63.2376 10
    endloop
  endfacet
  facet normal -0.043728 0.999043 0
    outer loop
      vertex -95 -63.25 10
      vertex -94.7167 -63.2376 0
      vertex -95 -63.25 0
    endloop
  endfacet
  facet normal -0.923858 -0.382736 0
    outer loop
      vertex -91.946 -58.8884 0
      vertex -92.0545 -58.6265 10
      vertex -92.0545 -58.6265 0
    endloop
  endfacet
  facet normal -0.923858 -0.382736 0
    outer loop
      vertex -92.0545 -58.6265 10
      vertex -91.946 -58.8884 0
      vertex -91.946 -58.8884 10
    endloop
  endfacet
  facet normal 0.461686 -0.887043 0
    outer loop
      vertex -96.625 -57.1854 0
      vertex -96.3735 -57.0545 10
      vertex -96.625 -57.1854 10
    endloop
  endfacet
  facet normal 0.461686 -0.887043 0
    outer loop
      vertex -96.3735 -57.0545 10
      vertex -96.625 -57.1854 0
      vertex -96.3735 -57.0545 0
    endloop
  endfacet
  facet normal 0.300844 0.953673 -0
    outer loop
      vertex -95.8412 -63.1393 0
      vertex -96.1116 -63.054 10
      vertex -95.8412 -63.1393 10
    endloop
  endfacet
  facet normal 0.300844 0.953673 0
    outer loop
      vertex -96.1116 -63.054 10
      vertex -95.8412 -63.1393 0
      vertex -96.1116 -63.054 0
    endloop
  endfacet
  facet normal -0.043728 -0.999043 0
    outer loop
      vertex -95 -56.75 0
      vertex -94.7167 -56.7624 10
      vertex -95 -56.75 10
    endloop
  endfacet
  facet normal -0.043728 -0.999043 -0
    outer loop
      vertex -94.7167 -56.7624 10
      vertex -95 -56.75 0
      vertex -94.7167 -56.7624 0
    endloop
  endfacet
  facet normal 0.737301 0.675565 0
    outer loop
      vertex -97.2981 -62.2981 10
      vertex -97.4896 -62.0891 0
      vertex -97.4896 -62.0891 10
    endloop
  endfacet
  facet normal 0.737301 0.675565 0
    outer loop
      vertex -97.4896 -62.0891 0
      vertex -97.2981 -62.2981 10
      vertex -97.2981 -62.2981 0
    endloop
  endfacet
  facet normal -0.537492 -0.843269 0
    outer loop
      vertex -93.375 -57.1854 0
      vertex -93.1359 -57.3378 10
      vertex -93.375 -57.1854 10
    endloop
  endfacet
  facet normal -0.537492 -0.843269 -0
    outer loop
      vertex -93.1359 -57.3378 10
      vertex -93.375 -57.1854 0
      vertex -93.1359 -57.3378 0
    endloop
  endfacet
  facet normal -0.461686 0.887043 0
    outer loop
      vertex -93.375 -62.8146 0
      vertex -93.6265 -62.9455 10
      vertex -93.375 -62.8146 10
    endloop
  endfacet
  facet normal -0.461686 0.887043 0
    outer loop
      vertex -93.6265 -62.9455 10
      vertex -93.375 -62.8146 0
      vertex -93.6265 -62.9455 0
    endloop
  endfacet
  facet normal 0.043728 -0.999043 0
    outer loop
      vertex -95.2833 -56.7624 0
      vertex -95 -56.75 10
      vertex -95.2833 -56.7624 10
    endloop
  endfacet
  facet normal 0.043728 -0.999043 0
    outer loop
      vertex -95 -56.75 10
      vertex -95.2833 -56.7624 0
      vertex -95 -56.75 0
    endloop
  endfacet
  facet normal -0.991448 0.1305 0
    outer loop
      vertex -91.7994 -60.5644 0
      vertex -91.7624 -60.2833 10
      vertex -91.7624 -60.2833 0
    endloop
  endfacet
  facet normal -0.991448 0.1305 0
    outer loop
      vertex -91.7624 -60.2833 10
      vertex -91.7994 -60.5644 0
      vertex -91.7994 -60.5644 10
    endloop
  endfacet
  facet normal 0.216221 -0.976344 0
    outer loop
      vertex -95.8412 -56.8607 0
      vertex -95.5644 -56.7994 10
      vertex -95.8412 -56.8607 10
    endloop
  endfacet
  facet normal 0.216221 -0.976344 0
    outer loop
      vertex -95.5644 -56.7994 10
      vertex -95.8412 -56.8607 0
      vertex -95.5644 -56.7994 0
    endloop
  endfacet
  facet normal -0.1305 -0.991448 0
    outer loop
      vertex -94.7167 -56.7624 0
      vertex -94.4356 -56.7994 10
      vertex -94.7167 -56.7624 10
    endloop
  endfacet
  facet normal -0.1305 -0.991448 -0
    outer loop
      vertex -94.4356 -56.7994 10
      vertex -94.7167 -56.7624 0
      vertex -94.4356 -56.7994 0
    endloop
  endfacet
  facet normal -0.300844 -0.953673 0
    outer loop
      vertex -94.1588 -56.8607 0
      vertex -93.8884 -56.946 10
      vertex -94.1588 -56.8607 10
    endloop
  endfacet
  facet normal -0.300844 -0.953673 -0
    outer loop
      vertex -93.8884 -56.946 10
      vertex -94.1588 -56.8607 0
      vertex -93.8884 -56.946 0
    endloop
  endfacet
  facet normal 0.843269 0.537492 0
    outer loop
      vertex -97.6622 -61.8641 10
      vertex -97.8146 -61.625 0
      vertex -97.8146 -61.625 10
    endloop
  endfacet
  facet normal 0.843269 0.537492 0
    outer loop
      vertex -97.8146 -61.625 0
      vertex -97.6622 -61.8641 10
      vertex -97.6622 -61.8641 0
    endloop
  endfacet
  facet normal 0.793436 -0.608654 0
    outer loop
      vertex -97.6622 -58.1359 10
      vertex -97.4896 -57.9109 0
      vertex -97.4896 -57.9109 10
    endloop
  endfacet
  facet normal 0.793436 -0.608654 0
    outer loop
      vertex -97.4896 -57.9109 0
      vertex -97.6622 -58.1359 10
      vertex -97.6622 -58.1359 0
    endloop
  endfacet
  facet normal 0.1305 0.991448 -0
    outer loop
      vertex -95.2833 -63.2376 0
      vertex -95.5644 -63.2006 10
      vertex -95.2833 -63.2376 10
    endloop
  endfacet
  facet normal 0.1305 0.991448 0
    outer loop
      vertex -95.5644 -63.2006 10
      vertex -95.2833 -63.2376 0
      vertex -95.5644 -63.2006 0
    endloop
  endfacet
  facet normal 0.608654 -0.793436 0
    outer loop
      vertex -97.0891 -57.5104 0
      vertex -96.8641 -57.3378 10
      vertex -97.0891 -57.5104 10
    endloop
  endfacet
  facet normal 0.608654 -0.793436 0
    outer loop
      vertex -96.8641 -57.3378 10
      vertex -97.0891 -57.5104 0
      vertex -96.8641 -57.3378 0
    endloop
  endfacet
  facet normal -0.843269 -0.537492 0
    outer loop
      vertex -92.1854 -58.375 0
      vertex -92.3378 -58.1359 10
      vertex -92.3378 -58.1359 0
    endloop
  endfacet
  facet normal -0.843269 -0.537492 0
    outer loop
      vertex -92.3378 -58.1359 10
      vertex -92.1854 -58.375 0
      vertex -92.1854 -58.375 10
    endloop
  endfacet
  facet normal -0.793436 0.608654 0
    outer loop
      vertex -92.5104 -62.0891 0
      vertex -92.3378 -61.8641 10
      vertex -92.3378 -61.8641 0
    endloop
  endfacet
  facet normal -0.793436 0.608654 0
    outer loop
      vertex -92.3378 -61.8641 10
      vertex -92.5104 -62.0891 0
      vertex -92.5104 -62.0891 10
    endloop
  endfacet
  facet normal -0.216221 -0.976344 0
    outer loop
      vertex -94.4356 -56.7994 0
      vertex -94.1588 -56.8607 10
      vertex -94.4356 -56.7994 10
    endloop
  endfacet
  facet normal -0.216221 -0.976344 -0
    outer loop
      vertex -94.1588 -56.8607 10
      vertex -94.4356 -56.7994 0
      vertex -94.1588 -56.8607 0
    endloop
  endfacet
  facet normal 0.675565 -0.737301 0
    outer loop
      vertex -97.2981 -57.7019 0
      vertex -97.0891 -57.5104 10
      vertex -97.2981 -57.7019 10
    endloop
  endfacet
  facet normal 0.675565 -0.737301 0
    outer loop
      vertex -97.0891 -57.5104 10
      vertex -97.2981 -57.7019 0
      vertex -97.0891 -57.5104 0
    endloop
  endfacet
  facet normal -0.1305 0.991448 0
    outer loop
      vertex -94.4356 -63.2006 0
      vertex -94.7167 -63.2376 10
      vertex -94.4356 -63.2006 10
    endloop
  endfacet
  facet normal -0.1305 0.991448 0
    outer loop
      vertex -94.7167 -63.2376 10
      vertex -94.4356 -63.2006 0
      vertex -94.7167 -63.2376 0
    endloop
  endfacet
  facet normal 0.976344 0.216221 0
    outer loop
      vertex -98.1393 -60.8412 10
      vertex -98.2006 -60.5644 0
      vertex -98.2006 -60.5644 10
    endloop
  endfacet
  facet normal 0.976344 0.216221 0
    outer loop
      vertex -98.2006 -60.5644 0
      vertex -98.1393 -60.8412 10
      vertex -98.1393 -60.8412 0
    endloop
  endfacet
  facet normal -0.537492 0.843269 0
    outer loop
      vertex -93.1359 -62.6622 0
      vertex -93.375 -62.8146 10
      vertex -93.1359 -62.6622 10
    endloop
  endfacet
  facet normal -0.537492 0.843269 0
    outer loop
      vertex -93.375 -62.8146 10
      vertex -93.1359 -62.6622 0
      vertex -93.375 -62.8146 0
    endloop
  endfacet
  facet normal -0.737301 -0.675565 0
    outer loop
      vertex -92.5104 -57.9109 0
      vertex -92.7019 -57.7019 10
      vertex -92.7019 -57.7019 0
    endloop
  endfacet
  facet normal -0.737301 -0.675565 0
    outer loop
      vertex -92.7019 -57.7019 10
      vertex -92.5104 -57.9109 0
      vertex -92.5104 -57.9109 10
    endloop
  endfacet
  facet normal 0.382736 -0.923858 0
    outer loop
      vertex -96.3735 -57.0545 0
      vertex -96.1116 -56.946 10
      vertex -96.3735 -57.0545 10
    endloop
  endfacet
  facet normal 0.382736 -0.923858 0
    outer loop
      vertex -96.1116 -56.946 10
      vertex -96.3735 -57.0545 0
      vertex -96.1116 -56.946 0
    endloop
  endfacet
  facet normal 0.1305 -0.991448 0
    outer loop
      vertex -95.5644 -56.7994 0
      vertex -95.2833 -56.7624 10
      vertex -95.5644 -56.7994 10
    endloop
  endfacet
  facet normal 0.1305 -0.991448 0
    outer loop
      vertex -95.2833 -56.7624 10
      vertex -95.5644 -56.7994 0
      vertex -95.2833 -56.7624 0
    endloop
  endfacet
  facet normal -0.923858 0.382736 0
    outer loop
      vertex -92.0545 -61.3735 0
      vertex -91.946 -61.1116 10
      vertex -91.946 -61.1116 0
    endloop
  endfacet
  facet normal -0.923858 0.382736 0
    outer loop
      vertex -91.946 -61.1116 10
      vertex -92.0545 -61.3735 0
      vertex -92.0545 -61.3735 10
    endloop
  endfacet
  facet normal 0.999043 0.043728 0
    outer loop
      vertex -98.2376 -60.2833 10
      vertex -98.25 -60 0
      vertex -98.25 -60 10
    endloop
  endfacet
  facet normal 0.999043 0.043728 0
    outer loop
      vertex -98.25 -60 0
      vertex -98.2376 -60.2833 10
      vertex -98.2376 -60.2833 0
    endloop
  endfacet
  facet normal 0.976344 -0.216221 0
    outer loop
      vertex -98.2006 -59.4356 10
      vertex -98.1393 -59.1588 0
      vertex -98.1393 -59.1588 10
    endloop
  endfacet
  facet normal 0.976344 -0.216221 0
    outer loop
      vertex -98.1393 -59.1588 0
      vertex -98.2006 -59.4356 10
      vertex -98.2006 -59.4356 0
    endloop
  endfacet
  facet normal 0.953673 -0.300844 0
    outer loop
      vertex -98.1393 -59.1588 10
      vertex -98.054 -58.8884 0
      vertex -98.054 -58.8884 10
    endloop
  endfacet
  facet normal 0.953673 -0.300844 0
    outer loop
      vertex -98.054 -58.8884 0
      vertex -98.1393 -59.1588 10
      vertex -98.1393 -59.1588 0
    endloop
  endfacet
  facet normal -0.608654 0.793436 0
    outer loop
      vertex -92.9109 -62.4896 0
      vertex -93.1359 -62.6622 10
      vertex -92.9109 -62.4896 10
    endloop
  endfacet
  facet normal -0.608654 0.793436 0
    outer loop
      vertex -93.1359 -62.6622 10
      vertex -92.9109 -62.4896 0
      vertex -93.1359 -62.6622 0
    endloop
  endfacet
  facet normal 0.608654 0.793436 -0
    outer loop
      vertex -96.8641 -62.6622 0
      vertex -97.0891 -62.4896 10
      vertex -96.8641 -62.6622 10
    endloop
  endfacet
  facet normal 0.608654 0.793436 0
    outer loop
      vertex -97.0891 -62.4896 10
      vertex -96.8641 -62.6622 0
      vertex -97.0891 -62.4896 0
    endloop
  endfacet
  facet normal 0.675565 0.737301 -0
    outer loop
      vertex -97.0891 -62.4896 0
      vertex -97.2981 -62.2981 10
      vertex -97.0891 -62.4896 10
    endloop
  endfacet
  facet normal 0.675565 0.737301 0
    outer loop
      vertex -97.2981 -62.2981 10
      vertex -97.0891 -62.4896 0
      vertex -97.2981 -62.2981 0
    endloop
  endfacet
  facet normal 0.537492 0.843269 -0
    outer loop
      vertex -96.625 -62.8146 0
      vertex -96.8641 -62.6622 10
      vertex -96.625 -62.8146 10
    endloop
  endfacet
  facet normal 0.537492 0.843269 0
    outer loop
      vertex -96.8641 -62.6622 10
      vertex -96.625 -62.8146 0
      vertex -96.8641 -62.6622 0
    endloop
  endfacet
  facet normal 0.216221 0.976344 -0
    outer loop
      vertex -95.5644 -63.2006 0
      vertex -95.8412 -63.1393 10
      vertex -95.5644 -63.2006 10
    endloop
  endfacet
  facet normal 0.216221 0.976344 0
    outer loop
      vertex -95.8412 -63.1393 10
      vertex -95.5644 -63.2006 0
      vertex -95.8412 -63.1393 0
    endloop
  endfacet
  facet normal 0.991448 -0.1305 0
    outer loop
      vertex -98.2376 -59.7167 10
      vertex -98.2006 -59.4356 0
      vertex -98.2006 -59.4356 10
    endloop
  endfacet
  facet normal 0.991448 -0.1305 0
    outer loop
      vertex -98.2006 -59.4356 0
      vertex -98.2376 -59.7167 10
      vertex -98.2376 -59.7167 0
    endloop
  endfacet
  facet normal 0.999043 -0.043728 0
    outer loop
      vertex -98.25 -60 10
      vertex -98.2376 -59.7167 0
      vertex -98.2376 -59.7167 10
    endloop
  endfacet
  facet normal 0.999043 -0.043728 0
    outer loop
      vertex -98.2376 -59.7167 0
      vertex -98.25 -60 10
      vertex -98.25 -60 0
    endloop
  endfacet
  facet normal 0.887043 -0.461686 0
    outer loop
      vertex -97.9455 -58.6265 10
      vertex -97.8146 -58.375 0
      vertex -97.8146 -58.375 10
    endloop
  endfacet
  facet normal 0.887043 -0.461686 0
    outer loop
      vertex -97.8146 -58.375 0
      vertex -97.9455 -58.6265 10
      vertex -97.9455 -58.6265 0
    endloop
  endfacet
  facet normal 0.887043 0.461686 0
    outer loop
      vertex -97.8146 -61.625 10
      vertex -97.9455 -61.3735 0
      vertex -97.9455 -61.3735 10
    endloop
  endfacet
  facet normal 0.887043 0.461686 0
    outer loop
      vertex -97.9455 -61.3735 0
      vertex -97.8146 -61.625 10
      vertex -97.8146 -61.625 0
    endloop
  endfacet
  facet normal 0.461686 0.887043 -0
    outer loop
      vertex -96.3735 -62.9455 0
      vertex -96.625 -62.8146 10
      vertex -96.3735 -62.9455 10
    endloop
  endfacet
  facet normal 0.461686 0.887043 0
    outer loop
      vertex -96.625 -62.8146 10
      vertex -96.3735 -62.9455 0
      vertex -96.625 -62.8146 0
    endloop
  endfacet
  facet normal 0.923858 0.382736 0
    outer loop
      vertex -97.9455 -61.3735 10
      vertex -98.054 -61.1116 0
      vertex -98.054 -61.1116 10
    endloop
  endfacet
  facet normal 0.923858 0.382736 0
    outer loop
      vertex -98.054 -61.1116 0
      vertex -97.9455 -61.3735 10
      vertex -97.9455 -61.3735 0
    endloop
  endfacet
  facet normal 0.382736 0.923858 -0
    outer loop
      vertex -96.1116 -63.054 0
      vertex -96.3735 -62.9455 10
      vertex -96.1116 -63.054 10
    endloop
  endfacet
  facet normal 0.382736 0.923858 0
    outer loop
      vertex -96.3735 -62.9455 10
      vertex -96.1116 -63.054 0
      vertex -96.3735 -62.9455 0
    endloop
  endfacet
  facet normal 0.793436 0.608654 0
    outer loop
      vertex -97.4896 57.9109 10
      vertex -97.6622 58.1359 0
      vertex -97.6622 58.1359 10
    endloop
  endfacet
  facet normal 0.793436 0.608654 0
    outer loop
      vertex -97.6622 58.1359 0
      vertex -97.4896 57.9109 10
      vertex -97.4896 57.9109 0
    endloop
  endfacet
  facet normal -0.991448 -0.1305 0
    outer loop
      vertex -91.7624 60.2833 0
      vertex -91.7994 60.5644 10
      vertex -91.7994 60.5644 0
    endloop
  endfacet
  facet normal -0.991448 -0.1305 0
    outer loop
      vertex -91.7994 60.5644 10
      vertex -91.7624 60.2833 0
      vertex -91.7624 60.2833 10
    endloop
  endfacet
  facet normal -0.999043 -0.043728 0
    outer loop
      vertex -91.75 60 0
      vertex -91.7624 60.2833 10
      vertex -91.7624 60.2833 0
    endloop
  endfacet
  facet normal -0.999043 -0.043728 0
    outer loop
      vertex -91.7624 60.2833 10
      vertex -91.75 60 0
      vertex -91.75 60 10
    endloop
  endfacet
  facet normal -0.976344 -0.216221 0
    outer loop
      vertex -91.7994 60.5644 0
      vertex -91.8607 60.8412 10
      vertex -91.8607 60.8412 0
    endloop
  endfacet
  facet normal -0.976344 -0.216221 0
    outer loop
      vertex -91.8607 60.8412 10
      vertex -91.7994 60.5644 0
      vertex -91.7994 60.5644 10
    endloop
  endfacet
  facet normal -0.461686 0.887043 0
    outer loop
      vertex -93.375 57.1854 0
      vertex -93.6265 57.0545 10
      vertex -93.375 57.1854 10
    endloop
  endfacet
  facet normal -0.461686 0.887043 0
    outer loop
      vertex -93.6265 57.0545 10
      vertex -93.375 57.1854 0
      vertex -93.6265 57.0545 0
    endloop
  endfacet
  facet normal -0.953673 -0.300844 0
    outer loop
      vertex -91.8607 60.8412 0
      vertex -91.946 61.1116 10
      vertex -91.946 61.1116 0
    endloop
  endfacet
  facet normal -0.953673 -0.300844 0
    outer loop
      vertex -91.946 61.1116 10
      vertex -91.8607 60.8412 0
      vertex -91.8607 60.8412 10
    endloop
  endfacet
  facet normal 0.991448 0.1305 0
    outer loop
      vertex -98.2006 59.4356 10
      vertex -98.2376 59.7167 0
      vertex -98.2376 59.7167 10
    endloop
  endfacet
  facet normal 0.991448 0.1305 0
    outer loop
      vertex -98.2376 59.7167 0
      vertex -98.2006 59.4356 10
      vertex -98.2006 59.4356 0
    endloop
  endfacet
  facet normal -0.843269 0.537492 0
    outer loop
      vertex -92.3378 58.1359 0
      vertex -92.1854 58.375 10
      vertex -92.1854 58.375 0
    endloop
  endfacet
  facet normal -0.843269 0.537492 0
    outer loop
      vertex -92.1854 58.375 10
      vertex -92.3378 58.1359 0
      vertex -92.3378 58.1359 10
    endloop
  endfacet
  facet normal 0.1305 0.991448 -0
    outer loop
      vertex -95.2833 56.7624 0
      vertex -95.5644 56.7994 10
      vertex -95.2833 56.7624 10
    endloop
  endfacet
  facet normal 0.1305 0.991448 0
    outer loop
      vertex -95.5644 56.7994 10
      vertex -95.2833 56.7624 0
      vertex -95.5644 56.7994 0
    endloop
  endfacet
  facet normal -0.461686 -0.887043 0
    outer loop
      vertex -93.6265 62.9455 0
      vertex -93.375 62.8146 10
      vertex -93.6265 62.9455 10
    endloop
  endfacet
  facet normal -0.461686 -0.887043 -0
    outer loop
      vertex -93.375 62.8146 10
      vertex -93.6265 62.9455 0
      vertex -93.375 62.8146 0
    endloop
  endfacet
  facet normal 0.608654 0.793436 -0
    outer loop
      vertex -96.8641 57.3378 0
      vertex -97.0891 57.5104 10
      vertex -96.8641 57.3378 10
    endloop
  endfacet
  facet normal 0.608654 0.793436 0
    outer loop
      vertex -97.0891 57.5104 10
      vertex -96.8641 57.3378 0
      vertex -97.0891 57.5104 0
    endloop
  endfacet
  facet normal -0.991448 0.1305 0
    outer loop
      vertex -91.7994 59.4356 0
      vertex -91.7624 59.7167 10
      vertex -91.7624 59.7167 0
    endloop
  endfacet
  facet normal -0.991448 0.1305 0
    outer loop
      vertex -91.7624 59.7167 10
      vertex -91.7994 59.4356 0
      vertex -91.7994 59.4356 10
    endloop
  endfacet
  facet normal -0.608654 -0.793436 0
    outer loop
      vertex -93.1359 62.6622 0
      vertex -92.9109 62.4896 10
      vertex -93.1359 62.6622 10
    endloop
  endfacet
  facet normal -0.608654 -0.793436 -0
    outer loop
      vertex -92.9109 62.4896 10
      vertex -93.1359 62.6622 0
      vertex -92.9109 62.4896 0
    endloop
  endfacet
  facet normal -0.953673 0.300844 0
    outer loop
      vertex -91.946 58.8884 0
      vertex -91.8607 59.1588 10
      vertex -91.8607 59.1588 0
    endloop
  endfacet
  facet normal -0.953673 0.300844 0
    outer loop
      vertex -91.8607 59.1588 10
      vertex -91.946 58.8884 0
      vertex -91.946 58.8884 10
    endloop
  endfacet
  facet normal -0.887043 0.461686 0
    outer loop
      vertex -92.1854 58.375 0
      vertex -92.0545 58.6265 10
      vertex -92.0545 58.6265 0
    endloop
  endfacet
  facet normal -0.887043 0.461686 0
    outer loop
      vertex -92.0545 58.6265 10
      vertex -92.1854 58.375 0
      vertex -92.1854 58.375 10
    endloop
  endfacet
  facet normal 0.976344 0.216221 0
    outer loop
      vertex -98.1393 59.1588 10
      vertex -98.2006 59.4356 0
      vertex -98.2006 59.4356 10
    endloop
  endfacet
  facet normal 0.976344 0.216221 0
    outer loop
      vertex -98.2006 59.4356 0
      vertex -98.1393 59.1588 10
      vertex -98.1393 59.1588 0
    endloop
  endfacet
  facet normal -0.537492 0.843269 0
    outer loop
      vertex -93.1359 57.3378 0
      vertex -93.375 57.1854 10
      vertex -93.1359 57.3378 10
    endloop
  endfacet
  facet normal -0.537492 0.843269 0
    outer loop
      vertex -93.375 57.1854 10
      vertex -93.1359 57.3378 0
      vertex -93.375 57.1854 0
    endloop
  endfacet
  facet normal 0.382736 -0.923858 0
    outer loop
      vertex -96.3735 62.9455 0
      vertex -96.1116 63.054 10
      vertex -96.3735 62.9455 10
    endloop
  endfacet
  facet normal 0.382736 -0.923858 0
    outer loop
      vertex -96.1116 63.054 10
      vertex -96.3735 62.9455 0
      vertex -96.1116 63.054 0
    endloop
  endfacet
  facet normal -0.843269 -0.537492 0
    outer loop
      vertex -92.1854 61.625 0
      vertex -92.3378 61.8641 10
      vertex -92.3378 61.8641 0
    endloop
  endfacet
  facet normal -0.843269 -0.537492 0
    outer loop
      vertex -92.3378 61.8641 10
      vertex -92.1854 61.625 0
      vertex -92.1854 61.625 10
    endloop
  endfacet
  facet normal -0.675565 -0.737301 0
    outer loop
      vertex -92.9109 62.4896 0
      vertex -92.7019 62.2981 10
      vertex -92.9109 62.4896 10
    endloop
  endfacet
  facet normal -0.675565 -0.737301 -0
    outer loop
      vertex -92.7019 62.2981 10
      vertex -92.9109 62.4896 0
      vertex -92.7019 62.2981 0
    endloop
  endfacet
  facet normal 0.675565 -0.737301 0
    outer loop
      vertex -97.2981 62.2981 0
      vertex -97.0891 62.4896 10
      vertex -97.2981 62.2981 10
    endloop
  endfacet
  facet normal 0.675565 -0.737301 0
    outer loop
      vertex -97.0891 62.4896 10
      vertex -97.2981 62.2981 0
      vertex -97.0891 62.4896 0
    endloop
  endfacet
  facet normal 0.793436 -0.608654 0
    outer loop
      vertex -97.6622 61.8641 10
      vertex -97.4896 62.0891 0
      vertex -97.4896 62.0891 10
    endloop
  endfacet
  facet normal 0.793436 -0.608654 0
    outer loop
      vertex -97.4896 62.0891 0
      vertex -97.6622 61.8641 10
      vertex -97.6622 61.8641 0
    endloop
  endfacet
  facet normal 0.843269 0.537492 0
    outer loop
      vertex -97.6622 58.1359 10
      vertex -97.8146 58.375 0
      vertex -97.8146 58.375 10
    endloop
  endfacet
  facet normal 0.843269 0.537492 0
    outer loop
      vertex -97.8146 58.375 0
      vertex -97.6622 58.1359 10
      vertex -97.6622 58.1359 0
    endloop
  endfacet
  facet normal -0.923858 0.382736 0
    outer loop
      vertex -92.0545 58.6265 0
      vertex -91.946 58.8884 10
      vertex -91.946 58.8884 0
    endloop
  endfacet
  facet normal -0.923858 0.382736 0
    outer loop
      vertex -91.946 58.8884 10
      vertex -92.0545 58.6265 0
      vertex -92.0545 58.6265 10
    endloop
  endfacet
  facet normal 0.608654 -0.793436 0
    outer loop
      vertex -97.0891 62.4896 0
      vertex -96.8641 62.6622 10
      vertex -97.0891 62.4896 10
    endloop
  endfacet
  facet normal 0.608654 -0.793436 0
    outer loop
      vertex -96.8641 62.6622 10
      vertex -97.0891 62.4896 0
      vertex -96.8641 62.6622 0
    endloop
  endfacet
  facet normal -0.537492 -0.843269 0
    outer loop
      vertex -93.375 62.8146 0
      vertex -93.1359 62.6622 10
      vertex -93.375 62.8146 10
    endloop
  endfacet
  facet normal -0.537492 -0.843269 -0
    outer loop
      vertex -93.1359 62.6622 10
      vertex -93.375 62.8146 0
      vertex -93.1359 62.6622 0
    endloop
  endfacet
  facet normal -0.999043 0.043728 0
    outer loop
      vertex -91.7624 59.7167 0
      vertex -91.75 60 10
      vertex -91.75 60 0
    endloop
  endfacet
  facet normal -0.999043 0.043728 0
    outer loop
      vertex -91.75 60 10
      vertex -91.7624 59.7167 0
      vertex -91.7624 59.7167 10
    endloop
  endfacet
  facet normal 0.300844 -0.953673 0
    outer loop
      vertex -96.1116 63.054 0
      vertex -95.8412 63.1393 10
      vertex -96.1116 63.054 10
    endloop
  endfacet
  facet normal 0.300844 -0.953673 0
    outer loop
      vertex -95.8412 63.1393 10
      vertex -96.1116 63.054 0
      vertex -95.8412 63.1393 0
    endloop
  endfacet
  facet normal -0.382736 0.923858 0
    outer loop
      vertex -93.6265 57.0545 0
      vertex -93.8884 56.946 10
      vertex -93.6265 57.0545 10
    endloop
  endfacet
  facet normal -0.382736 0.923858 0
    outer loop
      vertex -93.8884 56.946 10
      vertex -93.6265 57.0545 0
      vertex -93.8884 56.946 0
    endloop
  endfacet
  facet normal -0.300844 0.953673 0
    outer loop
      vertex -93.8884 56.946 0
      vertex -94.1588 56.8607 10
      vertex -93.8884 56.946 10
    endloop
  endfacet
  facet normal -0.300844 0.953673 0
    outer loop
      vertex -94.1588 56.8607 10
      vertex -93.8884 56.946 0
      vertex -94.1588 56.8607 0
    endloop
  endfacet
  facet normal -0.043728 0.999043 0
    outer loop
      vertex -94.7167 56.7624 0
      vertex -95 56.75 10
      vertex -94.7167 56.7624 10
    endloop
  endfacet
  facet normal -0.043728 0.999043 0
    outer loop
      vertex -95 56.75 10
      vertex -94.7167 56.7624 0
      vertex -95 56.75 0
    endloop
  endfacet
  facet normal -0.923858 -0.382736 0
    outer loop
      vertex -91.946 61.1116 0
      vertex -92.0545 61.3735 10
      vertex -92.0545 61.3735 0
    endloop
  endfacet
  facet normal -0.923858 -0.382736 0
    outer loop
      vertex -92.0545 61.3735 10
      vertex -91.946 61.1116 0
      vertex -91.946 61.1116 10
    endloop
  endfacet
  facet normal -0.216221 0.976344 0
    outer loop
      vertex -94.1588 56.8607 0
      vertex -94.4356 56.7994 10
      vertex -94.1588 56.8607 10
    endloop
  endfacet
  facet normal -0.216221 0.976344 0
    outer loop
      vertex -94.4356 56.7994 10
      vertex -94.1588 56.8607 0
      vertex -94.4356 56.7994 0
    endloop
  endfacet
  facet normal 0.216221 0.976344 -0
    outer loop
      vertex -95.5644 56.7994 0
      vertex -95.8412 56.8607 10
      vertex -95.5644 56.7994 10
    endloop
  endfacet
  facet normal 0.216221 0.976344 0
    outer loop
      vertex -95.8412 56.8607 10
      vertex -95.5644 56.7994 0
      vertex -95.8412 56.8607 0
    endloop
  endfacet
  facet normal -0.300844 -0.953673 0
    outer loop
      vertex -94.1588 63.1393 0
      vertex -93.8884 63.054 10
      vertex -94.1588 63.1393 10
    endloop
  endfacet
  facet normal -0.300844 -0.953673 -0
    outer loop
      vertex -93.8884 63.054 10
      vertex -94.1588 63.1393 0
      vertex -93.8884 63.054 0
    endloop
  endfacet
  facet normal 0.737301 0.675565 0
    outer loop
      vertex -97.2981 57.7019 10
      vertex -97.4896 57.9109 0
      vertex -97.4896 57.9109 10
    endloop
  endfacet
  facet normal 0.737301 0.675565 0
    outer loop
      vertex -97.4896 57.9109 0
      vertex -97.2981 57.7019 10
      vertex -97.2981 57.7019 0
    endloop
  endfacet
  facet normal -0.1305 -0.991448 0
    outer loop
      vertex -94.7167 63.2376 0
      vertex -94.4356 63.2006 10
      vertex -94.7167 63.2376 10
    endloop
  endfacet
  facet normal -0.1305 -0.991448 -0
    outer loop
      vertex -94.4356 63.2006 10
      vertex -94.7167 63.2376 0
      vertex -94.4356 63.2006 0
    endloop
  endfacet
  facet normal -0.737301 -0.675565 0
    outer loop
      vertex -92.5104 62.0891 0
      vertex -92.7019 62.2981 10
      vertex -92.7019 62.2981 0
    endloop
  endfacet
  facet normal -0.737301 -0.675565 0
    outer loop
      vertex -92.7019 62.2981 10
      vertex -92.5104 62.0891 0
      vertex -92.5104 62.0891 10
    endloop
  endfacet
  facet normal 0.675565 0.737301 -0
    outer loop
      vertex -97.0891 57.5104 0
      vertex -97.2981 57.7019 10
      vertex -97.0891 57.5104 10
    endloop
  endfacet
  facet normal 0.675565 0.737301 0
    outer loop
      vertex -97.2981 57.7019 10
      vertex -97.0891 57.5104 0
      vertex -97.2981 57.7019 0
    endloop
  endfacet
  facet normal -0.793436 -0.608654 0
    outer loop
      vertex -92.3378 61.8641 0
      vertex -92.5104 62.0891 10
      vertex -92.5104 62.0891 0
    endloop
  endfacet
  facet normal -0.793436 -0.608654 0
    outer loop
      vertex -92.5104 62.0891 10
      vertex -92.3378 61.8641 0
      vertex -92.3378 61.8641 10
    endloop
  endfacet
  facet normal -0.793436 0.608654 0
    outer loop
      vertex -92.5104 57.9109 0
      vertex -92.3378 58.1359 10
      vertex -92.3378 58.1359 0
    endloop
  endfacet
  facet normal -0.793436 0.608654 0
    outer loop
      vertex -92.3378 58.1359 10
      vertex -92.5104 57.9109 0
      vertex -92.5104 57.9109 10
    endloop
  endfacet
  facet normal -0.976344 0.216221 0
    outer loop
      vertex -91.8607 59.1588 0
      vertex -91.7994 59.4356 10
      vertex -91.7994 59.4356 0
    endloop
  endfacet
  facet normal -0.976344 0.216221 0
    outer loop
      vertex -91.7994 59.4356 10
      vertex -91.8607 59.1588 0
      vertex -91.8607 59.1588 10
    endloop
  endfacet
  facet normal -0.1305 0.991448 0
    outer loop
      vertex -94.4356 56.7994 0
      vertex -94.7167 56.7624 10
      vertex -94.4356 56.7994 10
    endloop
  endfacet
  facet normal -0.1305 0.991448 0
    outer loop
      vertex -94.7167 56.7624 10
      vertex -94.4356 56.7994 0
      vertex -94.7167 56.7624 0
    endloop
  endfacet
  facet normal 0.043728 0.999043 -0
    outer loop
      vertex -95 56.75 0
      vertex -95.2833 56.7624 10
      vertex -95 56.75 10
    endloop
  endfacet
  facet normal 0.043728 0.999043 0
    outer loop
      vertex -95.2833 56.7624 10
      vertex -95 56.75 0
      vertex -95.2833 56.7624 0
    endloop
  endfacet
  facet normal -0.887043 -0.461686 0
    outer loop
      vertex -92.0545 61.3735 0
      vertex -92.1854 61.625 10
      vertex -92.1854 61.625 0
    endloop
  endfacet
  facet normal -0.887043 -0.461686 0
    outer loop
      vertex -92.1854 61.625 10
      vertex -92.0545 61.3735 0
      vertex -92.0545 61.3735 10
    endloop
  endfacet
  facet normal 0.216221 -0.976344 0
    outer loop
      vertex -95.8412 63.1393 0
      vertex -95.5644 63.2006 10
      vertex -95.8412 63.1393 10
    endloop
  endfacet
  facet normal 0.216221 -0.976344 0
    outer loop
      vertex -95.5644 63.2006 10
      vertex -95.8412 63.1393 0
      vertex -95.5644 63.2006 0
    endloop
  endfacet
  facet normal 0.537492 -0.843269 0
    outer loop
      vertex -96.8641 62.6622 0
      vertex -96.625 62.8146 10
      vertex -96.8641 62.6622 10
    endloop
  endfacet
  facet normal 0.537492 -0.843269 0
    outer loop
      vertex -96.625 62.8146 10
      vertex -96.8641 62.6622 0
      vertex -96.625 62.8146 0
    endloop
  endfacet
  facet normal 0.953673 0.300844 0
    outer loop
      vertex -98.054 58.8884 10
      vertex -98.1393 59.1588 0
      vertex -98.1393 59.1588 10
    endloop
  endfacet
  facet normal 0.953673 0.300844 0
    outer loop
      vertex -98.1393 59.1588 0
      vertex -98.054 58.8884 10
      vertex -98.054 58.8884 0
    endloop
  endfacet
  facet normal -0.043728 -0.999043 0
    outer loop
      vertex -95 63.25 0
      vertex -94.7167 63.2376 10
      vertex -95 63.25 10
    endloop
  endfacet
  facet normal -0.043728 -0.999043 -0
    outer loop
      vertex -94.7167 63.2376 10
      vertex -95 63.25 0
      vertex -94.7167 63.2376 0
    endloop
  endfacet
  facet normal 0.887043 0.461686 0
    outer loop
      vertex -97.8146 58.375 10
      vertex -97.9455 58.6265 0
      vertex -97.9455 58.6265 10
    endloop
  endfacet
  facet normal 0.887043 0.461686 0
    outer loop
      vertex -97.9455 58.6265 0
      vertex -97.8146 58.375 10
      vertex -97.8146 58.375 0
    endloop
  endfacet
  facet normal 0.043728 -0.999043 0
    outer loop
      vertex -95.2833 63.2376 0
      vertex -95 63.25 10
      vertex -95.2833 63.2376 10
    endloop
  endfacet
  facet normal 0.043728 -0.999043 0
    outer loop
      vertex -95 63.25 10
      vertex -95.2833 63.2376 0
      vertex -95 63.25 0
    endloop
  endfacet
  facet normal 0.737301 -0.675565 0
    outer loop
      vertex -97.4896 62.0891 10
      vertex -97.2981 62.2981 0
      vertex -97.2981 62.2981 10
    endloop
  endfacet
  facet normal 0.737301 -0.675565 0
    outer loop
      vertex -97.2981 62.2981 0
      vertex -97.4896 62.0891 10
      vertex -97.4896 62.0891 0
    endloop
  endfacet
  facet normal 0.999043 0.043728 0
    outer loop
      vertex -98.2376 59.7167 10
      vertex -98.25 60 0
      vertex -98.25 60 10
    endloop
  endfacet
  facet normal 0.999043 0.043728 0
    outer loop
      vertex -98.25 60 0
      vertex -98.2376 59.7167 10
      vertex -98.2376 59.7167 0
    endloop
  endfacet
  facet normal 0.1305 -0.991448 0
    outer loop
      vertex -95.5644 63.2006 0
      vertex -95.2833 63.2376 10
      vertex -95.5644 63.2006 10
    endloop
  endfacet
  facet normal 0.1305 -0.991448 0
    outer loop
      vertex -95.2833 63.2376 10
      vertex -95.5644 63.2006 0
      vertex -95.2833 63.2376 0
    endloop
  endfacet
  facet normal 0.537492 0.843269 -0
    outer loop
      vertex -96.625 57.1854 0
      vertex -96.8641 57.3378 10
      vertex -96.625 57.1854 10
    endloop
  endfacet
  facet normal 0.537492 0.843269 0
    outer loop
      vertex -96.8641 57.3378 10
      vertex -96.625 57.1854 0
      vertex -96.8641 57.3378 0
    endloop
  endfacet
  facet normal 0.976344 -0.216221 0
    outer loop
      vertex -98.2006 60.5644 10
      vertex -98.1393 60.8412 0
      vertex -98.1393 60.8412 10
    endloop
  endfacet
  facet normal 0.976344 -0.216221 0
    outer loop
      vertex -98.1393 60.8412 0
      vertex -98.2006 60.5644 10
      vertex -98.2006 60.5644 0
    endloop
  endfacet
  facet normal 0.953673 -0.300844 0
    outer loop
      vertex -98.1393 60.8412 10
      vertex -98.054 61.1116 0
      vertex -98.054 61.1116 10
    endloop
  endfacet
  facet normal 0.953673 -0.300844 0
    outer loop
      vertex -98.054 61.1116 0
      vertex -98.1393 60.8412 10
      vertex -98.1393 60.8412 0
    endloop
  endfacet
  facet normal -0.382736 -0.923858 0
    outer loop
      vertex -93.8884 63.054 0
      vertex -93.6265 62.9455 10
      vertex -93.8884 63.054 10
    endloop
  endfacet
  facet normal -0.382736 -0.923858 -0
    outer loop
      vertex -93.6265 62.9455 10
      vertex -93.8884 63.054 0
      vertex -93.6265 62.9455 0
    endloop
  endfacet
  facet normal -0.675565 0.737301 0
    outer loop
      vertex -92.7019 57.7019 0
      vertex -92.9109 57.5104 10
      vertex -92.7019 57.7019 10
    endloop
  endfacet
  facet normal -0.675565 0.737301 0
    outer loop
      vertex -92.9109 57.5104 10
      vertex -92.7019 57.7019 0
      vertex -92.9109 57.5104 0
    endloop
  endfacet
  facet normal -0.608654 0.793436 0
    outer loop
      vertex -92.9109 57.5104 0
      vertex -93.1359 57.3378 10
      vertex -92.9109 57.5104 10
    endloop
  endfacet
  facet normal -0.608654 0.793436 0
    outer loop
      vertex -93.1359 57.3378 10
      vertex -92.9109 57.5104 0
      vertex -93.1359 57.3378 0
    endloop
  endfacet
  facet normal 0.923858 -0.382736 0
    outer loop
      vertex -98.054 61.1116 10
      vertex -97.9455 61.3735 0
      vertex -97.9455 61.3735 10
    endloop
  endfacet
  facet normal 0.923858 -0.382736 0
    outer loop
      vertex -97.9455 61.3735 0
      vertex -98.054 61.1116 10
      vertex -98.054 61.1116 0
    endloop
  endfacet
  facet normal 0.887043 -0.461686 0
    outer loop
      vertex -97.9455 61.3735 10
      vertex -97.8146 61.625 0
      vertex -97.8146 61.625 10
    endloop
  endfacet
  facet normal 0.887043 -0.461686 0
    outer loop
      vertex -97.8146 61.625 0
      vertex -97.9455 61.3735 10
      vertex -97.9455 61.3735 0
    endloop
  endfacet
  facet normal -0.216221 -0.976344 0
    outer loop
      vertex -94.4356 63.2006 0
      vertex -94.1588 63.1393 10
      vertex -94.4356 63.2006 10
    endloop
  endfacet
  facet normal -0.216221 -0.976344 -0
    outer loop
      vertex -94.1588 63.1393 10
      vertex -94.4356 63.2006 0
      vertex -94.1588 63.1393 0
    endloop
  endfacet
  facet normal 0.843269 -0.537492 0
    outer loop
      vertex -97.8146 61.625 10
      vertex -97.6622 61.8641 0
      vertex -97.6622 61.8641 10
    endloop
  endfacet
  facet normal 0.843269 -0.537492 0
    outer loop
      vertex -97.6622 61.8641 0
      vertex -97.8146 61.625 10
      vertex -97.8146 61.625 0
    endloop
  endfacet
  facet normal 0.382736 0.923858 -0
    outer loop
      vertex -96.1116 56.946 0
      vertex -96.3735 57.0545 10
      vertex -96.1116 56.946 10
    endloop
  endfacet
  facet normal 0.382736 0.923858 0
    outer loop
      vertex -96.3735 57.0545 10
      vertex -96.1116 56.946 0
      vertex -96.3735 57.0545 0
    endloop
  endfacet
  facet normal -0.737301 0.675565 0
    outer loop
      vertex -92.7019 57.7019 0
      vertex -92.5104 57.9109 10
      vertex -92.5104 57.9109 0
    endloop
  endfacet
  facet normal -0.737301 0.675565 0
    outer loop
      vertex -92.5104 57.9109 10
      vertex -92.7019 57.7019 0
      vertex -92.7019 57.7019 10
    endloop
  endfacet
  facet normal 0.923858 0.382736 0
    outer loop
      vertex -97.9455 58.6265 10
      vertex -98.054 58.8884 0
      vertex -98.054 58.8884 10
    endloop
  endfacet
  facet normal 0.923858 0.382736 0
    outer loop
      vertex -98.054 58.8884 0
      vertex -97.9455 58.6265 10
      vertex -97.9455 58.6265 0
    endloop
  endfacet
  facet normal 0.991448 -0.1305 0
    outer loop
      vertex -98.2376 60.2833 10
      vertex -98.2006 60.5644 0
      vertex -98.2006 60.5644 10
    endloop
  endfacet
  facet normal 0.991448 -0.1305 0
    outer loop
      vertex -98.2006 60.5644 0
      vertex -98.2376 60.2833 10
      vertex -98.2376 60.2833 0
    endloop
  endfacet
  facet normal 0.999043 -0.043728 0
    outer loop
      vertex -98.25 60 10
      vertex -98.2376 60.2833 0
      vertex -98.2376 60.2833 10
    endloop
  endfacet
  facet normal 0.999043 -0.043728 0
    outer loop
      vertex -98.2376 60.2833 0
      vertex -98.25 60 10
      vertex -98.25 60 0
    endloop
  endfacet
  facet normal 0.300844 0.953673 -0
    outer loop
      vertex -95.8412 56.8607 0
      vertex -96.1116 56.946 10
      vertex -95.8412 56.8607 10
    endloop
  endfacet
  facet normal 0.300844 0.953673 0
    outer loop
      vertex -96.1116 56.946 10
      vertex -95.8412 56.8607 0
      vertex -96.1116 56.946 0
    endloop
  endfacet
  facet normal 0.461686 -0.887043 0
    outer loop
      vertex -96.625 62.8146 0
      vertex -96.3735 62.9455 10
      vertex -96.625 62.8146 10
    endloop
  endfacet
  facet normal 0.461686 -0.887043 0
    outer loop
      vertex -96.3735 62.9455 10
      vertex -96.625 62.8146 0
      vertex -96.3735 62.9455 0
    endloop
  endfacet
  facet normal 0.461686 0.887043 -0
    outer loop
      vertex -96.3735 57.0545 0
      vertex -96.625 57.1854 10
      vertex -96.3735 57.0545 10
    endloop
  endfacet
  facet normal 0.461686 0.887043 0
    outer loop
      vertex -96.625 57.1854 10
      vertex -96.3735 57.0545 0
      vertex -96.625 57.1854 0
    endloop
  endfacet
  facet normal -0.887043 0.461686 0
    outer loop
      vertex 97.8146 -61.625 0
      vertex 97.9455 -61.3735 10
      vertex 97.9455 -61.3735 0
    endloop
  endfacet
  facet normal -0.887043 0.461686 0
    outer loop
      vertex 97.9455 -61.3735 10
      vertex 97.8146 -61.625 0
      vertex 97.8146 -61.625 10
    endloop
  endfacet
  facet normal -0.991448 -0.1305 0
    outer loop
      vertex 98.2376 -59.7167 0
      vertex 98.2006 -59.4356 10
      vertex 98.2006 -59.4356 0
    endloop
  endfacet
  facet normal -0.991448 -0.1305 0
    outer loop
      vertex 98.2006 -59.4356 10
      vertex 98.2376 -59.7167 0
      vertex 98.2376 -59.7167 10
    endloop
  endfacet
  facet normal -0.999043 -0.043728 0
    outer loop
      vertex 98.25 -60 0
      vertex 98.2376 -59.7167 10
      vertex 98.2376 -59.7167 0
    endloop
  endfacet
  facet normal -0.999043 -0.043728 0
    outer loop
      vertex 98.2376 -59.7167 10
      vertex 98.25 -60 0
      vertex 98.25 -60 10
    endloop
  endfacet
  facet normal -0.976344 -0.216221 0
    outer loop
      vertex 98.2006 -59.4356 0
      vertex 98.1393 -59.1588 10
      vertex 98.1393 -59.1588 0
    endloop
  endfacet
  facet normal -0.976344 -0.216221 0
    outer loop
      vertex 98.1393 -59.1588 10
      vertex 98.2006 -59.4356 0
      vertex 98.2006 -59.4356 10
    endloop
  endfacet
  facet normal -0.461686 0.887043 0
    outer loop
      vertex 96.625 -62.8146 0
      vertex 96.3735 -62.9455 10
      vertex 96.625 -62.8146 10
    endloop
  endfacet
  facet normal -0.461686 0.887043 0
    outer loop
      vertex 96.3735 -62.9455 10
      vertex 96.625 -62.8146 0
      vertex 96.3735 -62.9455 0
    endloop
  endfacet
  facet normal -0.300844 0.953673 0
    outer loop
      vertex 96.1116 -63.054 0
      vertex 95.8412 -63.1393 10
      vertex 96.1116 -63.054 10
    endloop
  endfacet
  facet normal -0.300844 0.953673 0
    outer loop
      vertex 95.8412 -63.1393 10
      vertex 96.1116 -63.054 0
      vertex 95.8412 -63.1393 0
    endloop
  endfacet
  facet normal -0.537492 0.843269 0
    outer loop
      vertex 96.8641 -62.6622 0
      vertex 96.625 -62.8146 10
      vertex 96.8641 -62.6622 10
    endloop
  endfacet
  facet normal -0.537492 0.843269 0
    outer loop
      vertex 96.625 -62.8146 10
      vertex 96.8641 -62.6622 0
      vertex 96.625 -62.8146 0
    endloop
  endfacet
  facet normal 0.461686 0.887043 -0
    outer loop
      vertex 93.6265 -62.9455 0
      vertex 93.375 -62.8146 10
      vertex 93.6265 -62.9455 10
    endloop
  endfacet
  facet normal 0.461686 0.887043 0
    outer loop
      vertex 93.375 -62.8146 10
      vertex 93.6265 -62.9455 0
      vertex 93.375 -62.8146 0
    endloop
  endfacet
  facet normal -0.1305 0.991448 0
    outer loop
      vertex 95.5644 -63.2006 0
      vertex 95.2833 -63.2376 10
      vertex 95.5644 -63.2006 10
    endloop
  endfacet
  facet normal -0.1305 0.991448 0
    outer loop
      vertex 95.2833 -63.2376 10
      vertex 95.5644 -63.2006 0
      vertex 95.2833 -63.2376 0
    endloop
  endfacet
  facet normal 0.953673 -0.300844 0
    outer loop
      vertex 91.8607 -59.1588 10
      vertex 91.946 -58.8884 0
      vertex 91.946 -58.8884 10
    endloop
  endfacet
  facet normal 0.953673 -0.300844 0
    outer loop
      vertex 91.946 -58.8884 0
      vertex 91.8607 -59.1588 10
      vertex 91.8607 -59.1588 0
    endloop
  endfacet
  facet normal 0.991448 -0.1305 0
    outer loop
      vertex 91.7624 -59.7167 10
      vertex 91.7994 -59.4356 0
      vertex 91.7994 -59.4356 10
    endloop
  endfacet
  facet normal 0.991448 -0.1305 0
    outer loop
      vertex 91.7994 -59.4356 0
      vertex 91.7624 -59.7167 10
      vertex 91.7624 -59.7167 0
    endloop
  endfacet
  facet normal -0.843269 0.537492 0
    outer loop
      vertex 97.6622 -61.8641 0
      vertex 97.8146 -61.625 10
      vertex 97.8146 -61.625 0
    endloop
  endfacet
  facet normal -0.843269 0.537492 0
    outer loop
      vertex 97.8146 -61.625 10
      vertex 97.6622 -61.8641 0
      vertex 97.6622 -61.8641 10
    endloop
  endfacet
  facet normal -0.1305 -0.991448 0
    outer loop
      vertex 95.2833 -56.7624 0
      vertex 95.5644 -56.7994 10
      vertex 95.2833 -56.7624 10
    endloop
  endfacet
  facet normal -0.1305 -0.991448 -0
    outer loop
      vertex 95.5644 -56.7994 10
      vertex 95.2833 -56.7624 0
      vertex 95.5644 -56.7994 0
    endloop
  endfacet
  facet normal -0.953673 -0.300844 0
    outer loop
      vertex 98.1393 -59.1588 0
      vertex 98.054 -58.8884 10
      vertex 98.054 -58.8884 0
    endloop
  endfacet
  facet normal -0.953673 -0.300844 0
    outer loop
      vertex 98.054 -58.8884 10
      vertex 98.1393 -59.1588 0
      vertex 98.1393 -59.1588 10
    endloop
  endfacet
  facet normal 0.043728 -0.999043 0
    outer loop
      vertex 94.7167 -56.7624 0
      vertex 95 -56.75 10
      vertex 94.7167 -56.7624 10
    endloop
  endfacet
  facet normal 0.043728 -0.999043 0
    outer loop
      vertex 95 -56.75 10
      vertex 94.7167 -56.7624 0
      vertex 95 -56.75 0
    endloop
  endfacet
  facet normal -0.737301 0.675565 0
    outer loop
      vertex 97.2981 -62.2981 0
      vertex 97.4896 -62.0891 10
      vertex 97.4896 -62.0891 0
    endloop
  endfacet
  facet normal -0.737301 0.675565 0
    outer loop
      vertex 97.4896 -62.0891 10
      vertex 97.2981 -62.2981 0
      vertex 97.2981 -62.2981 10
    endloop
  endfacet
  facet normal -0.737301 -0.675565 0
    outer loop
      vertex 97.4896 -57.9109 0
      vertex 97.2981 -57.7019 10
      vertex 97.2981 -57.7019 0
    endloop
  endfacet
  facet normal -0.737301 -0.675565 0
    outer loop
      vertex 97.2981 -57.7019 10
      vertex 97.4896 -57.9109 0
      vertex 97.4896 -57.9109 10
    endloop
  endfacet
  facet normal 0.216221 -0.976344 0
    outer loop
      vertex 94.1588 -56.8607 0
      vertex 94.4356 -56.7994 10
      vertex 94.1588 -56.8607 10
    endloop
  endfacet
  facet normal 0.216221 -0.976344 0
    outer loop
      vertex 94.4356 -56.7994 10
      vertex 94.1588 -56.8607 0
      vertex 94.4356 -56.7994 0
    endloop
  endfacet
  facet normal 0.300844 -0.953673 0
    outer loop
      vertex 93.8884 -56.946 0
      vertex 94.1588 -56.8607 10
      vertex 93.8884 -56.946 10
    endloop
  endfacet
  facet normal 0.300844 -0.953673 0
    outer loop
      vertex 94.1588 -56.8607 10
      vertex 93.8884 -56.946 0
      vertex 94.1588 -56.8607 0
    endloop
  endfacet
  facet normal -0.999043 0.043728 0
    outer loop
      vertex 98.2376 -60.2833 0
      vertex 98.25 -60 10
      vertex 98.25 -60 0
    endloop
  endfacet
  facet normal -0.999043 0.043728 0
    outer loop
      vertex 98.25 -60 10
      vertex 98.2376 -60.2833 0
      vertex 98.2376 -60.2833 10
    endloop
  endfacet
  facet normal -0.537492 -0.843269 0
    outer loop
      vertex 96.625 -57.1854 0
      vertex 96.8641 -57.3378 10
      vertex 96.625 -57.1854 10
    endloop
  endfacet
  facet normal -0.537492 -0.843269 -0
    outer loop
      vertex 96.8641 -57.3378 10
      vertex 96.625 -57.1854 0
      vertex 96.8641 -57.3378 0
    endloop
  endfacet
  facet normal -0.887043 -0.461686 0
    outer loop
      vertex 97.9455 -58.6265 0
      vertex 97.8146 -58.375 10
      vertex 97.8146 -58.375 0
    endloop
  endfacet
  facet normal -0.887043 -0.461686 0
    outer loop
      vertex 97.8146 -58.375 10
      vertex 97.9455 -58.6265 0
      vertex 97.9455 -58.6265 10
    endloop
  endfacet
  facet normal 0.923858 -0.382736 0
    outer loop
      vertex 91.946 -58.8884 10
      vertex 92.0545 -58.6265 0
      vertex 92.0545 -58.6265 10
    endloop
  endfacet
  facet normal 0.923858 -0.382736 0
    outer loop
      vertex 92.0545 -58.6265 0
      vertex 91.946 -58.8884 10
      vertex 91.946 -58.8884 0
    endloop
  endfacet
  facet normal -0.675565 0.737301 0
    outer loop
      vertex 97.2981 -62.2981 0
      vertex 97.0891 -62.4896 10
      vertex 97.2981 -62.2981 10
    endloop
  endfacet
  facet normal -0.675565 0.737301 0
    outer loop
      vertex 97.0891 -62.4896 10
      vertex 97.2981 -62.2981 0
      vertex 97.0891 -62.4896 0
    endloop
  endfacet
  facet normal 0.382736 -0.923858 0
    outer loop
      vertex 93.6265 -57.0545 0
      vertex 93.8884 -56.946 10
      vertex 93.6265 -57.0545 10
    endloop
  endfacet
  facet normal 0.382736 -0.923858 0
    outer loop
      vertex 93.8884 -56.946 10
      vertex 93.6265 -57.0545 0
      vertex 93.8884 -56.946 0
    endloop
  endfacet
  facet normal -0.793436 -0.608654 0
    outer loop
      vertex 97.6622 -58.1359 0
      vertex 97.4896 -57.9109 10
      vertex 97.4896 -57.9109 0
    endloop
  endfacet
  facet normal -0.793436 -0.608654 0
    outer loop
      vertex 97.4896 -57.9109 10
      vertex 97.6622 -58.1359 0
      vertex 97.6622 -58.1359 10
    endloop
  endfacet
  facet normal 0.537492 -0.843269 0
    outer loop
      vertex 93.1359 -57.3378 0
      vertex 93.375 -57.1854 10
      vertex 93.1359 -57.3378 10
    endloop
  endfacet
  facet normal 0.537492 -0.843269 0
    outer loop
      vertex 93.375 -57.1854 10
      vertex 93.1359 -57.3378 0
      vertex 93.375 -57.1854 0
    endloop
  endfacet
  facet normal -0.923858 -0.382736 0
    outer loop
      vertex 98.054 -58.8884 0
      vertex 97.9455 -58.6265 10
      vertex 97.9455 -58.6265 0
    endloop
  endfacet
  facet normal -0.923858 -0.382736 0
    outer loop
      vertex 97.9455 -58.6265 10
      vertex 98.054 -58.8884 0
      vertex 98.054 -58.8884 10
    endloop
  endfacet
  facet normal 0.953673 0.300844 0
    outer loop
      vertex 91.946 -61.1116 10
      vertex 91.8607 -60.8412 0
      vertex 91.8607 -60.8412 10
    endloop
  endfacet
  facet normal 0.953673 0.300844 0
    outer loop
      vertex 91.8607 -60.8412 0
      vertex 91.946 -61.1116 10
      vertex 91.946 -61.1116 0
    endloop
  endfacet
  facet normal -0.216221 0.976344 0
    outer loop
      vertex 95.8412 -63.1393 0
      vertex 95.5644 -63.2006 10
      vertex 95.8412 -63.1393 10
    endloop
  endfacet
  facet normal -0.216221 0.976344 0
    outer loop
      vertex 95.5644 -63.2006 10
      vertex 95.8412 -63.1393 0
      vertex 95.5644 -63.2006 0
    endloop
  endfacet
  facet normal 0.737301 0.675565 0
    outer loop
      vertex 92.7019 -62.2981 10
      vertex 92.5104 -62.0891 0
      vertex 92.5104 -62.0891 10
    endloop
  endfacet
  facet normal 0.737301 0.675565 0
    outer loop
      vertex 92.5104 -62.0891 0
      vertex 92.7019 -62.2981 10
      vertex 92.7019 -62.2981 0
    endloop
  endfacet
  facet normal -0.991448 0.1305 0
    outer loop
      vertex 98.2006 -60.5644 0
      vertex 98.2376 -60.2833 10
      vertex 98.2376 -60.2833 0
    endloop
  endfacet
  facet normal -0.991448 0.1305 0
    outer loop
      vertex 98.2376 -60.2833 10
      vertex 98.2006 -60.5644 0
      vertex 98.2006 -60.5644 10
    endloop
  endfacet
  facet normal -0.608654 -0.793436 0
    outer loop
      vertex 96.8641 -57.3378 0
      vertex 97.0891 -57.5104 10
      vertex 96.8641 -57.3378 10
    endloop
  endfacet
  facet normal -0.608654 -0.793436 -0
    outer loop
      vertex 97.0891 -57.5104 10
      vertex 96.8641 -57.3378 0
      vertex 97.0891 -57.5104 0
    endloop
  endfacet
  facet normal -0.461686 -0.887043 0
    outer loop
      vertex 96.3735 -57.0545 0
      vertex 96.625 -57.1854 10
      vertex 96.3735 -57.0545 10
    endloop
  endfacet
  facet normal -0.461686 -0.887043 -0
    outer loop
      vertex 96.625 -57.1854 10
      vertex 96.3735 -57.0545 0
      vertex 96.625 -57.1854 0
    endloop
  endfacet
  facet normal 0.216221 0.976344 -0
    outer loop
      vertex 94.4356 -63.2006 0
      vertex 94.1588 -63.1393 10
      vertex 94.4356 -63.2006 10
    endloop
  endfacet
  facet normal 0.216221 0.976344 0
    outer loop
      vertex 94.1588 -63.1393 10
      vertex 94.4356 -63.2006 0
      vertex 94.1588 -63.1393 0
    endloop
  endfacet
  facet normal 0.843269 0.537492 0
    outer loop
      vertex 92.3378 -61.8641 10
      vertex 92.1854 -61.625 0
      vertex 92.1854 -61.625 10
    endloop
  endfacet
  facet normal 0.843269 0.537492 0
    outer loop
      vertex 92.1854 -61.625 0
      vertex 92.3378 -61.8641 10
      vertex 92.3378 -61.8641 0
    endloop
  endfacet
  facet normal -0.382736 0.923858 0
    outer loop
      vertex 96.3735 -62.9455 0
      vertex 96.1116 -63.054 10
      vertex 96.3735 -62.9455 10
    endloop
  endfacet
  facet normal -0.382736 0.923858 0
    outer loop
      vertex 96.1116 -63.054 10
      vertex 96.3735 -62.9455 0
      vertex 96.1116 -63.054 0
    endloop
  endfacet
  facet normal 0.300844 0.953673 -0
    outer loop
      vertex 94.1588 -63.1393 0
      vertex 93.8884 -63.054 10
      vertex 94.1588 -63.1393 10
    endloop
  endfacet
  facet normal 0.300844 0.953673 0
    outer loop
      vertex 93.8884 -63.054 10
      vertex 94.1588 -63.1393 0
      vertex 93.8884 -63.054 0
    endloop
  endfacet
  facet normal -0.382736 -0.923858 0
    outer loop
      vertex 96.1116 -56.946 0
      vertex 96.3735 -57.0545 10
      vertex 96.1116 -56.946 10
    endloop
  endfacet
  facet normal -0.382736 -0.923858 -0
    outer loop
      vertex 96.3735 -57.0545 10
      vertex 96.1116 -56.946 0
      vertex 96.3735 -57.0545 0
    endloop
  endfacet
  facet normal -0.300844 -0.953673 0
    outer loop
      vertex 95.8412 -56.8607 0
      vertex 96.1116 -56.946 10
      vertex 95.8412 -56.8607 10
    endloop
  endfacet
  facet normal -0.300844 -0.953673 -0
    outer loop
      vertex 96.1116 -56.946 10
      vertex 95.8412 -56.8607 0
      vertex 96.1116 -56.946 0
    endloop
  endfacet
  facet normal 0.537492 0.843269 -0
    outer loop
      vertex 93.375 -62.8146 0
      vertex 93.1359 -62.6622 10
      vertex 93.375 -62.8146 10
    endloop
  endfacet
  facet normal 0.537492 0.843269 0
    outer loop
      vertex 93.1359 -62.6622 10
      vertex 93.375 -62.8146 0
      vertex 93.1359 -62.6622 0
    endloop
  endfacet
  facet normal 0.887043 -0.461686 0
    outer loop
      vertex 92.0545 -58.6265 10
      vertex 92.1854 -58.375 0
      vertex 92.1854 -58.375 10
    endloop
  endfacet
  facet normal 0.887043 -0.461686 0
    outer loop
      vertex 92.1854 -58.375 0
      vertex 92.0545 -58.6265 10
      vertex 92.0545 -58.6265 0
    endloop
  endfacet
  facet normal -0.976344 0.216221 0
    outer loop
      vertex 98.1393 -60.8412 0
      vertex 98.2006 -60.5644 10
      vertex 98.2006 -60.5644 0
    endloop
  endfacet
  facet normal -0.976344 0.216221 0
    outer loop
      vertex 98.2006 -60.5644 10
      vertex 98.1393 -60.8412 0
      vertex 98.1393 -60.8412 10
    endloop
  endfacet
  facet normal -0.953673 0.300844 0
    outer loop
      vertex 98.054 -61.1116 0
      vertex 98.1393 -60.8412 10
      vertex 98.1393 -60.8412 0
    endloop
  endfacet
  facet normal -0.953673 0.300844 0
    outer loop
      vertex 98.1393 -60.8412 10
      vertex 98.054 -61.1116 0
      vertex 98.054 -61.1116 10
    endloop
  endfacet
  facet normal -0.608654 0.793436 0
    outer loop
      vertex 97.0891 -62.4896 0
      vertex 96.8641 -62.6622 10
      vertex 97.0891 -62.4896 10
    endloop
  endfacet
  facet normal -0.608654 0.793436 0
    outer loop
      vertex 96.8641 -62.6622 10
      vertex 97.0891 -62.4896 0
      vertex 96.8641 -62.6622 0
    endloop
  endfacet
  facet normal 0.043728 0.999043 -0
    outer loop
      vertex 95 -63.25 0
      vertex 94.7167 -63.2376 10
      vertex 95 -63.25 10
    endloop
  endfacet
  facet normal 0.043728 0.999043 0
    outer loop
      vertex 94.7167 -63.2376 10
      vertex 95 -63.25 0
      vertex 94.7167 -63.2376 0
    endloop
  endfacet
  facet normal 0.843269 -0.537492 0
    outer loop
      vertex 92.1854 -58.375 10
      vertex 92.3378 -58.1359 0
      vertex 92.3378 -58.1359 10
    endloop
  endfacet
  facet normal 0.843269 -0.537492 0
    outer loop
      vertex 92.3378 -58.1359 0
      vertex 92.1854 -58.375 10
      vertex 92.1854 -58.375 0
    endloop
  endfacet
  facet normal -0.793436 0.608654 0
    outer loop
      vertex 97.4896 -62.0891 0
      vertex 97.6622 -61.8641 10
      vertex 97.6622 -61.8641 0
    endloop
  endfacet
  facet normal -0.793436 0.608654 0
    outer loop
      vertex 97.6622 -61.8641 10
      vertex 97.4896 -62.0891 0
      vertex 97.4896 -62.0891 10
    endloop
  endfacet
  facet normal 0.675565 -0.737301 0
    outer loop
      vertex 92.7019 -57.7019 0
      vertex 92.9109 -57.5104 10
      vertex 92.7019 -57.7019 10
    endloop
  endfacet
  facet normal 0.675565 -0.737301 0
    outer loop
      vertex 92.9109 -57.5104 10
      vertex 92.7019 -57.7019 0
      vertex 92.9109 -57.5104 0
    endloop
  endfacet
  facet normal -0.043728 0.999043 0
    outer loop
      vertex 95.2833 -63.2376 0
      vertex 95 -63.25 10
      vertex 95.2833 -63.2376 10
    endloop
  endfacet
  facet normal -0.043728 0.999043 0
    outer loop
      vertex 95 -63.25 10
      vertex 95.2833 -63.2376 0
      vertex 95 -63.25 0
    endloop
  endfacet
  facet normal 0.675565 0.737301 -0
    outer loop
      vertex 92.9109 -62.4896 0
      vertex 92.7019 -62.2981 10
      vertex 92.9109 -62.4896 10
    endloop
  endfacet
  facet normal 0.675565 0.737301 0
    outer loop
      vertex 92.7019 -62.2981 10
      vertex 92.9109 -62.4896 0
      vertex 92.7019 -62.2981 0
    endloop
  endfacet
  facet normal -0.843269 -0.537492 0
    outer loop
      vertex 97.8146 -58.375 0
      vertex 97.6622 -58.1359 10
      vertex 97.6622 -58.1359 0
    endloop
  endfacet
  facet normal -0.843269 -0.537492 0
    outer loop
      vertex 97.6622 -58.1359 10
      vertex 97.8146 -58.375 0
      vertex 97.8146 -58.375 10
    endloop
  endfacet
  facet normal 0.737301 -0.675565 0
    outer loop
      vertex 92.5104 -57.9109 10
      vertex 92.7019 -57.7019 0
      vertex 92.7019 -57.7019 10
    endloop
  endfacet
  facet normal 0.737301 -0.675565 0
    outer loop
      vertex 92.7019 -57.7019 0
      vertex 92.5104 -57.9109 10
      vertex 92.5104 -57.9109 0
    endloop
  endfacet
  facet normal 0.1305 -0.991448 0
    outer loop
      vertex 94.4356 -56.7994 0
      vertex 94.7167 -56.7624 10
      vertex 94.4356 -56.7994 10
    endloop
  endfacet
  facet normal 0.1305 -0.991448 0
    outer loop
      vertex 94.7167 -56.7624 10
      vertex 94.4356 -56.7994 0
      vertex 94.7167 -56.7624 0
    endloop
  endfacet
  facet normal 0.1305 0.991448 -0
    outer loop
      vertex 94.7167 -63.2376 0
      vertex 94.4356 -63.2006 10
      vertex 94.7167 -63.2376 10
    endloop
  endfacet
  facet normal 0.1305 0.991448 0
    outer loop
      vertex 94.4356 -63.2006 10
      vertex 94.7167 -63.2376 0
      vertex 94.4356 -63.2006 0
    endloop
  endfacet
  facet normal -0.043728 -0.999043 0
    outer loop
      vertex 95 -56.75 0
      vertex 95.2833 -56.7624 10
      vertex 95 -56.75 10
    endloop
  endfacet
  facet normal -0.043728 -0.999043 -0
    outer loop
      vertex 95.2833 -56.7624 10
      vertex 95 -56.75 0
      vertex 95.2833 -56.7624 0
    endloop
  endfacet
  facet normal 0.461686 -0.887043 0
    outer loop
      vertex 93.375 -57.1854 0
      vertex 93.6265 -57.0545 10
      vertex 93.375 -57.1854 10
    endloop
  endfacet
  facet normal 0.461686 -0.887043 0
    outer loop
      vertex 93.6265 -57.0545 10
      vertex 93.375 -57.1854 0
      vertex 93.6265 -57.0545 0
    endloop
  endfacet
  facet normal 0.608654 0.793436 -0
    outer loop
      vertex 93.1359 -62.6622 0
      vertex 92.9109 -62.4896 10
      vertex 93.1359 -62.6622 10
    endloop
  endfacet
  facet normal 0.608654 0.793436 0
    outer loop
      vertex 92.9109 -62.4896 10
      vertex 93.1359 -62.6622 0
      vertex 92.9109 -62.4896 0
    endloop
  endfacet
  facet normal 0.991448 0.1305 0
    outer loop
      vertex 91.7994 -60.5644 10
      vertex 91.7624 -60.2833 0
      vertex 91.7624 -60.2833 10
    endloop
  endfacet
  facet normal 0.991448 0.1305 0
    outer loop
      vertex 91.7624 -60.2833 0
      vertex 91.7994 -60.5644 10
      vertex 91.7994 -60.5644 0
    endloop
  endfacet
  facet normal 0.976344 0.216221 0
    outer loop
      vertex 91.8607 -60.8412 10
      vertex 91.7994 -60.5644 0
      vertex 91.7994 -60.5644 10
    endloop
  endfacet
  facet normal 0.976344 0.216221 0
    outer loop
      vertex 91.7994 -60.5644 0
      vertex 91.8607 -60.8412 10
      vertex 91.8607 -60.8412 0
    endloop
  endfacet
  facet normal 0.793436 -0.608654 0
    outer loop
      vertex 92.3378 -58.1359 10
      vertex 92.5104 -57.9109 0
      vertex 92.5104 -57.9109 10
    endloop
  endfacet
  facet normal 0.793436 -0.608654 0
    outer loop
      vertex 92.5104 -57.9109 0
      vertex 92.3378 -58.1359 10
      vertex 92.3378 -58.1359 0
    endloop
  endfacet
  facet normal 0.793436 0.608654 0
    outer loop
      vertex 92.5104 -62.0891 10
      vertex 92.3378 -61.8641 0
      vertex 92.3378 -61.8641 10
    endloop
  endfacet
  facet normal 0.793436 0.608654 0
    outer loop
      vertex 92.3378 -61.8641 0
      vertex 92.5104 -62.0891 10
      vertex 92.5104 -62.0891 0
    endloop
  endfacet
  facet normal -0.675565 -0.737301 0
    outer loop
      vertex 97.0891 -57.5104 0
      vertex 97.2981 -57.7019 10
      vertex 97.0891 -57.5104 10
    endloop
  endfacet
  facet normal -0.675565 -0.737301 -0
    outer loop
      vertex 97.2981 -57.7019 10
      vertex 97.0891 -57.5104 0
      vertex 97.2981 -57.7019 0
    endloop
  endfacet
  facet normal 0.608654 -0.793436 0
    outer loop
      vertex 92.9109 -57.5104 0
      vertex 93.1359 -57.3378 10
      vertex 92.9109 -57.5104 10
    endloop
  endfacet
  facet normal 0.608654 -0.793436 0
    outer loop
      vertex 93.1359 -57.3378 10
      vertex 92.9109 -57.5104 0
      vertex 93.1359 -57.3378 0
    endloop
  endfacet
  facet normal -0.923858 0.382736 0
    outer loop
      vertex 97.9455 -61.3735 0
      vertex 98.054 -61.1116 10
      vertex 98.054 -61.1116 0
    endloop
  endfacet
  facet normal -0.923858 0.382736 0
    outer loop
      vertex 98.054 -61.1116 10
      vertex 97.9455 -61.3735 0
      vertex 97.9455 -61.3735 10
    endloop
  endfacet
  facet normal 0.887043 0.461686 0
    outer loop
      vertex 92.1854 -61.625 10
      vertex 92.0545 -61.3735 0
      vertex 92.0545 -61.3735 10
    endloop
  endfacet
  facet normal 0.887043 0.461686 0
    outer loop
      vertex 92.0545 -61.3735 0
      vertex 92.1854 -61.625 10
      vertex 92.1854 -61.625 0
    endloop
  endfacet
  facet normal 0.999043 -0.043728 0
    outer loop
      vertex 91.75 -60 10
      vertex 91.7624 -59.7167 0
      vertex 91.7624 -59.7167 10
    endloop
  endfacet
  facet normal 0.999043 -0.043728 0
    outer loop
      vertex 91.7624 -59.7167 0
      vertex 91.75 -60 10
      vertex 91.75 -60 0
    endloop
  endfacet
  facet normal 0.999043 0.043728 0
    outer loop
      vertex 91.7624 -60.2833 10
      vertex 91.75 -60 0
      vertex 91.75 -60 10
    endloop
  endfacet
  facet normal 0.999043 0.043728 0
    outer loop
      vertex 91.75 -60 0
      vertex 91.7624 -60.2833 10
      vertex 91.7624 -60.2833 0
    endloop
  endfacet
  facet normal 0.382736 0.923858 -0
    outer loop
      vertex 93.8884 -63.054 0
      vertex 93.6265 -62.9455 10
      vertex 93.8884 -63.054 10
    endloop
  endfacet
  facet normal 0.382736 0.923858 0
    outer loop
      vertex 93.6265 -62.9455 10
      vertex 93.8884 -63.054 0
      vertex 93.6265 -62.9455 0
    endloop
  endfacet
  facet normal 0.923858 0.382736 0
    outer loop
      vertex 92.0545 -61.3735 10
      vertex 91.946 -61.1116 0
      vertex 91.946 -61.1116 10
    endloop
  endfacet
  facet normal 0.923858 0.382736 0
    outer loop
      vertex 91.946 -61.1116 0
      vertex 92.0545 -61.3735 10
      vertex 92.0545 -61.3735 0
    endloop
  endfacet
  facet normal 0.976344 -0.216221 0
    outer loop
      vertex 91.7994 -59.4356 10
      vertex 91.8607 -59.1588 0
      vertex 91.8607 -59.1588 10
    endloop
  endfacet
  facet normal 0.976344 -0.216221 0
    outer loop
      vertex 91.8607 -59.1588 0
      vertex 91.7994 -59.4356 10
      vertex 91.7994 -59.4356 0
    endloop
  endfacet
  facet normal -0.216221 -0.976344 0
    outer loop
      vertex 95.5644 -56.7994 0
      vertex 95.8412 -56.8607 10
      vertex 95.5644 -56.7994 10
    endloop
  endfacet
  facet normal -0.216221 -0.976344 -0
    outer loop
      vertex 95.8412 -56.8607 10
      vertex 95.5644 -56.7994 0
      vertex 95.8412 -56.8607 0
    endloop
  endfacet
  facet normal 0.043728 0.999043 -0
    outer loop
      vertex 95 56.75 0
      vertex 94.7167 56.7624 10
      vertex 95 56.75 10
    endloop
  endfacet
  facet normal 0.043728 0.999043 0
    outer loop
      vertex 94.7167 56.7624 10
      vertex 95 56.75 0
      vertex 94.7167 56.7624 0
    endloop
  endfacet
  facet normal -0.991448 -0.1305 0
    outer loop
      vertex 98.2376 60.2833 0
      vertex 98.2006 60.5644 10
      vertex 98.2006 60.5644 0
    endloop
  endfacet
  facet normal -0.991448 -0.1305 0
    outer loop
      vertex 98.2006 60.5644 10
      vertex 98.2376 60.2833 0
      vertex 98.2376 60.2833 10
    endloop
  endfacet
  facet normal -0.999043 -0.043728 0
    outer loop
      vertex 98.25 60 0
      vertex 98.2376 60.2833 10
      vertex 98.2376 60.2833 0
    endloop
  endfacet
  facet normal -0.999043 -0.043728 0
    outer loop
      vertex 98.2376 60.2833 10
      vertex 98.25 60 0
      vertex 98.25 60 10
    endloop
  endfacet
  facet normal -0.976344 -0.216221 0
    outer loop
      vertex 98.2006 60.5644 0
      vertex 98.1393 60.8412 10
      vertex 98.1393 60.8412 0
    endloop
  endfacet
  facet normal -0.976344 -0.216221 0
    outer loop
      vertex 98.1393 60.8412 10
      vertex 98.2006 60.5644 0
      vertex 98.2006 60.5644 10
    endloop
  endfacet
  facet normal 0.1305 -0.991448 0
    outer loop
      vertex 94.4356 63.2006 0
      vertex 94.7167 63.2376 10
      vertex 94.4356 63.2006 10
    endloop
  endfacet
  facet normal 0.1305 -0.991448 0
    outer loop
      vertex 94.7167 63.2376 10
      vertex 94.4356 63.2006 0
      vertex 94.7167 63.2376 0
    endloop
  endfacet
  facet normal -0.953673 -0.300844 0
    outer loop
      vertex 98.1393 60.8412 0
      vertex 98.054 61.1116 10
      vertex 98.054 61.1116 0
    endloop
  endfacet
  facet normal -0.953673 -0.300844 0
    outer loop
      vertex 98.054 61.1116 10
      vertex 98.1393 60.8412 0
      vertex 98.1393 60.8412 10
    endloop
  endfacet
  facet normal -0.923858 -0.382736 0
    outer loop
      vertex 98.054 61.1116 0
      vertex 97.9455 61.3735 10
      vertex 97.9455 61.3735 0
    endloop
  endfacet
  facet normal -0.923858 -0.382736 0
    outer loop
      vertex 97.9455 61.3735 10
      vertex 98.054 61.1116 0
      vertex 98.054 61.1116 10
    endloop
  endfacet
  facet normal 0.737301 -0.675565 0
    outer loop
      vertex 92.5104 62.0891 10
      vertex 92.7019 62.2981 0
      vertex 92.7019 62.2981 10
    endloop
  endfacet
  facet normal 0.737301 -0.675565 0
    outer loop
      vertex 92.7019 62.2981 0
      vertex 92.5104 62.0891 10
      vertex 92.5104 62.0891 0
    endloop
  endfacet
  facet normal 0.675565 -0.737301 0
    outer loop
      vertex 92.7019 62.2981 0
      vertex 92.9109 62.4896 10
      vertex 92.7019 62.2981 10
    endloop
  endfacet
  facet normal 0.675565 -0.737301 0
    outer loop
      vertex 92.9109 62.4896 10
      vertex 92.7019 62.2981 0
      vertex 92.9109 62.4896 0
    endloop
  endfacet
  facet normal 0.461686 -0.887043 0
    outer loop
      vertex 93.375 62.8146 0
      vertex 93.6265 62.9455 10
      vertex 93.375 62.8146 10
    endloop
  endfacet
  facet normal 0.461686 -0.887043 0
    outer loop
      vertex 93.6265 62.9455 10
      vertex 93.375 62.8146 0
      vertex 93.6265 62.9455 0
    endloop
  endfacet
  facet normal 0.216221 0.976344 -0
    outer loop
      vertex 94.4356 56.7994 0
      vertex 94.1588 56.8607 10
      vertex 94.4356 56.7994 10
    endloop
  endfacet
  facet normal 0.216221 0.976344 0
    outer loop
      vertex 94.1588 56.8607 10
      vertex 94.4356 56.7994 0
      vertex 94.1588 56.8607 0
    endloop
  endfacet
  facet normal 0.953673 -0.300844 0
    outer loop
      vertex 91.8607 60.8412 10
      vertex 91.946 61.1116 0
      vertex 91.946 61.1116 10
    endloop
  endfacet
  facet normal 0.953673 -0.300844 0
    outer loop
      vertex 91.946 61.1116 0
      vertex 91.8607 60.8412 10
      vertex 91.8607 60.8412 0
    endloop
  endfacet
  facet normal -0.300844 0.953673 0
    outer loop
      vertex 96.1116 56.946 0
      vertex 95.8412 56.8607 10
      vertex 96.1116 56.946 10
    endloop
  endfacet
  facet normal -0.300844 0.953673 0
    outer loop
      vertex 95.8412 56.8607 10
      vertex 96.1116 56.946 0
      vertex 95.8412 56.8607 0
    endloop
  endfacet
  facet normal 0.216221 -0.976344 0
    outer loop
      vertex 94.1588 63.1393 0
      vertex 94.4356 63.2006 10
      vertex 94.1588 63.1393 10
    endloop
  endfacet
  facet normal 0.216221 -0.976344 0
    outer loop
      vertex 94.4356 63.2006 10
      vertex 94.1588 63.1393 0
      vertex 94.4356 63.2006 0
    endloop
  endfacet
  facet normal 0.043728 -0.999043 0
    outer loop
      vertex 94.7167 63.2376 0
      vertex 95 63.25 10
      vertex 94.7167 63.2376 10
    endloop
  endfacet
  facet normal 0.043728 -0.999043 0
    outer loop
      vertex 95 63.25 10
      vertex 94.7167 63.2376 0
      vertex 95 63.25 0
    endloop
  endfacet
  facet normal 0.991448 -0.1305 0
    outer loop
      vertex 91.7624 60.2833 10
      vertex 91.7994 60.5644 0
      vertex 91.7994 60.5644 10
    endloop
  endfacet
  facet normal 0.991448 -0.1305 0
    outer loop
      vertex 91.7994 60.5644 0
      vertex 91.7624 60.2833 10
      vertex 91.7624 60.2833 0
    endloop
  endfacet
  facet normal -0.461686 0.887043 0
    outer loop
      vertex 96.625 57.1854 0
      vertex 96.3735 57.0545 10
      vertex 96.625 57.1854 10
    endloop
  endfacet
  facet normal -0.461686 0.887043 0
    outer loop
      vertex 96.3735 57.0545 10
      vertex 96.625 57.1854 0
      vertex 96.3735 57.0545 0
    endloop
  endfacet
  facet normal -0.793436 0.608654 0
    outer loop
      vertex 97.4896 57.9109 0
      vertex 97.6622 58.1359 10
      vertex 97.6622 58.1359 0
    endloop
  endfacet
  facet normal -0.793436 0.608654 0
    outer loop
      vertex 97.6622 58.1359 10
      vertex 97.4896 57.9109 0
      vertex 97.4896 57.9109 10
    endloop
  endfacet
  facet normal -0.537492 0.843269 0
    outer loop
      vertex 96.8641 57.3378 0
      vertex 96.625 57.1854 10
      vertex 96.8641 57.3378 10
    endloop
  endfacet
  facet normal -0.537492 0.843269 0
    outer loop
      vertex 96.625 57.1854 10
      vertex 96.8641 57.3378 0
      vertex 96.625 57.1854 0
    endloop
  endfacet
  facet normal 0.300844 -0.953673 0
    outer loop
      vertex 93.8884 63.054 0
      vertex 94.1588 63.1393 10
      vertex 93.8884 63.054 10
    endloop
  endfacet
  facet normal 0.300844 -0.953673 0
    outer loop
      vertex 94.1588 63.1393 10
      vertex 93.8884 63.054 0
      vertex 94.1588 63.1393 0
    endloop
  endfacet
  facet normal 0.887043 0.461686 0
    outer loop
      vertex 92.1854 58.375 10
      vertex 92.0545 58.6265 0
      vertex 92.0545 58.6265 10
    endloop
  endfacet
  facet normal 0.887043 0.461686 0
    outer loop
      vertex 92.0545 58.6265 0
      vertex 92.1854 58.375 10
      vertex 92.1854 58.375 0
    endloop
  endfacet
  facet normal 0.608654 0.793436 -0
    outer loop
      vertex 93.1359 57.3378 0
      vertex 92.9109 57.5104 10
      vertex 93.1359 57.3378 10
    endloop
  endfacet
  facet normal 0.608654 0.793436 0
    outer loop
      vertex 92.9109 57.5104 10
      vertex 93.1359 57.3378 0
      vertex 92.9109 57.5104 0
    endloop
  endfacet
  facet normal 0.461686 0.887043 -0
    outer loop
      vertex 93.6265 57.0545 0
      vertex 93.375 57.1854 10
      vertex 93.6265 57.0545 10
    endloop
  endfacet
  facet normal 0.461686 0.887043 0
    outer loop
      vertex 93.375 57.1854 10
      vertex 93.6265 57.0545 0
      vertex 93.375 57.1854 0
    endloop
  endfacet
  facet normal 0.1305 0.991448 -0
    outer loop
      vertex 94.7167 56.7624 0
      vertex 94.4356 56.7994 10
      vertex 94.7167 56.7624 10
    endloop
  endfacet
  facet normal 0.1305 0.991448 0
    outer loop
      vertex 94.4356 56.7994 10
      vertex 94.7167 56.7624 0
      vertex 94.4356 56.7994 0
    endloop
  endfacet
  facet normal 0.537492 0.843269 -0
    outer loop
      vertex 93.375 57.1854 0
      vertex 93.1359 57.3378 10
      vertex 93.375 57.1854 10
    endloop
  endfacet
  facet normal 0.537492 0.843269 0
    outer loop
      vertex 93.1359 57.3378 10
      vertex 93.375 57.1854 0
      vertex 93.1359 57.3378 0
    endloop
  endfacet
  facet normal -0.1305 0.991448 0
    outer loop
      vertex 95.5644 56.7994 0
      vertex 95.2833 56.7624 10
      vertex 95.5644 56.7994 10
    endloop
  endfacet
  facet normal -0.1305 0.991448 0
    outer loop
      vertex 95.2833 56.7624 10
      vertex 95.5644 56.7994 0
      vertex 95.2833 56.7624 0
    endloop
  endfacet
  facet normal -0.608654 -0.793436 0
    outer loop
      vertex 96.8641 62.6622 0
      vertex 97.0891 62.4896 10
      vertex 96.8641 62.6622 10
    endloop
  endfacet
  facet normal -0.608654 -0.793436 -0
    outer loop
      vertex 97.0891 62.4896 10
      vertex 96.8641 62.6622 0
      vertex 97.0891 62.4896 0
    endloop
  endfacet
  facet normal -0.537492 -0.843269 0
    outer loop
      vertex 96.625 62.8146 0
      vertex 96.8641 62.6622 10
      vertex 96.625 62.8146 10
    endloop
  endfacet
  facet normal -0.537492 -0.843269 -0
    outer loop
      vertex 96.8641 62.6622 10
      vertex 96.625 62.8146 0
      vertex 96.8641 62.6622 0
    endloop
  endfacet
  facet normal -0.953673 0.300844 0
    outer loop
      vertex 98.054 58.8884 0
      vertex 98.1393 59.1588 10
      vertex 98.1393 59.1588 0
    endloop
  endfacet
  facet normal -0.953673 0.300844 0
    outer loop
      vertex 98.1393 59.1588 10
      vertex 98.054 58.8884 0
      vertex 98.054 58.8884 10
    endloop
  endfacet
  facet normal 0.976344 0.216221 0
    outer loop
      vertex 91.8607 59.1588 10
      vertex 91.7994 59.4356 0
      vertex 91.7994 59.4356 10
    endloop
  endfacet
  facet normal 0.976344 0.216221 0
    outer loop
      vertex 91.7994 59.4356 0
      vertex 91.8607 59.1588 10
      vertex 91.8607 59.1588 0
    endloop
  endfacet
  facet normal -0.1305 -0.991448 0
    outer loop
      vertex 95.2833 63.2376 0
      vertex 95.5644 63.2006 10
      vertex 95.2833 63.2376 10
    endloop
  endfacet
  facet normal -0.1305 -0.991448 -0
    outer loop
      vertex 95.5644 63.2006 10
      vertex 95.2833 63.2376 0
      vertex 95.5644 63.2006 0
    endloop
  endfacet
  facet normal -0.461686 -0.887043 0
    outer loop
      vertex 96.3735 62.9455 0
      vertex 96.625 62.8146 10
      vertex 96.3735 62.9455 10
    endloop
  endfacet
  facet normal -0.461686 -0.887043 -0
    outer loop
      vertex 96.625 62.8146 10
      vertex 96.3735 62.9455 0
      vertex 96.625 62.8146 0
    endloop
  endfacet
  facet normal 0.953673 0.300844 0
    outer loop
      vertex 91.946 58.8884 10
      vertex 91.8607 59.1588 0
      vertex 91.8607 59.1588 10
    endloop
  endfacet
  facet normal 0.953673 0.300844 0
    outer loop
      vertex 91.8607 59.1588 0
      vertex 91.946 58.8884 10
      vertex 91.946 58.8884 0
    endloop
  endfacet
  facet normal -0.793436 -0.608654 0
    outer loop
      vertex 97.6622 61.8641 0
      vertex 97.4896 62.0891 10
      vertex 97.4896 62.0891 0
    endloop
  endfacet
  facet normal -0.793436 -0.608654 0
    outer loop
      vertex 97.4896 62.0891 10
      vertex 97.6622 61.8641 0
      vertex 97.6622 61.8641 10
    endloop
  endfacet
  facet normal -0.382736 0.923858 0
    outer loop
      vertex 96.3735 57.0545 0
      vertex 96.1116 56.946 10
      vertex 96.3735 57.0545 10
    endloop
  endfacet
  facet normal -0.382736 0.923858 0
    outer loop
      vertex 96.1116 56.946 10
      vertex 96.3735 57.0545 0
      vertex 96.1116 56.946 0
    endloop
  endfacet
  facet normal 0.793436 -0.608654 0
    outer loop
      vertex 92.3378 61.8641 10
      vertex 92.5104 62.0891 0
      vertex 92.5104 62.0891 10
    endloop
  endfacet
  facet normal 0.793436 -0.608654 0
    outer loop
      vertex 92.5104 62.0891 0
      vertex 92.3378 61.8641 10
      vertex 92.3378 61.8641 0
    endloop
  endfacet
  facet normal -0.300844 -0.953673 0
    outer loop
      vertex 95.8412 63.1393 0
      vertex 96.1116 63.054 10
      vertex 95.8412 63.1393 10
    endloop
  endfacet
  facet normal -0.300844 -0.953673 -0
    outer loop
      vertex 96.1116 63.054 10
      vertex 95.8412 63.1393 0
      vertex 96.1116 63.054 0
    endloop
  endfacet
  facet normal 0.923858 -0.382736 0
    outer loop
      vertex 91.946 61.1116 10
      vertex 92.0545 61.3735 0
      vertex 92.0545 61.3735 10
    endloop
  endfacet
  facet normal 0.923858 -0.382736 0
    outer loop
      vertex 92.0545 61.3735 0
      vertex 91.946 61.1116 10
      vertex 91.946 61.1116 0
    endloop
  endfacet
  facet normal 0.923858 0.382736 0
    outer loop
      vertex 92.0545 58.6265 10
      vertex 91.946 58.8884 0
      vertex 91.946 58.8884 10
    endloop
  endfacet
  facet normal 0.923858 0.382736 0
    outer loop
      vertex 91.946 58.8884 0
      vertex 92.0545 58.6265 10
      vertex 92.0545 58.6265 0
    endloop
  endfacet
  facet normal -0.999043 0.043728 0
    outer loop
      vertex 98.2376 59.7167 0
      vertex 98.25 60 10
      vertex 98.25 60 0
    endloop
  endfacet
  facet normal -0.999043 0.043728 0
    outer loop
      vertex 98.25 60 10
      vertex 98.2376 59.7167 0
      vertex 98.2376 59.7167 10
    endloop
  endfacet
  facet normal 0.793436 0.608654 0
    outer loop
      vertex 92.5104 57.9109 10
      vertex 92.3378 58.1359 0
      vertex 92.3378 58.1359 10
    endloop
  endfacet
  facet normal 0.793436 0.608654 0
    outer loop
      vertex 92.3378 58.1359 0
      vertex 92.5104 57.9109 10
      vertex 92.5104 57.9109 0
    endloop
  endfacet
  facet normal -0.382736 -0.923858 0
    outer loop
      vertex 96.1116 63.054 0
      vertex 96.3735 62.9455 10
      vertex 96.1116 63.054 10
    endloop
  endfacet
  facet normal -0.382736 -0.923858 -0
    outer loop
      vertex 96.3735 62.9455 10
      vertex 96.1116 63.054 0
      vertex 96.3735 62.9455 0
    endloop
  endfacet
  facet normal 0.382736 -0.923858 0
    outer loop
      vertex 93.6265 62.9455 0
      vertex 93.8884 63.054 10
      vertex 93.6265 62.9455 10
    endloop
  endfacet
  facet normal 0.382736 -0.923858 0
    outer loop
      vertex 93.8884 63.054 10
      vertex 93.6265 62.9455 0
      vertex 93.8884 63.054 0
    endloop
  endfacet
  facet normal -0.887043 0.461686 0
    outer loop
      vertex 97.8146 58.375 0
      vertex 97.9455 58.6265 10
      vertex 97.9455 58.6265 0
    endloop
  endfacet
  facet normal -0.887043 0.461686 0
    outer loop
      vertex 97.9455 58.6265 10
      vertex 97.8146 58.375 0
      vertex 97.8146 58.375 10
    endloop
  endfacet
  facet normal -0.843269 0.537492 0
    outer loop
      vertex 97.6622 58.1359 0
      vertex 97.8146 58.375 10
      vertex 97.8146 58.375 0
    endloop
  endfacet
  facet normal -0.843269 0.537492 0
    outer loop
      vertex 97.8146 58.375 10
      vertex 97.6622 58.1359 0
      vertex 97.6622 58.1359 10
    endloop
  endfacet
  facet normal -0.923858 0.382736 0
    outer loop
      vertex 97.9455 58.6265 0
      vertex 98.054 58.8884 10
      vertex 98.054 58.8884 0
    endloop
  endfacet
  facet normal -0.923858 0.382736 0
    outer loop
      vertex 98.054 58.8884 10
      vertex 97.9455 58.6265 0
      vertex 97.9455 58.6265 10
    endloop
  endfacet
  facet normal -0.843269 -0.537492 0
    outer loop
      vertex 97.8146 61.625 0
      vertex 97.6622 61.8641 10
      vertex 97.6622 61.8641 0
    endloop
  endfacet
  facet normal -0.843269 -0.537492 0
    outer loop
      vertex 97.6622 61.8641 10
      vertex 97.8146 61.625 0
      vertex 97.8146 61.625 10
    endloop
  endfacet
  facet normal -0.887043 -0.461686 0
    outer loop
      vertex 97.9455 61.3735 0
      vertex 97.8146 61.625 10
      vertex 97.8146 61.625 0
    endloop
  endfacet
  facet normal -0.887043 -0.461686 0
    outer loop
      vertex 97.8146 61.625 10
      vertex 97.9455 61.3735 0
      vertex 97.9455 61.3735 10
    endloop
  endfacet
  facet normal -0.737301 -0.675565 0
    outer loop
      vertex 97.4896 62.0891 0
      vertex 97.2981 62.2981 10
      vertex 97.2981 62.2981 0
    endloop
  endfacet
  facet normal -0.737301 -0.675565 0
    outer loop
      vertex 97.2981 62.2981 10
      vertex 97.4896 62.0891 0
      vertex 97.4896 62.0891 10
    endloop
  endfacet
  facet normal -0.675565 0.737301 0
    outer loop
      vertex 97.2981 57.7019 0
      vertex 97.0891 57.5104 10
      vertex 97.2981 57.7019 10
    endloop
  endfacet
  facet normal -0.675565 0.737301 0
    outer loop
      vertex 97.0891 57.5104 10
      vertex 97.2981 57.7019 0
      vertex 97.0891 57.5104 0
    endloop
  endfacet
  facet normal 0.382736 0.923858 -0
    outer loop
      vertex 93.8884 56.946 0
      vertex 93.6265 57.0545 10
      vertex 93.8884 56.946 10
    endloop
  endfacet
  facet normal 0.382736 0.923858 0
    outer loop
      vertex 93.6265 57.0545 10
      vertex 93.8884 56.946 0
      vertex 93.6265 57.0545 0
    endloop
  endfacet
  facet normal -0.675565 -0.737301 0
    outer loop
      vertex 97.0891 62.4896 0
      vertex 97.2981 62.2981 10
      vertex 97.0891 62.4896 10
    endloop
  endfacet
  facet normal -0.675565 -0.737301 -0
    outer loop
      vertex 97.2981 62.2981 10
      vertex 97.0891 62.4896 0
      vertex 97.2981 62.2981 0
    endloop
  endfacet
  facet normal 0.537492 -0.843269 0
    outer loop
      vertex 93.1359 62.6622 0
      vertex 93.375 62.8146 10
      vertex 93.1359 62.6622 10
    endloop
  endfacet
  facet normal 0.537492 -0.843269 0
    outer loop
      vertex 93.375 62.8146 10
      vertex 93.1359 62.6622 0
      vertex 93.375 62.8146 0
    endloop
  endfacet
  facet normal 0.608654 -0.793436 0
    outer loop
      vertex 92.9109 62.4896 0
      vertex 93.1359 62.6622 10
      vertex 92.9109 62.4896 10
    endloop
  endfacet
  facet normal 0.608654 -0.793436 0
    outer loop
      vertex 93.1359 62.6622 10
      vertex 92.9109 62.4896 0
      vertex 93.1359 62.6622 0
    endloop
  endfacet
  facet normal 0.675565 0.737301 -0
    outer loop
      vertex 92.9109 57.5104 0
      vertex 92.7019 57.7019 10
      vertex 92.9109 57.5104 10
    endloop
  endfacet
  facet normal 0.675565 0.737301 0
    outer loop
      vertex 92.7019 57.7019 10
      vertex 92.9109 57.5104 0
      vertex 92.7019 57.7019 0
    endloop
  endfacet
  facet normal -0.216221 0.976344 0
    outer loop
      vertex 95.8412 56.8607 0
      vertex 95.5644 56.7994 10
      vertex 95.8412 56.8607 10
    endloop
  endfacet
  facet normal -0.216221 0.976344 0
    outer loop
      vertex 95.5644 56.7994 10
      vertex 95.8412 56.8607 0
      vertex 95.5644 56.7994 0
    endloop
  endfacet
  facet normal 0.737301 0.675565 0
    outer loop
      vertex 92.7019 57.7019 10
      vertex 92.5104 57.9109 0
      vertex 92.5104 57.9109 10
    endloop
  endfacet
  facet normal 0.737301 0.675565 0
    outer loop
      vertex 92.5104 57.9109 0
      vertex 92.7019 57.7019 10
      vertex 92.7019 57.7019 0
    endloop
  endfacet
  facet normal -0.991448 0.1305 0
    outer loop
      vertex 98.2006 59.4356 0
      vertex 98.2376 59.7167 10
      vertex 98.2376 59.7167 0
    endloop
  endfacet
  facet normal -0.991448 0.1305 0
    outer loop
      vertex 98.2376 59.7167 10
      vertex 98.2006 59.4356 0
      vertex 98.2006 59.4356 10
    endloop
  endfacet
  facet normal -0.043728 -0.999043 0
    outer loop
      vertex 95 63.25 0
      vertex 95.2833 63.2376 10
      vertex 95 63.25 10
    endloop
  endfacet
  facet normal -0.043728 -0.999043 -0
    outer loop
      vertex 95.2833 63.2376 10
      vertex 95 63.25 0
      vertex 95.2833 63.2376 0
    endloop
  endfacet
  facet normal 0.991448 0.1305 0
    outer loop
      vertex 91.7994 59.4356 10
      vertex 91.7624 59.7167 0
      vertex 91.7624 59.7167 10
    endloop
  endfacet
  facet normal 0.991448 0.1305 0
    outer loop
      vertex 91.7624 59.7167 0
      vertex 91.7994 59.4356 10
      vertex 91.7994 59.4356 0
    endloop
  endfacet
  facet normal 0.887043 -0.461686 0
    outer loop
      vertex 92.0545 61.3735 10
      vertex 92.1854 61.625 0
      vertex 92.1854 61.625 10
    endloop
  endfacet
  facet normal 0.887043 -0.461686 0
    outer loop
      vertex 92.1854 61.625 0
      vertex 92.0545 61.3735 10
      vertex 92.0545 61.3735 0
    endloop
  endfacet
  facet normal -0.608654 0.793436 0
    outer loop
      vertex 97.0891 57.5104 0
      vertex 96.8641 57.3378 10
      vertex 97.0891 57.5104 10
    endloop
  endfacet
  facet normal -0.608654 0.793436 0
    outer loop
      vertex 96.8641 57.3378 10
      vertex 97.0891 57.5104 0
      vertex 96.8641 57.3378 0
    endloop
  endfacet
  facet normal -0.976344 0.216221 0
    outer loop
      vertex 98.1393 59.1588 0
      vertex 98.2006 59.4356 10
      vertex 98.2006 59.4356 0
    endloop
  endfacet
  facet normal -0.976344 0.216221 0
    outer loop
      vertex 98.2006 59.4356 10
      vertex 98.1393 59.1588 0
      vertex 98.1393 59.1588 10
    endloop
  endfacet
  facet normal -0.043728 0.999043 0
    outer loop
      vertex 95.2833 56.7624 0
      vertex 95 56.75 10
      vertex 95.2833 56.7624 10
    endloop
  endfacet
  facet normal -0.043728 0.999043 0
    outer loop
      vertex 95 56.75 10
      vertex 95.2833 56.7624 0
      vertex 95 56.75 0
    endloop
  endfacet
  facet normal 0.843269 0.537492 0
    outer loop
      vertex 92.3378 58.1359 10
      vertex 92.1854 58.375 0
      vertex 92.1854 58.375 10
    endloop
  endfacet
  facet normal 0.843269 0.537492 0
    outer loop
      vertex 92.1854 58.375 0
      vertex 92.3378 58.1359 10
      vertex 92.3378 58.1359 0
    endloop
  endfacet
  facet normal 0.843269 -0.537492 0
    outer loop
      vertex 92.1854 61.625 10
      vertex 92.3378 61.8641 0
      vertex 92.3378 61.8641 10
    endloop
  endfacet
  facet normal 0.843269 -0.537492 0
    outer loop
      vertex 92.3378 61.8641 0
      vertex 92.1854 61.625 10
      vertex 92.1854 61.625 0
    endloop
  endfacet
  facet normal 0.999043 -0.043728 0
    outer loop
      vertex 91.75 60 10
      vertex 91.7624 60.2833 0
      vertex 91.7624 60.2833 10
    endloop
  endfacet
  facet normal 0.999043 -0.043728 0
    outer loop
      vertex 91.7624 60.2833 0
      vertex 91.75 60 10
      vertex 91.75 60 0
    endloop
  endfacet
  facet normal 0.999043 0.043728 0
    outer loop
      vertex 91.7624 59.7167 10
      vertex 91.75 60 0
      vertex 91.75 60 10
    endloop
  endfacet
  facet normal 0.999043 0.043728 0
    outer loop
      vertex 91.75 60 0
      vertex 91.7624 59.7167 10
      vertex 91.7624 59.7167 0
    endloop
  endfacet
  facet normal 0.300844 0.953673 -0
    outer loop
      vertex 94.1588 56.8607 0
      vertex 93.8884 56.946 10
      vertex 94.1588 56.8607 10
    endloop
  endfacet
  facet normal 0.300844 0.953673 0
    outer loop
      vertex 93.8884 56.946 10
      vertex 94.1588 56.8607 0
      vertex 93.8884 56.946 0
    endloop
  endfacet
  facet normal -0.737301 0.675565 0
    outer loop
      vertex 97.2981 57.7019 0
      vertex 97.4896 57.9109 10
      vertex 97.4896 57.9109 0
    endloop
  endfacet
  facet normal -0.737301 0.675565 0
    outer loop
      vertex 97.4896 57.9109 10
      vertex 97.2981 57.7019 0
      vertex 97.2981 57.7019 10
    endloop
  endfacet
  facet normal 0.976344 -0.216221 0
    outer loop
      vertex 91.7994 60.5644 10
      vertex 91.8607 60.8412 0
      vertex 91.8607 60.8412 10
    endloop
  endfacet
  facet normal 0.976344 -0.216221 0
    outer loop
      vertex 91.8607 60.8412 0
      vertex 91.7994 60.5644 10
      vertex 91.7994 60.5644 0
    endloop
  endfacet
  facet normal -0.216221 -0.976344 0
    outer loop
      vertex 95.5644 63.2006 0
      vertex 95.8412 63.1393 10
      vertex 95.5644 63.2006 10
    endloop
  endfacet
  facet normal -0.216221 -0.976344 -0
    outer loop
      vertex 95.8412 63.1393 10
      vertex 95.5644 63.2006 0
      vertex 95.8412 63.1393 0
    endloop
  endfacet
  facet normal -0.991458 0 0.130428
    outer loop
      vertex -82.7842 -75 32.6093
      vertex -82.7586 -69 32.8039
      vertex -82.7842 -69 32.6093
    endloop
  endfacet
  facet normal -0.991458 0 0.130428
    outer loop
      vertex -82.7586 -69 32.8039
      vertex -82.7842 -75 32.6093
      vertex -82.7586 -75 32.8039
    endloop
  endfacet
  facet normal -0.99904 0 0.0438131
    outer loop
      vertex -82.7586 -75 32.8039
      vertex -82.75 -69 33
      vertex -82.7586 -69 32.8039
    endloop
  endfacet
  facet normal -0.99904 0 0.0438131
    outer loop
      vertex -82.75 -69 33
      vertex -82.7586 -75 32.8039
      vertex -82.75 -75 33
    endloop
  endfacet
  facet normal -0.976271 0 0.216553
    outer loop
      vertex -82.8267 -75 32.4177
      vertex -82.7842 -69 32.6093
      vertex -82.8267 -69 32.4177
    endloop
  endfacet
  facet normal -0.976271 0 0.216553
    outer loop
      vertex -82.7842 -69 32.6093
      vertex -82.8267 -75 32.4177
      vertex -82.7842 -75 32.6093
    endloop
  endfacet
  facet normal 0.843242 0 -0.537535
    outer loop
      vertex -86.8431 -75 34.2905
      vertex -86.9486 -69 34.125
      vertex -86.8431 -69 34.2905
    endloop
  endfacet
  facet normal 0.843242 0 -0.537535
    outer loop
      vertex -86.9486 -69 34.125
      vertex -86.8431 -75 34.2905
      vertex -86.9486 -75 34.125
    endloop
  endfacet
  facet normal -0.0438131 0 -0.99904
    outer loop
      vertex -85 -75 35.25
      vertex -84.8039 -69 35.2414
      vertex -84.8039 -75 35.2414
    endloop
  endfacet
  facet normal -0.0438131 0 -0.99904
    outer loop
      vertex -84.8039 -69 35.2414
      vertex -85 -75 35.25
      vertex -85 -69 35.25
    endloop
  endfacet
  facet normal 0.461625 0 -0.887075
    outer loop
      vertex -86.125 -75 34.9486
      vertex -85.9509 -69 35.0392
      vertex -85.9509 -75 35.0392
    endloop
  endfacet
  facet normal 0.461625 0 -0.887075
    outer loop
      vertex -85.9509 -69 35.0392
      vertex -86.125 -75 34.9486
      vertex -86.125 -69 34.9486
    endloop
  endfacet
  facet normal 0.953752 0 -0.300595
    outer loop
      vertex -87.1143 -75 33.7695
      vertex -87.1733 -69 33.5823
      vertex -87.1143 -69 33.7695
    endloop
  endfacet
  facet normal 0.953752 0 -0.300595
    outer loop
      vertex -87.1733 -69 33.5823
      vertex -87.1143 -75 33.7695
      vertex -87.1733 -75 33.5823
    endloop
  endfacet
  facet normal -0.675609 0 0.73726
    outer loop
      vertex -83.5537 -69 31.2764
      vertex -83.409 -75 31.409
      vertex -83.409 -69 31.409
    endloop
  endfacet
  facet normal -0.675609 0 0.73726
    outer loop
      vertex -83.409 -75 31.409
      vertex -83.5537 -69 31.2764
      vertex -83.5537 -75 31.2764
    endloop
  endfacet
  facet normal -0.843242 0 0.537535
    outer loop
      vertex -83.1569 -75 31.7095
      vertex -83.0514 -69 31.875
      vertex -83.1569 -69 31.7095
    endloop
  endfacet
  facet normal -0.843242 0 0.537535
    outer loop
      vertex -83.0514 -69 31.875
      vertex -83.1569 -75 31.7095
      vertex -83.0514 -75 31.875
    endloop
  endfacet
  facet normal 0.0438131 0 -0.99904
    outer loop
      vertex -85.1961 -75 35.2414
      vertex -85 -69 35.25
      vertex -85 -75 35.25
    endloop
  endfacet
  facet normal 0.0438131 0 -0.99904
    outer loop
      vertex -85 -69 35.25
      vertex -85.1961 -75 35.2414
      vertex -85.1961 -69 35.2414
    endloop
  endfacet
  facet normal 0.793475 -0 0.608603
    outer loop
      vertex -86.8431 -75 31.7095
      vertex -86.7236 -69 31.5537
      vertex -86.8431 -69 31.7095
    endloop
  endfacet
  facet normal 0.793475 0 0.608603
    outer loop
      vertex -86.7236 -69 31.5537
      vertex -86.8431 -75 31.7095
      vertex -86.7236 -75 31.5537
    endloop
  endfacet
  facet normal 0.0438131 0 0.99904
    outer loop
      vertex -85.1961 -69 30.7586
      vertex -85 -75 30.75
      vertex -85 -69 30.75
    endloop
  endfacet
  facet normal 0.0438131 0 0.99904
    outer loop
      vertex -85 -75 30.75
      vertex -85.1961 -69 30.7586
      vertex -85.1961 -75 30.7586
    endloop
  endfacet
  facet normal 0.382517 0 -0.923949
    outer loop
      vertex -85.9509 -75 35.0392
      vertex -85.7695 -69 35.1143
      vertex -85.7695 -75 35.1143
    endloop
  endfacet
  facet normal 0.382517 0 -0.923949
    outer loop
      vertex -85.7695 -69 35.1143
      vertex -85.9509 -75 35.0392
      vertex -85.9509 -69 35.0392
    endloop
  endfacet
  facet normal -0.461625 0 0.887075
    outer loop
      vertex -84.0491 -69 30.9608
      vertex -83.875 -75 31.0514
      vertex -83.875 -69 31.0514
    endloop
  endfacet
  facet normal -0.461625 0 0.887075
    outer loop
      vertex -83.875 -75 31.0514
      vertex -84.0491 -69 30.9608
      vertex -84.0491 -75 30.9608
    endloop
  endfacet
  facet normal 0.991458 -0 0.130428
    outer loop
      vertex -87.2414 -75 32.8039
      vertex -87.2158 -69 32.6093
      vertex -87.2414 -69 32.8039
    endloop
  endfacet
  facet normal 0.991458 0 0.130428
    outer loop
      vertex -87.2158 -69 32.6093
      vertex -87.2414 -75 32.8039
      vertex -87.2158 -75 32.6093
    endloop
  endfacet
  facet normal -0.216553 0 0.976271
    outer loop
      vertex -84.6093 -69 30.7842
      vertex -84.4177 -75 30.8267
      vertex -84.4177 -69 30.8267
    endloop
  endfacet
  facet normal -0.216553 0 0.976271
    outer loop
      vertex -84.4177 -75 30.8267
      vertex -84.6093 -69 30.7842
      vertex -84.6093 -75 30.7842
    endloop
  endfacet
  facet normal 0.300595 0 -0.953752
    outer loop
      vertex -85.7695 -75 35.1143
      vertex -85.5823 -69 35.1733
      vertex -85.5823 -75 35.1733
    endloop
  endfacet
  facet normal 0.300595 0 -0.953752
    outer loop
      vertex -85.5823 -69 35.1733
      vertex -85.7695 -75 35.1143
      vertex -85.7695 -69 35.1143
    endloop
  endfacet
  facet normal -0.73726 0 0.675609
    outer loop
      vertex -83.409 -75 31.409
      vertex -83.2764 -69 31.5537
      vertex -83.409 -69 31.409
    endloop
  endfacet
  facet normal -0.73726 0 0.675609
    outer loop
      vertex -83.2764 -69 31.5537
      vertex -83.409 -75 31.409
      vertex -83.2764 -75 31.5537
    endloop
  endfacet
  facet normal -0.887075 0 -0.461625
    outer loop
      vertex -82.9608 -75 33.9509
      vertex -83.0514 -69 34.125
      vertex -82.9608 -69 33.9509
    endloop
  endfacet
  facet normal -0.887075 -0 -0.461625
    outer loop
      vertex -83.0514 -69 34.125
      vertex -82.9608 -75 33.9509
      vertex -83.0514 -75 34.125
    endloop
  endfacet
  facet normal 0.608603 0 0.793475
    outer loop
      vertex -86.4463 -69 31.2764
      vertex -86.2905 -75 31.1569
      vertex -86.2905 -69 31.1569
    endloop
  endfacet
  facet normal 0.608603 0 0.793475
    outer loop
      vertex -86.2905 -75 31.1569
      vertex -86.4463 -69 31.2764
      vertex -86.4463 -75 31.2764
    endloop
  endfacet
  facet normal -0.976271 0 -0.216553
    outer loop
      vertex -82.7842 -75 33.3907
      vertex -82.8267 -69 33.5823
      vertex -82.7842 -69 33.3907
    endloop
  endfacet
  facet normal -0.976271 -0 -0.216553
    outer loop
      vertex -82.8267 -69 33.5823
      vertex -82.7842 -75 33.3907
      vertex -82.8267 -75 33.5823
    endloop
  endfacet
  facet normal 0.216553 0 0.976271
    outer loop
      vertex -85.5823 -69 30.8267
      vertex -85.3907 -75 30.7842
      vertex -85.3907 -69 30.7842
    endloop
  endfacet
  facet normal 0.216553 0 0.976271
    outer loop
      vertex -85.3907 -75 30.7842
      vertex -85.5823 -69 30.8267
      vertex -85.5823 -75 30.8267
    endloop
  endfacet
  facet normal -0.382517 0 -0.923949
    outer loop
      vertex -84.2305 -75 35.1143
      vertex -84.0491 -69 35.0392
      vertex -84.0491 -75 35.0392
    endloop
  endfacet
  facet normal -0.382517 0 -0.923949
    outer loop
      vertex -84.0491 -69 35.0392
      vertex -84.2305 -75 35.1143
      vertex -84.2305 -69 35.1143
    endloop
  endfacet
  facet normal -0.923949 0 0.382517
    outer loop
      vertex -82.9608 -75 32.0491
      vertex -82.8857 -69 32.2305
      vertex -82.9608 -69 32.0491
    endloop
  endfacet
  facet normal -0.923949 0 0.382517
    outer loop
      vertex -82.8857 -69 32.2305
      vertex -82.9608 -75 32.0491
      vertex -82.8857 -75 32.2305
    endloop
  endfacet
  facet normal 0.461625 0 0.887075
    outer loop
      vertex -86.125 -69 31.0514
      vertex -85.9509 -75 30.9608
      vertex -85.9509 -69 30.9608
    endloop
  endfacet
  facet normal 0.461625 0 0.887075
    outer loop
      vertex -85.9509 -75 30.9608
      vertex -86.125 -69 31.0514
      vertex -86.125 -75 31.0514
    endloop
  endfacet
  facet normal 0.675609 0 -0.73726
    outer loop
      vertex -86.591 -75 34.591
      vertex -86.4463 -69 34.7236
      vertex -86.4463 -75 34.7236
    endloop
  endfacet
  facet normal 0.675609 0 -0.73726
    outer loop
      vertex -86.4463 -69 34.7236
      vertex -86.591 -75 34.591
      vertex -86.591 -69 34.591
    endloop
  endfacet
  facet normal -0.382517 0 0.923949
    outer loop
      vertex -84.2305 -69 30.8857
      vertex -84.0491 -75 30.9608
      vertex -84.0491 -69 30.9608
    endloop
  endfacet
  facet normal -0.382517 0 0.923949
    outer loop
      vertex -84.0491 -75 30.9608
      vertex -84.2305 -69 30.8857
      vertex -84.2305 -75 30.8857
    endloop
  endfacet
  facet normal 0.976271 -0 0.216553
    outer loop
      vertex -87.2158 -75 32.6093
      vertex -87.1733 -69 32.4177
      vertex -87.2158 -69 32.6093
    endloop
  endfacet
  facet normal 0.976271 0 0.216553
    outer loop
      vertex -87.1733 -69 32.4177
      vertex -87.2158 -75 32.6093
      vertex -87.1733 -75 32.4177
    endloop
  endfacet
  facet normal 0.99904 -0 0.0438131
    outer loop
      vertex -87.25 -75 33
      vertex -87.2414 -69 32.8039
      vertex -87.25 -69 33
    endloop
  endfacet
  facet normal 0.99904 0 0.0438131
    outer loop
      vertex -87.2414 -69 32.8039
      vertex -87.25 -75 33
      vertex -87.2414 -75 32.8039
    endloop
  endfacet
  facet normal -0.130428 0 0.991458
    outer loop
      vertex -84.8039 -69 30.7586
      vertex -84.6093 -75 30.7842
      vertex -84.6093 -69 30.7842
    endloop
  endfacet
  facet normal -0.130428 0 0.991458
    outer loop
      vertex -84.6093 -75 30.7842
      vertex -84.8039 -69 30.7586
      vertex -84.8039 -75 30.7586
    endloop
  endfacet
  facet normal -0.130428 0 -0.991458
    outer loop
      vertex -84.8039 -75 35.2414
      vertex -84.6093 -69 35.2158
      vertex -84.6093 -75 35.2158
    endloop
  endfacet
  facet normal -0.130428 0 -0.991458
    outer loop
      vertex -84.6093 -69 35.2158
      vertex -84.8039 -75 35.2414
      vertex -84.8039 -69 35.2414
    endloop
  endfacet
  facet normal 0.976271 0 -0.216553
    outer loop
      vertex -87.1733 -75 33.5823
      vertex -87.2158 -69 33.3907
      vertex -87.1733 -69 33.5823
    endloop
  endfacet
  facet normal 0.976271 0 -0.216553
    outer loop
      vertex -87.2158 -69 33.3907
      vertex -87.1733 -75 33.5823
      vertex -87.2158 -75 33.3907
    endloop
  endfacet
  facet normal -0.73726 0 -0.675609
    outer loop
      vertex -83.2764 -75 34.4463
      vertex -83.409 -69 34.591
      vertex -83.2764 -69 34.4463
    endloop
  endfacet
  facet normal -0.73726 -0 -0.675609
    outer loop
      vertex -83.409 -69 34.591
      vertex -83.2764 -75 34.4463
      vertex -83.409 -75 34.591
    endloop
  endfacet
  facet normal -0.461625 0 -0.887075
    outer loop
      vertex -84.0491 -75 35.0392
      vertex -83.875 -69 34.9486
      vertex -83.875 -75 34.9486
    endloop
  endfacet
  facet normal -0.461625 0 -0.887075
    outer loop
      vertex -83.875 -69 34.9486
      vertex -84.0491 -75 35.0392
      vertex -84.0491 -69 35.0392
    endloop
  endfacet
  facet normal 0.923949 -0 0.382517
    outer loop
      vertex -87.1143 -75 32.2305
      vertex -87.0392 -69 32.0491
      vertex -87.1143 -69 32.2305
    endloop
  endfacet
  facet normal 0.923949 0 0.382517
    outer loop
      vertex -87.0392 -69 32.0491
      vertex -87.1143 -75 32.2305
      vertex -87.0392 -75 32.0491
    endloop
  endfacet
  facet normal 0.300595 0 0.953752
    outer loop
      vertex -85.7695 -69 30.8857
      vertex -85.5823 -75 30.8267
      vertex -85.5823 -69 30.8267
    endloop
  endfacet
  facet normal 0.300595 0 0.953752
    outer loop
      vertex -85.5823 -75 30.8267
      vertex -85.7695 -69 30.8857
      vertex -85.7695 -75 30.8857
    endloop
  endfacet
  facet normal -0.537304 0 0.843389
    outer loop
      vertex -83.875 -69 31.0514
      vertex -83.7094 -75 31.1569
      vertex -83.7094 -69 31.1569
    endloop
  endfacet
  facet normal -0.537304 0 0.843389
    outer loop
      vertex -83.7094 -75 31.1569
      vertex -83.875 -69 31.0514
      vertex -83.875 -75 31.0514
    endloop
  endfacet
  facet normal 0.537535 0 -0.843242
    outer loop
      vertex -86.2905 -75 34.8431
      vertex -86.125 -69 34.9486
      vertex -86.125 -75 34.9486
    endloop
  endfacet
  facet normal 0.537535 0 -0.843242
    outer loop
      vertex -86.125 -69 34.9486
      vertex -86.2905 -75 34.8431
      vertex -86.2905 -69 34.8431
    endloop
  endfacet
  facet normal -0.843242 0 -0.537535
    outer loop
      vertex -83.0514 -75 34.125
      vertex -83.1569 -69 34.2905
      vertex -83.0514 -69 34.125
    endloop
  endfacet
  facet normal -0.843242 -0 -0.537535
    outer loop
      vertex -83.1569 -69 34.2905
      vertex -83.0514 -75 34.125
      vertex -83.1569 -75 34.2905
    endloop
  endfacet
  facet normal -0.608849 0 0.793286
    outer loop
      vertex -83.7094 -69 31.1569
      vertex -83.5537 -75 31.2764
      vertex -83.5537 -69 31.2764
    endloop
  endfacet
  facet normal -0.608849 0 0.793286
    outer loop
      vertex -83.5537 -75 31.2764
      vertex -83.7094 -69 31.1569
      vertex -83.7094 -75 31.1569
    endloop
  endfacet
  facet normal -0.991458 0 -0.130428
    outer loop
      vertex -82.7586 -75 33.1961
      vertex -82.7842 -69 33.3907
      vertex -82.7586 -69 33.1961
    endloop
  endfacet
  facet normal -0.991458 -0 -0.130428
    outer loop
      vertex -82.7842 -69 33.3907
      vertex -82.7586 -75 33.1961
      vertex -82.7842 -75 33.3907
    endloop
  endfacet
  facet normal 0.216553 0 -0.976271
    outer loop
      vertex -85.5823 -75 35.1733
      vertex -85.3907 -69 35.2158
      vertex -85.3907 -75 35.2158
    endloop
  endfacet
  facet normal 0.216553 0 -0.976271
    outer loop
      vertex -85.3907 -69 35.2158
      vertex -85.5823 -75 35.1733
      vertex -85.5823 -69 35.1733
    endloop
  endfacet
  facet normal -0.953752 0 0.300595
    outer loop
      vertex -82.8857 -75 32.2305
      vertex -82.8267 -69 32.4177
      vertex -82.8857 -69 32.2305
    endloop
  endfacet
  facet normal -0.953752 0 0.300595
    outer loop
      vertex -82.8267 -69 32.4177
      vertex -82.8857 -75 32.2305
      vertex -82.8267 -75 32.4177
    endloop
  endfacet
  facet normal -0.887075 0 0.461625
    outer loop
      vertex -83.0514 -75 31.875
      vertex -82.9608 -69 32.0491
      vertex -83.0514 -69 31.875
    endloop
  endfacet
  facet normal -0.887075 0 0.461625
    outer loop
      vertex -82.9608 -69 32.0491
      vertex -83.0514 -75 31.875
      vertex -82.9608 -75 32.0491
    endloop
  endfacet
  facet normal -0.99904 0 -0.0438131
    outer loop
      vertex -82.75 -75 33
      vertex -82.7586 -69 33.1961
      vertex -82.75 -69 33
    endloop
  endfacet
  facet normal -0.99904 -0 -0.0438131
    outer loop
      vertex -82.7586 -69 33.1961
      vertex -82.75 -75 33
      vertex -82.7586 -75 33.1961
    endloop
  endfacet
  facet normal -0.300595 0 0.953752
    outer loop
      vertex -84.4177 -69 30.8267
      vertex -84.2305 -75 30.8857
      vertex -84.2305 -69 30.8857
    endloop
  endfacet
  facet normal -0.300595 0 0.953752
    outer loop
      vertex -84.2305 -75 30.8857
      vertex -84.4177 -69 30.8267
      vertex -84.4177 -75 30.8267
    endloop
  endfacet
  facet normal 0.675609 0 0.73726
    outer loop
      vertex -86.591 -69 31.409
      vertex -86.4463 -75 31.2764
      vertex -86.4463 -69 31.2764
    endloop
  endfacet
  facet normal 0.675609 0 0.73726
    outer loop
      vertex -86.4463 -75 31.2764
      vertex -86.591 -69 31.409
      vertex -86.591 -75 31.409
    endloop
  endfacet
  facet normal 0.887075 0 -0.461625
    outer loop
      vertex -86.9486 -75 34.125
      vertex -87.0392 -69 33.9509
      vertex -86.9486 -69 34.125
    endloop
  endfacet
  facet normal 0.887075 0 -0.461625
    outer loop
      vertex -87.0392 -69 33.9509
      vertex -86.9486 -75 34.125
      vertex -87.0392 -75 33.9509
    endloop
  endfacet
  facet normal -0.0438131 0 0.99904
    outer loop
      vertex -85 -69 30.75
      vertex -84.8039 -75 30.7586
      vertex -84.8039 -69 30.7586
    endloop
  endfacet
  facet normal -0.0438131 0 0.99904
    outer loop
      vertex -84.8039 -75 30.7586
      vertex -85 -69 30.75
      vertex -85 -75 30.75
    endloop
  endfacet
  facet normal 0.382517 0 0.923949
    outer loop
      vertex -85.9509 -69 30.9608
      vertex -85.7695 -75 30.8857
      vertex -85.7695 -69 30.8857
    endloop
  endfacet
  facet normal 0.382517 0 0.923949
    outer loop
      vertex -85.7695 -75 30.8857
      vertex -85.9509 -69 30.9608
      vertex -85.9509 -75 30.9608
    endloop
  endfacet
  facet normal 0.99904 0 -0.0438131
    outer loop
      vertex -87.2414 -75 33.1961
      vertex -87.25 -69 33
      vertex -87.2414 -69 33.1961
    endloop
  endfacet
  facet normal 0.99904 0 -0.0438131
    outer loop
      vertex -87.25 -69 33
      vertex -87.2414 -75 33.1961
      vertex -87.25 -75 33
    endloop
  endfacet
  facet normal -0.608849 0 -0.793286
    outer loop
      vertex -83.7094 -75 34.8431
      vertex -83.5537 -69 34.7236
      vertex -83.5537 -75 34.7236
    endloop
  endfacet
  facet normal -0.608849 0 -0.793286
    outer loop
      vertex -83.5537 -69 34.7236
      vertex -83.7094 -75 34.8431
      vertex -83.7094 -69 34.8431
    endloop
  endfacet
  facet normal 0.130428 0 0.991458
    outer loop
      vertex -85.3907 -69 30.7842
      vertex -85.1961 -75 30.7586
      vertex -85.1961 -69 30.7586
    endloop
  endfacet
  facet normal 0.130428 0 0.991458
    outer loop
      vertex -85.1961 -75 30.7586
      vertex -85.3907 -69 30.7842
      vertex -85.3907 -75 30.7842
    endloop
  endfacet
  facet normal -0.953752 0 -0.300595
    outer loop
      vertex -82.8267 -75 33.5823
      vertex -82.8857 -69 33.7695
      vertex -82.8267 -69 33.5823
    endloop
  endfacet
  facet normal -0.953752 -0 -0.300595
    outer loop
      vertex -82.8857 -69 33.7695
      vertex -82.8267 -75 33.5823
      vertex -82.8857 -75 33.7695
    endloop
  endfacet
  facet normal -0.300595 0 -0.953752
    outer loop
      vertex -84.4177 -75 35.1733
      vertex -84.2305 -69 35.1143
      vertex -84.2305 -75 35.1143
    endloop
  endfacet
  facet normal -0.300595 0 -0.953752
    outer loop
      vertex -84.2305 -69 35.1143
      vertex -84.4177 -75 35.1733
      vertex -84.4177 -69 35.1733
    endloop
  endfacet
  facet normal -0.216553 0 -0.976271
    outer loop
      vertex -84.6093 -75 35.2158
      vertex -84.4177 -69 35.1733
      vertex -84.4177 -75 35.1733
    endloop
  endfacet
  facet normal -0.216553 0 -0.976271
    outer loop
      vertex -84.4177 -69 35.1733
      vertex -84.6093 -75 35.2158
      vertex -84.6093 -69 35.2158
    endloop
  endfacet
  facet normal -0.793475 0 -0.608603
    outer loop
      vertex -83.1569 -75 34.2905
      vertex -83.2764 -69 34.4463
      vertex -83.1569 -69 34.2905
    endloop
  endfacet
  facet normal -0.793475 -0 -0.608603
    outer loop
      vertex -83.2764 -69 34.4463
      vertex -83.1569 -75 34.2905
      vertex -83.2764 -75 34.4463
    endloop
  endfacet
  facet normal 0.991458 0 -0.130428
    outer loop
      vertex -87.2158 -75 33.3907
      vertex -87.2414 -69 33.1961
      vertex -87.2158 -69 33.3907
    endloop
  endfacet
  facet normal 0.991458 0 -0.130428
    outer loop
      vertex -87.2414 -69 33.1961
      vertex -87.2158 -75 33.3907
      vertex -87.2414 -75 33.1961
    endloop
  endfacet
  facet normal 0.73726 -0 0.675609
    outer loop
      vertex -86.7236 -75 31.5537
      vertex -86.591 -69 31.409
      vertex -86.7236 -69 31.5537
    endloop
  endfacet
  facet normal 0.73726 0 0.675609
    outer loop
      vertex -86.591 -69 31.409
      vertex -86.7236 -75 31.5537
      vertex -86.591 -75 31.409
    endloop
  endfacet
  facet normal 0.73726 0 -0.675609
    outer loop
      vertex -86.591 -75 34.591
      vertex -86.7236 -69 34.4463
      vertex -86.591 -69 34.591
    endloop
  endfacet
  facet normal 0.73726 0 -0.675609
    outer loop
      vertex -86.7236 -69 34.4463
      vertex -86.591 -75 34.591
      vertex -86.7236 -75 34.4463
    endloop
  endfacet
  facet normal -0.923949 0 -0.382517
    outer loop
      vertex -82.8857 -75 33.7695
      vertex -82.9608 -69 33.9509
      vertex -82.8857 -69 33.7695
    endloop
  endfacet
  facet normal -0.923949 -0 -0.382517
    outer loop
      vertex -82.9608 -69 33.9509
      vertex -82.8857 -75 33.7695
      vertex -82.9608 -75 33.9509
    endloop
  endfacet
  facet normal 0.953752 -0 0.300595
    outer loop
      vertex -87.1733 -75 32.4177
      vertex -87.1143 -69 32.2305
      vertex -87.1733 -69 32.4177
    endloop
  endfacet
  facet normal 0.953752 0 0.300595
    outer loop
      vertex -87.1143 -69 32.2305
      vertex -87.1733 -75 32.4177
      vertex -87.1143 -75 32.2305
    endloop
  endfacet
  facet normal 0.793475 0 -0.608603
    outer loop
      vertex -86.7236 -75 34.4463
      vertex -86.8431 -69 34.2905
      vertex -86.7236 -69 34.4463
    endloop
  endfacet
  facet normal 0.793475 0 -0.608603
    outer loop
      vertex -86.8431 -69 34.2905
      vertex -86.7236 -75 34.4463
      vertex -86.8431 -75 34.2905
    endloop
  endfacet
  facet normal 0.923949 0 -0.382517
    outer loop
      vertex -87.0392 -75 33.9509
      vertex -87.1143 -69 33.7695
      vertex -87.0392 -69 33.9509
    endloop
  endfacet
  facet normal 0.923949 0 -0.382517
    outer loop
      vertex -87.1143 -69 33.7695
      vertex -87.0392 -75 33.9509
      vertex -87.1143 -75 33.7695
    endloop
  endfacet
  facet normal 0.537535 0 0.843242
    outer loop
      vertex -86.2905 -69 31.1569
      vertex -86.125 -75 31.0514
      vertex -86.125 -69 31.0514
    endloop
  endfacet
  facet normal 0.537535 0 0.843242
    outer loop
      vertex -86.125 -75 31.0514
      vertex -86.2905 -69 31.1569
      vertex -86.2905 -75 31.1569
    endloop
  endfacet
  facet normal -0.537304 0 -0.843389
    outer loop
      vertex -83.875 -75 34.9486
      vertex -83.7094 -69 34.8431
      vertex -83.7094 -75 34.8431
    endloop
  endfacet
  facet normal -0.537304 0 -0.843389
    outer loop
      vertex -83.7094 -69 34.8431
      vertex -83.875 -75 34.9486
      vertex -83.875 -69 34.9486
    endloop
  endfacet
  facet normal 0.130428 0 -0.991458
    outer loop
      vertex -85.3907 -75 35.2158
      vertex -85.1961 -69 35.2414
      vertex -85.1961 -75 35.2414
    endloop
  endfacet
  facet normal 0.130428 0 -0.991458
    outer loop
      vertex -85.1961 -69 35.2414
      vertex -85.3907 -75 35.2158
      vertex -85.3907 -69 35.2158
    endloop
  endfacet
  facet normal -0.675609 0 -0.73726
    outer loop
      vertex -83.5537 -75 34.7236
      vertex -83.409 -69 34.591
      vertex -83.409 -75 34.591
    endloop
  endfacet
  facet normal -0.675609 0 -0.73726
    outer loop
      vertex -83.409 -69 34.591
      vertex -83.5537 -75 34.7236
      vertex -83.5537 -69 34.7236
    endloop
  endfacet
  facet normal -0.793475 0 0.608603
    outer loop
      vertex -83.2764 -75 31.5537
      vertex -83.1569 -69 31.7095
      vertex -83.2764 -69 31.5537
    endloop
  endfacet
  facet normal -0.793475 0 0.608603
    outer loop
      vertex -83.1569 -69 31.7095
      vertex -83.2764 -75 31.5537
      vertex -83.1569 -75 31.7095
    endloop
  endfacet
  facet normal 0.887075 -0 0.461625
    outer loop
      vertex -87.0392 -75 32.0491
      vertex -86.9486 -69 31.875
      vertex -87.0392 -69 32.0491
    endloop
  endfacet
  facet normal 0.887075 0 0.461625
    outer loop
      vertex -86.9486 -69 31.875
      vertex -87.0392 -75 32.0491
      vertex -86.9486 -75 31.875
    endloop
  endfacet
  facet normal 0.608603 0 -0.793475
    outer loop
      vertex -86.4463 -75 34.7236
      vertex -86.2905 -69 34.8431
      vertex -86.2905 -75 34.8431
    endloop
  endfacet
  facet normal 0.608603 0 -0.793475
    outer loop
      vertex -86.2905 -69 34.8431
      vertex -86.4463 -75 34.7236
      vertex -86.4463 -69 34.7236
    endloop
  endfacet
  facet normal 0.843242 -0 0.537535
    outer loop
      vertex -86.9486 -75 31.875
      vertex -86.8431 -69 31.7095
      vertex -86.9486 -69 31.875
    endloop
  endfacet
  facet normal 0.843242 0 0.537535
    outer loop
      vertex -86.8431 -69 31.7095
      vertex -86.9486 -75 31.875
      vertex -86.8431 -75 31.7095
    endloop
  endfacet
  facet normal -0.991458 0 0.130428
    outer loop
      vertex -22.7842 -75 32.6093
      vertex -22.7586 -69 32.8039
      vertex -22.7842 -69 32.6093
    endloop
  endfacet
  facet normal -0.991458 0 0.130428
    outer loop
      vertex -22.7586 -69 32.8039
      vertex -22.7842 -75 32.6093
      vertex -22.7586 -75 32.8039
    endloop
  endfacet
  facet normal -0.99904 0 0.0438131
    outer loop
      vertex -22.7586 -75 32.8039
      vertex -22.75 -69 33
      vertex -22.7586 -69 32.8039
    endloop
  endfacet
  facet normal -0.99904 0 0.0438131
    outer loop
      vertex -22.75 -69 33
      vertex -22.7586 -75 32.8039
      vertex -22.75 -75 33
    endloop
  endfacet
  facet normal -0.976271 0 0.216553
    outer loop
      vertex -22.8267 -75 32.4177
      vertex -22.7842 -69 32.6093
      vertex -22.8267 -69 32.4177
    endloop
  endfacet
  facet normal -0.976271 0 0.216553
    outer loop
      vertex -22.7842 -69 32.6093
      vertex -22.8267 -75 32.4177
      vertex -22.7842 -75 32.6093
    endloop
  endfacet
  facet normal 0.608603 0 -0.793475
    outer loop
      vertex -26.4463 -75 34.7236
      vertex -26.2905 -69 34.8431
      vertex -26.2905 -75 34.8431
    endloop
  endfacet
  facet normal 0.608603 0 -0.793475
    outer loop
      vertex -26.2905 -69 34.8431
      vertex -26.4463 -75 34.7236
      vertex -26.4463 -69 34.7236
    endloop
  endfacet
  facet normal 0.843242 0 -0.537535
    outer loop
      vertex -26.8431 -75 34.2905
      vertex -26.9486 -69 34.125
      vertex -26.8431 -69 34.2905
    endloop
  endfacet
  facet normal 0.843242 0 -0.537535
    outer loop
      vertex -26.9486 -69 34.125
      vertex -26.8431 -75 34.2905
      vertex -26.9486 -75 34.125
    endloop
  endfacet
  facet normal -0.0438131 0 -0.99904
    outer loop
      vertex -25 -75 35.25
      vertex -24.8039 -69 35.2414
      vertex -24.8039 -75 35.2414
    endloop
  endfacet
  facet normal -0.0438131 0 -0.99904
    outer loop
      vertex -24.8039 -69 35.2414
      vertex -25 -75 35.25
      vertex -25 -69 35.25
    endloop
  endfacet
  facet normal 0.461625 0 -0.887075
    outer loop
      vertex -26.125 -75 34.9486
      vertex -25.9509 -69 35.0392
      vertex -25.9509 -75 35.0392
    endloop
  endfacet
  facet normal 0.461625 0 -0.887075
    outer loop
      vertex -25.9509 -69 35.0392
      vertex -26.125 -75 34.9486
      vertex -26.125 -69 34.9486
    endloop
  endfacet
  facet normal 0.953752 0 -0.300595
    outer loop
      vertex -27.1143 -75 33.7695
      vertex -27.1733 -69 33.5823
      vertex -27.1143 -69 33.7695
    endloop
  endfacet
  facet normal 0.953752 0 -0.300595
    outer loop
      vertex -27.1733 -69 33.5823
      vertex -27.1143 -75 33.7695
      vertex -27.1733 -75 33.5823
    endloop
  endfacet
  facet normal -0.675609 0 0.73726
    outer loop
      vertex -23.5537 -69 31.2764
      vertex -23.409 -75 31.409
      vertex -23.409 -69 31.409
    endloop
  endfacet
  facet normal -0.675609 0 0.73726
    outer loop
      vertex -23.409 -75 31.409
      vertex -23.5537 -69 31.2764
      vertex -23.5537 -75 31.2764
    endloop
  endfacet
  facet normal -0.843242 0 0.537535
    outer loop
      vertex -23.1569 -75 31.7095
      vertex -23.0514 -69 31.875
      vertex -23.1569 -69 31.7095
    endloop
  endfacet
  facet normal -0.843242 0 0.537535
    outer loop
      vertex -23.0514 -69 31.875
      vertex -23.1569 -75 31.7095
      vertex -23.0514 -75 31.875
    endloop
  endfacet
  facet normal 0.0438131 0 -0.99904
    outer loop
      vertex -25.1961 -75 35.2414
      vertex -25 -69 35.25
      vertex -25 -75 35.25
    endloop
  endfacet
  facet normal 0.0438131 0 -0.99904
    outer loop
      vertex -25 -69 35.25
      vertex -25.1961 -75 35.2414
      vertex -25.1961 -69 35.2414
    endloop
  endfacet
  facet normal 0.793475 -0 0.608603
    outer loop
      vertex -26.8431 -75 31.7095
      vertex -26.7236 -69 31.5537
      vertex -26.8431 -69 31.7095
    endloop
  endfacet
  facet normal 0.793475 0 0.608603
    outer loop
      vertex -26.7236 -69 31.5537
      vertex -26.8431 -75 31.7095
      vertex -26.7236 -75 31.5537
    endloop
  endfacet
  facet normal 0.0438131 0 0.99904
    outer loop
      vertex -25.1961 -69 30.7586
      vertex -25 -75 30.75
      vertex -25 -69 30.75
    endloop
  endfacet
  facet normal 0.0438131 0 0.99904
    outer loop
      vertex -25 -75 30.75
      vertex -25.1961 -69 30.7586
      vertex -25.1961 -75 30.7586
    endloop
  endfacet
  facet normal 0.382517 0 -0.923949
    outer loop
      vertex -25.9509 -75 35.0392
      vertex -25.7695 -69 35.1143
      vertex -25.7695 -75 35.1143
    endloop
  endfacet
  facet normal 0.382517 0 -0.923949
    outer loop
      vertex -25.7695 -69 35.1143
      vertex -25.9509 -75 35.0392
      vertex -25.9509 -69 35.0392
    endloop
  endfacet
  facet normal -0.461625 0 0.887075
    outer loop
      vertex -24.0491 -69 30.9608
      vertex -23.875 -75 31.0514
      vertex -23.875 -69 31.0514
    endloop
  endfacet
  facet normal -0.461625 0 0.887075
    outer loop
      vertex -23.875 -75 31.0514
      vertex -24.0491 -69 30.9608
      vertex -24.0491 -75 30.9608
    endloop
  endfacet
  facet normal 0.991458 -0 0.130428
    outer loop
      vertex -27.2414 -75 32.8039
      vertex -27.2158 -69 32.6093
      vertex -27.2414 -69 32.8039
    endloop
  endfacet
  facet normal 0.991458 0 0.130428
    outer loop
      vertex -27.2158 -69 32.6093
      vertex -27.2414 -75 32.8039
      vertex -27.2158 -75 32.6093
    endloop
  endfacet
  facet normal -0.216553 0 0.976271
    outer loop
      vertex -24.6093 -69 30.7842
      vertex -24.4177 -75 30.8267
      vertex -24.4177 -69 30.8267
    endloop
  endfacet
  facet normal -0.216553 0 0.976271
    outer loop
      vertex -24.4177 -75 30.8267
      vertex -24.6093 -69 30.7842
      vertex -24.6093 -75 30.7842
    endloop
  endfacet
  facet normal 0.300595 0 -0.953752
    outer loop
      vertex -25.7695 -75 35.1143
      vertex -25.5823 -69 35.1733
      vertex -25.5823 -75 35.1733
    endloop
  endfacet
  facet normal 0.300595 0 -0.953752
    outer loop
      vertex -25.5823 -69 35.1733
      vertex -25.7695 -75 35.1143
      vertex -25.7695 -69 35.1143
    endloop
  endfacet
  facet normal -0.73726 0 0.675609
    outer loop
      vertex -23.409 -75 31.409
      vertex -23.2764 -69 31.5537
      vertex -23.409 -69 31.409
    endloop
  endfacet
  facet normal -0.73726 0 0.675609
    outer loop
      vertex -23.2764 -69 31.5537
      vertex -23.409 -75 31.409
      vertex -23.2764 -75 31.5537
    endloop
  endfacet
  facet normal -0.887075 0 -0.461625
    outer loop
      vertex -22.9608 -75 33.9509
      vertex -23.0514 -69 34.125
      vertex -22.9608 -69 33.9509
    endloop
  endfacet
  facet normal -0.887075 -0 -0.461625
    outer loop
      vertex -23.0514 -69 34.125
      vertex -22.9608 -75 33.9509
      vertex -23.0514 -75 34.125
    endloop
  endfacet
  facet normal 0.608603 0 0.793475
    outer loop
      vertex -26.4463 -69 31.2764
      vertex -26.2905 -75 31.1569
      vertex -26.2905 -69 31.1569
    endloop
  endfacet
  facet normal 0.608603 0 0.793475
    outer loop
      vertex -26.2905 -75 31.1569
      vertex -26.4463 -69 31.2764
      vertex -26.4463 -75 31.2764
    endloop
  endfacet
  facet normal -0.976271 0 -0.216553
    outer loop
      vertex -22.7842 -75 33.3907
      vertex -22.8267 -69 33.5823
      vertex -22.7842 -69 33.3907
    endloop
  endfacet
  facet normal -0.976271 -0 -0.216553
    outer loop
      vertex -22.8267 -69 33.5823
      vertex -22.7842 -75 33.3907
      vertex -22.8267 -75 33.5823
    endloop
  endfacet
  facet normal 0.216553 0 0.976271
    outer loop
      vertex -25.5823 -69 30.8267
      vertex -25.3907 -75 30.7842
      vertex -25.3907 -69 30.7842
    endloop
  endfacet
  facet normal 0.216553 0 0.976271
    outer loop
      vertex -25.3907 -75 30.7842
      vertex -25.5823 -69 30.8267
      vertex -25.5823 -75 30.8267
    endloop
  endfacet
  facet normal -0.382517 0 -0.923949
    outer loop
      vertex -24.2305 -75 35.1143
      vertex -24.0491 -69 35.0392
      vertex -24.0491 -75 35.0392
    endloop
  endfacet
  facet normal -0.382517 0 -0.923949
    outer loop
      vertex -24.0491 -69 35.0392
      vertex -24.2305 -75 35.1143
      vertex -24.2305 -69 35.1143
    endloop
  endfacet
  facet normal -0.923949 0 0.382517
    outer loop
      vertex -22.9608 -75 32.0491
      vertex -22.8857 -69 32.2305
      vertex -22.9608 -69 32.0491
    endloop
  endfacet
  facet normal -0.923949 0 0.382517
    outer loop
      vertex -22.8857 -69 32.2305
      vertex -22.9608 -75 32.0491
      vertex -22.8857 -75 32.2305
    endloop
  endfacet
  facet normal 0.461625 0 0.887075
    outer loop
      vertex -26.125 -69 31.0514
      vertex -25.9509 -75 30.9608
      vertex -25.9509 -69 30.9608
    endloop
  endfacet
  facet normal 0.461625 0 0.887075
    outer loop
      vertex -25.9509 -75 30.9608
      vertex -26.125 -69 31.0514
      vertex -26.125 -75 31.0514
    endloop
  endfacet
  facet normal 0.675609 0 -0.73726
    outer loop
      vertex -26.591 -75 34.591
      vertex -26.4463 -69 34.7236
      vertex -26.4463 -75 34.7236
    endloop
  endfacet
  facet normal 0.675609 0 -0.73726
    outer loop
      vertex -26.4463 -69 34.7236
      vertex -26.591 -75 34.591
      vertex -26.591 -69 34.591
    endloop
  endfacet
  facet normal -0.382517 0 0.923949
    outer loop
      vertex -24.2305 -69 30.8857
      vertex -24.0491 -75 30.9608
      vertex -24.0491 -69 30.9608
    endloop
  endfacet
  facet normal -0.382517 0 0.923949
    outer loop
      vertex -24.0491 -75 30.9608
      vertex -24.2305 -69 30.8857
      vertex -24.2305 -75 30.8857
    endloop
  endfacet
  facet normal 0.976271 -0 0.216553
    outer loop
      vertex -27.2158 -75 32.6093
      vertex -27.1733 -69 32.4177
      vertex -27.2158 -69 32.6093
    endloop
  endfacet
  facet normal 0.976271 0 0.216553
    outer loop
      vertex -27.1733 -69 32.4177
      vertex -27.2158 -75 32.6093
      vertex -27.1733 -75 32.4177
    endloop
  endfacet
  facet normal 0.99904 -0 0.0438131
    outer loop
      vertex -27.25 -75 33
      vertex -27.2414 -69 32.8039
      vertex -27.25 -69 33
    endloop
  endfacet
  facet normal 0.99904 0 0.0438131
    outer loop
      vertex -27.2414 -69 32.8039
      vertex -27.25 -75 33
      vertex -27.2414 -75 32.8039
    endloop
  endfacet
  facet normal -0.130428 0 0.991458
    outer loop
      vertex -24.8039 -69 30.7586
      vertex -24.6093 -75 30.7842
      vertex -24.6093 -69 30.7842
    endloop
  endfacet
  facet normal -0.130428 0 0.991458
    outer loop
      vertex -24.6093 -75 30.7842
      vertex -24.8039 -69 30.7586
      vertex -24.8039 -75 30.7586
    endloop
  endfacet
  facet normal -0.130428 0 -0.991458
    outer loop
      vertex -24.8039 -75 35.2414
      vertex -24.6093 -69 35.2158
      vertex -24.6093 -75 35.2158
    endloop
  endfacet
  facet normal -0.130428 0 -0.991458
    outer loop
      vertex -24.6093 -69 35.2158
      vertex -24.8039 -75 35.2414
      vertex -24.8039 -69 35.2414
    endloop
  endfacet
  facet normal 0.976271 0 -0.216553
    outer loop
      vertex -27.1733 -75 33.5823
      vertex -27.2158 -69 33.3907
      vertex -27.1733 -69 33.5823
    endloop
  endfacet
  facet normal 0.976271 0 -0.216553
    outer loop
      vertex -27.2158 -69 33.3907
      vertex -27.1733 -75 33.5823
      vertex -27.2158 -75 33.3907
    endloop
  endfacet
  facet normal -0.73726 0 -0.675609
    outer loop
      vertex -23.2764 -75 34.4463
      vertex -23.409 -69 34.591
      vertex -23.2764 -69 34.4463
    endloop
  endfacet
  facet normal -0.73726 -0 -0.675609
    outer loop
      vertex -23.409 -69 34.591
      vertex -23.2764 -75 34.4463
      vertex -23.409 -75 34.591
    endloop
  endfacet
  facet normal -0.461625 0 -0.887075
    outer loop
      vertex -24.0491 -75 35.0392
      vertex -23.875 -69 34.9486
      vertex -23.875 -75 34.9486
    endloop
  endfacet
  facet normal -0.461625 0 -0.887075
    outer loop
      vertex -23.875 -69 34.9486
      vertex -24.0491 -75 35.0392
      vertex -24.0491 -69 35.0392
    endloop
  endfacet
  facet normal 0.923949 -0 0.382517
    outer loop
      vertex -27.1143 -75 32.2305
      vertex -27.0392 -69 32.0491
      vertex -27.1143 -69 32.2305
    endloop
  endfacet
  facet normal 0.923949 0 0.382517
    outer loop
      vertex -27.0392 -69 32.0491
      vertex -27.1143 -75 32.2305
      vertex -27.0392 -75 32.0491
    endloop
  endfacet
  facet normal 0.300595 0 0.953752
    outer loop
      vertex -25.7695 -69 30.8857
      vertex -25.5823 -75 30.8267
      vertex -25.5823 -69 30.8267
    endloop
  endfacet
  facet normal 0.300595 0 0.953752
    outer loop
      vertex -25.5823 -75 30.8267
      vertex -25.7695 -69 30.8857
      vertex -25.7695 -75 30.8857
    endloop
  endfacet
  facet normal -0.537535 0 0.843242
    outer loop
      vertex -23.875 -69 31.0514
      vertex -23.7095 -75 31.1569
      vertex -23.7095 -69 31.1569
    endloop
  endfacet
  facet normal -0.537535 0 0.843242
    outer loop
      vertex -23.7095 -75 31.1569
      vertex -23.875 -69 31.0514
      vertex -23.875 -75 31.0514
    endloop
  endfacet
  facet normal 0.73726 0 -0.675609
    outer loop
      vertex -26.591 -75 34.591
      vertex -26.7236 -69 34.4463
      vertex -26.591 -69 34.591
    endloop
  endfacet
  facet normal 0.73726 0 -0.675609
    outer loop
      vertex -26.7236 -69 34.4463
      vertex -26.591 -75 34.591
      vertex -26.7236 -75 34.4463
    endloop
  endfacet
  facet normal 0.537535 0 -0.843242
    outer loop
      vertex -26.2905 -75 34.8431
      vertex -26.125 -69 34.9486
      vertex -26.125 -75 34.9486
    endloop
  endfacet
  facet normal 0.537535 0 -0.843242
    outer loop
      vertex -26.125 -69 34.9486
      vertex -26.2905 -75 34.8431
      vertex -26.2905 -69 34.8431
    endloop
  endfacet
  facet normal -0.843242 0 -0.537535
    outer loop
      vertex -23.0514 -75 34.125
      vertex -23.1569 -69 34.2905
      vertex -23.0514 -69 34.125
    endloop
  endfacet
  facet normal -0.843242 -0 -0.537535
    outer loop
      vertex -23.1569 -69 34.2905
      vertex -23.0514 -75 34.125
      vertex -23.1569 -75 34.2905
    endloop
  endfacet
  facet normal -0.608603 0 0.793475
    outer loop
      vertex -23.7095 -69 31.1569
      vertex -23.5537 -75 31.2764
      vertex -23.5537 -69 31.2764
    endloop
  endfacet
  facet normal -0.608603 0 0.793475
    outer loop
      vertex -23.5537 -75 31.2764
      vertex -23.7095 -69 31.1569
      vertex -23.7095 -75 31.1569
    endloop
  endfacet
  facet normal -0.991458 0 -0.130428
    outer loop
      vertex -22.7586 -75 33.1961
      vertex -22.7842 -69 33.3907
      vertex -22.7586 -69 33.1961
    endloop
  endfacet
  facet normal -0.991458 -0 -0.130428
    outer loop
      vertex -22.7842 -69 33.3907
      vertex -22.7586 -75 33.1961
      vertex -22.7842 -75 33.3907
    endloop
  endfacet
  facet normal 0.216553 0 -0.976271
    outer loop
      vertex -25.5823 -75 35.1733
      vertex -25.3907 -69 35.2158
      vertex -25.3907 -75 35.2158
    endloop
  endfacet
  facet normal 0.216553 0 -0.976271
    outer loop
      vertex -25.3907 -69 35.2158
      vertex -25.5823 -75 35.1733
      vertex -25.5823 -69 35.1733
    endloop
  endfacet
  facet normal -0.953752 0 0.300595
    outer loop
      vertex -22.8857 -75 32.2305
      vertex -22.8267 -69 32.4177
      vertex -22.8857 -69 32.2305
    endloop
  endfacet
  facet normal -0.953752 0 0.300595
    outer loop
      vertex -22.8267 -69 32.4177
      vertex -22.8857 -75 32.2305
      vertex -22.8267 -75 32.4177
    endloop
  endfacet
  facet normal -0.887075 0 0.461625
    outer loop
      vertex -23.0514 -75 31.875
      vertex -22.9608 -69 32.0491
      vertex -23.0514 -69 31.875
    endloop
  endfacet
  facet normal -0.887075 0 0.461625
    outer loop
      vertex -22.9608 -69 32.0491
      vertex -23.0514 -75 31.875
      vertex -22.9608 -75 32.0491
    endloop
  endfacet
  facet normal -0.99904 0 -0.0438131
    outer loop
      vertex -22.75 -75 33
      vertex -22.7586 -69 33.1961
      vertex -22.75 -69 33
    endloop
  endfacet
  facet normal -0.99904 -0 -0.0438131
    outer loop
      vertex -22.7586 -69 33.1961
      vertex -22.75 -75 33
      vertex -22.7586 -75 33.1961
    endloop
  endfacet
  facet normal -0.300595 0 0.953752
    outer loop
      vertex -24.4177 -69 30.8267
      vertex -24.2305 -75 30.8857
      vertex -24.2305 -69 30.8857
    endloop
  endfacet
  facet normal -0.300595 0 0.953752
    outer loop
      vertex -24.2305 -75 30.8857
      vertex -24.4177 -69 30.8267
      vertex -24.4177 -75 30.8267
    endloop
  endfacet
  facet normal 0.675609 0 0.73726
    outer loop
      vertex -26.591 -69 31.409
      vertex -26.4463 -75 31.2764
      vertex -26.4463 -69 31.2764
    endloop
  endfacet
  facet normal 0.675609 0 0.73726
    outer loop
      vertex -26.4463 -75 31.2764
      vertex -26.591 -69 31.409
      vertex -26.591 -75 31.409
    endloop
  endfacet
  facet normal 0.887075 0 -0.461625
    outer loop
      vertex -26.9486 -75 34.125
      vertex -27.0392 -69 33.9509
      vertex -26.9486 -69 34.125
    endloop
  endfacet
  facet normal 0.887075 0 -0.461625
    outer loop
      vertex -27.0392 -69 33.9509
      vertex -26.9486 -75 34.125
      vertex -27.0392 -75 33.9509
    endloop
  endfacet
  facet normal -0.0438131 0 0.99904
    outer loop
      vertex -25 -69 30.75
      vertex -24.8039 -75 30.7586
      vertex -24.8039 -69 30.7586
    endloop
  endfacet
  facet normal -0.0438131 0 0.99904
    outer loop
      vertex -24.8039 -75 30.7586
      vertex -25 -69 30.75
      vertex -25 -75 30.75
    endloop
  endfacet
  facet normal 0.382517 0 0.923949
    outer loop
      vertex -25.9509 -69 30.9608
      vertex -25.7695 -75 30.8857
      vertex -25.7695 -69 30.8857
    endloop
  endfacet
  facet normal 0.382517 0 0.923949
    outer loop
      vertex -25.7695 -75 30.8857
      vertex -25.9509 -69 30.9608
      vertex -25.9509 -75 30.9608
    endloop
  endfacet
  facet normal 0.99904 0 -0.0438131
    outer loop
      vertex -27.2414 -75 33.1961
      vertex -27.25 -69 33
      vertex -27.2414 -69 33.1961
    endloop
  endfacet
  facet normal 0.99904 0 -0.0438131
    outer loop
      vertex -27.25 -69 33
      vertex -27.2414 -75 33.1961
      vertex -27.25 -75 33
    endloop
  endfacet
  facet normal -0.608603 0 -0.793475
    outer loop
      vertex -23.7095 -75 34.8431
      vertex -23.5537 -69 34.7236
      vertex -23.5537 -75 34.7236
    endloop
  endfacet
  facet normal -0.608603 0 -0.793475
    outer loop
      vertex -23.5537 -69 34.7236
      vertex -23.7095 -75 34.8431
      vertex -23.7095 -69 34.8431
    endloop
  endfacet
  facet normal 0.130428 0 0.991458
    outer loop
      vertex -25.3907 -69 30.7842
      vertex -25.1961 -75 30.7586
      vertex -25.1961 -69 30.7586
    endloop
  endfacet
  facet normal 0.130428 0 0.991458
    outer loop
      vertex -25.1961 -75 30.7586
      vertex -25.3907 -69 30.7842
      vertex -25.3907 -75 30.7842
    endloop
  endfacet
  facet normal -0.953752 0 -0.300595
    outer loop
      vertex -22.8267 -75 33.5823
      vertex -22.8857 -69 33.7695
      vertex -22.8267 -69 33.5823
    endloop
  endfacet
  facet normal -0.953752 -0 -0.300595
    outer loop
      vertex -22.8857 -69 33.7695
      vertex -22.8267 -75 33.5823
      vertex -22.8857 -75 33.7695
    endloop
  endfacet
  facet normal -0.300595 0 -0.953752
    outer loop
      vertex -24.4177 -75 35.1733
      vertex -24.2305 -69 35.1143
      vertex -24.2305 -75 35.1143
    endloop
  endfacet
  facet normal -0.300595 0 -0.953752
    outer loop
      vertex -24.2305 -69 35.1143
      vertex -24.4177 -75 35.1733
      vertex -24.4177 -69 35.1733
    endloop
  endfacet
  facet normal -0.216553 0 -0.976271
    outer loop
      vertex -24.6093 -75 35.2158
      vertex -24.4177 -69 35.1733
      vertex -24.4177 -75 35.1733
    endloop
  endfacet
  facet normal -0.216553 0 -0.976271
    outer loop
      vertex -24.4177 -69 35.1733
      vertex -24.6093 -75 35.2158
      vertex -24.6093 -69 35.2158
    endloop
  endfacet
  facet normal -0.793475 0 -0.608603
    outer loop
      vertex -23.1569 -75 34.2905
      vertex -23.2764 -69 34.4463
      vertex -23.1569 -69 34.2905
    endloop
  endfacet
  facet normal -0.793475 -0 -0.608603
    outer loop
      vertex -23.2764 -69 34.4463
      vertex -23.1569 -75 34.2905
      vertex -23.2764 -75 34.4463
    endloop
  endfacet
  facet normal 0.991458 0 -0.130428
    outer loop
      vertex -27.2158 -75 33.3907
      vertex -27.2414 -69 33.1961
      vertex -27.2158 -69 33.3907
    endloop
  endfacet
  facet normal 0.991458 0 -0.130428
    outer loop
      vertex -27.2414 -69 33.1961
      vertex -27.2158 -75 33.3907
      vertex -27.2414 -75 33.1961
    endloop
  endfacet
  facet normal 0.73726 -0 0.675609
    outer loop
      vertex -26.7236 -75 31.5537
      vertex -26.591 -69 31.409
      vertex -26.7236 -69 31.5537
    endloop
  endfacet
  facet normal 0.73726 0 0.675609
    outer loop
      vertex -26.591 -69 31.409
      vertex -26.7236 -75 31.5537
      vertex -26.591 -75 31.409
    endloop
  endfacet
  facet normal -0.923949 0 -0.382517
    outer loop
      vertex -22.8857 -75 33.7695
      vertex -22.9608 -69 33.9509
      vertex -22.8857 -69 33.7695
    endloop
  endfacet
  facet normal -0.923949 -0 -0.382517
    outer loop
      vertex -22.9608 -69 33.9509
      vertex -22.8857 -75 33.7695
      vertex -22.9608 -75 33.9509
    endloop
  endfacet
  facet normal 0.953752 -0 0.300595
    outer loop
      vertex -27.1733 -75 32.4177
      vertex -27.1143 -69 32.2305
      vertex -27.1733 -69 32.4177
    endloop
  endfacet
  facet normal 0.953752 0 0.300595
    outer loop
      vertex -27.1143 -69 32.2305
      vertex -27.1733 -75 32.4177
      vertex -27.1143 -75 32.2305
    endloop
  endfacet
  facet normal 0.793475 0 -0.608603
    outer loop
      vertex -26.7236 -75 34.4463
      vertex -26.8431 -69 34.2905
      vertex -26.7236 -69 34.4463
    endloop
  endfacet
  facet normal 0.793475 0 -0.608603
    outer loop
      vertex -26.8431 -69 34.2905
      vertex -26.7236 -75 34.4463
      vertex -26.8431 -75 34.2905
    endloop
  endfacet
  facet normal 0.923949 0 -0.382517
    outer loop
      vertex -27.0392 -75 33.9509
      vertex -27.1143 -69 33.7695
      vertex -27.0392 -69 33.9509
    endloop
  endfacet
  facet normal 0.923949 0 -0.382517
    outer loop
      vertex -27.1143 -69 33.7695
      vertex -27.0392 -75 33.9509
      vertex -27.1143 -75 33.7695
    endloop
  endfacet
  facet normal 0.537535 0 0.843242
    outer loop
      vertex -26.2905 -69 31.1569
      vertex -26.125 -75 31.0514
      vertex -26.125 -69 31.0514
    endloop
  endfacet
  facet normal 0.537535 0 0.843242
    outer loop
      vertex -26.125 -75 31.0514
      vertex -26.2905 -69 31.1569
      vertex -26.2905 -75 31.1569
    endloop
  endfacet
  facet normal -0.537535 0 -0.843242
    outer loop
      vertex -23.875 -75 34.9486
      vertex -23.7095 -69 34.8431
      vertex -23.7095 -75 34.8431
    endloop
  endfacet
  facet normal -0.537535 0 -0.843242
    outer loop
      vertex -23.7095 -69 34.8431
      vertex -23.875 -75 34.9486
      vertex -23.875 -69 34.9486
    endloop
  endfacet
  facet normal 0.130428 0 -0.991458
    outer loop
      vertex -25.3907 -75 35.2158
      vertex -25.1961 -69 35.2414
      vertex -25.1961 -75 35.2414
    endloop
  endfacet
  facet normal 0.130428 0 -0.991458
    outer loop
      vertex -25.1961 -69 35.2414
      vertex -25.3907 -75 35.2158
      vertex -25.3907 -69 35.2158
    endloop
  endfacet
  facet normal -0.675609 0 -0.73726
    outer loop
      vertex -23.5537 -75 34.7236
      vertex -23.409 -69 34.591
      vertex -23.409 -75 34.591
    endloop
  endfacet
  facet normal -0.675609 0 -0.73726
    outer loop
      vertex -23.409 -69 34.591
      vertex -23.5537 -75 34.7236
      vertex -23.5537 -69 34.7236
    endloop
  endfacet
  facet normal -0.793475 0 0.608603
    outer loop
      vertex -23.2764 -75 31.5537
      vertex -23.1569 -69 31.7095
      vertex -23.2764 -69 31.5537
    endloop
  endfacet
  facet normal -0.793475 0 0.608603
    outer loop
      vertex -23.1569 -69 31.7095
      vertex -23.2764 -75 31.5537
      vertex -23.1569 -75 31.7095
    endloop
  endfacet
  facet normal 0.887075 -0 0.461625
    outer loop
      vertex -27.0392 -75 32.0491
      vertex -26.9486 -69 31.875
      vertex -27.0392 -69 32.0491
    endloop
  endfacet
  facet normal 0.887075 0 0.461625
    outer loop
      vertex -26.9486 -69 31.875
      vertex -27.0392 -75 32.0491
      vertex -26.9486 -75 31.875
    endloop
  endfacet
  facet normal 0.843242 -0 0.537535
    outer loop
      vertex -26.9486 -75 31.875
      vertex -26.8431 -69 31.7095
      vertex -26.9486 -69 31.875
    endloop
  endfacet
  facet normal 0.843242 0 0.537535
    outer loop
      vertex -26.8431 -69 31.7095
      vertex -26.9486 -75 31.875
      vertex -26.8431 -75 31.7095
    endloop
  endfacet
  facet normal -0.991458 0 0.130428
    outer loop
      vertex 27.2158 -75 32.6093
      vertex 27.2414 -69 32.8039
      vertex 27.2158 -69 32.6093
    endloop
  endfacet
  facet normal -0.991458 0 0.130428
    outer loop
      vertex 27.2414 -69 32.8039
      vertex 27.2158 -75 32.6093
      vertex 27.2414 -75 32.8039
    endloop
  endfacet
  facet normal -0.99904 0 0.0438131
    outer loop
      vertex 27.2414 -75 32.8039
      vertex 27.25 -69 33
      vertex 27.2414 -69 32.8039
    endloop
  endfacet
  facet normal -0.99904 0 0.0438131
    outer loop
      vertex 27.25 -69 33
      vertex 27.2414 -75 32.8039
      vertex 27.25 -75 33
    endloop
  endfacet
  facet normal -0.976271 0 0.216553
    outer loop
      vertex 27.1733 -75 32.4177
      vertex 27.2158 -69 32.6093
      vertex 27.1733 -69 32.4177
    endloop
  endfacet
  facet normal -0.976271 0 0.216553
    outer loop
      vertex 27.2158 -69 32.6093
      vertex 27.1733 -75 32.4177
      vertex 27.2158 -75 32.6093
    endloop
  endfacet
  facet normal -0.73726 0 0.675609
    outer loop
      vertex 26.591 -75 31.409
      vertex 26.7236 -69 31.5537
      vertex 26.591 -69 31.409
    endloop
  endfacet
  facet normal -0.73726 0 0.675609
    outer loop
      vertex 26.7236 -69 31.5537
      vertex 26.591 -75 31.409
      vertex 26.7236 -75 31.5537
    endloop
  endfacet
  facet normal 0.0438131 0 0.99904
    outer loop
      vertex 24.8039 -69 30.7586
      vertex 25 -75 30.75
      vertex 25 -69 30.75
    endloop
  endfacet
  facet normal 0.0438131 0 0.99904
    outer loop
      vertex 25 -75 30.75
      vertex 24.8039 -69 30.7586
      vertex 24.8039 -75 30.7586
    endloop
  endfacet
  facet normal 0.382517 0 -0.923949
    outer loop
      vertex 24.0491 -75 35.0392
      vertex 24.2305 -69 35.1143
      vertex 24.2305 -75 35.1143
    endloop
  endfacet
  facet normal 0.382517 0 -0.923949
    outer loop
      vertex 24.2305 -69 35.1143
      vertex 24.0491 -75 35.0392
      vertex 24.0491 -69 35.0392
    endloop
  endfacet
  facet normal -0.923949 0 -0.382517
    outer loop
      vertex 27.1143 -75 33.7695
      vertex 27.0392 -69 33.9509
      vertex 27.1143 -69 33.7695
    endloop
  endfacet
  facet normal -0.923949 -0 -0.382517
    outer loop
      vertex 27.0392 -69 33.9509
      vertex 27.1143 -75 33.7695
      vertex 27.0392 -75 33.9509
    endloop
  endfacet
  facet normal 0.461625 0 0.887075
    outer loop
      vertex 23.875 -69 31.0514
      vertex 24.0491 -75 30.9608
      vertex 24.0491 -69 30.9608
    endloop
  endfacet
  facet normal 0.461625 0 0.887075
    outer loop
      vertex 24.0491 -75 30.9608
      vertex 23.875 -69 31.0514
      vertex 23.875 -75 31.0514
    endloop
  endfacet
  facet normal -0.953752 0 0.300595
    outer loop
      vertex 27.1143 -75 32.2305
      vertex 27.1733 -69 32.4177
      vertex 27.1143 -69 32.2305
    endloop
  endfacet
  facet normal -0.953752 0 0.300595
    outer loop
      vertex 27.1733 -69 32.4177
      vertex 27.1143 -75 32.2305
      vertex 27.1733 -75 32.4177
    endloop
  endfacet
  facet normal 0.216553 0 0.976271
    outer loop
      vertex 24.4177 -69 30.8267
      vertex 24.6093 -75 30.7842
      vertex 24.6093 -69 30.7842
    endloop
  endfacet
  facet normal 0.216553 0 0.976271
    outer loop
      vertex 24.6093 -75 30.7842
      vertex 24.4177 -69 30.8267
      vertex 24.4177 -75 30.8267
    endloop
  endfacet
  facet normal 0.537535 0 -0.843242
    outer loop
      vertex 23.7095 -75 34.8431
      vertex 23.875 -69 34.9486
      vertex 23.875 -75 34.9486
    endloop
  endfacet
  facet normal 0.537535 0 -0.843242
    outer loop
      vertex 23.875 -69 34.9486
      vertex 23.7095 -75 34.8431
      vertex 23.7095 -69 34.8431
    endloop
  endfacet
  facet normal 0.923949 -0 0.382517
    outer loop
      vertex 22.8857 -75 32.2305
      vertex 22.9608 -69 32.0491
      vertex 22.8857 -69 32.2305
    endloop
  endfacet
  facet normal 0.923949 0 0.382517
    outer loop
      vertex 22.9608 -69 32.0491
      vertex 22.8857 -75 32.2305
      vertex 22.9608 -75 32.0491
    endloop
  endfacet
  facet normal -0.843242 0 0.537535
    outer loop
      vertex 26.8431 -75 31.7095
      vertex 26.9486 -69 31.875
      vertex 26.8431 -69 31.7095
    endloop
  endfacet
  facet normal -0.843242 0 0.537535
    outer loop
      vertex 26.9486 -69 31.875
      vertex 26.8431 -75 31.7095
      vertex 26.9486 -75 31.875
    endloop
  endfacet
  facet normal -0.793475 0 0.608603
    outer loop
      vertex 26.7236 -75 31.5537
      vertex 26.8431 -69 31.7095
      vertex 26.7236 -69 31.5537
    endloop
  endfacet
  facet normal -0.793475 0 0.608603
    outer loop
      vertex 26.8431 -69 31.7095
      vertex 26.7236 -75 31.5537
      vertex 26.8431 -75 31.7095
    endloop
  endfacet
  facet normal -0.608603 0 0.793475
    outer loop
      vertex 26.2905 -69 31.1569
      vertex 26.4463 -75 31.2764
      vertex 26.4463 -69 31.2764
    endloop
  endfacet
  facet normal -0.608603 0 0.793475
    outer loop
      vertex 26.4463 -75 31.2764
      vertex 26.2905 -69 31.1569
      vertex 26.2905 -75 31.1569
    endloop
  endfacet
  facet normal 0.608603 0 -0.793475
    outer loop
      vertex 23.5537 -75 34.7236
      vertex 23.7095 -69 34.8431
      vertex 23.7095 -75 34.8431
    endloop
  endfacet
  facet normal 0.608603 0 -0.793475
    outer loop
      vertex 23.7095 -69 34.8431
      vertex 23.5537 -75 34.7236
      vertex 23.5537 -69 34.7236
    endloop
  endfacet
  facet normal 0.843242 0 -0.537535
    outer loop
      vertex 23.1569 -75 34.2905
      vertex 23.0514 -69 34.125
      vertex 23.1569 -69 34.2905
    endloop
  endfacet
  facet normal 0.843242 0 -0.537535
    outer loop
      vertex 23.0514 -69 34.125
      vertex 23.1569 -75 34.2905
      vertex 23.0514 -75 34.125
    endloop
  endfacet
  facet normal -0.953752 0 -0.300595
    outer loop
      vertex 27.1733 -75 33.5823
      vertex 27.1143 -69 33.7695
      vertex 27.1733 -69 33.5823
    endloop
  endfacet
  facet normal -0.953752 -0 -0.300595
    outer loop
      vertex 27.1143 -69 33.7695
      vertex 27.1733 -75 33.5823
      vertex 27.1143 -75 33.7695
    endloop
  endfacet
  facet normal -0.0438131 0 0.99904
    outer loop
      vertex 25 -69 30.75
      vertex 25.1961 -75 30.7586
      vertex 25.1961 -69 30.7586
    endloop
  endfacet
  facet normal -0.0438131 0 0.99904
    outer loop
      vertex 25.1961 -75 30.7586
      vertex 25 -69 30.75
      vertex 25 -75 30.75
    endloop
  endfacet
  facet normal -0.382517 0 0.923949
    outer loop
      vertex 25.7695 -69 30.8857
      vertex 25.9509 -75 30.9608
      vertex 25.9509 -69 30.9608
    endloop
  endfacet
  facet normal -0.382517 0 0.923949
    outer loop
      vertex 25.9509 -75 30.9608
      vertex 25.7695 -69 30.8857
      vertex 25.7695 -75 30.8857
    endloop
  endfacet
  facet normal -0.99904 0 -0.0438131
    outer loop
      vertex 27.25 -75 33
      vertex 27.2414 -69 33.1961
      vertex 27.25 -69 33
    endloop
  endfacet
  facet normal -0.99904 -0 -0.0438131
    outer loop
      vertex 27.2414 -69 33.1961
      vertex 27.25 -75 33
      vertex 27.2414 -75 33.1961
    endloop
  endfacet
  facet normal 0.300595 0 0.953752
    outer loop
      vertex 24.2305 -69 30.8857
      vertex 24.4177 -75 30.8267
      vertex 24.4177 -69 30.8267
    endloop
  endfacet
  facet normal 0.300595 0 0.953752
    outer loop
      vertex 24.4177 -75 30.8267
      vertex 24.2305 -69 30.8857
      vertex 24.2305 -75 30.8857
    endloop
  endfacet
  facet normal 0.991458 -0 0.130428
    outer loop
      vertex 22.7586 -75 32.8039
      vertex 22.7842 -69 32.6093
      vertex 22.7586 -69 32.8039
    endloop
  endfacet
  facet normal 0.991458 0 0.130428
    outer loop
      vertex 22.7842 -69 32.6093
      vertex 22.7586 -75 32.8039
      vertex 22.7842 -75 32.6093
    endloop
  endfacet
  facet normal 0.537535 0 0.843242
    outer loop
      vertex 23.7095 -69 31.1569
      vertex 23.875 -75 31.0514
      vertex 23.875 -69 31.0514
    endloop
  endfacet
  facet normal 0.537535 0 0.843242
    outer loop
      vertex 23.875 -75 31.0514
      vertex 23.7095 -69 31.1569
      vertex 23.7095 -75 31.1569
    endloop
  endfacet
  facet normal 0.976271 -0 0.216553
    outer loop
      vertex 22.7842 -75 32.6093
      vertex 22.8267 -69 32.4177
      vertex 22.7842 -69 32.6093
    endloop
  endfacet
  facet normal 0.976271 0 0.216553
    outer loop
      vertex 22.8267 -69 32.4177
      vertex 22.7842 -75 32.6093
      vertex 22.8267 -75 32.4177
    endloop
  endfacet
  facet normal 0.953752 0 -0.300595
    outer loop
      vertex 22.8857 -75 33.7695
      vertex 22.8267 -69 33.5823
      vertex 22.8857 -69 33.7695
    endloop
  endfacet
  facet normal 0.953752 0 -0.300595
    outer loop
      vertex 22.8267 -69 33.5823
      vertex 22.8857 -75 33.7695
      vertex 22.8267 -75 33.5823
    endloop
  endfacet
  facet normal 0.887075 0 -0.461625
    outer loop
      vertex 23.0514 -75 34.125
      vertex 22.9608 -69 33.9509
      vertex 23.0514 -69 34.125
    endloop
  endfacet
  facet normal 0.887075 0 -0.461625
    outer loop
      vertex 22.9608 -69 33.9509
      vertex 23.0514 -75 34.125
      vertex 22.9608 -75 33.9509
    endloop
  endfacet
  facet normal -0.130428 0 0.991458
    outer loop
      vertex 25.1961 -69 30.7586
      vertex 25.3907 -75 30.7842
      vertex 25.3907 -69 30.7842
    endloop
  endfacet
  facet normal -0.130428 0 0.991458
    outer loop
      vertex 25.3907 -75 30.7842
      vertex 25.1961 -69 30.7586
      vertex 25.1961 -75 30.7586
    endloop
  endfacet
  facet normal -0.216553 0 -0.976271
    outer loop
      vertex 25.3907 -75 35.2158
      vertex 25.5823 -69 35.1733
      vertex 25.5823 -75 35.1733
    endloop
  endfacet
  facet normal -0.216553 0 -0.976271
    outer loop
      vertex 25.5823 -69 35.1733
      vertex 25.3907 -75 35.2158
      vertex 25.3907 -69 35.2158
    endloop
  endfacet
  facet normal 0.991458 0 -0.130428
    outer loop
      vertex 22.7842 -75 33.3907
      vertex 22.7586 -69 33.1961
      vertex 22.7842 -69 33.3907
    endloop
  endfacet
  facet normal 0.991458 0 -0.130428
    outer loop
      vertex 22.7586 -69 33.1961
      vertex 22.7842 -75 33.3907
      vertex 22.7586 -75 33.1961
    endloop
  endfacet
  facet normal -0.793475 0 -0.608603
    outer loop
      vertex 26.8431 -75 34.2905
      vertex 26.7236 -69 34.4463
      vertex 26.8431 -69 34.2905
    endloop
  endfacet
  facet normal -0.793475 -0 -0.608603
    outer loop
      vertex 26.7236 -69 34.4463
      vertex 26.8431 -75 34.2905
      vertex 26.7236 -75 34.4463
    endloop
  endfacet
  facet normal -0.0438131 0 -0.99904
    outer loop
      vertex 25 -75 35.25
      vertex 25.1961 -69 35.2414
      vertex 25.1961 -75 35.2414
    endloop
  endfacet
  facet normal -0.0438131 0 -0.99904
    outer loop
      vertex 25.1961 -69 35.2414
      vertex 25 -75 35.25
      vertex 25 -69 35.25
    endloop
  endfacet
  facet normal 0.953752 -0 0.300595
    outer loop
      vertex 22.8267 -75 32.4177
      vertex 22.8857 -69 32.2305
      vertex 22.8267 -69 32.4177
    endloop
  endfacet
  facet normal 0.953752 0 0.300595
    outer loop
      vertex 22.8857 -69 32.2305
      vertex 22.8267 -75 32.4177
      vertex 22.8857 -75 32.2305
    endloop
  endfacet
  facet normal -0.991458 0 -0.130428
    outer loop
      vertex 27.2414 -75 33.1961
      vertex 27.2158 -69 33.3907
      vertex 27.2414 -69 33.1961
    endloop
  endfacet
  facet normal -0.991458 -0 -0.130428
    outer loop
      vertex 27.2158 -69 33.3907
      vertex 27.2414 -75 33.1961
      vertex 27.2158 -75 33.3907
    endloop
  endfacet
  facet normal -0.887075 0 0.461625
    outer loop
      vertex 26.9486 -75 31.875
      vertex 27.0392 -69 32.0491
      vertex 26.9486 -69 31.875
    endloop
  endfacet
  facet normal -0.887075 0 0.461625
    outer loop
      vertex 27.0392 -69 32.0491
      vertex 26.9486 -75 31.875
      vertex 27.0392 -75 32.0491
    endloop
  endfacet
  facet normal 0.843242 -0 0.537535
    outer loop
      vertex 23.0514 -75 31.875
      vertex 23.1569 -69 31.7095
      vertex 23.0514 -69 31.875
    endloop
  endfacet
  facet normal 0.843242 0 0.537535
    outer loop
      vertex 23.1569 -69 31.7095
      vertex 23.0514 -75 31.875
      vertex 23.1569 -75 31.7095
    endloop
  endfacet
  facet normal -0.461625 0 0.887075
    outer loop
      vertex 25.9509 -69 30.9608
      vertex 26.125 -75 31.0514
      vertex 26.125 -69 31.0514
    endloop
  endfacet
  facet normal -0.461625 0 0.887075
    outer loop
      vertex 26.125 -75 31.0514
      vertex 25.9509 -69 30.9608
      vertex 25.9509 -75 30.9608
    endloop
  endfacet
  facet normal -0.537535 0 0.843242
    outer loop
      vertex 26.125 -69 31.0514
      vertex 26.2905 -75 31.1569
      vertex 26.2905 -69 31.1569
    endloop
  endfacet
  facet normal -0.537535 0 0.843242
    outer loop
      vertex 26.2905 -75 31.1569
      vertex 26.125 -69 31.0514
      vertex 26.125 -75 31.0514
    endloop
  endfacet
  facet normal -0.461625 0 -0.887075
    outer loop
      vertex 25.9509 -75 35.0392
      vertex 26.125 -69 34.9486
      vertex 26.125 -75 34.9486
    endloop
  endfacet
  facet normal -0.461625 0 -0.887075
    outer loop
      vertex 26.125 -69 34.9486
      vertex 25.9509 -75 35.0392
      vertex 25.9509 -69 35.0392
    endloop
  endfacet
  facet normal 0.216553 0 -0.976271
    outer loop
      vertex 24.4177 -75 35.1733
      vertex 24.6093 -69 35.2158
      vertex 24.6093 -75 35.2158
    endloop
  endfacet
  facet normal 0.216553 0 -0.976271
    outer loop
      vertex 24.6093 -69 35.2158
      vertex 24.4177 -75 35.1733
      vertex 24.4177 -69 35.1733
    endloop
  endfacet
  facet normal -0.675609 0 -0.73726
    outer loop
      vertex 26.4463 -75 34.7236
      vertex 26.591 -69 34.591
      vertex 26.591 -75 34.591
    endloop
  endfacet
  facet normal -0.675609 0 -0.73726
    outer loop
      vertex 26.591 -69 34.591
      vertex 26.4463 -75 34.7236
      vertex 26.4463 -69 34.7236
    endloop
  endfacet
  facet normal -0.843242 0 -0.537535
    outer loop
      vertex 26.9486 -75 34.125
      vertex 26.8431 -69 34.2905
      vertex 26.9486 -69 34.125
    endloop
  endfacet
  facet normal -0.843242 -0 -0.537535
    outer loop
      vertex 26.8431 -69 34.2905
      vertex 26.9486 -75 34.125
      vertex 26.8431 -75 34.2905
    endloop
  endfacet
  facet normal -0.675609 0 0.73726
    outer loop
      vertex 26.4463 -69 31.2764
      vertex 26.591 -75 31.409
      vertex 26.591 -69 31.409
    endloop
  endfacet
  facet normal -0.675609 0 0.73726
    outer loop
      vertex 26.591 -75 31.409
      vertex 26.4463 -69 31.2764
      vertex 26.4463 -75 31.2764
    endloop
  endfacet
  facet normal -0.537535 0 -0.843242
    outer loop
      vertex 26.125 -75 34.9486
      vertex 26.2905 -69 34.8431
      vertex 26.2905 -75 34.8431
    endloop
  endfacet
  facet normal -0.537535 0 -0.843242
    outer loop
      vertex 26.2905 -69 34.8431
      vertex 26.125 -75 34.9486
      vertex 26.125 -69 34.9486
    endloop
  endfacet
  facet normal -0.923949 0 0.382517
    outer loop
      vertex 27.0392 -75 32.0491
      vertex 27.1143 -69 32.2305
      vertex 27.0392 -69 32.0491
    endloop
  endfacet
  facet normal -0.923949 0 0.382517
    outer loop
      vertex 27.1143 -69 32.2305
      vertex 27.0392 -75 32.0491
      vertex 27.1143 -75 32.2305
    endloop
  endfacet
  facet normal 0.73726 -0 0.675609
    outer loop
      vertex 23.2764 -75 31.5537
      vertex 23.409 -69 31.409
      vertex 23.2764 -69 31.5537
    endloop
  endfacet
  facet normal 0.73726 0 0.675609
    outer loop
      vertex 23.409 -69 31.409
      vertex 23.2764 -75 31.5537
      vertex 23.409 -75 31.409
    endloop
  endfacet
  facet normal -0.382517 0 -0.923949
    outer loop
      vertex 25.7695 -75 35.1143
      vertex 25.9509 -69 35.0392
      vertex 25.9509 -75 35.0392
    endloop
  endfacet
  facet normal -0.382517 0 -0.923949
    outer loop
      vertex 25.9509 -69 35.0392
      vertex 25.7695 -75 35.1143
      vertex 25.7695 -69 35.1143
    endloop
  endfacet
  facet normal 0.382517 0 0.923949
    outer loop
      vertex 24.0491 -69 30.9608
      vertex 24.2305 -75 30.8857
      vertex 24.2305 -69 30.8857
    endloop
  endfacet
  facet normal 0.382517 0 0.923949
    outer loop
      vertex 24.2305 -75 30.8857
      vertex 24.0491 -69 30.9608
      vertex 24.0491 -75 30.9608
    endloop
  endfacet
  facet normal -0.130428 0 -0.991458
    outer loop
      vertex 25.1961 -75 35.2414
      vertex 25.3907 -69 35.2158
      vertex 25.3907 -75 35.2158
    endloop
  endfacet
  facet normal -0.130428 0 -0.991458
    outer loop
      vertex 25.3907 -69 35.2158
      vertex 25.1961 -75 35.2414
      vertex 25.1961 -69 35.2414
    endloop
  endfacet
  facet normal 0.675609 0 0.73726
    outer loop
      vertex 23.409 -69 31.409
      vertex 23.5537 -75 31.2764
      vertex 23.5537 -69 31.2764
    endloop
  endfacet
  facet normal 0.675609 0 0.73726
    outer loop
      vertex 23.5537 -75 31.2764
      vertex 23.409 -69 31.409
      vertex 23.409 -75 31.409
    endloop
  endfacet
  facet normal 0.99904 0 -0.0438131
    outer loop
      vertex 22.7586 -75 33.1961
      vertex 22.75 -69 33
      vertex 22.7586 -69 33.1961
    endloop
  endfacet
  facet normal 0.99904 0 -0.0438131
    outer loop
      vertex 22.75 -69 33
      vertex 22.7586 -75 33.1961
      vertex 22.75 -75 33
    endloop
  endfacet
  facet normal 0.130428 0 0.991458
    outer loop
      vertex 24.6093 -69 30.7842
      vertex 24.8039 -75 30.7586
      vertex 24.8039 -69 30.7586
    endloop
  endfacet
  facet normal 0.130428 0 0.991458
    outer loop
      vertex 24.8039 -75 30.7586
      vertex 24.6093 -69 30.7842
      vertex 24.6093 -75 30.7842
    endloop
  endfacet
  facet normal 0.608603 0 0.793475
    outer loop
      vertex 23.5537 -69 31.2764
      vertex 23.7095 -75 31.1569
      vertex 23.7095 -69 31.1569
    endloop
  endfacet
  facet normal 0.608603 0 0.793475
    outer loop
      vertex 23.7095 -75 31.1569
      vertex 23.5537 -69 31.2764
      vertex 23.5537 -75 31.2764
    endloop
  endfacet
  facet normal 0.300595 0 -0.953752
    outer loop
      vertex 24.2305 -75 35.1143
      vertex 24.4177 -69 35.1733
      vertex 24.4177 -75 35.1733
    endloop
  endfacet
  facet normal 0.300595 0 -0.953752
    outer loop
      vertex 24.4177 -69 35.1733
      vertex 24.2305 -75 35.1143
      vertex 24.2305 -69 35.1143
    endloop
  endfacet
  facet normal -0.216553 0 0.976271
    outer loop
      vertex 25.3907 -69 30.7842
      vertex 25.5823 -75 30.8267
      vertex 25.5823 -69 30.8267
    endloop
  endfacet
  facet normal -0.216553 0 0.976271
    outer loop
      vertex 25.5823 -75 30.8267
      vertex 25.3907 -69 30.7842
      vertex 25.3907 -75 30.7842
    endloop
  endfacet
  facet normal 0.73726 0 -0.675609
    outer loop
      vertex 23.409 -75 34.591
      vertex 23.2764 -69 34.4463
      vertex 23.409 -69 34.591
    endloop
  endfacet
  facet normal 0.73726 0 -0.675609
    outer loop
      vertex 23.2764 -69 34.4463
      vertex 23.409 -75 34.591
      vertex 23.2764 -75 34.4463
    endloop
  endfacet
  facet normal 0.793475 0 -0.608603
    outer loop
      vertex 23.2764 -75 34.4463
      vertex 23.1569 -69 34.2905
      vertex 23.2764 -69 34.4463
    endloop
  endfacet
  facet normal 0.793475 0 -0.608603
    outer loop
      vertex 23.1569 -69 34.2905
      vertex 23.2764 -75 34.4463
      vertex 23.1569 -75 34.2905
    endloop
  endfacet
  facet normal 0.923949 0 -0.382517
    outer loop
      vertex 22.9608 -75 33.9509
      vertex 22.8857 -69 33.7695
      vertex 22.9608 -69 33.9509
    endloop
  endfacet
  facet normal 0.923949 0 -0.382517
    outer loop
      vertex 22.8857 -69 33.7695
      vertex 22.9608 -75 33.9509
      vertex 22.8857 -75 33.7695
    endloop
  endfacet
  facet normal 0.793475 -0 0.608603
    outer loop
      vertex 23.1569 -75 31.7095
      vertex 23.2764 -69 31.5537
      vertex 23.1569 -69 31.7095
    endloop
  endfacet
  facet normal 0.793475 0 0.608603
    outer loop
      vertex 23.2764 -69 31.5537
      vertex 23.1569 -75 31.7095
      vertex 23.2764 -75 31.5537
    endloop
  endfacet
  facet normal 0.130428 0 -0.991458
    outer loop
      vertex 24.6093 -75 35.2158
      vertex 24.8039 -69 35.2414
      vertex 24.8039 -75 35.2414
    endloop
  endfacet
  facet normal 0.130428 0 -0.991458
    outer loop
      vertex 24.8039 -69 35.2414
      vertex 24.6093 -75 35.2158
      vertex 24.6093 -69 35.2158
    endloop
  endfacet
  facet normal 0.675609 0 -0.73726
    outer loop
      vertex 23.409 -75 34.591
      vertex 23.5537 -69 34.7236
      vertex 23.5537 -75 34.7236
    endloop
  endfacet
  facet normal 0.675609 0 -0.73726
    outer loop
      vertex 23.5537 -69 34.7236
      vertex 23.409 -75 34.591
      vertex 23.409 -69 34.591
    endloop
  endfacet
  facet normal -0.976271 0 -0.216553
    outer loop
      vertex 27.2158 -75 33.3907
      vertex 27.1733 -69 33.5823
      vertex 27.2158 -69 33.3907
    endloop
  endfacet
  facet normal -0.976271 -0 -0.216553
    outer loop
      vertex 27.1733 -69 33.5823
      vertex 27.2158 -75 33.3907
      vertex 27.1733 -75 33.5823
    endloop
  endfacet
  facet normal -0.887075 0 -0.461625
    outer loop
      vertex 27.0392 -75 33.9509
      vertex 26.9486 -69 34.125
      vertex 27.0392 -69 33.9509
    endloop
  endfacet
  facet normal -0.887075 -0 -0.461625
    outer loop
      vertex 26.9486 -69 34.125
      vertex 27.0392 -75 33.9509
      vertex 26.9486 -75 34.125
    endloop
  endfacet
  facet normal 0.99904 -0 0.0438131
    outer loop
      vertex 22.75 -75 33
      vertex 22.7586 -69 32.8039
      vertex 22.75 -69 33
    endloop
  endfacet
  facet normal 0.99904 0 0.0438131
    outer loop
      vertex 22.7586 -69 32.8039
      vertex 22.75 -75 33
      vertex 22.7586 -75 32.8039
    endloop
  endfacet
  facet normal 0.0438131 0 -0.99904
    outer loop
      vertex 24.8039 -75 35.2414
      vertex 25 -69 35.25
      vertex 25 -75 35.25
    endloop
  endfacet
  facet normal 0.0438131 0 -0.99904
    outer loop
      vertex 25 -69 35.25
      vertex 24.8039 -75 35.2414
      vertex 24.8039 -69 35.2414
    endloop
  endfacet
  facet normal -0.608603 0 -0.793475
    outer loop
      vertex 26.2905 -75 34.8431
      vertex 26.4463 -69 34.7236
      vertex 26.4463 -75 34.7236
    endloop
  endfacet
  facet normal -0.608603 0 -0.793475
    outer loop
      vertex 26.4463 -69 34.7236
      vertex 26.2905 -75 34.8431
      vertex 26.2905 -69 34.8431
    endloop
  endfacet
  facet normal 0.461625 0 -0.887075
    outer loop
      vertex 23.875 -75 34.9486
      vertex 24.0491 -69 35.0392
      vertex 24.0491 -75 35.0392
    endloop
  endfacet
  facet normal 0.461625 0 -0.887075
    outer loop
      vertex 24.0491 -69 35.0392
      vertex 23.875 -75 34.9486
      vertex 23.875 -69 34.9486
    endloop
  endfacet
  facet normal 0.976271 0 -0.216553
    outer loop
      vertex 22.8267 -75 33.5823
      vertex 22.7842 -69 33.3907
      vertex 22.8267 -69 33.5823
    endloop
  endfacet
  facet normal 0.976271 0 -0.216553
    outer loop
      vertex 22.7842 -69 33.3907
      vertex 22.8267 -75 33.5823
      vertex 22.7842 -75 33.3907
    endloop
  endfacet
  facet normal -0.300595 0 -0.953752
    outer loop
      vertex 25.5823 -75 35.1733
      vertex 25.7695 -69 35.1143
      vertex 25.7695 -75 35.1143
    endloop
  endfacet
  facet normal -0.300595 0 -0.953752
    outer loop
      vertex 25.7695 -69 35.1143
      vertex 25.5823 -75 35.1733
      vertex 25.5823 -69 35.1733
    endloop
  endfacet
  facet normal -0.73726 0 -0.675609
    outer loop
      vertex 26.7236 -75 34.4463
      vertex 26.591 -69 34.591
      vertex 26.7236 -69 34.4463
    endloop
  endfacet
  facet normal -0.73726 -0 -0.675609
    outer loop
      vertex 26.591 -69 34.591
      vertex 26.7236 -75 34.4463
      vertex 26.591 -75 34.591
    endloop
  endfacet
  facet normal 0.887075 -0 0.461625
    outer loop
      vertex 22.9608 -75 32.0491
      vertex 23.0514 -69 31.875
      vertex 22.9608 -69 32.0491
    endloop
  endfacet
  facet normal 0.887075 0 0.461625
    outer loop
      vertex 23.0514 -69 31.875
      vertex 22.9608 -75 32.0491
      vertex 23.0514 -75 31.875
    endloop
  endfacet
  facet normal -0.300595 0 0.953752
    outer loop
      vertex 25.5823 -69 30.8267
      vertex 25.7695 -75 30.8857
      vertex 25.7695 -69 30.8857
    endloop
  endfacet
  facet normal -0.300595 0 0.953752
    outer loop
      vertex 25.7695 -75 30.8857
      vertex 25.5823 -69 30.8267
      vertex 25.5823 -75 30.8267
    endloop
  endfacet
  facet normal -0.991458 0 0.130428
    outer loop
      vertex 87.2158 -75 32.6093
      vertex 87.2414 -69 32.8039
      vertex 87.2158 -69 32.6093
    endloop
  endfacet
  facet normal -0.991458 0 0.130428
    outer loop
      vertex 87.2414 -69 32.8039
      vertex 87.2158 -75 32.6093
      vertex 87.2414 -75 32.8039
    endloop
  endfacet
  facet normal -0.99904 0 0.0438131
    outer loop
      vertex 87.2414 -75 32.8039
      vertex 87.25 -69 33
      vertex 87.2414 -69 32.8039
    endloop
  endfacet
  facet normal -0.99904 0 0.0438131
    outer loop
      vertex 87.25 -69 33
      vertex 87.2414 -75 32.8039
      vertex 87.25 -75 33
    endloop
  endfacet
  facet normal -0.976271 0 0.216553
    outer loop
      vertex 87.1733 -75 32.4177
      vertex 87.2158 -69 32.6093
      vertex 87.1733 -69 32.4177
    endloop
  endfacet
  facet normal -0.976271 0 0.216553
    outer loop
      vertex 87.2158 -69 32.6093
      vertex 87.1733 -75 32.4177
      vertex 87.2158 -75 32.6093
    endloop
  endfacet
  facet normal -0.73726 0 0.675609
    outer loop
      vertex 86.591 -75 31.409
      vertex 86.7236 -69 31.5537
      vertex 86.591 -69 31.409
    endloop
  endfacet
  facet normal -0.73726 0 0.675609
    outer loop
      vertex 86.7236 -69 31.5537
      vertex 86.591 -75 31.409
      vertex 86.7236 -75 31.5537
    endloop
  endfacet
  facet normal 0.0438131 0 0.99904
    outer loop
      vertex 84.8039 -69 30.7586
      vertex 85 -75 30.75
      vertex 85 -69 30.75
    endloop
  endfacet
  facet normal 0.0438131 0 0.99904
    outer loop
      vertex 85 -75 30.75
      vertex 84.8039 -69 30.7586
      vertex 84.8039 -75 30.7586
    endloop
  endfacet
  facet normal 0.382517 0 -0.923949
    outer loop
      vertex 84.0491 -75 35.0392
      vertex 84.2305 -69 35.1143
      vertex 84.2305 -75 35.1143
    endloop
  endfacet
  facet normal 0.382517 0 -0.923949
    outer loop
      vertex 84.2305 -69 35.1143
      vertex 84.0491 -75 35.0392
      vertex 84.0491 -69 35.0392
    endloop
  endfacet
  facet normal -0.923949 0 -0.382517
    outer loop
      vertex 87.1143 -75 33.7695
      vertex 87.0392 -69 33.9509
      vertex 87.1143 -69 33.7695
    endloop
  endfacet
  facet normal -0.923949 -0 -0.382517
    outer loop
      vertex 87.0392 -69 33.9509
      vertex 87.1143 -75 33.7695
      vertex 87.0392 -75 33.9509
    endloop
  endfacet
  facet normal 0.461625 0 0.887075
    outer loop
      vertex 83.875 -69 31.0514
      vertex 84.0491 -75 30.9608
      vertex 84.0491 -69 30.9608
    endloop
  endfacet
  facet normal 0.461625 0 0.887075
    outer loop
      vertex 84.0491 -75 30.9608
      vertex 83.875 -69 31.0514
      vertex 83.875 -75 31.0514
    endloop
  endfacet
  facet normal -0.953752 0 0.300595
    outer loop
      vertex 87.1143 -75 32.2305
      vertex 87.1733 -69 32.4177
      vertex 87.1143 -69 32.2305
    endloop
  endfacet
  facet normal -0.953752 0 0.300595
    outer loop
      vertex 87.1733 -69 32.4177
      vertex 87.1143 -75 32.2305
      vertex 87.1733 -75 32.4177
    endloop
  endfacet
  facet normal 0.216553 0 0.976271
    outer loop
      vertex 84.4177 -69 30.8267
      vertex 84.6093 -75 30.7842
      vertex 84.6093 -69 30.7842
    endloop
  endfacet
  facet normal 0.216553 0 0.976271
    outer loop
      vertex 84.6093 -75 30.7842
      vertex 84.4177 -69 30.8267
      vertex 84.4177 -75 30.8267
    endloop
  endfacet
  facet normal 0.537304 0 -0.843389
    outer loop
      vertex 83.7094 -75 34.8431
      vertex 83.875 -69 34.9486
      vertex 83.875 -75 34.9486
    endloop
  endfacet
  facet normal 0.537304 0 -0.843389
    outer loop
      vertex 83.875 -69 34.9486
      vertex 83.7094 -75 34.8431
      vertex 83.7094 -69 34.8431
    endloop
  endfacet
  facet normal 0.923949 -0 0.382517
    outer loop
      vertex 82.8857 -75 32.2305
      vertex 82.9608 -69 32.0491
      vertex 82.8857 -69 32.2305
    endloop
  endfacet
  facet normal 0.923949 0 0.382517
    outer loop
      vertex 82.9608 -69 32.0491
      vertex 82.8857 -75 32.2305
      vertex 82.9608 -75 32.0491
    endloop
  endfacet
  facet normal -0.843242 0 0.537535
    outer loop
      vertex 86.8431 -75 31.7095
      vertex 86.9486 -69 31.875
      vertex 86.8431 -69 31.7095
    endloop
  endfacet
  facet normal -0.843242 0 0.537535
    outer loop
      vertex 86.9486 -69 31.875
      vertex 86.8431 -75 31.7095
      vertex 86.9486 -75 31.875
    endloop
  endfacet
  facet normal -0.793475 0 0.608603
    outer loop
      vertex 86.7236 -75 31.5537
      vertex 86.8431 -69 31.7095
      vertex 86.7236 -69 31.5537
    endloop
  endfacet
  facet normal -0.793475 0 0.608603
    outer loop
      vertex 86.8431 -69 31.7095
      vertex 86.7236 -75 31.5537
      vertex 86.8431 -75 31.7095
    endloop
  endfacet
  facet normal -0.608603 0 0.793475
    outer loop
      vertex 86.2905 -69 31.1569
      vertex 86.4463 -75 31.2764
      vertex 86.4463 -69 31.2764
    endloop
  endfacet
  facet normal -0.608603 0 0.793475
    outer loop
      vertex 86.4463 -75 31.2764
      vertex 86.2905 -69 31.1569
      vertex 86.2905 -75 31.1569
    endloop
  endfacet
  facet normal 0.608849 0 -0.793286
    outer loop
      vertex 83.5537 -75 34.7236
      vertex 83.7094 -69 34.8431
      vertex 83.7094 -75 34.8431
    endloop
  endfacet
  facet normal 0.608849 0 -0.793286
    outer loop
      vertex 83.7094 -69 34.8431
      vertex 83.5537 -75 34.7236
      vertex 83.5537 -69 34.7236
    endloop
  endfacet
  facet normal 0.843242 0 -0.537535
    outer loop
      vertex 83.1569 -75 34.2905
      vertex 83.0514 -69 34.125
      vertex 83.1569 -69 34.2905
    endloop
  endfacet
  facet normal 0.843242 0 -0.537535
    outer loop
      vertex 83.0514 -69 34.125
      vertex 83.1569 -75 34.2905
      vertex 83.0514 -75 34.125
    endloop
  endfacet
  facet normal -0.953752 0 -0.300595
    outer loop
      vertex 87.1733 -75 33.5823
      vertex 87.1143 -69 33.7695
      vertex 87.1733 -69 33.5823
    endloop
  endfacet
  facet normal -0.953752 -0 -0.300595
    outer loop
      vertex 87.1143 -69 33.7695
      vertex 87.1733 -75 33.5823
      vertex 87.1143 -75 33.7695
    endloop
  endfacet
  facet normal -0.0438131 0 0.99904
    outer loop
      vertex 85 -69 30.75
      vertex 85.1961 -75 30.7586
      vertex 85.1961 -69 30.7586
    endloop
  endfacet
  facet normal -0.0438131 0 0.99904
    outer loop
      vertex 85.1961 -75 30.7586
      vertex 85 -69 30.75
      vertex 85 -75 30.75
    endloop
  endfacet
  facet normal -0.382517 0 0.923949
    outer loop
      vertex 85.7695 -69 30.8857
      vertex 85.9509 -75 30.9608
      vertex 85.9509 -69 30.9608
    endloop
  endfacet
  facet normal -0.382517 0 0.923949
    outer loop
      vertex 85.9509 -75 30.9608
      vertex 85.7695 -69 30.8857
      vertex 85.7695 -75 30.8857
    endloop
  endfacet
  facet normal -0.99904 0 -0.0438131
    outer loop
      vertex 87.25 -75 33
      vertex 87.2414 -69 33.1961
      vertex 87.25 -69 33
    endloop
  endfacet
  facet normal -0.99904 -0 -0.0438131
    outer loop
      vertex 87.2414 -69 33.1961
      vertex 87.25 -75 33
      vertex 87.2414 -75 33.1961
    endloop
  endfacet
  facet normal 0.300595 0 0.953752
    outer loop
      vertex 84.2305 -69 30.8857
      vertex 84.4177 -75 30.8267
      vertex 84.4177 -69 30.8267
    endloop
  endfacet
  facet normal 0.300595 0 0.953752
    outer loop
      vertex 84.4177 -75 30.8267
      vertex 84.2305 -69 30.8857
      vertex 84.2305 -75 30.8857
    endloop
  endfacet
  facet normal 0.991458 -0 0.130428
    outer loop
      vertex 82.7586 -75 32.8039
      vertex 82.7842 -69 32.6093
      vertex 82.7586 -69 32.8039
    endloop
  endfacet
  facet normal 0.991458 0 0.130428
    outer loop
      vertex 82.7842 -69 32.6093
      vertex 82.7586 -75 32.8039
      vertex 82.7842 -75 32.6093
    endloop
  endfacet
  facet normal 0.537304 0 0.843389
    outer loop
      vertex 83.7094 -69 31.1569
      vertex 83.875 -75 31.0514
      vertex 83.875 -69 31.0514
    endloop
  endfacet
  facet normal 0.537304 0 0.843389
    outer loop
      vertex 83.875 -75 31.0514
      vertex 83.7094 -69 31.1569
      vertex 83.7094 -75 31.1569
    endloop
  endfacet
  facet normal 0.976271 -0 0.216553
    outer loop
      vertex 82.7842 -75 32.6093
      vertex 82.8267 -69 32.4177
      vertex 82.7842 -69 32.6093
    endloop
  endfacet
  facet normal 0.976271 0 0.216553
    outer loop
      vertex 82.8267 -69 32.4177
      vertex 82.7842 -75 32.6093
      vertex 82.8267 -75 32.4177
    endloop
  endfacet
  facet normal 0.953752 0 -0.300595
    outer loop
      vertex 82.8857 -75 33.7695
      vertex 82.8267 -69 33.5823
      vertex 82.8857 -69 33.7695
    endloop
  endfacet
  facet normal 0.953752 0 -0.300595
    outer loop
      vertex 82.8267 -69 33.5823
      vertex 82.8857 -75 33.7695
      vertex 82.8267 -75 33.5823
    endloop
  endfacet
  facet normal 0.887075 0 -0.461625
    outer loop
      vertex 83.0514 -75 34.125
      vertex 82.9608 -69 33.9509
      vertex 83.0514 -69 34.125
    endloop
  endfacet
  facet normal 0.887075 0 -0.461625
    outer loop
      vertex 82.9608 -69 33.9509
      vertex 83.0514 -75 34.125
      vertex 82.9608 -75 33.9509
    endloop
  endfacet
  facet normal -0.537535 0 -0.843242
    outer loop
      vertex 86.125 -75 34.9486
      vertex 86.2905 -69 34.8431
      vertex 86.2905 -75 34.8431
    endloop
  endfacet
  facet normal -0.537535 0 -0.843242
    outer loop
      vertex 86.2905 -69 34.8431
      vertex 86.125 -75 34.9486
      vertex 86.125 -69 34.9486
    endloop
  endfacet
  facet normal -0.130428 0 0.991458
    outer loop
      vertex 85.1961 -69 30.7586
      vertex 85.3907 -75 30.7842
      vertex 85.3907 -69 30.7842
    endloop
  endfacet
  facet normal -0.130428 0 0.991458
    outer loop
      vertex 85.3907 -75 30.7842
      vertex 85.1961 -69 30.7586
      vertex 85.1961 -75 30.7586
    endloop
  endfacet
  facet normal -0.216553 0 -0.976271
    outer loop
      vertex 85.3907 -75 35.2158
      vertex 85.5823 -69 35.1733
      vertex 85.5823 -75 35.1733
    endloop
  endfacet
  facet normal -0.216553 0 -0.976271
    outer loop
      vertex 85.5823 -69 35.1733
      vertex 85.3907 -75 35.2158
      vertex 85.3907 -69 35.2158
    endloop
  endfacet
  facet normal 0.991458 0 -0.130428
    outer loop
      vertex 82.7842 -75 33.3907
      vertex 82.7586 -69 33.1961
      vertex 82.7842 -69 33.3907
    endloop
  endfacet
  facet normal 0.991458 0 -0.130428
    outer loop
      vertex 82.7586 -69 33.1961
      vertex 82.7842 -75 33.3907
      vertex 82.7586 -75 33.1961
    endloop
  endfacet
  facet normal -0.793475 0 -0.608603
    outer loop
      vertex 86.8431 -75 34.2905
      vertex 86.7236 -69 34.4463
      vertex 86.8431 -69 34.2905
    endloop
  endfacet
  facet normal -0.793475 -0 -0.608603
    outer loop
      vertex 86.7236 -69 34.4463
      vertex 86.8431 -75 34.2905
      vertex 86.7236 -75 34.4463
    endloop
  endfacet
  facet normal -0.0438131 0 -0.99904
    outer loop
      vertex 85 -75 35.25
      vertex 85.1961 -69 35.2414
      vertex 85.1961 -75 35.2414
    endloop
  endfacet
  facet normal -0.0438131 0 -0.99904
    outer loop
      vertex 85.1961 -69 35.2414
      vertex 85 -75 35.25
      vertex 85 -69 35.25
    endloop
  endfacet
  facet normal 0.953752 -0 0.300595
    outer loop
      vertex 82.8267 -75 32.4177
      vertex 82.8857 -69 32.2305
      vertex 82.8267 -69 32.4177
    endloop
  endfacet
  facet normal 0.953752 0 0.300595
    outer loop
      vertex 82.8857 -69 32.2305
      vertex 82.8267 -75 32.4177
      vertex 82.8857 -75 32.2305
    endloop
  endfacet
  facet normal -0.991458 0 -0.130428
    outer loop
      vertex 87.2414 -75 33.1961
      vertex 87.2158 -69 33.3907
      vertex 87.2414 -69 33.1961
    endloop
  endfacet
  facet normal -0.991458 -0 -0.130428
    outer loop
      vertex 87.2158 -69 33.3907
      vertex 87.2414 -75 33.1961
      vertex 87.2158 -75 33.3907
    endloop
  endfacet
  facet normal -0.73726 0 -0.675609
    outer loop
      vertex 86.7236 -75 34.4463
      vertex 86.591 -69 34.591
      vertex 86.7236 -69 34.4463
    endloop
  endfacet
  facet normal -0.73726 -0 -0.675609
    outer loop
      vertex 86.591 -69 34.591
      vertex 86.7236 -75 34.4463
      vertex 86.591 -75 34.591
    endloop
  endfacet
  facet normal 0.843242 -0 0.537535
    outer loop
      vertex 83.0514 -75 31.875
      vertex 83.1569 -69 31.7095
      vertex 83.0514 -69 31.875
    endloop
  endfacet
  facet normal 0.843242 0 0.537535
    outer loop
      vertex 83.1569 -69 31.7095
      vertex 83.0514 -75 31.875
      vertex 83.1569 -75 31.7095
    endloop
  endfacet
  facet normal -0.461625 0 0.887075
    outer loop
      vertex 85.9509 -69 30.9608
      vertex 86.125 -75 31.0514
      vertex 86.125 -69 31.0514
    endloop
  endfacet
  facet normal -0.461625 0 0.887075
    outer loop
      vertex 86.125 -75 31.0514
      vertex 85.9509 -69 30.9608
      vertex 85.9509 -75 30.9608
    endloop
  endfacet
  facet normal -0.537535 0 0.843242
    outer loop
      vertex 86.125 -69 31.0514
      vertex 86.2905 -75 31.1569
      vertex 86.2905 -69 31.1569
    endloop
  endfacet
  facet normal -0.537535 0 0.843242
    outer loop
      vertex 86.2905 -75 31.1569
      vertex 86.125 -69 31.0514
      vertex 86.125 -75 31.0514
    endloop
  endfacet
  facet normal -0.461625 0 -0.887075
    outer loop
      vertex 85.9509 -75 35.0392
      vertex 86.125 -69 34.9486
      vertex 86.125 -75 34.9486
    endloop
  endfacet
  facet normal -0.461625 0 -0.887075
    outer loop
      vertex 86.125 -69 34.9486
      vertex 85.9509 -75 35.0392
      vertex 85.9509 -69 35.0392
    endloop
  endfacet
  facet normal 0.216553 0 -0.976271
    outer loop
      vertex 84.4177 -75 35.1733
      vertex 84.6093 -69 35.2158
      vertex 84.6093 -75 35.2158
    endloop
  endfacet
  facet normal 0.216553 0 -0.976271
    outer loop
      vertex 84.6093 -69 35.2158
      vertex 84.4177 -75 35.1733
      vertex 84.4177 -69 35.1733
    endloop
  endfacet
  facet normal -0.675609 0 -0.73726
    outer loop
      vertex 86.4463 -75 34.7236
      vertex 86.591 -69 34.591
      vertex 86.591 -75 34.591
    endloop
  endfacet
  facet normal -0.675609 0 -0.73726
    outer loop
      vertex 86.591 -69 34.591
      vertex 86.4463 -75 34.7236
      vertex 86.4463 -69 34.7236
    endloop
  endfacet
  facet normal -0.843242 0 -0.537535
    outer loop
      vertex 86.9486 -75 34.125
      vertex 86.8431 -69 34.2905
      vertex 86.9486 -69 34.125
    endloop
  endfacet
  facet normal -0.843242 -0 -0.537535
    outer loop
      vertex 86.8431 -69 34.2905
      vertex 86.9486 -75 34.125
      vertex 86.8431 -75 34.2905
    endloop
  endfacet
  facet normal -0.675609 0 0.73726
    outer loop
      vertex 86.4463 -69 31.2764
      vertex 86.591 -75 31.409
      vertex 86.591 -69 31.409
    endloop
  endfacet
  facet normal -0.675609 0 0.73726
    outer loop
      vertex 86.591 -75 31.409
      vertex 86.4463 -69 31.2764
      vertex 86.4463 -75 31.2764
    endloop
  endfacet
  facet normal -0.923949 0 0.382517
    outer loop
      vertex 87.0392 -75 32.0491
      vertex 87.1143 -69 32.2305
      vertex 87.0392 -69 32.0491
    endloop
  endfacet
  facet normal -0.923949 0 0.382517
    outer loop
      vertex 87.1143 -69 32.2305
      vertex 87.0392 -75 32.0491
      vertex 87.1143 -75 32.2305
    endloop
  endfacet
  facet normal -0.887075 0 0.461625
    outer loop
      vertex 86.9486 -75 31.875
      vertex 87.0392 -69 32.0491
      vertex 86.9486 -69 31.875
    endloop
  endfacet
  facet normal -0.887075 0 0.461625
    outer loop
      vertex 87.0392 -69 32.0491
      vertex 86.9486 -75 31.875
      vertex 87.0392 -75 32.0491
    endloop
  endfacet
  facet normal 0.73726 -0 0.675609
    outer loop
      vertex 83.2764 -75 31.5537
      vertex 83.409 -69 31.409
      vertex 83.2764 -69 31.5537
    endloop
  endfacet
  facet normal 0.73726 0 0.675609
    outer loop
      vertex 83.409 -69 31.409
      vertex 83.2764 -75 31.5537
      vertex 83.409 -75 31.409
    endloop
  endfacet
  facet normal -0.382517 0 -0.923949
    outer loop
      vertex 85.7695 -75 35.1143
      vertex 85.9509 -69 35.0392
      vertex 85.9509 -75 35.0392
    endloop
  endfacet
  facet normal -0.382517 0 -0.923949
    outer loop
      vertex 85.9509 -69 35.0392
      vertex 85.7695 -75 35.1143
      vertex 85.7695 -69 35.1143
    endloop
  endfacet
  facet normal 0.382517 0 0.923949
    outer loop
      vertex 84.0491 -69 30.9608
      vertex 84.2305 -75 30.8857
      vertex 84.2305 -69 30.8857
    endloop
  endfacet
  facet normal 0.382517 0 0.923949
    outer loop
      vertex 84.2305 -75 30.8857
      vertex 84.0491 -69 30.9608
      vertex 84.0491 -75 30.9608
    endloop
  endfacet
  facet normal -0.130428 0 -0.991458
    outer loop
      vertex 85.1961 -75 35.2414
      vertex 85.3907 -69 35.2158
      vertex 85.3907 -75 35.2158
    endloop
  endfacet
  facet normal -0.130428 0 -0.991458
    outer loop
      vertex 85.3907 -69 35.2158
      vertex 85.1961 -75 35.2414
      vertex 85.1961 -69 35.2414
    endloop
  endfacet
  facet normal 0.675609 0 0.73726
    outer loop
      vertex 83.409 -69 31.409
      vertex 83.5537 -75 31.2764
      vertex 83.5537 -69 31.2764
    endloop
  endfacet
  facet normal 0.675609 0 0.73726
    outer loop
      vertex 83.5537 -75 31.2764
      vertex 83.409 -69 31.409
      vertex 83.409 -75 31.409
    endloop
  endfacet
  facet normal 0.99904 0 -0.0438131
    outer loop
      vertex 82.7586 -75 33.1961
      vertex 82.75 -69 33
      vertex 82.7586 -69 33.1961
    endloop
  endfacet
  facet normal 0.99904 0 -0.0438131
    outer loop
      vertex 82.75 -69 33
      vertex 82.7586 -75 33.1961
      vertex 82.75 -75 33
    endloop
  endfacet
  facet normal 0.130428 0 0.991458
    outer loop
      vertex 84.6093 -69 30.7842
      vertex 84.8039 -75 30.7586
      vertex 84.8039 -69 30.7586
    endloop
  endfacet
  facet normal 0.130428 0 0.991458
    outer loop
      vertex 84.8039 -75 30.7586
      vertex 84.6093 -69 30.7842
      vertex 84.6093 -75 30.7842
    endloop
  endfacet
  facet normal 0.608849 0 0.793286
    outer loop
      vertex 83.5537 -69 31.2764
      vertex 83.7094 -75 31.1569
      vertex 83.7094 -69 31.1569
    endloop
  endfacet
  facet normal 0.608849 0 0.793286
    outer loop
      vertex 83.7094 -75 31.1569
      vertex 83.5537 -69 31.2764
      vertex 83.5537 -75 31.2764
    endloop
  endfacet
  facet normal 0.300595 0 -0.953752
    outer loop
      vertex 84.2305 -75 35.1143
      vertex 84.4177 -69 35.1733
      vertex 84.4177 -75 35.1733
    endloop
  endfacet
  facet normal 0.300595 0 -0.953752
    outer loop
      vertex 84.4177 -69 35.1733
      vertex 84.2305 -75 35.1143
      vertex 84.2305 -69 35.1143
    endloop
  endfacet
  facet normal -0.216553 0 0.976271
    outer loop
      vertex 85.3907 -69 30.7842
      vertex 85.5823 -75 30.8267
      vertex 85.5823 -69 30.8267
    endloop
  endfacet
  facet normal -0.216553 0 0.976271
    outer loop
      vertex 85.5823 -75 30.8267
      vertex 85.3907 -69 30.7842
      vertex 85.3907 -75 30.7842
    endloop
  endfacet
  facet normal 0.73726 0 -0.675609
    outer loop
      vertex 83.409 -75 34.591
      vertex 83.2764 -69 34.4463
      vertex 83.409 -69 34.591
    endloop
  endfacet
  facet normal 0.73726 0 -0.675609
    outer loop
      vertex 83.2764 -69 34.4463
      vertex 83.409 -75 34.591
      vertex 83.2764 -75 34.4463
    endloop
  endfacet
  facet normal 0.793475 0 -0.608603
    outer loop
      vertex 83.2764 -75 34.4463
      vertex 83.1569 -69 34.2905
      vertex 83.2764 -69 34.4463
    endloop
  endfacet
  facet normal 0.793475 0 -0.608603
    outer loop
      vertex 83.1569 -69 34.2905
      vertex 83.2764 -75 34.4463
      vertex 83.1569 -75 34.2905
    endloop
  endfacet
  facet normal 0.923949 0 -0.382517
    outer loop
      vertex 82.9608 -75 33.9509
      vertex 82.8857 -69 33.7695
      vertex 82.9608 -69 33.9509
    endloop
  endfacet
  facet normal 0.923949 0 -0.382517
    outer loop
      vertex 82.8857 -69 33.7695
      vertex 82.9608 -75 33.9509
      vertex 82.8857 -75 33.7695
    endloop
  endfacet
  facet normal 0.793475 -0 0.608603
    outer loop
      vertex 83.1569 -75 31.7095
      vertex 83.2764 -69 31.5537
      vertex 83.1569 -69 31.7095
    endloop
  endfacet
  facet normal 0.793475 0 0.608603
    outer loop
      vertex 83.2764 -69 31.5537
      vertex 83.1569 -75 31.7095
      vertex 83.2764 -75 31.5537
    endloop
  endfacet
  facet normal 0.130428 0 -0.991458
    outer loop
      vertex 84.6093 -75 35.2158
      vertex 84.8039 -69 35.2414
      vertex 84.8039 -75 35.2414
    endloop
  endfacet
  facet normal 0.130428 0 -0.991458
    outer loop
      vertex 84.8039 -69 35.2414
      vertex 84.6093 -75 35.2158
      vertex 84.6093 -69 35.2158
    endloop
  endfacet
  facet normal 0.675609 0 -0.73726
    outer loop
      vertex 83.409 -75 34.591
      vertex 83.5537 -69 34.7236
      vertex 83.5537 -75 34.7236
    endloop
  endfacet
  facet normal 0.675609 0 -0.73726
    outer loop
      vertex 83.5537 -69 34.7236
      vertex 83.409 -75 34.591
      vertex 83.409 -69 34.591
    endloop
  endfacet
  facet normal -0.976271 0 -0.216553
    outer loop
      vertex 87.2158 -75 33.3907
      vertex 87.1733 -69 33.5823
      vertex 87.2158 -69 33.3907
    endloop
  endfacet
  facet normal -0.976271 -0 -0.216553
    outer loop
      vertex 87.1733 -69 33.5823
      vertex 87.2158 -75 33.3907
      vertex 87.1733 -75 33.5823
    endloop
  endfacet
  facet normal -0.887075 0 -0.461625
    outer loop
      vertex 87.0392 -75 33.9509
      vertex 86.9486 -69 34.125
      vertex 87.0392 -69 33.9509
    endloop
  endfacet
  facet normal -0.887075 -0 -0.461625
    outer loop
      vertex 86.9486 -69 34.125
      vertex 87.0392 -75 33.9509
      vertex 86.9486 -75 34.125
    endloop
  endfacet
  facet normal 0.99904 -0 0.0438131
    outer loop
      vertex 82.75 -75 33
      vertex 82.7586 -69 32.8039
      vertex 82.75 -69 33
    endloop
  endfacet
  facet normal 0.99904 0 0.0438131
    outer loop
      vertex 82.7586 -69 32.8039
      vertex 82.75 -75 33
      vertex 82.7586 -75 32.8039
    endloop
  endfacet
  facet normal 0.0438131 0 -0.99904
    outer loop
      vertex 84.8039 -75 35.2414
      vertex 85 -69 35.25
      vertex 85 -75 35.25
    endloop
  endfacet
  facet normal 0.0438131 0 -0.99904
    outer loop
      vertex 85 -69 35.25
      vertex 84.8039 -75 35.2414
      vertex 84.8039 -69 35.2414
    endloop
  endfacet
  facet normal -0.608603 0 -0.793475
    outer loop
      vertex 86.2905 -75 34.8431
      vertex 86.4463 -69 34.7236
      vertex 86.4463 -75 34.7236
    endloop
  endfacet
  facet normal -0.608603 0 -0.793475
    outer loop
      vertex 86.4463 -69 34.7236
      vertex 86.2905 -75 34.8431
      vertex 86.2905 -69 34.8431
    endloop
  endfacet
  facet normal 0.461625 0 -0.887075
    outer loop
      vertex 83.875 -75 34.9486
      vertex 84.0491 -69 35.0392
      vertex 84.0491 -75 35.0392
    endloop
  endfacet
  facet normal 0.461625 0 -0.887075
    outer loop
      vertex 84.0491 -69 35.0392
      vertex 83.875 -75 34.9486
      vertex 83.875 -69 34.9486
    endloop
  endfacet
  facet normal 0.976271 0 -0.216553
    outer loop
      vertex 82.8267 -75 33.5823
      vertex 82.7842 -69 33.3907
      vertex 82.8267 -69 33.5823
    endloop
  endfacet
  facet normal 0.976271 0 -0.216553
    outer loop
      vertex 82.7842 -69 33.3907
      vertex 82.8267 -75 33.5823
      vertex 82.7842 -75 33.3907
    endloop
  endfacet
  facet normal -0.300595 0 -0.953752
    outer loop
      vertex 85.5823 -75 35.1733
      vertex 85.7695 -69 35.1143
      vertex 85.7695 -75 35.1143
    endloop
  endfacet
  facet normal -0.300595 0 -0.953752
    outer loop
      vertex 85.7695 -69 35.1143
      vertex 85.5823 -75 35.1733
      vertex 85.5823 -69 35.1733
    endloop
  endfacet
  facet normal 0.887075 -0 0.461625
    outer loop
      vertex 82.9608 -75 32.0491
      vertex 83.0514 -69 31.875
      vertex 82.9608 -69 32.0491
    endloop
  endfacet
  facet normal 0.887075 0 0.461625
    outer loop
      vertex 83.0514 -69 31.875
      vertex 82.9608 -75 32.0491
      vertex 83.0514 -75 31.875
    endloop
  endfacet
  facet normal -0.300595 0 0.953752
    outer loop
      vertex 85.5823 -69 30.8267
      vertex 85.7695 -75 30.8857
      vertex 85.7695 -69 30.8857
    endloop
  endfacet
  facet normal -0.300595 0 0.953752
    outer loop
      vertex 85.7695 -75 30.8857
      vertex 85.5823 -69 30.8267
      vertex 85.5823 -75 30.8267
    endloop
  endfacet
  facet normal -0.793358 -0.608756 0
    outer loop
      vertex 2.66224 1.86412 0
      vertex 2.48964 2.08906 4.8
      vertex 2.48964 2.08906 0
    endloop
  endfacet
  facet normal -0.793358 -0.608756 0
    outer loop
      vertex 2.48964 2.08906 4.8
      vertex 2.66224 1.86412 0
      vertex 2.66224 1.86412 4.8
    endloop
  endfacet
  facet normal -0.991444 -0.130535 0
    outer loop
      vertex 3.23763 0.283256 0
      vertex 3.20062 0.564356 4.8
      vertex 3.20062 0.564356 0
    endloop
  endfacet
  facet normal -0.991444 -0.130535 0
    outer loop
      vertex 3.20062 0.564356 4.8
      vertex 3.23763 0.283256 0
      vertex 3.23763 0.283256 4.8
    endloop
  endfacet
  facet normal -0.999048 -0.0436292 0
    outer loop
      vertex 3.25 0 0
      vertex 3.23763 0.283256 4.8
      vertex 3.23763 0.283256 0
    endloop
  endfacet
  facet normal -0.999048 -0.0436292 0
    outer loop
      vertex 3.23763 0.283256 4.8
      vertex 3.25 0 0
      vertex 3.25 0 4.8
    endloop
  endfacet
  facet normal -0.976301 -0.216418 0
    outer loop
      vertex 3.20062 0.564356 0
      vertex 3.13926 0.841162 4.8
      vertex 3.13926 0.841162 0
    endloop
  endfacet
  facet normal -0.976301 -0.216418 0
    outer loop
      vertex 3.13926 0.841162 4.8
      vertex 3.20062 0.564356 0
      vertex 3.20062 0.564356 4.8
    endloop
  endfacet
  facet normal 0.608756 0.793358 -0
    outer loop
      vertex -1.86412 -2.66224 0
      vertex -2.08906 -2.48964 4.8
      vertex -1.86412 -2.66224 4.8
    endloop
  endfacet
  facet normal 0.608756 0.793358 0
    outer loop
      vertex -2.08906 -2.48964 4.8
      vertex -1.86412 -2.66224 0
      vertex -2.08906 -2.48964 0
    endloop
  endfacet
  facet normal 0.976301 -0.216418 0
    outer loop
      vertex -3.20062 0.564356 4.8
      vertex -3.13926 0.841162 0
      vertex -3.13926 0.841162 4.8
    endloop
  endfacet
  facet normal 0.976301 -0.216418 0
    outer loop
      vertex -3.13926 0.841162 0
      vertex -3.20062 0.564356 4.8
      vertex -3.20062 0.564356 0
    endloop
  endfacet
  facet normal 0.953713 0.300718 0
    outer loop
      vertex -3.054 -1.11156 4.8
      vertex -3.13926 -0.841162 0
      vertex -3.13926 -0.841162 4.8
    endloop
  endfacet
  facet normal 0.953713 0.300718 0
    outer loop
      vertex -3.13926 -0.841162 0
      vertex -3.054 -1.11156 4.8
      vertex -3.054 -1.11156 0
    endloop
  endfacet
  facet normal 0.130535 -0.991444 0
    outer loop
      vertex -0.564356 3.20062 0
      vertex -0.283256 3.23763 4.8
      vertex -0.564356 3.20062 4.8
    endloop
  endfacet
  facet normal 0.130535 -0.991444 0
    outer loop
      vertex -0.283256 3.23763 4.8
      vertex -0.564356 3.20062 0
      vertex -0.283256 3.23763 0
    endloop
  endfacet
  facet normal -0.216418 -0.976301 0
    outer loop
      vertex 0.564356 3.20062 0
      vertex 0.841162 3.13926 4.8
      vertex 0.564356 3.20062 4.8
    endloop
  endfacet
  facet normal -0.216418 -0.976301 -0
    outer loop
      vertex 0.841162 3.13926 4.8
      vertex 0.564356 3.20062 0
      vertex 0.841162 3.13926 0
    endloop
  endfacet
  facet normal -0.130535 0.991444 0
    outer loop
      vertex 0.564356 -3.20062 0
      vertex 0.283256 -3.23763 4.8
      vertex 0.564356 -3.20062 4.8
    endloop
  endfacet
  facet normal -0.130535 0.991444 0
    outer loop
      vertex 0.283256 -3.23763 4.8
      vertex 0.564356 -3.20062 0
      vertex 0.283256 -3.23763 0
    endloop
  endfacet
  facet normal -0.923884 0.382674 0
    outer loop
      vertex 2.9455 -1.37351 0
      vertex 3.054 -1.11156 4.8
      vertex 3.054 -1.11156 0
    endloop
  endfacet
  facet normal -0.923884 0.382674 0
    outer loop
      vertex 3.054 -1.11156 4.8
      vertex 2.9455 -1.37351 0
      vertex 2.9455 -1.37351 4.8
    endloop
  endfacet
  facet normal 0.675571 0.737295 -0
    outer loop
      vertex -2.08906 -2.48964 0
      vertex -2.2981 -2.2981 4.8
      vertex -2.08906 -2.48964 4.8
    endloop
  endfacet
  facet normal 0.675571 0.737295 0
    outer loop
      vertex -2.2981 -2.2981 4.8
      vertex -2.08906 -2.48964 0
      vertex -2.2981 -2.2981 0
    endloop
  endfacet
  facet normal 0.461756 -0.887007 0
    outer loop
      vertex -1.625 2.81458 0
      vertex -1.37351 2.9455 4.8
      vertex -1.625 2.81458 4.8
    endloop
  endfacet
  facet normal 0.461756 -0.887007 0
    outer loop
      vertex -1.37351 2.9455 4.8
      vertex -1.625 2.81458 0
      vertex -1.37351 2.9455 0
    endloop
  endfacet
  facet normal -0.737295 0.675571 0
    outer loop
      vertex 2.2981 -2.2981 0
      vertex 2.48964 -2.08906 4.8
      vertex 2.48964 -2.08906 0
    endloop
  endfacet
  facet normal -0.737295 0.675571 0
    outer loop
      vertex 2.48964 -2.08906 4.8
      vertex 2.2981 -2.2981 0
      vertex 2.2981 -2.2981 4.8
    endloop
  endfacet
  facet normal 0.130535 0.991444 -0
    outer loop
      vertex -0.283256 -3.23763 0
      vertex -0.564356 -3.20062 4.8
      vertex -0.283256 -3.23763 4.8
    endloop
  endfacet
  facet normal 0.130535 0.991444 0
    outer loop
      vertex -0.564356 -3.20062 4.8
      vertex -0.283256 -3.23763 0
      vertex -0.564356 -3.20062 0
    endloop
  endfacet
  facet normal 0.537309 -0.843385 0
    outer loop
      vertex -1.86412 2.66224 0
      vertex -1.625 2.81458 4.8
      vertex -1.86412 2.66224 4.8
    endloop
  endfacet
  facet normal 0.537309 -0.843385 0
    outer loop
      vertex -1.625 2.81458 4.8
      vertex -1.86412 2.66224 0
      vertex -1.625 2.81458 0
    endloop
  endfacet
  facet normal 0.843385 -0.537309 0
    outer loop
      vertex -2.81458 1.625 4.8
      vertex -2.66224 1.86412 0
      vertex -2.66224 1.86412 4.8
    endloop
  endfacet
  facet normal 0.843385 -0.537309 0
    outer loop
      vertex -2.66224 1.86412 0
      vertex -2.81458 1.625 4.8
      vertex -2.81458 1.625 0
    endloop
  endfacet
  facet normal -0.537309 -0.843385 0
    outer loop
      vertex 1.625 2.81458 0
      vertex 1.86412 2.66224 4.8
      vertex 1.625 2.81458 4.8
    endloop
  endfacet
  facet normal -0.537309 -0.843385 -0
    outer loop
      vertex 1.86412 2.66224 4.8
      vertex 1.625 2.81458 0
      vertex 1.86412 2.66224 0
    endloop
  endfacet
  facet normal 0.0436292 0.999048 -0
    outer loop
      vertex 0 -3.25 0
      vertex -0.283256 -3.23763 4.8
      vertex 0 -3.25 4.8
    endloop
  endfacet
  facet normal 0.0436292 0.999048 0
    outer loop
      vertex -0.283256 -3.23763 4.8
      vertex 0 -3.25 0
      vertex -0.283256 -3.23763 0
    endloop
  endfacet
  facet normal -0.382674 -0.923884 0
    outer loop
      vertex 1.11156 3.054 0
      vertex 1.37351 2.9455 4.8
      vertex 1.11156 3.054 4.8
    endloop
  endfacet
  facet normal -0.382674 -0.923884 -0
    outer loop
      vertex 1.37351 2.9455 4.8
      vertex 1.11156 3.054 0
      vertex 1.37351 2.9455 0
    endloop
  endfacet
  facet normal 0.382674 0.923884 -0
    outer loop
      vertex -1.11156 -3.054 0
      vertex -1.37351 -2.9455 4.8
      vertex -1.11156 -3.054 4.8
    endloop
  endfacet
  facet normal 0.382674 0.923884 0
    outer loop
      vertex -1.37351 -2.9455 4.8
      vertex -1.11156 -3.054 0
      vertex -1.37351 -2.9455 0
    endloop
  endfacet
  facet normal 0.976301 0.216418 0
    outer loop
      vertex -3.13926 -0.841162 4.8
      vertex -3.20062 -0.564356 0
      vertex -3.20062 -0.564356 4.8
    endloop
  endfacet
  facet normal 0.976301 0.216418 0
    outer loop
      vertex -3.20062 -0.564356 0
      vertex -3.13926 -0.841162 4.8
      vertex -3.13926 -0.841162 0
    endloop
  endfacet
  facet normal -0.953713 0.300718 0
    outer loop
      vertex 3.054 -1.11156 0
      vertex 3.13926 -0.841162 4.8
      vertex 3.13926 -0.841162 0
    endloop
  endfacet
  facet normal -0.953713 0.300718 0
    outer loop
      vertex 3.13926 -0.841162 4.8
      vertex 3.054 -1.11156 0
      vertex 3.054 -1.11156 4.8
    endloop
  endfacet
  facet normal 0.737295 -0.675571 0
    outer loop
      vertex -2.48964 2.08906 4.8
      vertex -2.2981 2.2981 0
      vertex -2.2981 2.2981 4.8
    endloop
  endfacet
  facet normal 0.737295 -0.675571 0
    outer loop
      vertex -2.2981 2.2981 0
      vertex -2.48964 2.08906 4.8
      vertex -2.48964 2.08906 0
    endloop
  endfacet
  facet normal 0.300718 -0.953713 0
    outer loop
      vertex -1.11156 3.054 0
      vertex -0.841162 3.13926 4.8
      vertex -1.11156 3.054 4.8
    endloop
  endfacet
  facet normal 0.300718 -0.953713 0
    outer loop
      vertex -0.841162 3.13926 4.8
      vertex -1.11156 3.054 0
      vertex -0.841162 3.13926 0
    endloop
  endfacet
  facet normal 0.608756 -0.793358 0
    outer loop
      vertex -2.08906 2.48964 0
      vertex -1.86412 2.66224 4.8
      vertex -2.08906 2.48964 4.8
    endloop
  endfacet
  facet normal 0.608756 -0.793358 0
    outer loop
      vertex -1.86412 2.66224 4.8
      vertex -2.08906 2.48964 0
      vertex -1.86412 2.66224 0
    endloop
  endfacet
  facet normal -0.461756 0.887007 0
    outer loop
      vertex 1.625 -2.81458 0
      vertex 1.37351 -2.9455 4.8
      vertex 1.625 -2.81458 4.8
    endloop
  endfacet
  facet normal -0.461756 0.887007 0
    outer loop
      vertex 1.37351 -2.9455 4.8
      vertex 1.625 -2.81458 0
      vertex 1.37351 -2.9455 0
    endloop
  endfacet
  facet normal -0.216418 0.976301 0
    outer loop
      vertex 0.841162 -3.13926 0
      vertex 0.564356 -3.20062 4.8
      vertex 0.841162 -3.13926 4.8
    endloop
  endfacet
  facet normal -0.216418 0.976301 0
    outer loop
      vertex 0.564356 -3.20062 4.8
      vertex 0.841162 -3.13926 0
      vertex 0.564356 -3.20062 0
    endloop
  endfacet
  facet normal 0.216418 -0.976301 0
    outer loop
      vertex -0.841162 3.13926 0
      vertex -0.564356 3.20062 4.8
      vertex -0.841162 3.13926 4.8
    endloop
  endfacet
  facet normal 0.216418 -0.976301 0
    outer loop
      vertex -0.564356 3.20062 4.8
      vertex -0.841162 3.13926 0
      vertex -0.564356 3.20062 0
    endloop
  endfacet
  facet normal -0.843385 -0.537309 0
    outer loop
      vertex 2.81458 1.625 0
      vertex 2.66224 1.86412 4.8
      vertex 2.66224 1.86412 0
    endloop
  endfacet
  facet normal -0.843385 -0.537309 0
    outer loop
      vertex 2.66224 1.86412 4.8
      vertex 2.81458 1.625 0
      vertex 2.81458 1.625 4.8
    endloop
  endfacet
  facet normal 0.887007 0.461756 0
    outer loop
      vertex -2.81458 -1.625 4.8
      vertex -2.9455 -1.37351 0
      vertex -2.9455 -1.37351 4.8
    endloop
  endfacet
  facet normal 0.887007 0.461756 0
    outer loop
      vertex -2.9455 -1.37351 0
      vertex -2.81458 -1.625 4.8
      vertex -2.81458 -1.625 0
    endloop
  endfacet
  facet normal 0.300718 0.953713 -0
    outer loop
      vertex -0.841162 -3.13926 0
      vertex -1.11156 -3.054 4.8
      vertex -0.841162 -3.13926 4.8
    endloop
  endfacet
  facet normal 0.300718 0.953713 0
    outer loop
      vertex -1.11156 -3.054 4.8
      vertex -0.841162 -3.13926 0
      vertex -1.11156 -3.054 0
    endloop
  endfacet
  facet normal -0.976301 0.216418 0
    outer loop
      vertex 3.13926 -0.841162 0
      vertex 3.20062 -0.564356 4.8
      vertex 3.20062 -0.564356 0
    endloop
  endfacet
  facet normal -0.976301 0.216418 0
    outer loop
      vertex 3.20062 -0.564356 4.8
      vertex 3.13926 -0.841162 0
      vertex 3.13926 -0.841162 4.8
    endloop
  endfacet
  facet normal -0.999048 0.0436292 0
    outer loop
      vertex 3.23763 -0.283256 0
      vertex 3.25 0 4.8
      vertex 3.25 0 0
    endloop
  endfacet
  facet normal -0.999048 0.0436292 0
    outer loop
      vertex 3.25 0 4.8
      vertex 3.23763 -0.283256 0
      vertex 3.23763 -0.283256 4.8
    endloop
  endfacet
  facet normal -0.843385 0.537309 0
    outer loop
      vertex 2.66224 -1.86412 0
      vertex 2.81458 -1.625 4.8
      vertex 2.81458 -1.625 0
    endloop
  endfacet
  facet normal -0.843385 0.537309 0
    outer loop
      vertex 2.81458 -1.625 4.8
      vertex 2.66224 -1.86412 0
      vertex 2.66224 -1.86412 4.8
    endloop
  endfacet
  facet normal 0.843385 0.537309 0
    outer loop
      vertex -2.66224 -1.86412 4.8
      vertex -2.81458 -1.625 0
      vertex -2.81458 -1.625 4.8
    endloop
  endfacet
  facet normal 0.843385 0.537309 0
    outer loop
      vertex -2.81458 -1.625 0
      vertex -2.66224 -1.86412 4.8
      vertex -2.66224 -1.86412 0
    endloop
  endfacet
  facet normal -0.461756 -0.887007 0
    outer loop
      vertex 1.37351 2.9455 0
      vertex 1.625 2.81458 4.8
      vertex 1.37351 2.9455 4.8
    endloop
  endfacet
  facet normal -0.461756 -0.887007 -0
    outer loop
      vertex 1.625 2.81458 4.8
      vertex 1.37351 2.9455 0
      vertex 1.625 2.81458 0
    endloop
  endfacet
  facet normal -0.887007 0.461756 0
    outer loop
      vertex 2.81458 -1.625 0
      vertex 2.9455 -1.37351 4.8
      vertex 2.9455 -1.37351 0
    endloop
  endfacet
  facet normal -0.887007 0.461756 0
    outer loop
      vertex 2.9455 -1.37351 4.8
      vertex 2.81458 -1.625 0
      vertex 2.81458 -1.625 4.8
    endloop
  endfacet
  facet normal -0.675571 -0.737295 0
    outer loop
      vertex 2.08906 2.48964 0
      vertex 2.2981 2.2981 4.8
      vertex 2.08906 2.48964 4.8
    endloop
  endfacet
  facet normal -0.675571 -0.737295 -0
    outer loop
      vertex 2.2981 2.2981 4.8
      vertex 2.08906 2.48964 0
      vertex 2.2981 2.2981 0
    endloop
  endfacet
  facet normal -0.382674 0.923884 0
    outer loop
      vertex 1.37351 -2.9455 0
      vertex 1.11156 -3.054 4.8
      vertex 1.37351 -2.9455 4.8
    endloop
  endfacet
  facet normal -0.382674 0.923884 0
    outer loop
      vertex 1.11156 -3.054 4.8
      vertex 1.37351 -2.9455 0
      vertex 1.11156 -3.054 0
    endloop
  endfacet
  facet normal -0.608756 -0.793358 0
    outer loop
      vertex 1.86412 2.66224 0
      vertex 2.08906 2.48964 4.8
      vertex 1.86412 2.66224 4.8
    endloop
  endfacet
  facet normal -0.608756 -0.793358 -0
    outer loop
      vertex 2.08906 2.48964 4.8
      vertex 1.86412 2.66224 0
      vertex 2.08906 2.48964 0
    endloop
  endfacet
  facet normal -0.0436292 0.999048 0
    outer loop
      vertex 0.283256 -3.23763 0
      vertex 0 -3.25 4.8
      vertex 0.283256 -3.23763 4.8
    endloop
  endfacet
  facet normal -0.0436292 0.999048 0
    outer loop
      vertex 0 -3.25 4.8
      vertex 0.283256 -3.23763 0
      vertex 0 -3.25 0
    endloop
  endfacet
  facet normal -0.953713 -0.300718 0
    outer loop
      vertex 3.13926 0.841162 0
      vertex 3.054 1.11156 4.8
      vertex 3.054 1.11156 0
    endloop
  endfacet
  facet normal -0.953713 -0.300718 0
    outer loop
      vertex 3.054 1.11156 4.8
      vertex 3.13926 0.841162 0
      vertex 3.13926 0.841162 4.8
    endloop
  endfacet
  facet normal -0.793358 0.608756 0
    outer loop
      vertex 2.48964 -2.08906 0
      vertex 2.66224 -1.86412 4.8
      vertex 2.66224 -1.86412 0
    endloop
  endfacet
  facet normal -0.793358 0.608756 0
    outer loop
      vertex 2.66224 -1.86412 4.8
      vertex 2.48964 -2.08906 0
      vertex 2.48964 -2.08906 4.8
    endloop
  endfacet
  facet normal 0.537309 0.843385 -0
    outer loop
      vertex -1.625 -2.81458 0
      vertex -1.86412 -2.66224 4.8
      vertex -1.625 -2.81458 4.8
    endloop
  endfacet
  facet normal 0.537309 0.843385 0
    outer loop
      vertex -1.86412 -2.66224 4.8
      vertex -1.625 -2.81458 0
      vertex -1.86412 -2.66224 0
    endloop
  endfacet
  facet normal 0.887007 -0.461756 0
    outer loop
      vertex -2.9455 1.37351 4.8
      vertex -2.81458 1.625 0
      vertex -2.81458 1.625 4.8
    endloop
  endfacet
  facet normal 0.887007 -0.461756 0
    outer loop
      vertex -2.81458 1.625 0
      vertex -2.9455 1.37351 4.8
      vertex -2.9455 1.37351 0
    endloop
  endfacet
  facet normal 0.0436292 -0.999048 0
    outer loop
      vertex -0.283256 3.23763 0
      vertex 0 3.25 4.8
      vertex -0.283256 3.23763 4.8
    endloop
  endfacet
  facet normal 0.0436292 -0.999048 0
    outer loop
      vertex 0 3.25 4.8
      vertex -0.283256 3.23763 0
      vertex 0 3.25 0
    endloop
  endfacet
  facet normal -0.608756 0.793358 0
    outer loop
      vertex 2.08906 -2.48964 0
      vertex 1.86412 -2.66224 4.8
      vertex 2.08906 -2.48964 4.8
    endloop
  endfacet
  facet normal -0.608756 0.793358 0
    outer loop
      vertex 1.86412 -2.66224 4.8
      vertex 2.08906 -2.48964 0
      vertex 1.86412 -2.66224 0
    endloop
  endfacet
  facet normal -0.130535 -0.991444 0
    outer loop
      vertex 0.283256 3.23763 0
      vertex 0.564356 3.20062 4.8
      vertex 0.283256 3.23763 4.8
    endloop
  endfacet
  facet normal -0.130535 -0.991444 -0
    outer loop
      vertex 0.564356 3.20062 4.8
      vertex 0.283256 3.23763 0
      vertex 0.564356 3.20062 0
    endloop
  endfacet
  facet normal 0.382674 -0.923884 0
    outer loop
      vertex -1.37351 2.9455 0
      vertex -1.11156 3.054 4.8
      vertex -1.37351 2.9455 4.8
    endloop
  endfacet
  facet normal 0.382674 -0.923884 0
    outer loop
      vertex -1.11156 3.054 4.8
      vertex -1.37351 2.9455 0
      vertex -1.11156 3.054 0
    endloop
  endfacet
  facet normal -0.923884 -0.382674 0
    outer loop
      vertex 3.054 1.11156 0
      vertex 2.9455 1.37351 4.8
      vertex 2.9455 1.37351 0
    endloop
  endfacet
  facet normal -0.923884 -0.382674 0
    outer loop
      vertex 2.9455 1.37351 4.8
      vertex 3.054 1.11156 0
      vertex 3.054 1.11156 4.8
    endloop
  endfacet
  facet normal -0.0436292 -0.999048 0
    outer loop
      vertex 0 3.25 0
      vertex 0.283256 3.23763 4.8
      vertex 0 3.25 4.8
    endloop
  endfacet
  facet normal -0.0436292 -0.999048 -0
    outer loop
      vertex 0.283256 3.23763 4.8
      vertex 0 3.25 0
      vertex 0.283256 3.23763 0
    endloop
  endfacet
  facet normal -0.887007 -0.461756 0
    outer loop
      vertex 2.9455 1.37351 0
      vertex 2.81458 1.625 4.8
      vertex 2.81458 1.625 0
    endloop
  endfacet
  facet normal -0.887007 -0.461756 0
    outer loop
      vertex 2.81458 1.625 4.8
      vertex 2.9455 1.37351 0
      vertex 2.9455 1.37351 4.8
    endloop
  endfacet
  facet normal 0.675571 -0.737295 0
    outer loop
      vertex -2.2981 2.2981 0
      vertex -2.08906 2.48964 4.8
      vertex -2.2981 2.2981 4.8
    endloop
  endfacet
  facet normal 0.675571 -0.737295 0
    outer loop
      vertex -2.08906 2.48964 4.8
      vertex -2.2981 2.2981 0
      vertex -2.08906 2.48964 0
    endloop
  endfacet
  facet normal 0.923884 0.382674 0
    outer loop
      vertex -2.9455 -1.37351 4.8
      vertex -3.054 -1.11156 0
      vertex -3.054 -1.11156 4.8
    endloop
  endfacet
  facet normal 0.923884 0.382674 0
    outer loop
      vertex -3.054 -1.11156 0
      vertex -2.9455 -1.37351 4.8
      vertex -2.9455 -1.37351 0
    endloop
  endfacet
  facet normal -0.737295 -0.675571 0
    outer loop
      vertex 2.48964 2.08906 0
      vertex 2.2981 2.2981 4.8
      vertex 2.2981 2.2981 0
    endloop
  endfacet
  facet normal -0.737295 -0.675571 0
    outer loop
      vertex 2.2981 2.2981 4.8
      vertex 2.48964 2.08906 0
      vertex 2.48964 2.08906 4.8
    endloop
  endfacet
  facet normal 0.216418 0.976301 -0
    outer loop
      vertex -0.564356 -3.20062 0
      vertex -0.841162 -3.13926 4.8
      vertex -0.564356 -3.20062 4.8
    endloop
  endfacet
  facet normal 0.216418 0.976301 0
    outer loop
      vertex -0.841162 -3.13926 4.8
      vertex -0.564356 -3.20062 0
      vertex -0.841162 -3.13926 0
    endloop
  endfacet
  facet normal 0.737295 0.675571 0
    outer loop
      vertex -2.2981 -2.2981 4.8
      vertex -2.48964 -2.08906 0
      vertex -2.48964 -2.08906 4.8
    endloop
  endfacet
  facet normal 0.737295 0.675571 0
    outer loop
      vertex -2.48964 -2.08906 0
      vertex -2.2981 -2.2981 4.8
      vertex -2.2981 -2.2981 0
    endloop
  endfacet
  facet normal 0.991444 0.130535 0
    outer loop
      vertex -3.20062 -0.564356 4.8
      vertex -3.23763 -0.283256 0
      vertex -3.23763 -0.283256 4.8
    endloop
  endfacet
  facet normal 0.991444 0.130535 0
    outer loop
      vertex -3.23763 -0.283256 0
      vertex -3.20062 -0.564356 4.8
      vertex -3.20062 -0.564356 0
    endloop
  endfacet
  facet normal 0.793358 0.608756 0
    outer loop
      vertex -2.48964 -2.08906 4.8
      vertex -2.66224 -1.86412 0
      vertex -2.66224 -1.86412 4.8
    endloop
  endfacet
  facet normal 0.793358 0.608756 0
    outer loop
      vertex -2.66224 -1.86412 0
      vertex -2.48964 -2.08906 4.8
      vertex -2.48964 -2.08906 0
    endloop
  endfacet
  facet normal -0.300718 0.953713 0
    outer loop
      vertex 1.11156 -3.054 0
      vertex 0.841162 -3.13926 4.8
      vertex 1.11156 -3.054 4.8
    endloop
  endfacet
  facet normal -0.300718 0.953713 0
    outer loop
      vertex 0.841162 -3.13926 4.8
      vertex 1.11156 -3.054 0
      vertex 0.841162 -3.13926 0
    endloop
  endfacet
  facet normal 0.999048 0.0436292 0
    outer loop
      vertex -3.23763 -0.283256 4.8
      vertex -3.25 0 0
      vertex -3.25 0 4.8
    endloop
  endfacet
  facet normal 0.999048 0.0436292 0
    outer loop
      vertex -3.25 0 0
      vertex -3.23763 -0.283256 4.8
      vertex -3.23763 -0.283256 0
    endloop
  endfacet
  facet normal 0.953713 -0.300718 0
    outer loop
      vertex -3.13926 0.841162 4.8
      vertex -3.054 1.11156 0
      vertex -3.054 1.11156 4.8
    endloop
  endfacet
  facet normal 0.953713 -0.300718 0
    outer loop
      vertex -3.054 1.11156 0
      vertex -3.13926 0.841162 4.8
      vertex -3.13926 0.841162 0
    endloop
  endfacet
  facet normal -0.537309 0.843385 0
    outer loop
      vertex 1.86412 -2.66224 0
      vertex 1.625 -2.81458 4.8
      vertex 1.86412 -2.66224 4.8
    endloop
  endfacet
  facet normal -0.537309 0.843385 0
    outer loop
      vertex 1.625 -2.81458 4.8
      vertex 1.86412 -2.66224 0
      vertex 1.625 -2.81458 0
    endloop
  endfacet
  facet normal 0.793358 -0.608756 0
    outer loop
      vertex -2.66224 1.86412 4.8
      vertex -2.48964 2.08906 0
      vertex -2.48964 2.08906 4.8
    endloop
  endfacet
  facet normal 0.793358 -0.608756 0
    outer loop
      vertex -2.48964 2.08906 0
      vertex -2.66224 1.86412 4.8
      vertex -2.66224 1.86412 0
    endloop
  endfacet
  facet normal -0.991444 0.130535 0
    outer loop
      vertex 3.20062 -0.564356 0
      vertex 3.23763 -0.283256 4.8
      vertex 3.23763 -0.283256 0
    endloop
  endfacet
  facet normal -0.991444 0.130535 0
    outer loop
      vertex 3.23763 -0.283256 4.8
      vertex 3.20062 -0.564356 0
      vertex 3.20062 -0.564356 4.8
    endloop
  endfacet
  facet normal 0.991444 -0.130535 0
    outer loop
      vertex -3.23763 0.283256 4.8
      vertex -3.20062 0.564356 0
      vertex -3.20062 0.564356 4.8
    endloop
  endfacet
  facet normal 0.991444 -0.130535 0
    outer loop
      vertex -3.20062 0.564356 0
      vertex -3.23763 0.283256 4.8
      vertex -3.23763 0.283256 0
    endloop
  endfacet
  facet normal 0.999048 -0.0436292 0
    outer loop
      vertex -3.25 0 4.8
      vertex -3.23763 0.283256 0
      vertex -3.23763 0.283256 4.8
    endloop
  endfacet
  facet normal 0.999048 -0.0436292 0
    outer loop
      vertex -3.23763 0.283256 0
      vertex -3.25 0 4.8
      vertex -3.25 0 0
    endloop
  endfacet
  facet normal -0.300718 -0.953713 0
    outer loop
      vertex 0.841162 3.13926 0
      vertex 1.11156 3.054 4.8
      vertex 0.841162 3.13926 4.8
    endloop
  endfacet
  facet normal -0.300718 -0.953713 -0
    outer loop
      vertex 1.11156 3.054 4.8
      vertex 0.841162 3.13926 0
      vertex 1.11156 3.054 0
    endloop
  endfacet
  facet normal -0.675571 0.737295 0
    outer loop
      vertex 2.2981 -2.2981 0
      vertex 2.08906 -2.48964 4.8
      vertex 2.2981 -2.2981 4.8
    endloop
  endfacet
  facet normal -0.675571 0.737295 0
    outer loop
      vertex 2.08906 -2.48964 4.8
      vertex 2.2981 -2.2981 0
      vertex 2.08906 -2.48964 0
    endloop
  endfacet
  facet normal 0.923884 -0.382674 0
    outer loop
      vertex -3.054 1.11156 4.8
      vertex -2.9455 1.37351 0
      vertex -2.9455 1.37351 4.8
    endloop
  endfacet
  facet normal 0.923884 -0.382674 0
    outer loop
      vertex -2.9455 1.37351 0
      vertex -3.054 1.11156 4.8
      vertex -3.054 1.11156 0
    endloop
  endfacet
  facet normal 0.461756 0.887007 -0
    outer loop
      vertex -1.37351 -2.9455 0
      vertex -1.625 -2.81458 4.8
      vertex -1.37351 -2.9455 4.8
    endloop
  endfacet
  facet normal 0.461756 0.887007 0
    outer loop
      vertex -1.625 -2.81458 4.8
      vertex -1.37351 -2.9455 0
      vertex -1.625 -2.81458 0
    endloop
  endfacet
  facet normal -0.991444 -0.130534 0
    outer loop
      vertex 8.06918 0.705961 4.8
      vertex 7.97694 1.40655 10
      vertex 7.97694 1.40655 4.8
    endloop
  endfacet
  facet normal -0.991444 -0.130534 0
    outer loop
      vertex 7.97694 1.40655 10
      vertex 8.06918 0.705961 4.8
      vertex 8.06918 0.705961 10
    endloop
  endfacet
  facet normal -0.999048 -0.0436153 0
    outer loop
      vertex 8.1 0 4.8
      vertex 8.06918 0.705961 10
      vertex 8.06918 0.705961 4.8
    endloop
  endfacet
  facet normal -0.999048 -0.0436153 0
    outer loop
      vertex 8.06918 0.705961 10
      vertex 8.1 0 4.8
      vertex 8.1 0 10
    endloop
  endfacet
  facet normal -0.976297 -0.216436 0
    outer loop
      vertex 7.97694 1.40655 4.8
      vertex 7.824 2.09643 10
      vertex 7.824 2.09643 4.8
    endloop
  endfacet
  facet normal -0.976297 -0.216436 0
    outer loop
      vertex 7.824 2.09643 10
      vertex 7.97694 1.40655 4.8
      vertex 7.97694 1.40655 10
    endloop
  endfacet
  facet normal 0.537295 -0.843395 0
    outer loop
      vertex -4.64597 6.63513 4.8
      vertex -4.05 7.0148 10
      vertex -4.64597 6.63513 10
    endloop
  endfacet
  facet normal 0.537295 -0.843395 0
    outer loop
      vertex -4.05 7.0148 10
      vertex -4.64597 6.63513 4.8
      vertex -4.05 7.0148 4.8
    endloop
  endfacet
  facet normal -0.999048 0.0436153 0
    outer loop
      vertex 8.06918 -0.705961 4.8
      vertex 8.1 0 10
      vertex 8.1 0 4.8
    endloop
  endfacet
  facet normal -0.999048 0.0436153 0
    outer loop
      vertex 8.1 0 10
      vertex 8.06918 -0.705961 4.8
      vertex 8.06918 -0.705961 10
    endloop
  endfacet
  facet normal 0.843395 -0.537295 0
    outer loop
      vertex -7.0148 4.05 10
      vertex -6.63513 4.64597 4.8
      vertex -6.63513 4.64597 10
    endloop
  endfacet
  facet normal 0.843395 -0.537295 0
    outer loop
      vertex -6.63513 4.64597 4.8
      vertex -7.0148 4.05 10
      vertex -7.0148 4.05 4.8
    endloop
  endfacet
  facet normal -0.130534 0.991444 0
    outer loop
      vertex 1.40655 -7.97694 4.8
      vertex 0.705961 -8.06918 10
      vertex 1.40655 -7.97694 10
    endloop
  endfacet
  facet normal -0.130534 0.991444 0
    outer loop
      vertex 0.705961 -8.06918 10
      vertex 1.40655 -7.97694 4.8
      vertex 0.705961 -8.06918 4.8
    endloop
  endfacet
  facet normal -0.953717 -0.300707 0
    outer loop
      vertex 7.824 2.09643 4.8
      vertex 7.61151 2.77036 10
      vertex 7.61151 2.77036 4.8
    endloop
  endfacet
  facet normal -0.953717 -0.300707 0
    outer loop
      vertex 7.61151 2.77036 10
      vertex 7.824 2.09643 4.8
      vertex 7.824 2.09643 10
    endloop
  endfacet
  facet normal -0.73727 -0.675598 0
    outer loop
      vertex 6.20496 5.20658 4.8
      vertex 5.72756 5.72756 10
      vertex 5.72756 5.72756 4.8
    endloop
  endfacet
  facet normal -0.73727 -0.675598 0
    outer loop
      vertex 5.72756 5.72756 10
      vertex 6.20496 5.20658 4.8
      vertex 6.20496 5.20658 10
    endloop
  endfacet
  facet normal 0.843395 0.537295 0
    outer loop
      vertex -6.63513 -4.64597 10
      vertex -7.0148 -4.05 4.8
      vertex -7.0148 -4.05 10
    endloop
  endfacet
  facet normal 0.843395 0.537295 0
    outer loop
      vertex -7.0148 -4.05 4.8
      vertex -6.63513 -4.64597 10
      vertex -6.63513 -4.64597 4.8
    endloop
  endfacet
  facet normal -0.537295 -0.843395 0
    outer loop
      vertex 4.05 7.0148 4.8
      vertex 4.64597 6.63513 10
      vertex 4.05 7.0148 10
    endloop
  endfacet
  facet normal -0.537295 -0.843395 -0
    outer loop
      vertex 4.64597 6.63513 10
      vertex 4.05 7.0148 4.8
      vertex 4.64597 6.63513 4.8
    endloop
  endfacet
  facet normal 0.382684 0.923879 -0
    outer loop
      vertex -2.77036 -7.61151 4.8
      vertex -3.42321 -7.34109 10
      vertex -2.77036 -7.61151 10
    endloop
  endfacet
  facet normal 0.382684 0.923879 0
    outer loop
      vertex -3.42321 -7.34109 10
      vertex -2.77036 -7.61151 4.8
      vertex -3.42321 -7.34109 4.8
    endloop
  endfacet
  facet normal 0.382684 -0.923879 0
    outer loop
      vertex -3.42321 7.34109 4.8
      vertex -2.77036 7.61151 10
      vertex -3.42321 7.34109 10
    endloop
  endfacet
  facet normal 0.382684 -0.923879 0
    outer loop
      vertex -2.77036 7.61151 10
      vertex -3.42321 7.34109 4.8
      vertex -2.77036 7.61151 4.8
    endloop
  endfacet
  facet normal -0.73727 0.675598 0
    outer loop
      vertex 5.72756 -5.72756 4.8
      vertex 6.20496 -5.20658 10
      vertex 6.20496 -5.20658 4.8
    endloop
  endfacet
  facet normal -0.73727 0.675598 0
    outer loop
      vertex 6.20496 -5.20658 10
      vertex 5.72756 -5.72756 4.8
      vertex 5.72756 -5.72756 10
    endloop
  endfacet
  facet normal 0.216436 -0.976297 0
    outer loop
      vertex -2.09643 7.824 4.8
      vertex -1.40655 7.97694 10
      vertex -2.09643 7.824 10
    endloop
  endfacet
  facet normal 0.216436 -0.976297 0
    outer loop
      vertex -1.40655 7.97694 10
      vertex -2.09643 7.824 4.8
      vertex -1.40655 7.97694 4.8
    endloop
  endfacet
  facet normal 0.793354 0.60876 0
    outer loop
      vertex -6.20496 -5.20658 10
      vertex -6.63513 -4.64597 4.8
      vertex -6.63513 -4.64597 10
    endloop
  endfacet
  facet normal 0.793354 0.60876 0
    outer loop
      vertex -6.63513 -4.64597 4.8
      vertex -6.20496 -5.20658 10
      vertex -6.20496 -5.20658 4.8
    endloop
  endfacet
  facet normal 0.999048 0.0436153 0
    outer loop
      vertex -8.06918 -0.705961 10
      vertex -8.1 0 4.8
      vertex -8.1 0 10
    endloop
  endfacet
  facet normal 0.999048 0.0436153 0
    outer loop
      vertex -8.1 0 4.8
      vertex -8.06918 -0.705961 10
      vertex -8.06918 -0.705961 4.8
    endloop
  endfacet
  facet normal 0.675598 0.73727 -0
    outer loop
      vertex -5.20658 -6.20496 4.8
      vertex -5.72756 -5.72756 10
      vertex -5.20658 -6.20496 10
    endloop
  endfacet
  facet normal 0.675598 0.73727 0
    outer loop
      vertex -5.72756 -5.72756 10
      vertex -5.20658 -6.20496 4.8
      vertex -5.72756 -5.72756 4.8
    endloop
  endfacet
  facet normal -0.300707 -0.953717 0
    outer loop
      vertex 2.09643 7.824 4.8
      vertex 2.77036 7.61151 10
      vertex 2.09643 7.824 10
    endloop
  endfacet
  facet normal -0.300707 -0.953717 -0
    outer loop
      vertex 2.77036 7.61151 10
      vertex 2.09643 7.824 4.8
      vertex 2.77036 7.61151 4.8
    endloop
  endfacet
  facet normal 0.991444 0.130534 0
    outer loop
      vertex -7.97694 -1.40655 10
      vertex -8.06918 -0.705961 4.8
      vertex -8.06918 -0.705961 10
    endloop
  endfacet
  facet normal 0.991444 0.130534 0
    outer loop
      vertex -8.06918 -0.705961 4.8
      vertex -7.97694 -1.40655 10
      vertex -7.97694 -1.40655 4.8
    endloop
  endfacet
  facet normal -0.300707 0.953717 0
    outer loop
      vertex 2.77036 -7.61151 4.8
      vertex 2.09643 -7.824 10
      vertex 2.77036 -7.61151 10
    endloop
  endfacet
  facet normal -0.300707 0.953717 0
    outer loop
      vertex 2.09643 -7.824 10
      vertex 2.77036 -7.61151 4.8
      vertex 2.09643 -7.824 4.8
    endloop
  endfacet
  facet normal 0.300707 -0.953717 0
    outer loop
      vertex -2.77036 7.61151 4.8
      vertex -2.09643 7.824 10
      vertex -2.77036 7.61151 10
    endloop
  endfacet
  facet normal 0.300707 -0.953717 0
    outer loop
      vertex -2.09643 7.824 10
      vertex -2.77036 7.61151 4.8
      vertex -2.09643 7.824 4.8
    endloop
  endfacet
  facet normal 0.976297 0.216436 0
    outer loop
      vertex -7.824 -2.09643 10
      vertex -7.97694 -1.40655 4.8
      vertex -7.97694 -1.40655 10
    endloop
  endfacet
  facet normal 0.976297 0.216436 0
    outer loop
      vertex -7.97694 -1.40655 4.8
      vertex -7.824 -2.09643 10
      vertex -7.824 -2.09643 4.8
    endloop
  endfacet
  facet normal -0.382684 -0.923879 0
    outer loop
      vertex 2.77036 7.61151 4.8
      vertex 3.42321 7.34109 10
      vertex 2.77036 7.61151 10
    endloop
  endfacet
  facet normal -0.382684 -0.923879 -0
    outer loop
      vertex 3.42321 7.34109 10
      vertex 2.77036 7.61151 4.8
      vertex 3.42321 7.34109 4.8
    endloop
  endfacet
  facet normal 0.60876 -0.793354 0
    outer loop
      vertex -5.20658 6.20496 4.8
      vertex -4.64597 6.63513 10
      vertex -5.20658 6.20496 10
    endloop
  endfacet
  facet normal 0.60876 -0.793354 0
    outer loop
      vertex -4.64597 6.63513 10
      vertex -5.20658 6.20496 4.8
      vertex -4.64597 6.63513 4.8
    endloop
  endfacet
  facet normal 0.923879 0.382684 0
    outer loop
      vertex -7.34109 -3.42321 10
      vertex -7.61151 -2.77036 4.8
      vertex -7.61151 -2.77036 10
    endloop
  endfacet
  facet normal 0.923879 0.382684 0
    outer loop
      vertex -7.61151 -2.77036 4.8
      vertex -7.34109 -3.42321 10
      vertex -7.34109 -3.42321 4.8
    endloop
  endfacet
  facet normal -0.923879 -0.382684 0
    outer loop
      vertex 7.61151 2.77036 4.8
      vertex 7.34109 3.42321 10
      vertex 7.34109 3.42321 4.8
    endloop
  endfacet
  facet normal -0.923879 -0.382684 0
    outer loop
      vertex 7.34109 3.42321 10
      vertex 7.61151 2.77036 4.8
      vertex 7.61151 2.77036 10
    endloop
  endfacet
  facet normal 0.953717 0.300707 0
    outer loop
      vertex -7.61151 -2.77036 10
      vertex -7.824 -2.09643 4.8
      vertex -7.824 -2.09643 10
    endloop
  endfacet
  facet normal 0.953717 0.300707 0
    outer loop
      vertex -7.824 -2.09643 4.8
      vertex -7.61151 -2.77036 10
      vertex -7.61151 -2.77036 4.8
    endloop
  endfacet
  facet normal -0.216436 0.976297 0
    outer loop
      vertex 2.09643 -7.824 4.8
      vertex 1.40655 -7.97694 10
      vertex 2.09643 -7.824 10
    endloop
  endfacet
  facet normal -0.216436 0.976297 0
    outer loop
      vertex 1.40655 -7.97694 10
      vertex 2.09643 -7.824 4.8
      vertex 1.40655 -7.97694 4.8
    endloop
  endfacet
  facet normal 0.73727 0.675598 0
    outer loop
      vertex -5.72756 -5.72756 10
      vertex -6.20496 -5.20658 4.8
      vertex -6.20496 -5.20658 10
    endloop
  endfacet
  facet normal 0.73727 0.675598 0
    outer loop
      vertex -6.20496 -5.20658 4.8
      vertex -5.72756 -5.72756 10
      vertex -5.72756 -5.72756 4.8
    endloop
  endfacet
  facet normal 0.537295 0.843395 -0
    outer loop
      vertex -4.05 -7.0148 4.8
      vertex -4.64597 -6.63513 10
      vertex -4.05 -7.0148 10
    endloop
  endfacet
  facet normal 0.537295 0.843395 0
    outer loop
      vertex -4.64597 -6.63513 10
      vertex -4.05 -7.0148 4.8
      vertex -4.64597 -6.63513 4.8
    endloop
  endfacet
  facet normal 0.216436 0.976297 -0
    outer loop
      vertex -1.40655 -7.97694 4.8
      vertex -2.09643 -7.824 10
      vertex -1.40655 -7.97694 10
    endloop
  endfacet
  facet normal 0.216436 0.976297 0
    outer loop
      vertex -2.09643 -7.824 10
      vertex -1.40655 -7.97694 4.8
      vertex -2.09643 -7.824 4.8
    endloop
  endfacet
  facet normal 0.130534 0.991444 -0
    outer loop
      vertex -0.705961 -8.06918 4.8
      vertex -1.40655 -7.97694 10
      vertex -0.705961 -8.06918 10
    endloop
  endfacet
  facet normal 0.130534 0.991444 0
    outer loop
      vertex -1.40655 -7.97694 10
      vertex -0.705961 -8.06918 4.8
      vertex -1.40655 -7.97694 4.8
    endloop
  endfacet
  facet normal -0.60876 0.793354 0
    outer loop
      vertex 5.20658 -6.20496 4.8
      vertex 4.64597 -6.63513 10
      vertex 5.20658 -6.20496 10
    endloop
  endfacet
  facet normal -0.60876 0.793354 0
    outer loop
      vertex 4.64597 -6.63513 10
      vertex 5.20658 -6.20496 4.8
      vertex 4.64597 -6.63513 4.8
    endloop
  endfacet
  facet normal -0.887009 0.461753 0
    outer loop
      vertex 7.0148 -4.05 4.8
      vertex 7.34109 -3.42321 10
      vertex 7.34109 -3.42321 4.8
    endloop
  endfacet
  facet normal -0.887009 0.461753 0
    outer loop
      vertex 7.34109 -3.42321 10
      vertex 7.0148 -4.05 4.8
      vertex 7.0148 -4.05 10
    endloop
  endfacet
  facet normal -0.0436153 -0.999048 0
    outer loop
      vertex 0 8.1 4.8
      vertex 0.705961 8.06918 10
      vertex 0 8.1 10
    endloop
  endfacet
  facet normal -0.0436153 -0.999048 -0
    outer loop
      vertex 0.705961 8.06918 10
      vertex 0 8.1 4.8
      vertex 0.705961 8.06918 4.8
    endloop
  endfacet
  facet normal 0.60876 0.793354 -0
    outer loop
      vertex -4.64597 -6.63513 4.8
      vertex -5.20658 -6.20496 10
      vertex -4.64597 -6.63513 10
    endloop
  endfacet
  facet normal 0.60876 0.793354 0
    outer loop
      vertex -5.20658 -6.20496 10
      vertex -4.64597 -6.63513 4.8
      vertex -5.20658 -6.20496 4.8
    endloop
  endfacet
  facet normal 0.953717 -0.300707 0
    outer loop
      vertex -7.824 2.09643 10
      vertex -7.61151 2.77036 4.8
      vertex -7.61151 2.77036 10
    endloop
  endfacet
  facet normal 0.953717 -0.300707 0
    outer loop
      vertex -7.61151 2.77036 4.8
      vertex -7.824 2.09643 10
      vertex -7.824 2.09643 4.8
    endloop
  endfacet
  facet normal 0.461753 -0.887009 0
    outer loop
      vertex -4.05 7.0148 4.8
      vertex -3.42321 7.34109 10
      vertex -4.05 7.0148 10
    endloop
  endfacet
  facet normal 0.461753 -0.887009 0
    outer loop
      vertex -3.42321 7.34109 10
      vertex -4.05 7.0148 4.8
      vertex -3.42321 7.34109 4.8
    endloop
  endfacet
  facet normal -0.887009 -0.461753 0
    outer loop
      vertex 7.34109 3.42321 4.8
      vertex 7.0148 4.05 10
      vertex 7.0148 4.05 4.8
    endloop
  endfacet
  facet normal -0.887009 -0.461753 0
    outer loop
      vertex 7.0148 4.05 10
      vertex 7.34109 3.42321 4.8
      vertex 7.34109 3.42321 10
    endloop
  endfacet
  facet normal -0.793354 -0.60876 0
    outer loop
      vertex 6.63513 4.64597 4.8
      vertex 6.20496 5.20658 10
      vertex 6.20496 5.20658 4.8
    endloop
  endfacet
  facet normal -0.793354 -0.60876 0
    outer loop
      vertex 6.20496 5.20658 10
      vertex 6.63513 4.64597 4.8
      vertex 6.63513 4.64597 10
    endloop
  endfacet
  facet normal -0.60876 -0.793354 0
    outer loop
      vertex 4.64597 6.63513 4.8
      vertex 5.20658 6.20496 10
      vertex 4.64597 6.63513 10
    endloop
  endfacet
  facet normal -0.60876 -0.793354 -0
    outer loop
      vertex 5.20658 6.20496 10
      vertex 4.64597 6.63513 4.8
      vertex 5.20658 6.20496 4.8
    endloop
  endfacet
  facet normal -0.793354 0.60876 0
    outer loop
      vertex 6.20496 -5.20658 4.8
      vertex 6.63513 -4.64597 10
      vertex 6.63513 -4.64597 4.8
    endloop
  endfacet
  facet normal -0.793354 0.60876 0
    outer loop
      vertex 6.63513 -4.64597 10
      vertex 6.20496 -5.20658 4.8
      vertex 6.20496 -5.20658 10
    endloop
  endfacet
  facet normal -0.461753 0.887009 0
    outer loop
      vertex 4.05 -7.0148 4.8
      vertex 3.42321 -7.34109 10
      vertex 4.05 -7.0148 10
    endloop
  endfacet
  facet normal -0.461753 0.887009 0
    outer loop
      vertex 3.42321 -7.34109 10
      vertex 4.05 -7.0148 4.8
      vertex 3.42321 -7.34109 4.8
    endloop
  endfacet
  facet normal -0.461753 -0.887009 0
    outer loop
      vertex 3.42321 7.34109 4.8
      vertex 4.05 7.0148 10
      vertex 3.42321 7.34109 10
    endloop
  endfacet
  facet normal -0.461753 -0.887009 -0
    outer loop
      vertex 4.05 7.0148 10
      vertex 3.42321 7.34109 4.8
      vertex 4.05 7.0148 4.8
    endloop
  endfacet
  facet normal 0.976297 -0.216436 0
    outer loop
      vertex -7.97694 1.40655 10
      vertex -7.824 2.09643 4.8
      vertex -7.824 2.09643 10
    endloop
  endfacet
  facet normal 0.976297 -0.216436 0
    outer loop
      vertex -7.824 2.09643 4.8
      vertex -7.97694 1.40655 10
      vertex -7.97694 1.40655 4.8
    endloop
  endfacet
  facet normal 0.130534 -0.991444 0
    outer loop
      vertex -1.40655 7.97694 4.8
      vertex -0.705961 8.06918 10
      vertex -1.40655 7.97694 10
    endloop
  endfacet
  facet normal 0.130534 -0.991444 0
    outer loop
      vertex -0.705961 8.06918 10
      vertex -1.40655 7.97694 4.8
      vertex -0.705961 8.06918 4.8
    endloop
  endfacet
  facet normal 0.887009 -0.461753 0
    outer loop
      vertex -7.34109 3.42321 10
      vertex -7.0148 4.05 4.8
      vertex -7.0148 4.05 10
    endloop
  endfacet
  facet normal 0.887009 -0.461753 0
    outer loop
      vertex -7.0148 4.05 4.8
      vertex -7.34109 3.42321 10
      vertex -7.34109 3.42321 4.8
    endloop
  endfacet
  facet normal -0.991444 0.130534 0
    outer loop
      vertex 7.97694 -1.40655 4.8
      vertex 8.06918 -0.705961 10
      vertex 8.06918 -0.705961 4.8
    endloop
  endfacet
  facet normal -0.991444 0.130534 0
    outer loop
      vertex 8.06918 -0.705961 10
      vertex 7.97694 -1.40655 4.8
      vertex 7.97694 -1.40655 10
    endloop
  endfacet
  facet normal -0.976297 0.216436 0
    outer loop
      vertex 7.824 -2.09643 4.8
      vertex 7.97694 -1.40655 10
      vertex 7.97694 -1.40655 4.8
    endloop
  endfacet
  facet normal -0.976297 0.216436 0
    outer loop
      vertex 7.97694 -1.40655 10
      vertex 7.824 -2.09643 4.8
      vertex 7.824 -2.09643 10
    endloop
  endfacet
  facet normal -0.130534 -0.991444 0
    outer loop
      vertex 0.705961 8.06918 4.8
      vertex 1.40655 7.97694 10
      vertex 0.705961 8.06918 10
    endloop
  endfacet
  facet normal -0.130534 -0.991444 -0
    outer loop
      vertex 1.40655 7.97694 10
      vertex 0.705961 8.06918 4.8
      vertex 1.40655 7.97694 4.8
    endloop
  endfacet
  facet normal 0 0 1
    outer loop
      vertex 3.25 0 4.8
      vertex 8.1 0 4.8
      vertex 8.06918 0.705961 4.8
    endloop
  endfacet
  facet normal 0 0 1
    outer loop
      vertex 3.23763 0.283256 4.8
      vertex 8.06918 0.705961 4.8
      vertex 7.97694 1.40655 4.8
    endloop
  endfacet
  facet normal 0 0 1
    outer loop
      vertex 8.1 0 4.8
      vertex 3.25 0 4.8
      vertex 8.06918 -0.705961 4.8
    endloop
  endfacet
  facet normal 0 0 1
    outer loop
      vertex 3.20062 0.564356 4.8
      vertex 7.97694 1.40655 4.8
      vertex 7.824 2.09643 4.8
    endloop
  endfacet
  facet normal -0 0 1
    outer loop
      vertex 3.23763 -0.283256 4.8
      vertex 8.06918 -0.705961 4.8
      vertex 3.25 0 4.8
    endloop
  endfacet
  facet normal 0 0 1
    outer loop
      vertex 3.13926 0.841162 4.8
      vertex 7.824 2.09643 4.8
      vertex 7.61151 2.77036 4.8
    endloop
  endfacet
  facet normal 0 0 1
    outer loop
      vertex 8.06918 -0.705961 4.8
      vertex 3.23763 -0.283256 4.8
      vertex 7.97694 -1.40655 4.8
    endloop
  endfacet
  facet normal 0 0 1
    outer loop
      vertex 3.054 1.11156 4.8
      vertex 7.61151 2.77036 4.8
      vertex 7.34109 3.42321 4.8
    endloop
  endfacet
  facet normal -0 0 1
    outer loop
      vertex 3.20062 -0.564356 4.8
      vertex 7.97694 -1.40655 4.8
      vertex 3.23763 -0.283256 4.8
    endloop
  endfacet
  facet normal 0 0 1
    outer loop
      vertex 2.9455 1.37351 4.8
      vertex 7.34109 3.42321 4.8
      vertex 7.0148 4.05 4.8
    endloop
  endfacet
  facet normal 0 0 1
    outer loop
      vertex 7.97694 -1.40655 4.8
      vertex 3.20062 -0.564356 4.8
      vertex 7.824 -2.09643 4.8
    endloop
  endfacet
  facet normal 0 0 1
    outer loop
      vertex 2.81458 1.625 4.8
      vertex 7.0148 4.05 4.8
      vertex 6.63513 4.64597 4.8
    endloop
  endfacet
  facet normal -0 0 1
    outer loop
      vertex 3.13926 -0.841162 4.8
      vertex 7.824 -2.09643 4.8
      vertex 3.20062 -0.564356 4.8
    endloop
  endfacet
  facet normal 0 0 1
    outer loop
      vertex 2.66224 1.86412 4.8
      vertex 6.63513 4.64597 4.8
      vertex 6.20496 5.20658 4.8
    endloop
  endfacet
  facet normal 0 0 1
    outer loop
      vertex 7.824 -2.09643 4.8
      vertex 3.13926 -0.841162 4.8
      vertex 7.61151 -2.77036 4.8
    endloop
  endfacet
  facet normal 0 0 1
    outer loop
      vertex 2.48964 2.08906 4.8
      vertex 6.20496 5.20658 4.8
      vertex 5.72756 5.72756 4.8
    endloop
  endfacet
  facet normal -0 0 1
    outer loop
      vertex 3.054 -1.11156 4.8
      vertex 7.61151 -2.77036 4.8
      vertex 3.13926 -0.841162 4.8
    endloop
  endfacet
  facet normal 0 0 1
    outer loop
      vertex 2.2981 2.2981 4.8
      vertex 5.72756 5.72756 4.8
      vertex 5.20658 6.20496 4.8
    endloop
  endfacet
  facet normal 0 0 1
    outer loop
      vertex 7.61151 -2.77036 4.8
      vertex 3.054 -1.11156 4.8
      vertex 7.34109 -3.42321 4.8
    endloop
  endfacet
  facet normal 0 0 1
    outer loop
      vertex 2.08906 2.48964 4.8
      vertex 5.20658 6.20496 4.8
      vertex 4.64597 6.63513 4.8
    endloop
  endfacet
  facet normal -0 0 1
    outer loop
      vertex 2.9455 -1.37351 4.8
      vertex 7.34109 -3.42321 4.8
      vertex 3.054 -1.11156 4.8
    endloop
  endfacet
  facet normal 0 0 1
    outer loop
      vertex 1.86412 2.66224 4.8
      vertex 4.64597 6.63513 4.8
      vertex 4.05 7.0148 4.8
    endloop
  endfacet
  facet normal 0 0 1
    outer loop
      vertex 7.34109 -3.42321 4.8
      vertex 2.9455 -1.37351 4.8
      vertex 7.0148 -4.05 4.8
    endloop
  endfacet
  facet normal 0 0 1
    outer loop
      vertex 1.625 2.81458 4.8
      vertex 4.05 7.0148 4.8
      vertex 3.42321 7.34109 4.8
    endloop
  endfacet
  facet normal -0 0 1
    outer loop
      vertex 2.81458 -1.625 4.8
      vertex 7.0148 -4.05 4.8
      vertex 2.9455 -1.37351 4.8
    endloop
  endfacet
  facet normal 0 0 1
    outer loop
      vertex 7.0148 -4.05 4.8
      vertex 2.81458 -1.625 4.8
      vertex 6.63513 -4.64597 4.8
    endloop
  endfacet
  facet normal 0 0 1
    outer loop
      vertex 8.06918 0.705961 4.8
      vertex 3.23763 0.283256 4.8
      vertex 3.25 0 4.8
    endloop
  endfacet
  facet normal 0 0 1
    outer loop
      vertex 7.97694 1.40655 4.8
      vertex 3.20062 0.564356 4.8
      vertex 3.23763 0.283256 4.8
    endloop
  endfacet
  facet normal 0 0 1
    outer loop
      vertex 7.824 2.09643 4.8
      vertex 3.13926 0.841162 4.8
      vertex 3.20062 0.564356 4.8
    endloop
  endfacet
  facet normal 0 0 1
    outer loop
      vertex 7.61151 2.77036 4.8
      vertex 3.054 1.11156 4.8
      vertex 3.13926 0.841162 4.8
    endloop
  endfacet
  facet normal 0 0 1
    outer loop
      vertex 7.34109 3.42321 4.8
      vertex 2.9455 1.37351 4.8
      vertex 3.054 1.11156 4.8
    endloop
  endfacet
  facet normal 0 0 1
    outer loop
      vertex 7.0148 4.05 4.8
      vertex 2.81458 1.625 4.8
      vertex 2.9455 1.37351 4.8
    endloop
  endfacet
  facet normal 0 0 1
    outer loop
      vertex 1.37351 2.9455 4.8
      vertex 3.42321 7.34109 4.8
      vertex 2.77036 7.61151 4.8
    endloop
  endfacet
  facet normal 0 0 1
    outer loop
      vertex 6.63513 4.64597 4.8
      vertex 2.66224 1.86412 4.8
      vertex 2.81458 1.625 4.8
    endloop
  endfacet
  facet normal 0 0 1
    outer loop
      vertex 6.20496 5.20658 4.8
      vertex 2.48964 2.08906 4.8
      vertex 2.66224 1.86412 4.8
    endloop
  endfacet
  facet normal 0 0 1
    outer loop
      vertex 5.72756 5.72756 4.8
      vertex 2.2981 2.2981 4.8
      vertex 2.48964 2.08906 4.8
    endloop
  endfacet
  facet normal 0 0 1
    outer loop
      vertex 1.11156 3.054 4.8
      vertex 2.77036 7.61151 4.8
      vertex 2.09643 7.824 4.8
    endloop
  endfacet
  facet normal 0 0 1
    outer loop
      vertex 5.20658 6.20496 4.8
      vertex 2.08906 2.48964 4.8
      vertex 2.2981 2.2981 4.8
    endloop
  endfacet
  facet normal 0 0 1
    outer loop
      vertex 4.64597 6.63513 4.8
      vertex 1.86412 2.66224 4.8
      vertex 2.08906 2.48964 4.8
    endloop
  endfacet
  facet normal 0 0 1
    outer loop
      vertex 4.05 7.0148 4.8
      vertex 1.625 2.81458 4.8
      vertex 1.86412 2.66224 4.8
    endloop
  endfacet
  facet normal 0 0 1
    outer loop
      vertex 0.841162 3.13926 4.8
      vertex 2.09643 7.824 4.8
      vertex 1.40655 7.97694 4.8
    endloop
  endfacet
  facet normal 0 0 1
    outer loop
      vertex 3.42321 7.34109 4.8
      vertex 1.37351 2.9455 4.8
      vertex 1.625 2.81458 4.8
    endloop
  endfacet
  facet normal 0 0 1
    outer loop
      vertex 2.77036 7.61151 4.8
      vertex 1.11156 3.054 4.8
      vertex 1.37351 2.9455 4.8
    endloop
  endfacet
  facet normal 0 0 1
    outer loop
      vertex 2.09643 7.824 4.8
      vertex 0.841162 3.13926 4.8
      vertex 1.11156 3.054 4.8
    endloop
  endfacet
  facet normal 0 0 1
    outer loop
      vertex 0.564356 3.20062 4.8
      vertex 1.40655 7.97694 4.8
      vertex 0.705961 8.06918 4.8
    endloop
  endfacet
  facet normal 0 0 1
    outer loop
      vertex 1.40655 7.97694 4.8
      vertex 0.564356 3.20062 4.8
      vertex 0.841162 3.13926 4.8
    endloop
  endfacet
  facet normal 0 0 1
    outer loop
      vertex 0.705961 8.06918 4.8
      vertex 0.283256 3.23763 4.8
      vertex 0.564356 3.20062 4.8
    endloop
  endfacet
  facet normal 0 0 1
    outer loop
      vertex 0 8.1 4.8
      vertex 0.283256 3.23763 4.8
      vertex 0.705961 8.06918 4.8
    endloop
  endfacet
  facet normal 0 0 1
    outer loop
      vertex 0 8.1 4.8
      vertex 0 3.25 4.8
      vertex 0.283256 3.23763 4.8
    endloop
  endfacet
  facet normal 0 0 1
    outer loop
      vertex 0 8.1 4.8
      vertex -0.283256 3.23763 4.8
      vertex 0 3.25 4.8
    endloop
  endfacet
  facet normal -0 0 1
    outer loop
      vertex -0.705961 8.06918 4.8
      vertex -0.283256 3.23763 4.8
      vertex 0 8.1 4.8
    endloop
  endfacet
  facet normal 0 0 1
    outer loop
      vertex -0.283256 3.23763 4.8
      vertex -0.705961 8.06918 4.8
      vertex -0.564356 3.20062 4.8
    endloop
  endfacet
  facet normal -0 0 1
    outer loop
      vertex -1.40655 7.97694 4.8
      vertex -0.564356 3.20062 4.8
      vertex -0.705961 8.06918 4.8
    endloop
  endfacet
  facet normal 0 0 1
    outer loop
      vertex -0.564356 3.20062 4.8
      vertex -1.40655 7.97694 4.8
      vertex -0.841162 3.13926 4.8
    endloop
  endfacet
  facet normal -0 0 1
    outer loop
      vertex -2.09643 7.824 4.8
      vertex -0.841162 3.13926 4.8
      vertex -1.40655 7.97694 4.8
    endloop
  endfacet
  facet normal 0 0 1
    outer loop
      vertex -0.841162 3.13926 4.8
      vertex -2.09643 7.824 4.8
      vertex -1.11156 3.054 4.8
    endloop
  endfacet
  facet normal -0 0 1
    outer loop
      vertex -2.77036 7.61151 4.8
      vertex -1.11156 3.054 4.8
      vertex -2.09643 7.824 4.8
    endloop
  endfacet
  facet normal 0 0 1
    outer loop
      vertex -1.11156 3.054 4.8
      vertex -2.77036 7.61151 4.8
      vertex -1.37351 2.9455 4.8
    endloop
  endfacet
  facet normal -0 0 1
    outer loop
      vertex -3.42321 7.34109 4.8
      vertex -1.37351 2.9455 4.8
      vertex -2.77036 7.61151 4.8
    endloop
  endfacet
  facet normal 0 0 1
    outer loop
      vertex -1.37351 2.9455 4.8
      vertex -3.42321 7.34109 4.8
      vertex -1.625 2.81458 4.8
    endloop
  endfacet
  facet normal -0 0 1
    outer loop
      vertex -4.05 7.0148 4.8
      vertex -1.625 2.81458 4.8
      vertex -3.42321 7.34109 4.8
    endloop
  endfacet
  facet normal 0 0 1
    outer loop
      vertex -1.625 2.81458 4.8
      vertex -4.05 7.0148 4.8
      vertex -1.86412 2.66224 4.8
    endloop
  endfacet
  facet normal -0 0 1
    outer loop
      vertex -4.64597 6.63513 4.8
      vertex -1.86412 2.66224 4.8
      vertex -4.05 7.0148 4.8
    endloop
  endfacet
  facet normal 0 0 1
    outer loop
      vertex -1.86412 2.66224 4.8
      vertex -4.64597 6.63513 4.8
      vertex -2.08906 2.48964 4.8
    endloop
  endfacet
  facet normal -0 0 1
    outer loop
      vertex -5.20658 6.20496 4.8
      vertex -2.08906 2.48964 4.8
      vertex -4.64597 6.63513 4.8
    endloop
  endfacet
  facet normal 0 0 1
    outer loop
      vertex -2.08906 2.48964 4.8
      vertex -5.20658 6.20496 4.8
      vertex -2.2981 2.2981 4.8
    endloop
  endfacet
  facet normal -0 0 1
    outer loop
      vertex -5.72756 5.72756 4.8
      vertex -2.2981 2.2981 4.8
      vertex -5.20658 6.20496 4.8
    endloop
  endfacet
  facet normal 0 0 1
    outer loop
      vertex -2.2981 2.2981 4.8
      vertex -5.72756 5.72756 4.8
      vertex -2.48964 2.08906 4.8
    endloop
  endfacet
  facet normal -0 0 1
    outer loop
      vertex -6.20496 5.20658 4.8
      vertex -2.48964 2.08906 4.8
      vertex -5.72756 5.72756 4.8
    endloop
  endfacet
  facet normal 0 0 1
    outer loop
      vertex -2.48964 2.08906 4.8
      vertex -6.20496 5.20658 4.8
      vertex -2.66224 1.86412 4.8
    endloop
  endfacet
  facet normal 0 0 1
    outer loop
      vertex -2.66224 1.86412 4.8
      vertex -6.63513 4.64597 4.8
      vertex -2.81458 1.625 4.8
    endloop
  endfacet
  facet normal -0 0 1
    outer loop
      vertex -6.63513 4.64597 4.8
      vertex -2.66224 1.86412 4.8
      vertex -6.20496 5.20658 4.8
    endloop
  endfacet
  facet normal -0 0 1
    outer loop
      vertex 2.66224 -1.86412 4.8
      vertex 6.63513 -4.64597 4.8
      vertex 2.81458 -1.625 4.8
    endloop
  endfacet
  facet normal 0 0 1
    outer loop
      vertex 6.63513 -4.64597 4.8
      vertex 2.66224 -1.86412 4.8
      vertex 6.20496 -5.20658 4.8
    endloop
  endfacet
  facet normal -0 0 1
    outer loop
      vertex 2.48964 -2.08906 4.8
      vertex 6.20496 -5.20658 4.8
      vertex 2.66224 -1.86412 4.8
    endloop
  endfacet
  facet normal 0 0 1
    outer loop
      vertex 6.20496 -5.20658 4.8
      vertex 2.48964 -2.08906 4.8
      vertex 5.72756 -5.72756 4.8
    endloop
  endfacet
  facet normal -0 0 1
    outer loop
      vertex 2.2981 -2.2981 4.8
      vertex 5.72756 -5.72756 4.8
      vertex 2.48964 -2.08906 4.8
    endloop
  endfacet
  facet normal 0 0 1
    outer loop
      vertex 5.72756 -5.72756 4.8
      vertex 2.2981 -2.2981 4.8
      vertex 5.20658 -6.20496 4.8
    endloop
  endfacet
  facet normal -0 0 1
    outer loop
      vertex 2.08906 -2.48964 4.8
      vertex 5.20658 -6.20496 4.8
      vertex 2.2981 -2.2981 4.8
    endloop
  endfacet
  facet normal 0 0 1
    outer loop
      vertex 5.20658 -6.20496 4.8
      vertex 2.08906 -2.48964 4.8
      vertex 4.64597 -6.63513 4.8
    endloop
  endfacet
  facet normal -0 0 1
    outer loop
      vertex 1.86412 -2.66224 4.8
      vertex 4.64597 -6.63513 4.8
      vertex 2.08906 -2.48964 4.8
    endloop
  endfacet
  facet normal 0 0 1
    outer loop
      vertex 4.64597 -6.63513 4.8
      vertex 1.86412 -2.66224 4.8
      vertex 4.05 -7.0148 4.8
    endloop
  endfacet
  facet normal -0 0 1
    outer loop
      vertex 1.625 -2.81458 4.8
      vertex 4.05 -7.0148 4.8
      vertex 1.86412 -2.66224 4.8
    endloop
  endfacet
  facet normal 0 0 1
    outer loop
      vertex 4.05 -7.0148 4.8
      vertex 1.625 -2.81458 4.8
      vertex 3.42321 -7.34109 4.8
    endloop
  endfacet
  facet normal -0 0 1
    outer loop
      vertex 1.37351 -2.9455 4.8
      vertex 3.42321 -7.34109 4.8
      vertex 1.625 -2.81458 4.8
    endloop
  endfacet
  facet normal 0 0 1
    outer loop
      vertex 3.42321 -7.34109 4.8
      vertex 1.37351 -2.9455 4.8
      vertex 2.77036 -7.61151 4.8
    endloop
  endfacet
  facet normal -0 0 1
    outer loop
      vertex 1.11156 -3.054 4.8
      vertex 2.77036 -7.61151 4.8
      vertex 1.37351 -2.9455 4.8
    endloop
  endfacet
  facet normal 0 0 1
    outer loop
      vertex 2.77036 -7.61151 4.8
      vertex 1.11156 -3.054 4.8
      vertex 2.09643 -7.824 4.8
    endloop
  endfacet
  facet normal -0 0 1
    outer loop
      vertex 0.841162 -3.13926 4.8
      vertex 2.09643 -7.824 4.8
      vertex 1.11156 -3.054 4.8
    endloop
  endfacet
  facet normal 0 0 1
    outer loop
      vertex 2.09643 -7.824 4.8
      vertex 0.841162 -3.13926 4.8
      vertex 1.40655 -7.97694 4.8
    endloop
  endfacet
  facet normal -0 0 1
    outer loop
      vertex 0.564356 -3.20062 4.8
      vertex 1.40655 -7.97694 4.8
      vertex 0.841162 -3.13926 4.8
    endloop
  endfacet
  facet normal 0 0 1
    outer loop
      vertex 1.40655 -7.97694 4.8
      vertex 0.564356 -3.20062 4.8
      vertex 0.705961 -8.06918 4.8
    endloop
  endfacet
  facet normal -0 0 1
    outer loop
      vertex 0.283256 -3.23763 4.8
      vertex 0.705961 -8.06918 4.8
      vertex 0.564356 -3.20062 4.8
    endloop
  endfacet
  facet normal -0 0 1
    outer loop
      vertex 0 -3.25 4.8
      vertex 0.705961 -8.06918 4.8
      vertex 0.283256 -3.23763 4.8
    endloop
  endfacet
  facet normal 0 0 1
    outer loop
      vertex 0 -3.25 4.8
      vertex 0 -8.1 4.8
      vertex 0.705961 -8.06918 4.8
    endloop
  endfacet
  facet normal 0 0 1
    outer loop
      vertex -0.283256 -3.23763 4.8
      vertex 0 -8.1 4.8
      vertex 0 -3.25 4.8
    endloop
  endfacet
  facet normal 0 0 1
    outer loop
      vertex -0.705961 -8.06918 4.8
      vertex -0.283256 -3.23763 4.8
      vertex -0.564356 -3.20062 4.8
    endloop
  endfacet
  facet normal 0 0 1
    outer loop
      vertex -0.283256 -3.23763 4.8
      vertex -0.705961 -8.06918 4.8
      vertex 0 -8.1 4.8
    endloop
  endfacet
  facet normal 0 0 1
    outer loop
      vertex -1.40655 -7.97694 4.8
      vertex -0.564356 -3.20062 4.8
      vertex -0.841162 -3.13926 4.8
    endloop
  endfacet
  facet normal 0 0 1
    outer loop
      vertex -2.09643 -7.824 4.8
      vertex -0.841162 -3.13926 4.8
      vertex -1.11156 -3.054 4.8
    endloop
  endfacet
  facet normal 0 0 1
    outer loop
      vertex -2.77036 -7.61151 4.8
      vertex -1.11156 -3.054 4.8
      vertex -1.37351 -2.9455 4.8
    endloop
  endfacet
  facet normal 0 0 1
    outer loop
      vertex -0.564356 -3.20062 4.8
      vertex -1.40655 -7.97694 4.8
      vertex -0.705961 -8.06918 4.8
    endloop
  endfacet
  facet normal 0 0 1
    outer loop
      vertex -3.42321 -7.34109 4.8
      vertex -1.37351 -2.9455 4.8
      vertex -1.625 -2.81458 4.8
    endloop
  endfacet
  facet normal 0 0 1
    outer loop
      vertex -4.05 -7.0148 4.8
      vertex -1.625 -2.81458 4.8
      vertex -1.86412 -2.66224 4.8
    endloop
  endfacet
  facet normal 0 0 1
    outer loop
      vertex -4.64597 -6.63513 4.8
      vertex -1.86412 -2.66224 4.8
      vertex -2.08906 -2.48964 4.8
    endloop
  endfacet
  facet normal 0 0 1
    outer loop
      vertex -0.841162 -3.13926 4.8
      vertex -2.09643 -7.824 4.8
      vertex -1.40655 -7.97694 4.8
    endloop
  endfacet
  facet normal 0 0 1
    outer loop
      vertex -5.20658 -6.20496 4.8
      vertex -2.08906 -2.48964 4.8
      vertex -2.2981 -2.2981 4.8
    endloop
  endfacet
  facet normal 0 0 1
    outer loop
      vertex -5.72756 -5.72756 4.8
      vertex -2.2981 -2.2981 4.8
      vertex -2.48964 -2.08906 4.8
    endloop
  endfacet
  facet normal 0 0 1
    outer loop
      vertex -6.20496 -5.20658 4.8
      vertex -2.48964 -2.08906 4.8
      vertex -2.66224 -1.86412 4.8
    endloop
  endfacet
  facet normal 0 0 1
    outer loop
      vertex -1.11156 -3.054 4.8
      vertex -2.77036 -7.61151 4.8
      vertex -2.09643 -7.824 4.8
    endloop
  endfacet
  facet normal 0 0 1
    outer loop
      vertex -6.63513 -4.64597 4.8
      vertex -2.66224 -1.86412 4.8
      vertex -2.81458 -1.625 4.8
    endloop
  endfacet
  facet normal 0 0 1
    outer loop
      vertex -7.0148 -4.05 4.8
      vertex -2.81458 -1.625 4.8
      vertex -2.9455 -1.37351 4.8
    endloop
  endfacet
  facet normal 0 0 1
    outer loop
      vertex -7.34109 -3.42321 4.8
      vertex -2.9455 -1.37351 4.8
      vertex -3.054 -1.11156 4.8
    endloop
  endfacet
  facet normal 0 0 1
    outer loop
      vertex -7.61151 -2.77036 4.8
      vertex -3.054 -1.11156 4.8
      vertex -3.13926 -0.841162 4.8
    endloop
  endfacet
  facet normal 0 0 1
    outer loop
      vertex -7.824 -2.09643 4.8
      vertex -3.13926 -0.841162 4.8
      vertex -3.20062 -0.564356 4.8
    endloop
  endfacet
  facet normal 0 0 1
    outer loop
      vertex -7.97694 -1.40655 4.8
      vertex -3.20062 -0.564356 4.8
      vertex -3.23763 -0.283256 4.8
    endloop
  endfacet
  facet normal 0 0 1
    outer loop
      vertex -1.37351 -2.9455 4.8
      vertex -3.42321 -7.34109 4.8
      vertex -2.77036 -7.61151 4.8
    endloop
  endfacet
  facet normal 0 0 1
    outer loop
      vertex -8.06918 -0.705961 4.8
      vertex -3.23763 -0.283256 4.8
      vertex -3.25 0 4.8
    endloop
  endfacet
  facet normal -0 0 1
    outer loop
      vertex -7.0148 4.05 4.8
      vertex -2.81458 1.625 4.8
      vertex -6.63513 4.64597 4.8
    endloop
  endfacet
  facet normal 0 0 1
    outer loop
      vertex -2.81458 1.625 4.8
      vertex -7.0148 4.05 4.8
      vertex -2.9455 1.37351 4.8
    endloop
  endfacet
  facet normal 0 0 1
    outer loop
      vertex -1.625 -2.81458 4.8
      vertex -4.05 -7.0148 4.8
      vertex -3.42321 -7.34109 4.8
    endloop
  endfacet
  facet normal -0 0 1
    outer loop
      vertex -7.34109 3.42321 4.8
      vertex -2.9455 1.37351 4.8
      vertex -7.0148 4.05 4.8
    endloop
  endfacet
  facet normal 0 0 1
    outer loop
      vertex -1.86412 -2.66224 4.8
      vertex -4.64597 -6.63513 4.8
      vertex -4.05 -7.0148 4.8
    endloop
  endfacet
  facet normal 0 0 1
    outer loop
      vertex -2.9455 1.37351 4.8
      vertex -7.34109 3.42321 4.8
      vertex -3.054 1.11156 4.8
    endloop
  endfacet
  facet normal 0 0 1
    outer loop
      vertex -2.08906 -2.48964 4.8
      vertex -5.20658 -6.20496 4.8
      vertex -4.64597 -6.63513 4.8
    endloop
  endfacet
  facet normal -0 0 1
    outer loop
      vertex -7.61151 2.77036 4.8
      vertex -3.054 1.11156 4.8
      vertex -7.34109 3.42321 4.8
    endloop
  endfacet
  facet normal 0 0 1
    outer loop
      vertex -2.2981 -2.2981 4.8
      vertex -5.72756 -5.72756 4.8
      vertex -5.20658 -6.20496 4.8
    endloop
  endfacet
  facet normal 0 0 1
    outer loop
      vertex -3.054 1.11156 4.8
      vertex -7.61151 2.77036 4.8
      vertex -3.13926 0.841162 4.8
    endloop
  endfacet
  facet normal 0 0 1
    outer loop
      vertex -2.48964 -2.08906 4.8
      vertex -6.20496 -5.20658 4.8
      vertex -5.72756 -5.72756 4.8
    endloop
  endfacet
  facet normal -0 0 1
    outer loop
      vertex -7.824 2.09643 4.8
      vertex -3.13926 0.841162 4.8
      vertex -7.61151 2.77036 4.8
    endloop
  endfacet
  facet normal 0 0 1
    outer loop
      vertex -2.66224 -1.86412 4.8
      vertex -6.63513 -4.64597 4.8
      vertex -6.20496 -5.20658 4.8
    endloop
  endfacet
  facet normal 0 0 1
    outer loop
      vertex -3.13926 0.841162 4.8
      vertex -7.824 2.09643 4.8
      vertex -3.20062 0.564356 4.8
    endloop
  endfacet
  facet normal 0 0 1
    outer loop
      vertex -2.81458 -1.625 4.8
      vertex -7.0148 -4.05 4.8
      vertex -6.63513 -4.64597 4.8
    endloop
  endfacet
  facet normal -0 0 1
    outer loop
      vertex -7.97694 1.40655 4.8
      vertex -3.20062 0.564356 4.8
      vertex -7.824 2.09643 4.8
    endloop
  endfacet
  facet normal 0 0 1
    outer loop
      vertex -2.9455 -1.37351 4.8
      vertex -7.34109 -3.42321 4.8
      vertex -7.0148 -4.05 4.8
    endloop
  endfacet
  facet normal 0 0 1
    outer loop
      vertex -3.20062 0.564356 4.8
      vertex -7.97694 1.40655 4.8
      vertex -3.23763 0.283256 4.8
    endloop
  endfacet
  facet normal 0 0 1
    outer loop
      vertex -3.054 -1.11156 4.8
      vertex -7.61151 -2.77036 4.8
      vertex -7.34109 -3.42321 4.8
    endloop
  endfacet
  facet normal -0 0 1
    outer loop
      vertex -8.06918 0.705961 4.8
      vertex -3.23763 0.283256 4.8
      vertex -7.97694 1.40655 4.8
    endloop
  endfacet
  facet normal 0 0 1
    outer loop
      vertex -3.13926 -0.841162 4.8
      vertex -7.824 -2.09643 4.8
      vertex -7.61151 -2.77036 4.8
    endloop
  endfacet
  facet normal 0 0 1
    outer loop
      vertex -3.23763 0.283256 4.8
      vertex -8.06918 0.705961 4.8
      vertex -3.25 0 4.8
    endloop
  endfacet
  facet normal 0 0 1
    outer loop
      vertex -3.20062 -0.564356 4.8
      vertex -7.97694 -1.40655 4.8
      vertex -7.824 -2.09643 4.8
    endloop
  endfacet
  facet normal 0 0 1
    outer loop
      vertex -8.1 0 4.8
      vertex -3.25 0 4.8
      vertex -8.06918 0.705961 4.8
    endloop
  endfacet
  facet normal 0 0 1
    outer loop
      vertex -3.23763 -0.283256 4.8
      vertex -8.06918 -0.705961 4.8
      vertex -7.97694 -1.40655 4.8
    endloop
  endfacet
  facet normal 0 0 1
    outer loop
      vertex -3.25 0 4.8
      vertex -8.1 0 4.8
      vertex -8.06918 -0.705961 4.8
    endloop
  endfacet
  facet normal 0.0436153 -0.999048 0
    outer loop
      vertex -0.705961 8.06918 4.8
      vertex 0 8.1 10
      vertex -0.705961 8.06918 10
    endloop
  endfacet
  facet normal 0.0436153 -0.999048 0
    outer loop
      vertex 0 8.1 10
      vertex -0.705961 8.06918 4.8
      vertex 0 8.1 4.8
    endloop
  endfacet
  facet normal 0.887009 0.461753 0
    outer loop
      vertex -7.0148 -4.05 10
      vertex -7.34109 -3.42321 4.8
      vertex -7.34109 -3.42321 10
    endloop
  endfacet
  facet normal 0.887009 0.461753 0
    outer loop
      vertex -7.34109 -3.42321 4.8
      vertex -7.0148 -4.05 10
      vertex -7.0148 -4.05 4.8
    endloop
  endfacet
  facet normal 0.999048 -0.0436153 0
    outer loop
      vertex -8.1 0 10
      vertex -8.06918 0.705961 4.8
      vertex -8.06918 0.705961 10
    endloop
  endfacet
  facet normal 0.999048 -0.0436153 0
    outer loop
      vertex -8.06918 0.705961 4.8
      vertex -8.1 0 10
      vertex -8.1 0 4.8
    endloop
  endfacet
  facet normal -0.0436153 0.999048 0
    outer loop
      vertex 0.705961 -8.06918 4.8
      vertex 0 -8.1 10
      vertex 0.705961 -8.06918 10
    endloop
  endfacet
  facet normal -0.0436153 0.999048 0
    outer loop
      vertex 0 -8.1 10
      vertex 0.705961 -8.06918 4.8
      vertex 0 -8.1 4.8
    endloop
  endfacet
  facet normal 0.675598 -0.73727 0
    outer loop
      vertex -5.72756 5.72756 4.8
      vertex -5.20658 6.20496 10
      vertex -5.72756 5.72756 10
    endloop
  endfacet
  facet normal 0.675598 -0.73727 0
    outer loop
      vertex -5.20658 6.20496 10
      vertex -5.72756 5.72756 4.8
      vertex -5.20658 6.20496 4.8
    endloop
  endfacet
  facet normal -0.843395 -0.537295 0
    outer loop
      vertex 7.0148 4.05 4.8
      vertex 6.63513 4.64597 10
      vertex 6.63513 4.64597 4.8
    endloop
  endfacet
  facet normal -0.843395 -0.537295 0
    outer loop
      vertex 6.63513 4.64597 10
      vertex 7.0148 4.05 4.8
      vertex 7.0148 4.05 10
    endloop
  endfacet
  facet normal 0.73727 -0.675598 0
    outer loop
      vertex -6.20496 5.20658 10
      vertex -5.72756 5.72756 4.8
      vertex -5.72756 5.72756 10
    endloop
  endfacet
  facet normal 0.73727 -0.675598 0
    outer loop
      vertex -5.72756 5.72756 4.8
      vertex -6.20496 5.20658 10
      vertex -6.20496 5.20658 4.8
    endloop
  endfacet
  facet normal 0.793354 -0.60876 0
    outer loop
      vertex -6.63513 4.64597 10
      vertex -6.20496 5.20658 4.8
      vertex -6.20496 5.20658 10
    endloop
  endfacet
  facet normal 0.793354 -0.60876 0
    outer loop
      vertex -6.20496 5.20658 4.8
      vertex -6.63513 4.64597 10
      vertex -6.63513 4.64597 4.8
    endloop
  endfacet
  facet normal -0.923879 0.382684 0
    outer loop
      vertex 7.34109 -3.42321 4.8
      vertex 7.61151 -2.77036 10
      vertex 7.61151 -2.77036 4.8
    endloop
  endfacet
  facet normal -0.923879 0.382684 0
    outer loop
      vertex 7.61151 -2.77036 10
      vertex 7.34109 -3.42321 4.8
      vertex 7.34109 -3.42321 10
    endloop
  endfacet
  facet normal 0.300707 0.953717 -0
    outer loop
      vertex -2.09643 -7.824 4.8
      vertex -2.77036 -7.61151 10
      vertex -2.09643 -7.824 10
    endloop
  endfacet
  facet normal 0.300707 0.953717 0
    outer loop
      vertex -2.77036 -7.61151 10
      vertex -2.09643 -7.824 4.8
      vertex -2.77036 -7.61151 4.8
    endloop
  endfacet
  facet normal 0.461753 0.887009 -0
    outer loop
      vertex -3.42321 -7.34109 4.8
      vertex -4.05 -7.0148 10
      vertex -3.42321 -7.34109 10
    endloop
  endfacet
  facet normal 0.461753 0.887009 0
    outer loop
      vertex -4.05 -7.0148 10
      vertex -3.42321 -7.34109 4.8
      vertex -4.05 -7.0148 4.8
    endloop
  endfacet
  facet normal -0.382684 0.923879 0
    outer loop
      vertex 3.42321 -7.34109 4.8
      vertex 2.77036 -7.61151 10
      vertex 3.42321 -7.34109 10
    endloop
  endfacet
  facet normal -0.382684 0.923879 0
    outer loop
      vertex 2.77036 -7.61151 10
      vertex 3.42321 -7.34109 4.8
      vertex 2.77036 -7.61151 4.8
    endloop
  endfacet
  facet normal -0.675598 -0.73727 0
    outer loop
      vertex 5.20658 6.20496 4.8
      vertex 5.72756 5.72756 10
      vertex 5.20658 6.20496 10
    endloop
  endfacet
  facet normal -0.675598 -0.73727 -0
    outer loop
      vertex 5.72756 5.72756 10
      vertex 5.20658 6.20496 4.8
      vertex 5.72756 5.72756 4.8
    endloop
  endfacet
  facet normal -0.953717 0.300707 0
    outer loop
      vertex 7.61151 -2.77036 4.8
      vertex 7.824 -2.09643 10
      vertex 7.824 -2.09643 4.8
    endloop
  endfacet
  facet normal -0.953717 0.300707 0
    outer loop
      vertex 7.824 -2.09643 10
      vertex 7.61151 -2.77036 4.8
      vertex 7.61151 -2.77036 10
    endloop
  endfacet
  facet normal 0.0436153 0.999048 -0
    outer loop
      vertex 0 -8.1 4.8
      vertex -0.705961 -8.06918 10
      vertex 0 -8.1 10
    endloop
  endfacet
  facet normal 0.0436153 0.999048 0
    outer loop
      vertex -0.705961 -8.06918 10
      vertex 0 -8.1 4.8
      vertex -0.705961 -8.06918 4.8
    endloop
  endfacet
  facet normal -0.675598 0.73727 0
    outer loop
      vertex 5.72756 -5.72756 4.8
      vertex 5.20658 -6.20496 10
      vertex 5.72756 -5.72756 10
    endloop
  endfacet
  facet normal -0.675598 0.73727 0
    outer loop
      vertex 5.20658 -6.20496 10
      vertex 5.72756 -5.72756 4.8
      vertex 5.20658 -6.20496 4.8
    endloop
  endfacet
  facet normal -0.843395 0.537295 0
    outer loop
      vertex 6.63513 -4.64597 4.8
      vertex 7.0148 -4.05 10
      vertex 7.0148 -4.05 4.8
    endloop
  endfacet
  facet normal -0.843395 0.537295 0
    outer loop
      vertex 7.0148 -4.05 10
      vertex 6.63513 -4.64597 4.8
      vertex 6.63513 -4.64597 10
    endloop
  endfacet
  facet normal -0.537295 0.843395 0
    outer loop
      vertex 4.64597 -6.63513 4.8
      vertex 4.05 -7.0148 10
      vertex 4.64597 -6.63513 10
    endloop
  endfacet
  facet normal -0.537295 0.843395 0
    outer loop
      vertex 4.05 -7.0148 10
      vertex 4.64597 -6.63513 4.8
      vertex 4.05 -7.0148 4.8
    endloop
  endfacet
  facet normal 0.991444 -0.130534 0
    outer loop
      vertex -8.06918 0.705961 10
      vertex -7.97694 1.40655 4.8
      vertex -7.97694 1.40655 10
    endloop
  endfacet
  facet normal 0.991444 -0.130534 0
    outer loop
      vertex -7.97694 1.40655 4.8
      vertex -8.06918 0.705961 10
      vertex -8.06918 0.705961 4.8
    endloop
  endfacet
  facet normal 0.923879 -0.382684 0
    outer loop
      vertex -7.61151 2.77036 10
      vertex -7.34109 3.42321 4.8
      vertex -7.34109 3.42321 10
    endloop
  endfacet
  facet normal 0.923879 -0.382684 0
    outer loop
      vertex -7.34109 3.42321 4.8
      vertex -7.61151 2.77036 10
      vertex -7.61151 2.77036 4.8
    endloop
  endfacet
  facet normal -0.216436 -0.976297 0
    outer loop
      vertex 1.40655 7.97694 4.8
      vertex 2.09643 7.824 10
      vertex 1.40655 7.97694 10
    endloop
  endfacet
  facet normal -0.216436 -0.976297 -0
    outer loop
      vertex 2.09643 7.824 10
      vertex 1.40655 7.97694 4.8
      vertex 2.09643 7.824 4.8
    endloop
  endfacet
  facet normal -0.300624 0.953743 0
    outer loop
      vertex 31.3681 31.2412 7
      vertex 31.0353 31.1363 10
      vertex 31.3681 31.2412 10
    endloop
  endfacet
  facet normal -0.300624 0.953743 0
    outer loop
      vertex 31.0353 31.1363 10
      vertex 31.3681 31.2412 7
      vertex 31.0353 31.1363 7
    endloop
  endfacet
  facet normal -0.976315 -0.216354 0
    outer loop
      vertex 33.9392 55.6946 7
      vertex 33.8637 56.0353 10
      vertex 33.8637 56.0353 7
    endloop
  endfacet
  facet normal -0.976315 -0.216354 0
    outer loop
      vertex 33.8637 56.0353 10
      vertex 33.9392 55.6946 7
      vertex 33.9392 55.6946 10
    endloop
  endfacet
  facet normal 0.461714 -0.887029 0
    outer loop
      vertex -32 58.4641 7
      vertex -31.6905 58.6252 10
      vertex -32 58.4641 10
    endloop
  endfacet
  facet normal 0.461714 -0.887029 0
    outer loop
      vertex -31.6905 58.6252 10
      vertex -32 58.4641 7
      vertex -31.6905 58.6252 7
    endloop
  endfacet
  facet normal 0.953743 0.300624 0
    outer loop
      vertex -33.7588 33.6319 10
      vertex -33.8637 33.9647 7
      vertex -33.8637 33.9647 10
    endloop
  endfacet
  facet normal 0.953743 0.300624 0
    outer loop
      vertex -33.8637 33.9647 7
      vertex -33.7588 33.6319 10
      vertex -33.7588 33.6319 7
    endloop
  endfacet
  facet normal -0.0435616 0.999051 0
    outer loop
      vertex 30.3486 31.0152 7
      vertex 30 31 10
      vertex 30.3486 31.0152 10
    endloop
  endfacet
  facet normal -0.0435616 0.999051 0
    outer loop
      vertex 30 31 10
      vertex 30.3486 31.0152 7
      vertex 30 31 7
    endloop
  endfacet
  facet normal 0 -1 0
    outer loop
      vertex -30 59 7
      vertex 30 59 10
      vertex -30 59 10
    endloop
  endfacet
  facet normal 0 -1 -0
    outer loop
      vertex 30 59 10
      vertex -30 59 7
      vertex 30 59 7
    endloop
  endfacet
  facet normal 0.53732 -0.843378 0
    outer loop
      vertex -32.2943 58.2766 7
      vertex -32 58.4641 10
      vertex -32.2943 58.2766 10
    endloop
  endfacet
  facet normal 0.53732 -0.843378 0
    outer loop
      vertex -32 58.4641 10
      vertex -32.2943 58.2766 7
      vertex -32 58.4641 7
    endloop
  endfacet
  facet normal 0.0435616 -0.999051 0
    outer loop
      vertex -30.3486 58.9848 7
      vertex -30 59 10
      vertex -30.3486 58.9848 10
    endloop
  endfacet
  facet normal 0.0435616 -0.999051 0
    outer loop
      vertex -30 59 10
      vertex -30.3486 58.9848 7
      vertex -30 59 7
    endloop
  endfacet
  facet normal 0.300624 0.953743 -0
    outer loop
      vertex -31.0353 31.1363 7
      vertex -31.3681 31.2412 10
      vertex -31.0353 31.1363 10
    endloop
  endfacet
  facet normal 0.300624 0.953743 0
    outer loop
      vertex -31.3681 31.2412 10
      vertex -31.0353 31.1363 7
      vertex -31.3681 31.2412 7
    endloop
  endfacet
  facet normal -0.216354 0.976315 0
    outer loop
      vertex 31.0353 31.1363 7
      vertex 30.6946 31.0608 10
      vertex 31.0353 31.1363 10
    endloop
  endfacet
  facet normal -0.216354 0.976315 0
    outer loop
      vertex 30.6946 31.0608 10
      vertex 31.0353 31.1363 7
      vertex 30.6946 31.0608 7
    endloop
  endfacet
  facet normal -0.793454 -0.60863 0
    outer loop
      vertex 33.2766 57.2943 7
      vertex 33.0642 57.5712 10
      vertex 33.0642 57.5712 7
    endloop
  endfacet
  facet normal -0.793454 -0.60863 0
    outer loop
      vertex 33.0642 57.5712 10
      vertex 33.2766 57.2943 7
      vertex 33.2766 57.2943 10
    endloop
  endfacet
  facet normal 0 1 -0
    outer loop
      vertex 30 31 7
      vertex -30 31 10
      vertex 30 31 10
    endloop
  endfacet
  facet normal 0 1 0
    outer loop
      vertex -30 31 10
      vertex 30 31 7
      vertex -30 31 7
    endloop
  endfacet
  facet normal 0.843378 0.53732 0
    outer loop
      vertex -33.2766 32.7057 10
      vertex -33.4641 33 7
      vertex -33.4641 33 10
    endloop
  endfacet
  facet normal 0.843378 0.53732 0
    outer loop
      vertex -33.4641 33 7
      vertex -33.2766 32.7057 10
      vertex -33.2766 32.7057 7
    endloop
  endfacet
  facet normal -0.382824 0.923821 0
    outer loop
      vertex 31.6905 31.3748 7
      vertex 31.3681 31.2412 10
      vertex 31.6905 31.3748 10
    endloop
  endfacet
  facet normal -0.382824 0.923821 0
    outer loop
      vertex 31.3681 31.2412 10
      vertex 31.6905 31.3748 7
      vertex 31.3681 31.2412 7
    endloop
  endfacet
  facet normal -0.130662 -0.991427 0
    outer loop
      vertex 30.3486 58.9848 7
      vertex 30.6946 58.9392 10
      vertex 30.3486 58.9848 10
    endloop
  endfacet
  facet normal -0.130662 -0.991427 -0
    outer loop
      vertex 30.6946 58.9392 10
      vertex 30.3486 58.9848 7
      vertex 30.6946 58.9392 7
    endloop
  endfacet
  facet normal -0.382824 -0.923821 0
    outer loop
      vertex 31.3681 58.7588 7
      vertex 31.6905 58.6252 10
      vertex 31.3681 58.7588 10
    endloop
  endfacet
  facet normal -0.382824 -0.923821 -0
    outer loop
      vertex 31.6905 58.6252 10
      vertex 31.3681 58.7588 7
      vertex 31.6905 58.6252 7
    endloop
  endfacet
  facet normal 0.953743 -0.300624 0
    outer loop
      vertex -33.8637 56.0353 10
      vertex -33.7588 56.3681 7
      vertex -33.7588 56.3681 10
    endloop
  endfacet
  facet normal 0.953743 -0.300624 0
    outer loop
      vertex -33.7588 56.3681 7
      vertex -33.8637 56.0353 10
      vertex -33.8637 56.0353 7
    endloop
  endfacet
  facet normal 0.999051 0.0435616 0
    outer loop
      vertex -33.9848 34.6514 10
      vertex -34 35 7
      vertex -34 35 10
    endloop
  endfacet
  facet normal 0.999051 0.0435616 0
    outer loop
      vertex -34 35 7
      vertex -33.9848 34.6514 10
      vertex -33.9848 34.6514 7
    endloop
  endfacet
  facet normal 0.216354 -0.976315 0
    outer loop
      vertex -31.0353 58.8637 7
      vertex -30.6946 58.9392 10
      vertex -31.0353 58.8637 10
    endloop
  endfacet
  facet normal 0.216354 -0.976315 0
    outer loop
      vertex -30.6946 58.9392 10
      vertex -31.0353 58.8637 7
      vertex -30.6946 58.9392 7
    endloop
  endfacet
  facet normal -0.887029 -0.461714 0
    outer loop
      vertex 33.6252 56.6905 7
      vertex 33.4641 57 10
      vertex 33.4641 57 7
    endloop
  endfacet
  facet normal -0.887029 -0.461714 0
    outer loop
      vertex 33.4641 57 10
      vertex 33.6252 56.6905 7
      vertex 33.6252 56.6905 10
    endloop
  endfacet
  facet normal 0.999051 -0.0435616 0
    outer loop
      vertex -34 55 10
      vertex -33.9848 55.3486 7
      vertex -33.9848 55.3486 10
    endloop
  endfacet
  facet normal 0.999051 -0.0435616 0
    outer loop
      vertex -33.9848 55.3486 7
      vertex -34 55 10
      vertex -34 55 7
    endloop
  endfacet
  facet normal 0.843378 -0.53732 0
    outer loop
      vertex -33.4641 57 10
      vertex -33.2766 57.2943 7
      vertex -33.2766 57.2943 10
    endloop
  endfacet
  facet normal 0.843378 -0.53732 0
    outer loop
      vertex -33.2766 57.2943 7
      vertex -33.4641 57 10
      vertex -33.4641 57 7
    endloop
  endfacet
  facet normal -0.923821 -0.382824 0
    outer loop
      vertex 33.7588 56.3681 7
      vertex 33.6252 56.6905 10
      vertex 33.6252 56.6905 7
    endloop
  endfacet
  facet normal -0.923821 -0.382824 0
    outer loop
      vertex 33.6252 56.6905 10
      vertex 33.7588 56.3681 7
      vertex 33.7588 56.3681 10
    endloop
  endfacet
  facet normal 0.991427 -0.130662 0
    outer loop
      vertex -33.9848 55.3486 10
      vertex -33.9392 55.6946 7
      vertex -33.9392 55.6946 10
    endloop
  endfacet
  facet normal 0.991427 -0.130662 0
    outer loop
      vertex -33.9392 55.6946 7
      vertex -33.9848 55.3486 10
      vertex -33.9848 55.3486 7
    endloop
  endfacet
  facet normal -0.461714 0.887029 0
    outer loop
      vertex 32 31.5359 7
      vertex 31.6905 31.3748 10
      vertex 32 31.5359 10
    endloop
  endfacet
  facet normal -0.461714 0.887029 0
    outer loop
      vertex 31.6905 31.3748 10
      vertex 32 31.5359 7
      vertex 31.6905 31.3748 7
    endloop
  endfacet
  facet normal -0.130662 0.991427 0
    outer loop
      vertex 30.6946 31.0608 7
      vertex 30.3486 31.0152 10
      vertex 30.6946 31.0608 10
    endloop
  endfacet
  facet normal -0.130662 0.991427 0
    outer loop
      vertex 30.3486 31.0152 10
      vertex 30.6946 31.0608 7
      vertex 30.3486 31.0152 7
    endloop
  endfacet
  facet normal 0.991427 0.130662 0
    outer loop
      vertex -33.9392 34.3054 10
      vertex -33.9848 34.6514 7
      vertex -33.9848 34.6514 10
    endloop
  endfacet
  facet normal 0.991427 0.130662 0
    outer loop
      vertex -33.9848 34.6514 7
      vertex -33.9392 34.3054 10
      vertex -33.9392 34.3054 7
    endloop
  endfacet
  facet normal 0.130662 -0.991427 0
    outer loop
      vertex -30.6946 58.9392 7
      vertex -30.3486 58.9848 10
      vertex -30.6946 58.9392 10
    endloop
  endfacet
  facet normal 0.130662 -0.991427 0
    outer loop
      vertex -30.3486 58.9848 10
      vertex -30.6946 58.9392 7
      vertex -30.3486 58.9848 7
    endloop
  endfacet
  facet normal 0.382824 0.923821 -0
    outer loop
      vertex -31.3681 31.2412 7
      vertex -31.6905 31.3748 10
      vertex -31.3681 31.2412 10
    endloop
  endfacet
  facet normal 0.382824 0.923821 0
    outer loop
      vertex -31.6905 31.3748 10
      vertex -31.3681 31.2412 7
      vertex -31.6905 31.3748 7
    endloop
  endfacet
  facet normal 1 -0 0
    outer loop
      vertex -34 35 10
      vertex -34 55 7
      vertex -34 55 10
    endloop
  endfacet
  facet normal 1 0 0
    outer loop
      vertex -34 55 7
      vertex -34 35 10
      vertex -34 35 7
    endloop
  endfacet
  facet normal -0.991427 -0.130662 0
    outer loop
      vertex 33.9848 55.3486 7
      vertex 33.9392 55.6946 10
      vertex 33.9392 55.6946 7
    endloop
  endfacet
  facet normal -0.991427 -0.130662 0
    outer loop
      vertex 33.9392 55.6946 10
      vertex 33.9848 55.3486 7
      vertex 33.9848 55.3486 10
    endloop
  endfacet
  facet normal 0.60863 0.793454 -0
    outer loop
      vertex -32.2943 31.7234 7
      vertex -32.5712 31.9358 10
      vertex -32.2943 31.7234 10
    endloop
  endfacet
  facet normal 0.60863 0.793454 0
    outer loop
      vertex -32.5712 31.9358 10
      vertex -32.2943 31.7234 7
      vertex -32.5712 31.9358 7
    endloop
  endfacet
  facet normal -0.999051 0.0435616 0
    outer loop
      vertex 33.9848 34.6514 7
      vertex 34 35 10
      vertex 34 35 7
    endloop
  endfacet
  facet normal -0.999051 0.0435616 0
    outer loop
      vertex 34 35 10
      vertex 33.9848 34.6514 7
      vertex 33.9848 34.6514 10
    endloop
  endfacet
  facet normal 0.737107 0.675777 0
    outer loop
      vertex -32.8284 32.1716 10
      vertex -33.0642 32.4288 7
      vertex -33.0642 32.4288 10
    endloop
  endfacet
  facet normal 0.737107 0.675777 0
    outer loop
      vertex -33.0642 32.4288 7
      vertex -32.8284 32.1716 10
      vertex -32.8284 32.1716 7
    endloop
  endfacet
  facet normal 0.793454 0.60863 0
    outer loop
      vertex -33.0642 32.4288 10
      vertex -33.2766 32.7057 7
      vertex -33.2766 32.7057 10
    endloop
  endfacet
  facet normal 0.793454 0.60863 0
    outer loop
      vertex -33.2766 32.7057 7
      vertex -33.0642 32.4288 10
      vertex -33.0642 32.4288 7
    endloop
  endfacet
  facet normal -0.999051 -0.0435616 0
    outer loop
      vertex 34 55 7
      vertex 33.9848 55.3486 10
      vertex 33.9848 55.3486 7
    endloop
  endfacet
  facet normal -0.999051 -0.0435616 0
    outer loop
      vertex 33.9848 55.3486 10
      vertex 34 55 7
      vertex 34 55 10
    endloop
  endfacet
  facet normal -0.843378 -0.53732 0
    outer loop
      vertex 33.4641 57 7
      vertex 33.2766 57.2943 10
      vertex 33.2766 57.2943 7
    endloop
  endfacet
  facet normal -0.843378 -0.53732 0
    outer loop
      vertex 33.2766 57.2943 10
      vertex 33.4641 57 7
      vertex 33.4641 57 10
    endloop
  endfacet
  facet normal -0.53732 0.843378 0
    outer loop
      vertex 32.2943 31.7234 7
      vertex 32 31.5359 10
      vertex 32.2943 31.7234 10
    endloop
  endfacet
  facet normal -0.53732 0.843378 0
    outer loop
      vertex 32 31.5359 10
      vertex 32.2943 31.7234 7
      vertex 32 31.5359 7
    endloop
  endfacet
  facet normal 0.0435616 0.999051 -0
    outer loop
      vertex -30 31 7
      vertex -30.3486 31.0152 10
      vertex -30 31 10
    endloop
  endfacet
  facet normal 0.0435616 0.999051 0
    outer loop
      vertex -30.3486 31.0152 10
      vertex -30 31 7
      vertex -30.3486 31.0152 7
    endloop
  endfacet
  facet normal 0.53732 0.843378 -0
    outer loop
      vertex -32 31.5359 7
      vertex -32.2943 31.7234 10
      vertex -32 31.5359 10
    endloop
  endfacet
  facet normal 0.53732 0.843378 0
    outer loop
      vertex -32.2943 31.7234 10
      vertex -32 31.5359 7
      vertex -32.2943 31.7234 7
    endloop
  endfacet
  facet normal 0.130662 0.991427 -0
    outer loop
      vertex -30.3486 31.0152 7
      vertex -30.6946 31.0608 10
      vertex -30.3486 31.0152 10
    endloop
  endfacet
  facet normal 0.130662 0.991427 0
    outer loop
      vertex -30.6946 31.0608 10
      vertex -30.3486 31.0152 7
      vertex -30.6946 31.0608 7
    endloop
  endfacet
  facet normal -1 0 0
    outer loop
      vertex 34 35 7
      vertex 34 55 10
      vertex 34 55 7
    endloop
  endfacet
  facet normal -1 -0 0
    outer loop
      vertex 34 55 10
      vertex 34 35 7
      vertex 34 35 10
    endloop
  endfacet
  facet normal 0.300624 -0.953743 0
    outer loop
      vertex -31.3681 58.7588 7
      vertex -31.0353 58.8637 10
      vertex -31.3681 58.7588 10
    endloop
  endfacet
  facet normal 0.300624 -0.953743 0
    outer loop
      vertex -31.0353 58.8637 10
      vertex -31.3681 58.7588 7
      vertex -31.0353 58.8637 7
    endloop
  endfacet
  facet normal -0.953743 -0.300624 0
    outer loop
      vertex 33.8637 56.0353 7
      vertex 33.7588 56.3681 10
      vertex 33.7588 56.3681 7
    endloop
  endfacet
  facet normal -0.953743 -0.300624 0
    outer loop
      vertex 33.7588 56.3681 10
      vertex 33.8637 56.0353 7
      vertex 33.8637 56.0353 10
    endloop
  endfacet
  facet normal -0.793454 0.60863 0
    outer loop
      vertex 33.0642 32.4288 7
      vertex 33.2766 32.7057 10
      vertex 33.2766 32.7057 7
    endloop
  endfacet
  facet normal -0.793454 0.60863 0
    outer loop
      vertex 33.2766 32.7057 10
      vertex 33.0642 32.4288 7
      vertex 33.0642 32.4288 10
    endloop
  endfacet
  facet normal -0.843378 0.53732 0
    outer loop
      vertex 33.2766 32.7057 7
      vertex 33.4641 33 10
      vertex 33.4641 33 7
    endloop
  endfacet
  facet normal -0.843378 0.53732 0
    outer loop
      vertex 33.4641 33 10
      vertex 33.2766 32.7057 7
      vertex 33.2766 32.7057 10
    endloop
  endfacet
  facet normal -0.0435616 -0.999051 0
    outer loop
      vertex 30 59 7
      vertex 30.3486 58.9848 10
      vertex 30 59 10
    endloop
  endfacet
  facet normal -0.0435616 -0.999051 -0
    outer loop
      vertex 30.3486 58.9848 10
      vertex 30 59 7
      vertex 30.3486 58.9848 7
    endloop
  endfacet
  facet normal 0.976315 0.216354 0
    outer loop
      vertex -33.8637 33.9647 10
      vertex -33.9392 34.3054 7
      vertex -33.9392 34.3054 10
    endloop
  endfacet
  facet normal 0.976315 0.216354 0
    outer loop
      vertex -33.9392 34.3054 7
      vertex -33.8637 33.9647 10
      vertex -33.8637 33.9647 7
    endloop
  endfacet
  facet normal -0.461714 -0.887029 0
    outer loop
      vertex 31.6905 58.6252 7
      vertex 32 58.4641 10
      vertex 31.6905 58.6252 10
    endloop
  endfacet
  facet normal -0.461714 -0.887029 -0
    outer loop
      vertex 32 58.4641 10
      vertex 31.6905 58.6252 7
      vertex 32 58.4641 7
    endloop
  endfacet
  facet normal -0.300624 -0.953743 0
    outer loop
      vertex 31.0353 58.8637 7
      vertex 31.3681 58.7588 10
      vertex 31.0353 58.8637 10
    endloop
  endfacet
  facet normal -0.300624 -0.953743 -0
    outer loop
      vertex 31.3681 58.7588 10
      vertex 31.0353 58.8637 7
      vertex 31.3681 58.7588 7
    endloop
  endfacet
  facet normal -0.216354 -0.976315 0
    outer loop
      vertex 30.6946 58.9392 7
      vertex 31.0353 58.8637 10
      vertex 30.6946 58.9392 10
    endloop
  endfacet
  facet normal -0.216354 -0.976315 -0
    outer loop
      vertex 31.0353 58.8637 10
      vertex 30.6946 58.9392 7
      vertex 31.0353 58.8637 7
    endloop
  endfacet
  facet normal 0.923821 0.382824 0
    outer loop
      vertex -33.6252 33.3095 10
      vertex -33.7588 33.6319 7
      vertex -33.7588 33.6319 10
    endloop
  endfacet
  facet normal 0.923821 0.382824 0
    outer loop
      vertex -33.7588 33.6319 7
      vertex -33.6252 33.3095 10
      vertex -33.6252 33.3095 7
    endloop
  endfacet
  facet normal 0.923821 -0.382824 0
    outer loop
      vertex -33.7588 56.3681 10
      vertex -33.6252 56.6905 7
      vertex -33.6252 56.6905 10
    endloop
  endfacet
  facet normal 0.923821 -0.382824 0
    outer loop
      vertex -33.6252 56.6905 7
      vertex -33.7588 56.3681 10
      vertex -33.7588 56.3681 7
    endloop
  endfacet
  facet normal -0.737107 0.675777 0
    outer loop
      vertex 32.8284 32.1716 7
      vertex 33.0642 32.4288 10
      vertex 33.0642 32.4288 7
    endloop
  endfacet
  facet normal -0.737107 0.675777 0
    outer loop
      vertex 33.0642 32.4288 10
      vertex 32.8284 32.1716 7
      vertex 32.8284 32.1716 10
    endloop
  endfacet
  facet normal 0.675777 0.737107 -0
    outer loop
      vertex -32.5712 31.9358 7
      vertex -32.8284 32.1716 10
      vertex -32.5712 31.9358 10
    endloop
  endfacet
  facet normal 0.675777 0.737107 0
    outer loop
      vertex -32.8284 32.1716 10
      vertex -32.5712 31.9358 7
      vertex -32.8284 32.1716 7
    endloop
  endfacet
  facet normal -0.737107 -0.675777 0
    outer loop
      vertex 33.0642 57.5712 7
      vertex 32.8284 57.8284 10
      vertex 32.8284 57.8284 7
    endloop
  endfacet
  facet normal -0.737107 -0.675777 0
    outer loop
      vertex 32.8284 57.8284 10
      vertex 33.0642 57.5712 7
      vertex 33.0642 57.5712 10
    endloop
  endfacet
  facet normal -0.60863 0.793454 0
    outer loop
      vertex 32.5712 31.9358 7
      vertex 32.2943 31.7234 10
      vertex 32.5712 31.9358 10
    endloop
  endfacet
  facet normal -0.60863 0.793454 0
    outer loop
      vertex 32.2943 31.7234 10
      vertex 32.5712 31.9358 7
      vertex 32.2943 31.7234 7
    endloop
  endfacet
  facet normal -0.887029 0.461714 0
    outer loop
      vertex 33.4641 33 7
      vertex 33.6252 33.3095 10
      vertex 33.6252 33.3095 7
    endloop
  endfacet
  facet normal -0.887029 0.461714 0
    outer loop
      vertex 33.6252 33.3095 10
      vertex 33.4641 33 7
      vertex 33.4641 33 10
    endloop
  endfacet
  facet normal -0.991427 0.130662 0
    outer loop
      vertex 33.9392 34.3054 7
      vertex 33.9848 34.6514 10
      vertex 33.9848 34.6514 7
    endloop
  endfacet
  facet normal -0.991427 0.130662 0
    outer loop
      vertex 33.9848 34.6514 10
      vertex 33.9392 34.3054 7
      vertex 33.9392 34.3054 10
    endloop
  endfacet
  facet normal -0.675777 0.737107 0
    outer loop
      vertex 32.8284 32.1716 7
      vertex 32.5712 31.9358 10
      vertex 32.8284 32.1716 10
    endloop
  endfacet
  facet normal -0.675777 0.737107 0
    outer loop
      vertex 32.5712 31.9358 10
      vertex 32.8284 32.1716 7
      vertex 32.5712 31.9358 7
    endloop
  endfacet
  facet normal 0.216354 0.976315 -0
    outer loop
      vertex -30.6946 31.0608 7
      vertex -31.0353 31.1363 10
      vertex -30.6946 31.0608 10
    endloop
  endfacet
  facet normal 0.216354 0.976315 0
    outer loop
      vertex -31.0353 31.1363 10
      vertex -30.6946 31.0608 7
      vertex -31.0353 31.1363 7
    endloop
  endfacet
  facet normal 0.382824 -0.923821 0
    outer loop
      vertex -31.6905 58.6252 7
      vertex -31.3681 58.7588 10
      vertex -31.6905 58.6252 10
    endloop
  endfacet
  facet normal 0.382824 -0.923821 0
    outer loop
      vertex -31.3681 58.7588 10
      vertex -31.6905 58.6252 7
      vertex -31.3681 58.7588 7
    endloop
  endfacet
  facet normal -0.976315 0.216354 0
    outer loop
      vertex 33.8637 33.9647 7
      vertex 33.9392 34.3054 10
      vertex 33.9392 34.3054 7
    endloop
  endfacet
  facet normal -0.976315 0.216354 0
    outer loop
      vertex 33.9392 34.3054 10
      vertex 33.8637 33.9647 7
      vertex 33.8637 33.9647 10
    endloop
  endfacet
  facet normal -0.923821 0.382824 0
    outer loop
      vertex 33.6252 33.3095 7
      vertex 33.7588 33.6319 10
      vertex 33.7588 33.6319 7
    endloop
  endfacet
  facet normal -0.923821 0.382824 0
    outer loop
      vertex 33.7588 33.6319 10
      vertex 33.6252 33.3095 7
      vertex 33.6252 33.3095 10
    endloop
  endfacet
  facet normal 0.60863 -0.793454 0
    outer loop
      vertex -32.5712 58.0642 7
      vertex -32.2943 58.2766 10
      vertex -32.5712 58.0642 10
    endloop
  endfacet
  facet normal 0.60863 -0.793454 0
    outer loop
      vertex -32.2943 58.2766 10
      vertex -32.5712 58.0642 7
      vertex -32.2943 58.2766 7
    endloop
  endfacet
  facet normal 0.737107 -0.675777 0
    outer loop
      vertex -33.0642 57.5712 10
      vertex -32.8284 57.8284 7
      vertex -32.8284 57.8284 10
    endloop
  endfacet
  facet normal 0.737107 -0.675777 0
    outer loop
      vertex -32.8284 57.8284 7
      vertex -33.0642 57.5712 10
      vertex -33.0642 57.5712 7
    endloop
  endfacet
  facet normal 0.793454 -0.60863 0
    outer loop
      vertex -33.2766 57.2943 10
      vertex -33.0642 57.5712 7
      vertex -33.0642 57.5712 10
    endloop
  endfacet
  facet normal 0.793454 -0.60863 0
    outer loop
      vertex -33.0642 57.5712 7
      vertex -33.2766 57.2943 10
      vertex -33.2766 57.2943 7
    endloop
  endfacet
  facet normal 0.976315 -0.216354 0
    outer loop
      vertex -33.9392 55.6946 10
      vertex -33.8637 56.0353 7
      vertex -33.8637 56.0353 10
    endloop
  endfacet
  facet normal 0.976315 -0.216354 0
    outer loop
      vertex -33.8637 56.0353 7
      vertex -33.9392 55.6946 10
      vertex -33.9392 55.6946 7
    endloop
  endfacet
  facet normal 0.675777 -0.737107 0
    outer loop
      vertex -32.8284 57.8284 7
      vertex -32.5712 58.0642 10
      vertex -32.8284 57.8284 10
    endloop
  endfacet
  facet normal 0.675777 -0.737107 0
    outer loop
      vertex -32.5712 58.0642 10
      vertex -32.8284 57.8284 7
      vertex -32.5712 58.0642 7
    endloop
  endfacet
  facet normal 0.887029 0.461714 0
    outer loop
      vertex -33.4641 33 10
      vertex -33.6252 33.3095 7
      vertex -33.6252 33.3095 10
    endloop
  endfacet
  facet normal 0.887029 0.461714 0
    outer loop
      vertex -33.6252 33.3095 7
      vertex -33.4641 33 10
      vertex -33.4641 33 7
    endloop
  endfacet
  facet normal 0.461714 0.887029 -0
    outer loop
      vertex -31.6905 31.3748 7
      vertex -32 31.5359 10
      vertex -31.6905 31.3748 10
    endloop
  endfacet
  facet normal 0.461714 0.887029 0
    outer loop
      vertex -32 31.5359 10
      vertex -31.6905 31.3748 7
      vertex -32 31.5359 7
    endloop
  endfacet
  facet normal -0.53732 -0.843378 0
    outer loop
      vertex 32 58.4641 7
      vertex 32.2943 58.2766 10
      vertex 32 58.4641 10
    endloop
  endfacet
  facet normal -0.53732 -0.843378 -0
    outer loop
      vertex 32.2943 58.2766 10
      vertex 32 58.4641 7
      vertex 32.2943 58.2766 7
    endloop
  endfacet
  facet normal 0.887029 -0.461714 0
    outer loop
      vertex -33.6252 56.6905 10
      vertex -33.4641 57 7
      vertex -33.4641 57 10
    endloop
  endfacet
  facet normal 0.887029 -0.461714 0
    outer loop
      vertex -33.4641 57 7
      vertex -33.6252 56.6905 10
      vertex -33.6252 56.6905 7
    endloop
  endfacet
  facet normal -0.953743 0.300624 0
    outer loop
      vertex 33.7588 33.6319 7
      vertex 33.8637 33.9647 10
      vertex 33.8637 33.9647 7
    endloop
  endfacet
  facet normal -0.953743 0.300624 0
    outer loop
      vertex 33.8637 33.9647 10
      vertex 33.7588 33.6319 7
      vertex 33.7588 33.6319 10
    endloop
  endfacet
  facet normal -0.675777 -0.737107 0
    outer loop
      vertex 32.5712 58.0642 7
      vertex 32.8284 57.8284 10
      vertex 32.5712 58.0642 10
    endloop
  endfacet
  facet normal -0.675777 -0.737107 -0
    outer loop
      vertex 32.8284 57.8284 10
      vertex 32.5712 58.0642 7
      vertex 32.8284 57.8284 7
    endloop
  endfacet
  facet normal -0.60863 -0.793454 0
    outer loop
      vertex 32.2943 58.2766 7
      vertex 32.5712 58.0642 10
      vertex 32.2943 58.2766 10
    endloop
  endfacet
  facet normal -0.60863 -0.793454 -0
    outer loop
      vertex 32.5712 58.0642 10
      vertex 32.2943 58.2766 7
      vertex 32.5712 58.0642 7
    endloop
  endfacet
  facet normal 0 0 1
    outer loop
      vertex 30 59 7
      vertex 34 55 7
      vertex 33.9848 55.3486 7
    endloop
  endfacet
  facet normal 0 0 1
    outer loop
      vertex 34 55 7
      vertex 30 59 7
      vertex 34 35 7
    endloop
  endfacet
  facet normal 0 0 1
    outer loop
      vertex 30 59 7
      vertex 33.9848 55.3486 7
      vertex 33.9392 55.6946 7
    endloop
  endfacet
  facet normal 0 0 1
    outer loop
      vertex 30 31 7
      vertex 34 35 7
      vertex 30 59 7
    endloop
  endfacet
  facet normal 0 0 1
    outer loop
      vertex 30 59 7
      vertex 33.9392 55.6946 7
      vertex 33.8637 56.0353 7
    endloop
  endfacet
  facet normal 0 0 1
    outer loop
      vertex 34 35 7
      vertex 30 31 7
      vertex 33.9848 34.6514 7
    endloop
  endfacet
  facet normal 0 0 1
    outer loop
      vertex 30 59 7
      vertex 33.8637 56.0353 7
      vertex 33.7588 56.3681 7
    endloop
  endfacet
  facet normal 0 0 1
    outer loop
      vertex 33.9848 34.6514 7
      vertex 30 31 7
      vertex 33.9392 34.3054 7
    endloop
  endfacet
  facet normal 0 0 1
    outer loop
      vertex 30 59 7
      vertex 33.7588 56.3681 7
      vertex 33.6252 56.6905 7
    endloop
  endfacet
  facet normal 0 0 1
    outer loop
      vertex 33.9392 34.3054 7
      vertex 30 31 7
      vertex 33.8637 33.9647 7
    endloop
  endfacet
  facet normal 0 0 1
    outer loop
      vertex 30 59 7
      vertex 33.6252 56.6905 7
      vertex 33.4641 57 7
    endloop
  endfacet
  facet normal 0 0 1
    outer loop
      vertex 33.8637 33.9647 7
      vertex 30 31 7
      vertex 33.7588 33.6319 7
    endloop
  endfacet
  facet normal 0 0 1
    outer loop
      vertex 30 59 7
      vertex 33.4641 57 7
      vertex 33.2766 57.2943 7
    endloop
  endfacet
  facet normal 0 0 1
    outer loop
      vertex 33.7588 33.6319 7
      vertex 30 31 7
      vertex 33.6252 33.3095 7
    endloop
  endfacet
  facet normal 0 0 1
    outer loop
      vertex 30 59 7
      vertex 33.2766 57.2943 7
      vertex 33.0642 57.5712 7
    endloop
  endfacet
  facet normal 0 0 1
    outer loop
      vertex 33.6252 33.3095 7
      vertex 30 31 7
      vertex 33.4641 33 7
    endloop
  endfacet
  facet normal 0 0 1
    outer loop
      vertex 30 59 7
      vertex 33.0642 57.5712 7
      vertex 32.8284 57.8284 7
    endloop
  endfacet
  facet normal 0 0 1
    outer loop
      vertex 33.4641 33 7
      vertex 30 31 7
      vertex 33.2766 32.7057 7
    endloop
  endfacet
  facet normal 0 0 1
    outer loop
      vertex 30 59 7
      vertex 32.8284 57.8284 7
      vertex 32.5712 58.0642 7
    endloop
  endfacet
  facet normal 0 0 1
    outer loop
      vertex 33.2766 32.7057 7
      vertex 30 31 7
      vertex 33.0642 32.4288 7
    endloop
  endfacet
  facet normal 0 0 1
    outer loop
      vertex 30 59 7
      vertex 32.5712 58.0642 7
      vertex 32.2943 58.2766 7
    endloop
  endfacet
  facet normal 0 0 1
    outer loop
      vertex 33.0642 32.4288 7
      vertex 30 31 7
      vertex 32.8284 32.1716 7
    endloop
  endfacet
  facet normal 0 0 1
    outer loop
      vertex 30 59 7
      vertex 32.2943 58.2766 7
      vertex 32 58.4641 7
    endloop
  endfacet
  facet normal 0 0 1
    outer loop
      vertex 32.8284 32.1716 7
      vertex 30 31 7
      vertex 32.5712 31.9358 7
    endloop
  endfacet
  facet normal 0 0 1
    outer loop
      vertex 30 59 7
      vertex 32 58.4641 7
      vertex 31.6905 58.6252 7
    endloop
  endfacet
  facet normal 0 0 1
    outer loop
      vertex 32.5712 31.9358 7
      vertex 30 31 7
      vertex 32.2943 31.7234 7
    endloop
  endfacet
  facet normal 0 0 1
    outer loop
      vertex 30 59 7
      vertex 31.6905 58.6252 7
      vertex 31.3681 58.7588 7
    endloop
  endfacet
  facet normal 0 0 1
    outer loop
      vertex 32.2943 31.7234 7
      vertex 30 31 7
      vertex 32 31.5359 7
    endloop
  endfacet
  facet normal 0 0 1
    outer loop
      vertex 30 59 7
      vertex 31.3681 58.7588 7
      vertex 31.0353 58.8637 7
    endloop
  endfacet
  facet normal 0 0 1
    outer loop
      vertex 32 31.5359 7
      vertex 30 31 7
      vertex 31.6905 31.3748 7
    endloop
  endfacet
  facet normal 0 0 1
    outer loop
      vertex 30 59 7
      vertex 31.0353 58.8637 7
      vertex 30.6946 58.9392 7
    endloop
  endfacet
  facet normal 0 0 1
    outer loop
      vertex 31.6905 31.3748 7
      vertex 30 31 7
      vertex 31.3681 31.2412 7
    endloop
  endfacet
  facet normal 0 0 1
    outer loop
      vertex 30 59 7
      vertex 30.6946 58.9392 7
      vertex 30.3486 58.9848 7
    endloop
  endfacet
  facet normal 0 0 1
    outer loop
      vertex 31.3681 31.2412 7
      vertex 30 31 7
      vertex 31.0353 31.1363 7
    endloop
  endfacet
  facet normal 0 0 1
    outer loop
      vertex 31.0353 31.1363 7
      vertex 30 31 7
      vertex 30.6946 31.0608 7
    endloop
  endfacet
  facet normal 0 0 1
    outer loop
      vertex 30.6946 31.0608 7
      vertex 30 31 7
      vertex 30.3486 31.0152 7
    endloop
  endfacet
  facet normal -0 0 1
    outer loop
      vertex -30 59 7
      vertex 30 31 7
      vertex 30 59 7
    endloop
  endfacet
  facet normal 0 0 1
    outer loop
      vertex -30 59 7
      vertex -30 31 7
      vertex 30 31 7
    endloop
  endfacet
  facet normal 0 0 1
    outer loop
      vertex -34 55 7
      vertex -30 59 7
      vertex -30.3486 58.9848 7
    endloop
  endfacet
  facet normal 0 0 1
    outer loop
      vertex -30 59 7
      vertex -34 55 7
      vertex -30 31 7
    endloop
  endfacet
  facet normal 0 0 1
    outer loop
      vertex -34 55 7
      vertex -30.3486 58.9848 7
      vertex -30.6946 58.9392 7
    endloop
  endfacet
  facet normal -0 0 1
    outer loop
      vertex -34 35 7
      vertex -30 31 7
      vertex -34 55 7
    endloop
  endfacet
  facet normal 0 0 1
    outer loop
      vertex -34 55 7
      vertex -30.6946 58.9392 7
      vertex -31.0353 58.8637 7
    endloop
  endfacet
  facet normal 0 0 1
    outer loop
      vertex -30 31 7
      vertex -34 35 7
      vertex -30.3486 31.0152 7
    endloop
  endfacet
  facet normal 0 0 1
    outer loop
      vertex -34 55 7
      vertex -31.0353 58.8637 7
      vertex -31.3681 58.7588 7
    endloop
  endfacet
  facet normal 0 0 1
    outer loop
      vertex -30.3486 31.0152 7
      vertex -34 35 7
      vertex -30.6946 31.0608 7
    endloop
  endfacet
  facet normal 0 0 1
    outer loop
      vertex -34 55 7
      vertex -31.3681 58.7588 7
      vertex -31.6905 58.6252 7
    endloop
  endfacet
  facet normal 0 0 1
    outer loop
      vertex -30.6946 31.0608 7
      vertex -34 35 7
      vertex -31.0353 31.1363 7
    endloop
  endfacet
  facet normal 0 0 1
    outer loop
      vertex -34 55 7
      vertex -31.6905 58.6252 7
      vertex -32 58.4641 7
    endloop
  endfacet
  facet normal 0 0 1
    outer loop
      vertex -31.0353 31.1363 7
      vertex -34 35 7
      vertex -31.3681 31.2412 7
    endloop
  endfacet
  facet normal 0 0 1
    outer loop
      vertex -34 55 7
      vertex -32 58.4641 7
      vertex -32.2943 58.2766 7
    endloop
  endfacet
  facet normal 0 0 1
    outer loop
      vertex -31.3681 31.2412 7
      vertex -34 35 7
      vertex -31.6905 31.3748 7
    endloop
  endfacet
  facet normal 0 0 1
    outer loop
      vertex -34 55 7
      vertex -32.2943 58.2766 7
      vertex -32.5712 58.0642 7
    endloop
  endfacet
  facet normal 0 0 1
    outer loop
      vertex -31.6905 31.3748 7
      vertex -34 35 7
      vertex -32 31.5359 7
    endloop
  endfacet
  facet normal 0 0 1
    outer loop
      vertex -34 55 7
      vertex -32.5712 58.0642 7
      vertex -32.8284 57.8284 7
    endloop
  endfacet
  facet normal 0 0 1
    outer loop
      vertex -32 31.5359 7
      vertex -34 35 7
      vertex -32.2943 31.7234 7
    endloop
  endfacet
  facet normal 0 0 1
    outer loop
      vertex -34 55 7
      vertex -32.8284 57.8284 7
      vertex -33.0642 57.5712 7
    endloop
  endfacet
  facet normal 0 0 1
    outer loop
      vertex -32.2943 31.7234 7
      vertex -34 35 7
      vertex -32.5712 31.9358 7
    endloop
  endfacet
  facet normal 0 0 1
    outer loop
      vertex -34 55 7
      vertex -33.0642 57.5712 7
      vertex -33.2766 57.2943 7
    endloop
  endfacet
  facet normal 0 0 1
    outer loop
      vertex -32.5712 31.9358 7
      vertex -34 35 7
      vertex -32.8284 32.1716 7
    endloop
  endfacet
  facet normal 0 0 1
    outer loop
      vertex -34 55 7
      vertex -33.2766 57.2943 7
      vertex -33.4641 57 7
    endloop
  endfacet
  facet normal 0 0 1
    outer loop
      vertex -32.8284 32.1716 7
      vertex -34 35 7
      vertex -33.0642 32.4288 7
    endloop
  endfacet
  facet normal 0 0 1
    outer loop
      vertex -34 55 7
      vertex -33.4641 57 7
      vertex -33.6252 56.6905 7
    endloop
  endfacet
  facet normal 0 0 1
    outer loop
      vertex -33.0642 32.4288 7
      vertex -34 35 7
      vertex -33.2766 32.7057 7
    endloop
  endfacet
  facet normal 0 0 1
    outer loop
      vertex -34 55 7
      vertex -33.6252 56.6905 7
      vertex -33.7588 56.3681 7
    endloop
  endfacet
  facet normal 0 0 1
    outer loop
      vertex -33.2766 32.7057 7
      vertex -34 35 7
      vertex -33.4641 33 7
    endloop
  endfacet
  facet normal 0 0 1
    outer loop
      vertex -34 55 7
      vertex -33.7588 56.3681 7
      vertex -33.8637 56.0353 7
    endloop
  endfacet
  facet normal 0 0 1
    outer loop
      vertex -33.4641 33 7
      vertex -34 35 7
      vertex -33.6252 33.3095 7
    endloop
  endfacet
  facet normal 0 0 1
    outer loop
      vertex -34 55 7
      vertex -33.8637 56.0353 7
      vertex -33.9392 55.6946 7
    endloop
  endfacet
  facet normal 0 0 1
    outer loop
      vertex -33.6252 33.3095 7
      vertex -34 35 7
      vertex -33.7588 33.6319 7
    endloop
  endfacet
  facet normal 0 0 1
    outer loop
      vertex -34 55 7
      vertex -33.9392 55.6946 7
      vertex -33.9848 55.3486 7
    endloop
  endfacet
  facet normal 0 0 1
    outer loop
      vertex -33.7588 33.6319 7
      vertex -34 35 7
      vertex -33.8637 33.9647 7
    endloop
  endfacet
  facet normal 0 0 1
    outer loop
      vertex -33.8637 33.9647 7
      vertex -34 35 7
      vertex -33.9392 34.3054 7
    endloop
  endfacet
  facet normal 0 0 1
    outer loop
      vertex -33.9392 34.3054 7
      vertex -34 35 7
      vertex -33.9848 34.6514 7
    endloop
  endfacet
endsolid OpenSCAD_Model
